[    0.000000] Booting Linux on physical CPU 0x0000000000 [0x610f0000]
[    0.000000] Linux version 7.1.0-rc1+ (@kjit-dev-container) (Ubuntu clang version 18.1.3 (1ubuntu1), Ubuntu LLD 18.1.3) #2 SMP PREEMPT Sat Oct 10 02:41:31 UTC 2026
[    0.000000] random: crng init done
[    0.000000] Machine model: linux,dummy-virt
[    0.000000] OF: reserved mem: Reserved memory: No reserved-memory node in the DT
[    0.000000] KernelAddressSanitizer initialized (generic)
[    0.000000] psci: probing for conduit method from DT.
[    0.000000] psci: PSCIv1.1 detected in firmware.
[    0.000000] psci: Using standard PSCI v0.2 function IDs
[    0.000000] psci: Trusted OS migration not required
[    0.000000] psci: SMC Calling Convention v1.0
[    0.000000] Zone ranges:
[    0.000000]   Normal   [mem 0x0000000040000000-0x000000013fffffff]
[    0.000000] Movable zone start for each node
[    0.000000] Early memory node ranges
[    0.000000]   node   0: [mem 0x0000000040000000-0x000000013fffffff]
[    0.000000] Initmem setup node 0 [mem 0x0000000040000000-0x000000013fffffff]
[    0.000000] percpu: Embedded 29 pages/cpu s79952 r8192 d30640 u118784
[    0.000000] Detected PIPT I-cache on CPU0
[    0.000000] CPU features: detected: Address authentication (IMP DEF algorithm)
[    0.000000] CPU features: detected: Spectre-v4
[    0.000000] CPU features: detected: Spectre-BHB
[    0.000000] alternatives: applying boot alternatives
[    0.000000] Kernel command line: console=ttyAMA0 panic=-1 nokaslr
[    0.000000] Unknown kernel command line parameters "nokaslr", will be passed to user space.
[    0.000000] printk: log buffer data + meta data: 131072 + 458752 = 589824 bytes
[    0.000000] Dentry cache hash table entries: 524288 (order: 10, 4194304 bytes, linear)
[    0.000000] Inode-cache hash table entries: 262144 (order: 9, 2097152 bytes, linear)
[    0.000000] software IO TLB: SWIOTLB bounce buffer size adjusted to 4MB
[    0.000000] software IO TLB: area num 4.
[    0.000000] software IO TLB: mapped [mem 0x000000011a600000-0x000000011aa00000] (4MB)
[    0.000000] Built 1 zonelists, mobility grouping on.  Total pages: 1048576
[    0.000000] mem auto-init: stack:all(zero), heap alloc:off, heap free:off
[    0.000000] stackdepot: allocating hash table via alloc_large_system_hash
[    0.000000] stackdepot hash table entries: 1048576 (order: 12, 16777216 bytes, linear)
[    0.000000] stackdepot: allocating space for 8192 stack pools via memblock
[    0.000000] SLUB: HWalign=64, Order=0-3, MinObjects=0, CPUs=4, Nodes=1
[    0.000000] Running RCU self tests
[    0.000000] Running RCU synchronous self tests
[    0.000000] rcu: Preemptible hierarchical RCU implementation.
[    0.000000] rcu: 	RCU lockdep checking is enabled.
[    0.000000] rcu: 	RCU restricting CPUs from NR_CPUS=512 to nr_cpu_ids=4.
[    0.000000] 	Trampoline variant of Tasks RCU enabled.
[    0.000000] 	Tracing variant of Tasks RCU enabled.
[    0.000000] rcu: RCU calculated value of scheduler-enlistment delay is 25 jiffies.
[    0.000000] rcu: Adjusting geometry for rcu_fanout_leaf=16, nr_cpu_ids=4
[    0.000000] Running RCU synchronous self tests
[    0.000000] RCU Tasks: Setting shift to 2 and lim to 1 rcu_task_cb_adjust=1 rcu_task_cpu_ids=4.
[    0.000000] NR_IRQS: 64, nr_irqs: 64, preallocated irqs: 0
[    0.000000] Root IRQ handler: gic_handle_irq
[    0.000000] GICv2m: range[mem 0x08020000-0x08020fff], SPI[80:143]
[    0.000000] rcu: srcu_init: Setting srcu_struct sizes based on contention.
[    0.000000] arch_timer: cp15 timer running at 24.00MHz (virt).
[    0.000000] clocksource: arch_sys_counter: mask: 0xffffffffffffff max_cycles: 0x588fe9dc0, max_idle_ns: 440795202592 ns
[    0.000000] sched_clock: 56 bits at 24MHz, resolution 41ns, wraps every 4398046511097ns
[    0.000201] Console: colour dummy device 80x25
[    0.000208] Lock dependency validator: Copyright (c) 2006 Red Hat, Inc., Ingo Molnar
[    0.000209] ... MAX_LOCKDEP_SUBCLASSES:  8
[    0.000210] ... MAX_LOCK_DEPTH:          48
[    0.000210] ... MAX_LOCKDEP_KEYS:        8192
[    0.000211] ... CLASSHASH_SIZE:          4096
[    0.000212] ... MAX_LOCKDEP_ENTRIES:     32768
[    0.000213] ... MAX_LOCKDEP_CHAINS:      65536
[    0.000214] ... CHAINHASH_SIZE:          32768
[    0.000215]  memory used by lock dependency info: 6429 kB
[    0.000216]  memory used for stack traces: 16896 kB
[    0.000217]  per task-struct memory footprint: 1920 bytes
[    0.000232] Calibrating delay loop (skipped), value calculated using timer frequency.. 48.00 BogoMIPS (lpj=96000)
[    0.000236] pid_max: default: 32768 minimum: 301
[    0.000806] Mount-cache hash table entries: 8192 (order: 4, 65536 bytes, linear)
[    0.000821] Mountpoint-cache hash table entries: 8192 (order: 4, 65536 bytes, linear)
[    0.001374] VFS: Finished mounting rootfs on nullfs
[    0.002080] Running RCU synchronous self tests
[    0.002084] Running RCU synchronous self tests
[    0.002428] cacheinfo: Unable to detect cache hierarchy for CPU 0
[    0.023291] rcu: Hierarchical SRCU implementation.
[    0.023295] rcu: 	Max phase no-delay instances is 1000.
[    0.023478] Timer migration: 1 hierarchy levels; 8 children per group; 1 crossnode level
[    0.032843] smp: Bringing up secondary CPUs ...
[    0.057088] Detected PIPT I-cache on CPU1
[    0.057211] CPU1: Booted secondary processor 0x0000000001 [0x610f0000]
[    0.080837] Detected PIPT I-cache on CPU2
[    0.080958] CPU2: Booted secondary processor 0x0000000002 [0x610f0000]
[    0.103515] Detected PIPT I-cache on CPU3
[    0.103657] CPU3: Booted secondary processor 0x0000000003 [0x610f0000]
[    0.103900] smp: Brought up 1 node, 4 CPUs
[    0.103906] SMP: Total of 4 processors activated.
[    0.103907] CPU: All CPU(s) started at EL1
[    0.103910] CPU features: detected: ARMv8.4 Translation Table Level
[    0.103911] CPU features: detected: Data cache clean to the PoU not required for I/D coherence
[    0.103912] CPU features: detected: CRC32 instructions
[    0.103912] CPU features: detected: Data independent timing control (DIT)
[    0.103913] CPU features: detected: E0PD
[    0.103915] CPU features: detected: Generic authentication (IMP DEF algorithm)
[    0.103916] CPU features: detected: RCpc load-acquire (LDAPR)
[    0.103917] CPU features: detected: LSE atomic instructions
[    0.103918] CPU features: detected: Privileged Access Never
[    0.103918] CPU features: detected: Speculation barrier (SB)
[    0.103919] CPU features: detected: TLB range maintenance instructions
[    0.103920] CPU features: detected: XNX
[    0.104134] alternatives: applying system-wide alternatives
[    0.106539] Memory: 3321380K/4194304K available (14720K kernel code, 3344K rwdata, 4456K rodata, 832K init, 23997K bss, 867276K reserved, 0K cma-reserved)
[    0.107769] devtmpfs: initialized
[    0.110930] Running RCU synchronous self tests
[    0.110952] Running RCU synchronous self tests
[    0.111109] Running RCU Tasks wait API self tests
[    0.231799] Running RCU Tasks Trace wait API self tests
[    0.232053] clocksource: jiffies: mask: 0xffffffff max_cycles: 0xffffffff, max_idle_ns: 7645041785100000 ns
[    0.232132] posixtimers hash table entries: 2048 (order: 6, 147456 bytes, linear)
[    0.232198] futex hash table entries: 1024 (131072 bytes on 1 NUMA nodes, total 128 KiB, linear).
[    0.232256] 20880 pages in range for non-PLT usage
[    0.232257] 512400 pages in range for PLT usage
[    0.232800] NET: Registered PF_NETLINK/PF_ROUTE protocol family
[    0.233642] DMA: preallocated 512 KiB GFP_KERNEL pool for atomic allocations
[    0.234069] ASID allocator initialised with 256 entries
[    0.234245] Serial: AMBA PL011 UART driver
[    0.237813] 9000000.pl011: ttyAMA0 at MMIO 0x9000000 (irq = 13, base_baud = 0) is a PL011 rev1
[    0.238095] printk: console [ttyAMA0] enabled
[    0.247836] Callback from call_rcu_tasks_trace() invoked.
[    0.253272] vgaarb: loaded
[    0.253557] clocksource: Switched to clocksource arch_sys_counter
[    0.270051] NET: Registered PF_INET protocol family
[    0.270212] IP idents hash table entries: 65536 (order: 7, 524288 bytes, linear)
[    0.270976] tcp_listen_portaddr_hash hash table entries: 2048 (order: 6, 147456 bytes, linear)
[    0.271014] Table-perturb hash table entries: 65536 (order: 6, 262144 bytes, linear)
[    0.271045] TCP established hash table entries: 32768 (order: 6, 262144 bytes, linear)
[    0.271312] TCP bind hash table entries: 32768 (order: 11, 4718592 bytes, vmalloc hugepage)
[    0.272503] TCP: Hash tables configured (established 32768 bind 32768)
[    0.272588] UDP hash table entries: 2048 (order: 7, 524288 bytes, linear)
[    0.272820] NET: Registered PF_UNIX/PF_LOCAL protocol family
[    0.272856] PCI: CLS 0 bytes, default 64
[    0.273057] Unpacking initramfs...
[    0.275199] workingset: timestamp_bits=46 (anon: 42) max_order=20 bucket_order=0 (anon: 0)
[    0.275594] 9p: Installing v9fs 9p2000 file system support
[    0.278300] pci-host-generic 4010000000.pcie: host bridge /pcie@10000000 ranges:
[    0.278319] pci-host-generic 4010000000.pcie:       IO 0x003eff0000..0x003effffff -> 0x0000000000
[    0.278339] pci-host-generic 4010000000.pcie:      MEM 0x0010000000..0x003efeffff -> 0x0010000000
[    0.278345] pci-host-generic 4010000000.pcie:      MEM 0x8000000000..0xffffffffff -> 0x8000000000
[    0.278376] pci-host-generic 4010000000.pcie: Memory resource size exceeds max for 32 bits
[    0.286462] pci-host-generic 4010000000.pcie: ECAM at [mem 0x4010000000-0x401fffffff] for [bus 00-ff]
[    0.286663] pci-host-generic 4010000000.pcie: PCI host bridge to bus 0000:00
[    0.286670] pci_bus 0000:00: root bus resource [bus 00-ff]
[    0.286674] pci_bus 0000:00: root bus resource [io  0x0000-0xffff]
[    0.286676] pci_bus 0000:00: root bus resource [mem 0x10000000-0x3efeffff]
[    0.286678] pci_bus 0000:00: root bus resource [mem 0x8000000000-0xffffffffff]
[    0.286773] pci 0000:00:00.0: [1b36:0008] type 00 class 0x060000 conventional PCI endpoint
[    0.287331] pci 0000:00:01.0: [1af4:1000] type 00 class 0x020000 conventional PCI endpoint
[    0.287665] pci 0000:00:01.0: BAR 0 [io  0x0000-0x001f]
[    0.287674] pci 0000:00:01.0: BAR 1 [mem 0x00000000-0x00000fff]
[    0.287693] pci 0000:00:01.0: BAR 4 [mem 0x00000000-0x00003fff 64bit pref]
[    0.287737] pci 0000:00:01.0: ROM [mem 0x00000000-0x0003ffff pref]
[    0.288225] pci 0000:00:02.0: [1af4:1009] type 00 class 0x000200 conventional PCI endpoint
[    0.288377] pci 0000:00:02.0: BAR 0 [io  0x0000-0x003f]
[    0.288398] pci 0000:00:02.0: BAR 1 [mem 0x00000000-0x00000fff]
[    0.288411] pci 0000:00:02.0: BAR 4 [mem 0x00000000-0x00003fff 64bit pref]
[    0.288906] pci 0000:00:03.0: [1af4:1005] type 00 class 0x00ff00 conventional PCI endpoint
[    0.289146] pci 0000:00:03.0: BAR 0 [io  0x0000-0x001f]
[    0.289154] pci 0000:00:03.0: BAR 1 [mem 0x00000000-0x00000fff]
[    0.289162] pci 0000:00:03.0: BAR 4 [mem 0x00000000-0x00003fff 64bit pref]
[    0.290127] pci 0000:00:01.0: ROM [mem 0x10000000-0x1003ffff pref]: assigned
[    0.290132] pci 0000:00:01.0: BAR 4 [mem 0x8000000000-0x8000003fff 64bit pref]: assigned
[    0.290194] pci 0000:00:02.0: BAR 4 [mem 0x8000004000-0x8000007fff 64bit pref]: assigned
[    0.290294] pci 0000:00:03.0: BAR 4 [mem 0x8000008000-0x800000bfff 64bit pref]: assigned
[    0.290412] pci 0000:00:01.0: BAR 1 [mem 0x10040000-0x10040fff]: assigned
[    0.290452] pci 0000:00:02.0: BAR 1 [mem 0x10041000-0x10041fff]: assigned
[    0.290487] pci 0000:00:03.0: BAR 1 [mem 0x10042000-0x10042fff]: assigned
[    0.290520] pci 0000:00:02.0: BAR 0 [io  0x1000-0x103f]: assigned
[    0.290532] pci 0000:00:01.0: BAR 0 [io  0x1040-0x105f]: assigned
[    0.290559] pci 0000:00:03.0: BAR 0 [io  0x1060-0x107f]: assigned
[    0.290575] pci_bus 0000:00: resource 4 [io  0x0000-0xffff]
[    0.290577] pci_bus 0000:00: resource 5 [mem 0x10000000-0x3efeffff]
[    0.290578] pci_bus 0000:00: resource 6 [mem 0x8000000000-0xffffffffff]
[    0.293201] virtio-pci 0000:00:01.0: enabling device (0000 -> 0003)
[    0.294706] virtio-pci 0000:00:02.0: enabling device (0000 -> 0003)
[    0.295809] virtio-pci 0000:00:03.0: enabling device (0000 -> 0003)
[    0.342063] Callback from call_rcu_tasks() invoked.
[    0.371725] rtc-pl031 9010000.pl031: registered as rtc0
[    0.371778] rtc-pl031 9010000.pl031: setting system clock to 2026-10-10T02:46:58 UTC (1791600418)
[    0.372253] NET: Registered PF_INET6 protocol family
[    0.373295] Segment Routing with IPv6
[    0.373342] In-situ OAM (IOAM) with IPv6
[    0.373373] sit: IPv6, IPv4 and MPLS over IPv4 tunneling driver
[    0.373955] NET: Registered PF_PACKET protocol family
[    0.373978] 9pnet: Installing 9P2000 support
[    0.395976] clk: Disabling unused clocks
[    0.552908] Freeing initrd memory: 186348K
[    0.553691] Freeing unused kernel memory: 832K
[    0.553767] Run /init as init process
[    0.596927] kjit: loading out-of-tree module taints kernel.
[    0.599579] rust_kjit: ######## Rust KJIT inits ########
[    0.599921] rust_kjit: golden tests/arm64/toy_cfg.s:hot_svc_mark PASS: 844 fragment bytes match harness
kjit-init: insmod kjit.ko ok
[    0.668694] kjit: translate_svc_sites pid 74: 2 text ranges, 111 svc sites
[    0.866446] kjit: translate_svc_sites pid 75: 2 text ranges, 111 svc sites
k2:   toy_loop: in_kernel=199951 entries=199988 exit_mem=0 exit_budget=0 exit_unsupported=0 fpsimd_entries=0 fpsimd_preempted=0 fpsimd_exit_mem=0
k2:   toy_loop: 199951 of 200000 syscalls in kernel (99.98%)
[    1.007249] kjit: translate_svc_sites pid 82: 2 text ranges, 113 svc sites
[    1.134909] kjit: translate_svc_sites pid 83: 2 text ranges, 113 svc sites
k2:   mem_loop: in_kernel=40000 entries=60036 exit_mem=0 exit_budget=0 exit_unsupported=19999 fpsimd_entries=0 fpsimd_preempted=0 fpsimd_exit_mem=0
[    1.257765] kjit: translate_svc_sites pid 90: 2 text ranges, 110 svc sites
[    1.334798] kjit: translate_svc_sites pid 91: 2 text ranges, 110 svc sites
[    1.423372] kjit: translate_svc_sites pid 101: 2 text ranges, 110 svc sites
[    1.505433] kjit: translate_svc_sites pid 102: 2 text ranges, 110 svc sites
[    1.595572] kjit: translate_svc_sites pid 112: 2 text ranges, 110 svc sites
[    1.675255] kjit: translate_svc_sites pid 113: 2 text ranges, 110 svc sites
[    1.761125] kjit: translate_svc_sites pid 123: 2 text ranges, 114 svc sites
[    1.821813] kjit: translate_svc_sites pid 124: 2 text ranges, 114 svc sites
[    1.920397] kjit: translate_svc_sites pid 125: 2 text ranges, 114 svc sites
[    1.980538] kjit: translate_svc_sites pid 126: 2 text ranges, 114 svc sites
[    2.091121] kjit: translate_svc_sites pid 134: 2 text ranges, 110 svc sites
[    2.183079] kjit: translate_svc_sites pid 135: 2 text ranges, 110 svc sites
k2:   tight_loop: in_kernel=0 entries=2036 exit_mem=0 exit_budget=2000 exit_unsupported=0 fpsimd_entries=0 fpsimd_preempted=0 fpsimd_exit_mem=0
[    2.288627] kjit: translate_svc_sites pid 140: 2 text ranges, 110 svc sites
[    2.289254] rust_kjit: kjit: pc 0x400be8: installed 532 bytes, 0 fault sites, 2 entries, text 0x400be8..0x400bf0, fpsimd false
[    2.290361] rust_kjit: kjit: pc 0x400bcc: installed 1104 bytes, 1 fault sites, 11 entries, text 0x400bbc..0x400be8, fpsimd false
[    2.380414] kjit: translate_svc_sites pid 141: 2 text ranges, 110 svc sites
[    2.381150] rust_kjit: kjit: pc 0x400be8: installed 532 bytes, 0 fault sites, 2 entries, text 0x400be8..0x400bf0, fpsimd false
[    2.382058] rust_kjit: kjit: pc 0x400bcc: installed 1104 bytes, 1 fault sites, 11 entries, text 0x400bbc..0x400be8, fpsimd false
k2:   call_loop: in_kernel=0 entries=2046 exit_mem=0 exit_budget=2000 exit_unsupported=0 fpsimd_entries=0 fpsimd_preempted=0 fpsimd_exit_mem=0
k2:   call_loop: exit_budget=2000 run_declined=0 outer=2000
[    2.506528] kjit: translate_svc_sites pid 148: 3 text ranges, 110 svc sites
[    2.507003] rust_kjit: kjit: pc 0x1000000: installed 532 bytes, 0 fault sites, 2 entries, text 0x1000000..0x1000008, fpsimd false
[    2.507643] rust_kjit: kjit: pc 0x1400000: installed 532 bytes, 0 fault sites, 2 entries, text 0x1400000..0x1400008, fpsimd false
[    2.508445] rust_kjit: kjit: pc 0x1800000: installed 532 bytes, 0 fault sites, 2 entries, text 0x1800000..0x1800008, fpsimd false
[    2.509433] rust_kjit: kjit: pc 0xc00034: installed 1108 bytes, 1 fault sites, 15 entries, text 0xc00024..0xc00060, fpsimd false
[    2.623256] kjit: translate_svc_sites pid 149: 3 text ranges, 110 svc sites
[    2.623755] rust_kjit: kjit: pc 0x1000000: installed 532 bytes, 0 fault sites, 2 entries, text 0x1000000..0x1000008, fpsimd false
[    2.624437] rust_kjit: kjit: pc 0x1400000: installed 532 bytes, 0 fault sites, 2 entries, text 0x1400000..0x1400008, fpsimd false
[    2.625034] rust_kjit: kjit: pc 0x1800000: installed 532 bytes, 0 fault sites, 2 entries, text 0x1800000..0x1800008, fpsimd false
[    2.625709] rust_kjit: kjit: pc 0xc00034: installed 1108 bytes, 1 fault sites, 15 entries, text 0xc00024..0xc00060, fpsimd false
k2:   alias_loop: in_kernel=0 entries=2048060 exit_mem=0 exit_budget=0 exit_unsupported=0 fpsimd_entries=0 fpsimd_preempted=0 fpsimd_exit_mem=0
k2:   alias_loop: chain_cap=2000 run_declined=0 chain_max=1024 chain_budget=1024 ibtc_replace=8183990
[    3.282752] kjit: translate_svc_sites pid 158: 3 text ranges, 164 svc sites
[    3.284130] rust_kjit: kjit: pc 0x400f90: installed 1024 bytes, 0 fault sites, 11 entries, text 0x400f80..0x400fac, fpsimd false
[    3.285247] rust_kjit: kjit: pc 0xffffb83b7000: installed 532 bytes, 0 fault sites, 2 entries, text 0xffffb83b7000..0xffffb83b7008, fpsimd false
[    3.288436] rust_kjit: kjit: pc 0xffffb83b7000: installed 532 bytes, 0 fault sites, 2 entries, text 0xffffb83b7000..0xffffb83b7008, fpsimd false
[    3.290326] rust_kjit: kjit: pc 0xffffb83b7000: installed 532 bytes, 0 fault sites, 2 entries, text 0xffffb83b7000..0xffffb83b7008, fpsimd false
[    3.292555] rust_kjit: kjit: pc 0xffffb83b7000: installed 532 bytes, 0 fault sites, 2 entries, text 0xffffb83b7000..0xffffb83b7008, fpsimd false
[    3.295962] rust_kjit: kjit: pc 0xffffb83b7000: installed 532 bytes, 0 fault sites, 2 entries, text 0xffffb83b7000..0xffffb83b7008, fpsimd false
[    3.298308] rust_kjit: kjit: pc 0xffffb83b7000: installed 532 bytes, 0 fault sites, 2 entries, text 0xffffb83b7000..0xffffb83b7008, fpsimd false
[    3.301411] rust_kjit: kjit: pc 0xffffb83b7000: installed 532 bytes, 0 fault sites, 2 entries, text 0xffffb83b7000..0xffffb83b7008, fpsimd false
[    3.306001] rust_kjit: kjit: pc 0xffffb83b7000: installed 532 bytes, 0 fault sites, 2 entries, text 0xffffb83b7000..0xffffb83b7008, fpsimd false
[    3.308245] rust_kjit: kjit: pc 0xffffb83b7000: installed 532 bytes, 0 fault sites, 2 entries, text 0xffffb83b7000..0xffffb83b7008, fpsimd false
[    3.310885] rust_kjit: kjit: pc 0xffffb83b7000: installed 532 bytes, 0 fault sites, 2 entries, text 0xffffb83b7000..0xffffb83b7008, fpsimd false
[    3.312726] rust_kjit: kjit: pc 0xffffb83b7000: installed 532 bytes, 0 fault sites, 2 entries, text 0xffffb83b7000..0xffffb83b7008, fpsimd false
[    3.316292] rust_kjit: kjit: pc 0xffffb83b7000: installed 532 bytes, 0 fault sites, 2 entries, text 0xffffb83b7000..0xffffb83b7008, fpsimd false
[    3.318461] rust_kjit: kjit: pc 0xffffb83b7000: installed 532 bytes, 0 fault sites, 2 entries, text 0xffffb83b7000..0xffffb83b7008, fpsimd false
[    3.320620] rust_kjit: kjit: pc 0xffffb83b7000: installed 532 bytes, 0 fault sites, 2 entries, text 0xffffb83b7000..0xffffb83b7008, fpsimd false
[    3.322357] rust_kjit: kjit: pc 0xffffb83b7000: installed 532 bytes, 0 fault sites, 2 entries, text 0xffffb83b7000..0xffffb83b7008, fpsimd false
[    3.325024] rust_kjit: kjit: pc 0xffffb83b7000: installed 532 bytes, 0 fault sites, 2 entries, text 0xffffb83b7000..0xffffb83b7008, fpsimd false
[    3.326661] rust_kjit: kjit: pc 0xffffb83b7000: installed 532 bytes, 0 fault sites, 2 entries, text 0xffffb83b7000..0xffffb83b7008, fpsimd false
[    3.328535] rust_kjit: kjit: pc 0xffffb83b7000: installed 532 bytes, 0 fault sites, 2 entries, text 0xffffb83b7000..0xffffb83b7008, fpsimd false
[    3.331112] rust_kjit: kjit: pc 0xffffb83b7000: installed 532 bytes, 0 fault sites, 2 entries, text 0xffffb83b7000..0xffffb83b7008, fpsimd false
[    3.334058] rust_kjit: kjit: pc 0xffffb83b7000: installed 532 bytes, 0 fault sites, 2 entries, text 0xffffb83b7000..0xffffb83b7008, fpsimd false
[    3.336609] rust_kjit: kjit: pc 0xffffb83b7000: installed 532 bytes, 0 fault sites, 2 entries, text 0xffffb83b7000..0xffffb83b7008, fpsimd false
[    3.341776] rust_kjit: kjit: pc 0xffffb83b7000: installed 532 bytes, 0 fault sites, 2 entries, text 0xffffb83b7000..0xffffb83b7008, fpsimd false
[    3.344185] rust_kjit: kjit: pc 0xffffb83b7000: installed 532 bytes, 0 fault sites, 2 entries, text 0xffffb83b7000..0xffffb83b7008, fpsimd false
[    3.351659] rust_kjit: kjit: pc 0xffffb83b7000: installed 532 bytes, 0 fault sites, 2 entries, text 0xffffb83b7000..0xffffb83b7008, fpsimd false
[    3.359808] rust_kjit: kjit: pc 0xffffb83b7000: installed 532 bytes, 0 fault sites, 2 entries, text 0xffffb83b7000..0xffffb83b7008, fpsimd false
[    3.362412] rust_kjit: kjit: pc 0xffffb83b7000: installed 532 bytes, 0 fault sites, 2 entries, text 0xffffb83b7000..0xffffb83b7008, fpsimd false
[    3.364463] rust_kjit: kjit: pc 0xffffb83b7000: installed 532 bytes, 0 fault sites, 2 entries, text 0xffffb83b7000..0xffffb83b7008, fpsimd false
[    3.366993] rust_kjit: kjit: pc 0xffffb83b7000: installed 532 bytes, 0 fault sites, 2 entries, text 0xffffb83b7000..0xffffb83b7008, fpsimd false
[    3.368804] rust_kjit: kjit: pc 0xffffb83b7000: installed 532 bytes, 0 fault sites, 2 entries, text 0xffffb83b7000..0xffffb83b7008, fpsimd false
[    3.372191] rust_kjit: kjit: pc 0xffffb83b7000: installed 532 bytes, 0 fault sites, 2 entries, text 0xffffb83b7000..0xffffb83b7008, fpsimd false
[    3.376697] rust_kjit: kjit: pc 0xffffb83b7000: installed 532 bytes, 0 fault sites, 2 entries, text 0xffffb83b7000..0xffffb83b7008, fpsimd false
[    3.380223] rust_kjit: kjit: pc 0xffffb83b7000: installed 532 bytes, 0 fault sites, 2 entries, text 0xffffb83b7000..0xffffb83b7008, fpsimd false
[    3.381540] rust_kjit: kjit: pc 0xffffb83b7000: installed 532 bytes, 0 fault sites, 2 entries, text 0xffffb83b7000..0xffffb83b7008, fpsimd false
[    3.384370] rust_kjit: kjit: pc 0xffffb83b7000: installed 532 bytes, 0 fault sites, 2 entries, text 0xffffb83b7000..0xffffb83b7008, fpsimd false
[    3.388359] rust_kjit: kjit: pc 0xffffb83b7000: installed 532 bytes, 0 fault sites, 2 entries, text 0xffffb83b7000..0xffffb83b7008, fpsimd false
[    3.390424] rust_kjit: kjit: pc 0xffffb83b7000: installed 532 bytes, 0 fault sites, 2 entries, text 0xffffb83b7000..0xffffb83b7008, fpsimd false
[    3.392696] rust_kjit: kjit: pc 0xffffb83b7000: installed 532 bytes, 0 fault sites, 2 entries, text 0xffffb83b7000..0xffffb83b7008, fpsimd false
[    3.396248] rust_kjit: kjit: pc 0xffffb83b7000: installed 532 bytes, 0 fault sites, 2 entries, text 0xffffb83b7000..0xffffb83b7008, fpsimd false
[    3.398388] rust_kjit: kjit: pc 0xffffb83b7000: installed 532 bytes, 0 fault sites, 2 entries, text 0xffffb83b7000..0xffffb83b7008, fpsimd false
[    3.401239] rust_kjit: kjit: pc 0xffffb83b7000: installed 532 bytes, 0 fault sites, 2 entries, text 0xffffb83b7000..0xffffb83b7008, fpsimd false
[    3.406800] rust_kjit: kjit: pc 0xffffb83b7000: installed 532 bytes, 0 fault sites, 2 entries, text 0xffffb83b7000..0xffffb83b7008, fpsimd false
[    3.410960] rust_kjit: kjit: pc 0xffffb83b7000: installed 532 bytes, 0 fault sites, 2 entries, text 0xffffb83b7000..0xffffb83b7008, fpsimd false
[    3.412480] rust_kjit: kjit: pc 0xffffb83b7000: installed 532 bytes, 0 fault sites, 2 entries, text 0xffffb83b7000..0xffffb83b7008, fpsimd false
[    3.414816] rust_kjit: kjit: pc 0xffffb83b7000: installed 532 bytes, 0 fault sites, 2 entries, text 0xffffb83b7000..0xffffb83b7008, fpsimd false
[    3.416889] rust_kjit: kjit: pc 0xffffb83b7000: installed 532 bytes, 0 fault sites, 2 entries, text 0xffffb83b7000..0xffffb83b7008, fpsimd false
[    3.419050] rust_kjit: kjit: pc 0xffffb83b7000: installed 532 bytes, 0 fault sites, 2 entries, text 0xffffb83b7000..0xffffb83b7008, fpsimd false
[    3.421207] rust_kjit: kjit: pc 0xffffb83b7000: installed 532 bytes, 0 fault sites, 2 entries, text 0xffffb83b7000..0xffffb83b7008, fpsimd false
[    3.424421] rust_kjit: kjit: pc 0xffffb83b7000: installed 532 bytes, 0 fault sites, 2 entries, text 0xffffb83b7000..0xffffb83b7008, fpsimd false
[    3.426264] rust_kjit: kjit: pc 0xffffb83b7000: installed 532 bytes, 0 fault sites, 2 entries, text 0xffffb83b7000..0xffffb83b7008, fpsimd false
[    3.428867] rust_kjit: kjit: pc 0xffffb83b7000: installed 532 bytes, 0 fault sites, 2 entries, text 0xffffb83b7000..0xffffb83b7008, fpsimd false
[    3.432411] rust_kjit: kjit: pc 0xffffb83b7000: installed 532 bytes, 0 fault sites, 2 entries, text 0xffffb83b7000..0xffffb83b7008, fpsimd false
[    3.438395] rust_kjit: kjit: pc 0xffffb83b7000: installed 532 bytes, 0 fault sites, 2 entries, text 0xffffb83b7000..0xffffb83b7008, fpsimd false
[    3.442539] rust_kjit: kjit: pc 0xffffb83b7000: installed 532 bytes, 0 fault sites, 2 entries, text 0xffffb83b7000..0xffffb83b7008, fpsimd false
[    3.444895] rust_kjit: kjit: pc 0xffffb83b7000: installed 532 bytes, 0 fault sites, 2 entries, text 0xffffb83b7000..0xffffb83b7008, fpsimd false
[    3.449535] rust_kjit: kjit: pc 0xffffb83b7000: installed 532 bytes, 0 fault sites, 2 entries, text 0xffffb83b7000..0xffffb83b7008, fpsimd false
[    3.452788] rust_kjit: kjit: pc 0xffffb83b7000: installed 532 bytes, 0 fault sites, 2 entries, text 0xffffb83b7000..0xffffb83b7008, fpsimd false
[    3.455310] rust_kjit: kjit: pc 0xffffb83b7000: installed 532 bytes, 0 fault sites, 2 entries, text 0xffffb83b7000..0xffffb83b7008, fpsimd false
[    3.457848] rust_kjit: kjit: pc 0xffffb83b7000: installed 532 bytes, 0 fault sites, 2 entries, text 0xffffb83b7000..0xffffb83b7008, fpsimd false
[    3.459904] rust_kjit: kjit: pc 0xffffb83b7000: installed 532 bytes, 0 fault sites, 2 entries, text 0xffffb83b7000..0xffffb83b7008, fpsimd false
[    3.462292] rust_kjit: kjit: pc 0xffffb83b7000: installed 532 bytes, 0 fault sites, 2 entries, text 0xffffb83b7000..0xffffb83b7008, fpsimd false
[    3.465145] rust_kjit: kjit: pc 0xffffb83b7000: installed 532 bytes, 0 fault sites, 2 entries, text 0xffffb83b7000..0xffffb83b7008, fpsimd false
[    3.467068] rust_kjit: kjit: pc 0xffffb83b7000: installed 532 bytes, 0 fault sites, 2 entries, text 0xffffb83b7000..0xffffb83b7008, fpsimd false
[    3.469108] rust_kjit: kjit: pc 0xffffb83b7000: installed 532 bytes, 0 fault sites, 2 entries, text 0xffffb83b7000..0xffffb83b7008, fpsimd false
[    3.471826] rust_kjit: kjit: pc 0xffffb83b7000: installed 532 bytes, 0 fault sites, 2 entries, text 0xffffb83b7000..0xffffb83b7008, fpsimd false
[    3.474862] rust_kjit: kjit: pc 0xffffb83b7000: installed 532 bytes, 0 fault sites, 2 entries, text 0xffffb83b7000..0xffffb83b7008, fpsimd false
[    3.476326] rust_kjit: kjit: pc 0xffffb83b7000: installed 532 bytes, 0 fault sites, 2 entries, text 0xffffb83b7000..0xffffb83b7008, fpsimd false
[    3.479768] rust_kjit: kjit: pc 0xffffb83b7000: installed 532 bytes, 0 fault sites, 2 entries, text 0xffffb83b7000..0xffffb83b7008, fpsimd false
[    3.482624] rust_kjit: kjit: pc 0xffffb83b7000: installed 532 bytes, 0 fault sites, 2 entries, text 0xffffb83b7000..0xffffb83b7008, fpsimd false
[    3.484385] rust_kjit: kjit: pc 0xffffb83b7000: installed 532 bytes, 0 fault sites, 2 entries, text 0xffffb83b7000..0xffffb83b7008, fpsimd false
[    3.487960] rust_kjit: kjit: pc 0xffffb83b7000: installed 532 bytes, 0 fault sites, 2 entries, text 0xffffb83b7000..0xffffb83b7008, fpsimd false
[    3.491956] rust_kjit: kjit: pc 0xffffb83b7000: installed 532 bytes, 0 fault sites, 2 entries, text 0xffffb83b7000..0xffffb83b7008, fpsimd false
[    3.493733] rust_kjit: kjit: pc 0xffffb83b7000: installed 532 bytes, 0 fault sites, 2 entries, text 0xffffb83b7000..0xffffb83b7008, fpsimd false
[    3.495901] rust_kjit: kjit: pc 0xffffb83b7000: installed 532 bytes, 0 fault sites, 2 entries, text 0xffffb83b7000..0xffffb83b7008, fpsimd false
[    3.498504] rust_kjit: kjit: pc 0xffffb83b7000: installed 532 bytes, 0 fault sites, 2 entries, text 0xffffb83b7000..0xffffb83b7008, fpsimd false
[    3.499910] rust_kjit: kjit: pc 0xffffb83b7000: installed 532 bytes, 0 fault sites, 2 entries, text 0xffffb83b7000..0xffffb83b7008, fpsimd false
[    3.502040] rust_kjit: kjit: pc 0xffffb83b7000: installed 532 bytes, 0 fault sites, 2 entries, text 0xffffb83b7000..0xffffb83b7008, fpsimd false
[    3.504548] rust_kjit: kjit: pc 0xffffb83b7000: installed 532 bytes, 0 fault sites, 2 entries, text 0xffffb83b7000..0xffffb83b7008, fpsimd false
[    3.506564] rust_kjit: kjit: pc 0xffffb83b7000: installed 532 bytes, 0 fault sites, 2 entries, text 0xffffb83b7000..0xffffb83b7008, fpsimd false
[    3.508004] rust_kjit: kjit: pc 0xffffb83b7000: installed 532 bytes, 0 fault sites, 2 entries, text 0xffffb83b7000..0xffffb83b7008, fpsimd false
[    3.510244] rust_kjit: kjit: pc 0xffffb83b7000: installed 532 bytes, 0 fault sites, 2 entries, text 0xffffb83b7000..0xffffb83b7008, fpsimd false
[    3.513127] rust_kjit: kjit: pc 0xffffb83b7000: installed 532 bytes, 0 fault sites, 2 entries, text 0xffffb83b7000..0xffffb83b7008, fpsimd false
[    3.515040] rust_kjit: kjit: pc 0xffffb83b7000: installed 532 bytes, 0 fault sites, 2 entries, text 0xffffb83b7000..0xffffb83b7008, fpsimd false
[    3.517032] rust_kjit: kjit: pc 0xffffb83b7000: installed 532 bytes, 0 fault sites, 2 entries, text 0xffffb83b7000..0xffffb83b7008, fpsimd false
[    3.519420] rust_kjit: kjit: pc 0xffffb83b7000: installed 532 bytes, 0 fault sites, 2 entries, text 0xffffb83b7000..0xffffb83b7008, fpsimd false
[    3.521735] rust_kjit: kjit: pc 0xffffb83b7000: installed 532 bytes, 0 fault sites, 2 entries, text 0xffffb83b7000..0xffffb83b7008, fpsimd false
[    3.523618] rust_kjit: kjit: pc 0xffffb83b7000: installed 532 bytes, 0 fault sites, 2 entries, text 0xffffb83b7000..0xffffb83b7008, fpsimd false
[    3.526026] rust_kjit: kjit: pc 0xffffb83b7000: installed 532 bytes, 0 fault sites, 2 entries, text 0xffffb83b7000..0xffffb83b7008, fpsimd false
[    3.528112] rust_kjit: kjit: pc 0xffffb83b7000: installed 532 bytes, 0 fault sites, 2 entries, text 0xffffb83b7000..0xffffb83b7008, fpsimd false
[    3.530560] rust_kjit: kjit: pc 0xffffb83b7000: installed 532 bytes, 0 fault sites, 2 entries, text 0xffffb83b7000..0xffffb83b7008, fpsimd false
[    3.532086] rust_kjit: kjit: pc 0xffffb83b7000: installed 532 bytes, 0 fault sites, 2 entries, text 0xffffb83b7000..0xffffb83b7008, fpsimd false
[    3.533995] rust_kjit: kjit: pc 0xffffb83b7000: installed 532 bytes, 0 fault sites, 2 entries, text 0xffffb83b7000..0xffffb83b7008, fpsimd false
[    3.535978] rust_kjit: kjit: pc 0xffffb83b7000: installed 532 bytes, 0 fault sites, 2 entries, text 0xffffb83b7000..0xffffb83b7008, fpsimd false
[    3.537985] rust_kjit: kjit: pc 0xffffb83b7000: installed 532 bytes, 0 fault sites, 2 entries, text 0xffffb83b7000..0xffffb83b7008, fpsimd false
[    3.539300] rust_kjit: kjit: pc 0xffffb83b7000: installed 532 bytes, 0 fault sites, 2 entries, text 0xffffb83b7000..0xffffb83b7008, fpsimd false
[    3.541528] rust_kjit: kjit: pc 0xffffb83b7000: installed 532 bytes, 0 fault sites, 2 entries, text 0xffffb83b7000..0xffffb83b7008, fpsimd false
[    3.543681] rust_kjit: kjit: pc 0xffffb83b7000: installed 532 bytes, 0 fault sites, 2 entries, text 0xffffb83b7000..0xffffb83b7008, fpsimd false
[    3.546201] rust_kjit: kjit: pc 0xffffb83b7000: installed 532 bytes, 0 fault sites, 2 entries, text 0xffffb83b7000..0xffffb83b7008, fpsimd false
[    3.548186] rust_kjit: kjit: pc 0xffffb83b7000: installed 532 bytes, 0 fault sites, 2 entries, text 0xffffb83b7000..0xffffb83b7008, fpsimd false
[    3.549974] rust_kjit: kjit: pc 0xffffb83b7000: installed 532 bytes, 0 fault sites, 2 entries, text 0xffffb83b7000..0xffffb83b7008, fpsimd false
[    3.551846] rust_kjit: kjit: pc 0xffffb83b7000: installed 532 bytes, 0 fault sites, 2 entries, text 0xffffb83b7000..0xffffb83b7008, fpsimd false
[    3.554080] rust_kjit: kjit: pc 0xffffb83b7000: installed 532 bytes, 0 fault sites, 2 entries, text 0xffffb83b7000..0xffffb83b7008, fpsimd false
[    3.556225] rust_kjit: kjit: pc 0xffffb83b7000: installed 532 bytes, 0 fault sites, 2 entries, text 0xffffb83b7000..0xffffb83b7008, fpsimd false
[    3.558078] rust_kjit: kjit: pc 0xffffb83b7000: installed 532 bytes, 0 fault sites, 2 entries, text 0xffffb83b7000..0xffffb83b7008, fpsimd false
[    3.560009] rust_kjit: kjit: pc 0xffffb83b7000: installed 532 bytes, 0 fault sites, 2 entries, text 0xffffb83b7000..0xffffb83b7008, fpsimd false
[    3.562569] rust_kjit: kjit: pc 0xffffb83b7000: installed 532 bytes, 0 fault sites, 2 entries, text 0xffffb83b7000..0xffffb83b7008, fpsimd false
[    3.564806] rust_kjit: kjit: pc 0xffffb83b7000: installed 532 bytes, 0 fault sites, 2 entries, text 0xffffb83b7000..0xffffb83b7008, fpsimd false
[    3.566688] rust_kjit: kjit: pc 0xffffb83b7000: installed 532 bytes, 0 fault sites, 2 entries, text 0xffffb83b7000..0xffffb83b7008, fpsimd false
[    3.568483] rust_kjit: kjit: pc 0xffffb83b7000: installed 532 bytes, 0 fault sites, 2 entries, text 0xffffb83b7000..0xffffb83b7008, fpsimd false
[    3.570184] rust_kjit: kjit: pc 0xffffb83b7000: installed 532 bytes, 0 fault sites, 2 entries, text 0xffffb83b7000..0xffffb83b7008, fpsimd false
[    3.572562] rust_kjit: kjit: pc 0xffffb83b7000: installed 532 bytes, 0 fault sites, 2 entries, text 0xffffb83b7000..0xffffb83b7008, fpsimd false
[    3.574508] rust_kjit: kjit: pc 0xffffb83b7000: installed 532 bytes, 0 fault sites, 2 entries, text 0xffffb83b7000..0xffffb83b7008, fpsimd false
[    3.576552] rust_kjit: kjit: pc 0xffffb83b7000: installed 532 bytes, 0 fault sites, 2 entries, text 0xffffb83b7000..0xffffb83b7008, fpsimd false
[    3.578136] rust_kjit: kjit: pc 0xffffb83b7000: installed 532 bytes, 0 fault sites, 2 entries, text 0xffffb83b7000..0xffffb83b7008, fpsimd false
[    3.580066] rust_kjit: kjit: pc 0xffffb83b7000: installed 532 bytes, 0 fault sites, 2 entries, text 0xffffb83b7000..0xffffb83b7008, fpsimd false
[    3.581894] rust_kjit: kjit: pc 0xffffb83b7000: installed 532 bytes, 0 fault sites, 2 entries, text 0xffffb83b7000..0xffffb83b7008, fpsimd false
[    3.583802] rust_kjit: kjit: pc 0xffffb83b7000: installed 532 bytes, 0 fault sites, 2 entries, text 0xffffb83b7000..0xffffb83b7008, fpsimd false
[    3.585999] rust_kjit: kjit: pc 0xffffb83b7000: installed 532 bytes, 0 fault sites, 2 entries, text 0xffffb83b7000..0xffffb83b7008, fpsimd false
[    3.587483] rust_kjit: kjit: pc 0xffffb83b7000: installed 532 bytes, 0 fault sites, 2 entries, text 0xffffb83b7000..0xffffb83b7008, fpsimd false
[    3.589379] rust_kjit: kjit: pc 0xffffb83b7000: installed 532 bytes, 0 fault sites, 2 entries, text 0xffffb83b7000..0xffffb83b7008, fpsimd false
[    3.591493] rust_kjit: kjit: pc 0xffffb83b7000: installed 532 bytes, 0 fault sites, 2 entries, text 0xffffb83b7000..0xffffb83b7008, fpsimd false
[    3.593489] rust_kjit: kjit: pc 0xffffb83b7000: installed 532 bytes, 0 fault sites, 2 entries, text 0xffffb83b7000..0xffffb83b7008, fpsimd false
[    3.595733] rust_kjit: kjit: pc 0xffffb83b7000: installed 532 bytes, 0 fault sites, 2 entries, text 0xffffb83b7000..0xffffb83b7008, fpsimd false
[    3.597222] rust_kjit: kjit: pc 0xffffb83b7000: installed 532 bytes, 0 fault sites, 2 entries, text 0xffffb83b7000..0xffffb83b7008, fpsimd false
[    3.599205] rust_kjit: kjit: pc 0xffffb83b7000: installed 532 bytes, 0 fault sites, 2 entries, text 0xffffb83b7000..0xffffb83b7008, fpsimd false
[    3.600968] rust_kjit: kjit: pc 0xffffb83b7000: installed 532 bytes, 0 fault sites, 2 entries, text 0xffffb83b7000..0xffffb83b7008, fpsimd false
[    3.602674] rust_kjit: kjit: pc 0xffffb83b7000: installed 532 bytes, 0 fault sites, 2 entries, text 0xffffb83b7000..0xffffb83b7008, fpsimd false
[    3.604886] rust_kjit: kjit: pc 0xffffb83b7000: installed 532 bytes, 0 fault sites, 2 entries, text 0xffffb83b7000..0xffffb83b7008, fpsimd false
[    3.606839] rust_kjit: kjit: pc 0xffffb83b7000: installed 532 bytes, 0 fault sites, 2 entries, text 0xffffb83b7000..0xffffb83b7008, fpsimd false
[    3.608753] rust_kjit: kjit: pc 0xffffb83b7000: installed 532 bytes, 0 fault sites, 2 entries, text 0xffffb83b7000..0xffffb83b7008, fpsimd false
[    3.610225] rust_kjit: kjit: pc 0xffffb83b7000: installed 532 bytes, 0 fault sites, 2 entries, text 0xffffb83b7000..0xffffb83b7008, fpsimd false
[    3.612822] rust_kjit: kjit: pc 0xffffb83b7000: installed 532 bytes, 0 fault sites, 2 entries, text 0xffffb83b7000..0xffffb83b7008, fpsimd false
[    3.615261] rust_kjit: kjit: pc 0xffffb83b7000: installed 532 bytes, 0 fault sites, 2 entries, text 0xffffb83b7000..0xffffb83b7008, fpsimd false
[    3.616618] rust_kjit: kjit: pc 0xffffb83b7000: installed 532 bytes, 0 fault sites, 2 entries, text 0xffffb83b7000..0xffffb83b7008, fpsimd false
[    3.618456] rust_kjit: kjit: pc 0xffffb83b7000: installed 532 bytes, 0 fault sites, 2 entries, text 0xffffb83b7000..0xffffb83b7008, fpsimd false
[    3.620165] rust_kjit: kjit: pc 0xffffb83b7000: installed 532 bytes, 0 fault sites, 2 entries, text 0xffffb83b7000..0xffffb83b7008, fpsimd false
[    3.622806] rust_kjit: kjit: pc 0xffffb83b7000: installed 532 bytes, 0 fault sites, 2 entries, text 0xffffb83b7000..0xffffb83b7008, fpsimd false
[    3.624317] rust_kjit: kjit: pc 0xffffb83b7000: installed 532 bytes, 0 fault sites, 2 entries, text 0xffffb83b7000..0xffffb83b7008, fpsimd false
[    3.626152] rust_kjit: kjit: pc 0xffffb83b7000: installed 532 bytes, 0 fault sites, 2 entries, text 0xffffb83b7000..0xffffb83b7008, fpsimd false
[    3.629176] rust_kjit: kjit: pc 0xffffb83b7000: installed 532 bytes, 0 fault sites, 2 entries, text 0xffffb83b7000..0xffffb83b7008, fpsimd false
[    3.631148] rust_kjit: kjit: pc 0xffffb83b7000: installed 532 bytes, 0 fault sites, 2 entries, text 0xffffb83b7000..0xffffb83b7008, fpsimd false
[    3.633078] rust_kjit: kjit: pc 0xffffb83b7000: installed 532 bytes, 0 fault sites, 2 entries, text 0xffffb83b7000..0xffffb83b7008, fpsimd false
[    3.635025] rust_kjit: kjit: pc 0xffffb83b7000: installed 532 bytes, 0 fault sites, 2 entries, text 0xffffb83b7000..0xffffb83b7008, fpsimd false
[    3.636982] rust_kjit: kjit: pc 0xffffb83b7000: installed 532 bytes, 0 fault sites, 2 entries, text 0xffffb83b7000..0xffffb83b7008, fpsimd false
[    3.640001] rust_kjit: kjit: pc 0xffffb83b7000: installed 532 bytes, 0 fault sites, 2 entries, text 0xffffb83b7000..0xffffb83b7008, fpsimd false
[    3.641441] rust_kjit: kjit: pc 0xffffb83b7000: installed 532 bytes, 0 fault sites, 2 entries, text 0xffffb83b7000..0xffffb83b7008, fpsimd false
[    3.643531] rust_kjit: kjit: pc 0xffffb83b7000: installed 532 bytes, 0 fault sites, 2 entries, text 0xffffb83b7000..0xffffb83b7008, fpsimd false
[    3.645727] rust_kjit: kjit: pc 0xffffb83b7000: installed 532 bytes, 0 fault sites, 2 entries, text 0xffffb83b7000..0xffffb83b7008, fpsimd false
[    3.647324] rust_kjit: kjit: pc 0xffffb83b7000: installed 532 bytes, 0 fault sites, 2 entries, text 0xffffb83b7000..0xffffb83b7008, fpsimd false
[    3.649322] rust_kjit: kjit: pc 0xffffb83b7000: installed 532 bytes, 0 fault sites, 2 entries, text 0xffffb83b7000..0xffffb83b7008, fpsimd false
[    3.651341] rust_kjit: kjit: pc 0xffffb83b7000: installed 532 bytes, 0 fault sites, 2 entries, text 0xffffb83b7000..0xffffb83b7008, fpsimd false
[    3.653160] rust_kjit: kjit: pc 0xffffb83b7000: installed 532 bytes, 0 fault sites, 2 entries, text 0xffffb83b7000..0xffffb83b7008, fpsimd false
[    3.654875] rust_kjit: kjit: pc 0xffffb83b7000: installed 532 bytes, 0 fault sites, 2 entries, text 0xffffb83b7000..0xffffb83b7008, fpsimd false
[    3.656745] rust_kjit: kjit: pc 0xffffb83b7000: installed 532 bytes, 0 fault sites, 2 entries, text 0xffffb83b7000..0xffffb83b7008, fpsimd false
[    3.658886] rust_kjit: kjit: pc 0xffffb83b7000: installed 532 bytes, 0 fault sites, 2 entries, text 0xffffb83b7000..0xffffb83b7008, fpsimd false
[    3.660520] rust_kjit: kjit: pc 0xffffb83b7000: installed 532 bytes, 0 fault sites, 2 entries, text 0xffffb83b7000..0xffffb83b7008, fpsimd false
[    3.662830] rust_kjit: kjit: pc 0xffffb83b7000: installed 532 bytes, 0 fault sites, 2 entries, text 0xffffb83b7000..0xffffb83b7008, fpsimd false
[    3.665206] rust_kjit: kjit: pc 0xffffb83b7000: installed 532 bytes, 0 fault sites, 2 entries, text 0xffffb83b7000..0xffffb83b7008, fpsimd false
[    3.667219] rust_kjit: kjit: pc 0xffffb83b7000: installed 532 bytes, 0 fault sites, 2 entries, text 0xffffb83b7000..0xffffb83b7008, fpsimd false
[    3.668934] rust_kjit: kjit: pc 0xffffb83b7000: installed 532 bytes, 0 fault sites, 2 entries, text 0xffffb83b7000..0xffffb83b7008, fpsimd false
[    3.670912] rust_kjit: kjit: pc 0xffffb83b7000: installed 532 bytes, 0 fault sites, 2 entries, text 0xffffb83b7000..0xffffb83b7008, fpsimd false
[    3.672444] rust_kjit: kjit: pc 0xffffb83b7000: installed 532 bytes, 0 fault sites, 2 entries, text 0xffffb83b7000..0xffffb83b7008, fpsimd false
[    3.674224] rust_kjit: kjit: pc 0xffffb83b7000: installed 532 bytes, 0 fault sites, 2 entries, text 0xffffb83b7000..0xffffb83b7008, fpsimd false
[    3.675996] rust_kjit: kjit: pc 0xffffb83b7000: installed 532 bytes, 0 fault sites, 2 entries, text 0xffffb83b7000..0xffffb83b7008, fpsimd false
[    3.678056] rust_kjit: kjit: pc 0xffffb83b7000: installed 532 bytes, 0 fault sites, 2 entries, text 0xffffb83b7000..0xffffb83b7008, fpsimd false
[    3.680246] rust_kjit: kjit: pc 0xffffb83b7000: installed 532 bytes, 0 fault sites, 2 entries, text 0xffffb83b7000..0xffffb83b7008, fpsimd false
[    3.681645] rust_kjit: kjit: pc 0xffffb83b7000: installed 532 bytes, 0 fault sites, 2 entries, text 0xffffb83b7000..0xffffb83b7008, fpsimd false
[    3.683550] rust_kjit: kjit: pc 0xffffb83b7000: installed 532 bytes, 0 fault sites, 2 entries, text 0xffffb83b7000..0xffffb83b7008, fpsimd false
[    3.685738] rust_kjit: kjit: pc 0xffffb83b7000: installed 532 bytes, 0 fault sites, 2 entries, text 0xffffb83b7000..0xffffb83b7008, fpsimd false
[    3.687643] rust_kjit: kjit: pc 0xffffb83b7000: installed 532 bytes, 0 fault sites, 2 entries, text 0xffffb83b7000..0xffffb83b7008, fpsimd false
[    3.689100] rust_kjit: kjit: pc 0xffffb83b7000: installed 532 bytes, 0 fault sites, 2 entries, text 0xffffb83b7000..0xffffb83b7008, fpsimd false
[    3.691113] rust_kjit: kjit: pc 0xffffb83b7000: installed 532 bytes, 0 fault sites, 2 entries, text 0xffffb83b7000..0xffffb83b7008, fpsimd false
[    3.693007] rust_kjit: kjit: pc 0xffffb83b7000: installed 532 bytes, 0 fault sites, 2 entries, text 0xffffb83b7000..0xffffb83b7008, fpsimd false
[    3.695117] rust_kjit: kjit: pc 0xffffb83b7000: installed 532 bytes, 0 fault sites, 2 entries, text 0xffffb83b7000..0xffffb83b7008, fpsimd false
[    3.697019] rust_kjit: kjit: pc 0xffffb83b7000: installed 532 bytes, 0 fault sites, 2 entries, text 0xffffb83b7000..0xffffb83b7008, fpsimd false
[    3.699045] rust_kjit: kjit: pc 0xffffb83b7000: installed 532 bytes, 0 fault sites, 2 entries, text 0xffffb83b7000..0xffffb83b7008, fpsimd false
[    3.701182] rust_kjit: kjit: pc 0xffffb83b7000: installed 532 bytes, 0 fault sites, 2 entries, text 0xffffb83b7000..0xffffb83b7008, fpsimd false
[    3.702669] rust_kjit: kjit: pc 0xffffb83b7000: installed 532 bytes, 0 fault sites, 2 entries, text 0xffffb83b7000..0xffffb83b7008, fpsimd false
[    3.704507] rust_kjit: kjit: pc 0xffffb83b7000: installed 532 bytes, 0 fault sites, 2 entries, text 0xffffb83b7000..0xffffb83b7008, fpsimd false
[    3.706422] rust_kjit: kjit: pc 0xffffb83b7000: installed 532 bytes, 0 fault sites, 2 entries, text 0xffffb83b7000..0xffffb83b7008, fpsimd false
[    3.707762] rust_kjit: kjit: pc 0xffffb83b7000: installed 532 bytes, 0 fault sites, 2 entries, text 0xffffb83b7000..0xffffb83b7008, fpsimd false
[    3.709491] rust_kjit: kjit: pc 0xffffb83b7000: installed 532 bytes, 0 fault sites, 2 entries, text 0xffffb83b7000..0xffffb83b7008, fpsimd false
[    3.711450] rust_kjit: kjit: pc 0xffffb83b7000: installed 532 bytes, 0 fault sites, 2 entries, text 0xffffb83b7000..0xffffb83b7008, fpsimd false
[    3.713979] rust_kjit: kjit: pc 0xffffb83b7000: installed 532 bytes, 0 fault sites, 2 entries, text 0xffffb83b7000..0xffffb83b7008, fpsimd false
[    3.715473] rust_kjit: kjit: pc 0xffffb83b7000: installed 532 bytes, 0 fault sites, 2 entries, text 0xffffb83b7000..0xffffb83b7008, fpsimd false
[    3.717877] rust_kjit: kjit: pc 0xffffb83b7000: installed 532 bytes, 0 fault sites, 2 entries, text 0xffffb83b7000..0xffffb83b7008, fpsimd false
[    3.719790] rust_kjit: kjit: pc 0xffffb83b7000: installed 532 bytes, 0 fault sites, 2 entries, text 0xffffb83b7000..0xffffb83b7008, fpsimd false
[    3.721536] rust_kjit: kjit: pc 0xffffb83b7000: installed 532 bytes, 0 fault sites, 2 entries, text 0xffffb83b7000..0xffffb83b7008, fpsimd false
[    3.723111] rust_kjit: kjit: pc 0xffffb83b7000: installed 532 bytes, 0 fault sites, 2 entries, text 0xffffb83b7000..0xffffb83b7008, fpsimd false
[    3.724831] rust_kjit: kjit: pc 0xffffb83b7000: installed 532 bytes, 0 fault sites, 2 entries, text 0xffffb83b7000..0xffffb83b7008, fpsimd false
[    3.726689] rust_kjit: kjit: pc 0xffffb83b7000: installed 532 bytes, 0 fault sites, 2 entries, text 0xffffb83b7000..0xffffb83b7008, fpsimd false
[    3.728617] rust_kjit: kjit: pc 0xffffb83b7000: installed 532 bytes, 0 fault sites, 2 entries, text 0xffffb83b7000..0xffffb83b7008, fpsimd false
[    3.730874] rust_kjit: kjit: pc 0xffffb83b7000: installed 532 bytes, 0 fault sites, 2 entries, text 0xffffb83b7000..0xffffb83b7008, fpsimd false
[    3.732539] rust_kjit: kjit: pc 0xffffb83b7000: installed 532 bytes, 0 fault sites, 2 entries, text 0xffffb83b7000..0xffffb83b7008, fpsimd false
[    3.734341] rust_kjit: kjit: pc 0xffffb83b7000: installed 532 bytes, 0 fault sites, 2 entries, text 0xffffb83b7000..0xffffb83b7008, fpsimd false
[    3.736163] rust_kjit: kjit: pc 0xffffb83b7000: installed 532 bytes, 0 fault sites, 2 entries, text 0xffffb83b7000..0xffffb83b7008, fpsimd false
[    3.738392] rust_kjit: kjit: pc 0xffffb83b7000: installed 532 bytes, 0 fault sites, 2 entries, text 0xffffb83b7000..0xffffb83b7008, fpsimd false
[    3.740832] rust_kjit: kjit: pc 0xffffb83b7000: installed 532 bytes, 0 fault sites, 2 entries, text 0xffffb83b7000..0xffffb83b7008, fpsimd false
[    3.742243] rust_kjit: kjit: pc 0xffffb83b7000: installed 532 bytes, 0 fault sites, 2 entries, text 0xffffb83b7000..0xffffb83b7008, fpsimd false
[    3.744124] rust_kjit: kjit: pc 0xffffb83b7000: installed 532 bytes, 0 fault sites, 2 entries, text 0xffffb83b7000..0xffffb83b7008, fpsimd false
[    3.746221] rust_kjit: kjit: pc 0xffffb83b7000: installed 532 bytes, 0 fault sites, 2 entries, text 0xffffb83b7000..0xffffb83b7008, fpsimd false
[    3.747977] rust_kjit: kjit: pc 0xffffb83b7000: installed 532 bytes, 0 fault sites, 2 entries, text 0xffffb83b7000..0xffffb83b7008, fpsimd false
[    3.749351] rust_kjit: kjit: pc 0xffffb83b7000: installed 532 bytes, 0 fault sites, 2 entries, text 0xffffb83b7000..0xffffb83b7008, fpsimd false
[    3.751624] rust_kjit: kjit: pc 0xffffb83b7000: installed 532 bytes, 0 fault sites, 2 entries, text 0xffffb83b7000..0xffffb83b7008, fpsimd false
[    3.752927] rust_kjit: kjit: pc 0xffffb83b7000: installed 532 bytes, 0 fault sites, 2 entries, text 0xffffb83b7000..0xffffb83b7008, fpsimd false
[    3.755108] rust_kjit: kjit: pc 0xffffb83b7000: installed 532 bytes, 0 fault sites, 2 entries, text 0xffffb83b7000..0xffffb83b7008, fpsimd false
[    3.756900] rust_kjit: kjit: pc 0xffffb83b7000: installed 532 bytes, 0 fault sites, 2 entries, text 0xffffb83b7000..0xffffb83b7008, fpsimd false
[    3.758663] rust_kjit: kjit: pc 0xffffb83b7000: installed 532 bytes, 0 fault sites, 2 entries, text 0xffffb83b7000..0xffffb83b7008, fpsimd false
[    3.760236] rust_kjit: kjit: pc 0xffffb83b7000: installed 532 bytes, 0 fault sites, 2 entries, text 0xffffb83b7000..0xffffb83b7008, fpsimd false
[    3.762236] rust_kjit: kjit: pc 0xffffb83b7000: installed 532 bytes, 0 fault sites, 2 entries, text 0xffffb83b7000..0xffffb83b7008, fpsimd false
[    3.763990] rust_kjit: kjit: pc 0xffffb83b7000: installed 532 bytes, 0 fault sites, 2 entries, text 0xffffb83b7000..0xffffb83b7008, fpsimd false
[    3.765236] rust_kjit: kjit: pc 0xffffb83b7000: installed 532 bytes, 0 fault sites, 2 entries, text 0xffffb83b7000..0xffffb83b7008, fpsimd false
[    3.767366] rust_kjit: kjit: pc 0xffffb83b7000: installed 532 bytes, 0 fault sites, 2 entries, text 0xffffb83b7000..0xffffb83b7008, fpsimd false
[    3.769007] rust_kjit: kjit: pc 0xffffb83b7000: installed 532 bytes, 0 fault sites, 2 entries, text 0xffffb83b7000..0xffffb83b7008, fpsimd false
[    3.770401] rust_kjit: kjit: pc 0xffffb83b7000: installed 532 bytes, 0 fault sites, 2 entries, text 0xffffb83b7000..0xffffb83b7008, fpsimd false
[    3.772359] rust_kjit: kjit: pc 0xffffb83b7000: installed 532 bytes, 0 fault sites, 2 entries, text 0xffffb83b7000..0xffffb83b7008, fpsimd false
[    3.774113] rust_kjit: kjit: pc 0xffffb83b7000: installed 532 bytes, 0 fault sites, 2 entries, text 0xffffb83b7000..0xffffb83b7008, fpsimd false
[    3.775442] rust_kjit: kjit: pc 0xffffb83b7000: installed 532 bytes, 0 fault sites, 2 entries, text 0xffffb83b7000..0xffffb83b7008, fpsimd false
[    3.777444] rust_kjit: kjit: pc 0xffffb83b7000: installed 532 bytes, 0 fault sites, 2 entries, text 0xffffb83b7000..0xffffb83b7008, fpsimd false
[    3.779450] rust_kjit: kjit: pc 0xffffb83b7000: installed 532 bytes, 0 fault sites, 2 entries, text 0xffffb83b7000..0xffffb83b7008, fpsimd false
[    3.780646] rust_kjit: kjit: pc 0xffffb83b7000: installed 532 bytes, 0 fault sites, 2 entries, text 0xffffb83b7000..0xffffb83b7008, fpsimd false
[    3.782522] rust_kjit: kjit: pc 0xffffb83b7000: installed 532 bytes, 0 fault sites, 2 entries, text 0xffffb83b7000..0xffffb83b7008, fpsimd false
[    3.784332] rust_kjit: kjit: pc 0xffffb83b7000: installed 532 bytes, 0 fault sites, 2 entries, text 0xffffb83b7000..0xffffb83b7008, fpsimd false
[    3.785955] rust_kjit: kjit: pc 0xffffb83b7000: installed 532 bytes, 0 fault sites, 2 entries, text 0xffffb83b7000..0xffffb83b7008, fpsimd false
[    3.787808] rust_kjit: kjit: pc 0xffffb83b7000: installed 532 bytes, 0 fault sites, 2 entries, text 0xffffb83b7000..0xffffb83b7008, fpsimd false
[    3.789511] rust_kjit: kjit: pc 0xffffb83b7000: installed 532 bytes, 0 fault sites, 2 entries, text 0xffffb83b7000..0xffffb83b7008, fpsimd false
[    3.791596] rust_kjit: kjit: pc 0xffffb83b7000: installed 532 bytes, 0 fault sites, 2 entries, text 0xffffb83b7000..0xffffb83b7008, fpsimd false
[    3.792979] rust_kjit: kjit: pc 0xffffb83b7000: installed 532 bytes, 0 fault sites, 2 entries, text 0xffffb83b7000..0xffffb83b7008, fpsimd false
[    3.795461] rust_kjit: kjit: pc 0xffffb83b7000: installed 532 bytes, 0 fault sites, 2 entries, text 0xffffb83b7000..0xffffb83b7008, fpsimd false
[    3.797804] rust_kjit: kjit: pc 0xffffb83b7000: installed 532 bytes, 0 fault sites, 2 entries, text 0xffffb83b7000..0xffffb83b7008, fpsimd false
[    3.799213] rust_kjit: kjit: pc 0xffffb83b7000: installed 532 bytes, 0 fault sites, 2 entries, text 0xffffb83b7000..0xffffb83b7008, fpsimd false
[    3.801060] rust_kjit: kjit: pc 0xffffb83b7000: installed 532 bytes, 0 fault sites, 2 entries, text 0xffffb83b7000..0xffffb83b7008, fpsimd false
[    3.802769] rust_kjit: kjit: pc 0xffffb83b7000: installed 532 bytes, 0 fault sites, 2 entries, text 0xffffb83b7000..0xffffb83b7008, fpsimd false
[    3.804601] rust_kjit: kjit: pc 0xffffb83b7000: installed 532 bytes, 0 fault sites, 2 entries, text 0xffffb83b7000..0xffffb83b7008, fpsimd false
[    3.806558] rust_kjit: kjit: pc 0xffffb83b7000: installed 532 bytes, 0 fault sites, 2 entries, text 0xffffb83b7000..0xffffb83b7008, fpsimd false
[    3.807834] rust_kjit: kjit: pc 0xffffb83b7000: installed 532 bytes, 0 fault sites, 2 entries, text 0xffffb83b7000..0xffffb83b7008, fpsimd false
[    3.809535] rust_kjit: kjit: pc 0xffffb83b7000: installed 532 bytes, 0 fault sites, 2 entries, text 0xffffb83b7000..0xffffb83b7008, fpsimd false
[    3.811420] rust_kjit: kjit: pc 0xffffb83b7000: installed 532 bytes, 0 fault sites, 2 entries, text 0xffffb83b7000..0xffffb83b7008, fpsimd false
[    3.813178] rust_kjit: kjit: pc 0xffffb83b7000: installed 532 bytes, 0 fault sites, 2 entries, text 0xffffb83b7000..0xffffb83b7008, fpsimd false
[    3.815478] rust_kjit: kjit: pc 0xffffb83b7000: installed 532 bytes, 0 fault sites, 2 entries, text 0xffffb83b7000..0xffffb83b7008, fpsimd false
[    3.817352] rust_kjit: kjit: pc 0xffffb83b7000: installed 532 bytes, 0 fault sites, 2 entries, text 0xffffb83b7000..0xffffb83b7008, fpsimd false
[    3.819323] rust_kjit: kjit: pc 0xffffb83b7000: installed 532 bytes, 0 fault sites, 2 entries, text 0xffffb83b7000..0xffffb83b7008, fpsimd false
[    3.821098] rust_kjit: kjit: pc 0xffffb83b7000: installed 532 bytes, 0 fault sites, 2 entries, text 0xffffb83b7000..0xffffb83b7008, fpsimd false
[    3.823031] rust_kjit: kjit: pc 0xffffb83b7000: installed 532 bytes, 0 fault sites, 2 entries, text 0xffffb83b7000..0xffffb83b7008, fpsimd false
[    3.824654] rust_kjit: kjit: pc 0xffffb83b7000: installed 532 bytes, 0 fault sites, 2 entries, text 0xffffb83b7000..0xffffb83b7008, fpsimd false
[    3.826516] rust_kjit: kjit: pc 0xffffb83b7000: installed 532 bytes, 0 fault sites, 2 entries, text 0xffffb83b7000..0xffffb83b7008, fpsimd false
[    3.828194] rust_kjit: kjit: pc 0xffffb83b7000: installed 532 bytes, 0 fault sites, 2 entries, text 0xffffb83b7000..0xffffb83b7008, fpsimd false
[    3.830179] rust_kjit: kjit: pc 0xffffb83b7000: installed 532 bytes, 0 fault sites, 2 entries, text 0xffffb83b7000..0xffffb83b7008, fpsimd false
[    3.831623] rust_kjit: kjit: pc 0xffffb83b7000: installed 532 bytes, 0 fault sites, 2 entries, text 0xffffb83b7000..0xffffb83b7008, fpsimd false
[    3.833382] rust_kjit: kjit: pc 0xffffb83b7000: installed 532 bytes, 0 fault sites, 2 entries, text 0xffffb83b7000..0xffffb83b7008, fpsimd false
[    3.835340] rust_kjit: kjit: pc 0xffffb83b7000: installed 532 bytes, 0 fault sites, 2 entries, text 0xffffb83b7000..0xffffb83b7008, fpsimd false
[    3.837790] rust_kjit: kjit: pc 0xffffb83b7000: installed 532 bytes, 0 fault sites, 2 entries, text 0xffffb83b7000..0xffffb83b7008, fpsimd false
[    3.839399] rust_kjit: kjit: pc 0xffffb83b7000: installed 532 bytes, 0 fault sites, 2 entries, text 0xffffb83b7000..0xffffb83b7008, fpsimd false
[    3.841192] rust_kjit: kjit: pc 0xffffb83b7000: installed 532 bytes, 0 fault sites, 2 entries, text 0xffffb83b7000..0xffffb83b7008, fpsimd false
[    3.843192] rust_kjit: kjit: pc 0xffffb83b7000: installed 532 bytes, 0 fault sites, 2 entries, text 0xffffb83b7000..0xffffb83b7008, fpsimd false
[    3.845746] rust_kjit: kjit: pc 0xffffb83b7000: installed 532 bytes, 0 fault sites, 2 entries, text 0xffffb83b7000..0xffffb83b7008, fpsimd false
[    3.847720] rust_kjit: kjit: pc 0xffffb83b7000: installed 532 bytes, 0 fault sites, 2 entries, text 0xffffb83b7000..0xffffb83b7008, fpsimd false
[    3.849122] rust_kjit: kjit: pc 0xffffb83b7000: installed 532 bytes, 0 fault sites, 2 entries, text 0xffffb83b7000..0xffffb83b7008, fpsimd false
[    3.850998] rust_kjit: kjit: pc 0xffffb83b7000: installed 532 bytes, 0 fault sites, 2 entries, text 0xffffb83b7000..0xffffb83b7008, fpsimd false
[    3.852726] rust_kjit: kjit: pc 0xffffb83b7000: installed 532 bytes, 0 fault sites, 2 entries, text 0xffffb83b7000..0xffffb83b7008, fpsimd false
[    3.854537] rust_kjit: kjit: pc 0xffffb83b7000: installed 532 bytes, 0 fault sites, 2 entries, text 0xffffb83b7000..0xffffb83b7008, fpsimd false
[    3.856376] rust_kjit: kjit: pc 0xffffb83b7000: installed 532 bytes, 0 fault sites, 2 entries, text 0xffffb83b7000..0xffffb83b7008, fpsimd false
[    3.858219] rust_kjit: kjit: pc 0xffffb83b7000: installed 532 bytes, 0 fault sites, 2 entries, text 0xffffb83b7000..0xffffb83b7008, fpsimd false
[    3.859579] rust_kjit: kjit: pc 0xffffb83b7000: installed 532 bytes, 0 fault sites, 2 entries, text 0xffffb83b7000..0xffffb83b7008, fpsimd false
[    3.861329] rust_kjit: kjit: pc 0xffffb83b7000: installed 532 bytes, 0 fault sites, 2 entries, text 0xffffb83b7000..0xffffb83b7008, fpsimd false
[    3.863411] rust_kjit: kjit: pc 0xffffb83b7000: installed 532 bytes, 0 fault sites, 2 entries, text 0xffffb83b7000..0xffffb83b7008, fpsimd false
[    3.864720] rust_kjit: kjit: pc 0xffffb83b7000: installed 532 bytes, 0 fault sites, 2 entries, text 0xffffb83b7000..0xffffb83b7008, fpsimd false
[    3.866441] rust_kjit: kjit: pc 0xffffb83b7000: installed 532 bytes, 0 fault sites, 2 entries, text 0xffffb83b7000..0xffffb83b7008, fpsimd false
[    3.868031] rust_kjit: kjit: pc 0xffffb83b7000: installed 532 bytes, 0 fault sites, 2 entries, text 0xffffb83b7000..0xffffb83b7008, fpsimd false
[    3.869377] rust_kjit: kjit: pc 0xffffb83b7000: installed 532 bytes, 0 fault sites, 2 entries, text 0xffffb83b7000..0xffffb83b7008, fpsimd false
[    3.871291] rust_kjit: kjit: pc 0xffffb83b7000: installed 532 bytes, 0 fault sites, 2 entries, text 0xffffb83b7000..0xffffb83b7008, fpsimd false
[    3.873207] rust_kjit: kjit: pc 0xffffb83b7000: installed 532 bytes, 0 fault sites, 2 entries, text 0xffffb83b7000..0xffffb83b7008, fpsimd false
[    3.874737] rust_kjit: kjit: pc 0xffffb83b7000: installed 532 bytes, 0 fault sites, 2 entries, text 0xffffb83b7000..0xffffb83b7008, fpsimd false
[    3.876319] rust_kjit: kjit: pc 0xffffb83b7000: installed 532 bytes, 0 fault sites, 2 entries, text 0xffffb83b7000..0xffffb83b7008, fpsimd false
[    3.878134] rust_kjit: kjit: pc 0xffffb83b7000: installed 532 bytes, 0 fault sites, 2 entries, text 0xffffb83b7000..0xffffb83b7008, fpsimd false
[    3.879609] rust_kjit: kjit: pc 0xffffb83b7000: installed 532 bytes, 0 fault sites, 2 entries, text 0xffffb83b7000..0xffffb83b7008, fpsimd false
[    3.881274] rust_kjit: kjit: pc 0xffffb83b7000: installed 532 bytes, 0 fault sites, 2 entries, text 0xffffb83b7000..0xffffb83b7008, fpsimd false
[    3.883145] rust_kjit: kjit: pc 0xffffb83b7000: installed 532 bytes, 0 fault sites, 2 entries, text 0xffffb83b7000..0xffffb83b7008, fpsimd false
[    3.885020] rust_kjit: kjit: pc 0xffffb83b7000: installed 532 bytes, 0 fault sites, 2 entries, text 0xffffb83b7000..0xffffb83b7008, fpsimd false
[    3.887193] rust_kjit: kjit: pc 0xffffb83b7000: installed 532 bytes, 0 fault sites, 2 entries, text 0xffffb83b7000..0xffffb83b7008, fpsimd false
[    3.888961] rust_kjit: kjit: pc 0xffffb83b7000: installed 532 bytes, 0 fault sites, 2 entries, text 0xffffb83b7000..0xffffb83b7008, fpsimd false
[    3.890812] rust_kjit: kjit: pc 0xffffb83b7000: installed 532 bytes, 0 fault sites, 2 entries, text 0xffffb83b7000..0xffffb83b7008, fpsimd false
[    3.892035] rust_kjit: kjit: pc 0xffffb83b7000: installed 532 bytes, 0 fault sites, 2 entries, text 0xffffb83b7000..0xffffb83b7008, fpsimd false
[    3.893925] rust_kjit: kjit: pc 0xffffb83b7000: installed 532 bytes, 0 fault sites, 2 entries, text 0xffffb83b7000..0xffffb83b7008, fpsimd false
[    3.895865] rust_kjit: kjit: pc 0xffffb83b7000: installed 532 bytes, 0 fault sites, 2 entries, text 0xffffb83b7000..0xffffb83b7008, fpsimd false
[    3.897683] rust_kjit: kjit: pc 0xffffb83b7000: installed 532 bytes, 0 fault sites, 2 entries, text 0xffffb83b7000..0xffffb83b7008, fpsimd false
[    3.899657] rust_kjit: kjit: pc 0xffffb83b7000: installed 532 bytes, 0 fault sites, 2 entries, text 0xffffb83b7000..0xffffb83b7008, fpsimd false
[    3.901053] rust_kjit: kjit: pc 0xffffb83b7000: installed 532 bytes, 0 fault sites, 2 entries, text 0xffffb83b7000..0xffffb83b7008, fpsimd false
[    3.903098] rust_kjit: kjit: pc 0xffffb83b7000: installed 532 bytes, 0 fault sites, 2 entries, text 0xffffb83b7000..0xffffb83b7008, fpsimd false
[    3.905371] rust_kjit: kjit: pc 0xffffb83b7000: installed 532 bytes, 0 fault sites, 2 entries, text 0xffffb83b7000..0xffffb83b7008, fpsimd false
[    3.906960] rust_kjit: kjit: pc 0xffffb83b7000: installed 532 bytes, 0 fault sites, 2 entries, text 0xffffb83b7000..0xffffb83b7008, fpsimd false
[    3.910028] rust_kjit: kjit: pc 0xffffb83b7000: installed 532 bytes, 0 fault sites, 2 entries, text 0xffffb83b7000..0xffffb83b7008, fpsimd false
[    3.911845] rust_kjit: kjit: pc 0xffffb83b7000: installed 532 bytes, 0 fault sites, 2 entries, text 0xffffb83b7000..0xffffb83b7008, fpsimd false
[    3.914024] rust_kjit: kjit: pc 0xffffb83b7000: installed 532 bytes, 0 fault sites, 2 entries, text 0xffffb83b7000..0xffffb83b7008, fpsimd false
[    3.916110] rust_kjit: kjit: pc 0xffffb83b7000: installed 532 bytes, 0 fault sites, 2 entries, text 0xffffb83b7000..0xffffb83b7008, fpsimd false
[    3.917446] rust_kjit: kjit: pc 0xffffb83b7000: installed 532 bytes, 0 fault sites, 2 entries, text 0xffffb83b7000..0xffffb83b7008, fpsimd false
[    3.919973] rust_kjit: kjit: pc 0xffffb83b7000: installed 532 bytes, 0 fault sites, 2 entries, text 0xffffb83b7000..0xffffb83b7008, fpsimd false
[    3.922083] rust_kjit: kjit: pc 0xffffb83b7000: installed 532 bytes, 0 fault sites, 2 entries, text 0xffffb83b7000..0xffffb83b7008, fpsimd false
[    3.923425] rust_kjit: kjit: pc 0xffffb83b7000: installed 532 bytes, 0 fault sites, 2 entries, text 0xffffb83b7000..0xffffb83b7008, fpsimd false
[    3.925416] rust_kjit: kjit: pc 0xffffb83b7000: installed 532 bytes, 0 fault sites, 2 entries, text 0xffffb83b7000..0xffffb83b7008, fpsimd false
[    3.927508] rust_kjit: kjit: pc 0xffffb83b7000: installed 532 bytes, 0 fault sites, 2 entries, text 0xffffb83b7000..0xffffb83b7008, fpsimd false
[    3.929100] rust_kjit: kjit: pc 0xffffb83b7000: installed 532 bytes, 0 fault sites, 2 entries, text 0xffffb83b7000..0xffffb83b7008, fpsimd false
[    3.931520] rust_kjit: kjit: pc 0xffffb83b7000: installed 532 bytes, 0 fault sites, 2 entries, text 0xffffb83b7000..0xffffb83b7008, fpsimd false
[    3.933294] rust_kjit: kjit: pc 0xffffb83b7000: installed 532 bytes, 0 fault sites, 2 entries, text 0xffffb83b7000..0xffffb83b7008, fpsimd false
[    3.934837] rust_kjit: kjit: pc 0xffffb83b7000: installed 532 bytes, 0 fault sites, 2 entries, text 0xffffb83b7000..0xffffb83b7008, fpsimd false
[    3.936713] rust_kjit: kjit: pc 0xffffb83b7000: installed 532 bytes, 0 fault sites, 2 entries, text 0xffffb83b7000..0xffffb83b7008, fpsimd false
[    3.939650] rust_kjit: kjit: pc 0xffffb83b7000: installed 532 bytes, 0 fault sites, 2 entries, text 0xffffb83b7000..0xffffb83b7008, fpsimd false
[    3.941049] rust_kjit: kjit: pc 0xffffb83b7000: installed 532 bytes, 0 fault sites, 2 entries, text 0xffffb83b7000..0xffffb83b7008, fpsimd false
[    3.942852] rust_kjit: kjit: pc 0xffffb83b7000: installed 532 bytes, 0 fault sites, 2 entries, text 0xffffb83b7000..0xffffb83b7008, fpsimd false
[    3.944565] rust_kjit: kjit: pc 0xffffb83b7000: installed 532 bytes, 0 fault sites, 2 entries, text 0xffffb83b7000..0xffffb83b7008, fpsimd false
[    3.947029] rust_kjit: kjit: pc 0xffffb83b7000: installed 532 bytes, 0 fault sites, 2 entries, text 0xffffb83b7000..0xffffb83b7008, fpsimd false
[    3.949031] rust_kjit: kjit: pc 0xffffb83b7000: installed 532 bytes, 0 fault sites, 2 entries, text 0xffffb83b7000..0xffffb83b7008, fpsimd false
[    3.950430] rust_kjit: kjit: pc 0xffffb83b7000: installed 532 bytes, 0 fault sites, 2 entries, text 0xffffb83b7000..0xffffb83b7008, fpsimd false
[    3.952196] rust_kjit: kjit: pc 0xffffb83b7000: installed 532 bytes, 0 fault sites, 2 entries, text 0xffffb83b7000..0xffffb83b7008, fpsimd false
[    3.954006] rust_kjit: kjit: pc 0xffffb83b7000: installed 532 bytes, 0 fault sites, 2 entries, text 0xffffb83b7000..0xffffb83b7008, fpsimd false
[    3.955709] rust_kjit: kjit: pc 0xffffb83b7000: installed 532 bytes, 0 fault sites, 2 entries, text 0xffffb83b7000..0xffffb83b7008, fpsimd false
[    3.957750] rust_kjit: kjit: pc 0xffffb83b7000: installed 532 bytes, 0 fault sites, 2 entries, text 0xffffb83b7000..0xffffb83b7008, fpsimd false
[    3.959791] rust_kjit: kjit: pc 0xffffb83b7000: installed 532 bytes, 0 fault sites, 2 entries, text 0xffffb83b7000..0xffffb83b7008, fpsimd false
[    3.961195] rust_kjit: kjit: pc 0xffffb83b7000: installed 532 bytes, 0 fault sites, 2 entries, text 0xffffb83b7000..0xffffb83b7008, fpsimd false
[    3.963147] rust_kjit: kjit: pc 0xffffb83b7000: installed 532 bytes, 0 fault sites, 2 entries, text 0xffffb83b7000..0xffffb83b7008, fpsimd false
[    3.964852] rust_kjit: kjit: pc 0xffffb83b7000: installed 532 bytes, 0 fault sites, 2 entries, text 0xffffb83b7000..0xffffb83b7008, fpsimd false
[    3.966085] rust_kjit: kjit: pc 0xffffb83b7000: installed 532 bytes, 0 fault sites, 2 entries, text 0xffffb83b7000..0xffffb83b7008, fpsimd false
[    3.967937] rust_kjit: kjit: pc 0xffffb83b7000: installed 532 bytes, 0 fault sites, 2 entries, text 0xffffb83b7000..0xffffb83b7008, fpsimd false
[    3.969877] rust_kjit: kjit: pc 0xffffb83b7000: installed 532 bytes, 0 fault sites, 2 entries, text 0xffffb83b7000..0xffffb83b7008, fpsimd false
[    3.971239] rust_kjit: kjit: pc 0xffffb83b7000: installed 532 bytes, 0 fault sites, 2 entries, text 0xffffb83b7000..0xffffb83b7008, fpsimd false
[    3.973044] rust_kjit: kjit: pc 0xffffb83b7000: installed 532 bytes, 0 fault sites, 2 entries, text 0xffffb83b7000..0xffffb83b7008, fpsimd false
[    3.974816] rust_kjit: kjit: pc 0xffffb83b7000: installed 532 bytes, 0 fault sites, 2 entries, text 0xffffb83b7000..0xffffb83b7008, fpsimd false
[    3.976569] rust_kjit: kjit: pc 0xffffb83b7000: installed 532 bytes, 0 fault sites, 2 entries, text 0xffffb83b7000..0xffffb83b7008, fpsimd false
[    3.977889] rust_kjit: kjit: pc 0xffffb83b7000: installed 532 bytes, 0 fault sites, 2 entries, text 0xffffb83b7000..0xffffb83b7008, fpsimd false
[    3.979715] rust_kjit: kjit: pc 0xffffb83b7000: installed 532 bytes, 0 fault sites, 2 entries, text 0xffffb83b7000..0xffffb83b7008, fpsimd false
[    3.981404] rust_kjit: kjit: pc 0xffffb83b7000: installed 532 bytes, 0 fault sites, 2 entries, text 0xffffb83b7000..0xffffb83b7008, fpsimd false
[    3.983160] rust_kjit: kjit: pc 0xffffb83b7000: installed 532 bytes, 0 fault sites, 2 entries, text 0xffffb83b7000..0xffffb83b7008, fpsimd false
[    3.985001] rust_kjit: kjit: pc 0xffffb83b7000: installed 532 bytes, 0 fault sites, 2 entries, text 0xffffb83b7000..0xffffb83b7008, fpsimd false
[    3.986671] rust_kjit: kjit: pc 0xffffb83b7000: installed 532 bytes, 0 fault sites, 2 entries, text 0xffffb83b7000..0xffffb83b7008, fpsimd false
[    3.988505] rust_kjit: kjit: pc 0xffffb83b7000: installed 532 bytes, 0 fault sites, 2 entries, text 0xffffb83b7000..0xffffb83b7008, fpsimd false
[    3.990621] rust_kjit: kjit: pc 0xffffb83b7000: installed 532 bytes, 0 fault sites, 2 entries, text 0xffffb83b7000..0xffffb83b7008, fpsimd false
[    3.991910] rust_kjit: kjit: pc 0xffffb83b7000: installed 532 bytes, 0 fault sites, 2 entries, text 0xffffb83b7000..0xffffb83b7008, fpsimd false
[    3.993796] rust_kjit: kjit: pc 0xffffb83b7000: installed 532 bytes, 0 fault sites, 2 entries, text 0xffffb83b7000..0xffffb83b7008, fpsimd false
[    3.995590] rust_kjit: kjit: pc 0xffffb83b7000: installed 532 bytes, 0 fault sites, 2 entries, text 0xffffb83b7000..0xffffb83b7008, fpsimd false
[    3.997272] rust_kjit: kjit: pc 0xffffb83b7000: installed 532 bytes, 0 fault sites, 2 entries, text 0xffffb83b7000..0xffffb83b7008, fpsimd false
[    3.998717] rust_kjit: kjit: pc 0xffffb83b7000: installed 532 bytes, 0 fault sites, 2 entries, text 0xffffb83b7000..0xffffb83b7008, fpsimd false
[    4.000510] rust_kjit: kjit: pc 0xffffb83b7000: installed 532 bytes, 0 fault sites, 2 entries, text 0xffffb83b7000..0xffffb83b7008, fpsimd false
[    4.002188] rust_kjit: kjit: pc 0xffffb83b7000: installed 532 bytes, 0 fault sites, 2 entries, text 0xffffb83b7000..0xffffb83b7008, fpsimd false
[    4.003478] rust_kjit: kjit: pc 0xffffb83b7000: installed 532 bytes, 0 fault sites, 2 entries, text 0xffffb83b7000..0xffffb83b7008, fpsimd false
[    4.005187] rust_kjit: kjit: pc 0xffffb83b7000: installed 532 bytes, 0 fault sites, 2 entries, text 0xffffb83b7000..0xffffb83b7008, fpsimd false
[    4.007146] rust_kjit: kjit: pc 0xffffb83b7000: installed 532 bytes, 0 fault sites, 2 entries, text 0xffffb83b7000..0xffffb83b7008, fpsimd false
[    4.009059] rust_kjit: kjit: pc 0xffffb83b7000: installed 532 bytes, 0 fault sites, 2 entries, text 0xffffb83b7000..0xffffb83b7008, fpsimd false
[    4.011027] rust_kjit: kjit: pc 0xffffb83b7000: installed 532 bytes, 0 fault sites, 2 entries, text 0xffffb83b7000..0xffffb83b7008, fpsimd false
[    4.012716] rust_kjit: kjit: pc 0xffffb83b7000: installed 532 bytes, 0 fault sites, 2 entries, text 0xffffb83b7000..0xffffb83b7008, fpsimd false
[    4.014782] rust_kjit: kjit: pc 0xffffb83b7000: installed 532 bytes, 0 fault sites, 2 entries, text 0xffffb83b7000..0xffffb83b7008, fpsimd false
[    4.016069] rust_kjit: kjit: pc 0xffffb83b7000: installed 532 bytes, 0 fault sites, 2 entries, text 0xffffb83b7000..0xffffb83b7008, fpsimd false
[    4.017918] rust_kjit: kjit: pc 0xffffb83b7000: installed 532 bytes, 0 fault sites, 2 entries, text 0xffffb83b7000..0xffffb83b7008, fpsimd false
[    4.019691] rust_kjit: kjit: pc 0xffffb83b7000: installed 532 bytes, 0 fault sites, 2 entries, text 0xffffb83b7000..0xffffb83b7008, fpsimd false
[    4.021425] rust_kjit: kjit: pc 0xffffb83b7000: installed 532 bytes, 0 fault sites, 2 entries, text 0xffffb83b7000..0xffffb83b7008, fpsimd false
[    4.022913] rust_kjit: kjit: pc 0xffffb83b7000: installed 532 bytes, 0 fault sites, 2 entries, text 0xffffb83b7000..0xffffb83b7008, fpsimd false
[    4.024787] rust_kjit: kjit: pc 0xffffb83b7000: installed 532 bytes, 0 fault sites, 2 entries, text 0xffffb83b7000..0xffffb83b7008, fpsimd false
[    4.026619] rust_kjit: kjit: pc 0xffffb83b7000: installed 532 bytes, 0 fault sites, 2 entries, text 0xffffb83b7000..0xffffb83b7008, fpsimd false
[    4.027987] rust_kjit: kjit: pc 0xffffb83b7000: installed 532 bytes, 0 fault sites, 2 entries, text 0xffffb83b7000..0xffffb83b7008, fpsimd false
[    4.029847] rust_kjit: kjit: pc 0xffffb83b7000: installed 532 bytes, 0 fault sites, 2 entries, text 0xffffb83b7000..0xffffb83b7008, fpsimd false
[    4.031669] rust_kjit: kjit: pc 0xffffb83b7000: installed 532 bytes, 0 fault sites, 2 entries, text 0xffffb83b7000..0xffffb83b7008, fpsimd false
[    4.032945] rust_kjit: kjit: pc 0xffffb83b7000: installed 532 bytes, 0 fault sites, 2 entries, text 0xffffb83b7000..0xffffb83b7008, fpsimd false
[    4.034550] rust_kjit: kjit: pc 0xffffb83b7000: installed 532 bytes, 0 fault sites, 2 entries, text 0xffffb83b7000..0xffffb83b7008, fpsimd false
[    4.036293] rust_kjit: kjit: pc 0xffffb83b7000: installed 532 bytes, 0 fault sites, 2 entries, text 0xffffb83b7000..0xffffb83b7008, fpsimd false
[    4.037763] rust_kjit: kjit: pc 0xffffb83b7000: installed 532 bytes, 0 fault sites, 2 entries, text 0xffffb83b7000..0xffffb83b7008, fpsimd false
[    4.039707] rust_kjit: kjit: pc 0xffffb83b7000: installed 532 bytes, 0 fault sites, 2 entries, text 0xffffb83b7000..0xffffb83b7008, fpsimd false
[    4.041450] rust_kjit: kjit: pc 0xffffb83b7000: installed 532 bytes, 0 fault sites, 2 entries, text 0xffffb83b7000..0xffffb83b7008, fpsimd false
[    4.043385] rust_kjit: kjit: pc 0xffffb83b7000: installed 532 bytes, 0 fault sites, 2 entries, text 0xffffb83b7000..0xffffb83b7008, fpsimd false
[    4.044748] rust_kjit: kjit: pc 0xffffb83b7000: installed 532 bytes, 0 fault sites, 2 entries, text 0xffffb83b7000..0xffffb83b7008, fpsimd false
[    4.046634] rust_kjit: kjit: pc 0xffffb83b7000: installed 532 bytes, 0 fault sites, 2 entries, text 0xffffb83b7000..0xffffb83b7008, fpsimd false
[    4.048421] rust_kjit: kjit: pc 0xffffb83b7000: installed 532 bytes, 0 fault sites, 2 entries, text 0xffffb83b7000..0xffffb83b7008, fpsimd false
[    4.049816] rust_kjit: kjit: pc 0xffffb83b7000: installed 532 bytes, 0 fault sites, 2 entries, text 0xffffb83b7000..0xffffb83b7008, fpsimd false
[    4.051542] rust_kjit: kjit: pc 0xffffb83b7000: installed 532 bytes, 0 fault sites, 2 entries, text 0xffffb83b7000..0xffffb83b7008, fpsimd false
[    4.053306] rust_kjit: kjit: pc 0xffffb83b7000: installed 532 bytes, 0 fault sites, 2 entries, text 0xffffb83b7000..0xffffb83b7008, fpsimd false
[    4.055244] rust_kjit: kjit: pc 0xffffb83b7000: installed 532 bytes, 0 fault sites, 2 entries, text 0xffffb83b7000..0xffffb83b7008, fpsimd false
[    4.057020] rust_kjit: kjit: pc 0xffffb83b7000: installed 532 bytes, 0 fault sites, 2 entries, text 0xffffb83b7000..0xffffb83b7008, fpsimd false
[    4.058694] rust_kjit: kjit: pc 0xffffb83b7000: installed 532 bytes, 0 fault sites, 2 entries, text 0xffffb83b7000..0xffffb83b7008, fpsimd false
[    4.060460] rust_kjit: kjit: pc 0xffffb83b7000: installed 532 bytes, 0 fault sites, 2 entries, text 0xffffb83b7000..0xffffb83b7008, fpsimd false
[    4.062291] rust_kjit: kjit: pc 0xffffb83b7000: installed 532 bytes, 0 fault sites, 2 entries, text 0xffffb83b7000..0xffffb83b7008, fpsimd false
[    4.063553] rust_kjit: kjit: pc 0xffffb83b7000: installed 532 bytes, 0 fault sites, 2 entries, text 0xffffb83b7000..0xffffb83b7008, fpsimd false
[    4.065201] rust_kjit: kjit: pc 0xffffb83b7000: installed 532 bytes, 0 fault sites, 2 entries, text 0xffffb83b7000..0xffffb83b7008, fpsimd false
[    4.067214] rust_kjit: kjit: pc 0xffffb83b7000: installed 532 bytes, 0 fault sites, 2 entries, text 0xffffb83b7000..0xffffb83b7008, fpsimd false
[    4.068510] rust_kjit: kjit: pc 0xffffb83b7000: installed 532 bytes, 0 fault sites, 2 entries, text 0xffffb83b7000..0xffffb83b7008, fpsimd false
[    4.070216] rust_kjit: kjit: pc 0xffffb83b7000: installed 532 bytes, 0 fault sites, 2 entries, text 0xffffb83b7000..0xffffb83b7008, fpsimd false
[    4.072022] rust_kjit: kjit: pc 0xffffb83b7000: installed 532 bytes, 0 fault sites, 2 entries, text 0xffffb83b7000..0xffffb83b7008, fpsimd false
[    4.073215] rust_kjit: kjit: pc 0xffffb83b7000: installed 532 bytes, 0 fault sites, 2 entries, text 0xffffb83b7000..0xffffb83b7008, fpsimd false
[    4.075111] rust_kjit: kjit: pc 0xffffb83b7000: installed 532 bytes, 0 fault sites, 2 entries, text 0xffffb83b7000..0xffffb83b7008, fpsimd false
[    4.076812] rust_kjit: kjit: pc 0xffffb83b7000: installed 532 bytes, 0 fault sites, 2 entries, text 0xffffb83b7000..0xffffb83b7008, fpsimd false
[    4.078072] rust_kjit: kjit: pc 0xffffb83b7000: installed 532 bytes, 0 fault sites, 2 entries, text 0xffffb83b7000..0xffffb83b7008, fpsimd false
[    4.079910] rust_kjit: kjit: pc 0xffffb83b7000: installed 532 bytes, 0 fault sites, 2 entries, text 0xffffb83b7000..0xffffb83b7008, fpsimd false
[    4.081673] rust_kjit: kjit: pc 0xffffb83b7000: installed 532 bytes, 0 fault sites, 2 entries, text 0xffffb83b7000..0xffffb83b7008, fpsimd false
[    4.083135] rust_kjit: kjit: pc 0xffffb83b7000: installed 532 bytes, 0 fault sites, 2 entries, text 0xffffb83b7000..0xffffb83b7008, fpsimd false
[    4.084819] rust_kjit: kjit: pc 0xffffb83b7000: installed 532 bytes, 0 fault sites, 2 entries, text 0xffffb83b7000..0xffffb83b7008, fpsimd false
[    4.086610] rust_kjit: kjit: pc 0xffffb83b7000: installed 532 bytes, 0 fault sites, 2 entries, text 0xffffb83b7000..0xffffb83b7008, fpsimd false
[    4.088001] rust_kjit: kjit: pc 0xffffb83b7000: installed 532 bytes, 0 fault sites, 2 entries, text 0xffffb83b7000..0xffffb83b7008, fpsimd false
[    4.089916] rust_kjit: kjit: pc 0xffffb83b7000: installed 532 bytes, 0 fault sites, 2 entries, text 0xffffb83b7000..0xffffb83b7008, fpsimd false
[    4.091725] rust_kjit: kjit: pc 0xffffb83b7000: installed 532 bytes, 0 fault sites, 2 entries, text 0xffffb83b7000..0xffffb83b7008, fpsimd false
[    4.093041] rust_kjit: kjit: pc 0xffffb83b7000: installed 532 bytes, 0 fault sites, 2 entries, text 0xffffb83b7000..0xffffb83b7008, fpsimd false
[    4.094789] rust_kjit: kjit: pc 0xffffb83b7000: installed 532 bytes, 0 fault sites, 2 entries, text 0xffffb83b7000..0xffffb83b7008, fpsimd false
[    4.096646] rust_kjit: kjit: pc 0xffffb83b7000: installed 532 bytes, 0 fault sites, 2 entries, text 0xffffb83b7000..0xffffb83b7008, fpsimd false
[    4.098635] rust_kjit: kjit: pc 0xffffb83b7000: installed 532 bytes, 0 fault sites, 2 entries, text 0xffffb83b7000..0xffffb83b7008, fpsimd false
[    4.099868] rust_kjit: kjit: pc 0xffffb83b7000: installed 532 bytes, 0 fault sites, 2 entries, text 0xffffb83b7000..0xffffb83b7008, fpsimd false
[    4.101812] rust_kjit: kjit: pc 0xffffb83b7000: installed 532 bytes, 0 fault sites, 2 entries, text 0xffffb83b7000..0xffffb83b7008, fpsimd false
[    4.103499] rust_kjit: kjit: pc 0xffffb83b7000: installed 532 bytes, 0 fault sites, 2 entries, text 0xffffb83b7000..0xffffb83b7008, fpsimd false
[    4.104895] rust_kjit: kjit: pc 0xffffb83b7000: installed 532 bytes, 0 fault sites, 2 entries, text 0xffffb83b7000..0xffffb83b7008, fpsimd false
[    4.106838] rust_kjit: kjit: pc 0xffffb83b7000: installed 532 bytes, 0 fault sites, 2 entries, text 0xffffb83b7000..0xffffb83b7008, fpsimd false
[    4.108514] rust_kjit: kjit: pc 0xffffb83b7000: installed 532 bytes, 0 fault sites, 2 entries, text 0xffffb83b7000..0xffffb83b7008, fpsimd false
[    4.109864] rust_kjit: kjit: pc 0xffffb83b7000: installed 532 bytes, 0 fault sites, 2 entries, text 0xffffb83b7000..0xffffb83b7008, fpsimd false
[    4.111713] rust_kjit: kjit: pc 0xffffb83b7000: installed 532 bytes, 0 fault sites, 2 entries, text 0xffffb83b7000..0xffffb83b7008, fpsimd false
[    4.113489] rust_kjit: kjit: pc 0xffffb83b7000: installed 532 bytes, 0 fault sites, 2 entries, text 0xffffb83b7000..0xffffb83b7008, fpsimd false
[    4.115586] rust_kjit: kjit: pc 0xffffb83b7000: installed 532 bytes, 0 fault sites, 2 entries, text 0xffffb83b7000..0xffffb83b7008, fpsimd false
[    4.117017] rust_kjit: kjit: pc 0xffffb83b7000: installed 532 bytes, 0 fault sites, 2 entries, text 0xffffb83b7000..0xffffb83b7008, fpsimd false
[    4.118870] rust_kjit: kjit: pc 0xffffb83b7000: installed 532 bytes, 0 fault sites, 2 entries, text 0xffffb83b7000..0xffffb83b7008, fpsimd false
[    4.120817] rust_kjit: kjit: pc 0xffffb83b7000: installed 532 bytes, 0 fault sites, 2 entries, text 0xffffb83b7000..0xffffb83b7008, fpsimd false
[    4.122948] rust_kjit: kjit: pc 0xffffb83b7000: installed 532 bytes, 0 fault sites, 2 entries, text 0xffffb83b7000..0xffffb83b7008, fpsimd false
[    4.124277] rust_kjit: kjit: pc 0xffffb83b7000: installed 532 bytes, 0 fault sites, 2 entries, text 0xffffb83b7000..0xffffb83b7008, fpsimd false
[    4.126075] rust_kjit: kjit: pc 0xffffb83b7000: installed 532 bytes, 0 fault sites, 2 entries, text 0xffffb83b7000..0xffffb83b7008, fpsimd false
[    4.127944] rust_kjit: kjit: pc 0xffffb83b7000: installed 532 bytes, 0 fault sites, 2 entries, text 0xffffb83b7000..0xffffb83b7008, fpsimd false
[    4.129901] rust_kjit: kjit: pc 0xffffb83b7000: installed 532 bytes, 0 fault sites, 2 entries, text 0xffffb83b7000..0xffffb83b7008, fpsimd false
[    4.131269] rust_kjit: kjit: pc 0xffffb83b7000: installed 532 bytes, 0 fault sites, 2 entries, text 0xffffb83b7000..0xffffb83b7008, fpsimd false
[    4.133181] rust_kjit: kjit: pc 0xffffb83b7000: installed 532 bytes, 0 fault sites, 2 entries, text 0xffffb83b7000..0xffffb83b7008, fpsimd false
[    4.135040] rust_kjit: kjit: pc 0xffffb83b7000: installed 532 bytes, 0 fault sites, 2 entries, text 0xffffb83b7000..0xffffb83b7008, fpsimd false
[    4.136234] rust_kjit: kjit: pc 0xffffb83b7000: installed 532 bytes, 0 fault sites, 2 entries, text 0xffffb83b7000..0xffffb83b7008, fpsimd false
[    4.138148] rust_kjit: kjit: pc 0xffffb83b7000: installed 532 bytes, 0 fault sites, 2 entries, text 0xffffb83b7000..0xffffb83b7008, fpsimd false
[    4.140086] rust_kjit: kjit: pc 0xffffb83b7000: installed 532 bytes, 0 fault sites, 2 entries, text 0xffffb83b7000..0xffffb83b7008, fpsimd false
[    4.141363] rust_kjit: kjit: pc 0xffffb83b7000: installed 532 bytes, 0 fault sites, 2 entries, text 0xffffb83b7000..0xffffb83b7008, fpsimd false
[    4.143327] rust_kjit: kjit: pc 0xffffb83b7000: installed 532 bytes, 0 fault sites, 2 entries, text 0xffffb83b7000..0xffffb83b7008, fpsimd false
[    4.144976] rust_kjit: kjit: pc 0xffffb83b7000: installed 532 bytes, 0 fault sites, 2 entries, text 0xffffb83b7000..0xffffb83b7008, fpsimd false
[    4.147258] rust_kjit: kjit: pc 0xffffb83b7000: installed 532 bytes, 0 fault sites, 2 entries, text 0xffffb83b7000..0xffffb83b7008, fpsimd false
[    4.149317] rust_kjit: kjit: pc 0xffffb83b7000: installed 532 bytes, 0 fault sites, 2 entries, text 0xffffb83b7000..0xffffb83b7008, fpsimd false
[    4.151355] rust_kjit: kjit: pc 0xffffb83b7000: installed 532 bytes, 0 fault sites, 2 entries, text 0xffffb83b7000..0xffffb83b7008, fpsimd false
[    4.153293] rust_kjit: kjit: pc 0xffffb83b7000: installed 532 bytes, 0 fault sites, 2 entries, text 0xffffb83b7000..0xffffb83b7008, fpsimd false
[    4.155451] rust_kjit: kjit: pc 0xffffb83b7000: installed 532 bytes, 0 fault sites, 2 entries, text 0xffffb83b7000..0xffffb83b7008, fpsimd false
[    4.157233] rust_kjit: kjit: pc 0xffffb83b7000: installed 532 bytes, 0 fault sites, 2 entries, text 0xffffb83b7000..0xffffb83b7008, fpsimd false
[    4.159111] rust_kjit: kjit: pc 0xffffb83b7000: installed 532 bytes, 0 fault sites, 2 entries, text 0xffffb83b7000..0xffffb83b7008, fpsimd false
[    4.160521] rust_kjit: kjit: pc 0xffffb83b7000: installed 532 bytes, 0 fault sites, 2 entries, text 0xffffb83b7000..0xffffb83b7008, fpsimd false
[    4.162338] rust_kjit: kjit: pc 0xffffb83b7000: installed 532 bytes, 0 fault sites, 2 entries, text 0xffffb83b7000..0xffffb83b7008, fpsimd false
[    4.164199] rust_kjit: kjit: pc 0xffffb83b7000: installed 532 bytes, 0 fault sites, 2 entries, text 0xffffb83b7000..0xffffb83b7008, fpsimd false
[    4.166053] rust_kjit: kjit: pc 0xffffb83b7000: installed 532 bytes, 0 fault sites, 2 entries, text 0xffffb83b7000..0xffffb83b7008, fpsimd false
[    4.167335] rust_kjit: kjit: pc 0xffffb83b7000: installed 532 bytes, 0 fault sites, 2 entries, text 0xffffb83b7000..0xffffb83b7008, fpsimd false
[    4.169153] rust_kjit: kjit: pc 0xffffb83b7000: installed 532 bytes, 0 fault sites, 2 entries, text 0xffffb83b7000..0xffffb83b7008, fpsimd false
[    4.171186] rust_kjit: kjit: pc 0xffffb83b7000: installed 532 bytes, 0 fault sites, 2 entries, text 0xffffb83b7000..0xffffb83b7008, fpsimd false
[    4.172509] rust_kjit: kjit: pc 0xffffb83b7000: installed 532 bytes, 0 fault sites, 2 entries, text 0xffffb83b7000..0xffffb83b7008, fpsimd false
[    4.174156] rust_kjit: kjit: pc 0xffffb83b7000: installed 532 bytes, 0 fault sites, 2 entries, text 0xffffb83b7000..0xffffb83b7008, fpsimd false
[    4.175993] rust_kjit: kjit: pc 0xffffb83b7000: installed 532 bytes, 0 fault sites, 2 entries, text 0xffffb83b7000..0xffffb83b7008, fpsimd false
[    4.177699] rust_kjit: kjit: pc 0xffffb83b7000: installed 532 bytes, 0 fault sites, 2 entries, text 0xffffb83b7000..0xffffb83b7008, fpsimd false
[    4.179600] rust_kjit: kjit: pc 0xffffb83b7000: installed 532 bytes, 0 fault sites, 2 entries, text 0xffffb83b7000..0xffffb83b7008, fpsimd false
[    4.180886] rust_kjit: kjit: pc 0xffffb83b7000: installed 532 bytes, 0 fault sites, 2 entries, text 0xffffb83b7000..0xffffb83b7008, fpsimd false
[    4.182620] rust_kjit: kjit: pc 0xffffb83b7000: installed 532 bytes, 0 fault sites, 2 entries, text 0xffffb83b7000..0xffffb83b7008, fpsimd false
[    4.184225] rust_kjit: kjit: pc 0xffffb83b7000: installed 532 bytes, 0 fault sites, 2 entries, text 0xffffb83b7000..0xffffb83b7008, fpsimd false
[    4.185541] rust_kjit: kjit: pc 0xffffb83b7000: installed 532 bytes, 0 fault sites, 2 entries, text 0xffffb83b7000..0xffffb83b7008, fpsimd false
[    4.187990] rust_kjit: kjit: pc 0xffffb83b7000: installed 532 bytes, 0 fault sites, 2 entries, text 0xffffb83b7000..0xffffb83b7008, fpsimd false
[    4.190089] rust_kjit: kjit: pc 0xffffb83b7000: installed 532 bytes, 0 fault sites, 2 entries, text 0xffffb83b7000..0xffffb83b7008, fpsimd false
[    4.191946] rust_kjit: kjit: pc 0xffffb83b7000: installed 532 bytes, 0 fault sites, 2 entries, text 0xffffb83b7000..0xffffb83b7008, fpsimd false
[    4.193118] rust_kjit: kjit: pc 0xffffb83b7000: installed 532 bytes, 0 fault sites, 2 entries, text 0xffffb83b7000..0xffffb83b7008, fpsimd false
[    4.194957] rust_kjit: kjit: pc 0xffffb83b7000: installed 532 bytes, 0 fault sites, 2 entries, text 0xffffb83b7000..0xffffb83b7008, fpsimd false
[    4.196638] rust_kjit: kjit: pc 0xffffb83b7000: installed 532 bytes, 0 fault sites, 2 entries, text 0xffffb83b7000..0xffffb83b7008, fpsimd false
[    4.198095] rust_kjit: kjit: pc 0xffffb83b7000: installed 532 bytes, 0 fault sites, 2 entries, text 0xffffb83b7000..0xffffb83b7008, fpsimd false
[    4.199854] rust_kjit: kjit: pc 0xffffb83b7000: installed 532 bytes, 0 fault sites, 2 entries, text 0xffffb83b7000..0xffffb83b7008, fpsimd false
[    4.201871] rust_kjit: kjit: pc 0xffffb83b7000: installed 532 bytes, 0 fault sites, 2 entries, text 0xffffb83b7000..0xffffb83b7008, fpsimd false
[    4.203253] rust_kjit: kjit: pc 0xffffb83b7000: installed 532 bytes, 0 fault sites, 2 entries, text 0xffffb83b7000..0xffffb83b7008, fpsimd false
[    4.205107] rust_kjit: kjit: pc 0xffffb83b7000: installed 532 bytes, 0 fault sites, 2 entries, text 0xffffb83b7000..0xffffb83b7008, fpsimd false
[    4.207137] rust_kjit: kjit: pc 0xffffb83b7000: installed 532 bytes, 0 fault sites, 2 entries, text 0xffffb83b7000..0xffffb83b7008, fpsimd false
[    4.208353] rust_kjit: kjit: pc 0xffffb83b7000: installed 532 bytes, 0 fault sites, 2 entries, text 0xffffb83b7000..0xffffb83b7008, fpsimd false
[    4.210060] rust_kjit: kjit: pc 0xffffb83b7000: installed 532 bytes, 0 fault sites, 2 entries, text 0xffffb83b7000..0xffffb83b7008, fpsimd false
[    4.211847] rust_kjit: kjit: pc 0xffffb83b7000: installed 532 bytes, 0 fault sites, 2 entries, text 0xffffb83b7000..0xffffb83b7008, fpsimd false
[    4.213169] rust_kjit: kjit: pc 0xffffb83b7000: installed 532 bytes, 0 fault sites, 2 entries, text 0xffffb83b7000..0xffffb83b7008, fpsimd false
[    4.215391] rust_kjit: kjit: pc 0xffffb83b7000: installed 532 bytes, 0 fault sites, 2 entries, text 0xffffb83b7000..0xffffb83b7008, fpsimd false
[    4.217116] rust_kjit: kjit: pc 0xffffb83b7000: installed 532 bytes, 0 fault sites, 2 entries, text 0xffffb83b7000..0xffffb83b7008, fpsimd false
[    4.218659] rust_kjit: kjit: pc 0xffffb83b7000: installed 532 bytes, 0 fault sites, 2 entries, text 0xffffb83b7000..0xffffb83b7008, fpsimd false
[    4.220420] rust_kjit: kjit: pc 0xffffb83b7000: installed 532 bytes, 0 fault sites, 2 entries, text 0xffffb83b7000..0xffffb83b7008, fpsimd false
[    4.222168] rust_kjit: kjit: pc 0xffffb83b7000: installed 532 bytes, 0 fault sites, 2 entries, text 0xffffb83b7000..0xffffb83b7008, fpsimd false
[    4.223512] rust_kjit: kjit: pc 0xffffb83b7000: installed 532 bytes, 0 fault sites, 2 entries, text 0xffffb83b7000..0xffffb83b7008, fpsimd false
[    4.225281] rust_kjit: kjit: pc 0xffffb83b7000: installed 532 bytes, 0 fault sites, 2 entries, text 0xffffb83b7000..0xffffb83b7008, fpsimd false
[    4.227257] rust_kjit: kjit: pc 0xffffb83b7000: installed 532 bytes, 0 fault sites, 2 entries, text 0xffffb83b7000..0xffffb83b7008, fpsimd false
[    4.228948] rust_kjit: kjit: pc 0xffffb83b7000: installed 532 bytes, 0 fault sites, 2 entries, text 0xffffb83b7000..0xffffb83b7008, fpsimd false
[    4.230721] rust_kjit: kjit: pc 0xffffb83b7000: installed 532 bytes, 0 fault sites, 2 entries, text 0xffffb83b7000..0xffffb83b7008, fpsimd false
[    4.232495] rust_kjit: kjit: pc 0xffffb83b7000: installed 532 bytes, 0 fault sites, 2 entries, text 0xffffb83b7000..0xffffb83b7008, fpsimd false
[    4.234268] rust_kjit: kjit: pc 0xffffb83b7000: installed 532 bytes, 0 fault sites, 2 entries, text 0xffffb83b7000..0xffffb83b7008, fpsimd false
[    4.235508] rust_kjit: kjit: pc 0xffffb83b7000: installed 532 bytes, 0 fault sites, 2 entries, text 0xffffb83b7000..0xffffb83b7008, fpsimd false
[    4.237208] rust_kjit: kjit: pc 0xffffb83b7000: installed 532 bytes, 0 fault sites, 2 entries, text 0xffffb83b7000..0xffffb83b7008, fpsimd false
[    4.239286] rust_kjit: kjit: pc 0xffffb83b7000: installed 532 bytes, 0 fault sites, 2 entries, text 0xffffb83b7000..0xffffb83b7008, fpsimd false
[    4.240587] rust_kjit: kjit: pc 0xffffb83b7000: installed 532 bytes, 0 fault sites, 2 entries, text 0xffffb83b7000..0xffffb83b7008, fpsimd false
[    4.242457] rust_kjit: kjit: pc 0xffffb83b7000: installed 532 bytes, 0 fault sites, 2 entries, text 0xffffb83b7000..0xffffb83b7008, fpsimd false
[    4.244364] rust_kjit: kjit: pc 0xffffb83b7000: installed 532 bytes, 0 fault sites, 2 entries, text 0xffffb83b7000..0xffffb83b7008, fpsimd false
[    4.246122] rust_kjit: kjit: pc 0xffffb83b7000: installed 532 bytes, 0 fault sites, 2 entries, text 0xffffb83b7000..0xffffb83b7008, fpsimd false
[    4.248086] rust_kjit: kjit: pc 0xffffb83b7000: installed 532 bytes, 0 fault sites, 2 entries, text 0xffffb83b7000..0xffffb83b7008, fpsimd false
[    4.249677] rust_kjit: kjit: pc 0xffffb83b7000: installed 532 bytes, 0 fault sites, 2 entries, text 0xffffb83b7000..0xffffb83b7008, fpsimd false
[    4.251459] rust_kjit: kjit: pc 0xffffb83b7000: installed 532 bytes, 0 fault sites, 2 entries, text 0xffffb83b7000..0xffffb83b7008, fpsimd false
[    4.253265] rust_kjit: kjit: pc 0xffffb83b7000: installed 532 bytes, 0 fault sites, 2 entries, text 0xffffb83b7000..0xffffb83b7008, fpsimd false
[    4.255199] rust_kjit: kjit: pc 0xffffb83b7000: installed 532 bytes, 0 fault sites, 2 entries, text 0xffffb83b7000..0xffffb83b7008, fpsimd false
[    4.256567] rust_kjit: kjit: pc 0xffffb83b7000: installed 532 bytes, 0 fault sites, 2 entries, text 0xffffb83b7000..0xffffb83b7008, fpsimd false
[    4.258541] rust_kjit: kjit: pc 0xffffb83b7000: installed 532 bytes, 0 fault sites, 2 entries, text 0xffffb83b7000..0xffffb83b7008, fpsimd false
[    4.260408] rust_kjit: kjit: pc 0xffffb83b7000: installed 532 bytes, 0 fault sites, 2 entries, text 0xffffb83b7000..0xffffb83b7008, fpsimd false
[    4.261740] rust_kjit: kjit: pc 0xffffb83b7000: installed 532 bytes, 0 fault sites, 2 entries, text 0xffffb83b7000..0xffffb83b7008, fpsimd false
[    4.263785] rust_kjit: kjit: pc 0xffffb83b7000: installed 532 bytes, 0 fault sites, 2 entries, text 0xffffb83b7000..0xffffb83b7008, fpsimd false
[    4.265429] rust_kjit: kjit: pc 0xffffb83b7000: installed 532 bytes, 0 fault sites, 2 entries, text 0xffffb83b7000..0xffffb83b7008, fpsimd false
[    4.267359] rust_kjit: kjit: pc 0xffffb83b7000: installed 532 bytes, 0 fault sites, 2 entries, text 0xffffb83b7000..0xffffb83b7008, fpsimd false
[    4.268751] rust_kjit: kjit: pc 0xffffb83b7000: installed 532 bytes, 0 fault sites, 2 entries, text 0xffffb83b7000..0xffffb83b7008, fpsimd false
[    4.270626] rust_kjit: kjit: pc 0xffffb83b7000: installed 532 bytes, 0 fault sites, 2 entries, text 0xffffb83b7000..0xffffb83b7008, fpsimd false
[    4.272370] rust_kjit: kjit: pc 0xffffb83b7000: installed 532 bytes, 0 fault sites, 2 entries, text 0xffffb83b7000..0xffffb83b7008, fpsimd false
[    4.273761] rust_kjit: kjit: pc 0xffffb83b7000: installed 532 bytes, 0 fault sites, 2 entries, text 0xffffb83b7000..0xffffb83b7008, fpsimd false
[    4.275565] rust_kjit: kjit: pc 0xffffb83b7000: installed 532 bytes, 0 fault sites, 2 entries, text 0xffffb83b7000..0xffffb83b7008, fpsimd false
[    4.276899] rust_kjit: kjit: pc 0xffffb83b7000: installed 532 bytes, 0 fault sites, 2 entries, text 0xffffb83b7000..0xffffb83b7008, fpsimd false
[    4.278952] rust_kjit: kjit: pc 0xffffb83b7000: installed 532 bytes, 0 fault sites, 2 entries, text 0xffffb83b7000..0xffffb83b7008, fpsimd false
[    4.280769] rust_kjit: kjit: pc 0xffffb83b7000: installed 532 bytes, 0 fault sites, 2 entries, text 0xffffb83b7000..0xffffb83b7008, fpsimd false
[    4.282198] rust_kjit: kjit: pc 0xffffb83b7000: installed 532 bytes, 0 fault sites, 2 entries, text 0xffffb83b7000..0xffffb83b7008, fpsimd false
[    4.283988] rust_kjit: kjit: pc 0xffffb83b7000: installed 532 bytes, 0 fault sites, 2 entries, text 0xffffb83b7000..0xffffb83b7008, fpsimd false
[    4.285740] rust_kjit: kjit: pc 0xffffb83b7000: installed 532 bytes, 0 fault sites, 2 entries, text 0xffffb83b7000..0xffffb83b7008, fpsimd false
[    4.287109] rust_kjit: kjit: pc 0xffffb83b7000: installed 532 bytes, 0 fault sites, 2 entries, text 0xffffb83b7000..0xffffb83b7008, fpsimd false
[    4.288859] rust_kjit: kjit: pc 0xffffb83b7000: installed 532 bytes, 0 fault sites, 2 entries, text 0xffffb83b7000..0xffffb83b7008, fpsimd false
[    4.290668] rust_kjit: kjit: pc 0xffffb83b7000: installed 532 bytes, 0 fault sites, 2 entries, text 0xffffb83b7000..0xffffb83b7008, fpsimd false
[    4.292373] rust_kjit: kjit: pc 0xffffb83b7000: installed 532 bytes, 0 fault sites, 2 entries, text 0xffffb83b7000..0xffffb83b7008, fpsimd false
[    4.294163] rust_kjit: kjit: pc 0xffffb83b7000: installed 532 bytes, 0 fault sites, 2 entries, text 0xffffb83b7000..0xffffb83b7008, fpsimd false
[    4.296021] rust_kjit: kjit: pc 0xffffb83b7000: installed 532 bytes, 0 fault sites, 2 entries, text 0xffffb83b7000..0xffffb83b7008, fpsimd false
[    4.297177] rust_kjit: kjit: pc 0xffffb83b7000: installed 532 bytes, 0 fault sites, 2 entries, text 0xffffb83b7000..0xffffb83b7008, fpsimd false
[    4.299210] rust_kjit: kjit: pc 0xffffb83b7000: installed 532 bytes, 0 fault sites, 2 entries, text 0xffffb83b7000..0xffffb83b7008, fpsimd false
[    4.300945] rust_kjit: kjit: pc 0xffffb83b7000: installed 532 bytes, 0 fault sites, 2 entries, text 0xffffb83b7000..0xffffb83b7008, fpsimd false
[    4.302487] rust_kjit: kjit: pc 0xffffb83b7000: installed 532 bytes, 0 fault sites, 2 entries, text 0xffffb83b7000..0xffffb83b7008, fpsimd false
[    4.304360] rust_kjit: kjit: pc 0xffffb83b7000: installed 532 bytes, 0 fault sites, 2 entries, text 0xffffb83b7000..0xffffb83b7008, fpsimd false
[    4.306135] rust_kjit: kjit: pc 0xffffb83b7000: installed 532 bytes, 0 fault sites, 2 entries, text 0xffffb83b7000..0xffffb83b7008, fpsimd false
[    4.307465] rust_kjit: kjit: pc 0xffffb83b7000: installed 532 bytes, 0 fault sites, 2 entries, text 0xffffb83b7000..0xffffb83b7008, fpsimd false
[    4.309458] rust_kjit: kjit: pc 0xffffb83b7000: installed 532 bytes, 0 fault sites, 2 entries, text 0xffffb83b7000..0xffffb83b7008, fpsimd false
[    4.311504] rust_kjit: kjit: pc 0xffffb83b7000: installed 532 bytes, 0 fault sites, 2 entries, text 0xffffb83b7000..0xffffb83b7008, fpsimd false
[    4.312918] rust_kjit: kjit: pc 0xffffb83b7000: installed 532 bytes, 0 fault sites, 2 entries, text 0xffffb83b7000..0xffffb83b7008, fpsimd false
[    4.315043] rust_kjit: kjit: pc 0xffffb83b7000: installed 532 bytes, 0 fault sites, 2 entries, text 0xffffb83b7000..0xffffb83b7008, fpsimd false
[    4.316725] rust_kjit: kjit: pc 0xffffb83b7000: installed 532 bytes, 0 fault sites, 2 entries, text 0xffffb83b7000..0xffffb83b7008, fpsimd false
[    4.317971] rust_kjit: kjit: pc 0xffffb83b7000: installed 532 bytes, 0 fault sites, 2 entries, text 0xffffb83b7000..0xffffb83b7008, fpsimd false
[    4.319619] rust_kjit: kjit: pc 0xffffb83b7000: installed 532 bytes, 0 fault sites, 2 entries, text 0xffffb83b7000..0xffffb83b7008, fpsimd false
[    4.321318] rust_kjit: kjit: pc 0xffffb83b7000: installed 532 bytes, 0 fault sites, 2 entries, text 0xffffb83b7000..0xffffb83b7008, fpsimd false
[    4.323580] rust_kjit: kjit: pc 0xffffb83b7000: installed 532 bytes, 0 fault sites, 2 entries, text 0xffffb83b7000..0xffffb83b7008, fpsimd false
[    4.325741] rust_kjit: kjit: pc 0xffffb83b7000: installed 532 bytes, 0 fault sites, 2 entries, text 0xffffb83b7000..0xffffb83b7008, fpsimd false
[    4.327008] rust_kjit: kjit: pc 0xffffb83b7000: installed 532 bytes, 0 fault sites, 2 entries, text 0xffffb83b7000..0xffffb83b7008, fpsimd false
[    4.329200] rust_kjit: kjit: pc 0xffffb83b7000: installed 532 bytes, 0 fault sites, 2 entries, text 0xffffb83b7000..0xffffb83b7008, fpsimd false
[    4.331661] rust_kjit: kjit: pc 0xffffb83b7000: installed 532 bytes, 0 fault sites, 2 entries, text 0xffffb83b7000..0xffffb83b7008, fpsimd false
[    4.333444] rust_kjit: kjit: pc 0xffffb83b7000: installed 532 bytes, 0 fault sites, 2 entries, text 0xffffb83b7000..0xffffb83b7008, fpsimd false
[    4.335045] rust_kjit: kjit: pc 0xffffb83b7000: installed 532 bytes, 0 fault sites, 2 entries, text 0xffffb83b7000..0xffffb83b7008, fpsimd false
[    4.336835] rust_kjit: kjit: pc 0xffffb83b7000: installed 532 bytes, 0 fault sites, 2 entries, text 0xffffb83b7000..0xffffb83b7008, fpsimd false
[    4.339005] rust_kjit: kjit: pc 0xffffb83b7000: installed 532 bytes, 0 fault sites, 2 entries, text 0xffffb83b7000..0xffffb83b7008, fpsimd false
[    4.340898] rust_kjit: kjit: pc 0xffffb83b7000: installed 532 bytes, 0 fault sites, 2 entries, text 0xffffb83b7000..0xffffb83b7008, fpsimd false
[    4.342747] rust_kjit: kjit: pc 0xffffb83b7000: installed 532 bytes, 0 fault sites, 2 entries, text 0xffffb83b7000..0xffffb83b7008, fpsimd false
[    4.344091] rust_kjit: kjit: pc 0xffffb83b7000: installed 532 bytes, 0 fault sites, 2 entries, text 0xffffb83b7000..0xffffb83b7008, fpsimd false
[    4.346521] rust_kjit: kjit: pc 0xffffb83b7000: installed 532 bytes, 0 fault sites, 2 entries, text 0xffffb83b7000..0xffffb83b7008, fpsimd false
[    4.348512] rust_kjit: kjit: pc 0xffffb83b7000: installed 532 bytes, 0 fault sites, 2 entries, text 0xffffb83b7000..0xffffb83b7008, fpsimd false
[    4.350307] rust_kjit: kjit: pc 0xffffb83b7000: installed 532 bytes, 0 fault sites, 2 entries, text 0xffffb83b7000..0xffffb83b7008, fpsimd false
[    4.351595] rust_kjit: kjit: pc 0xffffb83b7000: installed 532 bytes, 0 fault sites, 2 entries, text 0xffffb83b7000..0xffffb83b7008, fpsimd false
[    4.353545] rust_kjit: kjit: pc 0xffffb83b7000: installed 532 bytes, 0 fault sites, 2 entries, text 0xffffb83b7000..0xffffb83b7008, fpsimd false
[    4.355616] rust_kjit: kjit: pc 0xffffb83b7000: installed 532 bytes, 0 fault sites, 2 entries, text 0xffffb83b7000..0xffffb83b7008, fpsimd false
[    4.357319] rust_kjit: kjit: pc 0xffffb83b7000: installed 532 bytes, 0 fault sites, 2 entries, text 0xffffb83b7000..0xffffb83b7008, fpsimd false
[    4.358886] rust_kjit: kjit: pc 0xffffb83b7000: installed 532 bytes, 0 fault sites, 2 entries, text 0xffffb83b7000..0xffffb83b7008, fpsimd false
[    4.360548] rust_kjit: kjit: pc 0xffffb83b7000: installed 532 bytes, 0 fault sites, 2 entries, text 0xffffb83b7000..0xffffb83b7008, fpsimd false
[    4.362358] rust_kjit: kjit: pc 0xffffb83b7000: installed 532 bytes, 0 fault sites, 2 entries, text 0xffffb83b7000..0xffffb83b7008, fpsimd false
[    4.363791] rust_kjit: kjit: pc 0xffffb83b7000: installed 532 bytes, 0 fault sites, 2 entries, text 0xffffb83b7000..0xffffb83b7008, fpsimd false
[    4.366109] rust_kjit: kjit: pc 0xffffb83b7000: installed 532 bytes, 0 fault sites, 2 entries, text 0xffffb83b7000..0xffffb83b7008, fpsimd false
[    4.368005] rust_kjit: kjit: pc 0xffffb83b7000: installed 532 bytes, 0 fault sites, 2 entries, text 0xffffb83b7000..0xffffb83b7008, fpsimd false
[    4.369368] rust_kjit: kjit: pc 0xffffb83b7000: installed 532 bytes, 0 fault sites, 2 entries, text 0xffffb83b7000..0xffffb83b7008, fpsimd false
[    4.372209] rust_kjit: kjit: pc 0xffffb83b7000: installed 532 bytes, 0 fault sites, 2 entries, text 0xffffb83b7000..0xffffb83b7008, fpsimd false
[    4.374172] rust_kjit: kjit: pc 0xffffb83b7000: installed 532 bytes, 0 fault sites, 2 entries, text 0xffffb83b7000..0xffffb83b7008, fpsimd false
[    4.375417] rust_kjit: kjit: pc 0xffffb83b7000: installed 532 bytes, 0 fault sites, 2 entries, text 0xffffb83b7000..0xffffb83b7008, fpsimd false
[    4.377210] rust_kjit: kjit: pc 0xffffb83b7000: installed 532 bytes, 0 fault sites, 2 entries, text 0xffffb83b7000..0xffffb83b7008, fpsimd false
[    4.379160] rust_kjit: kjit: pc 0xffffb83b7000: installed 532 bytes, 0 fault sites, 2 entries, text 0xffffb83b7000..0xffffb83b7008, fpsimd false
[    4.380766] rust_kjit: kjit: pc 0xffffb83b7000: installed 532 bytes, 0 fault sites, 2 entries, text 0xffffb83b7000..0xffffb83b7008, fpsimd false
[    4.382580] rust_kjit: kjit: pc 0xffffb83b7000: installed 532 bytes, 0 fault sites, 2 entries, text 0xffffb83b7000..0xffffb83b7008, fpsimd false
[    4.384217] rust_kjit: kjit: pc 0xffffb83b7000: installed 532 bytes, 0 fault sites, 2 entries, text 0xffffb83b7000..0xffffb83b7008, fpsimd false
[    4.385954] rust_kjit: kjit: pc 0xffffb83b7000: installed 532 bytes, 0 fault sites, 2 entries, text 0xffffb83b7000..0xffffb83b7008, fpsimd false
[    4.387869] rust_kjit: kjit: pc 0xffffb83b7000: installed 532 bytes, 0 fault sites, 2 entries, text 0xffffb83b7000..0xffffb83b7008, fpsimd false
[    4.389884] rust_kjit: kjit: pc 0xffffb83b7000: installed 532 bytes, 0 fault sites, 2 entries, text 0xffffb83b7000..0xffffb83b7008, fpsimd false
[    4.391713] rust_kjit: kjit: pc 0xffffb83b7000: installed 532 bytes, 0 fault sites, 2 entries, text 0xffffb83b7000..0xffffb83b7008, fpsimd false
[    4.393440] rust_kjit: kjit: pc 0xffffb83b7000: installed 532 bytes, 0 fault sites, 2 entries, text 0xffffb83b7000..0xffffb83b7008, fpsimd false
[    4.395735] rust_kjit: kjit: pc 0xffffb83b7000: installed 532 bytes, 0 fault sites, 2 entries, text 0xffffb83b7000..0xffffb83b7008, fpsimd false
[    4.397945] rust_kjit: kjit: pc 0xffffb83b7000: installed 532 bytes, 0 fault sites, 2 entries, text 0xffffb83b7000..0xffffb83b7008, fpsimd false
[    4.399838] rust_kjit: kjit: pc 0xffffb83b7000: installed 532 bytes, 0 fault sites, 2 entries, text 0xffffb83b7000..0xffffb83b7008, fpsimd false
[    4.401541] rust_kjit: kjit: pc 0xffffb83b7000: installed 532 bytes, 0 fault sites, 2 entries, text 0xffffb83b7000..0xffffb83b7008, fpsimd false
[    4.403737] rust_kjit: kjit: pc 0xffffb83b7000: installed 532 bytes, 0 fault sites, 2 entries, text 0xffffb83b7000..0xffffb83b7008, fpsimd false
[    4.406337] rust_kjit: kjit: pc 0xffffb83b7000: installed 532 bytes, 0 fault sites, 2 entries, text 0xffffb83b7000..0xffffb83b7008, fpsimd false
[    4.408060] rust_kjit: kjit: pc 0xffffb83b7000: installed 532 bytes, 0 fault sites, 2 entries, text 0xffffb83b7000..0xffffb83b7008, fpsimd false
[    4.410054] rust_kjit: kjit: pc 0xffffb83b7000: installed 532 bytes, 0 fault sites, 2 entries, text 0xffffb83b7000..0xffffb83b7008, fpsimd false
[    4.411894] rust_kjit: kjit: pc 0xffffb83b7000: installed 532 bytes, 0 fault sites, 2 entries, text 0xffffb83b7000..0xffffb83b7008, fpsimd false
[    4.414155] rust_kjit: kjit: pc 0xffffb83b7000: installed 532 bytes, 0 fault sites, 2 entries, text 0xffffb83b7000..0xffffb83b7008, fpsimd false
[    4.415932] rust_kjit: kjit: pc 0xffffb83b7000: installed 532 bytes, 0 fault sites, 2 entries, text 0xffffb83b7000..0xffffb83b7008, fpsimd false
[    4.417708] rust_kjit: kjit: pc 0xffffb83b7000: installed 532 bytes, 0 fault sites, 2 entries, text 0xffffb83b7000..0xffffb83b7008, fpsimd false
[    4.419549] rust_kjit: kjit: pc 0xffffb83b7000: installed 532 bytes, 0 fault sites, 2 entries, text 0xffffb83b7000..0xffffb83b7008, fpsimd false
[    4.421319] rust_kjit: kjit: pc 0xffffb83b7000: installed 532 bytes, 0 fault sites, 2 entries, text 0xffffb83b7000..0xffffb83b7008, fpsimd false
[    4.423557] rust_kjit: kjit: pc 0xffffb83b7000: installed 532 bytes, 0 fault sites, 2 entries, text 0xffffb83b7000..0xffffb83b7008, fpsimd false
[    4.425279] rust_kjit: kjit: pc 0xffffb83b7000: installed 532 bytes, 0 fault sites, 2 entries, text 0xffffb83b7000..0xffffb83b7008, fpsimd false
[    4.427309] rust_kjit: kjit: pc 0xffffb83b7000: installed 532 bytes, 0 fault sites, 2 entries, text 0xffffb83b7000..0xffffb83b7008, fpsimd false
[    4.428968] rust_kjit: kjit: pc 0xffffb83b7000: installed 532 bytes, 0 fault sites, 2 entries, text 0xffffb83b7000..0xffffb83b7008, fpsimd false
[    4.431351] rust_kjit: kjit: pc 0xffffb83b7000: installed 532 bytes, 0 fault sites, 2 entries, text 0xffffb83b7000..0xffffb83b7008, fpsimd false
[    4.433200] rust_kjit: kjit: pc 0xffffb83b7000: installed 532 bytes, 0 fault sites, 2 entries, text 0xffffb83b7000..0xffffb83b7008, fpsimd false
[    4.435082] rust_kjit: kjit: pc 0xffffb83b7000: installed 532 bytes, 0 fault sites, 2 entries, text 0xffffb83b7000..0xffffb83b7008, fpsimd false
[    4.436292] rust_kjit: kjit: pc 0xffffb83b7000: installed 532 bytes, 0 fault sites, 2 entries, text 0xffffb83b7000..0xffffb83b7008, fpsimd false
[    4.438519] rust_kjit: kjit: pc 0xffffb83b7000: installed 532 bytes, 0 fault sites, 2 entries, text 0xffffb83b7000..0xffffb83b7008, fpsimd false
[    4.440320] rust_kjit: kjit: pc 0xffffb83b7000: installed 532 bytes, 0 fault sites, 2 entries, text 0xffffb83b7000..0xffffb83b7008, fpsimd false
[    4.441762] rust_kjit: kjit: pc 0xffffb83b7000: installed 532 bytes, 0 fault sites, 2 entries, text 0xffffb83b7000..0xffffb83b7008, fpsimd false
[    4.443697] rust_kjit: kjit: pc 0xffffb83b7000: installed 532 bytes, 0 fault sites, 2 entries, text 0xffffb83b7000..0xffffb83b7008, fpsimd false
[    4.444966] rust_kjit: kjit: pc 0xffffb83b7000: installed 532 bytes, 0 fault sites, 2 entries, text 0xffffb83b7000..0xffffb83b7008, fpsimd false
[    4.447134] rust_kjit: kjit: pc 0xffffb83b7000: installed 532 bytes, 0 fault sites, 2 entries, text 0xffffb83b7000..0xffffb83b7008, fpsimd false
[    4.448956] rust_kjit: kjit: pc 0xffffb83b7000: installed 532 bytes, 0 fault sites, 2 entries, text 0xffffb83b7000..0xffffb83b7008, fpsimd false
[    4.450740] rust_kjit: kjit: pc 0xffffb83b7000: installed 532 bytes, 0 fault sites, 2 entries, text 0xffffb83b7000..0xffffb83b7008, fpsimd false
[    4.452032] rust_kjit: kjit: pc 0xffffb83b7000: installed 532 bytes, 0 fault sites, 2 entries, text 0xffffb83b7000..0xffffb83b7008, fpsimd false
[    4.454373] rust_kjit: kjit: pc 0xffffb83b7000: installed 532 bytes, 0 fault sites, 2 entries, text 0xffffb83b7000..0xffffb83b7008, fpsimd false
[    4.456192] rust_kjit: kjit: pc 0xffffb83b7000: installed 532 bytes, 0 fault sites, 2 entries, text 0xffffb83b7000..0xffffb83b7008, fpsimd false
[    4.458060] rust_kjit: kjit: pc 0xffffb83b7000: installed 532 bytes, 0 fault sites, 2 entries, text 0xffffb83b7000..0xffffb83b7008, fpsimd false
[    4.459410] rust_kjit: kjit: pc 0xffffb83b7000: installed 532 bytes, 0 fault sites, 2 entries, text 0xffffb83b7000..0xffffb83b7008, fpsimd false
[    4.461115] rust_kjit: kjit: pc 0xffffb83b7000: installed 532 bytes, 0 fault sites, 2 entries, text 0xffffb83b7000..0xffffb83b7008, fpsimd false
[    4.463301] rust_kjit: kjit: pc 0xffffb83b7000: installed 532 bytes, 0 fault sites, 2 entries, text 0xffffb83b7000..0xffffb83b7008, fpsimd false
[    4.464591] rust_kjit: kjit: pc 0xffffb83b7000: installed 532 bytes, 0 fault sites, 2 entries, text 0xffffb83b7000..0xffffb83b7008, fpsimd false
[    4.466510] rust_kjit: kjit: pc 0xffffb83b7000: installed 532 bytes, 0 fault sites, 2 entries, text 0xffffb83b7000..0xffffb83b7008, fpsimd false
[    4.468416] rust_kjit: kjit: pc 0xffffb83b7000: installed 532 bytes, 0 fault sites, 2 entries, text 0xffffb83b7000..0xffffb83b7008, fpsimd false
[    4.470116] rust_kjit: kjit: pc 0xffffb83b7000: installed 532 bytes, 0 fault sites, 2 entries, text 0xffffb83b7000..0xffffb83b7008, fpsimd false
[    4.471746] rust_kjit: kjit: pc 0xffffb83b7000: installed 532 bytes, 0 fault sites, 2 entries, text 0xffffb83b7000..0xffffb83b7008, fpsimd false
[    4.472953] rust_kjit: kjit: pc 0xffffb83b7000: installed 532 bytes, 0 fault sites, 2 entries, text 0xffffb83b7000..0xffffb83b7008, fpsimd false
[    4.474801] rust_kjit: kjit: pc 0xffffb83b7000: installed 532 bytes, 0 fault sites, 2 entries, text 0xffffb83b7000..0xffffb83b7008, fpsimd false
[    4.476761] rust_kjit: kjit: pc 0xffffb83b7000: installed 532 bytes, 0 fault sites, 2 entries, text 0xffffb83b7000..0xffffb83b7008, fpsimd false
[    4.478138] rust_kjit: kjit: pc 0xffffb83b7000: installed 532 bytes, 0 fault sites, 2 entries, text 0xffffb83b7000..0xffffb83b7008, fpsimd false
[    4.479939] rust_kjit: kjit: pc 0xffffb83b7000: installed 532 bytes, 0 fault sites, 2 entries, text 0xffffb83b7000..0xffffb83b7008, fpsimd false
[    4.481967] rust_kjit: kjit: pc 0xffffb83b7000: installed 532 bytes, 0 fault sites, 2 entries, text 0xffffb83b7000..0xffffb83b7008, fpsimd false
[    4.483799] rust_kjit: kjit: pc 0xffffb83b7000: installed 532 bytes, 0 fault sites, 2 entries, text 0xffffb83b7000..0xffffb83b7008, fpsimd false
[    4.485202] rust_kjit: kjit: pc 0xffffb83b7000: installed 532 bytes, 0 fault sites, 2 entries, text 0xffffb83b7000..0xffffb83b7008, fpsimd false
[    4.487080] rust_kjit: kjit: pc 0xffffb83b7000: installed 532 bytes, 0 fault sites, 2 entries, text 0xffffb83b7000..0xffffb83b7008, fpsimd false
[    4.488710] rust_kjit: kjit: pc 0xffffb83b7000: installed 532 bytes, 0 fault sites, 2 entries, text 0xffffb83b7000..0xffffb83b7008, fpsimd false
[    4.490051] rust_kjit: kjit: pc 0xffffb83b7000: installed 532 bytes, 0 fault sites, 2 entries, text 0xffffb83b7000..0xffffb83b7008, fpsimd false
[    4.491960] rust_kjit: kjit: pc 0xffffb83b7000: installed 532 bytes, 0 fault sites, 2 entries, text 0xffffb83b7000..0xffffb83b7008, fpsimd false
[    4.493141] rust_kjit: kjit: pc 0xffffb83b7000: installed 532 bytes, 0 fault sites, 2 entries, text 0xffffb83b7000..0xffffb83b7008, fpsimd false
[    4.495180] rust_kjit: kjit: pc 0xffffb83b7000: installed 532 bytes, 0 fault sites, 2 entries, text 0xffffb83b7000..0xffffb83b7008, fpsimd false
[    4.496962] rust_kjit: kjit: pc 0xffffb83b7000: installed 532 bytes, 0 fault sites, 2 entries, text 0xffffb83b7000..0xffffb83b7008, fpsimd false
[    4.498202] rust_kjit: kjit: pc 0xffffb83b7000: installed 532 bytes, 0 fault sites, 2 entries, text 0xffffb83b7000..0xffffb83b7008, fpsimd false
[    4.499998] rust_kjit: kjit: pc 0xffffb83b7000: installed 532 bytes, 0 fault sites, 2 entries, text 0xffffb83b7000..0xffffb83b7008, fpsimd false
[    4.501660] rust_kjit: kjit: pc 0xffffb83b7000: installed 532 bytes, 0 fault sites, 2 entries, text 0xffffb83b7000..0xffffb83b7008, fpsimd false
[    4.503522] rust_kjit: kjit: pc 0xffffb83b7000: installed 532 bytes, 0 fault sites, 2 entries, text 0xffffb83b7000..0xffffb83b7008, fpsimd false
[    4.504870] rust_kjit: kjit: pc 0xffffb83b7000: installed 532 bytes, 0 fault sites, 2 entries, text 0xffffb83b7000..0xffffb83b7008, fpsimd false
[    4.506592] rust_kjit: kjit: pc 0xffffb83b7000: installed 532 bytes, 0 fault sites, 2 entries, text 0xffffb83b7000..0xffffb83b7008, fpsimd false
[    4.508733] rust_kjit: kjit: pc 0xffffb83b7000: installed 532 bytes, 0 fault sites, 2 entries, text 0xffffb83b7000..0xffffb83b7008, fpsimd false
[    4.509999] rust_kjit: kjit: pc 0xffffb83b7000: installed 532 bytes, 0 fault sites, 2 entries, text 0xffffb83b7000..0xffffb83b7008, fpsimd false
[    4.511738] rust_kjit: kjit: pc 0xffffb83b7000: installed 532 bytes, 0 fault sites, 2 entries, text 0xffffb83b7000..0xffffb83b7008, fpsimd false
[    4.513465] rust_kjit: kjit: pc 0xffffb83b7000: installed 532 bytes, 0 fault sites, 2 entries, text 0xffffb83b7000..0xffffb83b7008, fpsimd false
[    4.515600] rust_kjit: kjit: pc 0xffffb83b7000: installed 532 bytes, 0 fault sites, 2 entries, text 0xffffb83b7000..0xffffb83b7008, fpsimd false
[    4.516846] rust_kjit: kjit: pc 0xffffb83b7000: installed 532 bytes, 0 fault sites, 2 entries, text 0xffffb83b7000..0xffffb83b7008, fpsimd false
[    4.518592] rust_kjit: kjit: pc 0xffffb83b7000: installed 532 bytes, 0 fault sites, 2 entries, text 0xffffb83b7000..0xffffb83b7008, fpsimd false
[    4.520337] rust_kjit: kjit: pc 0xffffb83b7000: installed 532 bytes, 0 fault sites, 2 entries, text 0xffffb83b7000..0xffffb83b7008, fpsimd false
[    4.522044] rust_kjit: kjit: pc 0xffffb83b7000: installed 532 bytes, 0 fault sites, 2 entries, text 0xffffb83b7000..0xffffb83b7008, fpsimd false
[    4.523712] rust_kjit: kjit: pc 0xffffb83b7000: installed 532 bytes, 0 fault sites, 2 entries, text 0xffffb83b7000..0xffffb83b7008, fpsimd false
[    4.525100] rust_kjit: kjit: pc 0xffffb83b7000: installed 532 bytes, 0 fault sites, 2 entries, text 0xffffb83b7000..0xffffb83b7008, fpsimd false
[    4.526970] rust_kjit: kjit: pc 0xffffb83b7000: installed 532 bytes, 0 fault sites, 2 entries, text 0xffffb83b7000..0xffffb83b7008, fpsimd false
[    4.528626] rust_kjit: kjit: pc 0xffffb83b7000: installed 532 bytes, 0 fault sites, 2 entries, text 0xffffb83b7000..0xffffb83b7008, fpsimd false
[    4.530011] rust_kjit: kjit: pc 0xffffb83b7000: installed 532 bytes, 0 fault sites, 2 entries, text 0xffffb83b7000..0xffffb83b7008, fpsimd false
[    4.531749] rust_kjit: kjit: pc 0xffffb83b7000: installed 532 bytes, 0 fault sites, 2 entries, text 0xffffb83b7000..0xffffb83b7008, fpsimd false
[    4.532960] rust_kjit: kjit: pc 0xffffb83b7000: installed 532 bytes, 0 fault sites, 2 entries, text 0xffffb83b7000..0xffffb83b7008, fpsimd false
[    4.534738] rust_kjit: kjit: pc 0xffffb83b7000: installed 532 bytes, 0 fault sites, 2 entries, text 0xffffb83b7000..0xffffb83b7008, fpsimd false
[    4.536416] rust_kjit: kjit: pc 0xffffb83b7000: installed 532 bytes, 0 fault sites, 2 entries, text 0xffffb83b7000..0xffffb83b7008, fpsimd false
[    4.537903] rust_kjit: kjit: pc 0xffffb83b7000: installed 532 bytes, 0 fault sites, 2 entries, text 0xffffb83b7000..0xffffb83b7008, fpsimd false
[    4.539728] rust_kjit: kjit: pc 0xffffb83b7000: installed 532 bytes, 0 fault sites, 2 entries, text 0xffffb83b7000..0xffffb83b7008, fpsimd false
[    4.540908] rust_kjit: kjit: pc 0xffffb83b7000: installed 532 bytes, 0 fault sites, 2 entries, text 0xffffb83b7000..0xffffb83b7008, fpsimd false
[    4.542587] rust_kjit: kjit: pc 0xffffb83b7000: installed 532 bytes, 0 fault sites, 2 entries, text 0xffffb83b7000..0xffffb83b7008, fpsimd false
[    4.544365] rust_kjit: kjit: pc 0xffffb83b7000: installed 532 bytes, 0 fault sites, 2 entries, text 0xffffb83b7000..0xffffb83b7008, fpsimd false
[    4.545896] rust_kjit: kjit: pc 0xffffb83b7000: installed 532 bytes, 0 fault sites, 2 entries, text 0xffffb83b7000..0xffffb83b7008, fpsimd false
[    4.547639] rust_kjit: kjit: pc 0xffffb83b7000: installed 532 bytes, 0 fault sites, 2 entries, text 0xffffb83b7000..0xffffb83b7008, fpsimd false
[    4.549328] rust_kjit: kjit: pc 0xffffb83b7000: installed 532 bytes, 0 fault sites, 2 entries, text 0xffffb83b7000..0xffffb83b7008, fpsimd false
[    4.551197] rust_kjit: kjit: pc 0xffffb83b7000: installed 532 bytes, 0 fault sites, 2 entries, text 0xffffb83b7000..0xffffb83b7008, fpsimd false
[    4.552421] rust_kjit: kjit: pc 0xffffb83b7000: installed 532 bytes, 0 fault sites, 2 entries, text 0xffffb83b7000..0xffffb83b7008, fpsimd false
[    4.554098] rust_kjit: kjit: pc 0xffffb83b7000: installed 532 bytes, 0 fault sites, 2 entries, text 0xffffb83b7000..0xffffb83b7008, fpsimd false
[    4.555899] rust_kjit: kjit: pc 0xffffb83b7000: installed 532 bytes, 0 fault sites, 2 entries, text 0xffffb83b7000..0xffffb83b7008, fpsimd false
[    4.558538] rust_kjit: kjit: pc 0xffffb83b7000: installed 532 bytes, 0 fault sites, 2 entries, text 0xffffb83b7000..0xffffb83b7008, fpsimd false
[    4.563759] rust_kjit: kjit: pc 0xffffb83b7000: installed 532 bytes, 0 fault sites, 2 entries, text 0xffffb83b7000..0xffffb83b7008, fpsimd false
[    4.594085] rust_kjit: kjit: pc 0xffffb83b7000: installed 532 bytes, 0 fault sites, 2 entries, text 0xffffb83b7000..0xffffb83b7008, fpsimd false
[    4.608342] rust_kjit: kjit: pc 0xffffb83b7000: installed 532 bytes, 0 fault sites, 2 entries, text 0xffffb83b7000..0xffffb83b7008, fpsimd false
[    4.611644] rust_kjit: kjit: pc 0xffffb83b7000: installed 532 bytes, 0 fault sites, 2 entries, text 0xffffb83b7000..0xffffb83b7008, fpsimd false
[    4.613399] rust_kjit: kjit: pc 0xffffb83b7000: installed 532 bytes, 0 fault sites, 2 entries, text 0xffffb83b7000..0xffffb83b7008, fpsimd false
[    4.615349] rust_kjit: kjit: pc 0xffffb83b7000: installed 532 bytes, 0 fault sites, 2 entries, text 0xffffb83b7000..0xffffb83b7008, fpsimd false
[    4.617044] rust_kjit: kjit: pc 0xffffb83b7000: installed 532 bytes, 0 fault sites, 2 entries, text 0xffffb83b7000..0xffffb83b7008, fpsimd false
[    4.619127] rust_kjit: kjit: pc 0xffffb83b7000: installed 532 bytes, 0 fault sites, 2 entries, text 0xffffb83b7000..0xffffb83b7008, fpsimd false
[    4.629509] rust_kjit: kjit: pc 0xffffb83b7000: installed 532 bytes, 0 fault sites, 2 entries, text 0xffffb83b7000..0xffffb83b7008, fpsimd false
[    4.634203] rust_kjit: kjit: pc 0xffffb83b7000: installed 532 bytes, 0 fault sites, 2 entries, text 0xffffb83b7000..0xffffb83b7008, fpsimd false
[    4.635953] rust_kjit: kjit: pc 0xffffb83b7000: installed 532 bytes, 0 fault sites, 2 entries, text 0xffffb83b7000..0xffffb83b7008, fpsimd false
[    4.637928] rust_kjit: kjit: pc 0xffffb83b7000: installed 532 bytes, 0 fault sites, 2 entries, text 0xffffb83b7000..0xffffb83b7008, fpsimd false
[    4.639738] rust_kjit: kjit: pc 0xffffb83b7000: installed 532 bytes, 0 fault sites, 2 entries, text 0xffffb83b7000..0xffffb83b7008, fpsimd false
[    4.641397] rust_kjit: kjit: pc 0xffffb83b7000: installed 532 bytes, 0 fault sites, 2 entries, text 0xffffb83b7000..0xffffb83b7008, fpsimd false
[    4.643266] rust_kjit: kjit: pc 0xffffb83b7000: installed 532 bytes, 0 fault sites, 2 entries, text 0xffffb83b7000..0xffffb83b7008, fpsimd false
[    4.645134] rust_kjit: kjit: pc 0xffffb83b7000: installed 532 bytes, 0 fault sites, 2 entries, text 0xffffb83b7000..0xffffb83b7008, fpsimd false
[    4.647355] rust_kjit: kjit: pc 0xffffb83b7000: installed 532 bytes, 0 fault sites, 2 entries, text 0xffffb83b7000..0xffffb83b7008, fpsimd false
[    4.649152] rust_kjit: kjit: pc 0xffffb83b7000: installed 532 bytes, 0 fault sites, 2 entries, text 0xffffb83b7000..0xffffb83b7008, fpsimd false
[    4.651236] rust_kjit: kjit: pc 0xffffb83b7000: installed 532 bytes, 0 fault sites, 2 entries, text 0xffffb83b7000..0xffffb83b7008, fpsimd false
[    4.652991] rust_kjit: kjit: pc 0xffffb83b7000: installed 532 bytes, 0 fault sites, 2 entries, text 0xffffb83b7000..0xffffb83b7008, fpsimd false
[    4.654910] rust_kjit: kjit: pc 0xffffb83b7000: installed 532 bytes, 0 fault sites, 2 entries, text 0xffffb83b7000..0xffffb83b7008, fpsimd false
[    4.656702] rust_kjit: kjit: pc 0xffffb83b7000: installed 532 bytes, 0 fault sites, 2 entries, text 0xffffb83b7000..0xffffb83b7008, fpsimd false
[    4.658490] rust_kjit: kjit: pc 0xffffb83b7000: installed 532 bytes, 0 fault sites, 2 entries, text 0xffffb83b7000..0xffffb83b7008, fpsimd false
[    4.660201] rust_kjit: kjit: pc 0xffffb83b7000: installed 532 bytes, 0 fault sites, 2 entries, text 0xffffb83b7000..0xffffb83b7008, fpsimd false
[    4.662195] rust_kjit: kjit: pc 0xffffb83b7000: installed 532 bytes, 0 fault sites, 2 entries, text 0xffffb83b7000..0xffffb83b7008, fpsimd false
[    4.664132] rust_kjit: kjit: pc 0xffffb83b7000: installed 532 bytes, 0 fault sites, 2 entries, text 0xffffb83b7000..0xffffb83b7008, fpsimd false
[    4.665917] rust_kjit: kjit: pc 0xffffb83b7000: installed 532 bytes, 0 fault sites, 2 entries, text 0xffffb83b7000..0xffffb83b7008, fpsimd false
[    4.667766] rust_kjit: kjit: pc 0xffffb83b7000: installed 532 bytes, 0 fault sites, 2 entries, text 0xffffb83b7000..0xffffb83b7008, fpsimd false
[    4.669502] rust_kjit: kjit: pc 0xffffb83b7000: installed 532 bytes, 0 fault sites, 2 entries, text 0xffffb83b7000..0xffffb83b7008, fpsimd false
[    4.671523] rust_kjit: kjit: pc 0xffffb83b7000: installed 532 bytes, 0 fault sites, 2 entries, text 0xffffb83b7000..0xffffb83b7008, fpsimd false
[    4.673240] rust_kjit: kjit: pc 0xffffb83b7000: installed 532 bytes, 0 fault sites, 2 entries, text 0xffffb83b7000..0xffffb83b7008, fpsimd false
[    4.675169] rust_kjit: kjit: pc 0xffffb83b7000: installed 532 bytes, 0 fault sites, 2 entries, text 0xffffb83b7000..0xffffb83b7008, fpsimd false
[    4.676960] rust_kjit: kjit: pc 0xffffb83b7000: installed 532 bytes, 0 fault sites, 2 entries, text 0xffffb83b7000..0xffffb83b7008, fpsimd false
[    4.678849] rust_kjit: kjit: pc 0xffffb83b7000: installed 532 bytes, 0 fault sites, 2 entries, text 0xffffb83b7000..0xffffb83b7008, fpsimd false
[    4.680715] rust_kjit: kjit: pc 0xffffb83b7000: installed 532 bytes, 0 fault sites, 2 entries, text 0xffffb83b7000..0xffffb83b7008, fpsimd false
[    4.682515] rust_kjit: kjit: pc 0xffffb83b7000: installed 532 bytes, 0 fault sites, 2 entries, text 0xffffb83b7000..0xffffb83b7008, fpsimd false
[    4.684298] rust_kjit: kjit: pc 0xffffb83b7000: installed 532 bytes, 0 fault sites, 2 entries, text 0xffffb83b7000..0xffffb83b7008, fpsimd false
[    4.686153] rust_kjit: kjit: pc 0xffffb83b7000: installed 532 bytes, 0 fault sites, 2 entries, text 0xffffb83b7000..0xffffb83b7008, fpsimd false
[    4.687925] rust_kjit: kjit: pc 0xffffb83b7000: installed 532 bytes, 0 fault sites, 2 entries, text 0xffffb83b7000..0xffffb83b7008, fpsimd false
[    4.689936] rust_kjit: kjit: pc 0xffffb83b7000: installed 532 bytes, 0 fault sites, 2 entries, text 0xffffb83b7000..0xffffb83b7008, fpsimd false
[    4.691654] rust_kjit: kjit: pc 0xffffb83b7000: installed 532 bytes, 0 fault sites, 2 entries, text 0xffffb83b7000..0xffffb83b7008, fpsimd false
[    4.693446] rust_kjit: kjit: pc 0xffffb83b7000: installed 532 bytes, 0 fault sites, 2 entries, text 0xffffb83b7000..0xffffb83b7008, fpsimd false
[    4.695498] rust_kjit: kjit: pc 0xffffb83b7000: installed 532 bytes, 0 fault sites, 2 entries, text 0xffffb83b7000..0xffffb83b7008, fpsimd false
[    4.697162] rust_kjit: kjit: pc 0xffffb83b7000: installed 532 bytes, 0 fault sites, 2 entries, text 0xffffb83b7000..0xffffb83b7008, fpsimd false
[    4.699061] rust_kjit: kjit: pc 0xffffb83b7000: installed 532 bytes, 0 fault sites, 2 entries, text 0xffffb83b7000..0xffffb83b7008, fpsimd false
[    4.700834] rust_kjit: kjit: pc 0xffffb83b7000: installed 532 bytes, 0 fault sites, 2 entries, text 0xffffb83b7000..0xffffb83b7008, fpsimd false
[    4.702546] rust_kjit: kjit: pc 0xffffb83b7000: installed 532 bytes, 0 fault sites, 2 entries, text 0xffffb83b7000..0xffffb83b7008, fpsimd false
[    4.704357] rust_kjit: kjit: pc 0xffffb83b7000: installed 532 bytes, 0 fault sites, 2 entries, text 0xffffb83b7000..0xffffb83b7008, fpsimd false
[    4.706060] rust_kjit: kjit: pc 0xffffb83b7000: installed 532 bytes, 0 fault sites, 2 entries, text 0xffffb83b7000..0xffffb83b7008, fpsimd false
[    4.707683] rust_kjit: kjit: pc 0xffffb83b7000: installed 532 bytes, 0 fault sites, 2 entries, text 0xffffb83b7000..0xffffb83b7008, fpsimd false
[    4.709368] rust_kjit: kjit: pc 0xffffb83b7000: installed 532 bytes, 0 fault sites, 2 entries, text 0xffffb83b7000..0xffffb83b7008, fpsimd false
[    4.711411] rust_kjit: kjit: pc 0xffffb83b7000: installed 532 bytes, 0 fault sites, 2 entries, text 0xffffb83b7000..0xffffb83b7008, fpsimd false
[    4.713042] rust_kjit: kjit: pc 0xffffb83b7000: installed 532 bytes, 0 fault sites, 2 entries, text 0xffffb83b7000..0xffffb83b7008, fpsimd false
[    4.714963] rust_kjit: kjit: pc 0xffffb83b7000: installed 532 bytes, 0 fault sites, 2 entries, text 0xffffb83b7000..0xffffb83b7008, fpsimd false
[    4.716696] rust_kjit: kjit: pc 0xffffb83b7000: installed 532 bytes, 0 fault sites, 2 entries, text 0xffffb83b7000..0xffffb83b7008, fpsimd false
[    4.718583] rust_kjit: kjit: pc 0xffffb83b7000: installed 532 bytes, 0 fault sites, 2 entries, text 0xffffb83b7000..0xffffb83b7008, fpsimd false
[    4.720306] rust_kjit: kjit: pc 0xffffb83b7000: installed 532 bytes, 0 fault sites, 2 entries, text 0xffffb83b7000..0xffffb83b7008, fpsimd false
[    4.722192] rust_kjit: kjit: pc 0xffffb83b7000: installed 532 bytes, 0 fault sites, 2 entries, text 0xffffb83b7000..0xffffb83b7008, fpsimd false
[    4.723865] rust_kjit: kjit: pc 0xffffb83b7000: installed 532 bytes, 0 fault sites, 2 entries, text 0xffffb83b7000..0xffffb83b7008, fpsimd false
[    4.725694] rust_kjit: kjit: pc 0xffffb83b7000: installed 532 bytes, 0 fault sites, 2 entries, text 0xffffb83b7000..0xffffb83b7008, fpsimd false
[    4.727423] rust_kjit: kjit: pc 0xffffb83b7000: installed 532 bytes, 0 fault sites, 2 entries, text 0xffffb83b7000..0xffffb83b7008, fpsimd false
[    4.729170] rust_kjit: kjit: pc 0xffffb83b7000: installed 532 bytes, 0 fault sites, 2 entries, text 0xffffb83b7000..0xffffb83b7008, fpsimd false
[    4.731075] rust_kjit: kjit: pc 0xffffb83b7000: installed 532 bytes, 0 fault sites, 2 entries, text 0xffffb83b7000..0xffffb83b7008, fpsimd false
[    4.732836] rust_kjit: kjit: pc 0xffffb83b7000: installed 532 bytes, 0 fault sites, 2 entries, text 0xffffb83b7000..0xffffb83b7008, fpsimd false
[    4.734462] rust_kjit: kjit: pc 0xffffb83b7000: installed 532 bytes, 0 fault sites, 2 entries, text 0xffffb83b7000..0xffffb83b7008, fpsimd false
[    4.736193] rust_kjit: kjit: pc 0xffffb83b7000: installed 532 bytes, 0 fault sites, 2 entries, text 0xffffb83b7000..0xffffb83b7008, fpsimd false
[    4.737952] rust_kjit: kjit: pc 0xffffb83b7000: installed 532 bytes, 0 fault sites, 2 entries, text 0xffffb83b7000..0xffffb83b7008, fpsimd false
[    4.739575] rust_kjit: kjit: pc 0xffffb83b7000: installed 532 bytes, 0 fault sites, 2 entries, text 0xffffb83b7000..0xffffb83b7008, fpsimd false
[    4.741272] rust_kjit: kjit: pc 0xffffb83b7000: installed 532 bytes, 0 fault sites, 2 entries, text 0xffffb83b7000..0xffffb83b7008, fpsimd false
[    4.743217] rust_kjit: kjit: pc 0xffffb83b7000: installed 532 bytes, 0 fault sites, 2 entries, text 0xffffb83b7000..0xffffb83b7008, fpsimd false
[    4.744930] rust_kjit: kjit: pc 0xffffb83b7000: installed 532 bytes, 0 fault sites, 2 entries, text 0xffffb83b7000..0xffffb83b7008, fpsimd false
[    4.746736] rust_kjit: kjit: pc 0xffffb83b7000: installed 532 bytes, 0 fault sites, 2 entries, text 0xffffb83b7000..0xffffb83b7008, fpsimd false
[    4.748528] rust_kjit: kjit: pc 0xffffb83b7000: installed 532 bytes, 0 fault sites, 2 entries, text 0xffffb83b7000..0xffffb83b7008, fpsimd false
[    4.750224] rust_kjit: kjit: pc 0xffffb83b7000: installed 532 bytes, 0 fault sites, 2 entries, text 0xffffb83b7000..0xffffb83b7008, fpsimd false
[    4.751919] rust_kjit: kjit: pc 0xffffb83b7000: installed 532 bytes, 0 fault sites, 2 entries, text 0xffffb83b7000..0xffffb83b7008, fpsimd false
[    4.753737] rust_kjit: kjit: pc 0xffffb83b7000: installed 532 bytes, 0 fault sites, 2 entries, text 0xffffb83b7000..0xffffb83b7008, fpsimd false
[    4.755506] rust_kjit: kjit: pc 0xffffb83b7000: installed 532 bytes, 0 fault sites, 2 entries, text 0xffffb83b7000..0xffffb83b7008, fpsimd false
[    4.757172] rust_kjit: kjit: pc 0xffffb83b7000: installed 532 bytes, 0 fault sites, 2 entries, text 0xffffb83b7000..0xffffb83b7008, fpsimd false
[    4.759016] rust_kjit: kjit: pc 0xffffb83b7000: installed 532 bytes, 0 fault sites, 2 entries, text 0xffffb83b7000..0xffffb83b7008, fpsimd false
[    4.760721] rust_kjit: kjit: pc 0xffffb83b7000: installed 532 bytes, 0 fault sites, 2 entries, text 0xffffb83b7000..0xffffb83b7008, fpsimd false
[    4.762445] rust_kjit: kjit: pc 0xffffb83b7000: installed 532 bytes, 0 fault sites, 2 entries, text 0xffffb83b7000..0xffffb83b7008, fpsimd false
[    4.764192] rust_kjit: kjit: pc 0xffffb83b7000: installed 532 bytes, 0 fault sites, 2 entries, text 0xffffb83b7000..0xffffb83b7008, fpsimd false
[    4.765839] rust_kjit: kjit: pc 0xffffb83b7000: installed 532 bytes, 0 fault sites, 2 entries, text 0xffffb83b7000..0xffffb83b7008, fpsimd false
[    4.767466] rust_kjit: kjit: pc 0xffffb83b7000: installed 532 bytes, 0 fault sites, 2 entries, text 0xffffb83b7000..0xffffb83b7008, fpsimd false
[    4.769145] rust_kjit: kjit: pc 0xffffb83b7000: installed 532 bytes, 0 fault sites, 2 entries, text 0xffffb83b7000..0xffffb83b7008, fpsimd false
[    4.771193] rust_kjit: kjit: pc 0xffffb83b7000: installed 532 bytes, 0 fault sites, 2 entries, text 0xffffb83b7000..0xffffb83b7008, fpsimd false
[    4.773077] rust_kjit: kjit: pc 0xffffb83b7000: installed 532 bytes, 0 fault sites, 2 entries, text 0xffffb83b7000..0xffffb83b7008, fpsimd false
[    4.775036] rust_kjit: kjit: pc 0xffffb83b7000: installed 532 bytes, 0 fault sites, 2 entries, text 0xffffb83b7000..0xffffb83b7008, fpsimd false
[    4.776899] rust_kjit: kjit: pc 0xffffb83b7000: installed 532 bytes, 0 fault sites, 2 entries, text 0xffffb83b7000..0xffffb83b7008, fpsimd false
[    4.778636] rust_kjit: kjit: pc 0xffffb83b7000: installed 532 bytes, 0 fault sites, 2 entries, text 0xffffb83b7000..0xffffb83b7008, fpsimd false
[    4.780518] rust_kjit: kjit: pc 0xffffb83b7000: installed 532 bytes, 0 fault sites, 2 entries, text 0xffffb83b7000..0xffffb83b7008, fpsimd false
[    4.782541] rust_kjit: kjit: pc 0xffffb83b7000: installed 532 bytes, 0 fault sites, 2 entries, text 0xffffb83b7000..0xffffb83b7008, fpsimd false
[    4.784185] rust_kjit: kjit: pc 0xffffb83b7000: installed 532 bytes, 0 fault sites, 2 entries, text 0xffffb83b7000..0xffffb83b7008, fpsimd false
[    4.786027] rust_kjit: kjit: pc 0xffffb83b7000: installed 532 bytes, 0 fault sites, 2 entries, text 0xffffb83b7000..0xffffb83b7008, fpsimd false
[    4.787944] rust_kjit: kjit: pc 0xffffb83b7000: installed 532 bytes, 0 fault sites, 2 entries, text 0xffffb83b7000..0xffffb83b7008, fpsimd false
[    4.789740] rust_kjit: kjit: pc 0xffffb83b7000: installed 532 bytes, 0 fault sites, 2 entries, text 0xffffb83b7000..0xffffb83b7008, fpsimd false
[    4.791499] rust_kjit: kjit: pc 0xffffb83b7000: installed 532 bytes, 0 fault sites, 2 entries, text 0xffffb83b7000..0xffffb83b7008, fpsimd false
[    4.793208] rust_kjit: kjit: pc 0xffffb83b7000: installed 532 bytes, 0 fault sites, 2 entries, text 0xffffb83b7000..0xffffb83b7008, fpsimd false
[    4.795119] rust_kjit: kjit: pc 0xffffb83b7000: installed 532 bytes, 0 fault sites, 2 entries, text 0xffffb83b7000..0xffffb83b7008, fpsimd false
[    4.796984] rust_kjit: kjit: pc 0xffffb83b7000: installed 532 bytes, 0 fault sites, 2 entries, text 0xffffb83b7000..0xffffb83b7008, fpsimd false
[    4.798349] rust_kjit: kjit: pc 0xffffb83b7000: installed 532 bytes, 0 fault sites, 2 entries, text 0xffffb83b7000..0xffffb83b7008, fpsimd false
[    4.800041] rust_kjit: kjit: pc 0xffffb83b7000: installed 532 bytes, 0 fault sites, 2 entries, text 0xffffb83b7000..0xffffb83b7008, fpsimd false
[    4.801970] rust_kjit: kjit: pc 0xffffb83b7000: installed 532 bytes, 0 fault sites, 2 entries, text 0xffffb83b7000..0xffffb83b7008, fpsimd false
[    4.803215] rust_kjit: kjit: pc 0xffffb83b7000: installed 532 bytes, 0 fault sites, 2 entries, text 0xffffb83b7000..0xffffb83b7008, fpsimd false
[    4.805402] rust_kjit: kjit: pc 0xffffb83b7000: installed 532 bytes, 0 fault sites, 2 entries, text 0xffffb83b7000..0xffffb83b7008, fpsimd false
[    4.807466] rust_kjit: kjit: pc 0xffffb83b7000: installed 532 bytes, 0 fault sites, 2 entries, text 0xffffb83b7000..0xffffb83b7008, fpsimd false
[    4.808805] rust_kjit: kjit: pc 0xffffb83b7000: installed 532 bytes, 0 fault sites, 2 entries, text 0xffffb83b7000..0xffffb83b7008, fpsimd false
[    4.810505] rust_kjit: kjit: pc 0xffffb83b7000: installed 532 bytes, 0 fault sites, 2 entries, text 0xffffb83b7000..0xffffb83b7008, fpsimd false
[    4.812197] rust_kjit: kjit: pc 0xffffb83b7000: installed 532 bytes, 0 fault sites, 2 entries, text 0xffffb83b7000..0xffffb83b7008, fpsimd false
[    4.813822] rust_kjit: kjit: pc 0xffffb83b7000: installed 532 bytes, 0 fault sites, 2 entries, text 0xffffb83b7000..0xffffb83b7008, fpsimd false
[    4.815564] rust_kjit: kjit: pc 0xffffb83b7000: installed 532 bytes, 0 fault sites, 2 entries, text 0xffffb83b7000..0xffffb83b7008, fpsimd false
[    4.817223] rust_kjit: kjit: pc 0xffffb83b7000: installed 532 bytes, 0 fault sites, 2 entries, text 0xffffb83b7000..0xffffb83b7008, fpsimd false
[    4.819085] rust_kjit: kjit: pc 0xffffb83b7000: installed 532 bytes, 0 fault sites, 2 entries, text 0xffffb83b7000..0xffffb83b7008, fpsimd false
[    4.820921] rust_kjit: kjit: pc 0xffffb83b7000: installed 532 bytes, 0 fault sites, 2 entries, text 0xffffb83b7000..0xffffb83b7008, fpsimd false
[    4.822787] rust_kjit: kjit: pc 0xffffb83b7000: installed 532 bytes, 0 fault sites, 2 entries, text 0xffffb83b7000..0xffffb83b7008, fpsimd false
[    4.824543] rust_kjit: kjit: pc 0xffffb83b7000: installed 532 bytes, 0 fault sites, 2 entries, text 0xffffb83b7000..0xffffb83b7008, fpsimd false
[    4.826202] rust_kjit: kjit: pc 0xffffb83b7000: installed 532 bytes, 0 fault sites, 2 entries, text 0xffffb83b7000..0xffffb83b7008, fpsimd false
[    4.827934] rust_kjit: kjit: pc 0xffffb83b7000: installed 532 bytes, 0 fault sites, 2 entries, text 0xffffb83b7000..0xffffb83b7008, fpsimd false
[    4.829995] rust_kjit: kjit: pc 0xffffb83b7000: installed 532 bytes, 0 fault sites, 2 entries, text 0xffffb83b7000..0xffffb83b7008, fpsimd false
[    4.831803] rust_kjit: kjit: pc 0xffffb83b7000: installed 532 bytes, 0 fault sites, 2 entries, text 0xffffb83b7000..0xffffb83b7008, fpsimd false
[    4.833510] rust_kjit: kjit: pc 0xffffb83b7000: installed 532 bytes, 0 fault sites, 2 entries, text 0xffffb83b7000..0xffffb83b7008, fpsimd false
[    4.835363] rust_kjit: kjit: pc 0xffffb83b7000: installed 532 bytes, 0 fault sites, 2 entries, text 0xffffb83b7000..0xffffb83b7008, fpsimd false
[    4.837469] rust_kjit: kjit: pc 0xffffb83b7000: installed 532 bytes, 0 fault sites, 2 entries, text 0xffffb83b7000..0xffffb83b7008, fpsimd false
[    4.839470] rust_kjit: kjit: pc 0xffffb83b7000: installed 532 bytes, 0 fault sites, 2 entries, text 0xffffb83b7000..0xffffb83b7008, fpsimd false
[    4.841049] rust_kjit: kjit: pc 0xffffb83b7000: installed 532 bytes, 0 fault sites, 2 entries, text 0xffffb83b7000..0xffffb83b7008, fpsimd false
[    4.842867] rust_kjit: kjit: pc 0xffffb83b7000: installed 532 bytes, 0 fault sites, 2 entries, text 0xffffb83b7000..0xffffb83b7008, fpsimd false
[    4.844705] rust_kjit: kjit: pc 0xffffb83b7000: installed 532 bytes, 0 fault sites, 2 entries, text 0xffffb83b7000..0xffffb83b7008, fpsimd false
[    4.846376] rust_kjit: kjit: pc 0xffffb83b7000: installed 532 bytes, 0 fault sites, 2 entries, text 0xffffb83b7000..0xffffb83b7008, fpsimd false
[    4.848053] rust_kjit: kjit: pc 0xffffb83b7000: installed 532 bytes, 0 fault sites, 2 entries, text 0xffffb83b7000..0xffffb83b7008, fpsimd false
[    4.849871] rust_kjit: kjit: pc 0xffffb83b7000: installed 532 bytes, 0 fault sites, 2 entries, text 0xffffb83b7000..0xffffb83b7008, fpsimd false
[    4.851563] rust_kjit: kjit: pc 0xffffb83b7000: installed 532 bytes, 0 fault sites, 2 entries, text 0xffffb83b7000..0xffffb83b7008, fpsimd false
[    4.853258] rust_kjit: kjit: pc 0xffffb83b7000: installed 532 bytes, 0 fault sites, 2 entries, text 0xffffb83b7000..0xffffb83b7008, fpsimd false
[    4.854830] rust_kjit: kjit: pc 0xffffb83b7000: installed 532 bytes, 0 fault sites, 2 entries, text 0xffffb83b7000..0xffffb83b7008, fpsimd false
[    4.856536] rust_kjit: kjit: pc 0xffffb83b7000: installed 532 bytes, 0 fault sites, 2 entries, text 0xffffb83b7000..0xffffb83b7008, fpsimd false
[    4.858324] rust_kjit: kjit: pc 0xffffb83b7000: installed 532 bytes, 0 fault sites, 2 entries, text 0xffffb83b7000..0xffffb83b7008, fpsimd false
[    4.859575] rust_kjit: kjit: pc 0xffffb83b7000: installed 532 bytes, 0 fault sites, 2 entries, text 0xffffb83b7000..0xffffb83b7008, fpsimd false
[    4.861203] rust_kjit: kjit: pc 0xffffb83b7000: installed 532 bytes, 0 fault sites, 2 entries, text 0xffffb83b7000..0xffffb83b7008, fpsimd false
[    4.863152] rust_kjit: kjit: pc 0xffffb83b7000: installed 532 bytes, 0 fault sites, 2 entries, text 0xffffb83b7000..0xffffb83b7008, fpsimd false
[    4.864867] rust_kjit: kjit: pc 0xffffb83b7000: installed 532 bytes, 0 fault sites, 2 entries, text 0xffffb83b7000..0xffffb83b7008, fpsimd false
[    4.866568] rust_kjit: kjit: pc 0xffffb83b7000: installed 532 bytes, 0 fault sites, 2 entries, text 0xffffb83b7000..0xffffb83b7008, fpsimd false
[    4.868214] rust_kjit: kjit: pc 0xffffb83b7000: installed 532 bytes, 0 fault sites, 2 entries, text 0xffffb83b7000..0xffffb83b7008, fpsimd false
[    4.870052] rust_kjit: kjit: pc 0xffffb83b7000: installed 532 bytes, 0 fault sites, 2 entries, text 0xffffb83b7000..0xffffb83b7008, fpsimd false
[    4.871455] rust_kjit: kjit: pc 0xffffb83b7000: installed 532 bytes, 0 fault sites, 2 entries, text 0xffffb83b7000..0xffffb83b7008, fpsimd false
[    4.873185] rust_kjit: kjit: pc 0xffffb83b7000: installed 532 bytes, 0 fault sites, 2 entries, text 0xffffb83b7000..0xffffb83b7008, fpsimd false
[    4.875098] rust_kjit: kjit: pc 0xffffb83b7000: installed 532 bytes, 0 fault sites, 2 entries, text 0xffffb83b7000..0xffffb83b7008, fpsimd false
[    4.876301] rust_kjit: kjit: pc 0xffffb83b7000: installed 532 bytes, 0 fault sites, 2 entries, text 0xffffb83b7000..0xffffb83b7008, fpsimd false
[    4.878213] rust_kjit: kjit: pc 0xffffb83b7000: installed 532 bytes, 0 fault sites, 2 entries, text 0xffffb83b7000..0xffffb83b7008, fpsimd false
[    4.880257] rust_kjit: kjit: pc 0xffffb83b7000: installed 532 bytes, 0 fault sites, 2 entries, text 0xffffb83b7000..0xffffb83b7008, fpsimd false
[    4.881720] rust_kjit: kjit: pc 0xffffb83b7000: installed 532 bytes, 0 fault sites, 2 entries, text 0xffffb83b7000..0xffffb83b7008, fpsimd false
[    4.883483] rust_kjit: kjit: pc 0xffffb83b7000: installed 532 bytes, 0 fault sites, 2 entries, text 0xffffb83b7000..0xffffb83b7008, fpsimd false
[    4.885263] rust_kjit: kjit: pc 0xffffb83b7000: installed 532 bytes, 0 fault sites, 2 entries, text 0xffffb83b7000..0xffffb83b7008, fpsimd false
[    4.887303] rust_kjit: kjit: pc 0xffffb83b7000: installed 532 bytes, 0 fault sites, 2 entries, text 0xffffb83b7000..0xffffb83b7008, fpsimd false
[    4.889030] rust_kjit: kjit: pc 0xffffb83b7000: installed 532 bytes, 0 fault sites, 2 entries, text 0xffffb83b7000..0xffffb83b7008, fpsimd false
[    4.890866] rust_kjit: kjit: pc 0xffffb83b7000: installed 532 bytes, 0 fault sites, 2 entries, text 0xffffb83b7000..0xffffb83b7008, fpsimd false
[    4.892552] rust_kjit: kjit: pc 0xffffb83b7000: installed 532 bytes, 0 fault sites, 2 entries, text 0xffffb83b7000..0xffffb83b7008, fpsimd false
[    4.894335] rust_kjit: kjit: pc 0xffffb83b7000: installed 532 bytes, 0 fault sites, 2 entries, text 0xffffb83b7000..0xffffb83b7008, fpsimd false
[    4.896426] rust_kjit: kjit: pc 0xffffb83b7000: installed 532 bytes, 0 fault sites, 2 entries, text 0xffffb83b7000..0xffffb83b7008, fpsimd false
[    4.898233] rust_kjit: kjit: pc 0xffffb83b7000: installed 532 bytes, 0 fault sites, 2 entries, text 0xffffb83b7000..0xffffb83b7008, fpsimd false
[    4.899993] rust_kjit: kjit: pc 0xffffb83b7000: installed 532 bytes, 0 fault sites, 2 entries, text 0xffffb83b7000..0xffffb83b7008, fpsimd false
[    4.901808] rust_kjit: kjit: pc 0xffffb83b7000: installed 532 bytes, 0 fault sites, 2 entries, text 0xffffb83b7000..0xffffb83b7008, fpsimd false
[    4.903654] rust_kjit: kjit: pc 0xffffb83b7000: installed 532 bytes, 0 fault sites, 2 entries, text 0xffffb83b7000..0xffffb83b7008, fpsimd false
[    4.905421] rust_kjit: kjit: pc 0xffffb83b7000: installed 532 bytes, 0 fault sites, 2 entries, text 0xffffb83b7000..0xffffb83b7008, fpsimd false
[    4.907370] rust_kjit: kjit: pc 0xffffb83b7000: installed 532 bytes, 0 fault sites, 2 entries, text 0xffffb83b7000..0xffffb83b7008, fpsimd false
[    4.909037] rust_kjit: kjit: pc 0xffffb83b7000: installed 532 bytes, 0 fault sites, 2 entries, text 0xffffb83b7000..0xffffb83b7008, fpsimd false
[    4.910727] rust_kjit: kjit: pc 0xffffb83b7000: installed 532 bytes, 0 fault sites, 2 entries, text 0xffffb83b7000..0xffffb83b7008, fpsimd false
[    4.912843] rust_kjit: kjit: pc 0xffffb83b7000: installed 532 bytes, 0 fault sites, 2 entries, text 0xffffb83b7000..0xffffb83b7008, fpsimd false
[    4.914588] rust_kjit: kjit: pc 0xffffb83b7000: installed 532 bytes, 0 fault sites, 2 entries, text 0xffffb83b7000..0xffffb83b7008, fpsimd false
[    4.916288] rust_kjit: kjit: pc 0xffffb83b7000: installed 532 bytes, 0 fault sites, 2 entries, text 0xffffb83b7000..0xffffb83b7008, fpsimd false
[    4.918088] rust_kjit: kjit: pc 0xffffb83b7000: installed 532 bytes, 0 fault sites, 2 entries, text 0xffffb83b7000..0xffffb83b7008, fpsimd false
[    4.919744] rust_kjit: kjit: pc 0xffffb83b7000: installed 532 bytes, 0 fault sites, 2 entries, text 0xffffb83b7000..0xffffb83b7008, fpsimd false
[    4.921527] rust_kjit: kjit: pc 0xffffb83b7000: installed 532 bytes, 0 fault sites, 2 entries, text 0xffffb83b7000..0xffffb83b7008, fpsimd false
[    4.923567] rust_kjit: kjit: pc 0xffffb83b7000: installed 532 bytes, 0 fault sites, 2 entries, text 0xffffb83b7000..0xffffb83b7008, fpsimd false
[    4.925275] rust_kjit: kjit: pc 0xffffb83b7000: installed 532 bytes, 0 fault sites, 2 entries, text 0xffffb83b7000..0xffffb83b7008, fpsimd false
[    4.927239] rust_kjit: kjit: pc 0xffffb83b7000: installed 532 bytes, 0 fault sites, 2 entries, text 0xffffb83b7000..0xffffb83b7008, fpsimd false
[    4.929061] rust_kjit: kjit: pc 0xffffb83b7000: installed 532 bytes, 0 fault sites, 2 entries, text 0xffffb83b7000..0xffffb83b7008, fpsimd false
[    4.930733] rust_kjit: kjit: pc 0xffffb83b7000: installed 532 bytes, 0 fault sites, 2 entries, text 0xffffb83b7000..0xffffb83b7008, fpsimd false
[    4.932469] rust_kjit: kjit: pc 0xffffb83b7000: installed 532 bytes, 0 fault sites, 2 entries, text 0xffffb83b7000..0xffffb83b7008, fpsimd false
[    4.934668] rust_kjit: kjit: pc 0xffffb83b7000: installed 532 bytes, 0 fault sites, 2 entries, text 0xffffb83b7000..0xffffb83b7008, fpsimd false
[    4.936258] rust_kjit: kjit: pc 0xffffb83b7000: installed 532 bytes, 0 fault sites, 2 entries, text 0xffffb83b7000..0xffffb83b7008, fpsimd false
[    4.937964] rust_kjit: kjit: pc 0xffffb83b7000: installed 532 bytes, 0 fault sites, 2 entries, text 0xffffb83b7000..0xffffb83b7008, fpsimd false
[    4.939790] rust_kjit: kjit: pc 0xffffb83b7000: installed 532 bytes, 0 fault sites, 2 entries, text 0xffffb83b7000..0xffffb83b7008, fpsimd false
[    4.941520] rust_kjit: kjit: pc 0xffffb83b7000: installed 532 bytes, 0 fault sites, 2 entries, text 0xffffb83b7000..0xffffb83b7008, fpsimd false
[    4.943488] rust_kjit: kjit: pc 0xffffb83b7000: installed 532 bytes, 0 fault sites, 2 entries, text 0xffffb83b7000..0xffffb83b7008, fpsimd false
[    4.945384] rust_kjit: kjit: pc 0xffffb83b7000: installed 532 bytes, 0 fault sites, 2 entries, text 0xffffb83b7000..0xffffb83b7008, fpsimd false
[    4.947330] rust_kjit: kjit: pc 0xffffb83b7000: installed 532 bytes, 0 fault sites, 2 entries, text 0xffffb83b7000..0xffffb83b7008, fpsimd false
[    4.949058] rust_kjit: kjit: pc 0xffffb83b7000: installed 532 bytes, 0 fault sites, 2 entries, text 0xffffb83b7000..0xffffb83b7008, fpsimd false
[    4.951060] rust_kjit: kjit: pc 0xffffb83b7000: installed 532 bytes, 0 fault sites, 2 entries, text 0xffffb83b7000..0xffffb83b7008, fpsimd false
[    4.953220] rust_kjit: kjit: pc 0xffffb83b7000: installed 532 bytes, 0 fault sites, 2 entries, text 0xffffb83b7000..0xffffb83b7008, fpsimd false
[    4.955675] rust_kjit: kjit: pc 0xffffb83b7000: installed 532 bytes, 0 fault sites, 2 entries, text 0xffffb83b7000..0xffffb83b7008, fpsimd false
[    4.957732] rust_kjit: kjit: pc 0xffffb83b7000: installed 532 bytes, 0 fault sites, 2 entries, text 0xffffb83b7000..0xffffb83b7008, fpsimd false
[    4.959472] rust_kjit: kjit: pc 0xffffb83b7000: installed 532 bytes, 0 fault sites, 2 entries, text 0xffffb83b7000..0xffffb83b7008, fpsimd false
[    4.960849] rust_kjit: kjit: pc 0xffffb83b7000: installed 532 bytes, 0 fault sites, 2 entries, text 0xffffb83b7000..0xffffb83b7008, fpsimd false
[    4.962869] rust_kjit: kjit: pc 0xffffb83b7000: installed 532 bytes, 0 fault sites, 2 entries, text 0xffffb83b7000..0xffffb83b7008, fpsimd false
[    4.964778] rust_kjit: kjit: pc 0xffffb83b7000: installed 532 bytes, 0 fault sites, 2 entries, text 0xffffb83b7000..0xffffb83b7008, fpsimd false
[    4.966044] rust_kjit: kjit: pc 0xffffb83b7000: installed 532 bytes, 0 fault sites, 2 entries, text 0xffffb83b7000..0xffffb83b7008, fpsimd false
[    4.967869] rust_kjit: kjit: pc 0xffffb83b7000: installed 532 bytes, 0 fault sites, 2 entries, text 0xffffb83b7000..0xffffb83b7008, fpsimd false
[    4.970039] rust_kjit: kjit: pc 0xffffb83b7000: installed 532 bytes, 0 fault sites, 2 entries, text 0xffffb83b7000..0xffffb83b7008, fpsimd false
[    4.972129] rust_kjit: kjit: pc 0xffffb83b7000: installed 532 bytes, 0 fault sites, 2 entries, text 0xffffb83b7000..0xffffb83b7008, fpsimd false
[    4.974021] rust_kjit: kjit: pc 0xffffb83b7000: installed 532 bytes, 0 fault sites, 2 entries, text 0xffffb83b7000..0xffffb83b7008, fpsimd false
[    4.975863] rust_kjit: kjit: pc 0xffffb83b7000: installed 532 bytes, 0 fault sites, 2 entries, text 0xffffb83b7000..0xffffb83b7008, fpsimd false
[    4.977762] rust_kjit: kjit: pc 0xffffb83b7000: installed 532 bytes, 0 fault sites, 2 entries, text 0xffffb83b7000..0xffffb83b7008, fpsimd false
[    4.979642] rust_kjit: kjit: pc 0xffffb83b7000: installed 532 bytes, 0 fault sites, 2 entries, text 0xffffb83b7000..0xffffb83b7008, fpsimd false
[    4.981430] rust_kjit: kjit: pc 0xffffb83b7000: installed 532 bytes, 0 fault sites, 2 entries, text 0xffffb83b7000..0xffffb83b7008, fpsimd false
[    4.983448] rust_kjit: kjit: pc 0xffffb83b7000: installed 532 bytes, 0 fault sites, 2 entries, text 0xffffb83b7000..0xffffb83b7008, fpsimd false
[    4.984844] rust_kjit: kjit: pc 0xffffb83b7000: installed 532 bytes, 0 fault sites, 2 entries, text 0xffffb83b7000..0xffffb83b7008, fpsimd false
[    4.986680] rust_kjit: kjit: pc 0xffffb83b7000: installed 532 bytes, 0 fault sites, 2 entries, text 0xffffb83b7000..0xffffb83b7008, fpsimd false
[    4.988464] rust_kjit: kjit: pc 0xffffb83b7000: installed 532 bytes, 0 fault sites, 2 entries, text 0xffffb83b7000..0xffffb83b7008, fpsimd false
[    4.989943] rust_kjit: kjit: pc 0xffffb83b7000: installed 532 bytes, 0 fault sites, 2 entries, text 0xffffb83b7000..0xffffb83b7008, fpsimd false
[    4.991781] rust_kjit: kjit: pc 0xffffb83b7000: installed 532 bytes, 0 fault sites, 2 entries, text 0xffffb83b7000..0xffffb83b7008, fpsimd false
[    4.994175] rust_kjit: kjit: pc 0xffffb83b7000: installed 532 bytes, 0 fault sites, 2 entries, text 0xffffb83b7000..0xffffb83b7008, fpsimd false
[    4.995598] rust_kjit: kjit: pc 0xffffb83b7000: installed 532 bytes, 0 fault sites, 2 entries, text 0xffffb83b7000..0xffffb83b7008, fpsimd false
[    4.997972] rust_kjit: kjit: pc 0xffffb83b7000: installed 532 bytes, 0 fault sites, 2 entries, text 0xffffb83b7000..0xffffb83b7008, fpsimd false
[    4.999790] rust_kjit: kjit: pc 0xffffb83b7000: installed 532 bytes, 0 fault sites, 2 entries, text 0xffffb83b7000..0xffffb83b7008, fpsimd false
[    5.001064] rust_kjit: kjit: pc 0xffffb83b7000: installed 532 bytes, 0 fault sites, 2 entries, text 0xffffb83b7000..0xffffb83b7008, fpsimd false
[    5.003052] rust_kjit: kjit: pc 0xffffb83b7000: installed 532 bytes, 0 fault sites, 2 entries, text 0xffffb83b7000..0xffffb83b7008, fpsimd false
[    5.004947] rust_kjit: kjit: pc 0xffffb83b7000: installed 532 bytes, 0 fault sites, 2 entries, text 0xffffb83b7000..0xffffb83b7008, fpsimd false
[    5.006320] rust_kjit: kjit: pc 0xffffb83b7000: installed 532 bytes, 0 fault sites, 2 entries, text 0xffffb83b7000..0xffffb83b7008, fpsimd false
[    5.008216] rust_kjit: kjit: pc 0xffffb83b7000: installed 532 bytes, 0 fault sites, 2 entries, text 0xffffb83b7000..0xffffb83b7008, fpsimd false
[    5.010066] rust_kjit: kjit: pc 0xffffb83b7000: installed 532 bytes, 0 fault sites, 2 entries, text 0xffffb83b7000..0xffffb83b7008, fpsimd false
[    5.011972] rust_kjit: kjit: pc 0xffffb83b7000: installed 532 bytes, 0 fault sites, 2 entries, text 0xffffb83b7000..0xffffb83b7008, fpsimd false
[    5.013315] rust_kjit: kjit: pc 0xffffb83b7000: installed 532 bytes, 0 fault sites, 2 entries, text 0xffffb83b7000..0xffffb83b7008, fpsimd false
[    5.015292] rust_kjit: kjit: pc 0xffffb83b7000: installed 532 bytes, 0 fault sites, 2 entries, text 0xffffb83b7000..0xffffb83b7008, fpsimd false
[    5.017287] rust_kjit: kjit: pc 0xffffb83b7000: installed 532 bytes, 0 fault sites, 2 entries, text 0xffffb83b7000..0xffffb83b7008, fpsimd false
[    5.018725] rust_kjit: kjit: pc 0xffffb83b7000: installed 532 bytes, 0 fault sites, 2 entries, text 0xffffb83b7000..0xffffb83b7008, fpsimd false
[    5.020810] rust_kjit: kjit: pc 0xffffb83b7000: installed 532 bytes, 0 fault sites, 2 entries, text 0xffffb83b7000..0xffffb83b7008, fpsimd false
[    5.023353] rust_kjit: kjit: pc 0xffffb83b7000: installed 532 bytes, 0 fault sites, 2 entries, text 0xffffb83b7000..0xffffb83b7008, fpsimd false
[    5.024543] rust_kjit: kjit: pc 0xffffb83b7000: installed 532 bytes, 0 fault sites, 2 entries, text 0xffffb83b7000..0xffffb83b7008, fpsimd false
[    5.026408] rust_kjit: kjit: pc 0xffffb83b7000: installed 532 bytes, 0 fault sites, 2 entries, text 0xffffb83b7000..0xffffb83b7008, fpsimd false
[    5.028932] rust_kjit: kjit: pc 0xffffb83b7000: installed 532 bytes, 0 fault sites, 2 entries, text 0xffffb83b7000..0xffffb83b7008, fpsimd false
[    5.030833] rust_kjit: kjit: pc 0xffffb83b7000: installed 532 bytes, 0 fault sites, 2 entries, text 0xffffb83b7000..0xffffb83b7008, fpsimd false
[    5.032042] rust_kjit: kjit: pc 0xffffb83b7000: installed 532 bytes, 0 fault sites, 2 entries, text 0xffffb83b7000..0xffffb83b7008, fpsimd false
[    5.034090] rust_kjit: kjit: pc 0xffffb83b7000: installed 532 bytes, 0 fault sites, 2 entries, text 0xffffb83b7000..0xffffb83b7008, fpsimd false
[    5.035758] rust_kjit: kjit: pc 0xffffb83b7000: installed 532 bytes, 0 fault sites, 2 entries, text 0xffffb83b7000..0xffffb83b7008, fpsimd false
[    5.037400] rust_kjit: kjit: pc 0xffffb83b7000: installed 532 bytes, 0 fault sites, 2 entries, text 0xffffb83b7000..0xffffb83b7008, fpsimd false
[    5.040014] rust_kjit: kjit: pc 0xffffb83b7000: installed 532 bytes, 0 fault sites, 2 entries, text 0xffffb83b7000..0xffffb83b7008, fpsimd false
[    5.041334] rust_kjit: kjit: pc 0xffffb83b7000: installed 532 bytes, 0 fault sites, 2 entries, text 0xffffb83b7000..0xffffb83b7008, fpsimd false
[    5.043420] rust_kjit: kjit: pc 0xffffb83b7000: installed 532 bytes, 0 fault sites, 2 entries, text 0xffffb83b7000..0xffffb83b7008, fpsimd false
[    5.045935] rust_kjit: kjit: pc 0xffffb83b7000: installed 532 bytes, 0 fault sites, 2 entries, text 0xffffb83b7000..0xffffb83b7008, fpsimd false
[    5.047820] rust_kjit: kjit: pc 0xffffb83b7000: installed 532 bytes, 0 fault sites, 2 entries, text 0xffffb83b7000..0xffffb83b7008, fpsimd false
[    5.050292] rust_kjit: kjit: pc 0xffffb83b7000: installed 532 bytes, 0 fault sites, 2 entries, text 0xffffb83b7000..0xffffb83b7008, fpsimd false
[    5.052474] rust_kjit: kjit: pc 0xffffb83b7000: installed 532 bytes, 0 fault sites, 2 entries, text 0xffffb83b7000..0xffffb83b7008, fpsimd false
[    5.054002] rust_kjit: kjit: pc 0xffffb83b7000: installed 532 bytes, 0 fault sites, 2 entries, text 0xffffb83b7000..0xffffb83b7008, fpsimd false
[    5.055791] rust_kjit: kjit: pc 0xffffb83b7000: installed 532 bytes, 0 fault sites, 2 entries, text 0xffffb83b7000..0xffffb83b7008, fpsimd false
[    5.057990] rust_kjit: kjit: pc 0xffffb83b7000: installed 532 bytes, 0 fault sites, 2 entries, text 0xffffb83b7000..0xffffb83b7008, fpsimd false
[    5.059660] rust_kjit: kjit: pc 0xffffb83b7000: installed 532 bytes, 0 fault sites, 2 entries, text 0xffffb83b7000..0xffffb83b7008, fpsimd false
[    5.061441] rust_kjit: kjit: pc 0xffffb83b7000: installed 532 bytes, 0 fault sites, 2 entries, text 0xffffb83b7000..0xffffb83b7008, fpsimd false
[    5.063234] rust_kjit: kjit: pc 0xffffb83b7000: installed 532 bytes, 0 fault sites, 2 entries, text 0xffffb83b7000..0xffffb83b7008, fpsimd false
[    5.065323] rust_kjit: kjit: pc 0xffffb83b7000: installed 532 bytes, 0 fault sites, 2 entries, text 0xffffb83b7000..0xffffb83b7008, fpsimd false
[    5.066848] rust_kjit: kjit: pc 0xffffb83b7000: installed 532 bytes, 0 fault sites, 2 entries, text 0xffffb83b7000..0xffffb83b7008, fpsimd false
[    5.068581] rust_kjit: kjit: pc 0xffffb83b7000: installed 532 bytes, 0 fault sites, 2 entries, text 0xffffb83b7000..0xffffb83b7008, fpsimd false
[    5.070485] rust_kjit: kjit: pc 0xffffb83b7000: installed 532 bytes, 0 fault sites, 2 entries, text 0xffffb83b7000..0xffffb83b7008, fpsimd false
[    5.071833] rust_kjit: kjit: pc 0xffffb83b7000: installed 532 bytes, 0 fault sites, 2 entries, text 0xffffb83b7000..0xffffb83b7008, fpsimd false
[    5.073735] rust_kjit: kjit: pc 0xffffb83b7000: installed 532 bytes, 0 fault sites, 2 entries, text 0xffffb83b7000..0xffffb83b7008, fpsimd false
[    5.075703] rust_kjit: kjit: pc 0xffffb83b7000: installed 532 bytes, 0 fault sites, 2 entries, text 0xffffb83b7000..0xffffb83b7008, fpsimd false
[    5.077541] rust_kjit: kjit: pc 0xffffb83b7000: installed 532 bytes, 0 fault sites, 2 entries, text 0xffffb83b7000..0xffffb83b7008, fpsimd false
[    5.079040] rust_kjit: kjit: pc 0xffffb83b7000: installed 532 bytes, 0 fault sites, 2 entries, text 0xffffb83b7000..0xffffb83b7008, fpsimd false
[    5.080721] rust_kjit: kjit: pc 0xffffb83b7000: installed 532 bytes, 0 fault sites, 2 entries, text 0xffffb83b7000..0xffffb83b7008, fpsimd false
[    5.082525] rust_kjit: kjit: pc 0xffffb83b7000: installed 532 bytes, 0 fault sites, 2 entries, text 0xffffb83b7000..0xffffb83b7008, fpsimd false
[    5.084604] rust_kjit: kjit: pc 0xffffb83b7000: installed 532 bytes, 0 fault sites, 2 entries, text 0xffffb83b7000..0xffffb83b7008, fpsimd false
[    5.086046] rust_kjit: kjit: pc 0xffffb83b7000: installed 532 bytes, 0 fault sites, 2 entries, text 0xffffb83b7000..0xffffb83b7008, fpsimd false
[    5.087902] rust_kjit: kjit: pc 0xffffb83b7000: installed 532 bytes, 0 fault sites, 2 entries, text 0xffffb83b7000..0xffffb83b7008, fpsimd false
[    5.089678] rust_kjit: kjit: pc 0xffffb83b7000: installed 532 bytes, 0 fault sites, 2 entries, text 0xffffb83b7000..0xffffb83b7008, fpsimd false
[    5.091328] rust_kjit: kjit: pc 0xffffb83b7000: installed 532 bytes, 0 fault sites, 2 entries, text 0xffffb83b7000..0xffffb83b7008, fpsimd false
[    5.093252] rust_kjit: kjit: pc 0xffffb83b7000: installed 532 bytes, 0 fault sites, 2 entries, text 0xffffb83b7000..0xffffb83b7008, fpsimd false
[    5.095910] rust_kjit: kjit: pc 0xffffb83b7000: installed 532 bytes, 0 fault sites, 2 entries, text 0xffffb83b7000..0xffffb83b7008, fpsimd false
[    5.097655] rust_kjit: kjit: pc 0xffffb83b7000: installed 532 bytes, 0 fault sites, 2 entries, text 0xffffb83b7000..0xffffb83b7008, fpsimd false
[    5.099453] rust_kjit: kjit: pc 0xffffb83b7000: installed 532 bytes, 0 fault sites, 2 entries, text 0xffffb83b7000..0xffffb83b7008, fpsimd false
[    5.101370] rust_kjit: kjit: pc 0xffffb83b7000: installed 532 bytes, 0 fault sites, 2 entries, text 0xffffb83b7000..0xffffb83b7008, fpsimd false
[    5.103734] rust_kjit: kjit: pc 0xffffb83b7000: installed 532 bytes, 0 fault sites, 2 entries, text 0xffffb83b7000..0xffffb83b7008, fpsimd false
[    5.105806] rust_kjit: kjit: pc 0xffffb83b7000: installed 532 bytes, 0 fault sites, 2 entries, text 0xffffb83b7000..0xffffb83b7008, fpsimd false
[    5.107850] rust_kjit: kjit: pc 0xffffb83b7000: installed 532 bytes, 0 fault sites, 2 entries, text 0xffffb83b7000..0xffffb83b7008, fpsimd false
[    5.110293] rust_kjit: kjit: pc 0xffffb83b7000: installed 532 bytes, 0 fault sites, 2 entries, text 0xffffb83b7000..0xffffb83b7008, fpsimd false
[    5.112233] rust_kjit: kjit: pc 0xffffb83b7000: installed 532 bytes, 0 fault sites, 2 entries, text 0xffffb83b7000..0xffffb83b7008, fpsimd false
[    5.114957] rust_kjit: kjit: pc 0xffffb83b7000: installed 532 bytes, 0 fault sites, 2 entries, text 0xffffb83b7000..0xffffb83b7008, fpsimd false
[    5.116803] rust_kjit: kjit: pc 0xffffb83b7000: installed 532 bytes, 0 fault sites, 2 entries, text 0xffffb83b7000..0xffffb83b7008, fpsimd false
[    5.118748] rust_kjit: kjit: pc 0xffffb83b7000: installed 532 bytes, 0 fault sites, 2 entries, text 0xffffb83b7000..0xffffb83b7008, fpsimd false
[    5.121189] rust_kjit: kjit: pc 0xffffb83b7000: installed 532 bytes, 0 fault sites, 2 entries, text 0xffffb83b7000..0xffffb83b7008, fpsimd false
[    5.123051] rust_kjit: kjit: pc 0xffffb83b7000: installed 532 bytes, 0 fault sites, 2 entries, text 0xffffb83b7000..0xffffb83b7008, fpsimd false
[    5.124908] rust_kjit: kjit: pc 0xffffb83b7000: installed 532 bytes, 0 fault sites, 2 entries, text 0xffffb83b7000..0xffffb83b7008, fpsimd false
[    5.127429] rust_kjit: kjit: pc 0xffffb83b7000: installed 532 bytes, 0 fault sites, 2 entries, text 0xffffb83b7000..0xffffb83b7008, fpsimd false
[    5.129050] rust_kjit: kjit: pc 0xffffb83b7000: installed 532 bytes, 0 fault sites, 2 entries, text 0xffffb83b7000..0xffffb83b7008, fpsimd false
[    5.131364] rust_kjit: kjit: pc 0xffffb83b7000: installed 532 bytes, 0 fault sites, 2 entries, text 0xffffb83b7000..0xffffb83b7008, fpsimd false
[    5.133119] rust_kjit: kjit: pc 0xffffb83b7000: installed 532 bytes, 0 fault sites, 2 entries, text 0xffffb83b7000..0xffffb83b7008, fpsimd false
[    5.135291] rust_kjit: kjit: pc 0xffffb83b7000: installed 532 bytes, 0 fault sites, 2 entries, text 0xffffb83b7000..0xffffb83b7008, fpsimd false
[    5.136840] rust_kjit: kjit: pc 0xffffb83b7000: installed 532 bytes, 0 fault sites, 2 entries, text 0xffffb83b7000..0xffffb83b7008, fpsimd false
[    5.138698] rust_kjit: kjit: pc 0xffffb83b7000: installed 532 bytes, 0 fault sites, 2 entries, text 0xffffb83b7000..0xffffb83b7008, fpsimd false
[    5.140419] rust_kjit: kjit: pc 0xffffb83b7000: installed 532 bytes, 0 fault sites, 2 entries, text 0xffffb83b7000..0xffffb83b7008, fpsimd false
[    5.142438] rust_kjit: kjit: pc 0xffffb83b7000: installed 532 bytes, 0 fault sites, 2 entries, text 0xffffb83b7000..0xffffb83b7008, fpsimd false
[    5.143783] rust_kjit: kjit: pc 0xffffb83b7000: installed 532 bytes, 0 fault sites, 2 entries, text 0xffffb83b7000..0xffffb83b7008, fpsimd false
[    5.145416] rust_kjit: kjit: pc 0xffffb83b7000: installed 532 bytes, 0 fault sites, 2 entries, text 0xffffb83b7000..0xffffb83b7008, fpsimd false
[    5.148238] rust_kjit: kjit: pc 0xffffb83b7000: installed 532 bytes, 0 fault sites, 2 entries, text 0xffffb83b7000..0xffffb83b7008, fpsimd false
[    5.150093] rust_kjit: kjit: pc 0xffffb83b7000: installed 532 bytes, 0 fault sites, 2 entries, text 0xffffb83b7000..0xffffb83b7008, fpsimd false
[    5.151298] rust_kjit: kjit: pc 0xffffb83b7000: installed 532 bytes, 0 fault sites, 2 entries, text 0xffffb83b7000..0xffffb83b7008, fpsimd false
[    5.153030] rust_kjit: kjit: pc 0xffffb83b7000: installed 532 bytes, 0 fault sites, 2 entries, text 0xffffb83b7000..0xffffb83b7008, fpsimd false
[    5.155224] rust_kjit: kjit: pc 0xffffb83b7000: installed 532 bytes, 0 fault sites, 2 entries, text 0xffffb83b7000..0xffffb83b7008, fpsimd false
[    5.156579] rust_kjit: kjit: pc 0xffffb83b7000: installed 532 bytes, 0 fault sites, 2 entries, text 0xffffb83b7000..0xffffb83b7008, fpsimd false
[    5.158402] rust_kjit: kjit: pc 0xffffb83b7000: installed 532 bytes, 0 fault sites, 2 entries, text 0xffffb83b7000..0xffffb83b7008, fpsimd false
[    5.160234] rust_kjit: kjit: pc 0xffffb83b7000: installed 532 bytes, 0 fault sites, 2 entries, text 0xffffb83b7000..0xffffb83b7008, fpsimd false
[    5.162093] rust_kjit: kjit: pc 0xffffb83b7000: installed 532 bytes, 0 fault sites, 2 entries, text 0xffffb83b7000..0xffffb83b7008, fpsimd false
[    5.163377] rust_kjit: kjit: pc 0xffffb83b7000: installed 532 bytes, 0 fault sites, 2 entries, text 0xffffb83b7000..0xffffb83b7008, fpsimd false
[    5.165261] rust_kjit: kjit: pc 0xffffb83b7000: installed 532 bytes, 0 fault sites, 2 entries, text 0xffffb83b7000..0xffffb83b7008, fpsimd false
[    5.167127] rust_kjit: kjit: pc 0xffffb83b7000: installed 532 bytes, 0 fault sites, 2 entries, text 0xffffb83b7000..0xffffb83b7008, fpsimd false
[    5.168296] rust_kjit: kjit: pc 0xffffb83b7000: installed 532 bytes, 0 fault sites, 2 entries, text 0xffffb83b7000..0xffffb83b7008, fpsimd false
[    5.170310] rust_kjit: kjit: pc 0xffffb83b7000: installed 532 bytes, 0 fault sites, 2 entries, text 0xffffb83b7000..0xffffb83b7008, fpsimd false
[    5.172248] rust_kjit: kjit: pc 0xffffb83b7000: installed 532 bytes, 0 fault sites, 2 entries, text 0xffffb83b7000..0xffffb83b7008, fpsimd false
[    5.173630] rust_kjit: kjit: pc 0xffffb83b7000: installed 532 bytes, 0 fault sites, 2 entries, text 0xffffb83b7000..0xffffb83b7008, fpsimd false
[    5.175542] rust_kjit: kjit: pc 0xffffb83b7000: installed 532 bytes, 0 fault sites, 2 entries, text 0xffffb83b7000..0xffffb83b7008, fpsimd false
[    5.177181] rust_kjit: kjit: pc 0xffffb83b7000: installed 532 bytes, 0 fault sites, 2 entries, text 0xffffb83b7000..0xffffb83b7008, fpsimd false
[    5.179103] rust_kjit: kjit: pc 0xffffb83b7000: installed 532 bytes, 0 fault sites, 2 entries, text 0xffffb83b7000..0xffffb83b7008, fpsimd false
[    5.180482] rust_kjit: kjit: pc 0xffffb83b7000: installed 532 bytes, 0 fault sites, 2 entries, text 0xffffb83b7000..0xffffb83b7008, fpsimd false
[    5.182417] rust_kjit: kjit: pc 0xffffb83b7000: installed 532 bytes, 0 fault sites, 2 entries, text 0xffffb83b7000..0xffffb83b7008, fpsimd false
[    5.184167] rust_kjit: kjit: pc 0xffffb83b7000: installed 532 bytes, 0 fault sites, 2 entries, text 0xffffb83b7000..0xffffb83b7008, fpsimd false
[    5.185515] rust_kjit: kjit: pc 0xffffb83b7000: installed 532 bytes, 0 fault sites, 2 entries, text 0xffffb83b7000..0xffffb83b7008, fpsimd false
[    5.187808] rust_kjit: kjit: pc 0xffffb83b7000: installed 532 bytes, 0 fault sites, 2 entries, text 0xffffb83b7000..0xffffb83b7008, fpsimd false
[    5.189844] rust_kjit: kjit: pc 0xffffb83b7000: installed 532 bytes, 0 fault sites, 2 entries, text 0xffffb83b7000..0xffffb83b7008, fpsimd false
[    5.191284] rust_kjit: kjit: pc 0xffffb83b7000: installed 532 bytes, 0 fault sites, 2 entries, text 0xffffb83b7000..0xffffb83b7008, fpsimd false
[    5.193051] rust_kjit: kjit: pc 0xffffb83b7000: installed 532 bytes, 0 fault sites, 2 entries, text 0xffffb83b7000..0xffffb83b7008, fpsimd false
[    5.194888] rust_kjit: kjit: pc 0xffffb83b7000: installed 532 bytes, 0 fault sites, 2 entries, text 0xffffb83b7000..0xffffb83b7008, fpsimd false
[    5.197022] rust_kjit: kjit: pc 0xffffb83b7000: installed 532 bytes, 0 fault sites, 2 entries, text 0xffffb83b7000..0xffffb83b7008, fpsimd false
[    5.198333] rust_kjit: kjit: pc 0xffffb83b7000: installed 532 bytes, 0 fault sites, 2 entries, text 0xffffb83b7000..0xffffb83b7008, fpsimd false
[    5.200056] rust_kjit: kjit: pc 0xffffb83b7000: installed 532 bytes, 0 fault sites, 2 entries, text 0xffffb83b7000..0xffffb83b7008, fpsimd false
[    5.201920] rust_kjit: kjit: pc 0xffffb83b7000: installed 532 bytes, 0 fault sites, 2 entries, text 0xffffb83b7000..0xffffb83b7008, fpsimd false
[    5.203640] rust_kjit: kjit: pc 0xffffb83b7000: installed 532 bytes, 0 fault sites, 2 entries, text 0xffffb83b7000..0xffffb83b7008, fpsimd false
[    5.205390] rust_kjit: kjit: pc 0xffffb83b7000: installed 532 bytes, 0 fault sites, 2 entries, text 0xffffb83b7000..0xffffb83b7008, fpsimd false
[    5.207248] rust_kjit: kjit: pc 0xffffb83b7000: installed 532 bytes, 0 fault sites, 2 entries, text 0xffffb83b7000..0xffffb83b7008, fpsimd false
[    5.209376] rust_kjit: kjit: pc 0xffffb83b7000: installed 532 bytes, 0 fault sites, 2 entries, text 0xffffb83b7000..0xffffb83b7008, fpsimd false
[    5.211109] rust_kjit: kjit: pc 0xffffb83b7000: installed 532 bytes, 0 fault sites, 2 entries, text 0xffffb83b7000..0xffffb83b7008, fpsimd false
[    5.213351] rust_kjit: kjit: pc 0xffffb83b7000: installed 532 bytes, 0 fault sites, 2 entries, text 0xffffb83b7000..0xffffb83b7008, fpsimd false
[    5.215639] rust_kjit: kjit: pc 0xffffb83b7000: installed 532 bytes, 0 fault sites, 2 entries, text 0xffffb83b7000..0xffffb83b7008, fpsimd false
[    5.217154] rust_kjit: kjit: pc 0xffffb83b7000: installed 532 bytes, 0 fault sites, 2 entries, text 0xffffb83b7000..0xffffb83b7008, fpsimd false
[    5.219239] rust_kjit: kjit: pc 0xffffb83b7000: installed 532 bytes, 0 fault sites, 2 entries, text 0xffffb83b7000..0xffffb83b7008, fpsimd false
[    5.221342] rust_kjit: kjit: pc 0xffffb83b7000: installed 532 bytes, 0 fault sites, 2 entries, text 0xffffb83b7000..0xffffb83b7008, fpsimd false
[    5.223414] rust_kjit: kjit: pc 0xffffb83b7000: installed 532 bytes, 0 fault sites, 2 entries, text 0xffffb83b7000..0xffffb83b7008, fpsimd false
[    5.224781] rust_kjit: kjit: pc 0xffffb83b7000: installed 532 bytes, 0 fault sites, 2 entries, text 0xffffb83b7000..0xffffb83b7008, fpsimd false
[    5.226588] rust_kjit: kjit: pc 0xffffb83b7000: installed 532 bytes, 0 fault sites, 2 entries, text 0xffffb83b7000..0xffffb83b7008, fpsimd false
[    5.228514] rust_kjit: kjit: pc 0xffffb83b7000: installed 532 bytes, 0 fault sites, 2 entries, text 0xffffb83b7000..0xffffb83b7008, fpsimd false
[    5.231071] rust_kjit: kjit: pc 0xffffb83b7000: installed 532 bytes, 0 fault sites, 2 entries, text 0xffffb83b7000..0xffffb83b7008, fpsimd false
[    5.232385] rust_kjit: kjit: pc 0xffffb83b7000: installed 532 bytes, 0 fault sites, 2 entries, text 0xffffb83b7000..0xffffb83b7008, fpsimd false
[    5.235180] rust_kjit: kjit: pc 0xffffb83b7000: installed 532 bytes, 0 fault sites, 2 entries, text 0xffffb83b7000..0xffffb83b7008, fpsimd false
[    5.236931] rust_kjit: kjit: pc 0xffffb83b7000: installed 532 bytes, 0 fault sites, 2 entries, text 0xffffb83b7000..0xffffb83b7008, fpsimd false
[    5.238349] rust_kjit: kjit: pc 0xffffb83b7000: installed 532 bytes, 0 fault sites, 2 entries, text 0xffffb83b7000..0xffffb83b7008, fpsimd false
[    5.240207] rust_kjit: kjit: pc 0xffffb83b7000: installed 532 bytes, 0 fault sites, 2 entries, text 0xffffb83b7000..0xffffb83b7008, fpsimd false
[    5.241701] rust_kjit: kjit: pc 0xffffb83b7000: installed 532 bytes, 0 fault sites, 2 entries, text 0xffffb83b7000..0xffffb83b7008, fpsimd false
[    5.243657] rust_kjit: kjit: pc 0xffffb83b7000: installed 532 bytes, 0 fault sites, 2 entries, text 0xffffb83b7000..0xffffb83b7008, fpsimd false
[    5.245994] rust_kjit: kjit: pc 0xffffb83b7000: installed 532 bytes, 0 fault sites, 2 entries, text 0xffffb83b7000..0xffffb83b7008, fpsimd false
[    5.247879] rust_kjit: kjit: pc 0xffffb83b7000: installed 532 bytes, 0 fault sites, 2 entries, text 0xffffb83b7000..0xffffb83b7008, fpsimd false
[    5.249877] rust_kjit: kjit: pc 0xffffb83b7000: installed 532 bytes, 0 fault sites, 2 entries, text 0xffffb83b7000..0xffffb83b7008, fpsimd false
[    5.251723] rust_kjit: kjit: pc 0xffffb83b7000: installed 532 bytes, 0 fault sites, 2 entries, text 0xffffb83b7000..0xffffb83b7008, fpsimd false
[    5.253978] rust_kjit: kjit: pc 0xffffb83b7000: installed 532 bytes, 0 fault sites, 2 entries, text 0xffffb83b7000..0xffffb83b7008, fpsimd false
[    5.255974] rust_kjit: kjit: pc 0xffffb83b7000: installed 532 bytes, 0 fault sites, 2 entries, text 0xffffb83b7000..0xffffb83b7008, fpsimd false
[    5.257347] rust_kjit: kjit: pc 0xffffb83b7000: installed 532 bytes, 0 fault sites, 2 entries, text 0xffffb83b7000..0xffffb83b7008, fpsimd false
[    5.259427] rust_kjit: kjit: pc 0xffffb83b7000: installed 532 bytes, 0 fault sites, 2 entries, text 0xffffb83b7000..0xffffb83b7008, fpsimd false
[    5.261064] rust_kjit: kjit: pc 0xffffb83b7000: installed 532 bytes, 0 fault sites, 2 entries, text 0xffffb83b7000..0xffffb83b7008, fpsimd false
[    5.262532] rust_kjit: kjit: pc 0xffffb83b7000: installed 532 bytes, 0 fault sites, 2 entries, text 0xffffb83b7000..0xffffb83b7008, fpsimd false
[    5.264318] rust_kjit: kjit: pc 0xffffb83b7000: installed 532 bytes, 0 fault sites, 2 entries, text 0xffffb83b7000..0xffffb83b7008, fpsimd false
[    5.266073] rust_kjit: kjit: pc 0xffffb83b7000: installed 532 bytes, 0 fault sites, 2 entries, text 0xffffb83b7000..0xffffb83b7008, fpsimd false
[    5.267375] rust_kjit: kjit: pc 0xffffb83b7000: installed 532 bytes, 0 fault sites, 2 entries, text 0xffffb83b7000..0xffffb83b7008, fpsimd false
[    5.269210] rust_kjit: kjit: pc 0xffffb83b7000: installed 532 bytes, 0 fault sites, 2 entries, text 0xffffb83b7000..0xffffb83b7008, fpsimd false
[    5.271507] rust_kjit: kjit: pc 0xffffb83b7000: installed 532 bytes, 0 fault sites, 2 entries, text 0xffffb83b7000..0xffffb83b7008, fpsimd false
[    5.272906] rust_kjit: kjit: pc 0xffffb83b7000: installed 532 bytes, 0 fault sites, 2 entries, text 0xffffb83b7000..0xffffb83b7008, fpsimd false
[    5.274697] rust_kjit: kjit: pc 0xffffb83b7000: installed 532 bytes, 0 fault sites, 2 entries, text 0xffffb83b7000..0xffffb83b7008, fpsimd false
[    5.276463] rust_kjit: kjit: pc 0xffffb83b7000: installed 532 bytes, 0 fault sites, 2 entries, text 0xffffb83b7000..0xffffb83b7008, fpsimd false
[    5.278137] rust_kjit: kjit: pc 0xffffb83b7000: installed 532 bytes, 0 fault sites, 2 entries, text 0xffffb83b7000..0xffffb83b7008, fpsimd false
[    5.279479] rust_kjit: kjit: pc 0xffffb83b7000: installed 532 bytes, 0 fault sites, 2 entries, text 0xffffb83b7000..0xffffb83b7008, fpsimd false
[    5.281516] rust_kjit: kjit: pc 0xffffb83b7000: installed 532 bytes, 0 fault sites, 2 entries, text 0xffffb83b7000..0xffffb83b7008, fpsimd false
[    5.283390] rust_kjit: kjit: pc 0xffffb83b7000: installed 532 bytes, 0 fault sites, 2 entries, text 0xffffb83b7000..0xffffb83b7008, fpsimd false
[    5.284737] rust_kjit: kjit: pc 0xffffb83b7000: installed 532 bytes, 0 fault sites, 2 entries, text 0xffffb83b7000..0xffffb83b7008, fpsimd false
[    5.286604] rust_kjit: kjit: pc 0xffffb83b7000: installed 532 bytes, 0 fault sites, 2 entries, text 0xffffb83b7000..0xffffb83b7008, fpsimd false
[    5.288340] rust_kjit: kjit: pc 0xffffb83b7000: installed 532 bytes, 0 fault sites, 2 entries, text 0xffffb83b7000..0xffffb83b7008, fpsimd false
[    5.289160] rust_kjit: kjit: pc 0xffffb83b7000: installed 532 bytes, 0 fault sites, 2 entries, text 0xffffb83b7000..0xffffb83b7008, fpsimd false
[    5.290751] rust_kjit: kjit: pc 0xffffb83b7000: installed 532 bytes, 0 fault sites, 2 entries, text 0xffffb83b7000..0xffffb83b7008, fpsimd false
[    5.414290] kjit: translate_svc_sites pid 165: 3 text ranges, 164 svc sites
[    5.414859] rust_kjit: kjit: pc 0x400f90: installed 1024 bytes, 0 fault sites, 11 entries, text 0x400f80..0x400fac, fpsimd false
[    5.415415] rust_kjit: kjit: pc 0xffffadaa8000: installed 532 bytes, 0 fault sites, 2 entries, text 0xffffadaa8000..0xffffadaa8008, fpsimd false
[    5.417844] rust_kjit: kjit: pc 0xffffadaa8000: installed 532 bytes, 0 fault sites, 2 entries, text 0xffffadaa8000..0xffffadaa8008, fpsimd false
[    5.419085] rust_kjit: kjit: pc 0xffffadaa8000: installed 532 bytes, 0 fault sites, 2 entries, text 0xffffadaa8000..0xffffadaa8008, fpsimd false
[    5.420331] rust_kjit: kjit: pc 0xffffadaa8000: installed 532 bytes, 0 fault sites, 2 entries, text 0xffffadaa8000..0xffffadaa8008, fpsimd false
[    5.425914] rust_kjit: kjit: pc 0xffffadaa8000: installed 532 bytes, 0 fault sites, 2 entries, text 0xffffadaa8000..0xffffadaa8008, fpsimd false
[    5.427472] rust_kjit: kjit: pc 0xffffadaa8000: installed 532 bytes, 0 fault sites, 2 entries, text 0xffffadaa8000..0xffffadaa8008, fpsimd false
[    5.430437] rust_kjit: kjit: pc 0xffffadaa8000: installed 532 bytes, 0 fault sites, 2 entries, text 0xffffadaa8000..0xffffadaa8008, fpsimd false
[    5.431813] rust_kjit: kjit: pc 0xffffadaa8000: installed 532 bytes, 0 fault sites, 2 entries, text 0xffffadaa8000..0xffffadaa8008, fpsimd false
[    5.434026] rust_kjit: kjit: pc 0xffffadaa8000: installed 532 bytes, 0 fault sites, 2 entries, text 0xffffadaa8000..0xffffadaa8008, fpsimd false
[    5.435305] rust_kjit: kjit: pc 0xffffadaa8000: installed 532 bytes, 0 fault sites, 2 entries, text 0xffffadaa8000..0xffffadaa8008, fpsimd false
[    5.437222] rust_kjit: kjit: pc 0xffffadaa8000: installed 532 bytes, 0 fault sites, 2 entries, text 0xffffadaa8000..0xffffadaa8008, fpsimd false
[    5.439332] rust_kjit: kjit: pc 0xffffadaa8000: installed 532 bytes, 0 fault sites, 2 entries, text 0xffffadaa8000..0xffffadaa8008, fpsimd false
[    5.441067] rust_kjit: kjit: pc 0xffffadaa8000: installed 532 bytes, 0 fault sites, 2 entries, text 0xffffadaa8000..0xffffadaa8008, fpsimd false
[    5.442637] rust_kjit: kjit: pc 0xffffadaa8000: installed 532 bytes, 0 fault sites, 2 entries, text 0xffffadaa8000..0xffffadaa8008, fpsimd false
[    5.444397] rust_kjit: kjit: pc 0xffffadaa8000: installed 532 bytes, 0 fault sites, 2 entries, text 0xffffadaa8000..0xffffadaa8008, fpsimd false
[    5.446252] rust_kjit: kjit: pc 0xffffadaa8000: installed 532 bytes, 0 fault sites, 2 entries, text 0xffffadaa8000..0xffffadaa8008, fpsimd false
[    5.448178] rust_kjit: kjit: pc 0xffffadaa8000: installed 532 bytes, 0 fault sites, 2 entries, text 0xffffadaa8000..0xffffadaa8008, fpsimd false
[    5.450082] rust_kjit: kjit: pc 0xffffadaa8000: installed 532 bytes, 0 fault sites, 2 entries, text 0xffffadaa8000..0xffffadaa8008, fpsimd false
[    5.452141] rust_kjit: kjit: pc 0xffffadaa8000: installed 532 bytes, 0 fault sites, 2 entries, text 0xffffadaa8000..0xffffadaa8008, fpsimd false
[    5.454764] rust_kjit: kjit: pc 0xffffadaa8000: installed 532 bytes, 0 fault sites, 2 entries, text 0xffffadaa8000..0xffffadaa8008, fpsimd false
[    5.457838] rust_kjit: kjit: pc 0xffffadaa8000: installed 532 bytes, 0 fault sites, 2 entries, text 0xffffadaa8000..0xffffadaa8008, fpsimd false
[    5.469479] rust_kjit: kjit: pc 0xffffadaa8000: installed 532 bytes, 0 fault sites, 2 entries, text 0xffffadaa8000..0xffffadaa8008, fpsimd false
[    5.472807] rust_kjit: kjit: pc 0xffffadaa8000: installed 532 bytes, 0 fault sites, 2 entries, text 0xffffadaa8000..0xffffadaa8008, fpsimd false
[    5.475377] rust_kjit: kjit: pc 0xffffadaa8000: installed 532 bytes, 0 fault sites, 2 entries, text 0xffffadaa8000..0xffffadaa8008, fpsimd false
[    5.477192] rust_kjit: kjit: pc 0xffffadaa8000: installed 532 bytes, 0 fault sites, 2 entries, text 0xffffadaa8000..0xffffadaa8008, fpsimd false
[    5.483316] rust_kjit: kjit: pc 0xffffadaa8000: installed 532 bytes, 0 fault sites, 2 entries, text 0xffffadaa8000..0xffffadaa8008, fpsimd false
[    5.485273] rust_kjit: kjit: pc 0xffffadaa8000: installed 532 bytes, 0 fault sites, 2 entries, text 0xffffadaa8000..0xffffadaa8008, fpsimd false
[    5.487857] rust_kjit: kjit: pc 0xffffadaa8000: installed 532 bytes, 0 fault sites, 2 entries, text 0xffffadaa8000..0xffffadaa8008, fpsimd false
[    5.490300] rust_kjit: kjit: pc 0xffffadaa8000: installed 532 bytes, 0 fault sites, 2 entries, text 0xffffadaa8000..0xffffadaa8008, fpsimd false
[    5.492136] rust_kjit: kjit: pc 0xffffadaa8000: installed 532 bytes, 0 fault sites, 2 entries, text 0xffffadaa8000..0xffffadaa8008, fpsimd false
[    5.495034] rust_kjit: kjit: pc 0xffffadaa8000: installed 532 bytes, 0 fault sites, 2 entries, text 0xffffadaa8000..0xffffadaa8008, fpsimd false
[    5.500089] rust_kjit: kjit: pc 0xffffadaa8000: installed 532 bytes, 0 fault sites, 2 entries, text 0xffffadaa8000..0xffffadaa8008, fpsimd false
[    5.502100] rust_kjit: kjit: pc 0xffffadaa8000: installed 532 bytes, 0 fault sites, 2 entries, text 0xffffadaa8000..0xffffadaa8008, fpsimd false
[    5.504125] rust_kjit: kjit: pc 0xffffadaa8000: installed 532 bytes, 0 fault sites, 2 entries, text 0xffffadaa8000..0xffffadaa8008, fpsimd false
[    5.505959] rust_kjit: kjit: pc 0xffffadaa8000: installed 532 bytes, 0 fault sites, 2 entries, text 0xffffadaa8000..0xffffadaa8008, fpsimd false
[    5.507874] rust_kjit: kjit: pc 0xffffadaa8000: installed 532 bytes, 0 fault sites, 2 entries, text 0xffffadaa8000..0xffffadaa8008, fpsimd false
[    5.509761] rust_kjit: kjit: pc 0xffffadaa8000: installed 532 bytes, 0 fault sites, 2 entries, text 0xffffadaa8000..0xffffadaa8008, fpsimd false
[    5.511658] rust_kjit: kjit: pc 0xffffadaa8000: installed 532 bytes, 0 fault sites, 2 entries, text 0xffffadaa8000..0xffffadaa8008, fpsimd false
[    5.513343] rust_kjit: kjit: pc 0xffffadaa8000: installed 532 bytes, 0 fault sites, 2 entries, text 0xffffadaa8000..0xffffadaa8008, fpsimd false
[    5.515513] rust_kjit: kjit: pc 0xffffadaa8000: installed 532 bytes, 0 fault sites, 2 entries, text 0xffffadaa8000..0xffffadaa8008, fpsimd false
[    5.517340] rust_kjit: kjit: pc 0xffffadaa8000: installed 532 bytes, 0 fault sites, 2 entries, text 0xffffadaa8000..0xffffadaa8008, fpsimd false
[    5.519308] rust_kjit: kjit: pc 0xffffadaa8000: installed 532 bytes, 0 fault sites, 2 entries, text 0xffffadaa8000..0xffffadaa8008, fpsimd false
[    5.520554] rust_kjit: kjit: pc 0xffffadaa8000: installed 532 bytes, 0 fault sites, 2 entries, text 0xffffadaa8000..0xffffadaa8008, fpsimd false
[    5.522501] rust_kjit: kjit: pc 0xffffadaa8000: installed 532 bytes, 0 fault sites, 2 entries, text 0xffffadaa8000..0xffffadaa8008, fpsimd false
[    5.524338] rust_kjit: kjit: pc 0xffffadaa8000: installed 532 bytes, 0 fault sites, 2 entries, text 0xffffadaa8000..0xffffadaa8008, fpsimd false
[    5.526139] rust_kjit: kjit: pc 0xffffadaa8000: installed 532 bytes, 0 fault sites, 2 entries, text 0xffffadaa8000..0xffffadaa8008, fpsimd false
[    5.527421] rust_kjit: kjit: pc 0xffffadaa8000: installed 532 bytes, 0 fault sites, 2 entries, text 0xffffadaa8000..0xffffadaa8008, fpsimd false
[    5.529147] rust_kjit: kjit: pc 0xffffadaa8000: installed 532 bytes, 0 fault sites, 2 entries, text 0xffffadaa8000..0xffffadaa8008, fpsimd false
[    5.531221] rust_kjit: kjit: pc 0xffffadaa8000: installed 532 bytes, 0 fault sites, 2 entries, text 0xffffadaa8000..0xffffadaa8008, fpsimd false
[    5.533065] rust_kjit: kjit: pc 0xffffadaa8000: installed 532 bytes, 0 fault sites, 2 entries, text 0xffffadaa8000..0xffffadaa8008, fpsimd false
[    5.534519] rust_kjit: kjit: pc 0xffffadaa8000: installed 532 bytes, 0 fault sites, 2 entries, text 0xffffadaa8000..0xffffadaa8008, fpsimd false
[    5.536579] rust_kjit: kjit: pc 0xffffadaa8000: installed 532 bytes, 0 fault sites, 2 entries, text 0xffffadaa8000..0xffffadaa8008, fpsimd false
[    5.539061] rust_kjit: kjit: pc 0xffffadaa8000: installed 532 bytes, 0 fault sites, 2 entries, text 0xffffadaa8000..0xffffadaa8008, fpsimd false
[    5.541009] rust_kjit: kjit: pc 0xffffadaa8000: installed 532 bytes, 0 fault sites, 2 entries, text 0xffffadaa8000..0xffffadaa8008, fpsimd false
[    5.543679] rust_kjit: kjit: pc 0xffffadaa8000: installed 532 bytes, 0 fault sites, 2 entries, text 0xffffadaa8000..0xffffadaa8008, fpsimd false
[    5.546047] rust_kjit: kjit: pc 0xffffadaa8000: installed 532 bytes, 0 fault sites, 2 entries, text 0xffffadaa8000..0xffffadaa8008, fpsimd false
[    5.548124] rust_kjit: kjit: pc 0xffffadaa8000: installed 532 bytes, 0 fault sites, 2 entries, text 0xffffadaa8000..0xffffadaa8008, fpsimd false
[    5.549447] rust_kjit: kjit: pc 0xffffadaa8000: installed 532 bytes, 0 fault sites, 2 entries, text 0xffffadaa8000..0xffffadaa8008, fpsimd false
[    5.551825] rust_kjit: kjit: pc 0xffffadaa8000: installed 532 bytes, 0 fault sites, 2 entries, text 0xffffadaa8000..0xffffadaa8008, fpsimd false
[    5.553996] rust_kjit: kjit: pc 0xffffadaa8000: installed 532 bytes, 0 fault sites, 2 entries, text 0xffffadaa8000..0xffffadaa8008, fpsimd false
[    5.555718] rust_kjit: kjit: pc 0xffffadaa8000: installed 532 bytes, 0 fault sites, 2 entries, text 0xffffadaa8000..0xffffadaa8008, fpsimd false
[    5.557767] rust_kjit: kjit: pc 0xffffadaa8000: installed 532 bytes, 0 fault sites, 2 entries, text 0xffffadaa8000..0xffffadaa8008, fpsimd false
[    5.559682] rust_kjit: kjit: pc 0xffffadaa8000: installed 532 bytes, 0 fault sites, 2 entries, text 0xffffadaa8000..0xffffadaa8008, fpsimd false
[    5.561513] rust_kjit: kjit: pc 0xffffadaa8000: installed 532 bytes, 0 fault sites, 2 entries, text 0xffffadaa8000..0xffffadaa8008, fpsimd false
[    5.563673] rust_kjit: kjit: pc 0xffffadaa8000: installed 532 bytes, 0 fault sites, 2 entries, text 0xffffadaa8000..0xffffadaa8008, fpsimd false
[    5.565516] rust_kjit: kjit: pc 0xffffadaa8000: installed 532 bytes, 0 fault sites, 2 entries, text 0xffffadaa8000..0xffffadaa8008, fpsimd false
[    5.566981] rust_kjit: kjit: pc 0xffffadaa8000: installed 532 bytes, 0 fault sites, 2 entries, text 0xffffadaa8000..0xffffadaa8008, fpsimd false
[    5.568867] rust_kjit: kjit: pc 0xffffadaa8000: installed 532 bytes, 0 fault sites, 2 entries, text 0xffffadaa8000..0xffffadaa8008, fpsimd false
[    5.570646] rust_kjit: kjit: pc 0xffffadaa8000: installed 532 bytes, 0 fault sites, 2 entries, text 0xffffadaa8000..0xffffadaa8008, fpsimd false
[    5.572518] rust_kjit: kjit: pc 0xffffadaa8000: installed 532 bytes, 0 fault sites, 2 entries, text 0xffffadaa8000..0xffffadaa8008, fpsimd false
[    5.575019] rust_kjit: kjit: pc 0xffffadaa8000: installed 532 bytes, 0 fault sites, 2 entries, text 0xffffadaa8000..0xffffadaa8008, fpsimd false
[    5.577007] rust_kjit: kjit: pc 0xffffadaa8000: installed 532 bytes, 0 fault sites, 2 entries, text 0xffffadaa8000..0xffffadaa8008, fpsimd false
[    5.579651] rust_kjit: kjit: pc 0xffffadaa8000: installed 532 bytes, 0 fault sites, 2 entries, text 0xffffadaa8000..0xffffadaa8008, fpsimd false
[    5.581963] rust_kjit: kjit: pc 0xffffadaa8000: installed 532 bytes, 0 fault sites, 2 entries, text 0xffffadaa8000..0xffffadaa8008, fpsimd false
[    5.584733] rust_kjit: kjit: pc 0xffffadaa8000: installed 532 bytes, 0 fault sites, 2 entries, text 0xffffadaa8000..0xffffadaa8008, fpsimd false
[    5.589095] rust_kjit: kjit: pc 0xffffadaa8000: installed 532 bytes, 0 fault sites, 2 entries, text 0xffffadaa8000..0xffffadaa8008, fpsimd false
[    5.591093] rust_kjit: kjit: pc 0xffffadaa8000: installed 532 bytes, 0 fault sites, 2 entries, text 0xffffadaa8000..0xffffadaa8008, fpsimd false
[    5.592757] rust_kjit: kjit: pc 0xffffadaa8000: installed 532 bytes, 0 fault sites, 2 entries, text 0xffffadaa8000..0xffffadaa8008, fpsimd false
[    5.594983] rust_kjit: kjit: pc 0xffffadaa8000: installed 532 bytes, 0 fault sites, 2 entries, text 0xffffadaa8000..0xffffadaa8008, fpsimd false
[    5.597282] rust_kjit: kjit: pc 0xffffadaa8000: installed 532 bytes, 0 fault sites, 2 entries, text 0xffffadaa8000..0xffffadaa8008, fpsimd false
[    5.599364] rust_kjit: kjit: pc 0xffffadaa8000: installed 532 bytes, 0 fault sites, 2 entries, text 0xffffadaa8000..0xffffadaa8008, fpsimd false
[    5.601253] rust_kjit: kjit: pc 0xffffadaa8000: installed 532 bytes, 0 fault sites, 2 entries, text 0xffffadaa8000..0xffffadaa8008, fpsimd false
[    5.604188] rust_kjit: kjit: pc 0xffffadaa8000: installed 532 bytes, 0 fault sites, 2 entries, text 0xffffadaa8000..0xffffadaa8008, fpsimd false
[    5.605999] rust_kjit: kjit: pc 0xffffadaa8000: installed 532 bytes, 0 fault sites, 2 entries, text 0xffffadaa8000..0xffffadaa8008, fpsimd false
[    5.607906] rust_kjit: kjit: pc 0xffffadaa8000: installed 532 bytes, 0 fault sites, 2 entries, text 0xffffadaa8000..0xffffadaa8008, fpsimd false
[    5.609904] rust_kjit: kjit: pc 0xffffadaa8000: installed 532 bytes, 0 fault sites, 2 entries, text 0xffffadaa8000..0xffffadaa8008, fpsimd false
[    5.611851] rust_kjit: kjit: pc 0xffffadaa8000: installed 532 bytes, 0 fault sites, 2 entries, text 0xffffadaa8000..0xffffadaa8008, fpsimd false
[    5.614404] rust_kjit: kjit: pc 0xffffadaa8000: installed 532 bytes, 0 fault sites, 2 entries, text 0xffffadaa8000..0xffffadaa8008, fpsimd false
[    5.616166] rust_kjit: kjit: pc 0xffffadaa8000: installed 532 bytes, 0 fault sites, 2 entries, text 0xffffadaa8000..0xffffadaa8008, fpsimd false
[    5.617896] rust_kjit: kjit: pc 0xffffadaa8000: installed 532 bytes, 0 fault sites, 2 entries, text 0xffffadaa8000..0xffffadaa8008, fpsimd false
[    5.619635] rust_kjit: kjit: pc 0xffffadaa8000: installed 532 bytes, 0 fault sites, 2 entries, text 0xffffadaa8000..0xffffadaa8008, fpsimd false
[    5.621372] rust_kjit: kjit: pc 0xffffadaa8000: installed 532 bytes, 0 fault sites, 2 entries, text 0xffffadaa8000..0xffffadaa8008, fpsimd false
[    5.623366] rust_kjit: kjit: pc 0xffffadaa8000: installed 532 bytes, 0 fault sites, 2 entries, text 0xffffadaa8000..0xffffadaa8008, fpsimd false
[    5.625008] rust_kjit: kjit: pc 0xffffadaa8000: installed 532 bytes, 0 fault sites, 2 entries, text 0xffffadaa8000..0xffffadaa8008, fpsimd false
[    5.627051] rust_kjit: kjit: pc 0xffffadaa8000: installed 532 bytes, 0 fault sites, 2 entries, text 0xffffadaa8000..0xffffadaa8008, fpsimd false
[    5.628836] rust_kjit: kjit: pc 0xffffadaa8000: installed 532 bytes, 0 fault sites, 2 entries, text 0xffffadaa8000..0xffffadaa8008, fpsimd false
[    5.630616] rust_kjit: kjit: pc 0xffffadaa8000: installed 532 bytes, 0 fault sites, 2 entries, text 0xffffadaa8000..0xffffadaa8008, fpsimd false
[    5.632442] rust_kjit: kjit: pc 0xffffadaa8000: installed 532 bytes, 0 fault sites, 2 entries, text 0xffffadaa8000..0xffffadaa8008, fpsimd false
[    5.634168] rust_kjit: kjit: pc 0xffffadaa8000: installed 532 bytes, 0 fault sites, 2 entries, text 0xffffadaa8000..0xffffadaa8008, fpsimd false
[    5.635995] rust_kjit: kjit: pc 0xffffadaa8000: installed 532 bytes, 0 fault sites, 2 entries, text 0xffffadaa8000..0xffffadaa8008, fpsimd false
[    5.638068] rust_kjit: kjit: pc 0xffffadaa8000: installed 532 bytes, 0 fault sites, 2 entries, text 0xffffadaa8000..0xffffadaa8008, fpsimd false
[    5.639851] rust_kjit: kjit: pc 0xffffadaa8000: installed 532 bytes, 0 fault sites, 2 entries, text 0xffffadaa8000..0xffffadaa8008, fpsimd false
[    5.641331] rust_kjit: kjit: pc 0xffffadaa8000: installed 532 bytes, 0 fault sites, 2 entries, text 0xffffadaa8000..0xffffadaa8008, fpsimd false
[    5.643396] rust_kjit: kjit: pc 0xffffadaa8000: installed 532 bytes, 0 fault sites, 2 entries, text 0xffffadaa8000..0xffffadaa8008, fpsimd false
[    5.645174] rust_kjit: kjit: pc 0xffffadaa8000: installed 532 bytes, 0 fault sites, 2 entries, text 0xffffadaa8000..0xffffadaa8008, fpsimd false
[    5.646947] rust_kjit: kjit: pc 0xffffadaa8000: installed 532 bytes, 0 fault sites, 2 entries, text 0xffffadaa8000..0xffffadaa8008, fpsimd false
[    5.648734] rust_kjit: kjit: pc 0xffffadaa8000: installed 532 bytes, 0 fault sites, 2 entries, text 0xffffadaa8000..0xffffadaa8008, fpsimd false
[    5.650414] rust_kjit: kjit: pc 0xffffadaa8000: installed 532 bytes, 0 fault sites, 2 entries, text 0xffffadaa8000..0xffffadaa8008, fpsimd false
[    5.651697] rust_kjit: kjit: pc 0xffffadaa8000: installed 532 bytes, 0 fault sites, 2 entries, text 0xffffadaa8000..0xffffadaa8008, fpsimd false
[    5.653447] rust_kjit: kjit: pc 0xffffadaa8000: installed 532 bytes, 0 fault sites, 2 entries, text 0xffffadaa8000..0xffffadaa8008, fpsimd false
[    5.655812] rust_kjit: kjit: pc 0xffffadaa8000: installed 532 bytes, 0 fault sites, 2 entries, text 0xffffadaa8000..0xffffadaa8008, fpsimd false
[    5.657042] rust_kjit: kjit: pc 0xffffadaa8000: installed 532 bytes, 0 fault sites, 2 entries, text 0xffffadaa8000..0xffffadaa8008, fpsimd false
[    5.658793] rust_kjit: kjit: pc 0xffffadaa8000: installed 532 bytes, 0 fault sites, 2 entries, text 0xffffadaa8000..0xffffadaa8008, fpsimd false
[    5.660621] rust_kjit: kjit: pc 0xffffadaa8000: installed 532 bytes, 0 fault sites, 2 entries, text 0xffffadaa8000..0xffffadaa8008, fpsimd false
[    5.662376] rust_kjit: kjit: pc 0xffffadaa8000: installed 532 bytes, 0 fault sites, 2 entries, text 0xffffadaa8000..0xffffadaa8008, fpsimd false
[    5.663717] rust_kjit: kjit: pc 0xffffadaa8000: installed 532 bytes, 0 fault sites, 2 entries, text 0xffffadaa8000..0xffffadaa8008, fpsimd false
[    5.665676] rust_kjit: kjit: pc 0xffffadaa8000: installed 532 bytes, 0 fault sites, 2 entries, text 0xffffadaa8000..0xffffadaa8008, fpsimd false
[    5.666988] rust_kjit: kjit: pc 0xffffadaa8000: installed 532 bytes, 0 fault sites, 2 entries, text 0xffffadaa8000..0xffffadaa8008, fpsimd false
[    5.668759] rust_kjit: kjit: pc 0xffffadaa8000: installed 532 bytes, 0 fault sites, 2 entries, text 0xffffadaa8000..0xffffadaa8008, fpsimd false
[    5.670640] rust_kjit: kjit: pc 0xffffadaa8000: installed 532 bytes, 0 fault sites, 2 entries, text 0xffffadaa8000..0xffffadaa8008, fpsimd false
[    5.672368] rust_kjit: kjit: pc 0xffffadaa8000: installed 532 bytes, 0 fault sites, 2 entries, text 0xffffadaa8000..0xffffadaa8008, fpsimd false
[    5.674210] rust_kjit: kjit: pc 0xffffadaa8000: installed 532 bytes, 0 fault sites, 2 entries, text 0xffffadaa8000..0xffffadaa8008, fpsimd false
[    5.675986] rust_kjit: kjit: pc 0xffffadaa8000: installed 532 bytes, 0 fault sites, 2 entries, text 0xffffadaa8000..0xffffadaa8008, fpsimd false
[    5.677259] rust_kjit: kjit: pc 0xffffadaa8000: installed 532 bytes, 0 fault sites, 2 entries, text 0xffffadaa8000..0xffffadaa8008, fpsimd false
[    5.679417] rust_kjit: kjit: pc 0xffffadaa8000: installed 532 bytes, 0 fault sites, 2 entries, text 0xffffadaa8000..0xffffadaa8008, fpsimd false
[    5.681222] rust_kjit: kjit: pc 0xffffadaa8000: installed 532 bytes, 0 fault sites, 2 entries, text 0xffffadaa8000..0xffffadaa8008, fpsimd false
[    5.682639] rust_kjit: kjit: pc 0xffffadaa8000: installed 532 bytes, 0 fault sites, 2 entries, text 0xffffadaa8000..0xffffadaa8008, fpsimd false
[    5.684388] rust_kjit: kjit: pc 0xffffadaa8000: installed 532 bytes, 0 fault sites, 2 entries, text 0xffffadaa8000..0xffffadaa8008, fpsimd false
[    5.686119] rust_kjit: kjit: pc 0xffffadaa8000: installed 532 bytes, 0 fault sites, 2 entries, text 0xffffadaa8000..0xffffadaa8008, fpsimd false
[    5.687505] rust_kjit: kjit: pc 0xffffadaa8000: installed 532 bytes, 0 fault sites, 2 entries, text 0xffffadaa8000..0xffffadaa8008, fpsimd false
[    5.689309] rust_kjit: kjit: pc 0xffffadaa8000: installed 532 bytes, 0 fault sites, 2 entries, text 0xffffadaa8000..0xffffadaa8008, fpsimd false
[    5.691159] rust_kjit: kjit: pc 0xffffadaa8000: installed 532 bytes, 0 fault sites, 2 entries, text 0xffffadaa8000..0xffffadaa8008, fpsimd false
[    5.692505] rust_kjit: kjit: pc 0xffffadaa8000: installed 532 bytes, 0 fault sites, 2 entries, text 0xffffadaa8000..0xffffadaa8008, fpsimd false
[    5.694376] rust_kjit: kjit: pc 0xffffadaa8000: installed 532 bytes, 0 fault sites, 2 entries, text 0xffffadaa8000..0xffffadaa8008, fpsimd false
[    5.696087] rust_kjit: kjit: pc 0xffffadaa8000: installed 532 bytes, 0 fault sites, 2 entries, text 0xffffadaa8000..0xffffadaa8008, fpsimd false
[    5.697392] rust_kjit: kjit: pc 0xffffadaa8000: installed 532 bytes, 0 fault sites, 2 entries, text 0xffffadaa8000..0xffffadaa8008, fpsimd false
[    5.699295] rust_kjit: kjit: pc 0xffffadaa8000: installed 532 bytes, 0 fault sites, 2 entries, text 0xffffadaa8000..0xffffadaa8008, fpsimd false
[    5.700910] rust_kjit: kjit: pc 0xffffadaa8000: installed 532 bytes, 0 fault sites, 2 entries, text 0xffffadaa8000..0xffffadaa8008, fpsimd false
[    5.702269] rust_kjit: kjit: pc 0xffffadaa8000: installed 532 bytes, 0 fault sites, 2 entries, text 0xffffadaa8000..0xffffadaa8008, fpsimd false
[    5.704076] rust_kjit: kjit: pc 0xffffadaa8000: installed 532 bytes, 0 fault sites, 2 entries, text 0xffffadaa8000..0xffffadaa8008, fpsimd false
[    5.705892] rust_kjit: kjit: pc 0xffffadaa8000: installed 532 bytes, 0 fault sites, 2 entries, text 0xffffadaa8000..0xffffadaa8008, fpsimd false
[    5.707275] rust_kjit: kjit: pc 0xffffadaa8000: installed 532 bytes, 0 fault sites, 2 entries, text 0xffffadaa8000..0xffffadaa8008, fpsimd false
[    5.709036] rust_kjit: kjit: pc 0xffffadaa8000: installed 532 bytes, 0 fault sites, 2 entries, text 0xffffadaa8000..0xffffadaa8008, fpsimd false
[    5.710815] rust_kjit: kjit: pc 0xffffadaa8000: installed 532 bytes, 0 fault sites, 2 entries, text 0xffffadaa8000..0xffffadaa8008, fpsimd false
[    5.712159] rust_kjit: kjit: pc 0xffffadaa8000: installed 532 bytes, 0 fault sites, 2 entries, text 0xffffadaa8000..0xffffadaa8008, fpsimd false
[    5.713969] rust_kjit: kjit: pc 0xffffadaa8000: installed 532 bytes, 0 fault sites, 2 entries, text 0xffffadaa8000..0xffffadaa8008, fpsimd false
[    5.715647] rust_kjit: kjit: pc 0xffffadaa8000: installed 532 bytes, 0 fault sites, 2 entries, text 0xffffadaa8000..0xffffadaa8008, fpsimd false
[    5.716866] rust_kjit: kjit: pc 0xffffadaa8000: installed 532 bytes, 0 fault sites, 2 entries, text 0xffffadaa8000..0xffffadaa8008, fpsimd false
[    5.718670] rust_kjit: kjit: pc 0xffffadaa8000: installed 532 bytes, 0 fault sites, 2 entries, text 0xffffadaa8000..0xffffadaa8008, fpsimd false
[    5.720509] rust_kjit: kjit: pc 0xffffadaa8000: installed 532 bytes, 0 fault sites, 2 entries, text 0xffffadaa8000..0xffffadaa8008, fpsimd false
[    5.721896] rust_kjit: kjit: pc 0xffffadaa8000: installed 532 bytes, 0 fault sites, 2 entries, text 0xffffadaa8000..0xffffadaa8008, fpsimd false
[    5.723703] rust_kjit: kjit: pc 0xffffadaa8000: installed 532 bytes, 0 fault sites, 2 entries, text 0xffffadaa8000..0xffffadaa8008, fpsimd false
[    5.725391] rust_kjit: kjit: pc 0xffffadaa8000: installed 532 bytes, 0 fault sites, 2 entries, text 0xffffadaa8000..0xffffadaa8008, fpsimd false
[    5.727278] rust_kjit: kjit: pc 0xffffadaa8000: installed 532 bytes, 0 fault sites, 2 entries, text 0xffffadaa8000..0xffffadaa8008, fpsimd false
[    5.728534] rust_kjit: kjit: pc 0xffffadaa8000: installed 532 bytes, 0 fault sites, 2 entries, text 0xffffadaa8000..0xffffadaa8008, fpsimd false
[    5.730226] rust_kjit: kjit: pc 0xffffadaa8000: installed 532 bytes, 0 fault sites, 2 entries, text 0xffffadaa8000..0xffffadaa8008, fpsimd false
[    5.731885] rust_kjit: kjit: pc 0xffffadaa8000: installed 532 bytes, 0 fault sites, 2 entries, text 0xffffadaa8000..0xffffadaa8008, fpsimd false
[    5.733763] rust_kjit: kjit: pc 0xffffadaa8000: installed 532 bytes, 0 fault sites, 2 entries, text 0xffffadaa8000..0xffffadaa8008, fpsimd false
[    5.734961] rust_kjit: kjit: pc 0xffffadaa8000: installed 532 bytes, 0 fault sites, 2 entries, text 0xffffadaa8000..0xffffadaa8008, fpsimd false
[    5.736717] rust_kjit: kjit: pc 0xffffadaa8000: installed 532 bytes, 0 fault sites, 2 entries, text 0xffffadaa8000..0xffffadaa8008, fpsimd false
[    5.738589] rust_kjit: kjit: pc 0xffffadaa8000: installed 532 bytes, 0 fault sites, 2 entries, text 0xffffadaa8000..0xffffadaa8008, fpsimd false
[    5.739808] rust_kjit: kjit: pc 0xffffadaa8000: installed 532 bytes, 0 fault sites, 2 entries, text 0xffffadaa8000..0xffffadaa8008, fpsimd false
[    5.741442] rust_kjit: kjit: pc 0xffffadaa8000: installed 532 bytes, 0 fault sites, 2 entries, text 0xffffadaa8000..0xffffadaa8008, fpsimd false
[    5.743329] rust_kjit: kjit: pc 0xffffadaa8000: installed 532 bytes, 0 fault sites, 2 entries, text 0xffffadaa8000..0xffffadaa8008, fpsimd false
[    5.745000] rust_kjit: kjit: pc 0xffffadaa8000: installed 532 bytes, 0 fault sites, 2 entries, text 0xffffadaa8000..0xffffadaa8008, fpsimd false
[    5.746340] rust_kjit: kjit: pc 0xffffadaa8000: installed 532 bytes, 0 fault sites, 2 entries, text 0xffffadaa8000..0xffffadaa8008, fpsimd false
[    5.748091] rust_kjit: kjit: pc 0xffffadaa8000: installed 532 bytes, 0 fault sites, 2 entries, text 0xffffadaa8000..0xffffadaa8008, fpsimd false
[    5.750046] rust_kjit: kjit: pc 0xffffadaa8000: installed 532 bytes, 0 fault sites, 2 entries, text 0xffffadaa8000..0xffffadaa8008, fpsimd false
[    5.751555] rust_kjit: kjit: pc 0xffffadaa8000: installed 532 bytes, 0 fault sites, 2 entries, text 0xffffadaa8000..0xffffadaa8008, fpsimd false
[    5.753254] rust_kjit: kjit: pc 0xffffadaa8000: installed 532 bytes, 0 fault sites, 2 entries, text 0xffffadaa8000..0xffffadaa8008, fpsimd false
[    5.756562] rust_kjit: kjit: pc 0xffffadaa8000: installed 532 bytes, 0 fault sites, 2 entries, text 0xffffadaa8000..0xffffadaa8008, fpsimd false
[    5.757867] rust_kjit: kjit: pc 0xffffadaa8000: installed 532 bytes, 0 fault sites, 2 entries, text 0xffffadaa8000..0xffffadaa8008, fpsimd false
[    5.763329] rust_kjit: kjit: pc 0xffffadaa8000: installed 532 bytes, 0 fault sites, 2 entries, text 0xffffadaa8000..0xffffadaa8008, fpsimd false
[    5.766395] rust_kjit: kjit: pc 0xffffadaa8000: installed 532 bytes, 0 fault sites, 2 entries, text 0xffffadaa8000..0xffffadaa8008, fpsimd false
[    5.767646] rust_kjit: kjit: pc 0xffffadaa8000: installed 532 bytes, 0 fault sites, 2 entries, text 0xffffadaa8000..0xffffadaa8008, fpsimd false
[    5.769497] rust_kjit: kjit: pc 0xffffadaa8000: installed 532 bytes, 0 fault sites, 2 entries, text 0xffffadaa8000..0xffffadaa8008, fpsimd false
[    5.773474] rust_kjit: kjit: pc 0xffffadaa8000: installed 532 bytes, 0 fault sites, 2 entries, text 0xffffadaa8000..0xffffadaa8008, fpsimd false
[    5.777499] rust_kjit: kjit: pc 0xffffadaa8000: installed 532 bytes, 0 fault sites, 2 entries, text 0xffffadaa8000..0xffffadaa8008, fpsimd false
[    5.781923] rust_kjit: kjit: pc 0xffffadaa8000: installed 532 bytes, 0 fault sites, 2 entries, text 0xffffadaa8000..0xffffadaa8008, fpsimd false
[    5.783180] rust_kjit: kjit: pc 0xffffadaa8000: installed 532 bytes, 0 fault sites, 2 entries, text 0xffffadaa8000..0xffffadaa8008, fpsimd false
[    5.785405] rust_kjit: kjit: pc 0xffffadaa8000: installed 532 bytes, 0 fault sites, 2 entries, text 0xffffadaa8000..0xffffadaa8008, fpsimd false
[    5.789054] rust_kjit: kjit: pc 0xffffadaa8000: installed 532 bytes, 0 fault sites, 2 entries, text 0xffffadaa8000..0xffffadaa8008, fpsimd false
[    5.790959] rust_kjit: kjit: pc 0xffffadaa8000: installed 532 bytes, 0 fault sites, 2 entries, text 0xffffadaa8000..0xffffadaa8008, fpsimd false
[    5.793691] rust_kjit: kjit: pc 0xffffadaa8000: installed 532 bytes, 0 fault sites, 2 entries, text 0xffffadaa8000..0xffffadaa8008, fpsimd false
[    5.795913] rust_kjit: kjit: pc 0xffffadaa8000: installed 532 bytes, 0 fault sites, 2 entries, text 0xffffadaa8000..0xffffadaa8008, fpsimd false
[    5.797539] rust_kjit: kjit: pc 0xffffadaa8000: installed 532 bytes, 0 fault sites, 2 entries, text 0xffffadaa8000..0xffffadaa8008, fpsimd false
[    5.799629] rust_kjit: kjit: pc 0xffffadaa8000: installed 532 bytes, 0 fault sites, 2 entries, text 0xffffadaa8000..0xffffadaa8008, fpsimd false
[    5.801430] rust_kjit: kjit: pc 0xffffadaa8000: installed 532 bytes, 0 fault sites, 2 entries, text 0xffffadaa8000..0xffffadaa8008, fpsimd false
[    5.803645] rust_kjit: kjit: pc 0xffffadaa8000: installed 532 bytes, 0 fault sites, 2 entries, text 0xffffadaa8000..0xffffadaa8008, fpsimd false
[    5.805938] rust_kjit: kjit: pc 0xffffadaa8000: installed 532 bytes, 0 fault sites, 2 entries, text 0xffffadaa8000..0xffffadaa8008, fpsimd false
[    5.807837] rust_kjit: kjit: pc 0xffffadaa8000: installed 532 bytes, 0 fault sites, 2 entries, text 0xffffadaa8000..0xffffadaa8008, fpsimd false
[    5.809534] rust_kjit: kjit: pc 0xffffadaa8000: installed 532 bytes, 0 fault sites, 2 entries, text 0xffffadaa8000..0xffffadaa8008, fpsimd false
[    5.811318] rust_kjit: kjit: pc 0xffffadaa8000: installed 532 bytes, 0 fault sites, 2 entries, text 0xffffadaa8000..0xffffadaa8008, fpsimd false
[    5.813520] rust_kjit: kjit: pc 0xffffadaa8000: installed 532 bytes, 0 fault sites, 2 entries, text 0xffffadaa8000..0xffffadaa8008, fpsimd false
[    5.816010] rust_kjit: kjit: pc 0xffffadaa8000: installed 532 bytes, 0 fault sites, 2 entries, text 0xffffadaa8000..0xffffadaa8008, fpsimd false
[    5.817831] rust_kjit: kjit: pc 0xffffadaa8000: installed 532 bytes, 0 fault sites, 2 entries, text 0xffffadaa8000..0xffffadaa8008, fpsimd false
[    5.819680] rust_kjit: kjit: pc 0xffffadaa8000: installed 532 bytes, 0 fault sites, 2 entries, text 0xffffadaa8000..0xffffadaa8008, fpsimd false
[    5.821853] rust_kjit: kjit: pc 0xffffadaa8000: installed 532 bytes, 0 fault sites, 2 entries, text 0xffffadaa8000..0xffffadaa8008, fpsimd false
[    5.823650] rust_kjit: kjit: pc 0xffffadaa8000: installed 532 bytes, 0 fault sites, 2 entries, text 0xffffadaa8000..0xffffadaa8008, fpsimd false
[    5.825547] rust_kjit: kjit: pc 0xffffadaa8000: installed 532 bytes, 0 fault sites, 2 entries, text 0xffffadaa8000..0xffffadaa8008, fpsimd false
[    5.827435] rust_kjit: kjit: pc 0xffffadaa8000: installed 532 bytes, 0 fault sites, 2 entries, text 0xffffadaa8000..0xffffadaa8008, fpsimd false
[    5.829083] rust_kjit: kjit: pc 0xffffadaa8000: installed 532 bytes, 0 fault sites, 2 entries, text 0xffffadaa8000..0xffffadaa8008, fpsimd false
[    5.830716] rust_kjit: kjit: pc 0xffffadaa8000: installed 532 bytes, 0 fault sites, 2 entries, text 0xffffadaa8000..0xffffadaa8008, fpsimd false
[    5.832373] rust_kjit: kjit: pc 0xffffadaa8000: installed 532 bytes, 0 fault sites, 2 entries, text 0xffffadaa8000..0xffffadaa8008, fpsimd false
[    5.834095] rust_kjit: kjit: pc 0xffffadaa8000: installed 532 bytes, 0 fault sites, 2 entries, text 0xffffadaa8000..0xffffadaa8008, fpsimd false
[    5.835987] rust_kjit: kjit: pc 0xffffadaa8000: installed 532 bytes, 0 fault sites, 2 entries, text 0xffffadaa8000..0xffffadaa8008, fpsimd false
[    5.837995] rust_kjit: kjit: pc 0xffffadaa8000: installed 532 bytes, 0 fault sites, 2 entries, text 0xffffadaa8000..0xffffadaa8008, fpsimd false
[    5.839823] rust_kjit: kjit: pc 0xffffadaa8000: installed 532 bytes, 0 fault sites, 2 entries, text 0xffffadaa8000..0xffffadaa8008, fpsimd false
[    5.841241] rust_kjit: kjit: pc 0xffffadaa8000: installed 532 bytes, 0 fault sites, 2 entries, text 0xffffadaa8000..0xffffadaa8008, fpsimd false
[    5.843309] rust_kjit: kjit: pc 0xffffadaa8000: installed 532 bytes, 0 fault sites, 2 entries, text 0xffffadaa8000..0xffffadaa8008, fpsimd false
[    5.848262] rust_kjit: kjit: pc 0xffffadaa8000: installed 532 bytes, 0 fault sites, 2 entries, text 0xffffadaa8000..0xffffadaa8008, fpsimd false
[    5.849521] rust_kjit: kjit: pc 0xffffadaa8000: installed 532 bytes, 0 fault sites, 2 entries, text 0xffffadaa8000..0xffffadaa8008, fpsimd false
[    5.851959] rust_kjit: kjit: pc 0xffffadaa8000: installed 532 bytes, 0 fault sites, 2 entries, text 0xffffadaa8000..0xffffadaa8008, fpsimd false
[    5.854736] rust_kjit: kjit: pc 0xffffadaa8000: installed 532 bytes, 0 fault sites, 2 entries, text 0xffffadaa8000..0xffffadaa8008, fpsimd false
[    5.855995] rust_kjit: kjit: pc 0xffffadaa8000: installed 532 bytes, 0 fault sites, 2 entries, text 0xffffadaa8000..0xffffadaa8008, fpsimd false
[    5.857856] rust_kjit: kjit: pc 0xffffadaa8000: installed 532 bytes, 0 fault sites, 2 entries, text 0xffffadaa8000..0xffffadaa8008, fpsimd false
[    5.859761] rust_kjit: kjit: pc 0xffffadaa8000: installed 532 bytes, 0 fault sites, 2 entries, text 0xffffadaa8000..0xffffadaa8008, fpsimd false
[    5.862527] rust_kjit: kjit: pc 0xffffadaa8000: installed 532 bytes, 0 fault sites, 2 entries, text 0xffffadaa8000..0xffffadaa8008, fpsimd false
[    5.863745] rust_kjit: kjit: pc 0xffffadaa8000: installed 532 bytes, 0 fault sites, 2 entries, text 0xffffadaa8000..0xffffadaa8008, fpsimd false
[    5.865444] rust_kjit: kjit: pc 0xffffadaa8000: installed 532 bytes, 0 fault sites, 2 entries, text 0xffffadaa8000..0xffffadaa8008, fpsimd false
[    5.867602] rust_kjit: kjit: pc 0xffffadaa8000: installed 532 bytes, 0 fault sites, 2 entries, text 0xffffadaa8000..0xffffadaa8008, fpsimd false
[    5.869521] rust_kjit: kjit: pc 0xffffadaa8000: installed 532 bytes, 0 fault sites, 2 entries, text 0xffffadaa8000..0xffffadaa8008, fpsimd false
[    5.870888] rust_kjit: kjit: pc 0xffffadaa8000: installed 532 bytes, 0 fault sites, 2 entries, text 0xffffadaa8000..0xffffadaa8008, fpsimd false
[    5.872600] rust_kjit: kjit: pc 0xffffadaa8000: installed 532 bytes, 0 fault sites, 2 entries, text 0xffffadaa8000..0xffffadaa8008, fpsimd false
[    5.874298] rust_kjit: kjit: pc 0xffffadaa8000: installed 532 bytes, 0 fault sites, 2 entries, text 0xffffadaa8000..0xffffadaa8008, fpsimd false
[    5.875935] rust_kjit: kjit: pc 0xffffadaa8000: installed 532 bytes, 0 fault sites, 2 entries, text 0xffffadaa8000..0xffffadaa8008, fpsimd false
[    5.877833] rust_kjit: kjit: pc 0xffffadaa8000: installed 532 bytes, 0 fault sites, 2 entries, text 0xffffadaa8000..0xffffadaa8008, fpsimd false
[    5.879688] rust_kjit: kjit: pc 0xffffadaa8000: installed 532 bytes, 0 fault sites, 2 entries, text 0xffffadaa8000..0xffffadaa8008, fpsimd false
[    5.881541] rust_kjit: kjit: pc 0xffffadaa8000: installed 532 bytes, 0 fault sites, 2 entries, text 0xffffadaa8000..0xffffadaa8008, fpsimd false
[    5.883353] rust_kjit: kjit: pc 0xffffadaa8000: installed 532 bytes, 0 fault sites, 2 entries, text 0xffffadaa8000..0xffffadaa8008, fpsimd false
[    5.885021] rust_kjit: kjit: pc 0xffffadaa8000: installed 532 bytes, 0 fault sites, 2 entries, text 0xffffadaa8000..0xffffadaa8008, fpsimd false
[    5.886713] rust_kjit: kjit: pc 0xffffadaa8000: installed 532 bytes, 0 fault sites, 2 entries, text 0xffffadaa8000..0xffffadaa8008, fpsimd false
[    5.888450] rust_kjit: kjit: pc 0xffffadaa8000: installed 532 bytes, 0 fault sites, 2 entries, text 0xffffadaa8000..0xffffadaa8008, fpsimd false
[    5.890100] rust_kjit: kjit: pc 0xffffadaa8000: installed 532 bytes, 0 fault sites, 2 entries, text 0xffffadaa8000..0xffffadaa8008, fpsimd false
[    5.891337] rust_kjit: kjit: pc 0xffffadaa8000: installed 532 bytes, 0 fault sites, 2 entries, text 0xffffadaa8000..0xffffadaa8008, fpsimd false
[    5.893249] rust_kjit: kjit: pc 0xffffadaa8000: installed 532 bytes, 0 fault sites, 2 entries, text 0xffffadaa8000..0xffffadaa8008, fpsimd false
[    5.895083] rust_kjit: kjit: pc 0xffffadaa8000: installed 532 bytes, 0 fault sites, 2 entries, text 0xffffadaa8000..0xffffadaa8008, fpsimd false
[    5.896414] rust_kjit: kjit: pc 0xffffadaa8000: installed 532 bytes, 0 fault sites, 2 entries, text 0xffffadaa8000..0xffffadaa8008, fpsimd false
[    5.898166] rust_kjit: kjit: pc 0xffffadaa8000: installed 532 bytes, 0 fault sites, 2 entries, text 0xffffadaa8000..0xffffadaa8008, fpsimd false
[    5.899863] rust_kjit: kjit: pc 0xffffadaa8000: installed 532 bytes, 0 fault sites, 2 entries, text 0xffffadaa8000..0xffffadaa8008, fpsimd false
[    5.901079] rust_kjit: kjit: pc 0xffffadaa8000: installed 532 bytes, 0 fault sites, 2 entries, text 0xffffadaa8000..0xffffadaa8008, fpsimd false
[    5.902997] rust_kjit: kjit: pc 0xffffadaa8000: installed 532 bytes, 0 fault sites, 2 entries, text 0xffffadaa8000..0xffffadaa8008, fpsimd false
[    5.904725] rust_kjit: kjit: pc 0xffffadaa8000: installed 532 bytes, 0 fault sites, 2 entries, text 0xffffadaa8000..0xffffadaa8008, fpsimd false
[    5.906069] rust_kjit: kjit: pc 0xffffadaa8000: installed 532 bytes, 0 fault sites, 2 entries, text 0xffffadaa8000..0xffffadaa8008, fpsimd false
[    5.907729] rust_kjit: kjit: pc 0xffffadaa8000: installed 532 bytes, 0 fault sites, 2 entries, text 0xffffadaa8000..0xffffadaa8008, fpsimd false
[    5.909389] rust_kjit: kjit: pc 0xffffadaa8000: installed 532 bytes, 0 fault sites, 2 entries, text 0xffffadaa8000..0xffffadaa8008, fpsimd false
[    5.910834] rust_kjit: kjit: pc 0xffffadaa8000: installed 532 bytes, 0 fault sites, 2 entries, text 0xffffadaa8000..0xffffadaa8008, fpsimd false
[    5.912750] rust_kjit: kjit: pc 0xffffadaa8000: installed 532 bytes, 0 fault sites, 2 entries, text 0xffffadaa8000..0xffffadaa8008, fpsimd false
[    5.914458] rust_kjit: kjit: pc 0xffffadaa8000: installed 532 bytes, 0 fault sites, 2 entries, text 0xffffadaa8000..0xffffadaa8008, fpsimd false
[    5.915720] rust_kjit: kjit: pc 0xffffadaa8000: installed 532 bytes, 0 fault sites, 2 entries, text 0xffffadaa8000..0xffffadaa8008, fpsimd false
[    5.917468] rust_kjit: kjit: pc 0xffffadaa8000: installed 532 bytes, 0 fault sites, 2 entries, text 0xffffadaa8000..0xffffadaa8008, fpsimd false
[    5.919495] rust_kjit: kjit: pc 0xffffadaa8000: installed 532 bytes, 0 fault sites, 2 entries, text 0xffffadaa8000..0xffffadaa8008, fpsimd false
[    5.920934] rust_kjit: kjit: pc 0xffffadaa8000: installed 532 bytes, 0 fault sites, 2 entries, text 0xffffadaa8000..0xffffadaa8008, fpsimd false
[    5.922782] rust_kjit: kjit: pc 0xffffadaa8000: installed 532 bytes, 0 fault sites, 2 entries, text 0xffffadaa8000..0xffffadaa8008, fpsimd false
[    5.924442] rust_kjit: kjit: pc 0xffffadaa8000: installed 532 bytes, 0 fault sites, 2 entries, text 0xffffadaa8000..0xffffadaa8008, fpsimd false
[    5.925855] rust_kjit: kjit: pc 0xffffadaa8000: installed 532 bytes, 0 fault sites, 2 entries, text 0xffffadaa8000..0xffffadaa8008, fpsimd false
[    5.927675] rust_kjit: kjit: pc 0xffffadaa8000: installed 532 bytes, 0 fault sites, 2 entries, text 0xffffadaa8000..0xffffadaa8008, fpsimd false
[    5.928952] rust_kjit: kjit: pc 0xffffadaa8000: installed 532 bytes, 0 fault sites, 2 entries, text 0xffffadaa8000..0xffffadaa8008, fpsimd false
[    5.930648] rust_kjit: kjit: pc 0xffffadaa8000: installed 532 bytes, 0 fault sites, 2 entries, text 0xffffadaa8000..0xffffadaa8008, fpsimd false
[    5.932472] rust_kjit: kjit: pc 0xffffadaa8000: installed 532 bytes, 0 fault sites, 2 entries, text 0xffffadaa8000..0xffffadaa8008, fpsimd false
[    5.934117] rust_kjit: kjit: pc 0xffffadaa8000: installed 532 bytes, 0 fault sites, 2 entries, text 0xffffadaa8000..0xffffadaa8008, fpsimd false
[    5.935345] rust_kjit: kjit: pc 0xffffadaa8000: installed 532 bytes, 0 fault sites, 2 entries, text 0xffffadaa8000..0xffffadaa8008, fpsimd false
[    5.937175] rust_kjit: kjit: pc 0xffffadaa8000: installed 532 bytes, 0 fault sites, 2 entries, text 0xffffadaa8000..0xffffadaa8008, fpsimd false
[    5.938967] rust_kjit: kjit: pc 0xffffadaa8000: installed 532 bytes, 0 fault sites, 2 entries, text 0xffffadaa8000..0xffffadaa8008, fpsimd false
[    5.940212] rust_kjit: kjit: pc 0xffffadaa8000: installed 532 bytes, 0 fault sites, 2 entries, text 0xffffadaa8000..0xffffadaa8008, fpsimd false
[    5.941935] rust_kjit: kjit: pc 0xffffadaa8000: installed 532 bytes, 0 fault sites, 2 entries, text 0xffffadaa8000..0xffffadaa8008, fpsimd false
[    5.943737] rust_kjit: kjit: pc 0xffffadaa8000: installed 532 bytes, 0 fault sites, 2 entries, text 0xffffadaa8000..0xffffadaa8008, fpsimd false
[    5.945095] rust_kjit: kjit: pc 0xffffadaa8000: installed 532 bytes, 0 fault sites, 2 entries, text 0xffffadaa8000..0xffffadaa8008, fpsimd false
[    5.946963] rust_kjit: kjit: pc 0xffffadaa8000: installed 532 bytes, 0 fault sites, 2 entries, text 0xffffadaa8000..0xffffadaa8008, fpsimd false
[    5.948634] rust_kjit: kjit: pc 0xffffadaa8000: installed 532 bytes, 0 fault sites, 2 entries, text 0xffffadaa8000..0xffffadaa8008, fpsimd false
[    5.949999] rust_kjit: kjit: pc 0xffffadaa8000: installed 532 bytes, 0 fault sites, 2 entries, text 0xffffadaa8000..0xffffadaa8008, fpsimd false
[    5.951705] rust_kjit: kjit: pc 0xffffadaa8000: installed 532 bytes, 0 fault sites, 2 entries, text 0xffffadaa8000..0xffffadaa8008, fpsimd false
[    5.953338] rust_kjit: kjit: pc 0xffffadaa8000: installed 532 bytes, 0 fault sites, 2 entries, text 0xffffadaa8000..0xffffadaa8008, fpsimd false
[    5.954952] rust_kjit: kjit: pc 0xffffadaa8000: installed 532 bytes, 0 fault sites, 2 entries, text 0xffffadaa8000..0xffffadaa8008, fpsimd false
[    5.956703] rust_kjit: kjit: pc 0xffffadaa8000: installed 532 bytes, 0 fault sites, 2 entries, text 0xffffadaa8000..0xffffadaa8008, fpsimd false
[    5.958036] rust_kjit: kjit: pc 0xffffadaa8000: installed 532 bytes, 0 fault sites, 2 entries, text 0xffffadaa8000..0xffffadaa8008, fpsimd false
[    5.959747] rust_kjit: kjit: pc 0xffffadaa8000: installed 532 bytes, 0 fault sites, 2 entries, text 0xffffadaa8000..0xffffadaa8008, fpsimd false
[    5.961402] rust_kjit: kjit: pc 0xffffadaa8000: installed 532 bytes, 0 fault sites, 2 entries, text 0xffffadaa8000..0xffffadaa8008, fpsimd false
[    5.963278] rust_kjit: kjit: pc 0xffffadaa8000: installed 532 bytes, 0 fault sites, 2 entries, text 0xffffadaa8000..0xffffadaa8008, fpsimd false
[    5.964541] rust_kjit: kjit: pc 0xffffadaa8000: installed 532 bytes, 0 fault sites, 2 entries, text 0xffffadaa8000..0xffffadaa8008, fpsimd false
[    5.966245] rust_kjit: kjit: pc 0xffffadaa8000: installed 532 bytes, 0 fault sites, 2 entries, text 0xffffadaa8000..0xffffadaa8008, fpsimd false
[    5.967998] rust_kjit: kjit: pc 0xffffadaa8000: installed 532 bytes, 0 fault sites, 2 entries, text 0xffffadaa8000..0xffffadaa8008, fpsimd false
[    5.969357] rust_kjit: kjit: pc 0xffffadaa8000: installed 532 bytes, 0 fault sites, 2 entries, text 0xffffadaa8000..0xffffadaa8008, fpsimd false
[    5.971312] rust_kjit: kjit: pc 0xffffadaa8000: installed 532 bytes, 0 fault sites, 2 entries, text 0xffffadaa8000..0xffffadaa8008, fpsimd false
[    5.973216] rust_kjit: kjit: pc 0xffffadaa8000: installed 532 bytes, 0 fault sites, 2 entries, text 0xffffadaa8000..0xffffadaa8008, fpsimd false
[    5.974596] rust_kjit: kjit: pc 0xffffadaa8000: installed 532 bytes, 0 fault sites, 2 entries, text 0xffffadaa8000..0xffffadaa8008, fpsimd false
[    5.976231] rust_kjit: kjit: pc 0xffffadaa8000: installed 532 bytes, 0 fault sites, 2 entries, text 0xffffadaa8000..0xffffadaa8008, fpsimd false
[    5.978277] rust_kjit: kjit: pc 0xffffadaa8000: installed 532 bytes, 0 fault sites, 2 entries, text 0xffffadaa8000..0xffffadaa8008, fpsimd false
[    5.979553] rust_kjit: kjit: pc 0xffffadaa8000: installed 532 bytes, 0 fault sites, 2 entries, text 0xffffadaa8000..0xffffadaa8008, fpsimd false
[    5.981241] rust_kjit: kjit: pc 0xffffadaa8000: installed 532 bytes, 0 fault sites, 2 entries, text 0xffffadaa8000..0xffffadaa8008, fpsimd false
[    5.983326] rust_kjit: kjit: pc 0xffffadaa8000: installed 532 bytes, 0 fault sites, 2 entries, text 0xffffadaa8000..0xffffadaa8008, fpsimd false
[    5.984616] rust_kjit: kjit: pc 0xffffadaa8000: installed 532 bytes, 0 fault sites, 2 entries, text 0xffffadaa8000..0xffffadaa8008, fpsimd false
[    5.986493] rust_kjit: kjit: pc 0xffffadaa8000: installed 532 bytes, 0 fault sites, 2 entries, text 0xffffadaa8000..0xffffadaa8008, fpsimd false
[    5.988234] rust_kjit: kjit: pc 0xffffadaa8000: installed 532 bytes, 0 fault sites, 2 entries, text 0xffffadaa8000..0xffffadaa8008, fpsimd false
[    5.989487] rust_kjit: kjit: pc 0xffffadaa8000: installed 532 bytes, 0 fault sites, 2 entries, text 0xffffadaa8000..0xffffadaa8008, fpsimd false
[    5.991343] rust_kjit: kjit: pc 0xffffadaa8000: installed 532 bytes, 0 fault sites, 2 entries, text 0xffffadaa8000..0xffffadaa8008, fpsimd false
[    5.993054] rust_kjit: kjit: pc 0xffffadaa8000: installed 532 bytes, 0 fault sites, 2 entries, text 0xffffadaa8000..0xffffadaa8008, fpsimd false
[    5.994858] rust_kjit: kjit: pc 0xffffadaa8000: installed 532 bytes, 0 fault sites, 2 entries, text 0xffffadaa8000..0xffffadaa8008, fpsimd false
[    5.996262] rust_kjit: kjit: pc 0xffffadaa8000: installed 532 bytes, 0 fault sites, 2 entries, text 0xffffadaa8000..0xffffadaa8008, fpsimd false
[    5.997991] rust_kjit: kjit: pc 0xffffadaa8000: installed 532 bytes, 0 fault sites, 2 entries, text 0xffffadaa8000..0xffffadaa8008, fpsimd false
[    5.999735] rust_kjit: kjit: pc 0xffffadaa8000: installed 532 bytes, 0 fault sites, 2 entries, text 0xffffadaa8000..0xffffadaa8008, fpsimd false
[    6.001060] rust_kjit: kjit: pc 0xffffadaa8000: installed 532 bytes, 0 fault sites, 2 entries, text 0xffffadaa8000..0xffffadaa8008, fpsimd false
[    6.002787] rust_kjit: kjit: pc 0xffffadaa8000: installed 532 bytes, 0 fault sites, 2 entries, text 0xffffadaa8000..0xffffadaa8008, fpsimd false
[    6.004447] rust_kjit: kjit: pc 0xffffadaa8000: installed 532 bytes, 0 fault sites, 2 entries, text 0xffffadaa8000..0xffffadaa8008, fpsimd false
[    6.006477] rust_kjit: kjit: pc 0xffffadaa8000: installed 532 bytes, 0 fault sites, 2 entries, text 0xffffadaa8000..0xffffadaa8008, fpsimd false
[    6.007646] rust_kjit: kjit: pc 0xffffadaa8000: installed 532 bytes, 0 fault sites, 2 entries, text 0xffffadaa8000..0xffffadaa8008, fpsimd false
[    6.009456] rust_kjit: kjit: pc 0xffffadaa8000: installed 532 bytes, 0 fault sites, 2 entries, text 0xffffadaa8000..0xffffadaa8008, fpsimd false
[    6.011581] rust_kjit: kjit: pc 0xffffadaa8000: installed 532 bytes, 0 fault sites, 2 entries, text 0xffffadaa8000..0xffffadaa8008, fpsimd false
[    6.013647] rust_kjit: kjit: pc 0xffffadaa8000: installed 532 bytes, 0 fault sites, 2 entries, text 0xffffadaa8000..0xffffadaa8008, fpsimd false
[    6.015091] rust_kjit: kjit: pc 0xffffadaa8000: installed 532 bytes, 0 fault sites, 2 entries, text 0xffffadaa8000..0xffffadaa8008, fpsimd false
[    6.016909] rust_kjit: kjit: pc 0xffffadaa8000: installed 532 bytes, 0 fault sites, 2 entries, text 0xffffadaa8000..0xffffadaa8008, fpsimd false
[    6.018573] rust_kjit: kjit: pc 0xffffadaa8000: installed 532 bytes, 0 fault sites, 2 entries, text 0xffffadaa8000..0xffffadaa8008, fpsimd false
[    6.020243] rust_kjit: kjit: pc 0xffffadaa8000: installed 532 bytes, 0 fault sites, 2 entries, text 0xffffadaa8000..0xffffadaa8008, fpsimd false
[    6.022183] rust_kjit: kjit: pc 0xffffadaa8000: installed 532 bytes, 0 fault sites, 2 entries, text 0xffffadaa8000..0xffffadaa8008, fpsimd false
[    6.023476] rust_kjit: kjit: pc 0xffffadaa8000: installed 532 bytes, 0 fault sites, 2 entries, text 0xffffadaa8000..0xffffadaa8008, fpsimd false
[    6.025197] rust_kjit: kjit: pc 0xffffadaa8000: installed 532 bytes, 0 fault sites, 2 entries, text 0xffffadaa8000..0xffffadaa8008, fpsimd false
[    6.027226] rust_kjit: kjit: pc 0xffffadaa8000: installed 532 bytes, 0 fault sites, 2 entries, text 0xffffadaa8000..0xffffadaa8008, fpsimd false
[    6.028927] rust_kjit: kjit: pc 0xffffadaa8000: installed 532 bytes, 0 fault sites, 2 entries, text 0xffffadaa8000..0xffffadaa8008, fpsimd false
[    6.030135] rust_kjit: kjit: pc 0xffffadaa8000: installed 532 bytes, 0 fault sites, 2 entries, text 0xffffadaa8000..0xffffadaa8008, fpsimd false
[    6.031923] rust_kjit: kjit: pc 0xffffadaa8000: installed 532 bytes, 0 fault sites, 2 entries, text 0xffffadaa8000..0xffffadaa8008, fpsimd false
[    6.033546] rust_kjit: kjit: pc 0xffffadaa8000: installed 532 bytes, 0 fault sites, 2 entries, text 0xffffadaa8000..0xffffadaa8008, fpsimd false
[    6.035550] rust_kjit: kjit: pc 0xffffadaa8000: installed 532 bytes, 0 fault sites, 2 entries, text 0xffffadaa8000..0xffffadaa8008, fpsimd false
[    6.037659] rust_kjit: kjit: pc 0xffffadaa8000: installed 532 bytes, 0 fault sites, 2 entries, text 0xffffadaa8000..0xffffadaa8008, fpsimd false
[    6.039464] rust_kjit: kjit: pc 0xffffadaa8000: installed 532 bytes, 0 fault sites, 2 entries, text 0xffffadaa8000..0xffffadaa8008, fpsimd false
[    6.041224] rust_kjit: kjit: pc 0xffffadaa8000: installed 532 bytes, 0 fault sites, 2 entries, text 0xffffadaa8000..0xffffadaa8008, fpsimd false
[    6.043235] rust_kjit: kjit: pc 0xffffadaa8000: installed 532 bytes, 0 fault sites, 2 entries, text 0xffffadaa8000..0xffffadaa8008, fpsimd false
[    6.044572] rust_kjit: kjit: pc 0xffffadaa8000: installed 532 bytes, 0 fault sites, 2 entries, text 0xffffadaa8000..0xffffadaa8008, fpsimd false
[    6.046548] rust_kjit: kjit: pc 0xffffadaa8000: installed 532 bytes, 0 fault sites, 2 entries, text 0xffffadaa8000..0xffffadaa8008, fpsimd false
[    6.048555] rust_kjit: kjit: pc 0xffffadaa8000: installed 532 bytes, 0 fault sites, 2 entries, text 0xffffadaa8000..0xffffadaa8008, fpsimd false
[    6.049903] rust_kjit: kjit: pc 0xffffadaa8000: installed 532 bytes, 0 fault sites, 2 entries, text 0xffffadaa8000..0xffffadaa8008, fpsimd false
[    6.051727] rust_kjit: kjit: pc 0xffffadaa8000: installed 532 bytes, 0 fault sites, 2 entries, text 0xffffadaa8000..0xffffadaa8008, fpsimd false
[    6.053483] rust_kjit: kjit: pc 0xffffadaa8000: installed 532 bytes, 0 fault sites, 2 entries, text 0xffffadaa8000..0xffffadaa8008, fpsimd false
[    6.055003] rust_kjit: kjit: pc 0xffffadaa8000: installed 532 bytes, 0 fault sites, 2 entries, text 0xffffadaa8000..0xffffadaa8008, fpsimd false
[    6.056671] rust_kjit: kjit: pc 0xffffadaa8000: installed 532 bytes, 0 fault sites, 2 entries, text 0xffffadaa8000..0xffffadaa8008, fpsimd false
[    6.058540] rust_kjit: kjit: pc 0xffffadaa8000: installed 532 bytes, 0 fault sites, 2 entries, text 0xffffadaa8000..0xffffadaa8008, fpsimd false
[    6.059913] rust_kjit: kjit: pc 0xffffadaa8000: installed 532 bytes, 0 fault sites, 2 entries, text 0xffffadaa8000..0xffffadaa8008, fpsimd false
[    6.061796] rust_kjit: kjit: pc 0xffffadaa8000: installed 532 bytes, 0 fault sites, 2 entries, text 0xffffadaa8000..0xffffadaa8008, fpsimd false
[    6.063723] rust_kjit: kjit: pc 0xffffadaa8000: installed 532 bytes, 0 fault sites, 2 entries, text 0xffffadaa8000..0xffffadaa8008, fpsimd false
[    6.065739] rust_kjit: kjit: pc 0xffffadaa8000: installed 532 bytes, 0 fault sites, 2 entries, text 0xffffadaa8000..0xffffadaa8008, fpsimd false
[    6.067043] rust_kjit: kjit: pc 0xffffadaa8000: installed 532 bytes, 0 fault sites, 2 entries, text 0xffffadaa8000..0xffffadaa8008, fpsimd false
[    6.068814] rust_kjit: kjit: pc 0xffffadaa8000: installed 532 bytes, 0 fault sites, 2 entries, text 0xffffadaa8000..0xffffadaa8008, fpsimd false
[    6.070523] rust_kjit: kjit: pc 0xffffadaa8000: installed 532 bytes, 0 fault sites, 2 entries, text 0xffffadaa8000..0xffffadaa8008, fpsimd false
[    6.072254] rust_kjit: kjit: pc 0xffffadaa8000: installed 532 bytes, 0 fault sites, 2 entries, text 0xffffadaa8000..0xffffadaa8008, fpsimd false
[    6.074069] rust_kjit: kjit: pc 0xffffadaa8000: installed 532 bytes, 0 fault sites, 2 entries, text 0xffffadaa8000..0xffffadaa8008, fpsimd false
[    6.075741] rust_kjit: kjit: pc 0xffffadaa8000: installed 532 bytes, 0 fault sites, 2 entries, text 0xffffadaa8000..0xffffadaa8008, fpsimd false
[    6.077167] rust_kjit: kjit: pc 0xffffadaa8000: installed 532 bytes, 0 fault sites, 2 entries, text 0xffffadaa8000..0xffffadaa8008, fpsimd false
[    6.079122] rust_kjit: kjit: pc 0xffffadaa8000: installed 532 bytes, 0 fault sites, 2 entries, text 0xffffadaa8000..0xffffadaa8008, fpsimd false
[    6.080750] rust_kjit: kjit: pc 0xffffadaa8000: installed 532 bytes, 0 fault sites, 2 entries, text 0xffffadaa8000..0xffffadaa8008, fpsimd false
[    6.082063] rust_kjit: kjit: pc 0xffffadaa8000: installed 532 bytes, 0 fault sites, 2 entries, text 0xffffadaa8000..0xffffadaa8008, fpsimd false
[    6.083909] rust_kjit: kjit: pc 0xffffadaa8000: installed 532 bytes, 0 fault sites, 2 entries, text 0xffffadaa8000..0xffffadaa8008, fpsimd false
[    6.085526] rust_kjit: kjit: pc 0xffffadaa8000: installed 532 bytes, 0 fault sites, 2 entries, text 0xffffadaa8000..0xffffadaa8008, fpsimd false
[    6.086936] rust_kjit: kjit: pc 0xffffadaa8000: installed 532 bytes, 0 fault sites, 2 entries, text 0xffffadaa8000..0xffffadaa8008, fpsimd false
[    6.088818] rust_kjit: kjit: pc 0xffffadaa8000: installed 532 bytes, 0 fault sites, 2 entries, text 0xffffadaa8000..0xffffadaa8008, fpsimd false
[    6.090735] rust_kjit: kjit: pc 0xffffadaa8000: installed 532 bytes, 0 fault sites, 2 entries, text 0xffffadaa8000..0xffffadaa8008, fpsimd false
[    6.092435] rust_kjit: kjit: pc 0xffffadaa8000: installed 532 bytes, 0 fault sites, 2 entries, text 0xffffadaa8000..0xffffadaa8008, fpsimd false
[    6.094445] rust_kjit: kjit: pc 0xffffadaa8000: installed 532 bytes, 0 fault sites, 2 entries, text 0xffffadaa8000..0xffffadaa8008, fpsimd false
[    6.096106] rust_kjit: kjit: pc 0xffffadaa8000: installed 532 bytes, 0 fault sites, 2 entries, text 0xffffadaa8000..0xffffadaa8008, fpsimd false
[    6.097930] rust_kjit: kjit: pc 0xffffadaa8000: installed 532 bytes, 0 fault sites, 2 entries, text 0xffffadaa8000..0xffffadaa8008, fpsimd false
[    6.099908] rust_kjit: kjit: pc 0xffffadaa8000: installed 532 bytes, 0 fault sites, 2 entries, text 0xffffadaa8000..0xffffadaa8008, fpsimd false
[    6.101956] rust_kjit: kjit: pc 0xffffadaa8000: installed 532 bytes, 0 fault sites, 2 entries, text 0xffffadaa8000..0xffffadaa8008, fpsimd false
[    6.103718] rust_kjit: kjit: pc 0xffffadaa8000: installed 532 bytes, 0 fault sites, 2 entries, text 0xffffadaa8000..0xffffadaa8008, fpsimd false
[    6.105707] rust_kjit: kjit: pc 0xffffadaa8000: installed 532 bytes, 0 fault sites, 2 entries, text 0xffffadaa8000..0xffffadaa8008, fpsimd false
[    6.107356] rust_kjit: kjit: pc 0xffffadaa8000: installed 532 bytes, 0 fault sites, 2 entries, text 0xffffadaa8000..0xffffadaa8008, fpsimd false
[    6.109131] rust_kjit: kjit: pc 0xffffadaa8000: installed 532 bytes, 0 fault sites, 2 entries, text 0xffffadaa8000..0xffffadaa8008, fpsimd false
[    6.111016] rust_kjit: kjit: pc 0xffffadaa8000: installed 532 bytes, 0 fault sites, 2 entries, text 0xffffadaa8000..0xffffadaa8008, fpsimd false
[    6.112759] rust_kjit: kjit: pc 0xffffadaa8000: installed 532 bytes, 0 fault sites, 2 entries, text 0xffffadaa8000..0xffffadaa8008, fpsimd false
[    6.114535] rust_kjit: kjit: pc 0xffffadaa8000: installed 532 bytes, 0 fault sites, 2 entries, text 0xffffadaa8000..0xffffadaa8008, fpsimd false
[    6.116393] rust_kjit: kjit: pc 0xffffadaa8000: installed 532 bytes, 0 fault sites, 2 entries, text 0xffffadaa8000..0xffffadaa8008, fpsimd false
[    6.118193] rust_kjit: kjit: pc 0xffffadaa8000: installed 532 bytes, 0 fault sites, 2 entries, text 0xffffadaa8000..0xffffadaa8008, fpsimd false
[    6.120049] rust_kjit: kjit: pc 0xffffadaa8000: installed 532 bytes, 0 fault sites, 2 entries, text 0xffffadaa8000..0xffffadaa8008, fpsimd false
[    6.122158] rust_kjit: kjit: pc 0xffffadaa8000: installed 532 bytes, 0 fault sites, 2 entries, text 0xffffadaa8000..0xffffadaa8008, fpsimd false
[    6.123855] rust_kjit: kjit: pc 0xffffadaa8000: installed 532 bytes, 0 fault sites, 2 entries, text 0xffffadaa8000..0xffffadaa8008, fpsimd false
[    6.125833] rust_kjit: kjit: pc 0xffffadaa8000: installed 532 bytes, 0 fault sites, 2 entries, text 0xffffadaa8000..0xffffadaa8008, fpsimd false
[    6.127575] rust_kjit: kjit: pc 0xffffadaa8000: installed 532 bytes, 0 fault sites, 2 entries, text 0xffffadaa8000..0xffffadaa8008, fpsimd false
[    6.129192] rust_kjit: kjit: pc 0xffffadaa8000: installed 532 bytes, 0 fault sites, 2 entries, text 0xffffadaa8000..0xffffadaa8008, fpsimd false
[    6.131087] rust_kjit: kjit: pc 0xffffadaa8000: installed 532 bytes, 0 fault sites, 2 entries, text 0xffffadaa8000..0xffffadaa8008, fpsimd false
[    6.132507] rust_kjit: kjit: pc 0xffffadaa8000: installed 532 bytes, 0 fault sites, 2 entries, text 0xffffadaa8000..0xffffadaa8008, fpsimd false
[    6.134288] rust_kjit: kjit: pc 0xffffadaa8000: installed 532 bytes, 0 fault sites, 2 entries, text 0xffffadaa8000..0xffffadaa8008, fpsimd false
[    6.136004] rust_kjit: kjit: pc 0xffffadaa8000: installed 532 bytes, 0 fault sites, 2 entries, text 0xffffadaa8000..0xffffadaa8008, fpsimd false
[    6.137326] rust_kjit: kjit: pc 0xffffadaa8000: installed 532 bytes, 0 fault sites, 2 entries, text 0xffffadaa8000..0xffffadaa8008, fpsimd false
[    6.139127] rust_kjit: kjit: pc 0xffffadaa8000: installed 532 bytes, 0 fault sites, 2 entries, text 0xffffadaa8000..0xffffadaa8008, fpsimd false
[    6.140956] rust_kjit: kjit: pc 0xffffadaa8000: installed 532 bytes, 0 fault sites, 2 entries, text 0xffffadaa8000..0xffffadaa8008, fpsimd false
[    6.142501] rust_kjit: kjit: pc 0xffffadaa8000: installed 532 bytes, 0 fault sites, 2 entries, text 0xffffadaa8000..0xffffadaa8008, fpsimd false
[    6.144303] rust_kjit: kjit: pc 0xffffadaa8000: installed 532 bytes, 0 fault sites, 2 entries, text 0xffffadaa8000..0xffffadaa8008, fpsimd false
[    6.146266] rust_kjit: kjit: pc 0xffffadaa8000: installed 532 bytes, 0 fault sites, 2 entries, text 0xffffadaa8000..0xffffadaa8008, fpsimd false
[    6.147627] rust_kjit: kjit: pc 0xffffadaa8000: installed 532 bytes, 0 fault sites, 2 entries, text 0xffffadaa8000..0xffffadaa8008, fpsimd false
[    6.149289] rust_kjit: kjit: pc 0xffffadaa8000: installed 532 bytes, 0 fault sites, 2 entries, text 0xffffadaa8000..0xffffadaa8008, fpsimd false
[    6.151294] rust_kjit: kjit: pc 0xffffadaa8000: installed 532 bytes, 0 fault sites, 2 entries, text 0xffffadaa8000..0xffffadaa8008, fpsimd false
[    6.153017] rust_kjit: kjit: pc 0xffffadaa8000: installed 532 bytes, 0 fault sites, 2 entries, text 0xffffadaa8000..0xffffadaa8008, fpsimd false
[    6.154687] rust_kjit: kjit: pc 0xffffadaa8000: installed 532 bytes, 0 fault sites, 2 entries, text 0xffffadaa8000..0xffffadaa8008, fpsimd false
[    6.155913] rust_kjit: kjit: pc 0xffffadaa8000: installed 532 bytes, 0 fault sites, 2 entries, text 0xffffadaa8000..0xffffadaa8008, fpsimd false
[    6.157920] rust_kjit: kjit: pc 0xffffadaa8000: installed 532 bytes, 0 fault sites, 2 entries, text 0xffffadaa8000..0xffffadaa8008, fpsimd false
[    6.159702] rust_kjit: kjit: pc 0xffffadaa8000: installed 532 bytes, 0 fault sites, 2 entries, text 0xffffadaa8000..0xffffadaa8008, fpsimd false
[    6.160903] rust_kjit: kjit: pc 0xffffadaa8000: installed 532 bytes, 0 fault sites, 2 entries, text 0xffffadaa8000..0xffffadaa8008, fpsimd false
[    6.162675] rust_kjit: kjit: pc 0xffffadaa8000: installed 532 bytes, 0 fault sites, 2 entries, text 0xffffadaa8000..0xffffadaa8008, fpsimd false
[    6.164490] rust_kjit: kjit: pc 0xffffadaa8000: installed 532 bytes, 0 fault sites, 2 entries, text 0xffffadaa8000..0xffffadaa8008, fpsimd false
[    6.165858] rust_kjit: kjit: pc 0xffffadaa8000: installed 532 bytes, 0 fault sites, 2 entries, text 0xffffadaa8000..0xffffadaa8008, fpsimd false
[    6.167612] rust_kjit: kjit: pc 0xffffadaa8000: installed 532 bytes, 0 fault sites, 2 entries, text 0xffffadaa8000..0xffffadaa8008, fpsimd false
[    6.169346] rust_kjit: kjit: pc 0xffffadaa8000: installed 532 bytes, 0 fault sites, 2 entries, text 0xffffadaa8000..0xffffadaa8008, fpsimd false
[    6.170858] rust_kjit: kjit: pc 0xffffadaa8000: installed 532 bytes, 0 fault sites, 2 entries, text 0xffffadaa8000..0xffffadaa8008, fpsimd false
[    6.172816] rust_kjit: kjit: pc 0xffffadaa8000: installed 532 bytes, 0 fault sites, 2 entries, text 0xffffadaa8000..0xffffadaa8008, fpsimd false
[    6.174777] rust_kjit: kjit: pc 0xffffadaa8000: installed 532 bytes, 0 fault sites, 2 entries, text 0xffffadaa8000..0xffffadaa8008, fpsimd false
[    6.176042] rust_kjit: kjit: pc 0xffffadaa8000: installed 532 bytes, 0 fault sites, 2 entries, text 0xffffadaa8000..0xffffadaa8008, fpsimd false
[    6.177876] rust_kjit: kjit: pc 0xffffadaa8000: installed 532 bytes, 0 fault sites, 2 entries, text 0xffffadaa8000..0xffffadaa8008, fpsimd false
[    6.179634] rust_kjit: kjit: pc 0xffffadaa8000: installed 532 bytes, 0 fault sites, 2 entries, text 0xffffadaa8000..0xffffadaa8008, fpsimd false
[    6.181283] rust_kjit: kjit: pc 0xffffadaa8000: installed 532 bytes, 0 fault sites, 2 entries, text 0xffffadaa8000..0xffffadaa8008, fpsimd false
[    6.182890] rust_kjit: kjit: pc 0xffffadaa8000: installed 532 bytes, 0 fault sites, 2 entries, text 0xffffadaa8000..0xffffadaa8008, fpsimd false
[    6.184616] rust_kjit: kjit: pc 0xffffadaa8000: installed 532 bytes, 0 fault sites, 2 entries, text 0xffffadaa8000..0xffffadaa8008, fpsimd false
[    6.186642] rust_kjit: kjit: pc 0xffffadaa8000: installed 532 bytes, 0 fault sites, 2 entries, text 0xffffadaa8000..0xffffadaa8008, fpsimd false
[    6.188002] rust_kjit: kjit: pc 0xffffadaa8000: installed 532 bytes, 0 fault sites, 2 entries, text 0xffffadaa8000..0xffffadaa8008, fpsimd false
[    6.189767] rust_kjit: kjit: pc 0xffffadaa8000: installed 532 bytes, 0 fault sites, 2 entries, text 0xffffadaa8000..0xffffadaa8008, fpsimd false
[    6.191381] rust_kjit: kjit: pc 0xffffadaa8000: installed 532 bytes, 0 fault sites, 2 entries, text 0xffffadaa8000..0xffffadaa8008, fpsimd false
[    6.193204] rust_kjit: kjit: pc 0xffffadaa8000: installed 532 bytes, 0 fault sites, 2 entries, text 0xffffadaa8000..0xffffadaa8008, fpsimd false
[    6.194596] rust_kjit: kjit: pc 0xffffadaa8000: installed 532 bytes, 0 fault sites, 2 entries, text 0xffffadaa8000..0xffffadaa8008, fpsimd false
[    6.196273] rust_kjit: kjit: pc 0xffffadaa8000: installed 532 bytes, 0 fault sites, 2 entries, text 0xffffadaa8000..0xffffadaa8008, fpsimd false
[    6.198100] rust_kjit: kjit: pc 0xffffadaa8000: installed 532 bytes, 0 fault sites, 2 entries, text 0xffffadaa8000..0xffffadaa8008, fpsimd false
[    6.199393] rust_kjit: kjit: pc 0xffffadaa8000: installed 532 bytes, 0 fault sites, 2 entries, text 0xffffadaa8000..0xffffadaa8008, fpsimd false
[    6.201224] rust_kjit: kjit: pc 0xffffadaa8000: installed 532 bytes, 0 fault sites, 2 entries, text 0xffffadaa8000..0xffffadaa8008, fpsimd false
[    6.203358] rust_kjit: kjit: pc 0xffffadaa8000: installed 532 bytes, 0 fault sites, 2 entries, text 0xffffadaa8000..0xffffadaa8008, fpsimd false
[    6.204539] rust_kjit: kjit: pc 0xffffadaa8000: installed 532 bytes, 0 fault sites, 2 entries, text 0xffffadaa8000..0xffffadaa8008, fpsimd false
[    6.206510] rust_kjit: kjit: pc 0xffffadaa8000: installed 532 bytes, 0 fault sites, 2 entries, text 0xffffadaa8000..0xffffadaa8008, fpsimd false
[    6.208368] rust_kjit: kjit: pc 0xffffadaa8000: installed 532 bytes, 0 fault sites, 2 entries, text 0xffffadaa8000..0xffffadaa8008, fpsimd false
[    6.209652] rust_kjit: kjit: pc 0xffffadaa8000: installed 532 bytes, 0 fault sites, 2 entries, text 0xffffadaa8000..0xffffadaa8008, fpsimd false
[    6.211536] rust_kjit: kjit: pc 0xffffadaa8000: installed 532 bytes, 0 fault sites, 2 entries, text 0xffffadaa8000..0xffffadaa8008, fpsimd false
[    6.213394] rust_kjit: kjit: pc 0xffffadaa8000: installed 532 bytes, 0 fault sites, 2 entries, text 0xffffadaa8000..0xffffadaa8008, fpsimd false
[    6.215325] rust_kjit: kjit: pc 0xffffadaa8000: installed 532 bytes, 0 fault sites, 2 entries, text 0xffffadaa8000..0xffffadaa8008, fpsimd false
[    6.216599] rust_kjit: kjit: pc 0xffffadaa8000: installed 532 bytes, 0 fault sites, 2 entries, text 0xffffadaa8000..0xffffadaa8008, fpsimd false
[    6.218646] rust_kjit: kjit: pc 0xffffadaa8000: installed 532 bytes, 0 fault sites, 2 entries, text 0xffffadaa8000..0xffffadaa8008, fpsimd false
[    6.220350] rust_kjit: kjit: pc 0xffffadaa8000: installed 532 bytes, 0 fault sites, 2 entries, text 0xffffadaa8000..0xffffadaa8008, fpsimd false
[    6.221913] rust_kjit: kjit: pc 0xffffadaa8000: installed 532 bytes, 0 fault sites, 2 entries, text 0xffffadaa8000..0xffffadaa8008, fpsimd false
[    6.223910] rust_kjit: kjit: pc 0xffffadaa8000: installed 532 bytes, 0 fault sites, 2 entries, text 0xffffadaa8000..0xffffadaa8008, fpsimd false
[    6.225870] rust_kjit: kjit: pc 0xffffadaa8000: installed 532 bytes, 0 fault sites, 2 entries, text 0xffffadaa8000..0xffffadaa8008, fpsimd false
[    6.227140] rust_kjit: kjit: pc 0xffffadaa8000: installed 532 bytes, 0 fault sites, 2 entries, text 0xffffadaa8000..0xffffadaa8008, fpsimd false
[    6.228939] rust_kjit: kjit: pc 0xffffadaa8000: installed 532 bytes, 0 fault sites, 2 entries, text 0xffffadaa8000..0xffffadaa8008, fpsimd false
[    6.230680] rust_kjit: kjit: pc 0xffffadaa8000: installed 532 bytes, 0 fault sites, 2 entries, text 0xffffadaa8000..0xffffadaa8008, fpsimd false
[    6.232505] rust_kjit: kjit: pc 0xffffadaa8000: installed 532 bytes, 0 fault sites, 2 entries, text 0xffffadaa8000..0xffffadaa8008, fpsimd false
[    6.233838] rust_kjit: kjit: pc 0xffffadaa8000: installed 532 bytes, 0 fault sites, 2 entries, text 0xffffadaa8000..0xffffadaa8008, fpsimd false
[    6.235527] rust_kjit: kjit: pc 0xffffadaa8000: installed 532 bytes, 0 fault sites, 2 entries, text 0xffffadaa8000..0xffffadaa8008, fpsimd false
[    6.237188] rust_kjit: kjit: pc 0xffffadaa8000: installed 532 bytes, 0 fault sites, 2 entries, text 0xffffadaa8000..0xffffadaa8008, fpsimd false
[    6.239194] rust_kjit: kjit: pc 0xffffadaa8000: installed 532 bytes, 0 fault sites, 2 entries, text 0xffffadaa8000..0xffffadaa8008, fpsimd false
[    6.240831] rust_kjit: kjit: pc 0xffffadaa8000: installed 532 bytes, 0 fault sites, 2 entries, text 0xffffadaa8000..0xffffadaa8008, fpsimd false
[    6.242665] rust_kjit: kjit: pc 0xffffadaa8000: installed 532 bytes, 0 fault sites, 2 entries, text 0xffffadaa8000..0xffffadaa8008, fpsimd false
[    6.244385] rust_kjit: kjit: pc 0xffffadaa8000: installed 532 bytes, 0 fault sites, 2 entries, text 0xffffadaa8000..0xffffadaa8008, fpsimd false
[    6.246112] rust_kjit: kjit: pc 0xffffadaa8000: installed 532 bytes, 0 fault sites, 2 entries, text 0xffffadaa8000..0xffffadaa8008, fpsimd false
[    6.247860] rust_kjit: kjit: pc 0xffffadaa8000: installed 532 bytes, 0 fault sites, 2 entries, text 0xffffadaa8000..0xffffadaa8008, fpsimd false
[    6.249820] rust_kjit: kjit: pc 0xffffadaa8000: installed 532 bytes, 0 fault sites, 2 entries, text 0xffffadaa8000..0xffffadaa8008, fpsimd false
[    6.251589] rust_kjit: kjit: pc 0xffffadaa8000: installed 532 bytes, 0 fault sites, 2 entries, text 0xffffadaa8000..0xffffadaa8008, fpsimd false
[    6.252969] rust_kjit: kjit: pc 0xffffadaa8000: installed 532 bytes, 0 fault sites, 2 entries, text 0xffffadaa8000..0xffffadaa8008, fpsimd false
[    6.254751] rust_kjit: kjit: pc 0xffffadaa8000: installed 532 bytes, 0 fault sites, 2 entries, text 0xffffadaa8000..0xffffadaa8008, fpsimd false
[    6.256489] rust_kjit: kjit: pc 0xffffadaa8000: installed 532 bytes, 0 fault sites, 2 entries, text 0xffffadaa8000..0xffffadaa8008, fpsimd false
[    6.257973] rust_kjit: kjit: pc 0xffffadaa8000: installed 532 bytes, 0 fault sites, 2 entries, text 0xffffadaa8000..0xffffadaa8008, fpsimd false
[    6.259956] rust_kjit: kjit: pc 0xffffadaa8000: installed 532 bytes, 0 fault sites, 2 entries, text 0xffffadaa8000..0xffffadaa8008, fpsimd false
[    6.261823] rust_kjit: kjit: pc 0xffffadaa8000: installed 532 bytes, 0 fault sites, 2 entries, text 0xffffadaa8000..0xffffadaa8008, fpsimd false
[    6.263594] rust_kjit: kjit: pc 0xffffadaa8000: installed 532 bytes, 0 fault sites, 2 entries, text 0xffffadaa8000..0xffffadaa8008, fpsimd false
[    6.265420] rust_kjit: kjit: pc 0xffffadaa8000: installed 532 bytes, 0 fault sites, 2 entries, text 0xffffadaa8000..0xffffadaa8008, fpsimd false
[    6.266944] rust_kjit: kjit: pc 0xffffadaa8000: installed 532 bytes, 0 fault sites, 2 entries, text 0xffffadaa8000..0xffffadaa8008, fpsimd false
[    6.268603] rust_kjit: kjit: pc 0xffffadaa8000: installed 532 bytes, 0 fault sites, 2 entries, text 0xffffadaa8000..0xffffadaa8008, fpsimd false
[    6.270464] rust_kjit: kjit: pc 0xffffadaa8000: installed 532 bytes, 0 fault sites, 2 entries, text 0xffffadaa8000..0xffffadaa8008, fpsimd false
[    6.271842] rust_kjit: kjit: pc 0xffffadaa8000: installed 532 bytes, 0 fault sites, 2 entries, text 0xffffadaa8000..0xffffadaa8008, fpsimd false
[    6.273679] rust_kjit: kjit: pc 0xffffadaa8000: installed 532 bytes, 0 fault sites, 2 entries, text 0xffffadaa8000..0xffffadaa8008, fpsimd false
[    6.275454] rust_kjit: kjit: pc 0xffffadaa8000: installed 532 bytes, 0 fault sites, 2 entries, text 0xffffadaa8000..0xffffadaa8008, fpsimd false
[    6.276670] rust_kjit: kjit: pc 0xffffadaa8000: installed 532 bytes, 0 fault sites, 2 entries, text 0xffffadaa8000..0xffffadaa8008, fpsimd false
[    6.278480] rust_kjit: kjit: pc 0xffffadaa8000: installed 532 bytes, 0 fault sites, 2 entries, text 0xffffadaa8000..0xffffadaa8008, fpsimd false
[    6.280211] rust_kjit: kjit: pc 0xffffadaa8000: installed 532 bytes, 0 fault sites, 2 entries, text 0xffffadaa8000..0xffffadaa8008, fpsimd false
[    6.281389] rust_kjit: kjit: pc 0xffffadaa8000: installed 532 bytes, 0 fault sites, 2 entries, text 0xffffadaa8000..0xffffadaa8008, fpsimd false
[    6.283276] rust_kjit: kjit: pc 0xffffadaa8000: installed 532 bytes, 0 fault sites, 2 entries, text 0xffffadaa8000..0xffffadaa8008, fpsimd false
[    6.285068] rust_kjit: kjit: pc 0xffffadaa8000: installed 532 bytes, 0 fault sites, 2 entries, text 0xffffadaa8000..0xffffadaa8008, fpsimd false
[    6.286473] rust_kjit: kjit: pc 0xffffadaa8000: installed 532 bytes, 0 fault sites, 2 entries, text 0xffffadaa8000..0xffffadaa8008, fpsimd false
[    6.288204] rust_kjit: kjit: pc 0xffffadaa8000: installed 532 bytes, 0 fault sites, 2 entries, text 0xffffadaa8000..0xffffadaa8008, fpsimd false
[    6.289974] rust_kjit: kjit: pc 0xffffadaa8000: installed 532 bytes, 0 fault sites, 2 entries, text 0xffffadaa8000..0xffffadaa8008, fpsimd false
[    6.291392] rust_kjit: kjit: pc 0xffffadaa8000: installed 532 bytes, 0 fault sites, 2 entries, text 0xffffadaa8000..0xffffadaa8008, fpsimd false
[    6.293111] rust_kjit: kjit: pc 0xffffadaa8000: installed 532 bytes, 0 fault sites, 2 entries, text 0xffffadaa8000..0xffffadaa8008, fpsimd false
[    6.295073] rust_kjit: kjit: pc 0xffffadaa8000: installed 532 bytes, 0 fault sites, 2 entries, text 0xffffadaa8000..0xffffadaa8008, fpsimd false
[    6.296308] rust_kjit: kjit: pc 0xffffadaa8000: installed 532 bytes, 0 fault sites, 2 entries, text 0xffffadaa8000..0xffffadaa8008, fpsimd false
[    6.298022] rust_kjit: kjit: pc 0xffffadaa8000: installed 532 bytes, 0 fault sites, 2 entries, text 0xffffadaa8000..0xffffadaa8008, fpsimd false
[    6.299727] rust_kjit: kjit: pc 0xffffadaa8000: installed 532 bytes, 0 fault sites, 2 entries, text 0xffffadaa8000..0xffffadaa8008, fpsimd false
[    6.300987] rust_kjit: kjit: pc 0xffffadaa8000: installed 532 bytes, 0 fault sites, 2 entries, text 0xffffadaa8000..0xffffadaa8008, fpsimd false
[    6.302801] rust_kjit: kjit: pc 0xffffadaa8000: installed 532 bytes, 0 fault sites, 2 entries, text 0xffffadaa8000..0xffffadaa8008, fpsimd false
[    6.304607] rust_kjit: kjit: pc 0xffffadaa8000: installed 532 bytes, 0 fault sites, 2 entries, text 0xffffadaa8000..0xffffadaa8008, fpsimd false
[    6.306014] rust_kjit: kjit: pc 0xffffadaa8000: installed 532 bytes, 0 fault sites, 2 entries, text 0xffffadaa8000..0xffffadaa8008, fpsimd false
[    6.307731] rust_kjit: kjit: pc 0xffffadaa8000: installed 532 bytes, 0 fault sites, 2 entries, text 0xffffadaa8000..0xffffadaa8008, fpsimd false
[    6.309084] rust_kjit: kjit: pc 0xffffadaa8000: installed 532 bytes, 0 fault sites, 2 entries, text 0xffffadaa8000..0xffffadaa8008, fpsimd false
[    6.310915] rust_kjit: kjit: pc 0xffffadaa8000: installed 532 bytes, 0 fault sites, 2 entries, text 0xffffadaa8000..0xffffadaa8008, fpsimd false
[    6.312623] rust_kjit: kjit: pc 0xffffadaa8000: installed 532 bytes, 0 fault sites, 2 entries, text 0xffffadaa8000..0xffffadaa8008, fpsimd false
[    6.313965] rust_kjit: kjit: pc 0xffffadaa8000: installed 532 bytes, 0 fault sites, 2 entries, text 0xffffadaa8000..0xffffadaa8008, fpsimd false
[    6.315694] rust_kjit: kjit: pc 0xffffadaa8000: installed 532 bytes, 0 fault sites, 2 entries, text 0xffffadaa8000..0xffffadaa8008, fpsimd false
[    6.317087] rust_kjit: kjit: pc 0xffffadaa8000: installed 532 bytes, 0 fault sites, 2 entries, text 0xffffadaa8000..0xffffadaa8008, fpsimd false
[    6.319062] rust_kjit: kjit: pc 0xffffadaa8000: installed 532 bytes, 0 fault sites, 2 entries, text 0xffffadaa8000..0xffffadaa8008, fpsimd false
[    6.320737] rust_kjit: kjit: pc 0xffffadaa8000: installed 532 bytes, 0 fault sites, 2 entries, text 0xffffadaa8000..0xffffadaa8008, fpsimd false
[    6.322140] rust_kjit: kjit: pc 0xffffadaa8000: installed 532 bytes, 0 fault sites, 2 entries, text 0xffffadaa8000..0xffffadaa8008, fpsimd false
[    6.323879] rust_kjit: kjit: pc 0xffffadaa8000: installed 532 bytes, 0 fault sites, 2 entries, text 0xffffadaa8000..0xffffadaa8008, fpsimd false
[    6.325674] rust_kjit: kjit: pc 0xffffadaa8000: installed 532 bytes, 0 fault sites, 2 entries, text 0xffffadaa8000..0xffffadaa8008, fpsimd false
[    6.326875] rust_kjit: kjit: pc 0xffffadaa8000: installed 532 bytes, 0 fault sites, 2 entries, text 0xffffadaa8000..0xffffadaa8008, fpsimd false
[    6.328708] rust_kjit: kjit: pc 0xffffadaa8000: installed 532 bytes, 0 fault sites, 2 entries, text 0xffffadaa8000..0xffffadaa8008, fpsimd false
[    6.330522] rust_kjit: kjit: pc 0xffffadaa8000: installed 532 bytes, 0 fault sites, 2 entries, text 0xffffadaa8000..0xffffadaa8008, fpsimd false
[    6.332161] rust_kjit: kjit: pc 0xffffadaa8000: installed 532 bytes, 0 fault sites, 2 entries, text 0xffffadaa8000..0xffffadaa8008, fpsimd false
[    6.333426] rust_kjit: kjit: pc 0xffffadaa8000: installed 532 bytes, 0 fault sites, 2 entries, text 0xffffadaa8000..0xffffadaa8008, fpsimd false
[    6.335338] rust_kjit: kjit: pc 0xffffadaa8000: installed 532 bytes, 0 fault sites, 2 entries, text 0xffffadaa8000..0xffffadaa8008, fpsimd false
[    6.337349] rust_kjit: kjit: pc 0xffffadaa8000: installed 532 bytes, 0 fault sites, 2 entries, text 0xffffadaa8000..0xffffadaa8008, fpsimd false
[    6.338977] rust_kjit: kjit: pc 0xffffadaa8000: installed 532 bytes, 0 fault sites, 2 entries, text 0xffffadaa8000..0xffffadaa8008, fpsimd false
[    6.340637] rust_kjit: kjit: pc 0xffffadaa8000: installed 532 bytes, 0 fault sites, 2 entries, text 0xffffadaa8000..0xffffadaa8008, fpsimd false
[    6.342349] rust_kjit: kjit: pc 0xffffadaa8000: installed 532 bytes, 0 fault sites, 2 entries, text 0xffffadaa8000..0xffffadaa8008, fpsimd false
[    6.343809] rust_kjit: kjit: pc 0xffffadaa8000: installed 532 bytes, 0 fault sites, 2 entries, text 0xffffadaa8000..0xffffadaa8008, fpsimd false
[    6.345540] rust_kjit: kjit: pc 0xffffadaa8000: installed 532 bytes, 0 fault sites, 2 entries, text 0xffffadaa8000..0xffffadaa8008, fpsimd false
[    6.347492] rust_kjit: kjit: pc 0xffffadaa8000: installed 532 bytes, 0 fault sites, 2 entries, text 0xffffadaa8000..0xffffadaa8008, fpsimd false
[    6.349440] rust_kjit: kjit: pc 0xffffadaa8000: installed 532 bytes, 0 fault sites, 2 entries, text 0xffffadaa8000..0xffffadaa8008, fpsimd false
[    6.351356] rust_kjit: kjit: pc 0xffffadaa8000: installed 532 bytes, 0 fault sites, 2 entries, text 0xffffadaa8000..0xffffadaa8008, fpsimd false
[    6.353030] rust_kjit: kjit: pc 0xffffadaa8000: installed 532 bytes, 0 fault sites, 2 entries, text 0xffffadaa8000..0xffffadaa8008, fpsimd false
[    6.355052] rust_kjit: kjit: pc 0xffffadaa8000: installed 532 bytes, 0 fault sites, 2 entries, text 0xffffadaa8000..0xffffadaa8008, fpsimd false
[    6.356734] rust_kjit: kjit: pc 0xffffadaa8000: installed 532 bytes, 0 fault sites, 2 entries, text 0xffffadaa8000..0xffffadaa8008, fpsimd false
[    6.358559] rust_kjit: kjit: pc 0xffffadaa8000: installed 532 bytes, 0 fault sites, 2 entries, text 0xffffadaa8000..0xffffadaa8008, fpsimd false
[    6.360402] rust_kjit: kjit: pc 0xffffadaa8000: installed 532 bytes, 0 fault sites, 2 entries, text 0xffffadaa8000..0xffffadaa8008, fpsimd false
[    6.361795] rust_kjit: kjit: pc 0xffffadaa8000: installed 532 bytes, 0 fault sites, 2 entries, text 0xffffadaa8000..0xffffadaa8008, fpsimd false
[    6.363654] rust_kjit: kjit: pc 0xffffadaa8000: installed 532 bytes, 0 fault sites, 2 entries, text 0xffffadaa8000..0xffffadaa8008, fpsimd false
[    6.365441] rust_kjit: kjit: pc 0xffffadaa8000: installed 532 bytes, 0 fault sites, 2 entries, text 0xffffadaa8000..0xffffadaa8008, fpsimd false
[    6.366948] rust_kjit: kjit: pc 0xffffadaa8000: installed 532 bytes, 0 fault sites, 2 entries, text 0xffffadaa8000..0xffffadaa8008, fpsimd false
[    6.368838] rust_kjit: kjit: pc 0xffffadaa8000: installed 532 bytes, 0 fault sites, 2 entries, text 0xffffadaa8000..0xffffadaa8008, fpsimd false
[    6.370578] rust_kjit: kjit: pc 0xffffadaa8000: installed 532 bytes, 0 fault sites, 2 entries, text 0xffffadaa8000..0xffffadaa8008, fpsimd false
[    6.371847] rust_kjit: kjit: pc 0xffffadaa8000: installed 532 bytes, 0 fault sites, 2 entries, text 0xffffadaa8000..0xffffadaa8008, fpsimd false
[    6.373757] rust_kjit: kjit: pc 0xffffadaa8000: installed 532 bytes, 0 fault sites, 2 entries, text 0xffffadaa8000..0xffffadaa8008, fpsimd false
[    6.375591] rust_kjit: kjit: pc 0xffffadaa8000: installed 532 bytes, 0 fault sites, 2 entries, text 0xffffadaa8000..0xffffadaa8008, fpsimd false
[    6.376892] rust_kjit: kjit: pc 0xffffadaa8000: installed 532 bytes, 0 fault sites, 2 entries, text 0xffffadaa8000..0xffffadaa8008, fpsimd false
[    6.378619] rust_kjit: kjit: pc 0xffffadaa8000: installed 532 bytes, 0 fault sites, 2 entries, text 0xffffadaa8000..0xffffadaa8008, fpsimd false
[    6.380335] rust_kjit: kjit: pc 0xffffadaa8000: installed 532 bytes, 0 fault sites, 2 entries, text 0xffffadaa8000..0xffffadaa8008, fpsimd false
[    6.381806] rust_kjit: kjit: pc 0xffffadaa8000: installed 532 bytes, 0 fault sites, 2 entries, text 0xffffadaa8000..0xffffadaa8008, fpsimd false
[    6.383558] rust_kjit: kjit: pc 0xffffadaa8000: installed 532 bytes, 0 fault sites, 2 entries, text 0xffffadaa8000..0xffffadaa8008, fpsimd false
[    6.385369] rust_kjit: kjit: pc 0xffffadaa8000: installed 532 bytes, 0 fault sites, 2 entries, text 0xffffadaa8000..0xffffadaa8008, fpsimd false
[    6.387201] rust_kjit: kjit: pc 0xffffadaa8000: installed 532 bytes, 0 fault sites, 2 entries, text 0xffffadaa8000..0xffffadaa8008, fpsimd false
[    6.388971] rust_kjit: kjit: pc 0xffffadaa8000: installed 532 bytes, 0 fault sites, 2 entries, text 0xffffadaa8000..0xffffadaa8008, fpsimd false
[    6.390780] rust_kjit: kjit: pc 0xffffadaa8000: installed 532 bytes, 0 fault sites, 2 entries, text 0xffffadaa8000..0xffffadaa8008, fpsimd false
[    6.392520] rust_kjit: kjit: pc 0xffffadaa8000: installed 532 bytes, 0 fault sites, 2 entries, text 0xffffadaa8000..0xffffadaa8008, fpsimd false
[    6.393855] rust_kjit: kjit: pc 0xffffadaa8000: installed 532 bytes, 0 fault sites, 2 entries, text 0xffffadaa8000..0xffffadaa8008, fpsimd false
[    6.395611] rust_kjit: kjit: pc 0xffffadaa8000: installed 532 bytes, 0 fault sites, 2 entries, text 0xffffadaa8000..0xffffadaa8008, fpsimd false
[    6.397343] rust_kjit: kjit: pc 0xffffadaa8000: installed 532 bytes, 0 fault sites, 2 entries, text 0xffffadaa8000..0xffffadaa8008, fpsimd false
[    6.398727] rust_kjit: kjit: pc 0xffffadaa8000: installed 532 bytes, 0 fault sites, 2 entries, text 0xffffadaa8000..0xffffadaa8008, fpsimd false
[    6.400420] rust_kjit: kjit: pc 0xffffadaa8000: installed 532 bytes, 0 fault sites, 2 entries, text 0xffffadaa8000..0xffffadaa8008, fpsimd false
[    6.402126] rust_kjit: kjit: pc 0xffffadaa8000: installed 532 bytes, 0 fault sites, 2 entries, text 0xffffadaa8000..0xffffadaa8008, fpsimd false
[    6.403411] rust_kjit: kjit: pc 0xffffadaa8000: installed 532 bytes, 0 fault sites, 2 entries, text 0xffffadaa8000..0xffffadaa8008, fpsimd false
[    6.405490] rust_kjit: kjit: pc 0xffffadaa8000: installed 532 bytes, 0 fault sites, 2 entries, text 0xffffadaa8000..0xffffadaa8008, fpsimd false
[    6.407457] rust_kjit: kjit: pc 0xffffadaa8000: installed 532 bytes, 0 fault sites, 2 entries, text 0xffffadaa8000..0xffffadaa8008, fpsimd false
[    6.408654] rust_kjit: kjit: pc 0xffffadaa8000: installed 532 bytes, 0 fault sites, 2 entries, text 0xffffadaa8000..0xffffadaa8008, fpsimd false
[    6.410538] rust_kjit: kjit: pc 0xffffadaa8000: installed 532 bytes, 0 fault sites, 2 entries, text 0xffffadaa8000..0xffffadaa8008, fpsimd false
[    6.412363] rust_kjit: kjit: pc 0xffffadaa8000: installed 532 bytes, 0 fault sites, 2 entries, text 0xffffadaa8000..0xffffadaa8008, fpsimd false
[    6.414201] rust_kjit: kjit: pc 0xffffadaa8000: installed 532 bytes, 0 fault sites, 2 entries, text 0xffffadaa8000..0xffffadaa8008, fpsimd false
[    6.415589] rust_kjit: kjit: pc 0xffffadaa8000: installed 532 bytes, 0 fault sites, 2 entries, text 0xffffadaa8000..0xffffadaa8008, fpsimd false
[    6.417324] rust_kjit: kjit: pc 0xffffadaa8000: installed 532 bytes, 0 fault sites, 2 entries, text 0xffffadaa8000..0xffffadaa8008, fpsimd false
[    6.419186] rust_kjit: kjit: pc 0xffffadaa8000: installed 532 bytes, 0 fault sites, 2 entries, text 0xffffadaa8000..0xffffadaa8008, fpsimd false
[    6.421091] rust_kjit: kjit: pc 0xffffadaa8000: installed 532 bytes, 0 fault sites, 2 entries, text 0xffffadaa8000..0xffffadaa8008, fpsimd false
[    6.422591] rust_kjit: kjit: pc 0xffffadaa8000: installed 532 bytes, 0 fault sites, 2 entries, text 0xffffadaa8000..0xffffadaa8008, fpsimd false
[    6.424420] rust_kjit: kjit: pc 0xffffadaa8000: installed 532 bytes, 0 fault sites, 2 entries, text 0xffffadaa8000..0xffffadaa8008, fpsimd false
[    6.426272] rust_kjit: kjit: pc 0xffffadaa8000: installed 532 bytes, 0 fault sites, 2 entries, text 0xffffadaa8000..0xffffadaa8008, fpsimd false
[    6.427558] rust_kjit: kjit: pc 0xffffadaa8000: installed 532 bytes, 0 fault sites, 2 entries, text 0xffffadaa8000..0xffffadaa8008, fpsimd false
[    6.429301] rust_kjit: kjit: pc 0xffffadaa8000: installed 532 bytes, 0 fault sites, 2 entries, text 0xffffadaa8000..0xffffadaa8008, fpsimd false
[    6.431372] rust_kjit: kjit: pc 0xffffadaa8000: installed 532 bytes, 0 fault sites, 2 entries, text 0xffffadaa8000..0xffffadaa8008, fpsimd false
[    6.432549] rust_kjit: kjit: pc 0xffffadaa8000: installed 532 bytes, 0 fault sites, 2 entries, text 0xffffadaa8000..0xffffadaa8008, fpsimd false
[    6.434442] rust_kjit: kjit: pc 0xffffadaa8000: installed 532 bytes, 0 fault sites, 2 entries, text 0xffffadaa8000..0xffffadaa8008, fpsimd false
[    6.436292] rust_kjit: kjit: pc 0xffffadaa8000: installed 532 bytes, 0 fault sites, 2 entries, text 0xffffadaa8000..0xffffadaa8008, fpsimd false
[    6.438714] rust_kjit: kjit: pc 0xffffadaa8000: installed 532 bytes, 0 fault sites, 2 entries, text 0xffffadaa8000..0xffffadaa8008, fpsimd false
[    6.440270] rust_kjit: kjit: pc 0xffffadaa8000: installed 532 bytes, 0 fault sites, 2 entries, text 0xffffadaa8000..0xffffadaa8008, fpsimd false
[    6.442108] rust_kjit: kjit: pc 0xffffadaa8000: installed 532 bytes, 0 fault sites, 2 entries, text 0xffffadaa8000..0xffffadaa8008, fpsimd false
[    6.443828] rust_kjit: kjit: pc 0xffffadaa8000: installed 532 bytes, 0 fault sites, 2 entries, text 0xffffadaa8000..0xffffadaa8008, fpsimd false
[    6.445942] rust_kjit: kjit: pc 0xffffadaa8000: installed 532 bytes, 0 fault sites, 2 entries, text 0xffffadaa8000..0xffffadaa8008, fpsimd false
[    6.448099] rust_kjit: kjit: pc 0xffffadaa8000: installed 532 bytes, 0 fault sites, 2 entries, text 0xffffadaa8000..0xffffadaa8008, fpsimd false
[    6.449475] rust_kjit: kjit: pc 0xffffadaa8000: installed 532 bytes, 0 fault sites, 2 entries, text 0xffffadaa8000..0xffffadaa8008, fpsimd false
[    6.451498] rust_kjit: kjit: pc 0xffffadaa8000: installed 532 bytes, 0 fault sites, 2 entries, text 0xffffadaa8000..0xffffadaa8008, fpsimd false
[    6.453493] rust_kjit: kjit: pc 0xffffadaa8000: installed 532 bytes, 0 fault sites, 2 entries, text 0xffffadaa8000..0xffffadaa8008, fpsimd false
[    6.455224] rust_kjit: kjit: pc 0xffffadaa8000: installed 532 bytes, 0 fault sites, 2 entries, text 0xffffadaa8000..0xffffadaa8008, fpsimd false
[    6.456895] rust_kjit: kjit: pc 0xffffadaa8000: installed 532 bytes, 0 fault sites, 2 entries, text 0xffffadaa8000..0xffffadaa8008, fpsimd false
[    6.458831] rust_kjit: kjit: pc 0xffffadaa8000: installed 532 bytes, 0 fault sites, 2 entries, text 0xffffadaa8000..0xffffadaa8008, fpsimd false
[    6.460076] rust_kjit: kjit: pc 0xffffadaa8000: installed 532 bytes, 0 fault sites, 2 entries, text 0xffffadaa8000..0xffffadaa8008, fpsimd false
[    6.462175] rust_kjit: kjit: pc 0xffffadaa8000: installed 532 bytes, 0 fault sites, 2 entries, text 0xffffadaa8000..0xffffadaa8008, fpsimd false
[    6.464136] rust_kjit: kjit: pc 0xffffadaa8000: installed 532 bytes, 0 fault sites, 2 entries, text 0xffffadaa8000..0xffffadaa8008, fpsimd false
[    6.465489] rust_kjit: kjit: pc 0xffffadaa8000: installed 532 bytes, 0 fault sites, 2 entries, text 0xffffadaa8000..0xffffadaa8008, fpsimd false
[    6.467453] rust_kjit: kjit: pc 0xffffadaa8000: installed 532 bytes, 0 fault sites, 2 entries, text 0xffffadaa8000..0xffffadaa8008, fpsimd false
[    6.469180] rust_kjit: kjit: pc 0xffffadaa8000: installed 532 bytes, 0 fault sites, 2 entries, text 0xffffadaa8000..0xffffadaa8008, fpsimd false
[    6.470653] rust_kjit: kjit: pc 0xffffadaa8000: installed 532 bytes, 0 fault sites, 2 entries, text 0xffffadaa8000..0xffffadaa8008, fpsimd false
[    6.472465] rust_kjit: kjit: pc 0xffffadaa8000: installed 532 bytes, 0 fault sites, 2 entries, text 0xffffadaa8000..0xffffadaa8008, fpsimd false
[    6.474596] rust_kjit: kjit: pc 0xffffadaa8000: installed 532 bytes, 0 fault sites, 2 entries, text 0xffffadaa8000..0xffffadaa8008, fpsimd false
[    6.475935] rust_kjit: kjit: pc 0xffffadaa8000: installed 532 bytes, 0 fault sites, 2 entries, text 0xffffadaa8000..0xffffadaa8008, fpsimd false
[    6.477888] rust_kjit: kjit: pc 0xffffadaa8000: installed 532 bytes, 0 fault sites, 2 entries, text 0xffffadaa8000..0xffffadaa8008, fpsimd false
[    6.479828] rust_kjit: kjit: pc 0xffffadaa8000: installed 532 bytes, 0 fault sites, 2 entries, text 0xffffadaa8000..0xffffadaa8008, fpsimd false
[    6.481091] rust_kjit: kjit: pc 0xffffadaa8000: installed 532 bytes, 0 fault sites, 2 entries, text 0xffffadaa8000..0xffffadaa8008, fpsimd false
[    6.483004] rust_kjit: kjit: pc 0xffffadaa8000: installed 532 bytes, 0 fault sites, 2 entries, text 0xffffadaa8000..0xffffadaa8008, fpsimd false
[    6.484685] rust_kjit: kjit: pc 0xffffadaa8000: installed 532 bytes, 0 fault sites, 2 entries, text 0xffffadaa8000..0xffffadaa8008, fpsimd false
[    6.486479] rust_kjit: kjit: pc 0xffffadaa8000: installed 532 bytes, 0 fault sites, 2 entries, text 0xffffadaa8000..0xffffadaa8008, fpsimd false
[    6.488449] rust_kjit: kjit: pc 0xffffadaa8000: installed 532 bytes, 0 fault sites, 2 entries, text 0xffffadaa8000..0xffffadaa8008, fpsimd false
[    6.489997] rust_kjit: kjit: pc 0xffffadaa8000: installed 532 bytes, 0 fault sites, 2 entries, text 0xffffadaa8000..0xffffadaa8008, fpsimd false
[    6.491704] rust_kjit: kjit: pc 0xffffadaa8000: installed 532 bytes, 0 fault sites, 2 entries, text 0xffffadaa8000..0xffffadaa8008, fpsimd false
[    6.493407] rust_kjit: kjit: pc 0xffffadaa8000: installed 532 bytes, 0 fault sites, 2 entries, text 0xffffadaa8000..0xffffadaa8008, fpsimd false
[    6.495930] rust_kjit: kjit: pc 0xffffadaa8000: installed 532 bytes, 0 fault sites, 2 entries, text 0xffffadaa8000..0xffffadaa8008, fpsimd false
[    6.498179] rust_kjit: kjit: pc 0xffffadaa8000: installed 532 bytes, 0 fault sites, 2 entries, text 0xffffadaa8000..0xffffadaa8008, fpsimd false
[    6.499843] rust_kjit: kjit: pc 0xffffadaa8000: installed 532 bytes, 0 fault sites, 2 entries, text 0xffffadaa8000..0xffffadaa8008, fpsimd false
[    6.501741] rust_kjit: kjit: pc 0xffffadaa8000: installed 532 bytes, 0 fault sites, 2 entries, text 0xffffadaa8000..0xffffadaa8008, fpsimd false
[    6.503634] rust_kjit: kjit: pc 0xffffadaa8000: installed 532 bytes, 0 fault sites, 2 entries, text 0xffffadaa8000..0xffffadaa8008, fpsimd false
[    6.505863] rust_kjit: kjit: pc 0xffffadaa8000: installed 532 bytes, 0 fault sites, 2 entries, text 0xffffadaa8000..0xffffadaa8008, fpsimd false
[    6.507638] rust_kjit: kjit: pc 0xffffadaa8000: installed 532 bytes, 0 fault sites, 2 entries, text 0xffffadaa8000..0xffffadaa8008, fpsimd false
[    6.509532] rust_kjit: kjit: pc 0xffffadaa8000: installed 532 bytes, 0 fault sites, 2 entries, text 0xffffadaa8000..0xffffadaa8008, fpsimd false
[    6.511513] rust_kjit: kjit: pc 0xffffadaa8000: installed 532 bytes, 0 fault sites, 2 entries, text 0xffffadaa8000..0xffffadaa8008, fpsimd false
[    6.513683] rust_kjit: kjit: pc 0xffffadaa8000: installed 532 bytes, 0 fault sites, 2 entries, text 0xffffadaa8000..0xffffadaa8008, fpsimd false
[    6.514903] rust_kjit: kjit: pc 0xffffadaa8000: installed 532 bytes, 0 fault sites, 2 entries, text 0xffffadaa8000..0xffffadaa8008, fpsimd false
[    6.516566] rust_kjit: kjit: pc 0xffffadaa8000: installed 532 bytes, 0 fault sites, 2 entries, text 0xffffadaa8000..0xffffadaa8008, fpsimd false
[    6.518359] rust_kjit: kjit: pc 0xffffadaa8000: installed 532 bytes, 0 fault sites, 2 entries, text 0xffffadaa8000..0xffffadaa8008, fpsimd false
[    6.520150] rust_kjit: kjit: pc 0xffffadaa8000: installed 532 bytes, 0 fault sites, 2 entries, text 0xffffadaa8000..0xffffadaa8008, fpsimd false
[    6.521427] rust_kjit: kjit: pc 0xffffadaa8000: installed 532 bytes, 0 fault sites, 2 entries, text 0xffffadaa8000..0xffffadaa8008, fpsimd false
[    6.523582] rust_kjit: kjit: pc 0xffffadaa8000: installed 532 bytes, 0 fault sites, 2 entries, text 0xffffadaa8000..0xffffadaa8008, fpsimd false
[    6.525227] rust_kjit: kjit: pc 0xffffadaa8000: installed 532 bytes, 0 fault sites, 2 entries, text 0xffffadaa8000..0xffffadaa8008, fpsimd false
[    6.526671] rust_kjit: kjit: pc 0xffffadaa8000: installed 532 bytes, 0 fault sites, 2 entries, text 0xffffadaa8000..0xffffadaa8008, fpsimd false
[    6.528356] rust_kjit: kjit: pc 0xffffadaa8000: installed 532 bytes, 0 fault sites, 2 entries, text 0xffffadaa8000..0xffffadaa8008, fpsimd false
[    6.530194] rust_kjit: kjit: pc 0xffffadaa8000: installed 532 bytes, 0 fault sites, 2 entries, text 0xffffadaa8000..0xffffadaa8008, fpsimd false
[    6.531508] rust_kjit: kjit: pc 0xffffadaa8000: installed 532 bytes, 0 fault sites, 2 entries, text 0xffffadaa8000..0xffffadaa8008, fpsimd false
[    6.533456] rust_kjit: kjit: pc 0xffffadaa8000: installed 532 bytes, 0 fault sites, 2 entries, text 0xffffadaa8000..0xffffadaa8008, fpsimd false
[    6.535480] rust_kjit: kjit: pc 0xffffadaa8000: installed 532 bytes, 0 fault sites, 2 entries, text 0xffffadaa8000..0xffffadaa8008, fpsimd false
[    6.536773] rust_kjit: kjit: pc 0xffffadaa8000: installed 532 bytes, 0 fault sites, 2 entries, text 0xffffadaa8000..0xffffadaa8008, fpsimd false
[    6.538830] rust_kjit: kjit: pc 0xffffadaa8000: installed 532 bytes, 0 fault sites, 2 entries, text 0xffffadaa8000..0xffffadaa8008, fpsimd false
[    6.540474] rust_kjit: kjit: pc 0xffffadaa8000: installed 532 bytes, 0 fault sites, 2 entries, text 0xffffadaa8000..0xffffadaa8008, fpsimd false
[    6.541935] rust_kjit: kjit: pc 0xffffadaa8000: installed 532 bytes, 0 fault sites, 2 entries, text 0xffffadaa8000..0xffffadaa8008, fpsimd false
[    6.543734] rust_kjit: kjit: pc 0xffffadaa8000: installed 532 bytes, 0 fault sites, 2 entries, text 0xffffadaa8000..0xffffadaa8008, fpsimd false
[    6.545427] rust_kjit: kjit: pc 0xffffadaa8000: installed 532 bytes, 0 fault sites, 2 entries, text 0xffffadaa8000..0xffffadaa8008, fpsimd false
[    6.546943] rust_kjit: kjit: pc 0xffffadaa8000: installed 532 bytes, 0 fault sites, 2 entries, text 0xffffadaa8000..0xffffadaa8008, fpsimd false
[    6.548958] rust_kjit: kjit: pc 0xffffadaa8000: installed 532 bytes, 0 fault sites, 2 entries, text 0xffffadaa8000..0xffffadaa8008, fpsimd false
[    6.550758] rust_kjit: kjit: pc 0xffffadaa8000: installed 532 bytes, 0 fault sites, 2 entries, text 0xffffadaa8000..0xffffadaa8008, fpsimd false
[    6.552061] rust_kjit: kjit: pc 0xffffadaa8000: installed 532 bytes, 0 fault sites, 2 entries, text 0xffffadaa8000..0xffffadaa8008, fpsimd false
[    6.553901] rust_kjit: kjit: pc 0xffffadaa8000: installed 532 bytes, 0 fault sites, 2 entries, text 0xffffadaa8000..0xffffadaa8008, fpsimd false
[    6.555951] rust_kjit: kjit: pc 0xffffadaa8000: installed 532 bytes, 0 fault sites, 2 entries, text 0xffffadaa8000..0xffffadaa8008, fpsimd false
[    6.557973] rust_kjit: kjit: pc 0xffffadaa8000: installed 532 bytes, 0 fault sites, 2 entries, text 0xffffadaa8000..0xffffadaa8008, fpsimd false
[    6.559354] rust_kjit: kjit: pc 0xffffadaa8000: installed 532 bytes, 0 fault sites, 2 entries, text 0xffffadaa8000..0xffffadaa8008, fpsimd false
[    6.561011] rust_kjit: kjit: pc 0xffffadaa8000: installed 532 bytes, 0 fault sites, 2 entries, text 0xffffadaa8000..0xffffadaa8008, fpsimd false
[    6.563038] rust_kjit: kjit: pc 0xffffadaa8000: installed 532 bytes, 0 fault sites, 2 entries, text 0xffffadaa8000..0xffffadaa8008, fpsimd false
[    6.565104] rust_kjit: kjit: pc 0xffffadaa8000: installed 532 bytes, 0 fault sites, 2 entries, text 0xffffadaa8000..0xffffadaa8008, fpsimd false
[    6.566713] rust_kjit: kjit: pc 0xffffadaa8000: installed 532 bytes, 0 fault sites, 2 entries, text 0xffffadaa8000..0xffffadaa8008, fpsimd false
[    6.568411] rust_kjit: kjit: pc 0xffffadaa8000: installed 532 bytes, 0 fault sites, 2 entries, text 0xffffadaa8000..0xffffadaa8008, fpsimd false
[    6.570112] rust_kjit: kjit: pc 0xffffadaa8000: installed 532 bytes, 0 fault sites, 2 entries, text 0xffffadaa8000..0xffffadaa8008, fpsimd false
[    6.571513] rust_kjit: kjit: pc 0xffffadaa8000: installed 532 bytes, 0 fault sites, 2 entries, text 0xffffadaa8000..0xffffadaa8008, fpsimd false
[    6.573303] rust_kjit: kjit: pc 0xffffadaa8000: installed 532 bytes, 0 fault sites, 2 entries, text 0xffffadaa8000..0xffffadaa8008, fpsimd false
[    6.575325] rust_kjit: kjit: pc 0xffffadaa8000: installed 532 bytes, 0 fault sites, 2 entries, text 0xffffadaa8000..0xffffadaa8008, fpsimd false
[    6.576654] rust_kjit: kjit: pc 0xffffadaa8000: installed 532 bytes, 0 fault sites, 2 entries, text 0xffffadaa8000..0xffffadaa8008, fpsimd false
[    6.578311] rust_kjit: kjit: pc 0xffffadaa8000: installed 532 bytes, 0 fault sites, 2 entries, text 0xffffadaa8000..0xffffadaa8008, fpsimd false
[    6.580148] rust_kjit: kjit: pc 0xffffadaa8000: installed 532 bytes, 0 fault sites, 2 entries, text 0xffffadaa8000..0xffffadaa8008, fpsimd false
[    6.581981] rust_kjit: kjit: pc 0xffffadaa8000: installed 532 bytes, 0 fault sites, 2 entries, text 0xffffadaa8000..0xffffadaa8008, fpsimd false
[    6.583742] rust_kjit: kjit: pc 0xffffadaa8000: installed 532 bytes, 0 fault sites, 2 entries, text 0xffffadaa8000..0xffffadaa8008, fpsimd false
[    6.585430] rust_kjit: kjit: pc 0xffffadaa8000: installed 532 bytes, 0 fault sites, 2 entries, text 0xffffadaa8000..0xffffadaa8008, fpsimd false
[    6.586813] rust_kjit: kjit: pc 0xffffadaa8000: installed 532 bytes, 0 fault sites, 2 entries, text 0xffffadaa8000..0xffffadaa8008, fpsimd false
[    6.588718] rust_kjit: kjit: pc 0xffffadaa8000: installed 532 bytes, 0 fault sites, 2 entries, text 0xffffadaa8000..0xffffadaa8008, fpsimd false
[    6.590508] rust_kjit: kjit: pc 0xffffadaa8000: installed 532 bytes, 0 fault sites, 2 entries, text 0xffffadaa8000..0xffffadaa8008, fpsimd false
[    6.591997] rust_kjit: kjit: pc 0xffffadaa8000: installed 532 bytes, 0 fault sites, 2 entries, text 0xffffadaa8000..0xffffadaa8008, fpsimd false
[    6.593894] rust_kjit: kjit: pc 0xffffadaa8000: installed 532 bytes, 0 fault sites, 2 entries, text 0xffffadaa8000..0xffffadaa8008, fpsimd false
[    6.595643] rust_kjit: kjit: pc 0xffffadaa8000: installed 532 bytes, 0 fault sites, 2 entries, text 0xffffadaa8000..0xffffadaa8008, fpsimd false
[    6.597407] rust_kjit: kjit: pc 0xffffadaa8000: installed 532 bytes, 0 fault sites, 2 entries, text 0xffffadaa8000..0xffffadaa8008, fpsimd false
[    6.599338] rust_kjit: kjit: pc 0xffffadaa8000: installed 532 bytes, 0 fault sites, 2 entries, text 0xffffadaa8000..0xffffadaa8008, fpsimd false
[    6.601116] rust_kjit: kjit: pc 0xffffadaa8000: installed 532 bytes, 0 fault sites, 2 entries, text 0xffffadaa8000..0xffffadaa8008, fpsimd false
[    6.602973] rust_kjit: kjit: pc 0xffffadaa8000: installed 532 bytes, 0 fault sites, 2 entries, text 0xffffadaa8000..0xffffadaa8008, fpsimd false
[    6.604559] rust_kjit: kjit: pc 0xffffadaa8000: installed 532 bytes, 0 fault sites, 2 entries, text 0xffffadaa8000..0xffffadaa8008, fpsimd false
[    6.606468] rust_kjit: kjit: pc 0xffffadaa8000: installed 532 bytes, 0 fault sites, 2 entries, text 0xffffadaa8000..0xffffadaa8008, fpsimd false
[    6.608224] rust_kjit: kjit: pc 0xffffadaa8000: installed 532 bytes, 0 fault sites, 2 entries, text 0xffffadaa8000..0xffffadaa8008, fpsimd false
[    6.609451] rust_kjit: kjit: pc 0xffffadaa8000: installed 532 bytes, 0 fault sites, 2 entries, text 0xffffadaa8000..0xffffadaa8008, fpsimd false
[    6.611756] rust_kjit: kjit: pc 0xffffadaa8000: installed 532 bytes, 0 fault sites, 2 entries, text 0xffffadaa8000..0xffffadaa8008, fpsimd false
[    6.613761] rust_kjit: kjit: pc 0xffffadaa8000: installed 532 bytes, 0 fault sites, 2 entries, text 0xffffadaa8000..0xffffadaa8008, fpsimd false
[    6.615124] rust_kjit: kjit: pc 0xffffadaa8000: installed 532 bytes, 0 fault sites, 2 entries, text 0xffffadaa8000..0xffffadaa8008, fpsimd false
[    6.616935] rust_kjit: kjit: pc 0xffffadaa8000: installed 532 bytes, 0 fault sites, 2 entries, text 0xffffadaa8000..0xffffadaa8008, fpsimd false
[    6.618786] rust_kjit: kjit: pc 0xffffadaa8000: installed 532 bytes, 0 fault sites, 2 entries, text 0xffffadaa8000..0xffffadaa8008, fpsimd false
[    6.620444] rust_kjit: kjit: pc 0xffffadaa8000: installed 532 bytes, 0 fault sites, 2 entries, text 0xffffadaa8000..0xffffadaa8008, fpsimd false
[    6.622352] rust_kjit: kjit: pc 0xffffadaa8000: installed 532 bytes, 0 fault sites, 2 entries, text 0xffffadaa8000..0xffffadaa8008, fpsimd false
[    6.624078] rust_kjit: kjit: pc 0xffffadaa8000: installed 532 bytes, 0 fault sites, 2 entries, text 0xffffadaa8000..0xffffadaa8008, fpsimd false
[    6.625957] rust_kjit: kjit: pc 0xffffadaa8000: installed 532 bytes, 0 fault sites, 2 entries, text 0xffffadaa8000..0xffffadaa8008, fpsimd false
[    6.627712] rust_kjit: kjit: pc 0xffffadaa8000: installed 532 bytes, 0 fault sites, 2 entries, text 0xffffadaa8000..0xffffadaa8008, fpsimd false
[    6.628913] rust_kjit: kjit: pc 0xffffadaa8000: installed 532 bytes, 0 fault sites, 2 entries, text 0xffffadaa8000..0xffffadaa8008, fpsimd false
[    6.630648] rust_kjit: kjit: pc 0xffffadaa8000: installed 532 bytes, 0 fault sites, 2 entries, text 0xffffadaa8000..0xffffadaa8008, fpsimd false
[    6.632470] rust_kjit: kjit: pc 0xffffadaa8000: installed 532 bytes, 0 fault sites, 2 entries, text 0xffffadaa8000..0xffffadaa8008, fpsimd false
[    6.633891] rust_kjit: kjit: pc 0xffffadaa8000: installed 532 bytes, 0 fault sites, 2 entries, text 0xffffadaa8000..0xffffadaa8008, fpsimd false
[    6.635624] rust_kjit: kjit: pc 0xffffadaa8000: installed 532 bytes, 0 fault sites, 2 entries, text 0xffffadaa8000..0xffffadaa8008, fpsimd false
[    6.637501] rust_kjit: kjit: pc 0xffffadaa8000: installed 532 bytes, 0 fault sites, 2 entries, text 0xffffadaa8000..0xffffadaa8008, fpsimd false
[    6.638977] rust_kjit: kjit: pc 0xffffadaa8000: installed 532 bytes, 0 fault sites, 2 entries, text 0xffffadaa8000..0xffffadaa8008, fpsimd false
[    6.640720] rust_kjit: kjit: pc 0xffffadaa8000: installed 532 bytes, 0 fault sites, 2 entries, text 0xffffadaa8000..0xffffadaa8008, fpsimd false
[    6.642581] rust_kjit: kjit: pc 0xffffadaa8000: installed 532 bytes, 0 fault sites, 2 entries, text 0xffffadaa8000..0xffffadaa8008, fpsimd false
[    6.643928] rust_kjit: kjit: pc 0xffffadaa8000: installed 532 bytes, 0 fault sites, 2 entries, text 0xffffadaa8000..0xffffadaa8008, fpsimd false
[    6.645534] rust_kjit: kjit: pc 0xffffadaa8000: installed 532 bytes, 0 fault sites, 2 entries, text 0xffffadaa8000..0xffffadaa8008, fpsimd false
[    6.647494] rust_kjit: kjit: pc 0xffffadaa8000: installed 532 bytes, 0 fault sites, 2 entries, text 0xffffadaa8000..0xffffadaa8008, fpsimd false
[    6.649128] rust_kjit: kjit: pc 0xffffadaa8000: installed 532 bytes, 0 fault sites, 2 entries, text 0xffffadaa8000..0xffffadaa8008, fpsimd false
[    6.651039] rust_kjit: kjit: pc 0xffffadaa8000: installed 532 bytes, 0 fault sites, 2 entries, text 0xffffadaa8000..0xffffadaa8008, fpsimd false
[    6.652893] rust_kjit: kjit: pc 0xffffadaa8000: installed 532 bytes, 0 fault sites, 2 entries, text 0xffffadaa8000..0xffffadaa8008, fpsimd false
[    6.654752] rust_kjit: kjit: pc 0xffffadaa8000: installed 532 bytes, 0 fault sites, 2 entries, text 0xffffadaa8000..0xffffadaa8008, fpsimd false
[    6.656604] rust_kjit: kjit: pc 0xffffadaa8000: installed 532 bytes, 0 fault sites, 2 entries, text 0xffffadaa8000..0xffffadaa8008, fpsimd false
[    6.658514] rust_kjit: kjit: pc 0xffffadaa8000: installed 532 bytes, 0 fault sites, 2 entries, text 0xffffadaa8000..0xffffadaa8008, fpsimd false
[    6.660300] rust_kjit: kjit: pc 0xffffadaa8000: installed 532 bytes, 0 fault sites, 2 entries, text 0xffffadaa8000..0xffffadaa8008, fpsimd false
[    6.661995] rust_kjit: kjit: pc 0xffffadaa8000: installed 532 bytes, 0 fault sites, 2 entries, text 0xffffadaa8000..0xffffadaa8008, fpsimd false
[    6.663737] rust_kjit: kjit: pc 0xffffadaa8000: installed 532 bytes, 0 fault sites, 2 entries, text 0xffffadaa8000..0xffffadaa8008, fpsimd false
[    6.665364] rust_kjit: kjit: pc 0xffffadaa8000: installed 532 bytes, 0 fault sites, 2 entries, text 0xffffadaa8000..0xffffadaa8008, fpsimd false
[    6.667443] rust_kjit: kjit: pc 0xffffadaa8000: installed 532 bytes, 0 fault sites, 2 entries, text 0xffffadaa8000..0xffffadaa8008, fpsimd false
[    6.669219] rust_kjit: kjit: pc 0xffffadaa8000: installed 532 bytes, 0 fault sites, 2 entries, text 0xffffadaa8000..0xffffadaa8008, fpsimd false
[    6.670717] rust_kjit: kjit: pc 0xffffadaa8000: installed 532 bytes, 0 fault sites, 2 entries, text 0xffffadaa8000..0xffffadaa8008, fpsimd false
[    6.672588] rust_kjit: kjit: pc 0xffffadaa8000: installed 532 bytes, 0 fault sites, 2 entries, text 0xffffadaa8000..0xffffadaa8008, fpsimd false
[    6.674500] rust_kjit: kjit: pc 0xffffadaa8000: installed 532 bytes, 0 fault sites, 2 entries, text 0xffffadaa8000..0xffffadaa8008, fpsimd false
[    6.676242] rust_kjit: kjit: pc 0xffffadaa8000: installed 532 bytes, 0 fault sites, 2 entries, text 0xffffadaa8000..0xffffadaa8008, fpsimd false
[    6.677514] rust_kjit: kjit: pc 0xffffadaa8000: installed 532 bytes, 0 fault sites, 2 entries, text 0xffffadaa8000..0xffffadaa8008, fpsimd false
[    6.679737] rust_kjit: kjit: pc 0xffffadaa8000: installed 532 bytes, 0 fault sites, 2 entries, text 0xffffadaa8000..0xffffadaa8008, fpsimd false
[    6.681921] rust_kjit: kjit: pc 0xffffadaa8000: installed 532 bytes, 0 fault sites, 2 entries, text 0xffffadaa8000..0xffffadaa8008, fpsimd false
[    6.683747] rust_kjit: kjit: pc 0xffffadaa8000: installed 532 bytes, 0 fault sites, 2 entries, text 0xffffadaa8000..0xffffadaa8008, fpsimd false
[    6.685107] rust_kjit: kjit: pc 0xffffadaa8000: installed 532 bytes, 0 fault sites, 2 entries, text 0xffffadaa8000..0xffffadaa8008, fpsimd false
[    6.687081] rust_kjit: kjit: pc 0xffffadaa8000: installed 532 bytes, 0 fault sites, 2 entries, text 0xffffadaa8000..0xffffadaa8008, fpsimd false
[    6.689203] rust_kjit: kjit: pc 0xffffadaa8000: installed 532 bytes, 0 fault sites, 2 entries, text 0xffffadaa8000..0xffffadaa8008, fpsimd false
[    6.691315] rust_kjit: kjit: pc 0xffffadaa8000: installed 532 bytes, 0 fault sites, 2 entries, text 0xffffadaa8000..0xffffadaa8008, fpsimd false
[    6.693042] rust_kjit: kjit: pc 0xffffadaa8000: installed 532 bytes, 0 fault sites, 2 entries, text 0xffffadaa8000..0xffffadaa8008, fpsimd false
[    6.695069] rust_kjit: kjit: pc 0xffffadaa8000: installed 532 bytes, 0 fault sites, 2 entries, text 0xffffadaa8000..0xffffadaa8008, fpsimd false
[    6.696500] rust_kjit: kjit: pc 0xffffadaa8000: installed 532 bytes, 0 fault sites, 2 entries, text 0xffffadaa8000..0xffffadaa8008, fpsimd false
[    6.698341] rust_kjit: kjit: pc 0xffffadaa8000: installed 532 bytes, 0 fault sites, 2 entries, text 0xffffadaa8000..0xffffadaa8008, fpsimd false
[    6.700071] rust_kjit: kjit: pc 0xffffadaa8000: installed 532 bytes, 0 fault sites, 2 entries, text 0xffffadaa8000..0xffffadaa8008, fpsimd false
[    6.701493] rust_kjit: kjit: pc 0xffffadaa8000: installed 532 bytes, 0 fault sites, 2 entries, text 0xffffadaa8000..0xffffadaa8008, fpsimd false
[    6.703602] rust_kjit: kjit: pc 0xffffadaa8000: installed 532 bytes, 0 fault sites, 2 entries, text 0xffffadaa8000..0xffffadaa8008, fpsimd false
[    6.705350] rust_kjit: kjit: pc 0xffffadaa8000: installed 532 bytes, 0 fault sites, 2 entries, text 0xffffadaa8000..0xffffadaa8008, fpsimd false
[    6.707354] rust_kjit: kjit: pc 0xffffadaa8000: installed 532 bytes, 0 fault sites, 2 entries, text 0xffffadaa8000..0xffffadaa8008, fpsimd false
[    6.709185] rust_kjit: kjit: pc 0xffffadaa8000: installed 532 bytes, 0 fault sites, 2 entries, text 0xffffadaa8000..0xffffadaa8008, fpsimd false
[    6.710583] rust_kjit: kjit: pc 0xffffadaa8000: installed 532 bytes, 0 fault sites, 2 entries, text 0xffffadaa8000..0xffffadaa8008, fpsimd false
[    6.712386] rust_kjit: kjit: pc 0xffffadaa8000: installed 532 bytes, 0 fault sites, 2 entries, text 0xffffadaa8000..0xffffadaa8008, fpsimd false
[    6.714150] rust_kjit: kjit: pc 0xffffadaa8000: installed 532 bytes, 0 fault sites, 2 entries, text 0xffffadaa8000..0xffffadaa8008, fpsimd false
[    6.715463] rust_kjit: kjit: pc 0xffffadaa8000: installed 532 bytes, 0 fault sites, 2 entries, text 0xffffadaa8000..0xffffadaa8008, fpsimd false
[    6.717331] rust_kjit: kjit: pc 0xffffadaa8000: installed 532 bytes, 0 fault sites, 2 entries, text 0xffffadaa8000..0xffffadaa8008, fpsimd false
[    6.719276] rust_kjit: kjit: pc 0xffffadaa8000: installed 532 bytes, 0 fault sites, 2 entries, text 0xffffadaa8000..0xffffadaa8008, fpsimd false
[    6.720717] rust_kjit: kjit: pc 0xffffadaa8000: installed 532 bytes, 0 fault sites, 2 entries, text 0xffffadaa8000..0xffffadaa8008, fpsimd false
[    6.722517] rust_kjit: kjit: pc 0xffffadaa8000: installed 532 bytes, 0 fault sites, 2 entries, text 0xffffadaa8000..0xffffadaa8008, fpsimd false
[    6.724192] rust_kjit: kjit: pc 0xffffadaa8000: installed 532 bytes, 0 fault sites, 2 entries, text 0xffffadaa8000..0xffffadaa8008, fpsimd false
[    6.725367] rust_kjit: kjit: pc 0xffffadaa8000: installed 532 bytes, 0 fault sites, 2 entries, text 0xffffadaa8000..0xffffadaa8008, fpsimd false
[    6.727527] rust_kjit: kjit: pc 0xffffadaa8000: installed 532 bytes, 0 fault sites, 2 entries, text 0xffffadaa8000..0xffffadaa8008, fpsimd false
[    6.729316] rust_kjit: kjit: pc 0xffffadaa8000: installed 532 bytes, 0 fault sites, 2 entries, text 0xffffadaa8000..0xffffadaa8008, fpsimd false
[    6.730770] rust_kjit: kjit: pc 0xffffadaa8000: installed 532 bytes, 0 fault sites, 2 entries, text 0xffffadaa8000..0xffffadaa8008, fpsimd false
[    6.732707] rust_kjit: kjit: pc 0xffffadaa8000: installed 532 bytes, 0 fault sites, 2 entries, text 0xffffadaa8000..0xffffadaa8008, fpsimd false
[    6.734434] rust_kjit: kjit: pc 0xffffadaa8000: installed 532 bytes, 0 fault sites, 2 entries, text 0xffffadaa8000..0xffffadaa8008, fpsimd false
[    6.735660] rust_kjit: kjit: pc 0xffffadaa8000: installed 532 bytes, 0 fault sites, 2 entries, text 0xffffadaa8000..0xffffadaa8008, fpsimd false
[    6.737360] rust_kjit: kjit: pc 0xffffadaa8000: installed 532 bytes, 0 fault sites, 2 entries, text 0xffffadaa8000..0xffffadaa8008, fpsimd false
[    6.739755] rust_kjit: kjit: pc 0xffffadaa8000: installed 532 bytes, 0 fault sites, 2 entries, text 0xffffadaa8000..0xffffadaa8008, fpsimd false
[    6.741624] rust_kjit: kjit: pc 0xffffadaa8000: installed 532 bytes, 0 fault sites, 2 entries, text 0xffffadaa8000..0xffffadaa8008, fpsimd false
[    6.743369] rust_kjit: kjit: pc 0xffffadaa8000: installed 532 bytes, 0 fault sites, 2 entries, text 0xffffadaa8000..0xffffadaa8008, fpsimd false
[    6.744594] rust_kjit: kjit: pc 0xffffadaa8000: installed 532 bytes, 0 fault sites, 2 entries, text 0xffffadaa8000..0xffffadaa8008, fpsimd false
[    6.746559] rust_kjit: kjit: pc 0xffffadaa8000: installed 532 bytes, 0 fault sites, 2 entries, text 0xffffadaa8000..0xffffadaa8008, fpsimd false
[    6.748298] rust_kjit: kjit: pc 0xffffadaa8000: installed 532 bytes, 0 fault sites, 2 entries, text 0xffffadaa8000..0xffffadaa8008, fpsimd false
[    6.749512] rust_kjit: kjit: pc 0xffffadaa8000: installed 532 bytes, 0 fault sites, 2 entries, text 0xffffadaa8000..0xffffadaa8008, fpsimd false
[    6.751534] rust_kjit: kjit: pc 0xffffadaa8000: installed 532 bytes, 0 fault sites, 2 entries, text 0xffffadaa8000..0xffffadaa8008, fpsimd false
[    6.753281] rust_kjit: kjit: pc 0xffffadaa8000: installed 532 bytes, 0 fault sites, 2 entries, text 0xffffadaa8000..0xffffadaa8008, fpsimd false
[    6.755673] rust_kjit: kjit: pc 0xffffadaa8000: installed 532 bytes, 0 fault sites, 2 entries, text 0xffffadaa8000..0xffffadaa8008, fpsimd false
[    6.757495] rust_kjit: kjit: pc 0xffffadaa8000: installed 532 bytes, 0 fault sites, 2 entries, text 0xffffadaa8000..0xffffadaa8008, fpsimd false
[    6.759199] rust_kjit: kjit: pc 0xffffadaa8000: installed 532 bytes, 0 fault sites, 2 entries, text 0xffffadaa8000..0xffffadaa8008, fpsimd false
[    6.761069] rust_kjit: kjit: pc 0xffffadaa8000: installed 532 bytes, 0 fault sites, 2 entries, text 0xffffadaa8000..0xffffadaa8008, fpsimd false
[    6.762938] rust_kjit: kjit: pc 0xffffadaa8000: installed 532 bytes, 0 fault sites, 2 entries, text 0xffffadaa8000..0xffffadaa8008, fpsimd false
[    6.764850] rust_kjit: kjit: pc 0xffffadaa8000: installed 532 bytes, 0 fault sites, 2 entries, text 0xffffadaa8000..0xffffadaa8008, fpsimd false
[    6.766610] rust_kjit: kjit: pc 0xffffadaa8000: installed 532 bytes, 0 fault sites, 2 entries, text 0xffffadaa8000..0xffffadaa8008, fpsimd false
[    6.768318] rust_kjit: kjit: pc 0xffffadaa8000: installed 532 bytes, 0 fault sites, 2 entries, text 0xffffadaa8000..0xffffadaa8008, fpsimd false
[    6.770390] rust_kjit: kjit: pc 0xffffadaa8000: installed 532 bytes, 0 fault sites, 2 entries, text 0xffffadaa8000..0xffffadaa8008, fpsimd false
[    6.772616] rust_kjit: kjit: pc 0xffffadaa8000: installed 532 bytes, 0 fault sites, 2 entries, text 0xffffadaa8000..0xffffadaa8008, fpsimd false
[    6.774011] rust_kjit: kjit: pc 0xffffadaa8000: installed 532 bytes, 0 fault sites, 2 entries, text 0xffffadaa8000..0xffffadaa8008, fpsimd false
[    6.776007] rust_kjit: kjit: pc 0xffffadaa8000: installed 532 bytes, 0 fault sites, 2 entries, text 0xffffadaa8000..0xffffadaa8008, fpsimd false
[    6.778030] rust_kjit: kjit: pc 0xffffadaa8000: installed 532 bytes, 0 fault sites, 2 entries, text 0xffffadaa8000..0xffffadaa8008, fpsimd false
[    6.780232] rust_kjit: kjit: pc 0xffffadaa8000: installed 532 bytes, 0 fault sites, 2 entries, text 0xffffadaa8000..0xffffadaa8008, fpsimd false
[    6.781961] rust_kjit: kjit: pc 0xffffadaa8000: installed 532 bytes, 0 fault sites, 2 entries, text 0xffffadaa8000..0xffffadaa8008, fpsimd false
[    6.783919] rust_kjit: kjit: pc 0xffffadaa8000: installed 532 bytes, 0 fault sites, 2 entries, text 0xffffadaa8000..0xffffadaa8008, fpsimd false
[    6.785873] rust_kjit: kjit: pc 0xffffadaa8000: installed 532 bytes, 0 fault sites, 2 entries, text 0xffffadaa8000..0xffffadaa8008, fpsimd false
[    6.787234] rust_kjit: kjit: pc 0xffffadaa8000: installed 532 bytes, 0 fault sites, 2 entries, text 0xffffadaa8000..0xffffadaa8008, fpsimd false
[    6.789464] rust_kjit: kjit: pc 0xffffadaa8000: installed 532 bytes, 0 fault sites, 2 entries, text 0xffffadaa8000..0xffffadaa8008, fpsimd false
[    6.791439] rust_kjit: kjit: pc 0xffffadaa8000: installed 532 bytes, 0 fault sites, 2 entries, text 0xffffadaa8000..0xffffadaa8008, fpsimd false
[    6.793169] rust_kjit: kjit: pc 0xffffadaa8000: installed 532 bytes, 0 fault sites, 2 entries, text 0xffffadaa8000..0xffffadaa8008, fpsimd false
[    6.794630] rust_kjit: kjit: pc 0xffffadaa8000: installed 532 bytes, 0 fault sites, 2 entries, text 0xffffadaa8000..0xffffadaa8008, fpsimd false
[    6.796915] rust_kjit: kjit: pc 0xffffadaa8000: installed 532 bytes, 0 fault sites, 2 entries, text 0xffffadaa8000..0xffffadaa8008, fpsimd false
[    6.798836] rust_kjit: kjit: pc 0xffffadaa8000: installed 532 bytes, 0 fault sites, 2 entries, text 0xffffadaa8000..0xffffadaa8008, fpsimd false
[    6.800653] rust_kjit: kjit: pc 0xffffadaa8000: installed 532 bytes, 0 fault sites, 2 entries, text 0xffffadaa8000..0xffffadaa8008, fpsimd false
[    6.802437] rust_kjit: kjit: pc 0xffffadaa8000: installed 532 bytes, 0 fault sites, 2 entries, text 0xffffadaa8000..0xffffadaa8008, fpsimd false
[    6.804673] rust_kjit: kjit: pc 0xffffadaa8000: installed 532 bytes, 0 fault sites, 2 entries, text 0xffffadaa8000..0xffffadaa8008, fpsimd false
[    6.806552] rust_kjit: kjit: pc 0xffffadaa8000: installed 532 bytes, 0 fault sites, 2 entries, text 0xffffadaa8000..0xffffadaa8008, fpsimd false
[    6.808183] rust_kjit: kjit: pc 0xffffadaa8000: installed 532 bytes, 0 fault sites, 2 entries, text 0xffffadaa8000..0xffffadaa8008, fpsimd false
[    6.810040] rust_kjit: kjit: pc 0xffffadaa8000: installed 532 bytes, 0 fault sites, 2 entries, text 0xffffadaa8000..0xffffadaa8008, fpsimd false
[    6.812356] rust_kjit: kjit: pc 0xffffadaa8000: installed 532 bytes, 0 fault sites, 2 entries, text 0xffffadaa8000..0xffffadaa8008, fpsimd false
[    6.814217] rust_kjit: kjit: pc 0xffffadaa8000: installed 532 bytes, 0 fault sites, 2 entries, text 0xffffadaa8000..0xffffadaa8008, fpsimd false
[    6.815993] rust_kjit: kjit: pc 0xffffadaa8000: installed 532 bytes, 0 fault sites, 2 entries, text 0xffffadaa8000..0xffffadaa8008, fpsimd false
[    6.817913] rust_kjit: kjit: pc 0xffffadaa8000: installed 532 bytes, 0 fault sites, 2 entries, text 0xffffadaa8000..0xffffadaa8008, fpsimd false
[    6.819662] rust_kjit: kjit: pc 0xffffadaa8000: installed 532 bytes, 0 fault sites, 2 entries, text 0xffffadaa8000..0xffffadaa8008, fpsimd false
[    6.821085] rust_kjit: kjit: pc 0xffffadaa8000: installed 532 bytes, 0 fault sites, 2 entries, text 0xffffadaa8000..0xffffadaa8008, fpsimd false
[    6.823195] rust_kjit: kjit: pc 0xffffadaa8000: installed 532 bytes, 0 fault sites, 2 entries, text 0xffffadaa8000..0xffffadaa8008, fpsimd false
[    6.825207] rust_kjit: kjit: pc 0xffffadaa8000: installed 532 bytes, 0 fault sites, 2 entries, text 0xffffadaa8000..0xffffadaa8008, fpsimd false
[    6.827416] rust_kjit: kjit: pc 0xffffadaa8000: installed 532 bytes, 0 fault sites, 2 entries, text 0xffffadaa8000..0xffffadaa8008, fpsimd false
[    6.829447] rust_kjit: kjit: pc 0xffffadaa8000: installed 532 bytes, 0 fault sites, 2 entries, text 0xffffadaa8000..0xffffadaa8008, fpsimd false
[    6.831658] rust_kjit: kjit: pc 0xffffadaa8000: installed 532 bytes, 0 fault sites, 2 entries, text 0xffffadaa8000..0xffffadaa8008, fpsimd false
[    6.833511] rust_kjit: kjit: pc 0xffffadaa8000: installed 532 bytes, 0 fault sites, 2 entries, text 0xffffadaa8000..0xffffadaa8008, fpsimd false
[    6.834964] rust_kjit: kjit: pc 0xffffadaa8000: installed 532 bytes, 0 fault sites, 2 entries, text 0xffffadaa8000..0xffffadaa8008, fpsimd false
[    6.836728] rust_kjit: kjit: pc 0xffffadaa8000: installed 532 bytes, 0 fault sites, 2 entries, text 0xffffadaa8000..0xffffadaa8008, fpsimd false
[    6.838917] rust_kjit: kjit: pc 0xffffadaa8000: installed 532 bytes, 0 fault sites, 2 entries, text 0xffffadaa8000..0xffffadaa8008, fpsimd false
[    6.840213] rust_kjit: kjit: pc 0xffffadaa8000: installed 532 bytes, 0 fault sites, 2 entries, text 0xffffadaa8000..0xffffadaa8008, fpsimd false
[    6.841955] rust_kjit: kjit: pc 0xffffadaa8000: installed 532 bytes, 0 fault sites, 2 entries, text 0xffffadaa8000..0xffffadaa8008, fpsimd false
[    6.843815] rust_kjit: kjit: pc 0xffffadaa8000: installed 532 bytes, 0 fault sites, 2 entries, text 0xffffadaa8000..0xffffadaa8008, fpsimd false
[    6.845514] rust_kjit: kjit: pc 0xffffadaa8000: installed 532 bytes, 0 fault sites, 2 entries, text 0xffffadaa8000..0xffffadaa8008, fpsimd false
[    6.847540] rust_kjit: kjit: pc 0xffffadaa8000: installed 532 bytes, 0 fault sites, 2 entries, text 0xffffadaa8000..0xffffadaa8008, fpsimd false
[    6.848787] rust_kjit: kjit: pc 0xffffadaa8000: installed 532 bytes, 0 fault sites, 2 entries, text 0xffffadaa8000..0xffffadaa8008, fpsimd false
[    6.850485] rust_kjit: kjit: pc 0xffffadaa8000: installed 532 bytes, 0 fault sites, 2 entries, text 0xffffadaa8000..0xffffadaa8008, fpsimd false
[    6.852140] rust_kjit: kjit: pc 0xffffadaa8000: installed 532 bytes, 0 fault sites, 2 entries, text 0xffffadaa8000..0xffffadaa8008, fpsimd false
[    6.853945] rust_kjit: kjit: pc 0xffffadaa8000: installed 532 bytes, 0 fault sites, 2 entries, text 0xffffadaa8000..0xffffadaa8008, fpsimd false
[    6.855737] rust_kjit: kjit: pc 0xffffadaa8000: installed 532 bytes, 0 fault sites, 2 entries, text 0xffffadaa8000..0xffffadaa8008, fpsimd false
[    6.857165] rust_kjit: kjit: pc 0xffffadaa8000: installed 532 bytes, 0 fault sites, 2 entries, text 0xffffadaa8000..0xffffadaa8008, fpsimd false
[    6.859181] rust_kjit: kjit: pc 0xffffadaa8000: installed 532 bytes, 0 fault sites, 2 entries, text 0xffffadaa8000..0xffffadaa8008, fpsimd false
[    6.860876] rust_kjit: kjit: pc 0xffffadaa8000: installed 532 bytes, 0 fault sites, 2 entries, text 0xffffadaa8000..0xffffadaa8008, fpsimd false
[    6.862091] rust_kjit: kjit: pc 0xffffadaa8000: installed 532 bytes, 0 fault sites, 2 entries, text 0xffffadaa8000..0xffffadaa8008, fpsimd false
[    6.864090] rust_kjit: kjit: pc 0xffffadaa8000: installed 532 bytes, 0 fault sites, 2 entries, text 0xffffadaa8000..0xffffadaa8008, fpsimd false
[    6.865895] rust_kjit: kjit: pc 0xffffadaa8000: installed 532 bytes, 0 fault sites, 2 entries, text 0xffffadaa8000..0xffffadaa8008, fpsimd false
[    6.867183] rust_kjit: kjit: pc 0xffffadaa8000: installed 532 bytes, 0 fault sites, 2 entries, text 0xffffadaa8000..0xffffadaa8008, fpsimd false
[    6.868949] rust_kjit: kjit: pc 0xffffadaa8000: installed 532 bytes, 0 fault sites, 2 entries, text 0xffffadaa8000..0xffffadaa8008, fpsimd false
[    6.871026] rust_kjit: kjit: pc 0xffffadaa8000: installed 532 bytes, 0 fault sites, 2 entries, text 0xffffadaa8000..0xffffadaa8008, fpsimd false
[    6.873025] rust_kjit: kjit: pc 0xffffadaa8000: installed 532 bytes, 0 fault sites, 2 entries, text 0xffffadaa8000..0xffffadaa8008, fpsimd false
[    6.874972] rust_kjit: kjit: pc 0xffffadaa8000: installed 532 bytes, 0 fault sites, 2 entries, text 0xffffadaa8000..0xffffadaa8008, fpsimd false
[    6.876297] rust_kjit: kjit: pc 0xffffadaa8000: installed 532 bytes, 0 fault sites, 2 entries, text 0xffffadaa8000..0xffffadaa8008, fpsimd false
[    6.878173] rust_kjit: kjit: pc 0xffffadaa8000: installed 532 bytes, 0 fault sites, 2 entries, text 0xffffadaa8000..0xffffadaa8008, fpsimd false
[    6.880332] rust_kjit: kjit: pc 0xffffadaa8000: installed 532 bytes, 0 fault sites, 2 entries, text 0xffffadaa8000..0xffffadaa8008, fpsimd false
[    6.882044] rust_kjit: kjit: pc 0xffffadaa8000: installed 532 bytes, 0 fault sites, 2 entries, text 0xffffadaa8000..0xffffadaa8008, fpsimd false
[    6.883501] rust_kjit: kjit: pc 0xffffadaa8000: installed 532 bytes, 0 fault sites, 2 entries, text 0xffffadaa8000..0xffffadaa8008, fpsimd false
[    6.885385] rust_kjit: kjit: pc 0xffffadaa8000: installed 532 bytes, 0 fault sites, 2 entries, text 0xffffadaa8000..0xffffadaa8008, fpsimd false
[    6.887352] rust_kjit: kjit: pc 0xffffadaa8000: installed 532 bytes, 0 fault sites, 2 entries, text 0xffffadaa8000..0xffffadaa8008, fpsimd false
[    6.888762] rust_kjit: kjit: pc 0xffffadaa8000: installed 532 bytes, 0 fault sites, 2 entries, text 0xffffadaa8000..0xffffadaa8008, fpsimd false
[    6.890615] rust_kjit: kjit: pc 0xffffadaa8000: installed 532 bytes, 0 fault sites, 2 entries, text 0xffffadaa8000..0xffffadaa8008, fpsimd false
[    6.892398] rust_kjit: kjit: pc 0xffffadaa8000: installed 532 bytes, 0 fault sites, 2 entries, text 0xffffadaa8000..0xffffadaa8008, fpsimd false
[    6.894133] rust_kjit: kjit: pc 0xffffadaa8000: installed 532 bytes, 0 fault sites, 2 entries, text 0xffffadaa8000..0xffffadaa8008, fpsimd false
[    6.895637] rust_kjit: kjit: pc 0xffffadaa8000: installed 532 bytes, 0 fault sites, 2 entries, text 0xffffadaa8000..0xffffadaa8008, fpsimd false
[    6.897895] rust_kjit: kjit: pc 0xffffadaa8000: installed 532 bytes, 0 fault sites, 2 entries, text 0xffffadaa8000..0xffffadaa8008, fpsimd false
[    6.899719] rust_kjit: kjit: pc 0xffffadaa8000: installed 532 bytes, 0 fault sites, 2 entries, text 0xffffadaa8000..0xffffadaa8008, fpsimd false
[    6.901032] rust_kjit: kjit: pc 0xffffadaa8000: installed 532 bytes, 0 fault sites, 2 entries, text 0xffffadaa8000..0xffffadaa8008, fpsimd false
[    6.903254] rust_kjit: kjit: pc 0xffffadaa8000: installed 532 bytes, 0 fault sites, 2 entries, text 0xffffadaa8000..0xffffadaa8008, fpsimd false
[    6.904535] rust_kjit: kjit: pc 0xffffadaa8000: installed 532 bytes, 0 fault sites, 2 entries, text 0xffffadaa8000..0xffffadaa8008, fpsimd false
[    6.906421] rust_kjit: kjit: pc 0xffffadaa8000: installed 532 bytes, 0 fault sites, 2 entries, text 0xffffadaa8000..0xffffadaa8008, fpsimd false
[    6.908283] rust_kjit: kjit: pc 0xffffadaa8000: installed 532 bytes, 0 fault sites, 2 entries, text 0xffffadaa8000..0xffffadaa8008, fpsimd false
[    6.909523] rust_kjit: kjit: pc 0xffffadaa8000: installed 532 bytes, 0 fault sites, 2 entries, text 0xffffadaa8000..0xffffadaa8008, fpsimd false
[    6.911635] rust_kjit: kjit: pc 0xffffadaa8000: installed 532 bytes, 0 fault sites, 2 entries, text 0xffffadaa8000..0xffffadaa8008, fpsimd false
[    6.913383] rust_kjit: kjit: pc 0xffffadaa8000: installed 532 bytes, 0 fault sites, 2 entries, text 0xffffadaa8000..0xffffadaa8008, fpsimd false
[    6.915102] rust_kjit: kjit: pc 0xffffadaa8000: installed 532 bytes, 0 fault sites, 2 entries, text 0xffffadaa8000..0xffffadaa8008, fpsimd false
[    6.917017] rust_kjit: kjit: pc 0xffffadaa8000: installed 532 bytes, 0 fault sites, 2 entries, text 0xffffadaa8000..0xffffadaa8008, fpsimd false
[    6.918880] rust_kjit: kjit: pc 0xffffadaa8000: installed 532 bytes, 0 fault sites, 2 entries, text 0xffffadaa8000..0xffffadaa8008, fpsimd false
[    6.920137] rust_kjit: kjit: pc 0xffffadaa8000: installed 532 bytes, 0 fault sites, 2 entries, text 0xffffadaa8000..0xffffadaa8008, fpsimd false
[    6.921924] rust_kjit: kjit: pc 0xffffadaa8000: installed 532 bytes, 0 fault sites, 2 entries, text 0xffffadaa8000..0xffffadaa8008, fpsimd false
[    6.923627] rust_kjit: kjit: pc 0xffffadaa8000: installed 532 bytes, 0 fault sites, 2 entries, text 0xffffadaa8000..0xffffadaa8008, fpsimd false
[    6.925160] rust_kjit: kjit: pc 0xffffadaa8000: installed 532 bytes, 0 fault sites, 2 entries, text 0xffffadaa8000..0xffffadaa8008, fpsimd false
[    6.927318] rust_kjit: kjit: pc 0xffffadaa8000: installed 532 bytes, 0 fault sites, 2 entries, text 0xffffadaa8000..0xffffadaa8008, fpsimd false
[    6.928830] rust_kjit: kjit: pc 0xffffadaa8000: installed 532 bytes, 0 fault sites, 2 entries, text 0xffffadaa8000..0xffffadaa8008, fpsimd false
[    6.930603] rust_kjit: kjit: pc 0xffffadaa8000: installed 532 bytes, 0 fault sites, 2 entries, text 0xffffadaa8000..0xffffadaa8008, fpsimd false
[    6.932458] rust_kjit: kjit: pc 0xffffadaa8000: installed 532 bytes, 0 fault sites, 2 entries, text 0xffffadaa8000..0xffffadaa8008, fpsimd false
[    6.933784] rust_kjit: kjit: pc 0xffffadaa8000: installed 532 bytes, 0 fault sites, 2 entries, text 0xffffadaa8000..0xffffadaa8008, fpsimd false
[    6.935748] rust_kjit: kjit: pc 0xffffadaa8000: installed 532 bytes, 0 fault sites, 2 entries, text 0xffffadaa8000..0xffffadaa8008, fpsimd false
[    6.937536] rust_kjit: kjit: pc 0xffffadaa8000: installed 532 bytes, 0 fault sites, 2 entries, text 0xffffadaa8000..0xffffadaa8008, fpsimd false
[    6.939028] rust_kjit: kjit: pc 0xffffadaa8000: installed 532 bytes, 0 fault sites, 2 entries, text 0xffffadaa8000..0xffffadaa8008, fpsimd false
[    6.940769] rust_kjit: kjit: pc 0xffffadaa8000: installed 532 bytes, 0 fault sites, 2 entries, text 0xffffadaa8000..0xffffadaa8008, fpsimd false
[    6.942558] rust_kjit: kjit: pc 0xffffadaa8000: installed 532 bytes, 0 fault sites, 2 entries, text 0xffffadaa8000..0xffffadaa8008, fpsimd false
[    6.944281] rust_kjit: kjit: pc 0xffffadaa8000: installed 532 bytes, 0 fault sites, 2 entries, text 0xffffadaa8000..0xffffadaa8008, fpsimd false
[    6.946032] rust_kjit: kjit: pc 0xffffadaa8000: installed 532 bytes, 0 fault sites, 2 entries, text 0xffffadaa8000..0xffffadaa8008, fpsimd false
[    6.947808] rust_kjit: kjit: pc 0xffffadaa8000: installed 532 bytes, 0 fault sites, 2 entries, text 0xffffadaa8000..0xffffadaa8008, fpsimd false
[    6.949517] rust_kjit: kjit: pc 0xffffadaa8000: installed 532 bytes, 0 fault sites, 2 entries, text 0xffffadaa8000..0xffffadaa8008, fpsimd false
[    6.951606] rust_kjit: kjit: pc 0xffffadaa8000: installed 532 bytes, 0 fault sites, 2 entries, text 0xffffadaa8000..0xffffadaa8008, fpsimd false
[    6.953432] rust_kjit: kjit: pc 0xffffadaa8000: installed 532 bytes, 0 fault sites, 2 entries, text 0xffffadaa8000..0xffffadaa8008, fpsimd false
[    6.955429] rust_kjit: kjit: pc 0xffffadaa8000: installed 532 bytes, 0 fault sites, 2 entries, text 0xffffadaa8000..0xffffadaa8008, fpsimd false
[    6.957111] rust_kjit: kjit: pc 0xffffadaa8000: installed 532 bytes, 0 fault sites, 2 entries, text 0xffffadaa8000..0xffffadaa8008, fpsimd false
[    6.959089] rust_kjit: kjit: pc 0xffffadaa8000: installed 532 bytes, 0 fault sites, 2 entries, text 0xffffadaa8000..0xffffadaa8008, fpsimd false
[    6.960674] rust_kjit: kjit: pc 0xffffadaa8000: installed 532 bytes, 0 fault sites, 2 entries, text 0xffffadaa8000..0xffffadaa8008, fpsimd false
[    6.962356] rust_kjit: kjit: pc 0xffffadaa8000: installed 532 bytes, 0 fault sites, 2 entries, text 0xffffadaa8000..0xffffadaa8008, fpsimd false
[    6.964104] rust_kjit: kjit: pc 0xffffadaa8000: installed 532 bytes, 0 fault sites, 2 entries, text 0xffffadaa8000..0xffffadaa8008, fpsimd false
[    6.965827] rust_kjit: kjit: pc 0xffffadaa8000: installed 532 bytes, 0 fault sites, 2 entries, text 0xffffadaa8000..0xffffadaa8008, fpsimd false
[    6.967691] rust_kjit: kjit: pc 0xffffadaa8000: installed 532 bytes, 0 fault sites, 2 entries, text 0xffffadaa8000..0xffffadaa8008, fpsimd false
[    6.969023] rust_kjit: kjit: pc 0xffffadaa8000: installed 532 bytes, 0 fault sites, 2 entries, text 0xffffadaa8000..0xffffadaa8008, fpsimd false
[    6.970690] rust_kjit: kjit: pc 0xffffadaa8000: installed 532 bytes, 0 fault sites, 2 entries, text 0xffffadaa8000..0xffffadaa8008, fpsimd false
[    6.972372] rust_kjit: kjit: pc 0xffffadaa8000: installed 532 bytes, 0 fault sites, 2 entries, text 0xffffadaa8000..0xffffadaa8008, fpsimd false
[    6.974130] rust_kjit: kjit: pc 0xffffadaa8000: installed 532 bytes, 0 fault sites, 2 entries, text 0xffffadaa8000..0xffffadaa8008, fpsimd false
[    6.975333] rust_kjit: kjit: pc 0xffffadaa8000: installed 532 bytes, 0 fault sites, 2 entries, text 0xffffadaa8000..0xffffadaa8008, fpsimd false
[    6.977016] rust_kjit: kjit: pc 0xffffadaa8000: installed 532 bytes, 0 fault sites, 2 entries, text 0xffffadaa8000..0xffffadaa8008, fpsimd false
[    6.978881] rust_kjit: kjit: pc 0xffffadaa8000: installed 532 bytes, 0 fault sites, 2 entries, text 0xffffadaa8000..0xffffadaa8008, fpsimd false
[    6.980655] rust_kjit: kjit: pc 0xffffadaa8000: installed 532 bytes, 0 fault sites, 2 entries, text 0xffffadaa8000..0xffffadaa8008, fpsimd false
[    6.981956] rust_kjit: kjit: pc 0xffffadaa8000: installed 532 bytes, 0 fault sites, 2 entries, text 0xffffadaa8000..0xffffadaa8008, fpsimd false
[    6.983885] rust_kjit: kjit: pc 0xffffadaa8000: installed 532 bytes, 0 fault sites, 2 entries, text 0xffffadaa8000..0xffffadaa8008, fpsimd false
[    6.985098] rust_kjit: kjit: pc 0xffffadaa8000: installed 532 bytes, 0 fault sites, 2 entries, text 0xffffadaa8000..0xffffadaa8008, fpsimd false
[    6.987033] rust_kjit: kjit: pc 0xffffadaa8000: installed 532 bytes, 0 fault sites, 2 entries, text 0xffffadaa8000..0xffffadaa8008, fpsimd false
[    6.988814] rust_kjit: kjit: pc 0xffffadaa8000: installed 532 bytes, 0 fault sites, 2 entries, text 0xffffadaa8000..0xffffadaa8008, fpsimd false
[    6.990091] rust_kjit: kjit: pc 0xffffadaa8000: installed 532 bytes, 0 fault sites, 2 entries, text 0xffffadaa8000..0xffffadaa8008, fpsimd false
[    6.991833] rust_kjit: kjit: pc 0xffffadaa8000: installed 532 bytes, 0 fault sites, 2 entries, text 0xffffadaa8000..0xffffadaa8008, fpsimd false
[    6.993927] rust_kjit: kjit: pc 0xffffadaa8000: installed 532 bytes, 0 fault sites, 2 entries, text 0xffffadaa8000..0xffffadaa8008, fpsimd false
[    6.995198] rust_kjit: kjit: pc 0xffffadaa8000: installed 532 bytes, 0 fault sites, 2 entries, text 0xffffadaa8000..0xffffadaa8008, fpsimd false
[    6.996964] rust_kjit: kjit: pc 0xffffadaa8000: installed 532 bytes, 0 fault sites, 2 entries, text 0xffffadaa8000..0xffffadaa8008, fpsimd false
[    6.998796] rust_kjit: kjit: pc 0xffffadaa8000: installed 532 bytes, 0 fault sites, 2 entries, text 0xffffadaa8000..0xffffadaa8008, fpsimd false
[    7.000416] rust_kjit: kjit: pc 0xffffadaa8000: installed 532 bytes, 0 fault sites, 2 entries, text 0xffffadaa8000..0xffffadaa8008, fpsimd false
[    7.002027] rust_kjit: kjit: pc 0xffffadaa8000: installed 532 bytes, 0 fault sites, 2 entries, text 0xffffadaa8000..0xffffadaa8008, fpsimd false
[    7.003353] rust_kjit: kjit: pc 0xffffadaa8000: installed 532 bytes, 0 fault sites, 2 entries, text 0xffffadaa8000..0xffffadaa8008, fpsimd false
[    7.005132] rust_kjit: kjit: pc 0xffffadaa8000: installed 532 bytes, 0 fault sites, 2 entries, text 0xffffadaa8000..0xffffadaa8008, fpsimd false
[    7.007032] rust_kjit: kjit: pc 0xffffadaa8000: installed 532 bytes, 0 fault sites, 2 entries, text 0xffffadaa8000..0xffffadaa8008, fpsimd false
[    7.008337] rust_kjit: kjit: pc 0xffffadaa8000: installed 532 bytes, 0 fault sites, 2 entries, text 0xffffadaa8000..0xffffadaa8008, fpsimd false
[    7.010020] rust_kjit: kjit: pc 0xffffadaa8000: installed 532 bytes, 0 fault sites, 2 entries, text 0xffffadaa8000..0xffffadaa8008, fpsimd false
[    7.011730] rust_kjit: kjit: pc 0xffffadaa8000: installed 532 bytes, 0 fault sites, 2 entries, text 0xffffadaa8000..0xffffadaa8008, fpsimd false
[    7.012981] rust_kjit: kjit: pc 0xffffadaa8000: installed 532 bytes, 0 fault sites, 2 entries, text 0xffffadaa8000..0xffffadaa8008, fpsimd false
[    7.014694] rust_kjit: kjit: pc 0xffffadaa8000: installed 532 bytes, 0 fault sites, 2 entries, text 0xffffadaa8000..0xffffadaa8008, fpsimd false
[    7.016403] rust_kjit: kjit: pc 0xffffadaa8000: installed 532 bytes, 0 fault sites, 2 entries, text 0xffffadaa8000..0xffffadaa8008, fpsimd false
[    7.018237] rust_kjit: kjit: pc 0xffffadaa8000: installed 532 bytes, 0 fault sites, 2 entries, text 0xffffadaa8000..0xffffadaa8008, fpsimd false
[    7.019478] rust_kjit: kjit: pc 0xffffadaa8000: installed 532 bytes, 0 fault sites, 2 entries, text 0xffffadaa8000..0xffffadaa8008, fpsimd false
[    7.021175] rust_kjit: kjit: pc 0xffffadaa8000: installed 532 bytes, 0 fault sites, 2 entries, text 0xffffadaa8000..0xffffadaa8008, fpsimd false
[    7.023086] rust_kjit: kjit: pc 0xffffadaa8000: installed 532 bytes, 0 fault sites, 2 entries, text 0xffffadaa8000..0xffffadaa8008, fpsimd false
[    7.024798] rust_kjit: kjit: pc 0xffffadaa8000: installed 532 bytes, 0 fault sites, 2 entries, text 0xffffadaa8000..0xffffadaa8008, fpsimd false
[    7.026089] rust_kjit: kjit: pc 0xffffadaa8000: installed 532 bytes, 0 fault sites, 2 entries, text 0xffffadaa8000..0xffffadaa8008, fpsimd false
[    7.027773] rust_kjit: kjit: pc 0xffffadaa8000: installed 532 bytes, 0 fault sites, 2 entries, text 0xffffadaa8000..0xffffadaa8008, fpsimd false
[    7.029494] rust_kjit: kjit: pc 0xffffadaa8000: installed 532 bytes, 0 fault sites, 2 entries, text 0xffffadaa8000..0xffffadaa8008, fpsimd false
[    7.031029] rust_kjit: kjit: pc 0xffffadaa8000: installed 532 bytes, 0 fault sites, 2 entries, text 0xffffadaa8000..0xffffadaa8008, fpsimd false
[    7.032773] rust_kjit: kjit: pc 0xffffadaa8000: installed 532 bytes, 0 fault sites, 2 entries, text 0xffffadaa8000..0xffffadaa8008, fpsimd false
[    7.034452] rust_kjit: kjit: pc 0xffffadaa8000: installed 532 bytes, 0 fault sites, 2 entries, text 0xffffadaa8000..0xffffadaa8008, fpsimd false
[    7.035723] rust_kjit: kjit: pc 0xffffadaa8000: installed 532 bytes, 0 fault sites, 2 entries, text 0xffffadaa8000..0xffffadaa8008, fpsimd false
[    7.037453] rust_kjit: kjit: pc 0xffffadaa8000: installed 532 bytes, 0 fault sites, 2 entries, text 0xffffadaa8000..0xffffadaa8008, fpsimd false
[    7.039348] rust_kjit: kjit: pc 0xffffadaa8000: installed 532 bytes, 0 fault sites, 2 entries, text 0xffffadaa8000..0xffffadaa8008, fpsimd false
[    7.040584] rust_kjit: kjit: pc 0xffffadaa8000: installed 532 bytes, 0 fault sites, 2 entries, text 0xffffadaa8000..0xffffadaa8008, fpsimd false
[    7.042489] rust_kjit: kjit: pc 0xffffadaa8000: installed 532 bytes, 0 fault sites, 2 entries, text 0xffffadaa8000..0xffffadaa8008, fpsimd false
[    7.044238] rust_kjit: kjit: pc 0xffffadaa8000: installed 532 bytes, 0 fault sites, 2 entries, text 0xffffadaa8000..0xffffadaa8008, fpsimd false
[    7.045490] rust_kjit: kjit: pc 0xffffadaa8000: installed 532 bytes, 0 fault sites, 2 entries, text 0xffffadaa8000..0xffffadaa8008, fpsimd false
[    7.047475] rust_kjit: kjit: pc 0xffffadaa8000: installed 532 bytes, 0 fault sites, 2 entries, text 0xffffadaa8000..0xffffadaa8008, fpsimd false
[    7.049118] rust_kjit: kjit: pc 0xffffadaa8000: installed 532 bytes, 0 fault sites, 2 entries, text 0xffffadaa8000..0xffffadaa8008, fpsimd false
[    7.050511] rust_kjit: kjit: pc 0xffffadaa8000: installed 532 bytes, 0 fault sites, 2 entries, text 0xffffadaa8000..0xffffadaa8008, fpsimd false
[    7.052293] rust_kjit: kjit: pc 0xffffadaa8000: installed 532 bytes, 0 fault sites, 2 entries, text 0xffffadaa8000..0xffffadaa8008, fpsimd false
[    7.053961] rust_kjit: kjit: pc 0xffffadaa8000: installed 532 bytes, 0 fault sites, 2 entries, text 0xffffadaa8000..0xffffadaa8008, fpsimd false
[    7.055222] rust_kjit: kjit: pc 0xffffadaa8000: installed 532 bytes, 0 fault sites, 2 entries, text 0xffffadaa8000..0xffffadaa8008, fpsimd false
[    7.057049] rust_kjit: kjit: pc 0xffffadaa8000: installed 532 bytes, 0 fault sites, 2 entries, text 0xffffadaa8000..0xffffadaa8008, fpsimd false
[    7.058741] rust_kjit: kjit: pc 0xffffadaa8000: installed 532 bytes, 0 fault sites, 2 entries, text 0xffffadaa8000..0xffffadaa8008, fpsimd false
[    7.059934] rust_kjit: kjit: pc 0xffffadaa8000: installed 532 bytes, 0 fault sites, 2 entries, text 0xffffadaa8000..0xffffadaa8008, fpsimd false
[    7.061687] rust_kjit: kjit: pc 0xffffadaa8000: installed 532 bytes, 0 fault sites, 2 entries, text 0xffffadaa8000..0xffffadaa8008, fpsimd false
[    7.063341] rust_kjit: kjit: pc 0xffffadaa8000: installed 532 bytes, 0 fault sites, 2 entries, text 0xffffadaa8000..0xffffadaa8008, fpsimd false
[    7.064573] rust_kjit: kjit: pc 0xffffadaa8000: installed 532 bytes, 0 fault sites, 2 entries, text 0xffffadaa8000..0xffffadaa8008, fpsimd false
[    7.066378] rust_kjit: kjit: pc 0xffffadaa8000: installed 532 bytes, 0 fault sites, 2 entries, text 0xffffadaa8000..0xffffadaa8008, fpsimd false
[    7.068039] rust_kjit: kjit: pc 0xffffadaa8000: installed 532 bytes, 0 fault sites, 2 entries, text 0xffffadaa8000..0xffffadaa8008, fpsimd false
[    7.069361] rust_kjit: kjit: pc 0xffffadaa8000: installed 532 bytes, 0 fault sites, 2 entries, text 0xffffadaa8000..0xffffadaa8008, fpsimd false
[    7.071245] rust_kjit: kjit: pc 0xffffadaa8000: installed 532 bytes, 0 fault sites, 2 entries, text 0xffffadaa8000..0xffffadaa8008, fpsimd false
[    7.072938] rust_kjit: kjit: pc 0xffffadaa8000: installed 532 bytes, 0 fault sites, 2 entries, text 0xffffadaa8000..0xffffadaa8008, fpsimd false
[    7.074198] rust_kjit: kjit: pc 0xffffadaa8000: installed 532 bytes, 0 fault sites, 2 entries, text 0xffffadaa8000..0xffffadaa8008, fpsimd false
[    7.075927] rust_kjit: kjit: pc 0xffffadaa8000: installed 532 bytes, 0 fault sites, 2 entries, text 0xffffadaa8000..0xffffadaa8008, fpsimd false
[    7.077782] rust_kjit: kjit: pc 0xffffadaa8000: installed 532 bytes, 0 fault sites, 2 entries, text 0xffffadaa8000..0xffffadaa8008, fpsimd false
[    7.079004] rust_kjit: kjit: pc 0xffffadaa8000: installed 532 bytes, 0 fault sites, 2 entries, text 0xffffadaa8000..0xffffadaa8008, fpsimd false
[    7.080755] rust_kjit: kjit: pc 0xffffadaa8000: installed 532 bytes, 0 fault sites, 2 entries, text 0xffffadaa8000..0xffffadaa8008, fpsimd false
[    7.082495] rust_kjit: kjit: pc 0xffffadaa8000: installed 532 bytes, 0 fault sites, 2 entries, text 0xffffadaa8000..0xffffadaa8008, fpsimd false
[    7.084155] rust_kjit: kjit: pc 0xffffadaa8000: installed 532 bytes, 0 fault sites, 2 entries, text 0xffffadaa8000..0xffffadaa8008, fpsimd false
[    7.085484] rust_kjit: kjit: pc 0xffffadaa8000: installed 532 bytes, 0 fault sites, 2 entries, text 0xffffadaa8000..0xffffadaa8008, fpsimd false
[    7.087446] rust_kjit: kjit: pc 0xffffadaa8000: installed 532 bytes, 0 fault sites, 2 entries, text 0xffffadaa8000..0xffffadaa8008, fpsimd false
[    7.089191] rust_kjit: kjit: pc 0xffffadaa8000: installed 532 bytes, 0 fault sites, 2 entries, text 0xffffadaa8000..0xffffadaa8008, fpsimd false
[    7.090681] rust_kjit: kjit: pc 0xffffadaa8000: installed 532 bytes, 0 fault sites, 2 entries, text 0xffffadaa8000..0xffffadaa8008, fpsimd false
[    7.092380] rust_kjit: kjit: pc 0xffffadaa8000: installed 532 bytes, 0 fault sites, 2 entries, text 0xffffadaa8000..0xffffadaa8008, fpsimd false
[    7.094242] rust_kjit: kjit: pc 0xffffadaa8000: installed 532 bytes, 0 fault sites, 2 entries, text 0xffffadaa8000..0xffffadaa8008, fpsimd false
[    7.095477] rust_kjit: kjit: pc 0xffffadaa8000: installed 532 bytes, 0 fault sites, 2 entries, text 0xffffadaa8000..0xffffadaa8008, fpsimd false
[    7.097111] rust_kjit: kjit: pc 0xffffadaa8000: installed 532 bytes, 0 fault sites, 2 entries, text 0xffffadaa8000..0xffffadaa8008, fpsimd false
[    7.099046] rust_kjit: kjit: pc 0xffffadaa8000: installed 532 bytes, 0 fault sites, 2 entries, text 0xffffadaa8000..0xffffadaa8008, fpsimd false
[    7.100365] rust_kjit: kjit: pc 0xffffadaa8000: installed 532 bytes, 0 fault sites, 2 entries, text 0xffffadaa8000..0xffffadaa8008, fpsimd false
[    7.102072] rust_kjit: kjit: pc 0xffffadaa8000: installed 532 bytes, 0 fault sites, 2 entries, text 0xffffadaa8000..0xffffadaa8008, fpsimd false
[    7.103759] rust_kjit: kjit: pc 0xffffadaa8000: installed 532 bytes, 0 fault sites, 2 entries, text 0xffffadaa8000..0xffffadaa8008, fpsimd false
[    7.105143] rust_kjit: kjit: pc 0xffffadaa8000: installed 532 bytes, 0 fault sites, 2 entries, text 0xffffadaa8000..0xffffadaa8008, fpsimd false
[    7.107075] rust_kjit: kjit: pc 0xffffadaa8000: installed 532 bytes, 0 fault sites, 2 entries, text 0xffffadaa8000..0xffffadaa8008, fpsimd false
[    7.108721] rust_kjit: kjit: pc 0xffffadaa8000: installed 532 bytes, 0 fault sites, 2 entries, text 0xffffadaa8000..0xffffadaa8008, fpsimd false
[    7.110020] rust_kjit: kjit: pc 0xffffadaa8000: installed 532 bytes, 0 fault sites, 2 entries, text 0xffffadaa8000..0xffffadaa8008, fpsimd false
[    7.111756] rust_kjit: kjit: pc 0xffffadaa8000: installed 532 bytes, 0 fault sites, 2 entries, text 0xffffadaa8000..0xffffadaa8008, fpsimd false
[    7.113497] rust_kjit: kjit: pc 0xffffadaa8000: installed 532 bytes, 0 fault sites, 2 entries, text 0xffffadaa8000..0xffffadaa8008, fpsimd false
[    7.115378] rust_kjit: kjit: pc 0xffffadaa8000: installed 532 bytes, 0 fault sites, 2 entries, text 0xffffadaa8000..0xffffadaa8008, fpsimd false
[    7.116626] rust_kjit: kjit: pc 0xffffadaa8000: installed 532 bytes, 0 fault sites, 2 entries, text 0xffffadaa8000..0xffffadaa8008, fpsimd false
[    7.118348] rust_kjit: kjit: pc 0xffffadaa8000: installed 532 bytes, 0 fault sites, 2 entries, text 0xffffadaa8000..0xffffadaa8008, fpsimd false
[    7.120181] rust_kjit: kjit: pc 0xffffadaa8000: installed 532 bytes, 0 fault sites, 2 entries, text 0xffffadaa8000..0xffffadaa8008, fpsimd false
[    7.121963] rust_kjit: kjit: pc 0xffffadaa8000: installed 532 bytes, 0 fault sites, 2 entries, text 0xffffadaa8000..0xffffadaa8008, fpsimd false
[    7.123654] rust_kjit: kjit: pc 0xffffadaa8000: installed 532 bytes, 0 fault sites, 2 entries, text 0xffffadaa8000..0xffffadaa8008, fpsimd false
[    7.124951] rust_kjit: kjit: pc 0xffffadaa8000: installed 532 bytes, 0 fault sites, 2 entries, text 0xffffadaa8000..0xffffadaa8008, fpsimd false
[    7.126665] rust_kjit: kjit: pc 0xffffadaa8000: installed 532 bytes, 0 fault sites, 2 entries, text 0xffffadaa8000..0xffffadaa8008, fpsimd false
[    7.128409] rust_kjit: kjit: pc 0xffffadaa8000: installed 532 bytes, 0 fault sites, 2 entries, text 0xffffadaa8000..0xffffadaa8008, fpsimd false
[    7.129840] rust_kjit: kjit: pc 0xffffadaa8000: installed 532 bytes, 0 fault sites, 2 entries, text 0xffffadaa8000..0xffffadaa8008, fpsimd false
[    7.131499] rust_kjit: kjit: pc 0xffffadaa8000: installed 532 bytes, 0 fault sites, 2 entries, text 0xffffadaa8000..0xffffadaa8008, fpsimd false
[    7.133342] rust_kjit: kjit: pc 0xffffadaa8000: installed 532 bytes, 0 fault sites, 2 entries, text 0xffffadaa8000..0xffffadaa8008, fpsimd false
[    7.135271] rust_kjit: kjit: pc 0xffffadaa8000: installed 532 bytes, 0 fault sites, 2 entries, text 0xffffadaa8000..0xffffadaa8008, fpsimd false
[    7.136477] rust_kjit: kjit: pc 0xffffadaa8000: installed 532 bytes, 0 fault sites, 2 entries, text 0xffffadaa8000..0xffffadaa8008, fpsimd false
[    7.138169] rust_kjit: kjit: pc 0xffffadaa8000: installed 532 bytes, 0 fault sites, 2 entries, text 0xffffadaa8000..0xffffadaa8008, fpsimd false
[    7.139952] rust_kjit: kjit: pc 0xffffadaa8000: installed 532 bytes, 0 fault sites, 2 entries, text 0xffffadaa8000..0xffffadaa8008, fpsimd false
[    7.141255] rust_kjit: kjit: pc 0xffffadaa8000: installed 532 bytes, 0 fault sites, 2 entries, text 0xffffadaa8000..0xffffadaa8008, fpsimd false
[    7.143127] rust_kjit: kjit: pc 0xffffadaa8000: installed 532 bytes, 0 fault sites, 2 entries, text 0xffffadaa8000..0xffffadaa8008, fpsimd false
[    7.144884] rust_kjit: kjit: pc 0xffffadaa8000: installed 532 bytes, 0 fault sites, 2 entries, text 0xffffadaa8000..0xffffadaa8008, fpsimd false
[    7.146221] rust_kjit: kjit: pc 0xffffadaa8000: installed 532 bytes, 0 fault sites, 2 entries, text 0xffffadaa8000..0xffffadaa8008, fpsimd false
[    7.147843] rust_kjit: kjit: pc 0xffffadaa8000: installed 532 bytes, 0 fault sites, 2 entries, text 0xffffadaa8000..0xffffadaa8008, fpsimd false
[    7.149649] rust_kjit: kjit: pc 0xffffadaa8000: installed 532 bytes, 0 fault sites, 2 entries, text 0xffffadaa8000..0xffffadaa8008, fpsimd false
[    7.151413] rust_kjit: kjit: pc 0xffffadaa8000: installed 532 bytes, 0 fault sites, 2 entries, text 0xffffadaa8000..0xffffadaa8008, fpsimd false
[    7.152632] rust_kjit: kjit: pc 0xffffadaa8000: installed 532 bytes, 0 fault sites, 2 entries, text 0xffffadaa8000..0xffffadaa8008, fpsimd false
[    7.154280] rust_kjit: kjit: pc 0xffffadaa8000: installed 532 bytes, 0 fault sites, 2 entries, text 0xffffadaa8000..0xffffadaa8008, fpsimd false
[    7.155988] rust_kjit: kjit: pc 0xffffadaa8000: installed 532 bytes, 0 fault sites, 2 entries, text 0xffffadaa8000..0xffffadaa8008, fpsimd false
[    7.157280] rust_kjit: kjit: pc 0xffffadaa8000: installed 532 bytes, 0 fault sites, 2 entries, text 0xffffadaa8000..0xffffadaa8008, fpsimd false
[    7.159273] rust_kjit: kjit: pc 0xffffadaa8000: installed 532 bytes, 0 fault sites, 2 entries, text 0xffffadaa8000..0xffffadaa8008, fpsimd false
[    7.160959] rust_kjit: kjit: pc 0xffffadaa8000: installed 532 bytes, 0 fault sites, 2 entries, text 0xffffadaa8000..0xffffadaa8008, fpsimd false
[    7.162200] rust_kjit: kjit: pc 0xffffadaa8000: installed 532 bytes, 0 fault sites, 2 entries, text 0xffffadaa8000..0xffffadaa8008, fpsimd false
[    7.163887] rust_kjit: kjit: pc 0xffffadaa8000: installed 532 bytes, 0 fault sites, 2 entries, text 0xffffadaa8000..0xffffadaa8008, fpsimd false
[    7.165514] rust_kjit: kjit: pc 0xffffadaa8000: installed 532 bytes, 0 fault sites, 2 entries, text 0xffffadaa8000..0xffffadaa8008, fpsimd false
[    7.166963] rust_kjit: kjit: pc 0xffffadaa8000: installed 532 bytes, 0 fault sites, 2 entries, text 0xffffadaa8000..0xffffadaa8008, fpsimd false
[    7.168675] rust_kjit: kjit: pc 0xffffadaa8000: installed 532 bytes, 0 fault sites, 2 entries, text 0xffffadaa8000..0xffffadaa8008, fpsimd false
[    7.170357] rust_kjit: kjit: pc 0xffffadaa8000: installed 532 bytes, 0 fault sites, 2 entries, text 0xffffadaa8000..0xffffadaa8008, fpsimd false
[    7.171704] rust_kjit: kjit: pc 0xffffadaa8000: installed 532 bytes, 0 fault sites, 2 entries, text 0xffffadaa8000..0xffffadaa8008, fpsimd false
[    7.173438] rust_kjit: kjit: pc 0xffffadaa8000: installed 532 bytes, 0 fault sites, 2 entries, text 0xffffadaa8000..0xffffadaa8008, fpsimd false
[    7.175476] rust_kjit: kjit: pc 0xffffadaa8000: installed 532 bytes, 0 fault sites, 2 entries, text 0xffffadaa8000..0xffffadaa8008, fpsimd false
[    7.176794] rust_kjit: kjit: pc 0xffffadaa8000: installed 532 bytes, 0 fault sites, 2 entries, text 0xffffadaa8000..0xffffadaa8008, fpsimd false
[    7.178570] rust_kjit: kjit: pc 0xffffadaa8000: installed 532 bytes, 0 fault sites, 2 entries, text 0xffffadaa8000..0xffffadaa8008, fpsimd false
[    7.180224] rust_kjit: kjit: pc 0xffffadaa8000: installed 532 bytes, 0 fault sites, 2 entries, text 0xffffadaa8000..0xffffadaa8008, fpsimd false
[    7.181407] rust_kjit: kjit: pc 0xffffadaa8000: installed 532 bytes, 0 fault sites, 2 entries, text 0xffffadaa8000..0xffffadaa8008, fpsimd false
[    7.183464] rust_kjit: kjit: pc 0xffffadaa8000: installed 532 bytes, 0 fault sites, 2 entries, text 0xffffadaa8000..0xffffadaa8008, fpsimd false
[    7.185144] rust_kjit: kjit: pc 0xffffadaa8000: installed 532 bytes, 0 fault sites, 2 entries, text 0xffffadaa8000..0xffffadaa8008, fpsimd false
[    7.186457] rust_kjit: kjit: pc 0xffffadaa8000: installed 532 bytes, 0 fault sites, 2 entries, text 0xffffadaa8000..0xffffadaa8008, fpsimd false
[    7.188172] rust_kjit: kjit: pc 0xffffadaa8000: installed 532 bytes, 0 fault sites, 2 entries, text 0xffffadaa8000..0xffffadaa8008, fpsimd false
[    7.189897] rust_kjit: kjit: pc 0xffffadaa8000: installed 532 bytes, 0 fault sites, 2 entries, text 0xffffadaa8000..0xffffadaa8008, fpsimd false
[    7.191164] rust_kjit: kjit: pc 0xffffadaa8000: installed 532 bytes, 0 fault sites, 2 entries, text 0xffffadaa8000..0xffffadaa8008, fpsimd false
[    7.192873] rust_kjit: kjit: pc 0xffffadaa8000: installed 532 bytes, 0 fault sites, 2 entries, text 0xffffadaa8000..0xffffadaa8008, fpsimd false
[    7.194606] rust_kjit: kjit: pc 0xffffadaa8000: installed 532 bytes, 0 fault sites, 2 entries, text 0xffffadaa8000..0xffffadaa8008, fpsimd false
[    7.195894] rust_kjit: kjit: pc 0xffffadaa8000: installed 532 bytes, 0 fault sites, 2 entries, text 0xffffadaa8000..0xffffadaa8008, fpsimd false
[    7.197668] rust_kjit: kjit: pc 0xffffadaa8000: installed 532 bytes, 0 fault sites, 2 entries, text 0xffffadaa8000..0xffffadaa8008, fpsimd false
[    7.199445] rust_kjit: kjit: pc 0xffffadaa8000: installed 532 bytes, 0 fault sites, 2 entries, text 0xffffadaa8000..0xffffadaa8008, fpsimd false
[    7.200733] rust_kjit: kjit: pc 0xffffadaa8000: installed 532 bytes, 0 fault sites, 2 entries, text 0xffffadaa8000..0xffffadaa8008, fpsimd false
[    7.202512] rust_kjit: kjit: pc 0xffffadaa8000: installed 532 bytes, 0 fault sites, 2 entries, text 0xffffadaa8000..0xffffadaa8008, fpsimd false
[    7.204187] rust_kjit: kjit: pc 0xffffadaa8000: installed 532 bytes, 0 fault sites, 2 entries, text 0xffffadaa8000..0xffffadaa8008, fpsimd false
[    7.205489] rust_kjit: kjit: pc 0xffffadaa8000: installed 532 bytes, 0 fault sites, 2 entries, text 0xffffadaa8000..0xffffadaa8008, fpsimd false
[    7.207428] rust_kjit: kjit: pc 0xffffadaa8000: installed 532 bytes, 0 fault sites, 2 entries, text 0xffffadaa8000..0xffffadaa8008, fpsimd false
[    7.208709] rust_kjit: kjit: pc 0xffffadaa8000: installed 532 bytes, 0 fault sites, 2 entries, text 0xffffadaa8000..0xffffadaa8008, fpsimd false
[    7.210484] rust_kjit: kjit: pc 0xffffadaa8000: installed 532 bytes, 0 fault sites, 2 entries, text 0xffffadaa8000..0xffffadaa8008, fpsimd false
[    7.212334] rust_kjit: kjit: pc 0xffffadaa8000: installed 532 bytes, 0 fault sites, 2 entries, text 0xffffadaa8000..0xffffadaa8008, fpsimd false
[    7.213722] rust_kjit: kjit: pc 0xffffadaa8000: installed 532 bytes, 0 fault sites, 2 entries, text 0xffffadaa8000..0xffffadaa8008, fpsimd false
[    7.215500] rust_kjit: kjit: pc 0xffffadaa8000: installed 532 bytes, 0 fault sites, 2 entries, text 0xffffadaa8000..0xffffadaa8008, fpsimd false
[    7.217271] rust_kjit: kjit: pc 0xffffadaa8000: installed 532 bytes, 0 fault sites, 2 entries, text 0xffffadaa8000..0xffffadaa8008, fpsimd false
[    7.219109] rust_kjit: kjit: pc 0xffffadaa8000: installed 532 bytes, 0 fault sites, 2 entries, text 0xffffadaa8000..0xffffadaa8008, fpsimd false
[    7.220446] rust_kjit: kjit: pc 0xffffadaa8000: installed 532 bytes, 0 fault sites, 2 entries, text 0xffffadaa8000..0xffffadaa8008, fpsimd false
[    7.222216] rust_kjit: kjit: pc 0xffffadaa8000: installed 532 bytes, 0 fault sites, 2 entries, text 0xffffadaa8000..0xffffadaa8008, fpsimd false
[    7.223865] rust_kjit: kjit: pc 0xffffadaa8000: installed 532 bytes, 0 fault sites, 2 entries, text 0xffffadaa8000..0xffffadaa8008, fpsimd false
[    7.225054] rust_kjit: kjit: pc 0xffffadaa8000: installed 532 bytes, 0 fault sites, 2 entries, text 0xffffadaa8000..0xffffadaa8008, fpsimd false
[    7.226995] rust_kjit: kjit: pc 0xffffadaa8000: installed 532 bytes, 0 fault sites, 2 entries, text 0xffffadaa8000..0xffffadaa8008, fpsimd false
[    7.228641] rust_kjit: kjit: pc 0xffffadaa8000: installed 532 bytes, 0 fault sites, 2 entries, text 0xffffadaa8000..0xffffadaa8008, fpsimd false
[    7.230333] rust_kjit: kjit: pc 0xffffadaa8000: installed 532 bytes, 0 fault sites, 2 entries, text 0xffffadaa8000..0xffffadaa8008, fpsimd false
[    7.232073] rust_kjit: kjit: pc 0xffffadaa8000: installed 532 bytes, 0 fault sites, 2 entries, text 0xffffadaa8000..0xffffadaa8008, fpsimd false
[    7.233865] rust_kjit: kjit: pc 0xffffadaa8000: installed 532 bytes, 0 fault sites, 2 entries, text 0xffffadaa8000..0xffffadaa8008, fpsimd false
[    7.235569] rust_kjit: kjit: pc 0xffffadaa8000: installed 532 bytes, 0 fault sites, 2 entries, text 0xffffadaa8000..0xffffadaa8008, fpsimd false
[    7.236912] rust_kjit: kjit: pc 0xffffadaa8000: installed 532 bytes, 0 fault sites, 2 entries, text 0xffffadaa8000..0xffffadaa8008, fpsimd false
[    7.238674] rust_kjit: kjit: pc 0xffffadaa8000: installed 532 bytes, 0 fault sites, 2 entries, text 0xffffadaa8000..0xffffadaa8008, fpsimd false
[    7.240394] rust_kjit: kjit: pc 0xffffadaa8000: installed 532 bytes, 0 fault sites, 2 entries, text 0xffffadaa8000..0xffffadaa8008, fpsimd false
[    7.241698] rust_kjit: kjit: pc 0xffffadaa8000: installed 532 bytes, 0 fault sites, 2 entries, text 0xffffadaa8000..0xffffadaa8008, fpsimd false
[    7.243406] rust_kjit: kjit: pc 0xffffadaa8000: installed 532 bytes, 0 fault sites, 2 entries, text 0xffffadaa8000..0xffffadaa8008, fpsimd false
[    7.245096] rust_kjit: kjit: pc 0xffffadaa8000: installed 532 bytes, 0 fault sites, 2 entries, text 0xffffadaa8000..0xffffadaa8008, fpsimd false
[    7.246484] rust_kjit: kjit: pc 0xffffadaa8000: installed 532 bytes, 0 fault sites, 2 entries, text 0xffffadaa8000..0xffffadaa8008, fpsimd false
[    7.248240] rust_kjit: kjit: pc 0xffffadaa8000: installed 532 bytes, 0 fault sites, 2 entries, text 0xffffadaa8000..0xffffadaa8008, fpsimd false
[    7.249955] rust_kjit: kjit: pc 0xffffadaa8000: installed 532 bytes, 0 fault sites, 2 entries, text 0xffffadaa8000..0xffffadaa8008, fpsimd false
[    7.251228] rust_kjit: kjit: pc 0xffffadaa8000: installed 532 bytes, 0 fault sites, 2 entries, text 0xffffadaa8000..0xffffadaa8008, fpsimd false
[    7.252930] rust_kjit: kjit: pc 0xffffadaa8000: installed 532 bytes, 0 fault sites, 2 entries, text 0xffffadaa8000..0xffffadaa8008, fpsimd false
[    7.254658] rust_kjit: kjit: pc 0xffffadaa8000: installed 532 bytes, 0 fault sites, 2 entries, text 0xffffadaa8000..0xffffadaa8008, fpsimd false
[    7.256499] rust_kjit: kjit: pc 0xffffadaa8000: installed 532 bytes, 0 fault sites, 2 entries, text 0xffffadaa8000..0xffffadaa8008, fpsimd false
[    7.257766] rust_kjit: kjit: pc 0xffffadaa8000: installed 532 bytes, 0 fault sites, 2 entries, text 0xffffadaa8000..0xffffadaa8008, fpsimd false
[    7.259540] rust_kjit: kjit: pc 0xffffadaa8000: installed 532 bytes, 0 fault sites, 2 entries, text 0xffffadaa8000..0xffffadaa8008, fpsimd false
[    7.261270] rust_kjit: kjit: pc 0xffffadaa8000: installed 532 bytes, 0 fault sites, 2 entries, text 0xffffadaa8000..0xffffadaa8008, fpsimd false
[    7.263181] rust_kjit: kjit: pc 0xffffadaa8000: installed 532 bytes, 0 fault sites, 2 entries, text 0xffffadaa8000..0xffffadaa8008, fpsimd false
[    7.264396] rust_kjit: kjit: pc 0xffffadaa8000: installed 532 bytes, 0 fault sites, 2 entries, text 0xffffadaa8000..0xffffadaa8008, fpsimd false
[    7.266190] rust_kjit: kjit: pc 0xffffadaa8000: installed 532 bytes, 0 fault sites, 2 entries, text 0xffffadaa8000..0xffffadaa8008, fpsimd false
[    7.267886] rust_kjit: kjit: pc 0xffffadaa8000: installed 532 bytes, 0 fault sites, 2 entries, text 0xffffadaa8000..0xffffadaa8008, fpsimd false
[    7.269534] rust_kjit: kjit: pc 0xffffadaa8000: installed 532 bytes, 0 fault sites, 2 entries, text 0xffffadaa8000..0xffffadaa8008, fpsimd false
[    7.271014] rust_kjit: kjit: pc 0xffffadaa8000: installed 532 bytes, 0 fault sites, 2 entries, text 0xffffadaa8000..0xffffadaa8008, fpsimd false
[    7.272790] rust_kjit: kjit: pc 0xffffadaa8000: installed 532 bytes, 0 fault sites, 2 entries, text 0xffffadaa8000..0xffffadaa8008, fpsimd false
[    7.274514] rust_kjit: kjit: pc 0xffffadaa8000: installed 532 bytes, 0 fault sites, 2 entries, text 0xffffadaa8000..0xffffadaa8008, fpsimd false
[    7.276277] rust_kjit: kjit: pc 0xffffadaa8000: installed 532 bytes, 0 fault sites, 2 entries, text 0xffffadaa8000..0xffffadaa8008, fpsimd false
[    7.277956] rust_kjit: kjit: pc 0xffffadaa8000: installed 532 bytes, 0 fault sites, 2 entries, text 0xffffadaa8000..0xffffadaa8008, fpsimd false
[    7.279677] rust_kjit: kjit: pc 0xffffadaa8000: installed 532 bytes, 0 fault sites, 2 entries, text 0xffffadaa8000..0xffffadaa8008, fpsimd false
[    7.281412] rust_kjit: kjit: pc 0xffffadaa8000: installed 532 bytes, 0 fault sites, 2 entries, text 0xffffadaa8000..0xffffadaa8008, fpsimd false
[    7.283325] rust_kjit: kjit: pc 0xffffadaa8000: installed 532 bytes, 0 fault sites, 2 entries, text 0xffffadaa8000..0xffffadaa8008, fpsimd false
[    7.284965] rust_kjit: kjit: pc 0xffffadaa8000: installed 532 bytes, 0 fault sites, 2 entries, text 0xffffadaa8000..0xffffadaa8008, fpsimd false
[    7.286801] rust_kjit: kjit: pc 0xffffadaa8000: installed 532 bytes, 0 fault sites, 2 entries, text 0xffffadaa8000..0xffffadaa8008, fpsimd false
[    7.288550] rust_kjit: kjit: pc 0xffffadaa8000: installed 532 bytes, 0 fault sites, 2 entries, text 0xffffadaa8000..0xffffadaa8008, fpsimd false
[    7.290359] rust_kjit: kjit: pc 0xffffadaa8000: installed 532 bytes, 0 fault sites, 2 entries, text 0xffffadaa8000..0xffffadaa8008, fpsimd false
[    7.292081] rust_kjit: kjit: pc 0xffffadaa8000: installed 532 bytes, 0 fault sites, 2 entries, text 0xffffadaa8000..0xffffadaa8008, fpsimd false
[    7.293268] rust_kjit: kjit: pc 0xffffadaa8000: installed 532 bytes, 0 fault sites, 2 entries, text 0xffffadaa8000..0xffffadaa8008, fpsimd false
[    7.295164] rust_kjit: kjit: pc 0xffffadaa8000: installed 532 bytes, 0 fault sites, 2 entries, text 0xffffadaa8000..0xffffadaa8008, fpsimd false
[    7.296985] rust_kjit: kjit: pc 0xffffadaa8000: installed 532 bytes, 0 fault sites, 2 entries, text 0xffffadaa8000..0xffffadaa8008, fpsimd false
[    7.298228] rust_kjit: kjit: pc 0xffffadaa8000: installed 532 bytes, 0 fault sites, 2 entries, text 0xffffadaa8000..0xffffadaa8008, fpsimd false
[    7.300004] rust_kjit: kjit: pc 0xffffadaa8000: installed 532 bytes, 0 fault sites, 2 entries, text 0xffffadaa8000..0xffffadaa8008, fpsimd false
[    7.301838] rust_kjit: kjit: pc 0xffffadaa8000: installed 532 bytes, 0 fault sites, 2 entries, text 0xffffadaa8000..0xffffadaa8008, fpsimd false
[    7.303544] rust_kjit: kjit: pc 0xffffadaa8000: installed 532 bytes, 0 fault sites, 2 entries, text 0xffffadaa8000..0xffffadaa8008, fpsimd false
[    7.305081] rust_kjit: kjit: pc 0xffffadaa8000: installed 532 bytes, 0 fault sites, 2 entries, text 0xffffadaa8000..0xffffadaa8008, fpsimd false
[    7.307000] rust_kjit: kjit: pc 0xffffadaa8000: installed 532 bytes, 0 fault sites, 2 entries, text 0xffffadaa8000..0xffffadaa8008, fpsimd false
[    7.308687] rust_kjit: kjit: pc 0xffffadaa8000: installed 532 bytes, 0 fault sites, 2 entries, text 0xffffadaa8000..0xffffadaa8008, fpsimd false
[    7.309916] rust_kjit: kjit: pc 0xffffadaa8000: installed 532 bytes, 0 fault sites, 2 entries, text 0xffffadaa8000..0xffffadaa8008, fpsimd false
[    7.311731] rust_kjit: kjit: pc 0xffffadaa8000: installed 532 bytes, 0 fault sites, 2 entries, text 0xffffadaa8000..0xffffadaa8008, fpsimd false
[    7.313535] rust_kjit: kjit: pc 0xffffadaa8000: installed 532 bytes, 0 fault sites, 2 entries, text 0xffffadaa8000..0xffffadaa8008, fpsimd false
[    7.314946] rust_kjit: kjit: pc 0xffffadaa8000: installed 532 bytes, 0 fault sites, 2 entries, text 0xffffadaa8000..0xffffadaa8008, fpsimd false
[    7.316653] rust_kjit: kjit: pc 0xffffadaa8000: installed 532 bytes, 0 fault sites, 2 entries, text 0xffffadaa8000..0xffffadaa8008, fpsimd false
[    7.318627] rust_kjit: kjit: pc 0xffffadaa8000: installed 532 bytes, 0 fault sites, 2 entries, text 0xffffadaa8000..0xffffadaa8008, fpsimd false
[    7.320296] rust_kjit: kjit: pc 0xffffadaa8000: installed 532 bytes, 0 fault sites, 2 entries, text 0xffffadaa8000..0xffffadaa8008, fpsimd false
[    7.322114] rust_kjit: kjit: pc 0xffffadaa8000: installed 532 bytes, 0 fault sites, 2 entries, text 0xffffadaa8000..0xffffadaa8008, fpsimd false
[    7.323816] rust_kjit: kjit: pc 0xffffadaa8000: installed 532 bytes, 0 fault sites, 2 entries, text 0xffffadaa8000..0xffffadaa8008, fpsimd false
[    7.325530] rust_kjit: kjit: pc 0xffffadaa8000: installed 532 bytes, 0 fault sites, 2 entries, text 0xffffadaa8000..0xffffadaa8008, fpsimd false
[    7.327590] rust_kjit: kjit: pc 0xffffadaa8000: installed 532 bytes, 0 fault sites, 2 entries, text 0xffffadaa8000..0xffffadaa8008, fpsimd false
[    7.329323] rust_kjit: kjit: pc 0xffffadaa8000: installed 532 bytes, 0 fault sites, 2 entries, text 0xffffadaa8000..0xffffadaa8008, fpsimd false
[    7.331248] rust_kjit: kjit: pc 0xffffadaa8000: installed 532 bytes, 0 fault sites, 2 entries, text 0xffffadaa8000..0xffffadaa8008, fpsimd false
[    7.333064] rust_kjit: kjit: pc 0xffffadaa8000: installed 532 bytes, 0 fault sites, 2 entries, text 0xffffadaa8000..0xffffadaa8008, fpsimd false
[    7.334747] rust_kjit: kjit: pc 0xffffadaa8000: installed 532 bytes, 0 fault sites, 2 entries, text 0xffffadaa8000..0xffffadaa8008, fpsimd false
[    7.336391] rust_kjit: kjit: pc 0xffffadaa8000: installed 532 bytes, 0 fault sites, 2 entries, text 0xffffadaa8000..0xffffadaa8008, fpsimd false
[    7.338133] rust_kjit: kjit: pc 0xffffadaa8000: installed 532 bytes, 0 fault sites, 2 entries, text 0xffffadaa8000..0xffffadaa8008, fpsimd false
[    7.340024] rust_kjit: kjit: pc 0xffffadaa8000: installed 532 bytes, 0 fault sites, 2 entries, text 0xffffadaa8000..0xffffadaa8008, fpsimd false
[    7.341832] rust_kjit: kjit: pc 0xffffadaa8000: installed 532 bytes, 0 fault sites, 2 entries, text 0xffffadaa8000..0xffffadaa8008, fpsimd false
[    7.343695] rust_kjit: kjit: pc 0xffffadaa8000: installed 532 bytes, 0 fault sites, 2 entries, text 0xffffadaa8000..0xffffadaa8008, fpsimd false
[    7.345401] rust_kjit: kjit: pc 0xffffadaa8000: installed 532 bytes, 0 fault sites, 2 entries, text 0xffffadaa8000..0xffffadaa8008, fpsimd false
[    7.347697] rust_kjit: kjit: pc 0xffffadaa8000: installed 532 bytes, 0 fault sites, 2 entries, text 0xffffadaa8000..0xffffadaa8008, fpsimd false
[    7.349011] rust_kjit: kjit: pc 0xffffadaa8000: installed 532 bytes, 0 fault sites, 2 entries, text 0xffffadaa8000..0xffffadaa8008, fpsimd false
[    7.350847] rust_kjit: kjit: pc 0xffffadaa8000: installed 532 bytes, 0 fault sites, 2 entries, text 0xffffadaa8000..0xffffadaa8008, fpsimd false
[    7.352630] rust_kjit: kjit: pc 0xffffadaa8000: installed 532 bytes, 0 fault sites, 2 entries, text 0xffffadaa8000..0xffffadaa8008, fpsimd false
[    7.354611] rust_kjit: kjit: pc 0xffffadaa8000: installed 532 bytes, 0 fault sites, 2 entries, text 0xffffadaa8000..0xffffadaa8008, fpsimd false
[    7.355889] rust_kjit: kjit: pc 0xffffadaa8000: installed 532 bytes, 0 fault sites, 2 entries, text 0xffffadaa8000..0xffffadaa8008, fpsimd false
[    7.357706] rust_kjit: kjit: pc 0xffffadaa8000: installed 532 bytes, 0 fault sites, 2 entries, text 0xffffadaa8000..0xffffadaa8008, fpsimd false
[    7.359919] rust_kjit: kjit: pc 0xffffadaa8000: installed 532 bytes, 0 fault sites, 2 entries, text 0xffffadaa8000..0xffffadaa8008, fpsimd false
[    7.361260] rust_kjit: kjit: pc 0xffffadaa8000: installed 532 bytes, 0 fault sites, 2 entries, text 0xffffadaa8000..0xffffadaa8008, fpsimd false
[    7.363146] rust_kjit: kjit: pc 0xffffadaa8000: installed 532 bytes, 0 fault sites, 2 entries, text 0xffffadaa8000..0xffffadaa8008, fpsimd false
[    7.365132] rust_kjit: kjit: pc 0xffffadaa8000: installed 532 bytes, 0 fault sites, 2 entries, text 0xffffadaa8000..0xffffadaa8008, fpsimd false
[    7.367080] rust_kjit: kjit: pc 0xffffadaa8000: installed 532 bytes, 0 fault sites, 2 entries, text 0xffffadaa8000..0xffffadaa8008, fpsimd false
[    7.368392] rust_kjit: kjit: pc 0xffffadaa8000: installed 532 bytes, 0 fault sites, 2 entries, text 0xffffadaa8000..0xffffadaa8008, fpsimd false
[    7.370166] rust_kjit: kjit: pc 0xffffadaa8000: installed 532 bytes, 0 fault sites, 2 entries, text 0xffffadaa8000..0xffffadaa8008, fpsimd false
[    7.372174] rust_kjit: kjit: pc 0xffffadaa8000: installed 532 bytes, 0 fault sites, 2 entries, text 0xffffadaa8000..0xffffadaa8008, fpsimd false
[    7.373681] rust_kjit: kjit: pc 0xffffadaa8000: installed 532 bytes, 0 fault sites, 2 entries, text 0xffffadaa8000..0xffffadaa8008, fpsimd false
[    7.375660] rust_kjit: kjit: pc 0xffffadaa8000: installed 532 bytes, 0 fault sites, 2 entries, text 0xffffadaa8000..0xffffadaa8008, fpsimd false
[    7.377371] rust_kjit: kjit: pc 0xffffadaa8000: installed 532 bytes, 0 fault sites, 2 entries, text 0xffffadaa8000..0xffffadaa8008, fpsimd false
[    7.379409] rust_kjit: kjit: pc 0xffffadaa8000: installed 532 bytes, 0 fault sites, 2 entries, text 0xffffadaa8000..0xffffadaa8008, fpsimd false
[    7.381381] rust_kjit: kjit: pc 0xffffadaa8000: installed 532 bytes, 0 fault sites, 2 entries, text 0xffffadaa8000..0xffffadaa8008, fpsimd false
[    7.383395] rust_kjit: kjit: pc 0xffffadaa8000: installed 532 bytes, 0 fault sites, 2 entries, text 0xffffadaa8000..0xffffadaa8008, fpsimd false
[    7.384697] rust_kjit: kjit: pc 0xffffadaa8000: installed 532 bytes, 0 fault sites, 2 entries, text 0xffffadaa8000..0xffffadaa8008, fpsimd false
[    7.386533] rust_kjit: kjit: pc 0xffffadaa8000: installed 532 bytes, 0 fault sites, 2 entries, text 0xffffadaa8000..0xffffadaa8008, fpsimd false
[    7.388290] rust_kjit: kjit: pc 0xffffadaa8000: installed 532 bytes, 0 fault sites, 2 entries, text 0xffffadaa8000..0xffffadaa8008, fpsimd false
[    7.389849] rust_kjit: kjit: pc 0xffffadaa8000: installed 532 bytes, 0 fault sites, 2 entries, text 0xffffadaa8000..0xffffadaa8008, fpsimd false
[    7.391696] rust_kjit: kjit: pc 0xffffadaa8000: installed 532 bytes, 0 fault sites, 2 entries, text 0xffffadaa8000..0xffffadaa8008, fpsimd false
[    7.393775] rust_kjit: kjit: pc 0xffffadaa8000: installed 532 bytes, 0 fault sites, 2 entries, text 0xffffadaa8000..0xffffadaa8008, fpsimd false
[    7.395149] rust_kjit: kjit: pc 0xffffadaa8000: installed 532 bytes, 0 fault sites, 2 entries, text 0xffffadaa8000..0xffffadaa8008, fpsimd false
[    7.396979] rust_kjit: kjit: pc 0xffffadaa8000: installed 532 bytes, 0 fault sites, 2 entries, text 0xffffadaa8000..0xffffadaa8008, fpsimd false
[    7.398724] rust_kjit: kjit: pc 0xffffadaa8000: installed 532 bytes, 0 fault sites, 2 entries, text 0xffffadaa8000..0xffffadaa8008, fpsimd false
[    7.400345] rust_kjit: kjit: pc 0xffffadaa8000: installed 532 bytes, 0 fault sites, 2 entries, text 0xffffadaa8000..0xffffadaa8008, fpsimd false
[    7.402326] rust_kjit: kjit: pc 0xffffadaa8000: installed 532 bytes, 0 fault sites, 2 entries, text 0xffffadaa8000..0xffffadaa8008, fpsimd false
[    7.403648] rust_kjit: kjit: pc 0xffffadaa8000: installed 532 bytes, 0 fault sites, 2 entries, text 0xffffadaa8000..0xffffadaa8008, fpsimd false
[    7.405387] rust_kjit: kjit: pc 0xffffadaa8000: installed 532 bytes, 0 fault sites, 2 entries, text 0xffffadaa8000..0xffffadaa8008, fpsimd false
[    7.407502] rust_kjit: kjit: pc 0xffffadaa8000: installed 532 bytes, 0 fault sites, 2 entries, text 0xffffadaa8000..0xffffadaa8008, fpsimd false
[    7.409204] rust_kjit: kjit: pc 0xffffadaa8000: installed 532 bytes, 0 fault sites, 2 entries, text 0xffffadaa8000..0xffffadaa8008, fpsimd false
[    7.410661] rust_kjit: kjit: pc 0xffffadaa8000: installed 532 bytes, 0 fault sites, 2 entries, text 0xffffadaa8000..0xffffadaa8008, fpsimd false
[    7.412535] rust_kjit: kjit: pc 0xffffadaa8000: installed 532 bytes, 0 fault sites, 2 entries, text 0xffffadaa8000..0xffffadaa8008, fpsimd false
[    7.414524] rust_kjit: kjit: pc 0xffffadaa8000: installed 532 bytes, 0 fault sites, 2 entries, text 0xffffadaa8000..0xffffadaa8008, fpsimd false
[    7.415798] rust_kjit: kjit: pc 0xffffadaa8000: installed 532 bytes, 0 fault sites, 2 entries, text 0xffffadaa8000..0xffffadaa8008, fpsimd false
[    7.418330] rust_kjit: kjit: pc 0xffffadaa8000: installed 532 bytes, 0 fault sites, 2 entries, text 0xffffadaa8000..0xffffadaa8008, fpsimd false
[    7.419674] rust_kjit: kjit: pc 0xffffadaa8000: installed 532 bytes, 0 fault sites, 2 entries, text 0xffffadaa8000..0xffffadaa8008, fpsimd false
[    7.421311] rust_kjit: kjit: pc 0xffffadaa8000: installed 532 bytes, 0 fault sites, 2 entries, text 0xffffadaa8000..0xffffadaa8008, fpsimd false
k2:   link_race storm: in_kernel=1322218 entries=2831922 exit_mem=0 exit_budget=0 exit_unsupported=0 fpsimd_entries=1 fpsimd_preempted=0 fpsimd_exit_mem=0
k2:   link_race: storm: entries=2831922 invalidated=1126 ibtc_clear=2250
k2:   link_race: steady: 2004 fragment entries for 2000 rounds of 256 calls
[    7.519757] kjit: translate_svc_sites pid 176: 2 text ranges, 112 svc sites
[    7.853281] kjit: translate_svc_sites pid 177: 2 text ranges, 112 svc sites
k2:   signal_loop: in_kernel=399968 entries=400038 exit_mem=0 exit_budget=0 exit_unsupported=0 fpsimd_entries=0 fpsimd_preempted=0 fpsimd_exit_mem=0
k2:   signal_loop: 103 alarms handled
[    8.047074] kjit: translate_svc_sites pid 183: 2 text ranges, 112 svc sites
[    8.201485] kjit: translate_svc_sites pid 184: 2 text ranges, 112 svc sites
k2:   fp_loop: in_kernel=39990 entries=40027 exit_mem=0 exit_budget=0 exit_unsupported=0 fpsimd_entries=39991 fpsimd_preempted=0 fpsimd_exit_mem=0
[    8.379051] kjit: translate_svc_sites pid 189: 2 text ranges, 111 svc sites
[    8.586484] kjit: translate_svc_sites pid 191: 2 text ranges, 111 svc sites
k2:   fp_regs: in_kernel=199951 entries=199988 exit_mem=0 exit_budget=0 exit_unsupported=1 fpsimd_entries=199952 fpsimd_preempted=0 fpsimd_exit_mem=0
[    8.836322] kjit: translate_svc_sites pid 197: 2 text ranges, 119 svc sites
[    8.837697] kjit: translate_svc_sites pid 196: 2 text ranges, 119 svc sites
[    9.140690] kjit: translate_svc_sites pid 199: 2 text ranges, 119 svc sites
[    9.144400] kjit: translate_svc_sites pid 198: 2 text ranges, 119 svc sites
k2:   fp_switch: in_kernel=79980 entries=79995 exit_mem=0 exit_budget=0 exit_unsupported=2 fpsimd_entries=79982 fpsimd_preempted=0 fpsimd_exit_mem=0
[    9.374566] kjit: translate_svc_sites pid 204: 2 text ranges, 112 svc sites
[    9.708716] kjit: translate_svc_sites pid 205: 2 text ranges, 112 svc sites
k2:   fp_signal: in_kernel=399850 entries=400038 exit_mem=0 exit_budget=0 exit_unsupported=1 fpsimd_entries=400000 fpsimd_preempted=0 fpsimd_exit_mem=0
k2:   fp_signal: 206 alarms handled
[   10.000491] kjit: translate_svc_sites pid 213: 2 text ranges, 114 svc sites
[   10.080807] kjit: translate_svc_sites pid 214: 2 text ranges, 114 svc sites
[   10.170872] kjit: translate_svc_sites pid 224: 2 text ranges, 114 svc sites
[   10.247803] kjit: translate_svc_sites pid 225: 2 text ranges, 114 svc sites
[   10.339126] kjit: translate_svc_sites pid 235: 2 text ranges, 114 svc sites
[   10.420265] kjit: translate_svc_sites pid 236: 2 text ranges, 114 svc sites
[   10.510971] kjit: translate_svc_sites pid 246: 2 text ranges, 114 svc sites
[   10.589913] kjit: translate_svc_sites pid 247: 2 text ranges, 114 svc sites
k2:   fp_fault demand: in_kernel=511 entries=1060 exit_mem=512 exit_budget=0 exit_unsupported=0 fpsimd_entries=1024 fpsimd_preempted=0 fpsimd_exit_mem=512
[   10.699778] kjit: translate_svc_sites pid 259: 2 text ranges, 115 svc sites
[   10.713249] kjit: translate_svc_sites pid 258: 2 text ranges, 115 svc sites
[   10.714605] kjit: translate_svc_sites pid 257: 2 text ranges, 115 svc sites
[   10.827116] kjit: translate_svc_sites pid 264: 2 text ranges, 115 svc sites
[   10.832159] kjit: translate_svc_sites pid 261: 2 text ranges, 115 svc sites
[   10.858143] kjit: translate_svc_sites pid 260: 2 text ranges, 115 svc sites
[   10.919975] kjit: translate_svc_sites pid 262: 2 text ranges, 115 svc sites
[   10.922391] kjit: translate_svc_sites pid 263: 2 text ranges, 115 svc sites
[   11.111714] kjit: translate_svc_sites pid 268: 2 text ranges, 115 svc sites
[   11.170237] kjit: translate_svc_sites pid 267: 2 text ranges, 115 svc sites
[   11.182866] kjit: translate_svc_sites pid 266: 2 text ranges, 115 svc sites
[   11.184075] kjit: translate_svc_sites pid 272: 2 text ranges, 115 svc sites
[   11.185785] kjit: translate_svc_sites pid 273: 2 text ranges, 115 svc sites
[   11.210398] kjit: translate_svc_sites pid 269: 2 text ranges, 115 svc sites
[   11.211564] kjit: translate_svc_sites pid 270: 2 text ranges, 115 svc sites
[   11.215428] kjit: translate_svc_sites pid 271: 2 text ranges, 115 svc sites
k2:   fp_preempt: in_kernel=15981 entries=16023 exit_mem=0 exit_budget=0 exit_unsupported=0 fpsimd_entries=16000 fpsimd_preempted=54 fpsimd_exit_mem=0
k2:   fp_preempt: 54 brackets switched out
[   12.574568] kjit: translate_svc_sites pid 285: 2 text ranges, 115 svc sites
[   12.644602] kjit: translate_svc_sites pid 289: 2 text ranges, 115 svc sites
[   12.694368] kjit: translate_svc_sites pid 282: 2 text ranges, 115 svc sites
[   12.712968] kjit: translate_svc_sites pid 290: 2 text ranges, 115 svc sites
[   12.806466] kjit: translate_svc_sites pid 286: 2 text ranges, 115 svc sites
[   12.866720] kjit: translate_svc_sites pid 287: 2 text ranges, 115 svc sites
[   12.878955] kjit: translate_svc_sites pid 283: 2 text ranges, 115 svc sites
[   12.911881] kjit: translate_svc_sites pid 284: 2 text ranges, 115 svc sites
[   15.765774] kjit: translate_svc_sites pid 314: 2 text ranges, 115 svc sites
[   15.886203] kjit: translate_svc_sites pid 313: 2 text ranges, 115 svc sites
[   15.891410] kjit: translate_svc_sites pid 312: 2 text ranges, 115 svc sites
[   15.912340] kjit: translate_svc_sites pid 309: 2 text ranges, 115 svc sites
[   15.997742] kjit: translate_svc_sites pid 316: 2 text ranges, 115 svc sites
[   16.018915] kjit: translate_svc_sites pid 315: 2 text ranges, 115 svc sites
[   16.023517] kjit: translate_svc_sites pid 310: 2 text ranges, 115 svc sites
[   16.051944] kjit: translate_svc_sites pid 311: 2 text ranges, 115 svc sites
k2:   fp_preempt: in_kernel=15979 entries=16022 exit_mem=0 exit_budget=0 exit_unsupported=0 fpsimd_entries=16000 fpsimd_preempted=336 fpsimd_exit_mem=0
k2:   fp_preempt_noise: 27058 NEON softirq rounds interrupted a bracket
[   17.343077] kjit: translate_svc_sites pid 329: 2 text ranges, 167 svc sites
[   17.529865] kjit: translate_svc_sites pid 331: 2 text ranges, 167 svc sites
k2:   fp_stale: in_kernel=300 entries=2759 exit_mem=0 exit_budget=0 exit_unsupported=0 fpsimd_entries=301 fpsimd_preempted=0 fpsimd_exit_mem=0
k2:   lat cpus=4 samples=8000 interval_us=1000 p50_us=39.8 p99_us=142.4 p999_us=223.1 max_us=314.4 gt100us=461 gt1ms=0 gt5ms=0 max_cpu=1
k2:   fpsimd_run_max_ns=16319791 before fp_budget
[   19.699046] kjit: translate_svc_sites pid 345: 2 text ranges, 110 svc sites
[   19.794794] kjit: translate_svc_sites pid 346: 2 text ranges, 110 svc sites
k2:   fp_budget: in_kernel=0 entries=436 exit_mem=0 exit_budget=400 exit_unsupported=0 fpsimd_entries=400 fpsimd_preempted=1 fpsimd_exit_mem=0
k2:   fpsimd_run_max_ns=16319791 after fp_budget
[   19.887471] rust_kjit: kjit: pc 0xffffa7ac1008: installed 456 bytes, 0 fault sites, 4 entries, text 0xffffa7ac1000..0xffffa7ac1010, fpsimd false
[   20.111855] rust_kjit: kjit: pc 0xffffb5da1008: installed 456 bytes, 0 fault sites, 4 entries, text 0xffffb5da1000..0xffffb5da1010, fpsimd false
k2:   munmap_race: in_kernel=695403 entries=695587 exit_mem=0 exit_budget=0 exit_unsupported=0 fpsimd_entries=0 fpsimd_preempted=0 fpsimd_exit_mem=0
k2:   Segmentation fault
[   20.412253] kjit: translate_svc_sites pid 365: 2 text ranges, 112 svc sites
[   20.513671] kjit: translate_svc_sites pid 366: 2 text ranges, 112 svc sites
k2:   seccomp_loop: in_kernel=0 entries=0 exit_mem=0 exit_budget=0 exit_unsupported=0 fpsimd_entries=0 fpsimd_preempted=0 fpsimd_exit_mem=0
[   20.620321] kjit: translate_svc_sites pid 372: 2 text ranges, 117 svc sites
[   20.724877] kjit: translate_svc_sites pid 374: 2 text ranges, 117 svc sites
k2:   ptrace_loop: in_kernel=0 entries=0 exit_mem=0 exit_budget=0 exit_unsupported=0 fpsimd_entries=0 fpsimd_preempted=0 fpsimd_exit_mem=0
[   20.832063] kjit: translate_svc_sites pid 381: 2 text ranges, 111 svc sites
Killed
[   21.852695] kjit: translate_svc_sites pid 387: 2 text ranges, 110 svc sites
Killed
[   22.871692] kjit: translate_svc_sites pid 393: 2 text ranges, 110 svc sites
[   22.872243] rust_kjit: kjit: pc 0x400be8: installed 532 bytes, 0 fault sites, 2 entries, text 0x400be8..0x400bf0, fpsimd false
[   22.872886] rust_kjit: kjit: pc 0x400bcc: installed 1104 bytes, 1 fault sites, 11 entries, text 0x400bbc..0x400be8, fpsimd false
Killed
[   23.908374] kjit: translate_svc_sites pid 399: 3 text ranges, 110 svc sites
[   23.908958] rust_kjit: kjit: pc 0x1000000: installed 532 bytes, 0 fault sites, 2 entries, text 0x1000000..0x1000008, fpsimd false
[   23.909810] rust_kjit: kjit: pc 0x1400000: installed 532 bytes, 0 fault sites, 2 entries, text 0x1400000..0x1400008, fpsimd false
[   23.910307] rust_kjit: kjit: pc 0x1800000: installed 532 bytes, 0 fault sites, 2 entries, text 0x1800000..0x1800008, fpsimd false
[   23.910856] rust_kjit: kjit: pc 0xc00034: installed 1108 bytes, 1 fault sites, 15 entries, text 0xc00024..0xc00060, fpsimd false
Killed
k2: iteration 1 PASS
k2: stats
k2:   syscalls_in_kernel 7171800
k2:   fragment_entries 14924817
k2:   chains 6015840
k2:   chain_cap 5877
k2:   run_declined 40961
k2:   exit_svc 7171999
k2:   exit_bl 7525
k2:   exit_blr 7507523
k2:   exit_br 0
k2:   exit_ret 58047
k2:   exit_mem 518
k2:   exit_unsupported 20003
k2:   exit_budget 159202
k2:   exit_invalid 0
k2:   svc_declined 199
k2:   translate_ok 11976
k2:   translate_exists 0
k2:   translate_text_unreadable 0
k2:   translate_entry_unsupported 174
k2:   translate_compile_failed 0
k2:   translate_encode_failed 0
k2:   translate_verify_rejected 0
k2:   translate_verify_falls_off_end 0
k2:   translate_raced 0
k2:   translate_capped 0
k2:   translate_install_failed 0
k2:   invalidated_fragments 2161
k2:   released_fragments 9815
k2:   svc_sites_scanned 9967
k2:   auto_mm_created 0
k2:   auto_mm_setup_failed 0
k2:   auto_prof_full 0
k2:   auto_hot_negative 0
k2:   auto_hot_capped 0
k2:   auto_hot_queue_full 0
k2:   auto_req_svc_resume 0
k2:   auto_req_exit_target 0
k2:   auto_req_dropped 0
k2:   auto_req_stale 0
k2:   auto_neg_added 0
k2:   auto_neg_evicted 0
k2:   auto_translate_ns 0
k2:   unsupported_top_dropped 0
k2:   unsupported_bad_word 0
k2:   fpsimd_entries 762651
k2:   fpsimd_preempted 391
k2:   fpsimd_exit_mem 515
k2:   fpsimd_refused_sve_sme 0
k2:   ibtc_insert 24054422
k2:   ibtc_replace 24052144
k2:   ibtc_clear 2278
k2:   ibtc_fpsimd_boundary 0
k2:   ibtc_miss_cold 1554142
k2:   ibtc_miss_conflict 6018915
k2:   ibtc_miss_other 38
k2:   hook_calls 8963514
k2:   fpsimd_run_max_ns 16319791
k2:   chain_max 1024
k2:   chain_hist_1_1 8900303
k2:   chain_hist_2_3 2796
k2:   chain_hist_512_1023 1
k2:   chain_hist_1024_2047 5877
k2: ALL PASS (1 iterations, auto=0)
[   24.926235] kjit: translate_svc_sites pid 404: 2 text ranges, 111 svc sites
k2: left toy_loop 404 hot for rmmod (10909748 syscalls in kernel so far)
[   25.890452] kjit: 0 of 0 translation requests still queued at unload (freed by the kernel)
[   25.923251] rust_kjit: ######## Rust KJIT exits ########
kjit-init: rmmod kjit ok
kjit-init: run exit=0
[   26.017952] reboot: Power down
