Cleanup: may take some time... OK
Starting test server at port 21079
[ready]: 81
Testing unit/printver
[ready]: 82
Testing unit/dump
[ready]: 83
Testing unit/auth
[ready]: 84
Testing unit/protocol
[ready]: 85
Testing unit/keyspace
[ready]: 86
Testing unit/scan
[ready]: 87
Testing unit/info
[ready]: 88
Testing unit/info-command
[ready]: 89
Testing unit/type/string
[ready]: 90
Testing unit/type/incr
[ready]: 91
Testing unit/type/list
[ready]: 92
Testing unit/type/list-2
[ready]: 93
Testing unit/type/list-3
[ready]: 94
Testing unit/type/set
[ready]: 95
Testing unit/type/zset
[ready]: 96
Testing unit/type/hash
[ok]: Explicit regression for a list bug (0 ms)
Testing Redis version 7.0.15 (00000000)
[ok]: DEL against a single item (0 ms)
[ok]: INCR against non existing key (2 ms)
[ok]: INCR against key created by incr itself (0 ms)
[ok]: Vararg DEL (1 ms)
[ok]: INCR against key originally set with SET (0 ms)
[ok]: Untagged multi-key commands (0 ms)
[ok]: INCR over 32bit value (0 ms)
[ok]: HSET/HLEN - Small hash creation (2 ms)
[ok]: Is the small hash encoded with a listpack? (0 ms)
[ok]: KEYS with pattern (1 ms)
[ok]: reg node check compression with insert and pop (2 ms)
[ok]: INCRBY over 32bit value with over 32bit increment (1 ms)
[ok]: reg node check compression combined with trim (1 ms)
[ok]: SADD, SCARD, SISMEMBER, SMISMEMBER, SMEMBERS basics - regular set (3 ms)
[ok]: KEYS to get all keys (0 ms)
[ok]: reg node check compression with lset (0 ms)
[ok]: INCR fails against key with spaces (left) (0 ms)
[ok]: INCR fails against key with spaces (right) (0 ms)
[ok]: DBSIZE (0 ms)
[ok]: INCR fails against key with spaces (both) (0 ms)
[ok]: DEL all keys (1 ms)
[ok]: SADD, SCARD, SISMEMBER, SMISMEMBER, SMEMBERS basics - intset (3 ms)
[ok]: DECRBY negation overflow (0 ms)
[ok]: Check encoding - listpack (1 ms)
[ok]: SMISMEMBER against non set (1 ms)
[ok]: SCAN basic (26 ms)
[ok]: INCR fails against a key holding a list (0 ms)
[ok]: SMISMEMBER non existing key (0 ms)
[ok]: ZSET basic ZADD and score update - listpack (1 ms)
[ok]: plain node check compression (3 ms)
[ok]: DECRBY over 32bit value with over 32bit increment, negative res (1 ms)
[ok]: ZSET element can't be set to NaN with ZADD - listpack (0 ms)
[ok]: INCR uses shared objects in the 0-9999 range (2 ms)
[ok]: plain node check compression with ltrim (2 ms)
[ok]: ZSET element can't be set to NaN with ZINCRBY - listpack (0 ms)
[ok]: INCR can modify objects in-place (1 ms)
[ok]: ZADD with options syntax error with incomplete pair - listpack (0 ms)
[ok]: plain node check compression using lset (2 ms)
[ok]: SMISMEMBER requires one or more members (4 ms)
[ok]: ZADD XX option without key - listpack (1 ms)
[ok]: INCRBYFLOAT against non existing key (1 ms)
[ok]: HRANDFIELD - listpack (7 ms)
[ok]: SADD against non set (0 ms)
[ok]: ZADD XX existing key - listpack (0 ms)
[ok]: INCRBYFLOAT against key originally set with SET (0 ms)
[ok]: SADD a non-integer against an intset (1 ms)
[ok]: ZADD XX returns the number of elements actually added - listpack (0 ms)
[ok]: INCRBYFLOAT over 32bit value (0 ms)
[ok]: SADD an integer larger than 64 bits (1 ms)
[ok]: ZADD XX updates existing elements score - listpack (0 ms)
[ok]: INCRBYFLOAT over 32bit value with over 32bit increment (1 ms)
[ok]: INCRBYFLOAT fails against key with spaces (left) (0 ms)
[ok]: ZADD GT updates existing elements when new scores are greater - listpack (1 ms)
[ok]: INCRBYFLOAT fails against key with spaces (right) (1 ms)
[ok]: ZADD LT updates existing elements when new scores are lower - listpack (1 ms)
[ok]: ZADD GT XX updates existing elements when new scores are greater and skips new elements - listpack (1 ms)
[ok]: INCRBYFLOAT fails against key with spaces (both) (0 ms)
[ok]: ZADD LT XX updates existing elements when new scores are lower and skips new elements - listpack (0 ms)
[ok]: INCRBYFLOAT fails against a key holding a list (1 ms)
[ok]: ZADD XX and NX are not compatible - listpack (1 ms)
[ok]: INCRBYFLOAT does not allow NaN or Infinity (1 ms)
[ok]: ZADD NX with non existing key - listpack (1 ms)
[ok]: INCRBYFLOAT decrement (0 ms)
[ok]: ZADD NX only add new elements without updating old ones - listpack (1 ms)
[ok]: string to double with null terminator (2 ms)
[ok]: No negative zero (0 ms)
[ok]: ZADD GT and NX are not compatible - listpack (0 ms)
[ok]: ZADD LT and NX are not compatible - listpack (1 ms)
[ok]: ZADD LT and GT are not compatible - listpack (0 ms)
[ok]: ZADD INCR LT/GT replies with nill if score not updated - listpack (1 ms)
[ok]: ZADD INCR LT/GT with inf - listpack (1 ms)
[ok]: HRANDFIELD - hashtable (7 ms)
[ok]: ZADD INCR works like ZINCRBY - listpack (1 ms)
[ok]: HRANDFIELD with RESP3 (1 ms)
[ok]: ZADD INCR works with a single score-elemenet pair - listpack (0 ms)
[ok]: HRANDFIELD count of 0 is handled correctly (0 ms)
[ok]: ZADD CH option changes return value to all changed elements - listpack (0 ms)
[ok]: HRANDFIELD count overflow (0 ms)
[ok]: HRANDFIELD with <count> against non existing key (1 ms)
[ok]: ZINCRBY calls leading to NaN result in error - listpack (0 ms)
[ok]: HRANDFIELD count of 0 is handled correctly - emptyarray (0 ms)
[ok]: ZADD - Variadic version base case - $encoding (0 ms)
[ok]: HRANDFIELD with <count> against non existing key - emptyarray (0 ms)
[ok]: ZADD - Return value is the number of actually added items - $encoding (0 ms)
[ok]: ZADD - Variadic version does not add nothing on single parsing err - $encoding (0 ms)
[ok]: ZADD - Variadic version will raise error on missing arg - $encoding (1 ms)
[ok]: ZINCRBY does not work variadic even if shares ZADD implementation - $encoding (0 ms)
[ok]: ZCARD basics - listpack (1 ms)
[ok]: ZREM removes key after last element is removed - listpack (0 ms)
[ok]: ZREM variadic version - listpack (0 ms)
[ok]: ZREM variadic version -- remove elements after key deletion - listpack (1 ms)
[ok]: ZRANGE basics - listpack (0 ms)
[ok]: ZREVRANGE basics - listpack (1 ms)
[ok]: ZRANK/ZREVRANK basics - listpack (1 ms)
[ok]: ZRANK - after deletion - listpack (0 ms)
[ok]: ZINCRBY - can create a new sorted set - listpack (0 ms)
[ok]: ZINCRBY - increment and decrement - listpack (0 ms)
[ok]: ZINCRBY return value - listpack (1 ms)
[ok]: ZRANGEBYSCORE/ZREVRANGEBYSCORE/ZCOUNT basics - listpack (2 ms)
[ok]: ZRANGEBYSCORE with WITHSCORES - listpack (0 ms)
[ok]: ZRANGEBYSCORE with LIMIT - listpack (1 ms)
[ok]: ZRANGEBYSCORE with LIMIT and WITHSCORES - listpack (1 ms)
[ok]: ZRANGEBYSCORE with non-value min or max - listpack (0 ms)
[ok]: ZRANGEBYLEX/ZREVRANGEBYLEX/ZLEXCOUNT basics - listpack (1 ms)
[ok]: ZLEXCOUNT advanced - listpack (1 ms)
[ok]: ZRANGEBYSLEX with LIMIT - listpack (1 ms)
[ok]: ZRANGEBYLEX with invalid lex range specifiers - listpack (0 ms)
[ok]: ZREMRANGEBYSCORE basics - listpack (5 ms)
[ok]: ZREMRANGEBYSCORE with non-value min or max - listpack (0 ms)
[ok]: ZREMRANGEBYRANK basics - listpack (2 ms)
[ok]: ZUNIONSTORE against non-existing key doesn't set destination - listpack (0 ms)
[ok]: ZUNION/ZINTER/ZINTERCARD/ZDIFF against non-existing key - listpack (0 ms)
[ok]: ZUNIONSTORE with empty set - listpack (0 ms)
[ok]: ZUNION/ZINTER/ZINTERCARD/ZDIFF with empty set - listpack (1 ms)
[ok]: ZUNIONSTORE basics - listpack (0 ms)
[ok]: ZUNION/ZINTER/ZINTERCARD/ZDIFF with integer members - listpack (1 ms)
[ok]: ZUNIONSTORE with weights - listpack (0 ms)
[ok]: Handle an empty query (43 ms)
[ok]: ZUNION with weights - listpack (0 ms)
[ok]: ZUNIONSTORE with a regular set and weights - listpack (1 ms)
[ok]: ZUNIONSTORE with AGGREGATE MIN - listpack (0 ms)
[ok]: ZUNION/ZINTER with AGGREGATE MIN - listpack (0 ms)
[ok]: ZUNIONSTORE with AGGREGATE MAX - listpack (1 ms)
[ok]: ZUNION/ZINTER with AGGREGATE MAX - listpack (0 ms)
[ok]: ZINTERSTORE basics - listpack (0 ms)
[ok]: ZINTER basics - listpack (0 ms)
[ok]: ZINTERCARD with illegal arguments (0 ms)
[ok]: ZINTERCARD basics - listpack (0 ms)
[ok]: ZINTER RESP3 - listpack (0 ms)
[ok]: ZINTERSTORE with weights - listpack (0 ms)
[ok]: ZINTER with weights - listpack (0 ms)
[ok]: ZINTERSTORE with a regular set and weights - listpack (0 ms)
[ok]: ZINTERSTORE with AGGREGATE MIN - listpack (0 ms)
[ok]: ZINTERSTORE with AGGREGATE MAX - listpack (1 ms)
[ok]: ZUNIONSTORE with +inf/-inf scores - listpack (0 ms)
[ok]: ZUNIONSTORE with NaN weights - listpack (1 ms)
[ok]: ZINTERSTORE with +inf/-inf scores - listpack (1 ms)
[ok]: ZINTERSTORE with NaN weights - listpack (0 ms)
[ok]: ZDIFFSTORE basics - listpack (0 ms)
[ok]: ZDIFF basics - listpack (0 ms)
[ok]: ZDIFFSTORE with a regular set - listpack (0 ms)
[ok]: ZDIFF subtracting set from itself - listpack (0 ms)
[ok]: ZDIFF algorithm 1 - listpack (0 ms)
[ok]: ZDIFF algorithm 2 - listpack (1 ms)
[ok]: SADD overflows the maximum allowed integers in an intset (45 ms)
[ok]: Variadic SADD (0 ms)
[ok]: SCAN COUNT (58 ms)
[ok]: Negative multibulk length (45 ms)
[ok]: Out of range multibulk length (0 ms)
[ok]: Wrong multibulk payload header (0 ms)
[ok]: Negative multibulk payload length (0 ms)
[ok]: Out of range multibulk payload length (1 ms)
[ok]: HRANDFIELD with <count> - hashtable (67 ms)
[ok]: Non-number multibulk payload length (0 ms)
[ok]: Multi bulk request not followed by bulk arguments (1 ms)
[ok]: Generic wrong number of args (1 ms)
[ok]: Unbalanced number of quotes (0 ms)
[ok]: SCAN MATCH (43 ms)
[ok]: Regression for quicklist #3343 bug (137 ms)
[ok]: SET and GET an item (0 ms)
[ok]: SET and GET an empty item (1 ms)
[ok]: HRANDFIELD with <count> - listpack (71 ms)
[ok]: DUMP / RESTORE are able to serialize / unserialize a simple key (9 ms)
[ok]: RESTORE can set an arbitrary expire to the materialized key (1 ms)
[ok]: RESTORE can set an expire that overflows a 32 bit integer (0 ms)
[ok]: Set encoding after DEBUG RELOAD (106 ms)
[ok]: RESTORE can set an absolute expire (0 ms)
[ok]: RESTORE with ABSTTL in the past (3 ms)
[ok]: RESTORE can set LRU (1 ms)
[ok]: info command with at most one sub command (1 ms)
[ok]: RESTORE can set LFU (1 ms)
[ok]: AUTH fails if there is no password configured server side (1 ms)
[ok]: Arity check for auth command (1 ms)
[ok]: info command with one sub-section (1 ms)
[ok]: RESTORE returns an error of the key already exists (0 ms)
[ok]: info command with multiple sub-sections (1 ms)
[ok]: RESTORE can overwrite an existing key with REPLACE (2 ms)
[ok]: SREM basics - regular set (5 ms)
[ok]: SREM basics - intset (0 ms)
[ok]: RESTORE can detect a syntax error for unrecongized options (0 ms)
[ok]: SREM with multiple arguments (1 ms)
[ok]: DUMP of non existing key returns nil (0 ms)
[ok]: SREM variadic version with more args needed to destroy the key (0 ms)
[ok]: SINTERCARD with illegal arguments (2 ms)
[ok]: SINTERCARD against non-set should throw error (1 ms)
[ok]: SINTERCARD against non-existing key (0 ms)
[ok]: Check compression with recompress (97 ms)
[ok]: Generated sets must be encoded as hashtable (1 ms)
[ok]: SINTER with two sets - hashtable (0 ms)
[ok]: SINTERCARD with two sets - hashtable (1 ms)
[ok]: SINTERSTORE with two sets - hashtable (0 ms)
[ok]: SINTERSTORE with two sets, after a DEBUG RELOAD - hashtable (1 ms)
[ok]: SUNION with two sets - hashtable (3 ms)
[ok]: SUNIONSTORE with two sets - hashtable (3 ms)
[ok]: SINTER against three sets - hashtable (0 ms)
[ok]: SINTERCARD against three sets - hashtable (1 ms)
[ok]: SINTERSTORE with three sets - hashtable (0 ms)
[ok]: SUNION with non existing keys - hashtable (3 ms)
[ok]: SDIFF with two sets - hashtable (0 ms)
[ok]: SDIFF with three sets - hashtable (1 ms)
[ok]: SDIFFSTORE with three sets - hashtable (0 ms)
[ok]: SINTER/SUNION/SDIFF with three same sets - hashtable (3 ms)
[ok]: Very big payload in GET/SET (85 ms)
[ok]: SCAN TYPE (146 ms)
[ok]: SSCAN with encoding intset (2 ms)
[ok]: SSCAN with encoding hashtable (3 ms)
[ok]: HSCAN with encoding listpack (1 ms)
[1/84 done]: unit/type/incr (0 seconds)
Testing unit/type/stream
[2/84 done]: unit/printver (0 seconds)
Testing unit/type/stream-cgroups
[ok]: Generated sets must be encoded as intset (1 ms)
[ok]: SINTER with two sets - intset (0 ms)
[ok]: SINTERCARD with two sets - intset (0 ms)
[ok]: SINTERSTORE with two sets - intset (1 ms)
[ok]: HSET/HLEN - Big hash creation (130 ms)
[ok]: Is the big hash encoded with an hash table? (0 ms)
[ok]: SINTERSTORE with two sets, after a DEBUG RELOAD - intset (1 ms)
[ok]: HGET against the small hash (1 ms)
[ok]: SUNION with two sets - intset (3 ms)
[ok]: SUNIONSTORE with two sets - intset (2 ms)
[ok]: SINTER against three sets - intset (0 ms)
[ok]: SINTERCARD against three sets - intset (0 ms)
[ok]: SINTERSTORE with three sets - intset (1 ms)
[ok]: SUNION with non existing keys - intset (4 ms)
[ok]: SDIFF with two sets - intset (0 ms)
[ok]: SDIFF with three sets - intset (0 ms)
[ok]: SDIFFSTORE with three sets - intset (0 ms)
[ok]: SINTER/SUNION/SDIFF with three same sets - intset (3 ms)
[ok]: SDIFF with first set empty (1 ms)
[ok]: SDIFF with same set two times (0 ms)
[ok]: latencystats: disable/enable (2 ms)
[ok]: HSCAN with encoding hashtable (84 ms)
[ok]: latencystats: configure percentiles (3 ms)
[ok]: ZSCAN with encoding listpack (1 ms)
[ok]: latencystats: bad configure percentiles (2 ms)
[ok]: latencystats: blocking commands (2 ms)
[ok]: latencystats: subcommands (5 ms)
[ok]: latencystats: measure latency (51 ms)
[ok]: errorstats: failed call authentication error (1 ms)
[ok]: errorstats: failed call within MULTI/EXEC (3 ms)
[ok]: errorstats: failed call within LUA (3 ms)
[ok]: errorstats: failed call NOSCRIPT error (2 ms)
[ok]: errorstats: failed call NOGROUP error (2 ms)
[ok]: errorstats: rejected call unknown command (3 ms)
[ok]: errorstats: rejected call within MULTI/EXEC (4 ms)
[ok]: errorstats: rejected call due to wrong arity (1 ms)
[ok]: errorstats: rejected call by OOM error (2 ms)
[ok]: errorstats: rejected call by authorization error (3 ms)
[ok]: HGET against the big hash (141 ms)
[ok]: HGET against non existing key (0 ms)
[ok]: errorstats: blocking commands (2 ms)
[ok]: HSET in update and insert mode (2 ms)
[ok]: HSETNX target key missing - small hash (0 ms)
[ok]: HSETNX target key exists - small hash (1 ms)
[ok]: HSETNX target key missing - big hash (0 ms)
[ok]: HSETNX target key exists - big hash (0 ms)
[ok]: ZSCAN with encoding skiplist (91 ms)
[ok]: HSET/HMSET wrong number of args (2 ms)
[ok]: HMSET - small hash (0 ms)
[ok]: Crash due to wrongly recompress after lrem (223 ms)
[3/84 done]: unit/info-command (0 seconds)
Testing unit/sort
[ok]: SCAN guarantees check under write load (36 ms)
[ok]: SSCAN with integer encoded object (issue #1345) (1 ms)
[ok]: Test LPUSH and LPOP on plain nodes (2 ms)
[ok]: SSCAN with PATTERN (1 ms)
[ok]: HSCAN with PATTERN (1 ms)
[ok]: ZSCAN with PATTERN (1 ms)
[ok]: Test LINDEX and LINSERT on plain nodes (3 ms)
[ok]: Test LTRIM on plain nodes (2 ms)
[ok]: Test LREM on plain nodes (2 ms)
[ok]: LINSERT correctly recompress full quicklistNode after inserting a element before it (44 ms)
[ok]: Test LPOS on plain nodes (2 ms)
[ok]: HMSET - big hash (45 ms)
[ok]: HMGET against non existing key and fields (0 ms)
[ok]: HMGET against wrong type (0 ms)
[ok]: HMGET - small hash (1 ms)
[ok]: Test LMOVE on plain nodes (5 ms)
[ok]: Protocol desync regression test #1 (403 ms)
[ok]: HMGET - big hash (46 ms)
[ok]: HKEYS - small hash (0 ms)
[ok]: LINSERT correctly recompress full quicklistNode after inserting a element after it (49 ms)
[ok]: HKEYS - big hash (7 ms)
[ok]: HVALS - small hash (0 ms)
[ok]: HVALS - big hash (1 ms)
[ok]: HGETALL - small hash (1 ms)
[ok]: HGETALL - big hash (20 ms)
[ok]: HDEL and return value (2 ms)
[ok]: HDEL - more than a single value (1 ms)
[ok]: HDEL - hash becomes empty before deleting all specified fields (1 ms)
[ok]: HEXISTS (0 ms)
[ok]: Is a ziplist encoded Hash promoted on big payload? (1 ms)
[ok]: HINCRBY against non existing database key (0 ms)
[ok]: HINCRBY against non existing hash key (1 ms)
[ok]: HINCRBY against hash key created by hincrby itself (0 ms)
[ok]: HINCRBY against hash key originally set with HSET (1 ms)
[ok]: HINCRBY over 32bit value (0 ms)
[ok]: HINCRBY over 32bit value with over 32bit increment (2 ms)
[ok]: HINCRBY fails against hash value with spaces (left) (1 ms)
[ok]: HINCRBY fails against hash value with spaces (right) (1 ms)
[ok]: HINCRBY can detect overflows (0 ms)
[ok]: HINCRBYFLOAT against non existing database key (0 ms)
[ok]: HINCRBYFLOAT against non existing hash key (1 ms)
[ok]: HINCRBYFLOAT against hash key created by hincrby itself (0 ms)
[ok]: HINCRBYFLOAT against hash key originally set with HSET (2 ms)
[ok]: HINCRBYFLOAT over 32bit value (0 ms)
[ok]: HINCRBYFLOAT over 32bit value with over 32bit increment (1 ms)
[ok]: HINCRBYFLOAT fails against hash value with spaces (left) (0 ms)
[ok]: HINCRBYFLOAT fails against hash value with spaces (right) (1 ms)
[ok]: HINCRBYFLOAT fails against hash value that contains a null-terminator in the middle (1 ms)
[ok]: HSTRLEN against the small hash (1 ms)
[ok]: ZSCAN scores: regression test for issue #2175 (116 ms)
[ok]: XADD wrong number of args (1 ms)
[ok]: XADD can add entries into a stream that XRANGE can fetch (1 ms)
[ok]: XADD IDs are incremental (1 ms)
[ok]: XADD IDs are incremental when ms is the same as well (1 ms)
[ok]: XADD IDs correctly report an error when overflowing (1 ms)
[ok]: XADD auto-generated sequence is incremented for last ID (0 ms)
[ok]: XADD auto-generated sequence is zero for future timestamp ID (1 ms)
[ok]: XADD auto-generated sequence can't be smaller than last ID (1 ms)
[ok]: XADD auto-generated sequence can't overflow (0 ms)
[ok]: Test LSET with packed / plain combinations (140 ms)
[ok]: XADD 0-* should succeed (1 ms)
[ok]: Test LSET with packed is split in the middle (2 ms)
[ok]: XGROUP CREATE: creation and duplicate group name detection (2 ms)
[ok]: XGROUP CREATE: automatic stream creation fails without MKSTREAM (1 ms)
[ok]: XGROUP CREATE: automatic stream creation works with MKSTREAM (0 ms)
[ok]: XREADGROUP will return only new elements (1 ms)
[ok]: XREADGROUP can read the history of the elements we own (2 ms)
[ok]: XPENDING is able to return pending items (0 ms)
[ok]: XPENDING can return single consumer items (1 ms)
[ok]: XPENDING only group (0 ms)
[ok]: XPENDING with IDLE (21 ms)
[ok]: XPENDING with exclusive range intervals works as expected (1 ms)
[ok]: XACK is able to remove items from the consumer/group PEL (2 ms)
[ok]: XACK can't remove the same item multiple times (0 ms)
[ok]: XACK is able to accept multiple arguments (1 ms)
[ok]: XACK should fail if got at least one invalid ID (1 ms)
[ok]: PEL NACK reassignment after XGROUP SETID event (2 ms)
[ok]: AUTH fails when a wrong password is given (0 ms)
[ok]: Arbitrary command gives an error when AUTH is required (0 ms)
[ok]: AUTH succeeds when the right password is given (0 ms)
[ok]: Once AUTH succeeded we can actually send commands to the server (0 ms)
[ok]: For unauthenticated clients multibulk and bulk length are limited (1 ms)
[ok]: XREADGROUP will not report data on empty history. Bug #5577 (2 ms)
[ok]: XREADGROUP history reporting of deleted entries. Bug #5570 (2 ms)
[ok]: HSTRLEN against the big hash (167 ms)
[ok]: HSTRLEN against non existing field (1 ms)
[ok]: HSTRLEN corner cases (3 ms)
[ok]: HINCRBYFLOAT over hash-max-listpack-value encoded with a listpack (3 ms)
[ok]: Hash ziplist regression test for large keys (0 ms)
[ok]: Blocking XREADGROUP will not reply with an empty array (113 ms)
[ok]: Blocking XREADGROUP: key deleted (1 ms)
[ok]: Blocking XREADGROUP: key type changed with SET (2 ms)
[ok]: Blocking XREADGROUP: key type changed with transaction (2 ms)
[ok]: Blocking XREADGROUP: flushed DB (2 ms)
[ok]: Blocking XREADGROUP: swapped DB, key doesn't exist (2 ms)
[ok]: Blocking XREADGROUP: swapped DB, key is not a stream (2 ms)
[ok]: Blocking XREAD: key deleted (1 ms)
[ok]: Blocking XREAD: key type changed with SET (2 ms)
[ok]: Hash fuzzing #1 - 10 fields (45 ms)
[ok]: Test LSET with packed consist only one item (189 ms)
[ok]: Crash due to delete entry from a compress quicklist node (2 ms)
[ok]: Crash due to split quicklist node wrongly (2 ms)
[ok]: Old Ziplist: SORT BY key (1 ms)
[ok]: Old Ziplist: SORT BY key with limit (0 ms)
[ok]: Old Ziplist: SORT BY hash field (1 ms)
[ok]: Hash fuzzing #2 - 10 fields (34 ms)
[ok]: XADD with MAXLEN option (219 ms)
[ok]: MIGRATE is caching connections (702 ms)
[ok]: Blocking XREADGROUP for stream that ran dry (issue #5299) (89 ms)
[ok]: Blocking XREADGROUP will ignore BLOCK if ID is not > (7 ms)
[ok]: XGROUP DESTROY should unblock XREADGROUP with -NOGROUP (4 ms)
[ok]: RENAME can unblock XREADGROUP with data (4 ms)
[ok]: RENAME can unblock XREADGROUP with -NOGROUP (2 ms)
[4/84 done]: unit/info (1 seconds)
Testing unit/expire
[ok]: DEL against expired key (1100 ms)
[ok]: EXISTS (1 ms)
[ok]: Zero length value in key. SET/GET/EXISTS (2 ms)
[ok]: Commands pipelining (0 ms)
[ok]: Non existing command (1 ms)
[ok]: RENAME basic usage (2 ms)
[ok]: RENAME source key should no longer exist (0 ms)
[ok]: RENAME against already existing key (1 ms)
[ok]: RENAMENX basic usage (0 ms)
[ok]: RENAMENX against already existing key (1 ms)
[ok]: RENAMENX against already existing key (2) (0 ms)
[ok]: RENAME against non existing source key (0 ms)
[ok]: RENAME where source and dest key are the same (existing) (0 ms)
[ok]: RENAMENX where source and dest key are the same (existing) (1 ms)
[ok]: RENAME where source and dest key are the same (non existing) (1 ms)
[ok]: RENAME with volatile key, should move the TTL as well (1 ms)
[ok]: RENAME with volatile key, should not inherit TTL of target key (2 ms)
[ok]: XADD with MAXLEN option and the '=' argument (277 ms)
[ok]: DEL all keys again (DB 0) (1 ms)
[ok]: DEL all keys again (DB 1) (3 ms)
[ok]: COPY basic usage for string (4 ms)
[ok]: COPY for string does not replace an existing key without REPLACE option (0 ms)
[ok]: COPY for string can replace an existing key with REPLACE option (0 ms)
[ok]: COPY for string ensures that copied data is independent of copying data (2 ms)
[ok]: COPY for string does not copy data to no-integer DB (1 ms)
[ok]: COPY can copy key expire metadata as well (1 ms)
[ok]: COPY does not create an expire if it does not exist (1 ms)
[ok]: COPY basic usage for list (2 ms)
[ok]: COPY basic usage for intset set (2 ms)
[ok]: COPY basic usage for hashtable set (2 ms)
[ok]: COPY basic usage for listpack sorted set (3 ms)
[ok]: COPY basic usage for skiplist sorted set (27 ms)
[ok]: COPY basic usage for listpack hash (1 ms)
[ok]: COPY basic usage for hashtable hash (25 ms)
[ok]: Protocol desync regression test #2 (821 ms)
[ok]: AUTH fails when binary password is wrong (1 ms)
[ok]: AUTH succeeds when binary password is correct (0 ms)
[ok]: COPY basic usage for stream (203 ms)
[ok]: EXPIRE - set timeouts multiple times (3 ms)
[ok]: EXPIRE - It should be still possible to read 'x' (0 ms)
[ok]: COPY basic usage for stream-cgroups (13 ms)
[ok]: MOVE basic usage (2 ms)
[ok]: MOVE against key existing in the target DB (1 ms)
[ok]: MOVE against non-integer DB (#1428) (1 ms)
[ok]: MOVE can move key expire metadata as well (2 ms)
[ok]: MOVE does not create an expire if it does not exist (4 ms)
[ok]: SET/GET keys in different DBs (4 ms)
[ok]: RANDOMKEY (23 ms)
[ok]: RANDOMKEY against empty DB (1 ms)
[ok]: RANDOMKEY regression 1 (0 ms)
[ok]: KEYS * two times with long key, Github issue #1208 (2 ms)
[ok]: Regression for pattern matching long nested loops (0 ms)
[ok]: XADD with MAXLEN option and the '~' argument (358 ms)
[ok]: XADD with NOMKSTREAM option (3 ms)
[ok]: XCLAIM can claim PEL items from another consumer (608 ms)
[ok]: LPOS basic usage (2 ms)
[ok]: LPOS RANK (positive, negative and zero rank) option (1 ms)
[ok]: LPOS COUNT option (1 ms)
[ok]: LPOS COUNT + RANK option (1 ms)
[ok]: LPOS non existing key (1 ms)
[ok]: LPOS no match (0 ms)
[ok]: LPOS MAXLEN (2 ms)
[ok]: LPOS when RANK is greater than matches (0 ms)
[ok]: LPUSH, RPUSH, LLENGTH, LINDEX, LPOP - ziplist (2 ms)
[ok]: LPUSH, RPUSH, LLENGTH, LINDEX, LPOP - regular list (6 ms)
[ok]: LPOP/RPOP with wrong number of arguments (0 ms)
[ok]: RPOP/LPOP with the optional count argument (2 ms)
[ok]: LPOP/RPOP with the count 0 returns an empty array in RESP3 (1 ms)
[ok]: LPOP/RPOP against non existing key in RESP3 (1 ms)
[ok]: LPOP/RPOP with <count> against non existing key in RESP3 (2 ms)
[ok]: LPOP/RPOP with the count 0 returns an empty array in RESP2 (1 ms)
[ok]: LPOP/RPOP against non existing key in RESP2 (1 ms)
[ok]: LPOP/RPOP with <count> against non existing key in RESP2 (0 ms)
[ok]: Variadic RPUSH/LPUSH (1 ms)
[ok]: DEL a list (0 ms)
[ok]: BLPOP: single existing list - linkedlist (3 ms)
[ok]: BLPOP: multiple existing lists - linkedlist (4 ms)
[ok]: BLPOP: second list has an entry - linkedlist (4 ms)
[ok]: BLMPOP_LEFT: single existing list - linkedlist (5 ms)
[ok]: BLMPOP_LEFT: multiple existing lists - linkedlist (4 ms)
[ok]: BLMPOP_LEFT: second list has an entry - linkedlist (4 ms)
[ok]: BRPOPLPUSH - linkedlist (5 ms)
[ok]: BLMOVE left left - linkedlist (3 ms)
[ok]: BLMOVE left right - linkedlist (3 ms)
[ok]: BLMOVE right left - linkedlist (3 ms)
[ok]: Old Linked list: SORT BY key (5 ms)
[ok]: BLMOVE right right - linkedlist (3 ms)
[ok]: BLPOP: single existing list - ziplist (3 ms)
[ok]: Old Linked list: SORT BY key with limit (5 ms)
[ok]: BLPOP: multiple existing lists - ziplist (5 ms)
[ok]: BLPOP: second list has an entry - ziplist (2 ms)
[ok]: BLMPOP_LEFT: single existing list - ziplist (3 ms)
[ok]: Old Linked list: SORT BY hash field (8 ms)
[ok]: BLMPOP_LEFT: multiple existing lists - ziplist (7 ms)
[ok]: BLMPOP_LEFT: second list has an entry - ziplist (3 ms)
[ok]: BRPOPLPUSH - ziplist (2 ms)
[ok]: BLMOVE left left - ziplist (4 ms)
[ok]: BLMOVE left right - ziplist (4 ms)
[ok]: BLMOVE right left - ziplist (3 ms)
[ok]: BLMOVE right right - ziplist (4 ms)
[5/84 done]: unit/keyspace (2 seconds)
Testing unit/other
[ok]: BLPOP, LPUSH + DEL should not awake blocked client (105 ms)
[ok]: XADD with MINID option (307 ms)
[ok]: XTRIM with MINID option (2 ms)
[ok]: XTRIM with MINID option, big delta from master record (1 ms)
[ok]: BLPOP, LPUSH + DEL + SET should not awake blocked client (104 ms)
[ok]: XCLAIM without JUSTID increments delivery count (404 ms)
[ok]: BLMPOP_LEFT, LPUSH + DEL should not awake blocked client (103 ms)
[ok]: BLMPOP_LEFT, LPUSH + DEL + SET should not awake blocked client (103 ms)
[ok]: BLPOP with same key multiple times should work (issue #801) (2 ms)
[ok]: XCLAIM same consumer (204 ms)
[ok]: SAVE - make sure there are all the types as values (2 ms)
[ok]: MULTI/EXEC is isolated from the point of view of BLPOP (105 ms)
[ok]: BLPOP with variadic LPUSH (5 ms)
[ok]: MULTI/EXEC is isolated from the point of view of BLMPOP_LEFT (103 ms)
[ok]: BLMPOP_LEFT with variadic LPUSH (2 ms)
[ok]: BRPOPLPUSH with zero timeout should block indefinitely (2 ms)
[ok]: BLMOVE left left with zero timeout should block indefinitely (3 ms)
[ok]: BLMOVE left right with zero timeout should block indefinitely (3 ms)
[ok]: BLMOVE right left with zero timeout should block indefinitely (2 ms)
[ok]: BLMOVE right right with zero timeout should block indefinitely (4 ms)
[ok]: BLMOVE (left, left) with a client BLPOPing the target list (5 ms)
[ok]: BLMOVE (left, right) with a client BLPOPing the target list (4 ms)
[ok]: BLMOVE (right, left) with a client BLPOPing the target list (3 ms)
[ok]: BLMOVE (right, right) with a client BLPOPing the target list (3 ms)
[ok]: BRPOPLPUSH with wrong source type (2 ms)
[ok]: BRPOPLPUSH with wrong destination type (4 ms)
[ok]: BRPOPLPUSH maintains order of elements after failure (3 ms)
[ok]: BRPOPLPUSH with multiple blocked clients (4 ms)
[ok]: BLMPOP with multiple blocked clients (8 ms)
[ok]: Linked LMOVEs (4 ms)
[ok]: Circular BRPOPLPUSH (5 ms)
[ok]: Self-referential BRPOPLPUSH (3 ms)
[ok]: BRPOPLPUSH inside a transaction (3 ms)
[ok]: PUSH resulting from BRPOPLPUSH affect WATCH (8 ms)
[ok]: BRPOPLPUSH does not affect WATCH while still blocked (7 ms)
[ok]: MASTERAUTH test with binary password (777 ms)
[ok]: XAUTOCLAIM can claim PEL items from another consumer (606 ms)
[ok]: Protocol desync regression test #3 (1436 ms)
[ok]: raw protocol response (1 ms)
[ok]: raw protocol response - deferred (0 ms)
[ok]: raw protocol response - multiline (1 ms)
[ok]: RESP3 attributes (1 ms)
[ok]: RESP3 attributes readraw (1 ms)
[ok]: RESP3 attributes on RESP2 (1 ms)
[ok]: test big number parsing (0 ms)
[ok]: test bool parsing (1 ms)
[ok]: test verbatim str parsing (2 ms)
[ok]: FUZZ stresser with data model binary (603 ms)
[ok]: test large number of args (22 ms)
[ok]: test argument rewriting - issue 9598 (3 ms)
[ok]: XAUTOCLAIM as an iterator (202 ms)
[ok]: XAUTOCLAIM COUNT must be > 0 (1 ms)
[ok]: XCLAIM with XDEL (2 ms)
[ok]: XCLAIM with trimming (2 ms)
[ok]: XAUTOCLAIM with XDEL (2 ms)
[ok]: XAUTOCLAIM with XDEL and count (3 ms)
[ok]: XAUTOCLAIM with out of range count (1 ms)
[ok]: XCLAIM with trimming (4 ms)
[ok]: XINFO FULL output (6 ms)
[ok]: XGROUP CREATECONSUMER: create consumer if does not exist (3 ms)
[ok]: XGROUP CREATECONSUMER: group must exist (1 ms)
[6/84 done]: unit/auth (3 seconds)
Testing unit/multi
[ok]: XREADGROUP with NOACK creates consumer (3 ms)
[ok]: BRPOPLPUSH timeout (1013 ms)
[ok]: SWAPDB awakes blocked client (3 ms)
[ok]: Consumer without PEL is present in AOF after AOFRW (56 ms)
[ok]: FUZZ stresser with data model alpha (673 ms)
[ok]: Regression for a crash with blocking ops and pipelining (2 ms)
[ok]: EXPIRE - After 2.1 seconds the key should no longer be here (2102 ms)
[ok]: EXPIRE - write on expire should work (1 ms)
[ok]: EXPIREAT - Check for EXPIRE alike behavior (1 ms)
[ok]: SETEX - Set + Expire combo operation. Check for TTL (0 ms)
[ok]: SETEX - Check value (0 ms)
[ok]: SETEX - Overwrite old key (0 ms)
[ok]: MULTI / EXEC basics (2 ms)
[ok]: DISCARD (3 ms)
[ok]: Nested MULTI are not allowed (1 ms)
[ok]: MULTI where commands alter argc/argv (1 ms)
[ok]: WATCH inside MULTI is not allowed (1 ms)
[ok]: EXEC fails if there are errors while queueing commands #1 (2 ms)
[ok]: EXEC fails if there are errors while queueing commands #2 (3 ms)
[ok]: If EXEC aborts, the client MULTI state is cleared (3 ms)
[ok]: EXEC works on WATCHed key not modified (2 ms)
[ok]: EXEC fail on WATCHed key modified (1 key of 1 watched) (1 ms)
[ok]: EXEC fail on WATCHed key modified (1 key of 5 watched) (1 ms)
[ok]: EXEC fail on WATCHed key modified by SORT with STORE even if the result is empty (2 ms)
[ok]: SWAPDB wants to wake blocked client, but the key already expired (199 ms)
[ok]: EXEC fail on lazy expired WATCHed key (104 ms)
[ok]: WATCH stale keys should not fail EXEC (5 ms)
[ok]: Delete WATCHed stale keys should not fail EXEC (3 ms)
[ok]: FLUSHDB while watching stale keys should not fail EXEC (4 ms)
[ok]: After successful EXEC key is no longer watched (2 ms)
[ok]: After failed EXEC key is no longer watched (2 ms)
[ok]: It is possible to UNWATCH (2 ms)
[ok]: UNWATCH when there is nothing watched works as expected (0 ms)
[ok]: FLUSHALL is able to touch the watched keys (2 ms)
[ok]: FLUSHALL does not touch non affected keys (4 ms)
[ok]: FLUSHDB is able to touch the watched keys (1 ms)
[ok]: FLUSHDB does not touch non affected keys (2 ms)
[ok]: SWAPDB is able to touch the watched keys that exist (2 ms)
[ok]: SWAPDB is able to touch the watched keys that do not exist (2 ms)
[ok]: SWAPDB does not touch watched stale keys (5 ms)
[ok]: SWAPDB does not touch non-existing key replaced with stale key (5 ms)
[ok]: SWAPDB does not touch stale key replaced with another stale key (8 ms)
[ok]: WATCH is able to remember the DB a key belongs to (3 ms)
[ok]: WATCH will consider touched keys target of EXPIRE (3 ms)
[ok]: Consumer group read counter and lag in empty streams (2 ms)
[ok]: Consumer group read counter and lag sanity (6 ms)
[ok]: Consumer group lag with XDELs (12 ms)
[ok]: Loading from legacy (Redis <= v6.2.x, rdb_ver < 10) persistence (2 ms)
[7/84 done]: unit/protocol (4 seconds)
Testing unit/quit
[ok]: MULTI + LPUSH + EXPIRE + DEBUG SLEEP on blocked client, key already expired (301 ms)
[ok]: BLPOP when new key is moved into place (3 ms)
[ok]: BLPOP when result key is created by SORT..STORE (3 ms)
[ok]: BLMPOP_LEFT when new key is moved into place (3 ms)
[ok]: BLMPOP_LEFT when result key is created by SORT..STORE (4 ms)
[ok]: BLPOP: with single empty list argument (2 ms)
[ok]: BLPOP: with negative timeout (1 ms)
[ok]: BLPOP: with non-integer timeout (2 ms)
[ok]: Hash fuzzing #1 - 512 fields (3214 ms)
[ok]: QUIT returns OK (1 ms)
[ok]: Pipelined commands after QUIT must not be executed (2 ms)
[ok]: Pipelined commands after QUIT that exceed read buffer size (1 ms)
[ok]: FUZZ stresser with data model compr (692 ms)
[8/84 done]: unit/quit (0 seconds)
Testing unit/aofrw
[ok]: FLUSHALL should not reset the dirty counter if we disable save (2 ms)
[ok]: FLUSHALL should reset the dirty counter to 0 if we enable save (2 ms)
[ok]: SETEX - Wait for the key to expire (1101 ms)
[ok]: SETEX - Wrong time parameter (0 ms)
[ok]: PERSIST can undo an EXPIRE (1 ms)
[ok]: PERSIST returns 0 against non existing or non volatile keys (1 ms)
[ok]: BGSAVE (108 ms)
[ok]: SELECT an out of range DB (1 ms)
[ok]: WATCH will consider touched expired keys (1112 ms)
[ok]: DISCARD should clear the WATCH dirty flag on the client (1 ms)
[ok]: DISCARD should UNWATCH all the keys (0 ms)
[ok]: BLPOP: with zero timeout should block indefinitely (1004 ms)
[ok]: MULTI / EXEC is not propagated (single write command) (69 ms)
[ok]: BLPOP: with 0.001 timeout should not block indefinitely (40 ms)
[ok]: BLPOP: second argument is not a list (6 ms)
[ok]: Consumer group last ID propagation to slave (NOACK=0) (819 ms)
[ok]: MULTI / EXEC is propagated correctly (multiple commands) (102 ms)
[ok]: MULTI / EXEC is propagated correctly (multiple commands with SELECT) (108 ms)
[ok]: MULTI / EXEC is propagated correctly (empty transaction) (94 ms)
[ok]: MULTI / EXEC is propagated correctly (read-only commands) (101 ms)
[ok]: MULTI / EXEC is propagated correctly (write command, no effect) (101 ms)
[ok]: MULTI / EXEC with REPLICAOF (109 ms)
[ok]: DISCARD should not fail during OOM (2 ms)
[ok]: Very big payload random access (5404 ms)
[ok]: MULTI and script timeout (403 ms)
[ok]: Consumer group last ID propagation to slave (NOACK=1) (1014 ms)
[ok]: BLPOP: timeout (1046 ms)
[ok]: BLPOP: arguments are empty (1 ms)
[ok]: BRPOP: with single empty list argument (1 ms)
[ok]: BRPOP: with negative timeout (0 ms)
[ok]: BRPOP: with non-integer timeout (1 ms)
[ok]: EXEC and script timeout (419 ms)
[ok]: XADD mass insertion and XLEN (4604 ms)
[ok]: XADD with ID 0-0 (0 ms)
[ok]: XADD with LIMIT delete entries no more than limit (7 ms)
[ok]: XRANGE COUNT works as expected (2 ms)
[ok]: XREVRANGE COUNT works as expected (4 ms)
[ok]: EXPIRE precision is now the millisecond (2006 ms)
[ok]: PSETEX can set sub-second expires (102 ms)
[ok]: MULTI-EXEC body and script timeout (409 ms)
[ok]: PEXPIRE can set sub-second expires (104 ms)
[ok]: XRANGE can be used to iterate the whole stream (579 ms)
[ok]: BRPOP: with zero timeout should block indefinitely (1001 ms)
[ok]: PEXPIREAT can set sub-second expires (202 ms)
[ok]: TTL returns time to live in seconds (5 ms)
[ok]: PTTL returns time to live in milliseconds (0 ms)
[ok]: TTL / PTTL / EXPIRETIME / PEXPIRETIME return -1 if key has no expire (2 ms)
[ok]: TTL / PTTL / EXPIRETIME / PEXPIRETIME return -2 if key does not exit (1 ms)
[ok]: EXPIRETIME returns absolute expiration time in seconds (1 ms)
[ok]: PEXPIRETIME returns absolute expiration time in milliseconds (1 ms)
[ok]: BRPOP: with 0.001 timeout should not block indefinitely (22 ms)
[ok]: BRPOP: second argument is not a list (1 ms)
[ok]: just EXEC and script timeout (408 ms)
[ok]: exec with write commands and state change (3 ms)
[ok]: exec with read commands and stale replica state change (4 ms)
[ok]: EXEC with only read commands should not be rejected when OOM (2 ms)
[ok]: EXEC with at least one use-memory command should fail (2 ms)
[ok]: Blocking commands ignores the timeout (6 ms)
[ok]: MULTI propagation of PUBLISH (87 ms)
[ok]: MULTI propagation of SCRIPT LOAD (99 ms)
[ok]: MULTI propagation of EVAL (100 ms)
[ok]: Replication tests of XCLAIM with deleted entries (autclaim=0) (918 ms)
[ok]: Replication tests of XCLAIM with deleted entries (autclaim=1) (4 ms)
[ok]: MULTI propagation of SCRIPT FLUSH (102 ms)
[ok]: Redis should actively expire keys incrementally (606 ms)
[ok]: MULTI propagation of XREADGROUP (100 ms)
[ok]: MULTI with SAVE (3 ms)
[ok]: MULTI with SHUTDOWN (1 ms)
[ok]: Check consistency of different data types after a reload (3148 ms)
[ok]: MULTI with BGREWRITEAOF (207 ms)
[ok]: MULTI with config set appendonly (216 ms)
[ok]: MULTI with config error (1 ms)
[ok]: Flushall while watching several keys by one client (2 ms)
[ok]: BRPOP: timeout (1088 ms)
[ok]: BRPOP: arguments are empty (1 ms)
[ok]: BLMPOP_LEFT: with single empty list argument (1 ms)
[ok]: BLMPOP_LEFT: with negative timeout (0 ms)
[ok]: BLMPOP_LEFT: with non-integer timeout (1 ms)
[ok]: Empty stream with no lastid can be rewrite into AOF correctly (106 ms)
[ok]: Hash fuzzing #2 - 512 fields (4269 ms)
[ok]: Same dataset digest if saving/reloading as AOF? (494 ms)
[ok]: EXPIRES after a reload (snapshot + append only file rewrite) (106 ms)
[ok]: Redis should lazy expire keys (1003 ms)
[ok]: MULTI with FLUSHALL and AOF (1 ms)
[ok]: Stress tester for #3343-alike bugs comp: 2 (8344 ms)
[9/84 done]: unit/type/stream-cgroups (9 seconds)
Testing unit/acl
[10/84 done]: unit/multi (6 seconds)
Testing unit/acl-v2
[ok]: BLMPOP_LEFT: with zero timeout should block indefinitely (1001 ms)
[ok]: BLMPOP_LEFT: with 0.001 timeout should not block indefinitely (21 ms)
[ok]: BLMPOP_LEFT: second argument is not a list (1 ms)
[ok]: XREVRANGE returns the reverse of XRANGE (2286 ms)
[ok]: XRANGE exclusive ranges (17 ms)
[ok]: XREAD with non empty stream (0 ms)
[ok]: Non blocking XREAD with empty streams (1 ms)
[ok]: Connections start with the default user (2 ms)
[ok]: It is possible to create new users (1 ms)
[ok]: Usernames can not contain spaces or null characters (1 ms)
[ok]: New users start disabled (0 ms)
[ok]: Enabling the user allows the login (1 ms)
[ok]: Only the set of correct passwords work (1 ms)
[ok]: It is possible to remove passwords from the set of valid ones (1 ms)
[ok]: Test password hashes can be added (0 ms)
[ok]: Test password hashes validate input (1 ms)
[ok]: ACL GETUSER returns the password hash instead of the actual password (1 ms)
[ok]: Test hashed passwords removal (1 ms)
[ok]: By default users are not able to access any command (1 ms)
[ok]: By default users are not able to access any key (0 ms)
[ok]: It's possible to allow the access of a subset of keys (3 ms)
[ok]: By default, only default user is able to publish to any channel (2 ms)
[ok]: By default, only default user is not able to publish to any shard channel (2 ms)
[ok]: By default, only default user is able to subscribe to any channel (2 ms)
[ok]: By default, only default user is able to subscribe to any shard channel (2 ms)
[ok]: By default, only default user is able to subscribe to any pattern (2 ms)
[ok]: It's possible to allow publishing to a subset of channels (1 ms)
[ok]: It's possible to allow publishing to a subset of shard channels (3 ms)
[ok]: Validate subset of channels is prefixed with resetchannels flag (3 ms)
[ok]: In transaction queue publish/subscribe/psubscribe to unauthorized channel will fail (4 ms)
[ok]: It's possible to allow subscribing to a subset of channels (3 ms)
[ok]: It's possible to allow subscribing to a subset of shard channels (1 ms)
[ok]: It's possible to allow subscribing to a subset of channel patterns (2 ms)
[ok]: Subscribers are killed when revoked of channel permission (2 ms)
[ok]: Subscribers are killed when revoked of channel permission (4 ms)
[ok]: Subscribers are killed when revoked of pattern permission (2 ms)
[ok]: Subscribers are killed when revoked of allchannels permission (4 ms)
[ok]: Subscribers are pardoned if literal permissions are retained and/or gaining allchannels (5 ms)
[ok]: Users can be configured to authenticate with any password (1 ms)
[ok]: ACLs can exclude single commands (2 ms)
[ok]: ACLs can include or exclude whole classes of commands (2 ms)
[ok]: ACLs can include single subcommands (3 ms)
[ok]: ACLs can exclude single subcommands, case 1 (2 ms)
[ok]: ACLs can exclude single subcommands, case 2 (2 ms)
[ok]: ACLs cannot include a subcommand with a specific arg (1 ms)
[ok]: ACLs cannot exclude or include a container commands with a specific arg (0 ms)
[ok]: ACLs cannot exclude or include a container command with two args (1 ms)
[ok]: ACLs including of a type includes also subcommands (2 ms)
[ok]: ACLs can block SELECT of all but a specific DB (3 ms)
[ok]: ACLs can block all DEBUG subcommands except one (2 ms)
[ok]: ACLs set can include subcommands, if already full command exists (4 ms)
[ok]: ACLs set can exclude subcommands, if already full command exists (7 ms)
[ok]: ACL GETUSER is able to translate back command permissions (2 ms)
[ok]: Test basic multiple selectors (3 ms)
[ok]: Test ACL selectors by default have no permissions (1 ms)
[ok]: Test deleting selectors (2 ms)
[ok]: Test selector syntax error reports the error in the selector context (1 ms)
[ok]: Test flexible selector definition (7 ms)
[ok]: Test separate read permission (2 ms)
[ok]: Test separate write permission (2 ms)
[ok]: Test separate read and write permissions (1 ms)
[ok]: Test separate read and write permissions on different selectors are not additive (2 ms)
[ok]: Test SET with separate read permission (2 ms)
[ok]: Test SET with separate write permission (2 ms)
[ok]: Test SET with read and write permissions (4 ms)
[ok]: Test BITFIELD with separate read permission (5 ms)
[ok]: Test BITFIELD with separate write permission (2 ms)
[ok]: Test BITFIELD with read and write permissions (2 ms)
[ok]: Test ACL log correctly identifies the relevant item when selectors are used (4 ms)
[ok]: ACL GETUSER provides reasonable results (52 ms)
[ok]: ACL CAT with illegal arguments (1 ms)
[ok]: Test ACL GETUSER response information (4 ms)
[ok]: ACL CAT without category - list all categories (1 ms)
[ok]: ACL CAT category - list all commands/subcommands that belong to category (2 ms)
[ok]: ACL requires explicit permission for scripting for EVAL_RO, EVALSHA_RO and FCALL_RO (2 ms)
[ok]: ACL #5998 regression: memory leaks adding / removing subcommands (0 ms)
[ok]: Test ACL list idempotency (7 ms)
[ok]: Test R+W is the same as all permissions (1 ms)
[ok]: Test basic dry run functionality (3 ms)
[ok]: ACL LOG shows failed command executions at toplevel (6 ms)
[ok]: Test various commands for command permissions (2 ms)
[ok]: ACL LOG shows failed subcommand executions at toplevel (4 ms)
[ok]: ACL LOG is able to test similar events (4 ms)
[ok]: ACL LOG is able to log keys access violations and key name (2 ms)
[ok]: ACL LOG is able to log channel access violations and channel name (2 ms)
[ok]: ACL LOG RESET is able to flush the entries in the log (2 ms)
[ok]: ACL LOG can distinguish the transaction context (1) (2 ms)
[ok]: Test various odd commands for key permissions (15 ms)
[ok]: Existence test commands are not marked as access (3 ms)
[ok]: ACL LOG can distinguish the transaction context (2) (5 ms)
[ok]: ACL can log errors in the context of Lua scripting (2 ms)
[ok]: Intersection cardinaltiy commands are access commands (3 ms)
[ok]: ACL LOG can accept a numerical argument to show less entries (2 ms)
[ok]: ACL LOG can log failed auth attempts (1 ms)
[ok]: Test general keyspace commands require some type of permission to execute (5 ms)
[ok]: ACL LOG entries are limited to a maximum amount (6 ms)
[ok]: When default user is off, new connections are not authenticated (2 ms)
[ok]: When default user has no command permission, hello command still works for other users (3 ms)
[ok]: Cardinality commands require some type of permission to execute (16 ms)
[ok]: ACL HELP should not have unexpected options (1 ms)
[ok]: Delete a user that the client doesn't use (1 ms)
[ok]: Test sharded channel permissions (3 ms)
[ok]: Delete a user that the client is using (1 ms)
[ok]: ACL GENPASS command failed test (1 ms)
[ok]: Test sort with ACL permissions (6 ms)
[ok]: Default user can not be removed (1 ms)
[ok]: Test DRYRUN with wrong number of arguments (1 ms)
[ok]: ACL load non-existing configured ACL file (0 ms)
[ok]: EXPIRE should not resurrect keys (issue #1026) (1003 ms)
[ok]: 5 keys in, 5 keys out (2 ms)
[ok]: EXPIRE with empty string as TTL should report an error (1 ms)
[ok]: SET with EX with big integer should report an error (1 ms)
[ok]: SET with EX with smallest integer should report an error (0 ms)
[ok]: GETEX with big integer should report an error (0 ms)
[ok]: GETEX with smallest integer should report an error (1 ms)
[ok]: EXPIRE with big integer overflows when converted to milliseconds (1 ms)
[ok]: PEXPIRE with big integer overflow when basetime is added (0 ms)
[ok]: EXPIRE with big negative integer (1 ms)
[ok]: PEXPIREAT with big integer works (1 ms)
[ok]: PEXPIREAT with big negative integer works (0 ms)
[ok]: AOF rewrite during write load: RDB preamble=yes (5417 ms)
[ok]: BLMPOP_LEFT: timeout (1078 ms)
[ok]: BLMPOP_LEFT: arguments are empty (12 ms)
[ok]: BLMPOP_RIGHT: with single empty list argument (2 ms)
[ok]: BLMPOP_RIGHT: with negative timeout (0 ms)
[ok]: BLMPOP_RIGHT: with non-integer timeout (3 ms)
[ok]: Test behavior of loading ACLs (3 ms)
[ok]: default: load from include file, can access any channels (0 ms)
[ok]: default: with config acl-pubsub-default allchannels after reset, can access any channels (1 ms)
[ok]: default: with config acl-pubsub-default resetchannels after reset, can not access any channels (1 ms)
[ok]: Alice: can execute all command (2 ms)
[ok]: Bob: just execute @set and acl command (1 ms)
[ok]: ACL load and save (6 ms)
[ok]: ACL load and save with restricted channels (13 ms)
[ok]: EXPIRES after AOF reload (without rewrite) (2129 ms)
[11/84 done]: unit/acl-v2 (1 seconds)
Testing unit/latency-monitor
[ok]: LATENCY HISTOGRAM with empty histogram (1 ms)
[ok]: LATENCY HISTOGRAM all commands (1 ms)
[ok]: LATENCY HISTOGRAM sub commands (9 ms)
[ok]: LATENCY HISTOGRAM with a subset of commands (1 ms)
[ok]: LATENCY HISTOGRAM command (2 ms)
[ok]: LATENCY HISTOGRAM with wrong command name skips the invalid one (2 ms)
[ok]: BLMPOP_RIGHT: with zero timeout should block indefinitely (1004 ms)
[ok]: Default user has access to all channels irrespective of flag (1 ms)
[ok]: Update acl-pubsub-default, existing users shouldn't get affected (1 ms)
[ok]: Single channel is valid (1 ms)
[ok]: BLMPOP_RIGHT: with 0.001 timeout should not block indefinitely (30 ms)
[ok]: Single channel is not valid with allchannels (2 ms)
[ok]: BLMPOP_RIGHT: second argument is not a list (1 ms)
[ok]: PIPELINING stresser (also a regression for the old epoll bug) (1013 ms)
[ok]: APPEND basics (3 ms)
[ok]: APPEND basics, integer encoded values (3 ms)
[ok]: All time-to-live(TTL) in commands are propagated as absolute timestamp in milliseconds in AOF (2016 ms)
[ok]: Only default user has access to all channels irrespective of flag (2 ms)
[ok]: BLMPOP_RIGHT: timeout (1072 ms)
[ok]: BLMPOP_RIGHT: arguments are empty (2 ms)
[ok]: BLPOP inside a transaction (0 ms)
[ok]: BLMPOP_LEFT inside a transaction (2 ms)
[ok]: All TTL in commands are propagated as absolute timestamp in replication stream (33 ms)
[ok]: BLMPOP propagate as pop with count command to replica (198 ms)
[ok]: LPUSHX, RPUSHX - generic (1 ms)
[ok]: LPUSHX, RPUSHX - linkedlist (0 ms)
[ok]: LINSERT - linkedlist (2 ms)
[ok]: LPUSHX, RPUSHX - ziplist (5 ms)
[ok]: LINSERT - ziplist (13 ms)
[ok]: LINSERT raise error on bad syntax (1 ms)
[ok]: LINDEX consistency test - quicklist (263 ms)
[ok]: default: load from config file, without channel permission default user can't access any channels (0 ms)
[ok]: First server should have role slave after REPLICAOF (1 ms)
[ok]: LINDEX random access - quicklist (163 ms)
[ok]: Check if list is still ok after a DEBUG RELOAD - quicklist (476 ms)
[ok]: For all replicated TTL-related commands, absolute expire times are identical on primary and replica (752 ms)
[ok]: default: load from config file with all channels permissions (2 ms)
[ok]: expired key which is created in writeable replicas should be deleted by active expiry (309 ms)
[ok]: APPEND fuzzing (2630 ms)
[ok]: SET command will remove expire (0 ms)
[ok]: SET - use KEEPTTL option, TTL should not be removed (1 ms)
[ok]: LINDEX consistency test - quicklist (803 ms)
[ok]: FLUSHDB (80 ms)
[ok]: Perform a final SAVE to leave a clean DB on disk (2 ms)
[ok]: RESET clears client state (4 ms)
[ok]: RESET clears MONITOR state (9 ms)
[ok]: RESET clears and discards MULTI state (7 ms)
[ok]: RESET clears Pub/Sub state (9 ms)
[ok]: RESET clears authenticated state (1 ms)
[ok]: Subcommand syntax error crash (issue #10070) (5 ms)
[ok]: Test latency events logging (3403 ms)
[ok]: LATENCY HISTORY output is ok (1 ms)
[ok]: LATENCY LATEST output is ok (0 ms)
[ok]: Test loading an ACL file with duplicate users (85 ms)
[ok]: LINDEX random access - quicklist (385 ms)
[ok]: Test loading an ACL file with duplicate default user (68 ms)
[ok]: Test loading duplicate users in config on startup (71 ms)
[ok]: Stress test the hash ziplist -> hashtable encoding conversion (6679 ms)
[ok]: XREAD with non empty second stream (5768 ms)
[ok]: Blocking XREAD waiting new data (4 ms)
[ok]: Blocking XREAD waiting old data (2 ms)
[ok]: Hash ziplist of various encodings (98 ms)
[ok]: Hash ziplist of various encodings - sanitize dump (5 ms)
[ok]: HINCRBYFLOAT does not allow NaN or Infinity (2 ms)
[ok]: ZDIFF fuzzing - listpack (15126 ms)
[ok]: ZPOPMIN with the count 0 returns an empty array (1 ms)
[ok]: ZPOPMIN with negative count (2 ms)
[ok]: ZPOPMAX with the count 0 returns an empty array (4 ms)
[ok]: ZPOPMAX with negative count (2 ms)
[ok]: Blocking XREAD will not reply with an empty array (115 ms)
[ok]: Basic ZPOPMIN/ZPOPMAX with a single key - listpack (8 ms)
[ok]: ZPOPMIN/ZPOPMAX with count - listpack (8 ms)
[ok]: Basic ZMPOP_MIN/ZMPOP_MAX with a single key - listpack (5 ms)
[ok]: ZMPOP_MIN/ZMPOP_MAX with count - listpack (6 ms)
[ok]: BZPOPMIN/BZPOPMAX with a single existing sorted set - listpack (7 ms)
[ok]: BZPOPMIN/BZPOPMAX with multiple existing sorted sets - listpack (6 ms)
[ok]: BZPOPMIN/BZPOPMAX second sorted set has members - listpack (4 ms)
[ok]: BZMPOP_MIN/BZMPOP_MAX with a single existing sorted set - listpack (2 ms)
[ok]: BZMPOP_MIN/BZMPOP_MAX with multiple existing sorted sets - listpack (8 ms)
[ok]: Check if list is still ok after a DEBUG RELOAD - quicklist (573 ms)
[ok]: BZMPOP_MIN/BZMPOP_MAX second sorted set has members - listpack (8 ms)
[ok]: LLEN against non-list value error (6 ms)
[ok]: LLEN against non existing key (1 ms)
[ok]: LINDEX against non-list value error (1 ms)
[ok]: LINDEX against non existing key (0 ms)
[ok]: LPUSH against non-list value error (0 ms)
[ok]: Basic ZPOPMIN/ZPOPMAX - listpack RESP3 (7 ms)
[ok]: RPUSH against non-list value error (1 ms)
[ok]: RPOPLPUSH base case - linkedlist (3 ms)
[ok]: ZPOPMIN/ZPOPMAX with count - listpack RESP3 (5 ms)
[ok]: LMOVE left left base case - linkedlist (1 ms)
[ok]: Basic ZMPOP_MIN/ZMPOP_MAX - listpack RESP3 (3 ms)
[ok]: LMOVE left right base case - linkedlist (5 ms)
[ok]: LMOVE right left base case - linkedlist (2 ms)
[ok]: LMOVE right right base case - linkedlist (3 ms)
[ok]: ZMPOP_MIN/ZMPOP_MAX with count - listpack RESP3 (8 ms)
[ok]: BZPOPMIN/BZPOPMAX - listpack RESP3 (3 ms)
[ok]: RPOPLPUSH with the same list as src and dst - linkedlist (4 ms)
[ok]: LMOVE left left with the same list as src and dst - linkedlist (7 ms)
[ok]: LMOVE left right with the same list as src and dst - linkedlist (1 ms)
[ok]: LMOVE right left with the same list as src and dst - linkedlist (3 ms)
[ok]: BZMPOP_MIN/BZMPOP_MAX - listpack RESP3 (11 ms)
[ok]: LMOVE right right with the same list as src and dst - linkedlist (3 ms)
[ok]: Blocking XREAD for stream that ran dry (issue #5299) (102 ms)
[ok]: Check encoding - skiplist (1 ms)
[ok]: RPOPLPUSH with linkedlist source and existing target linkedlist (5 ms)
[ok]: ZSET basic ZADD and score update - skiplist (2 ms)
[ok]: XREAD: XADD + DEL should not awake client (6 ms)
[ok]: ZSET element can't be set to NaN with ZADD - skiplist (0 ms)
[ok]: ZSET element can't be set to NaN with ZINCRBY - skiplist (0 ms)
[ok]: ZADD with options syntax error with incomplete pair - skiplist (0 ms)
[ok]: ZADD XX option without key - skiplist (1 ms)
[ok]: ZADD XX existing key - skiplist (3 ms)
[ok]: XREAD: XADD + DEL + LPUSH should not awake client (4 ms)
[ok]: ZADD XX returns the number of elements actually added - skiplist (2 ms)
[ok]: ZADD XX updates existing elements score - skiplist (4 ms)
[ok]: LMOVE left left with linkedlist source and existing target linkedlist (11 ms)
[ok]: ZADD GT updates existing elements when new scores are greater - skiplist (3 ms)
[ok]: LMOVE left right with linkedlist source and existing target linkedlist (2 ms)
[ok]: XREAD with same stream name multiple times should work (6 ms)
[ok]: LMOVE right left with linkedlist source and existing target linkedlist (1 ms)
[ok]: LMOVE right right with linkedlist source and existing target linkedlist (1 ms)
[ok]: XREAD + multiple XADD inside transaction (5 ms)
[ok]: RPOPLPUSH with linkedlist source and existing target ziplist (5 ms)
[ok]: ZADD LT updates existing elements when new scores are lower - skiplist (6 ms)
[ok]: XDEL basic test (2 ms)
[ok]: ZADD GT XX updates existing elements when new scores are greater and skips new elements - skiplist (4 ms)
[ok]: LMOVE left left with linkedlist source and existing target ziplist (6 ms)
[ok]: ZADD LT XX updates existing elements when new scores are lower and skips new elements - skiplist (5 ms)
[ok]: LMOVE left right with linkedlist source and existing target ziplist (5 ms)
[ok]: ZADD XX and NX are not compatible - skiplist (1 ms)
[ok]: ZADD NX with non existing key - skiplist (1 ms)
[ok]: ZADD NX only add new elements without updating old ones - skiplist (2 ms)
[ok]: ZADD GT and NX are not compatible - skiplist (1 ms)
[ok]: ZADD LT and NX are not compatible - skiplist (1 ms)
[ok]: ZADD LT and GT are not compatible - skiplist (1 ms)
[ok]: ZADD INCR LT/GT replies with nill if score not updated - skiplist (3 ms)
[ok]: LMOVE right left with linkedlist source and existing target ziplist (7 ms)
[ok]: LMOVE right right with linkedlist source and existing target ziplist (3 ms)
[ok]: RPOPLPUSH base case - ziplist (1 ms)
[ok]: ZADD INCR LT/GT with inf - skiplist (7 ms)
[ok]: ZADD INCR works like ZINCRBY - skiplist (2 ms)
[ok]: LMOVE left left base case - ziplist (5 ms)
[ok]: ZADD INCR works with a single score-elemenet pair - skiplist (1 ms)
[ok]: ZADD CH option changes return value to all changed elements - skiplist (3 ms)
[ok]: LMOVE left right base case - ziplist (5 ms)
[ok]: ZINCRBY calls leading to NaN result in error - skiplist (2 ms)
[ok]: ZADD - Variadic version base case - $encoding (2 ms)
[ok]: ZADD - Return value is the number of actually added items - $encoding (5 ms)
[ok]: ZADD - Variadic version does not add nothing on single parsing err - $encoding (2 ms)
[ok]: LMOVE right left base case - ziplist (11 ms)
[ok]: ZADD - Variadic version will raise error on missing arg - $encoding (3 ms)
[ok]: ZINCRBY does not work variadic even if shares ZADD implementation - $encoding (1 ms)
[ok]: LMOVE right right base case - ziplist (3 ms)
[ok]: ZCARD basics - skiplist (1 ms)
[ok]: RPOPLPUSH with the same list as src and dst - ziplist (3 ms)
[ok]: LMOVE left left with the same list as src and dst - ziplist (4 ms)
[ok]: ZREM removes key after last element is removed - skiplist (4 ms)
[ok]: ZREM variadic version - skiplist (1 ms)
[ok]: ZREM variadic version -- remove elements after key deletion - skiplist (1 ms)
[ok]: ZRANGE basics - skiplist (8 ms)
[ok]: LMOVE left right with the same list as src and dst - ziplist (9 ms)
[ok]: LMOVE right left with the same list as src and dst - ziplist (2 ms)
[ok]: LMOVE right right with the same list as src and dst - ziplist (1 ms)
[ok]: RPOPLPUSH with ziplist source and existing target linkedlist (1 ms)
[ok]: LMOVE left left with ziplist source and existing target linkedlist (1 ms)
[ok]: ZREVRANGE basics - skiplist (12 ms)
[ok]: LMOVE left right with ziplist source and existing target linkedlist (8 ms)
[ok]: ZRANK/ZREVRANK basics - skiplist (3 ms)
[ok]: ZRANK - after deletion - skiplist (2 ms)
[ok]: ZINCRBY - can create a new sorted set - skiplist (1 ms)
[ok]: LMOVE right left with ziplist source and existing target linkedlist (7 ms)
[ok]: ZINCRBY - increment and decrement - skiplist (2 ms)
[ok]: ZINCRBY return value - skiplist (3 ms)
[ok]: LMOVE right right with ziplist source and existing target linkedlist (4 ms)
[ok]: RPOPLPUSH with ziplist source and existing target ziplist (10 ms)
[ok]: LMOVE left left with ziplist source and existing target ziplist (4 ms)
[ok]: ZRANGEBYSCORE/ZREVRANGEBYSCORE/ZCOUNT basics - skiplist (21 ms)
[ok]: LMOVE left right with ziplist source and existing target ziplist (7 ms)
[ok]: ZRANGEBYSCORE with WITHSCORES - skiplist (3 ms)
[ok]: LMOVE right left with ziplist source and existing target ziplist (5 ms)
[ok]: ZRANGEBYSCORE with LIMIT - skiplist (6 ms)
[ok]: LMOVE right right with ziplist source and existing target ziplist (6 ms)
[ok]: ZRANGEBYSCORE with LIMIT and WITHSCORES - skiplist (5 ms)
[ok]: ZRANGEBYSCORE with non-value min or max - skiplist (2 ms)
[ok]: RPOPLPUSH against non existing key (5 ms)
[ok]: RPOPLPUSH against non list src key (2 ms)
[ok]: RPOPLPUSH against non list dst key (2 ms)
[12/84 done]: unit/type/hash (15 seconds)
Testing integration/block-repl
[ok]: RPOPLPUSH against non existing src key (1 ms)
[ok]: Basic LPOP/RPOP/LMPOP - linkedlist (7 ms)
[ok]: ZRANGEBYLEX/ZREVRANGEBYLEX/ZLEXCOUNT basics - skiplist (18 ms)
[ok]: Basic LPOP/RPOP/LMPOP - ziplist (8 ms)
[ok]: ZLEXCOUNT advanced - skiplist (8 ms)
[ok]: LPOP/RPOP/LMPOP against empty list (5 ms)
[ok]: ZRANGEBYSLEX with LIMIT - skiplist (9 ms)
[ok]: ZRANGEBYLEX with invalid lex range specifiers - skiplist (3 ms)
[ok]: LPOP/RPOP/LMPOP NON-BLOCK or BLOCK against non list value (14 ms)
[ok]: ZREMRANGEBYSCORE basics - skiplist (58 ms)
[ok]: ZREMRANGEBYSCORE with non-value min or max - skiplist (5 ms)
[ok]: ZREMRANGEBYRANK basics - skiplist (29 ms)
[ok]: ZUNIONSTORE against non-existing key doesn't set destination - skiplist (1 ms)
[ok]: ZUNION/ZINTER/ZINTERCARD/ZDIFF against non-existing key - skiplist (3 ms)
[ok]: ZUNIONSTORE with empty set - skiplist (1 ms)
[ok]: ZUNION/ZINTER/ZINTERCARD/ZDIFF with empty set - skiplist (4 ms)
[ok]: ZUNIONSTORE basics - skiplist (8 ms)
[ok]: ZUNION/ZINTER/ZINTERCARD/ZDIFF with integer members - skiplist (4 ms)
[ok]: ZUNIONSTORE with weights - skiplist (0 ms)
[ok]: ZUNION with weights - skiplist (1 ms)
[ok]: ZUNIONSTORE with a regular set and weights - skiplist (2 ms)
[ok]: ZUNIONSTORE with AGGREGATE MIN - skiplist (1 ms)
[ok]: ZUNION/ZINTER with AGGREGATE MIN - skiplist (0 ms)
[ok]: ZUNIONSTORE with AGGREGATE MAX - skiplist (1 ms)
[ok]: ZUNION/ZINTER with AGGREGATE MAX - skiplist (6 ms)
[ok]: ZINTERSTORE basics - skiplist (2 ms)
[ok]: ZINTER basics - skiplist (0 ms)
[ok]: ZINTERCARD with illegal arguments (3 ms)
[ok]: ZINTERCARD basics - skiplist (1 ms)
[ok]: ZINTER RESP3 - skiplist (0 ms)
[ok]: ZINTERSTORE with weights - skiplist (1 ms)
[ok]: ZINTER with weights - skiplist (1 ms)
[ok]: ZINTERSTORE with a regular set and weights - skiplist (6 ms)
[ok]: ZINTERSTORE with AGGREGATE MIN - skiplist (1 ms)
[ok]: ZINTERSTORE with AGGREGATE MAX - skiplist (2 ms)
[ok]: ZUNIONSTORE with +inf/-inf scores - skiplist (3 ms)
[ok]: ZUNIONSTORE with NaN weights - skiplist (3 ms)
[ok]: ZINTERSTORE with +inf/-inf scores - skiplist (4 ms)
[ok]: ZINTERSTORE with NaN weights - skiplist (1 ms)
[ok]: ZDIFFSTORE basics - skiplist (3 ms)
[ok]: ZDIFF basics - skiplist (1 ms)
[ok]: ZDIFFSTORE with a regular set - skiplist (3 ms)
[ok]: ZDIFF subtracting set from itself - skiplist (0 ms)
[ok]: ZDIFF algorithm 1 - skiplist (4 ms)
[ok]: ZDIFF algorithm 2 - skiplist (10 ms)
[ok]: Mass RPOP/LPOP - quicklist (174 ms)
[ok]: Mass RPOP/LPOP - quicklist (187 ms)
[ok]: LMPOP with illegal argument (3 ms)
[ok]: LMPOP single existing list (13 ms)
[ok]: LMPOP multiple existing lists (9 ms)
[ok]: MIGRATE cached connections are released after some time (15003 ms)
[ok]: LMPOP propagate as pop with count command to replica (24 ms)
[ok]: LRANGE basics - linkedlist (3 ms)
[ok]: LRANGE inverted indexes - linkedlist (3 ms)
[ok]: LRANGE out of range indexes including the full list - linkedlist (3 ms)
[ok]: LRANGE out of range negative end index - linkedlist (1 ms)
[ok]: LRANGE basics - ziplist (2 ms)
[ok]: SET 10000 numeric keys and access all them in reverse order (10252 ms)
[ok]: DBSIZE should be 10000 now (1 ms)
[ok]: SETNX target key missing (3 ms)
[ok]: LRANGE inverted indexes - ziplist (5 ms)
[ok]: LRANGE out of range indexes including the full list - ziplist (2 ms)
[ok]: SETNX target key exists (1 ms)
[ok]: LRANGE out of range negative end index - ziplist (1 ms)
[ok]: SETNX against not-expired volatile key (1 ms)
[ok]: LRANGE against non existing key (1 ms)
[ok]: LRANGE with start > end yields an empty array for backward compatibility (0 ms)
[ok]: LTRIM basics - linkedlist (17 ms)
[ok]: LTRIM out of range negative end index - linkedlist (3 ms)
[ok]: LTRIM basics - ziplist (13 ms)
[ok]: LTRIM out of range negative end index - ziplist (2 ms)
[ok]: LSET - linkedlist (2 ms)
[ok]: LSET out of range index - linkedlist (0 ms)
[ok]: LSET - ziplist (2 ms)
[ok]: LSET out of range index - ziplist (0 ms)
[ok]: LSET against non existing key (1 ms)
[ok]: LSET against non list value (0 ms)
[ok]: LREM remove all the occurrences - linkedlist (2 ms)
[ok]: LREM remove the first occurrence - linkedlist (0 ms)
[ok]: LREM remove non existing element - linkedlist (0 ms)
[ok]: LREM starting from tail with negative count - linkedlist (2 ms)
[ok]: LREM starting from tail with negative count (2) - linkedlist (1 ms)
[ok]: LREM deleting objects that may be int encoded - linkedlist (0 ms)
[ok]: LREM remove all the occurrences - ziplist (1 ms)
[ok]: LREM remove the first occurrence - ziplist (0 ms)
[ok]: LREM remove non existing element - ziplist (0 ms)
[ok]: LREM starting from tail with negative count - ziplist (2 ms)
[ok]: LREM starting from tail with negative count (2) - ziplist (0 ms)
[ok]: LREM deleting objects that may be int encoded - ziplist (1 ms)
[ok]: Don't rehash if redis has child process (847 ms)
[ok]: ACL from config file and config rewrite (614 ms)
[ok]: SET - use KEEPTTL option, TTL should not be removed after loadaof (2002 ms)
[ok]: GETEX use of PERSIST option should remove TTL (2 ms)
[ok]: AOF rewrite during write load: RDB preamble=no (6375 ms)
[ok]: SDIFF fuzzing (16192 ms)
[ok]: SDIFF against non-set should throw error (4 ms)
[13/84 done]: unit/acl (7 seconds)
Testing integration/replication
[ok]: SDIFF should handle non existing key as empty (5 ms)
[ok]: SDIFFSTORE against non-set should throw error (5 ms)
[ok]: SDIFFSTORE should handle non existing key as empty (8 ms)
[ok]: SINTER against non-set should throw error (2 ms)
[ok]: SINTER should handle non existing key as empty (1 ms)
[ok]: SINTER with same integer elements but different encoding (4 ms)
[ok]: SINTERSTORE against non-set should throw error (9 ms)
[ok]: SINTERSTORE against non existing keys should delete dstkey (3 ms)
[ok]: SUNION against non-set should throw error (9 ms)
[ok]: SUNION should handle non existing key as empty (2 ms)
[ok]: SUNIONSTORE against non-set should throw error (7 ms)
[ok]: SUNIONSTORE should handle non existing key as empty (6 ms)
[ok]: SUNIONSTORE against non existing keys should delete dstkey (1 ms)
[ok]: SPOP basics - hashtable (5 ms)
[ok]: SPOP with <count>=1 - hashtable (3 ms)
[ok]: MIGRATE is able to migrate a key between two instances (726 ms)
[ok]: SRANDMEMBER - hashtable (37 ms)
[ok]: SPOP basics - intset (2 ms)
[ok]: SPOP with <count>=1 - intset (5 ms)
[ok]: SRANDMEMBER - intset (42 ms)
[ok]: SPOP with <count> (18 ms)
[ok]: SPOP with <count> (22 ms)
[ok]: SPOP using integers, testing Knuth's and Floyd's algorithm (18 ms)
[ok]: SPOP using integers with Knuth's algorithm (1 ms)
[ok]: SPOP new implementation: code path #1 (8 ms)
[ok]: SPOP new implementation: code path #2 (14 ms)
[ok]: SPOP new implementation: code path #3 (9 ms)
[ok]: SRANDMEMBER count of 0 is handled correctly (0 ms)
[ok]: SRANDMEMBER with <count> against non existing key (0 ms)
[ok]: SRANDMEMBER count overflow (1 ms)
[ok]: SRANDMEMBER count of 0 is handled correctly - emptyarray (0 ms)
[ok]: SRANDMEMBER with <count> against non existing key - emptyarray (1 ms)
[ok]: Process title set as expected (21 ms)
[ok]: SRANDMEMBER with <count> - hashtable (74 ms)
[ok]: SRANDMEMBER with <count> - intset (63 ms)
[ok]: Regression for bug 593 - chaining BRPOPLPUSH with other blocking cmds (1003 ms)
[ok]: client unblock tests (12 ms)
[ok]: client unblock tests (8 ms)
[ok]: List ziplist of various encodings (54 ms)
[ok]: List ziplist of various encodings - sanitize dump (5 ms)
[ok]: MIGRATE is able to copy a key between two instances (495 ms)
[14/84 done]: unit/other (15 seconds)
Testing integration/replication-2
[ok]: SRANDMEMBER histogram distribution - hashtable (272 ms)
[ok]: First server should have role slave after SLAVEOF (1005 ms)
[ok]: Slave enters handshake (1 ms)
[ok]: Turning off AOF kills the background writing child if any (100 ms)
[15/84 done]: unit/type/list (17 seconds)
Testing integration/replication-3
[ok]: SRANDMEMBER histogram distribution - intset (322 ms)
[ok]: AOF rewrite of list with quicklist encoding, string data (287 ms)
[ok]: Stress tester for #3343-alike bugs comp: 1 (8779 ms)
[ok]: First server should have role slave after SLAVEOF (103 ms)
[ok]: Old Big Linked list: SORT BY key (315 ms)
[ok]: Old Big Linked list: SORT BY key with limit (6 ms)
[ok]: MIGRATE will not overwrite existing keys, unless REPLACE is used (752 ms)
[ok]: XDEL fuzz test (2567 ms)
[ok]: Old Big Linked list: SORT BY hash field (233 ms)
[ok]: Intset: SORT BY key (0 ms)
[ok]: Intset: SORT BY key with limit (0 ms)
[ok]: Intset: SORT BY hash field (0 ms)
[ok]: AOF rewrite of list with quicklist encoding, int data (492 ms)
[ok]: First server should have role slave after SLAVEOF (101 ms)
[ok]: LATENCY of expire events are correctly collected (3641 ms)
[ok]: LATENCY HISTORY / RESET with wrong event name is fine (0 ms)
[ok]: LATENCY DOCTOR produces some output (1 ms)
[ok]: LATENCY RESET is able to reset events (0 ms)
[ok]: LATENCY HELP should not have unexpected options (0 ms)
[ok]: AOF rewrite of set with intset encoding, string data (112 ms)
[ok]: GETEX use of PERSIST option should remove TTL after loadaof (2002 ms)
[ok]: If min-slaves-to-write is honored, write is accepted (607 ms)
[ok]: No write if min-slaves-to-write is < attached slaves (2 ms)
[ok]: If min-slaves-to-write is honored, write is accepted (again) (2 ms)
[ok]: GETEX propagate as to replica as PERSIST, DEL, or nothing (23 ms)
[ok]: EXPIRE with NX option on a key with ttl (0 ms)
[ok]: EXPIRE with NX option on a key without ttl (2 ms)
[ok]: EXPIRE with XX option on a key with ttl (0 ms)
[ok]: EXPIRE with XX option on a key without ttl (1 ms)
[ok]: EXPIRE with GT option on a key with lower ttl (0 ms)
[ok]: EXPIRE with GT option on a key with higher ttl (1 ms)
[ok]: EXPIRE with GT option on a key without ttl (1 ms)
[ok]: EXPIRE with LT option on a key with higher ttl (1 ms)
[ok]: EXPIRE with LT option on a key with lower ttl (1 ms)
[ok]: EXPIRE with LT option on a key without ttl (1 ms)
[ok]: EXPIRE with LT and XX option on a key with ttl (1 ms)
[ok]: EXPIRE with LT and XX option on a key without ttl (1 ms)
[ok]: EXPIRE with conflicting options: LT GT (1 ms)
[ok]: EXPIRE with conflicting options: NX GT (0 ms)
[ok]: EXPIRE with conflicting options: NX LT (0 ms)
[ok]: EXPIRE with conflicting options: NX XX (0 ms)
[ok]: EXPIRE with unsupported options (1 ms)
[ok]: EXPIRE with unsupported options (0 ms)
[ok]: EXPIRE with negative expiry (1 ms)
[ok]: EXPIRE with negative expiry on a non-valitale key (1 ms)
[ok]: EXPIRE with non-existed key (1 ms)
[ok]: SCAN: Lazy-expire should not be wrapped in MULTI/EXEC (86 ms)
[16/84 done]: unit/latency-monitor (8 seconds)
Testing integration/replication-4
[ok]: RANDOMKEY: Lazy-expire should not be wrapped in MULTI/EXEC (101 ms)
[ok]: MIGRATE propagates TTL correctly (729 ms)
[ok]: Hash table: SORT BY key (4 ms)
[ok]: Hash table: SORT BY key with limit (5 ms)
[ok]: Hash table: SORT BY hash field (4 ms)
[17/84 done]: unit/expire (18 seconds)
Testing integration/replication-psync
[ok]: AOF rewrite of set with hashtable encoding, string data (605 ms)
[ok]: AOF rewrite of set with intset encoding, int data (63 ms)
[ok]: Slave should be able to synchronize with the master (102 ms)
[ok]: AOF rewrite of set with hashtable encoding, int data (645 ms)
[ok]: AOF rewrite of hash with listpack encoding, string data (63 ms)
[ok]: AOF rewrite of hash with hashtable encoding, string data (641 ms)
[ok]: First server should have role slave after SLAVEOF (1003 ms)
[ok]: AOF rewrite of hash with listpack encoding, int data (63 ms)
[ok]: Detect write load to master (1003 ms)
[ok]: Test replication partial resync: no reconnection, just sync (diskless: no, disabled, reconnect: 0) (126 ms)
[ok]: AOF rewrite of hash with hashtable encoding, int data (649 ms)
[ok]: AOF rewrite of zset with listpack encoding, string data (63 ms)
[ok]: No write if min-slaves-max-lag is > of the slave lag (3263 ms)
[ok]: min-slaves-to-write is ignored by slaves (5 ms)
[ok]: SETNX against expired volatile key (5696 ms)
[ok]: GETEX EX option (1 ms)
[ok]: GETEX PX option (5 ms)
[ok]: GETEX EXAT option (5 ms)
[ok]: GETEX PXAT option (3 ms)
[ok]: GETEX PERSIST option (3 ms)
[ok]: GETEX no option (2 ms)
[ok]: GETEX syntax errors (2 ms)
[ok]: GETEX no arguments (1 ms)
[ok]: GETDEL command (4 ms)
[ok]: AOF rewrite of zset with skiplist encoding, string data (638 ms)
[ok]: GETDEL propagate as DEL command to replica (43 ms)
[ok]: AOF rewrite of zset with listpack encoding, int data (62 ms)
[ok]: GETEX without argument does not propagate to replica (105 ms)
[ok]: MGET (14 ms)
[ok]: MGET against non existing key (1 ms)
[ok]: MGET against non-string key (4 ms)
[ok]: GETSET (set new value) (4 ms)
[ok]: GETSET (replace old value) (4 ms)
[ok]: MSET base case (2 ms)
[ok]: MSET/MSETNX wrong number of args (2 ms)
[ok]: MSETNX with already existent key (4 ms)
[ok]: MSETNX with not existing keys (3 ms)
[ok]: MSETNX with not existing keys - same key twice (3 ms)
[ok]: MSETNX with already existing keys - same key twice (2 ms)
[ok]: STRLEN against non-existing key (1 ms)
[ok]: STRLEN against integer-encoded value (1 ms)
[ok]: STRLEN against plain string (2 ms)
[ok]: SETBIT against non-existing key (3 ms)
[ok]: SETBIT against string-encoded key (4 ms)
[ok]: SETBIT against integer-encoded key (11 ms)
[ok]: SETBIT against key with wrong type (3 ms)
[ok]: SETBIT with out of range bit offset (4 ms)
[ok]: SETBIT with non-bit argument (6 ms)
[ok]: Slave should be able to synchronize with the master (101 ms)
[ok]: AOF rewrite of zset with skiplist encoding, int data (820 ms)
[ok]: AOF rewrite functions (112 ms)
[ok]: BGREWRITEAOF is delayed if BGSAVE is in progress (315 ms)
[ok]: BGREWRITEAOF is refused if already in progress (117 ms)
[ok]: Detect write load to master (1003 ms)
[18/84 done]: unit/aofrw (19 seconds)
Testing integration/replication-buffer
[ok]: SETBIT fuzzing (3301 ms)
[ok]: GETBIT against non-existing key (1 ms)
[ok]: GETBIT against string-encoded key (4 ms)
[ok]: GETBIT against integer-encoded key (7 ms)
[ok]: SETRANGE against non-existing key (9 ms)
[ok]: SETRANGE against string-encoded key (7 ms)
[ok]: SETRANGE against integer-encoded key (23 ms)
[ok]: SETRANGE against key with wrong type (3 ms)
[ok]: SETRANGE with out of range offset (7 ms)
[ok]: GETRANGE against non-existing key (2 ms)
[ok]: GETRANGE against string value (4 ms)
[ok]: GETRANGE against integer-encoded value (6 ms)
[ok]: Test replication with parallel clients writing in different DBs (5164 ms)
[ok]: All replicas share one global replication buffer (184 ms)
[ok]: Stress tester for #3343-alike bugs comp: 0 (8849 ms)
[ok]: Replication buffer will become smaller when no replica uses (319 ms)
[ok]: First server should have role slave after SLAVEOF (101 ms)
[ok]: With min-slaves-to-write (1,3): master should be writable (1 ms)
[ok]: With min-slaves-to-write (2,3): master should not be writable (2 ms)
[ok]: With min-slaves-to-write function without no-write flag (4 ms)
[ok]: With not enough good slaves, read in Lua script is still accepted (0 ms)
[ok]: Slave is able to detect timeout during handshake (0 ms)
[ok]: GETRANGE fuzzing (2385 ms)
[ok]: trim on SET with big value (93 ms)
[ok]: Extended SET can detect syntax errors (1 ms)
[ok]: Extended SET NX option (3 ms)
[ok]: Extended SET XX option (3 ms)
[ok]: Extended SET GET option (2 ms)
[ok]: Extended SET GET option with no previous value (2 ms)
[ok]: Extended SET GET option with XX (8 ms)
[ok]: Extended SET GET option with XX and no previous value (1 ms)
[ok]: Extended SET GET option with NX (3 ms)
[ok]: Extended SET GET option with NX and previous value (2 ms)
[ok]: Extended SET GET with incorrect type should result in wrong type error (2 ms)
[ok]: Extended SET EX option (3 ms)
[ok]: ZDIFF fuzzing - skiplist (12099 ms)
[ok]: Extended SET PX option (1 ms)
[ok]: Extended SET EXAT option (2 ms)
[ok]: ZPOPMIN with the count 0 returns an empty array (2 ms)
[ok]: Extended SET PXAT option (3 ms)
[ok]: ZPOPMIN with negative count (3 ms)
[ok]: ZPOPMAX with the count 0 returns an empty array (2 ms)
[ok]: Extended SET using multiple options at once (2 ms)
[ok]: GETRANGE with huge ranges, Github issue #1844 (1 ms)
[ok]: ZPOPMAX with negative count (2 ms)
[ok]: LCS basic (2 ms)
[ok]: Basic ZPOPMIN/ZPOPMAX with a single key - skiplist (5 ms)
[ok]: LCS len (7 ms)
[ok]: ZPOPMIN/ZPOPMAX with count - skiplist (5 ms)
[ok]: LCS indexes (2 ms)
[ok]: LCS indexes with match len (1 ms)
[ok]: LCS indexes with match len and minimum match len (1 ms)
[ok]: SETRANGE with huge offset (3 ms)
[ok]: Basic ZMPOP_MIN/ZMPOP_MAX with a single key - skiplist (8 ms)
[ok]: ZMPOP_MIN/ZMPOP_MAX with count - skiplist (6 ms)
[ok]: BZPOPMIN/BZPOPMAX with a single existing sorted set - skiplist (6 ms)
[ok]: BZPOPMIN/BZPOPMAX with multiple existing sorted sets - skiplist (8 ms)
[ok]: BZPOPMIN/BZPOPMAX second sorted set has members - skiplist (4 ms)
[ok]: BZMPOP_MIN/BZMPOP_MAX with a single existing sorted set - skiplist (5 ms)
[ok]: BZMPOP_MIN/BZMPOP_MAX with multiple existing sorted sets - skiplist (9 ms)
[ok]: BZMPOP_MIN/BZMPOP_MAX second sorted set has members - skiplist (5 ms)
[ok]: Basic ZPOPMIN/ZPOPMAX - skiplist RESP3 (4 ms)
[ok]: ZPOPMIN/ZPOPMAX with count - skiplist RESP3 (4 ms)
[ok]: Basic ZMPOP_MIN/ZMPOP_MAX - skiplist RESP3 (6 ms)
[ok]: ZMPOP_MIN/ZMPOP_MAX with count - skiplist RESP3 (4 ms)
[ok]: BZPOPMIN/BZPOPMAX - skiplist RESP3 (8 ms)
[ok]: BZMPOP_MIN/BZMPOP_MAX - skiplist RESP3 (9 ms)
[ok]: ZPOP/ZMPOP against wrong type (11 ms)
[ok]: ZMPOP with illegal argument (7 ms)
[ok]: ZMPOP propagate as pop with count command to replica (30 ms)
[ok]: ZPOPMIN/ZPOPMAX readraw in RESP3 (4 ms)
[19/84 done]: unit/type/string (28 seconds)
Testing integration/shutdown
[ok]: BZPOPMIN/BZPOPMAX readraw in RESP3 (174 ms)
[ok]: ZMPOP readraw in RESP3 (2 ms)
[ok]: BZMPOP readraw in RESP3 (200 ms)
[ok]: ZPOPMIN/ZPOPMAX readraw in RESP2 (4 ms)
[ok]: BZPOPMIN/BZPOPMAX readraw in RESP2 (195 ms)
[ok]: ZMPOP readraw in RESP2 (8 ms)
[ok]: Set instance A as slave of B (102 ms)
[ok]: BZMPOP readraw in RESP2 (192 ms)
[ok]: ZINTERSTORE regression with two sets, intset+hashtable (2 ms)
[ok]: ZUNIONSTORE regression, should not create NaN in scores (3 ms)
[ok]: ZINTERSTORE #516 regression, mixed sets and ziplist zsets (4 ms)
[ok]: ZUNIONSTORE result is sorted (114 ms)
[ok]: ZUNIONSTORE/ZINTERSTORE/ZDIFFSTORE error if using WITHSCORES  (2 ms)
[ok]: ZMSCORE retrieve (3 ms)
[ok]: ZMSCORE retrieve from empty set (1 ms)
[ok]: ZMSCORE retrieve with missing member (1 ms)
[ok]: ZMSCORE retrieve single member (4 ms)
[ok]: ZMSCORE retrieve requires one or more members (4 ms)
[ok]: ZSET commands don't accept the empty strings as valid score (1 ms)
[ok]: zunionInterDiffGenericCommand at least 1 input key (4 ms)
[ok]: ZSCORE - listpack (140 ms)
[ok]: INCRBYFLOAT replication, should not remove expire (510 ms)
[ok]: GETSET replication (4 ms)
[ok]: BRPOPLPUSH replication, when blocking against empty list (3 ms)
[ok]: ZMSCORE - listpack (122 ms)
[ok]: ZSCORE after a DEBUG RELOAD - listpack (78 ms)
[ok]: ZSET sorting stresser - listpack (112 ms)
[ok]: Test replication partial resync: ok psync (diskless: no, disabled, reconnect: 1) (6182 ms)
[ok]: BRPOPLPUSH replication, list exists (1004 ms)
[ok]: BLMOVE (left, left) replication, when blocking against empty list (3 ms)
[ok]: With min-slaves-to-write: master not writable with lagged slave (3598 ms)
[ok]: LTRIM stress testing - linkedlist (30318 ms)
[ok]: MASTER and SLAVE consistency with expire (12609 ms)
[ok]: Master can replicate command longer than client-query-buffer-limit on replica (98 ms)
[ok]: BLMOVE (left, left) replication, list exists (1004 ms)
[ok]: BLMOVE (left, right) replication, when blocking against empty list (3 ms)
[ok]: Slave should be able to synchronize with the master (102 ms)
[ok]: XRANGE fuzzing (13291 ms)
[ok]: XREVRANGE regression test for issue #5006 (2 ms)
[ok]: XREAD streamID edge (no-blocking) (4 ms)
[ok]: XREAD streamID edge (blocking) (7 ms)
[ok]: XADD streamID edge (2 ms)
[ok]: XTRIM with MAXLEN option basic test (648 ms)
[ok]: XADD with LIMIT consecutive calls (63 ms)
[ok]: First server should have role slave after SLAVEOF (104 ms)
[ok]: Shutting down master waits for replica to catch up (sigterm) (3829 ms)
[ok]: XTRIM with ~ is limited (67 ms)
[ok]: XTRIM without ~ is not limited (60 ms)
[ok]: XTRIM without ~ and with LIMIT (64 ms)
[ok]: XTRIM with LIMIT delete entries no more than limit (9 ms)
[ok]: BLMOVE (left, right) replication, list exists (1005 ms)
[ok]: BLMOVE (right, left) replication, when blocking against empty list (4 ms)
[ok]: Detect write load to master (1002 ms)
[ok]: XADD with MAXLEN > xlen can propagate correctly (36 ms)
[ok]: BLMOVE (right, left) replication, list exists (1005 ms)
[ok]: BLMOVE (right, right) replication, when blocking against empty list (3 ms)
[ok]: XADD with MINID > lastid can propagate correctly (57 ms)
[ok]: BLMOVE (right, right) replication, list exists (1005 ms)
[ok]: BLPOP followed by role change, issue #2473 (207 ms)
[ok]: Replication of an expired key does not delete the expired key (2477 ms)
[ok]: XADD with ~ MAXLEN can propagate correctly (44 ms)
[ok]: XADD with ~ MAXLEN and LIMIT can propagate correctly (37 ms)
[ok]: Second server should have role master at first (3 ms)
[ok]: SLAVEOF should start with link status "down" (2 ms)
[ok]: The role should immediately be changed to "replica" (2 ms)
[ok]: Sync should have transferred keys from master (0 ms)
[ok]: The link status should be up (0 ms)
[ok]: XADD with ~ MINID can propagate correctly (54 ms)
[ok]: First server should have role slave after SLAVEOF (0 ms)
[ok]: Big Hash table: SORT BY key (475 ms)
[ok]: Big Hash table: SORT BY key with limit (13 ms)
[ok]: SET on the master should immediately propagate (806 ms)
[ok]: Replication backlog size can outgrow the backlog limit config (6726 ms)
[ok]: FLUSHDB / FLUSHALL should replicate (44 ms)
[ok]: ROLE in master reports master with a slave (0 ms)
[ok]: ROLE in slave reports slave in connected state (2 ms)
[ok]: XADD with ~ MINID and LIMIT can propagate correctly (43 ms)
[ok]: Big Hash table: SORT BY hash field (489 ms)
[ok]: SORT GET # (2 ms)
[ok]: SORT GET <const> (2 ms)
[ok]: SORT GET (key and hash) with sanity check (21 ms)
[ok]: SORT BY key STORE (3 ms)
[ok]: SORT BY hash field STORE (3 ms)
[ok]: SORT extracts STORE correctly (1 ms)
[ok]: SORT_RO get keys (1 ms)
[ok]: SORT extracts multiple STORE correctly (1 ms)
[ok]: SORT DESC (0 ms)
[ok]: SORT ALPHA against integer encoded strings (3 ms)
[ok]: SORT sorted set (4 ms)
[ok]: SORT sorted set BY nosort should retain ordering (6 ms)
[ok]: SORT sorted set BY nosort + LIMIT (11 ms)
[ok]: SORT sorted set BY nosort works as expected from scripts (8 ms)
[ok]: SORT sorted set: +inf and -inf handling (4 ms)
[ok]: SORT regression for issue #19, sorting floats (14 ms)
[ok]: SORT with STORE returns zero if result is empty (github issue 224) (1 ms)
[ok]: SORT with STORE does not create empty lists (github issue 224) (2 ms)
[ok]: SORT with STORE removes key if result is empty (github issue 227) (3 ms)
[ok]: SORT with BY <constant> and STORE should still order output (3 ms)
[ok]: SORT will complain with numerical sorting and bad doubles (1) (3 ms)
[ok]: SORT will complain with numerical sorting and bad doubles (2) (2 ms)
[ok]: SORT BY sub-sorts lexicographically if score is the same (3 ms)
[ok]: SORT GET with pattern ending with just -> does not get hash field (3 ms)
[ok]: SORT by nosort retains native order for lists (2 ms)
[ok]: SORT by nosort plus store retains native order for lists (3 ms)
[ok]: SORT by nosort with limit returns based on original list order (1 ms)
[ok]: SORT_RO - Successful case (3 ms)
[ok]: SORT_RO - Cannot run with STORE arg (1 ms)
[ok]: Slave is able to evict keys created in writable slaves (6008 ms)
[ok]: Writable replica doesn't return expired keys (105 ms)
[ok]: PFCOUNT updates cache on readonly replica (4 ms)
[ok]: ziplist implementation: value encoding and backlink (10500 ms)
[ok]: SORT speed, 100 element list BY key, 100 times (71 ms)
[ok]: PFCOUNT doesn't use expired key on readonly replica (107 ms)
[ok]: SORT speed, 100 element list BY hash field, 100 times (66 ms)
[ok]: SORT speed, 100 element list directly, 100 times (70 ms)
[ok]: SORT speed, 100 element list BY <const>, 100 times (76 ms)
[ok]: SETRANGE with huge offset (5 ms)
[ok]: XTRIM with ~ MAXLEN can propagate correctly (54 ms)
[20/84 done]: unit/sort (37 seconds)
Testing integration/aof
[ok]: Unfinished MULTI: Server should start if load-truncated is yes (38 ms)
[ok]: Shutting down master waits for replica to catch up (shutdown) (5916 ms)
[21/84 done]: integration/replication-3 (21 seconds)
Testing integration/aof-multi-part
[ok]: Short read: Server should start if load-truncated is yes (45 ms)
[ok]: Truncated AOF loaded: we expect foo to be equal to 5 (2 ms)
[ok]: Append a new command after loading an incomplete AOF (1 ms)
[ok]: XADD can CREATE an empty stream (1 ms)
[ok]: XSETID can set a specific ID (3 ms)
[ok]: XSETID cannot SETID with smaller ID (1 ms)
[ok]: XSETID cannot SETID on non-existent key (0 ms)
[ok]: XSETID cannot run with an offset but without a maximal tombstone (1 ms)
[ok]: XSETID cannot run with a maximal tombstone but without an offset (1 ms)
[ok]: XSETID errors on negstive offset (0 ms)
[ok]: XSETID cannot set the maximal tombstone with larger ID (2 ms)
[ok]: XSETID cannot set the offset to less than the length (6 ms)
[ok]: Multi Part AOF can't load data when some file missing (525 ms)
[ok]: XADD advances the entries-added counter and sets the recorded-first-entry-id (3 ms)
[ok]: XDEL/TRIM are reflected by recorded first entry (5 ms)
[ok]: Maxmimum XDEL ID behaves correctly (5 ms)
[ok]: Short read + command: Server should start (40 ms)
[ok]: Truncated AOF loaded: we expect foo to be equal to 6 now (3 ms)
[ok]: Multi Part AOF can't load data when the sequence not increase monotonically (568 ms)
[ok]: Bad format: Server should have logged an error (49 ms)
[ok]: Empty stream can be rewrite into AOF correctly (128 ms)
[ok]: Stream can be rewrite into AOF correctly after XDEL lastid (119 ms)
[ok]: Test replication partial resync: no backlog (diskless: no, disabled, reconnect: 1) (7720 ms)
[ok]: Multi Part AOF can't load data when there are blank lines in the manifest file (572 ms)
[ok]: Unfinished MULTI: Server should have logged an error (40 ms)
[ok]: Multi Part AOF can't load data when there is a duplicate base file (460 ms)
[ok]: Short read: Server should have logged an error (32 ms)
[ok]: XGROUP HELP should not have unexpected options (0 ms)
[ok]: XINFO HELP should not have unexpected options (1 ms)
[ok]: Short read: Utility should confirm the AOF is not valid (33 ms)
[ok]: Short read: Utility should show the abnormal line num in AOF (40 ms)
[ok]: Short read: Utility should be able to fix the AOF (36 ms)
[22/84 done]: unit/type/stream (40 seconds)
Testing integration/rdb
[ok]: Multi Part AOF can't load data when the manifest format is wrong (type unknown) (459 ms)
[ok]: Fixed AOF: Server should have been started (40 ms)
[ok]: Fixed AOF: Keyspace should contain values that were parseable (2 ms)
[ok]: test old version rdb file (3 ms)
[ok]: Multi Part AOF can't load data when the manifest format is wrong (missing key) (537 ms)
[ok]: AOF+SPOP: Server should have been started (43 ms)
[ok]: AOF+SPOP: Set should have 1 member (2 ms)
[ok]: Slave should be able to synchronize with the master (101 ms)
[ok]: Multi Part AOF can't load data when the manifest format is wrong (line too short) (472 ms)
[ok]: RDB encoding loading test (38 ms)
[ok]: AOF+SPOP: Server should have been started (44 ms)
[ok]: AOF+SPOP: Set should have 1 member (4 ms)
[ok]: Test replication with blocking lists and sorted sets operations (25108 ms)
[ok]: Multi Part AOF can't load data when the manifest format is wrong (line too long) (560 ms)
[ok]: AOF+EXPIRE: Server should have been started (32 ms)
[ok]: AOF+EXPIRE: List should be empty (3 ms)
[ok]: Detect write load to master (1002 ms)
[ok]: Server started empty with non-existing RDB file (0 ms)
[ok]: Multi Part AOF can't load data when the manifest format is wrong (odd parameter) (529 ms)
[23/84 done]: integration/block-repl (28 seconds)
Testing integration/corrupt-dump
[ok]: Server started empty with empty RDB file (2 ms)
[ok]: Redis should not try to convert DEL into EXPIREAT for EXPIRE -1 (0 ms)
[ok]: Multi Part AOF can't load data when the manifest file is empty (483 ms)
[ok]: corrupt payload: #7445 - with sanitize (734 ms)
[ok]: Multi Part AOF can start when no aof and no manifest (564 ms)
[ok]: Test RDB stream encoding (540 ms)
[ok]: Test RDB stream encoding - sanitize dump (11 ms)
[ok]: corrupt payload: hash with valid zip list header, invalid entry len (489 ms)
[ok]: Multi Part AOF can start when we have en empty AOF dir (402 ms)
[ok]: Server should not start if RDB is corrupted (36 ms)
[ok]: corrupt payload: invalid zlbytes header (732 ms)
[ok]: Shutting down master waits for replica timeout (7106 ms)
[ok]: Multi Part AOF can load data discontinuously increasing sequence (630 ms)
[ok]: corrupt payload: valid zipped hash header, dup records (504 ms)
[ok]: Multi Part AOF can load data when manifest add new k-v (496 ms)
[ok]: Connect multiple replicas at the same time (issue #141), master diskless=no, replica diskless=disabled (6825 ms)
[ok]: Multi Part AOF can load data when some AOFs are empty (504 ms)
[ok]: corrupt payload: quicklist big ziplist prev len (763 ms)
[ok]: Test FLUSHALL aborts bgsave (1130 ms)
[ok]: bgsave resets the change counter (109 ms)
[ok]: Multi Part AOF can load data from old version redis (rdb preamble no) (717 ms)
[ok]: MASTER and SLAVE dataset should be identical after complex ops (25215 ms)
[ok]: corrupt payload: quicklist small ziplist prev len (716 ms)
[24/84 done]: integration/replication-2 (30 seconds)
Testing integration/corrupt-dump-fuzzer
[ok]: Multi Part AOF can load data from old version redis (rdb preamble yes) (842 ms)
[ok]: corrupt payload: quicklist ziplist wrong count (721 ms)
[ok]: Replica could use replication buffer (beyond backlog config) for partial resynchronization (11204 ms)
[ok]: ZRANGEBYSCORE fuzzy test, 100 ranges in 128 element sorted set - listpack (18520 ms)
[ok]: Shutting down master waits for replica then fails (3064 ms)
[ok]: Multi Part AOF can continue the upgrade from the interrupted upgrade state (533 ms)
[ok]: Replication backlog memory will become smaller if disconnecting with replica (424 ms)
[ok]: corrupt payload: #3080 - quicklist (696 ms)
[ok]: ZRANGEBYLEX fuzzy test, 100 ranges in 128 element sorted set - listpack (465 ms)
[ok]: Multi Part AOF can be loaded correctly when both server dir and aof dir contain old AOF (454 ms)
[ok]: corrupt payload: quicklist with empty ziplist (749 ms)
[ok]: Multi Part AOF can't load data when the manifest contains the old AOF file name but the file does not exist in server dir and aof dir (532 ms)
[ok]: ZREMRANGEBYLEX fuzzy test, 100 ranges in 128 element sorted set - listpack (1110 ms)
[ok]: Shutting down master waits for replica then aborted (1491 ms)
[25/84 done]: integration/shutdown (21 seconds)
Testing integration/convert-zipmap-hash-on-load
[ok]: Multi Part AOF can upgrade when when two redis share the same server dir (redis1) (111 ms)
[ok]: corrupt payload: quicklist encoded_len is 0 (474 ms)
[ok]: Multi Part AOF can upgrade when when two redis share the same server dir (redis2) (115 ms)
[ok]: ZSETs skiplist implementation backlink consistency test - listpack (211 ms)
[ok]: RDB load zipmap hash: converts to listpack (2 ms)
[ok]: corrupt payload: quicklist listpack entry start with EOF (544 ms)
[ok]: Multi Part AOF can upgrade when when two redis share the same server dir (1274 ms)
[ok]: RDB load zipmap hash: converts to hash table when hash-max-ziplist-entries is exceeded (3 ms)
[ok]: AOF fsync always barrier issue (6909 ms)
[ok]: corrupt payload: #3080 - ziplist (736 ms)
[ok]: Multi Part AOF can handle appendfilename contains whitespaces (748 ms)
[ok]: corrupt payload: load corrupted rdb with no CRC - #3505 (594 ms)
[ok]: RDB load zipmap hash: converts to hash table when hash-max-ziplist-value is exceeded (3 ms)
[ok]: Multi Part AOF can create BASE (RDB format) when redis starts from empty (415 ms)
[ok]: GETEX should not append to AOF (4 ms)
[ok]: Test replication partial resync: ok after delay (diskless: no, disabled, reconnect: 1) (9177 ms)
[26/84 done]: integration/convert-zipmap-hash-on-load (2 seconds)
Testing integration/convert-ziplist-hash-on-load
[ok]: Replication: commands with many arguments (issue #1221) (15931 ms)
Waiting for process 3739 to exit...
[ok]: Multi Part AOF can create BASE (AOF format) when redis starts from empty (407 ms)
[ok]: RDB load ziplist hash: converts to listpack when RDB loading (1 ms)
[ok]: Make sure aof manifest appendonly.aof.manifest not in aof directory (0 ms)
[ok]: Unknown command: Server should have logged an error (40 ms)
[ok]: corrupt payload: load corrupted rdb with empty keys (827 ms)
[ok]: AOF enable will create manifest file (376 ms)
[ok]: AOF+LMPOP/BLMPOP: pop elements from the list (208 ms)
[ok]: RDB load ziplist hash: converts to hash table when hash-max-ziplist-entries is exceeded (1 ms)
[ok]: Replication of SPOP command -- alsoPropagate() API (1213 ms)
[ok]: client freed during loading (6254 ms)
[ok]: AOF+LMPOP/BLMPOP: after pop elements from the list (2 ms)
[27/84 done]: integration/convert-ziplist-hash-on-load (2 seconds)
Testing integration/convert-ziplist-zset-on-load
[ok]: Slave should be able to synchronize with the master (102 ms)
[ok]: corrupt payload: load corrupted rdb with empty keys (1073 ms)
[ok]: RDB load ziplist zset: converts to listpack when RDB loading (2 ms)
[ok]: AOF multiple rewrite failures will open multiple INCR AOFs (1183 ms)
[ok]: AOF+ZMPOP/BZMPOP: pop elements from the zset (108 ms)
[ok]: corrupt payload: listpack invalid size header (699 ms)
[ok]: AOF rewrite doesn't open new aof when AOF turn off (355 ms)
[ok]: Partial resynchronization is successful even client-output-buffer-limit is less than repl-backlog-size (4692 ms)
[ok]: Detect write load to master (1002 ms)
[ok]: AOF enable/disable auto gc (209 ms)
[ok]: AOF+ZMPOP/BZMPOP: after pop elements from the zset (3 ms)
[ok]: AOF can produce consecutive sequence number after reload (119 ms)
[ok]: RDB load ziplist zset: converts to skiplist when zset-max-ziplist-entries is exceeded (7 ms)
[ok]: Connect multiple replicas at the same time (issue #141), master diskless=no, replica diskless=swapdb (6266 ms)
[ok]: corrupt payload: listpack too long entry len (682 ms)
[ok]: First server should have role slave after SLAVEOF (2 ms)
[28/84 done]: integration/convert-ziplist-zset-on-load (2 seconds)
Testing integration/logging
[ok]: AOF enable during BGSAVE will not write data util AOFRW finish (395 ms)
[ok]: Test RDB load info (1547 ms)
[ok]: SCAN regression test for issue #4906 (54526 ms)
[ok]: The update of replBufBlock's repl_offset is ok - Regression test for #11666 (4 ms)
[ok]: corrupt payload: listpack very long entry len (651 ms)
[ok]: Generate timestamp annotations in AOF (839 ms)
[ok]: ZSETs ZRANK augmented skip list stress testing - listpack (5825 ms)
[ok]: BZPOPMIN, ZADD + DEL should not awake blocked client (3 ms)
[29/84 done]: unit/scan (55 seconds)
Testing integration/psync2
[ok]: BZPOPMIN, ZADD + DEL + SET should not awake blocked client (9 ms)
[ok]: BZMPOP_MIN, ZADD + DEL should not awake blocked client (3 ms)
[ok]: BZMPOP_MIN, ZADD + DEL + SET should not awake blocked client (7 ms)
[ok]: BZPOPMIN with same key multiple times should work (4 ms)
[ok]: MULTI/EXEC is isolated from the point of view of BZPOPMIN (5 ms)
[ok]: BZPOPMIN with variadic ZADD (3 ms)
[ok]: Data divergence can happen under default conditions (813 ms)
[ok]: Data divergence is allowed on writable replicas (59 ms)
[ok]: Server is able to generate a stack trace on selected systems (223 ms)
[ok]: AOF will trigger limit when AOFRW fails many times (840 ms)
[ok]: Successfully load AOF which has timestamp annotations inside (104 ms)
[ok]: corrupt payload: listpack too long entry prev len (731 ms)
[30/84 done]: integration/replication-4 (38 seconds)
Testing integration/psync2-reg
[ok]: Crash report generated on SIGABRT (73 ms)
[ok]: BZPOPMIN with zero timeout should block indefinitely (1005 ms)
[ok]: MULTI/EXEC is isolated from the point of view of BZMPOP_MIN (8 ms)
[ok]: BZMPOP_MIN with variadic ZADD (10 ms)
[ok]: corrupt payload: stream with duplicate consumers (684 ms)
[ok]: Replica client-output-buffer size is limited to backlog_limit/16 when no replication data is pending (2704 ms)
[31/84 done]: integration/replication-buffer (34 seconds)
Testing integration/psync2-pingoff
[ok]: Crash report generated on DEBUG SEGFAULT (51 ms)
[32/84 done]: integration/logging (2 seconds)
Testing integration/psync2-master-restart
[ok]: LTRIM stress testing - ziplist (26711 ms)
[ok]: PSYNC2: --- CYCLE 1 --- (0 ms)
[ok]: PSYNC2: [NEW LAYOUT] Set #1 as master (3 ms)
[ok]: PSYNC2: Set #4 to replicate from #1 (1 ms)
[ok]: corrupt payload: hash ziplist with duplicate records (710 ms)
[33/84 done]: unit/type/list-2 (57 seconds)
Testing integration/failover
[ok]: BZMPOP_MIN with zero timeout should block indefinitely (1003 ms)
[ok]: Truncate AOF to specific timestamp (1801 ms)
[ok]: ZSCORE - skiplist (142 ms)
[ok]: ZMSCORE - skiplist (146 ms)
[ok]: ZSCORE after a DEBUG RELOAD - skiplist (156 ms)
[ok]: corrupt payload: hash listpack with duplicate records (510 ms)
[ok]: Fuzzer corrupt restore payloads - sanitize_dump: no (10567 ms)
[ok]: ZSET sorting stresser - skiplist (179 ms)
[ok]: PSYNC2 pingoff: setup (1010 ms)
[ok]: PSYNC2 pingoff: write and wait replication (3 ms)
[ok]: AOF will open a temporary INCR AOF to accumulate data until the first AOFRW success when AOF is dynamically enabled (2260 ms)
[ok]: PSYNC2: Set #0 to replicate from #1 (0 ms)
[ok]: PSYNC2 #3899 regression: setup (1009 ms)
[ok]: PSYNC2 #3899 regression: kill first replica (1 ms)
[ok]: failover command fails without connected replica (2 ms)
[ok]: setup replication for following tests (105 ms)
[ok]: failover command fails with invalid host (1 ms)
[ok]: failover command fails with invalid port (0 ms)
[ok]: failover command fails with just force and timeout (1 ms)
[ok]: failover command fails when sent to a replica (6 ms)
[ok]: failover command fails with force without timeout (0 ms)
[ok]: corrupt payload: hash listpack with duplicate records - convert (713 ms)
[34/84 done]: integration/aof-multi-part (21 seconds)
Testing integration/redis-cli
[ok]: corrupt payload: hash ziplist uneven record count (499 ms)
[ok]: Interactive CLI: INFO response should be printed raw (63 ms)
[ok]: PSYNC2: Set #2 to replicate from #3 (0 ms)
[ok]: Interactive CLI: Status reply (63 ms)
[ok]: Interactive CLI: Integer reply (81 ms)
[ok]: PSYNC2: Partial resync after Master restart using RDB aux fields when offset is 0 (1339 ms)
[ok]: Interactive CLI: Bulk reply (72 ms)
[ok]: Interactive CLI: Multi-bulk reply (66 ms)
[ok]: corrupt payload: hash duplicate records (692 ms)
[ok]: Interactive CLI: Parsing quotes (451 ms)
[ok]: Non-interactive TTY CLI: Status reply (39 ms)
[ok]: failover command to specific replica works (1470 ms)
[ok]: Non-interactive TTY CLI: Integer reply (35 ms)
[ok]: Non-interactive TTY CLI: Bulk reply (27 ms)
[ok]: Non-interactive TTY CLI: Multi-bulk reply (32 ms)
[ok]: PSYNC2: Set #3 to replicate from #0 (1 ms)
[ok]: Non-interactive TTY CLI: Read last argument from pipe (114 ms)
[ok]: Non-interactive TTY CLI: Read last argument from file (66 ms)
[ok]: EVAL timeout with slow verbatim Lua script from AOF (2740 ms)
[ok]: corrupt payload: hash empty zipmap (751 ms)
[ok]: PSYNC2 #3899 regression: kill first replica (1 ms)
[ok]: Non-interactive TTY CLI: Escape character in JSON mode (307 ms)
[ok]: Non-interactive non-TTY CLI: Status reply (37 ms)
[ok]: Non-interactive non-TTY CLI: Integer reply (36 ms)
[ok]: Non-interactive non-TTY CLI: Bulk reply (35 ms)
[ok]: Non-interactive non-TTY CLI: Multi-bulk reply (41 ms)
[ok]: failover command to any replica works (744 ms)
[ok]: Non-interactive non-TTY CLI: ASK redirect test (121 ms)
[ok]: Non-interactive non-TTY CLI: Quoted input arguments (30 ms)
[ok]: Non-interactive non-TTY CLI: No accidental unquoting of input arguments (73 ms)
[ok]: corrupt payload: fuzzer findings - NPD in streamIteratorGetID (496 ms)
[ok]: EVAL can process writes from AOF in read-only replicas (744 ms)
[ok]: Non-interactive non-TTY CLI: Invalid quoted input arguments (85 ms)
[ok]: Test redis-check-aof for old style resp AOF (36 ms)
[ok]: Test redis-check-aof for old style rdb-preamble AOF (38 ms)
[ok]: Test redis-check-aof for Multi Part AOF with resp AOF base (43 ms)
[ok]: Non-interactive non-TTY CLI: Read last argument from pipe (142 ms)
[ok]: failover to a replica with force works (442 ms)
[ok]: Test redis-check-aof for Multi Part AOF with rdb-preamble AOF base (62 ms)
[ok]: PSYNC2: cluster is consistent after failover (1 ms)
[ok]: Non-interactive non-TTY CLI: Read last argument from file (72 ms)
[ok]: Test redis-check-aof only truncates the last file for Multi Part AOF in fix mode (86 ms)
[ok]: Test redis-check-aof only truncates the last file for Multi Part AOF in truncate-to-timestamp mode (28 ms)
[ok]: PSYNC2 #3899 regression: kill first replica (0 ms)
[ok]: FLUSHDB / FLUSHALL should persist in AOF (14 ms)
[ok]: corrupt payload: fuzzer findings - listpack NPD on invalid stream (708 ms)
[ok]: failover with timeout aborts if replica never catches up (643 ms)
[ok]: failovers can be aborted (115 ms)
[35/84 done]: integration/aof (25 seconds)
Testing integration/redis-benchmark
[ok]: Test child sending info (6849 ms)
[ok]: PSYNC2: Partial resync after Master restart using RDB aux fields with data (435 ms)
[ok]: corrupt payload: fuzzer findings - NPD in quicklistIndex (661 ms)
[ok]: PSYNC2 #3899 regression: kill chained replica (0 ms)
[ok]: failover aborts if target rejects sync request (686 ms)
[ok]: benchmark: set,get (49 ms)
[ok]: benchmark: connecting using URI set,get (39 ms)
[ok]: corrupt payload: fuzzer findings - encoded entry header reach outside the allocation (507 ms)
[ok]: benchmark: connecting using URI with authentication set,get (44 ms)
[ok]: script won't load anymore if it's in rdb (0 ms)
[ok]: PSYNC2 #3899 regression: kill first replica (0 ms)
[ok]: PSYNC2 #3899 regression: kill first replica (0 ms)
[ok]: PSYNC2 pingoff: pause replica and promote it (5003 ms)
[ok]: Test replication partial resync: backlog expired (diskless: no, disabled, reconnect: 1) (9172 ms)
[ok]: benchmark: full test suite (418 ms)
[ok]: corrupt payload: fuzzer findings - invalid ziplist encoding (500 ms)
[ok]: Connect multiple replicas at the same time (issue #141), master diskless=yes, replica diskless=disabled (6690 ms)
[ok]: benchmark: multi-thread set,get (541 ms)
[ok]: corrupt payload: fuzzer findings - hash crash (512 ms)
[ok]: Make the old master a replica of the new one and check conditions (1008 ms)
[ok]: failed bgsave prevents writes (569 ms)
[ok]: Dumping an RDB - functions only: no (3088 ms)
[36/84 done]: integration/failover (7 seconds)
Testing integration/dismiss-mem
[37/84 done]: integration/rdb (24 seconds)
Testing unit/pubsub
[ok]: benchmark: pipelined full set,get (641 ms)
[ok]: Slave should be able to synchronize with the master (101 ms)
[ok]: PSYNC2 #3899 regression: kill chained replica (0 ms)
[ok]: benchmark: arbitrary command (85 ms)
[ok]: corrupt payload: fuzzer findings - uneven entry count in hash (746 ms)
[ok]: benchmark: keyspace length (190 ms)
[ok]: PSYNC2 #3899 regression: kill chained replica (0 ms)
[ok]: benchmark: clients idle mode should return error when reached maxclients limit (55 ms)
[ok]: Pub/Sub PING (8 ms)
[ok]: PUBLISH/SUBSCRIBE basics (9 ms)
[ok]: PUBLISH/SUBSCRIBE with two clients (6 ms)
[ok]: PUBLISH/SUBSCRIBE after UNSUBSCRIBE without arguments (2 ms)
[ok]: SUBSCRIBE to one channel more than once (3 ms)
[ok]: UNSUBSCRIBE from non-subscribed channels (4 ms)
[ok]: PSYNC2: Partial resync after Master restart using RDB aux fields with expire (2597 ms)
[ok]: PUBLISH/PSUBSCRIBE basics (10 ms)
[ok]: PUBLISH/PSUBSCRIBE with two clients (6 ms)
[ok]: PUBLISH/PSUBSCRIBE after PUNSUBSCRIBE without arguments (2 ms)
[ok]: PubSub messages with CLIENT REPLY OFF (93 ms)
[ok]: PUNSUBSCRIBE from non-subscribed channels (4 ms)
[ok]: NUMSUB returns numbers, not strings (#1561) (1 ms)
[ok]: NUMPATs returns the number of unique patterns (8 ms)
[ok]: Mix SUBSCRIBE and PSUBSCRIBE (6 ms)
[ok]: PUNSUBSCRIBE and UNSUBSCRIBE should always reply (2 ms)
[ok]: Keyspace notifications: we receive keyspace notifications (54 ms)
[ok]: Keyspace notifications: we receive keyevent notifications (51 ms)
[ok]: Keyspace notifications: we can receive both kind of events (3 ms)
[ok]: Keyspace notifications: we are able to mask events (2 ms)
[ok]: Keyspace notifications: general events test (7 ms)
[ok]: Keyspace notifications: list events test (8 ms)
[ok]: Keyspace notifications: set events test (8 ms)
[ok]: Keyspace notifications: zset events test (7 ms)
[ok]: Keyspace notifications: hash events test (6 ms)
[ok]: Keyspace notifications: stream events test (11 ms)
[ok]: Keyspace notifications: expired events (triggered expire) (105 ms)
[ok]: Dumping an RDB - functions only: yes (978 ms)
[ok]: corrupt payload: fuzzer findings - invalid read in lzf_decompress (737 ms)
[ok]: Keyspace notifications: expired events (background expire) (123 ms)
[ok]: Keyspace notifications: evicted events (9 ms)
[ok]: Keyspace notifications: test CONFIG GET/SET of event flags (7 ms)
[ok]: Keyspace notifications: new key test (2 ms)
[38/84 done]: integration/redis-benchmark (3 seconds)
Testing unit/pubsubshard
[ok]: Detect write load to master (1001 ms)
[ok]: PSYNC2 #3899 regression: kill first replica (0 ms)
[ok]: Scan mode (313 ms)
[ok]: Test replication partial resync: no reconnection, just sync (diskless: no, swapdb, reconnect: 0) (129 ms)
[39/84 done]: unit/pubsub (2 seconds)
Testing unit/slowlog
[ok]: SPUBLISH/SSUBSCRIBE basics (11 ms)
[ok]: SPUBLISH/SSUBSCRIBE with two clients (1 ms)
[ok]: SPUBLISH/SSUBSCRIBE after UNSUBSCRIBE without arguments (5 ms)
[ok]: SSUBSCRIBE to one channel more than once (3 ms)
[ok]: SUNSUBSCRIBE from non-subscribed channels (6 ms)
[ok]: PUBSUB command basics (0 ms)
[ok]: SPUBLISH/SSUBSCRIBE with two clients (7 ms)
[ok]: SPUBLISH/SSUBSCRIBE with PUBLISH/SUBSCRIBE (6 ms)
[ok]: PubSubShard with CLIENT REPLY OFF (91 ms)
[ok]: corrupt payload: fuzzer findings - leak in rdbloading due to dup entry in set (750 ms)
[ok]: SLOWLOG - check that it starts with an empty log (1 ms)
[ok]: PSYNC2: generate load while killing replication links (5000 ms)
[ok]: PSYNC2: cluster is consistent after load (x = 7658) (8 ms)
[ok]: PSYNC2: total sum of full synchronizations is exactly 4 (6 ms)
[ok]: PSYNC2: --- CYCLE 2 --- (0 ms)
[ok]: PSYNC2: [NEW LAYOUT] Set #1 as master (1 ms)
[ok]: PSYNC2: Set #4 to replicate from #0 (0 ms)
[ok]: PSYNC2: Set #0 to replicate from #1 (0 ms)
[ok]: PSYNC2: Set #2 to replicate from #3 (0 ms)
[ok]: PSYNC2: Set #3 to replicate from #1 (1 ms)
[ok]: PSYNC2: cluster is consistent after failover (2 ms)
[ok]: dismiss all data types memory (1398 ms)
[ok]: SLOWLOG - only logs commands taking more time than specified (201 ms)
[ok]: PSYNC2 #3899 regression: kill chained replica (0 ms)
[ok]: SLOWLOG - max entries is correctly handled (30 ms)
[ok]: SLOWLOG - GET optional argument to limit output len works (1 ms)
[ok]: SLOWLOG - RESET subcommand works (4 ms)
[ok]: PSYNC2 #3899 regression: kill chained replica (0 ms)
[ok]: corrupt payload: fuzzer findings - empty intset (499 ms)
[ok]: SLOWLOG - logged entry sanity check (203 ms)
[ok]: SLOWLOG - Certain commands are omitted that contain sensitive information (9 ms)
[ok]: SLOWLOG - Some commands can redact sensitive fields (3 ms)
[ok]: SLOWLOG - Rewritten commands are logged as their original command (22 ms)
[ok]: SLOWLOG - commands with too many arguments are trimmed (1 ms)
[ok]: SLOWLOG - too long arguments are trimmed (4 ms)
[ok]: SLOWLOG - EXEC is not logged, just executed commands (203 ms)
[ok]: setup replication for following tests (106 ms)
[ok]: publish message to master and receive on replica (3 ms)
[ok]: SLOWLOG - can clean older entries (207 ms)
[ok]: Slave should be able to synchronize with the master (105 ms)
[ok]: corrupt payload: fuzzer findings - zset ziplist entry lensize is 0 (696 ms)
[ok]: SLOWLOG - can be disabled (407 ms)
[ok]: SLOWLOG - count must be >= -1 (1 ms)
[ok]: SLOWLOG - get all slow logs (16 ms)
[40/84 done]: unit/slowlog (2 seconds)
Testing unit/scripting
[ok]: Connecting as a replica (2188 ms)
[ok]: corrupt payload: fuzzer findings - valgrind ziplist prevlen reaches outside the ziplist (547 ms)
[ok]: Fuzzer corrupt restore payloads - sanitize_dump: yes (9928 ms)
[41/84 done]: integration/corrupt-dump-fuzzer (21 seconds)
Testing unit/functions
[ok]: EVAL - Does Lua interpreter replies to our requests? (11 ms)
[ok]: EVAL - Return _G (2 ms)
[ok]: EVAL - Return table with a metatable that raise error (2 ms)
[ok]: EVAL - Return table with a metatable that call redis (3 ms)
[ok]: EVAL - Lua integer -> Redis protocol type conversion (6 ms)
[ok]: EVAL - Lua string -> Redis protocol type conversion (1 ms)
[ok]: EVAL - Lua true boolean -> Redis protocol type conversion (1 ms)
[ok]: EVAL - Lua false boolean -> Redis protocol type conversion (3 ms)
[ok]: EVAL - Lua status code reply -> Redis protocol type conversion (0 ms)
[ok]: EVAL - Lua error reply -> Redis protocol type conversion (1 ms)
[ok]: EVAL - Lua table -> Redis protocol type conversion (2 ms)
[ok]: EVAL - Are the KEYS and ARGV arrays populated correctly? (1 ms)
[ok]: EVAL - is Lua able to call Redis API? (2 ms)
[ok]: EVAL - Redis integer -> Lua type conversion (3 ms)
[ok]: EVAL - Redis bulk -> Lua type conversion (1 ms)
[ok]: EVAL - Redis multi bulk -> Lua type conversion (4 ms)
[ok]: EVAL - Redis status reply -> Lua type conversion (0 ms)
[ok]: EVAL - Redis error reply -> Lua type conversion (2 ms)
[ok]: EVAL - Redis nil bulk reply -> Lua type conversion (2 ms)
[ok]: EVAL - Is the Lua client using the currently selected DB? (3 ms)
[ok]: EVAL - SELECT inside Lua should not affect the caller (2 ms)
[ok]: EVAL - Scripts can't run blpop command (1 ms)
[ok]: EVAL - Scripts can't run brpop command (2 ms)
[ok]: EVAL - Scripts can't run brpoplpush command (2 ms)
[ok]: EVAL - Scripts can't run blmove command (6 ms)
[ok]: EVAL - Scripts can't run bzpopmin command (2 ms)
[ok]: EVAL - Scripts can't run bzpopmax command (1 ms)
[ok]: EVAL - Scripts can't run XREAD and XREADGROUP with BLOCK option (5 ms)
[ok]: EVAL - Scripts can run non-deterministic commands (2 ms)
[ok]: EVAL - No arguments to redis.call/pcall is considered an error (2 ms)
[ok]: EVAL - redis.call variant raises a Lua error on Redis cmd error (1) (1 ms)
[ok]: EVAL - redis.call variant raises a Lua error on Redis cmd error (1) (2 ms)
[ok]: EVAL - redis.call variant raises a Lua error on Redis cmd error (1) (4 ms)
[ok]: EVAL - JSON numeric decoding (1 ms)
[ok]: FUNCTION - Basic usage (2 ms)
[ok]: EVAL - JSON string decoding (2 ms)
[ok]: FUNCTION - Load with unknown argument (1 ms)
[ok]: FUNCTION - Create an already exiting library raise error (0 ms)
[ok]: EVAL - JSON smoke test (3 ms)
[ok]: FUNCTION - Create an already exiting library raise error (case insensitive) (0 ms)
[ok]: EVAL - cmsgpack can pack double? (1 ms)
[ok]: EVAL - cmsgpack can pack negative int64? (1 ms)
[ok]: FUNCTION - Create a library with wrong name format (1 ms)
[ok]: FUNCTION - Create library with unexisting engine (1 ms)
[ok]: FUNCTION - Test uncompiled script (1 ms)
[ok]: FUNCTION - test replace argument (1 ms)
[ok]: FUNCTION - test function case insensitive (1 ms)
[ok]: FUNCTION - test replace argument with failure keeps old libraries (1 ms)
[ok]: FUNCTION - test function delete (2 ms)
[ok]: FUNCTION - test fcall bad arguments (1 ms)
[ok]: FUNCTION - test fcall bad number of keys arguments (0 ms)
[ok]: FUNCTION - test fcall negative number of keys (1 ms)
[ok]: Detect write load to master (1002 ms)
[ok]: FUNCTION - test delete on not exiting library (0 ms)
[ok]: FUNCTION - test function kill when function is not running (1 ms)
[ok]: FUNCTION - test wrong subcommand (0 ms)
[ok]: FUNCTION - test loading from rdb (1 ms)
[ok]: FUNCTION - test debug reload different options (3 ms)
[ok]: FUNCTION - test debug reload with nosave and noflush (5 ms)
[ok]: FUNCTION - test flushall and flushdb do not clean functions (2 ms)
[ok]: FUNCTION - test function dump and restore (3 ms)
[ok]: FUNCTION - test function dump and restore with flush argument (1 ms)
[ok]: FUNCTION - test function dump and restore with append argument (3 ms)
[ok]: FUNCTION - test function dump and restore with replace argument (5 ms)
[ok]: FUNCTION - test function restore with bad payload do not drop existing functions (2 ms)
[ok]: FUNCTION - test function restore with wrong number of arguments (0 ms)
[ok]: FUNCTION - test fcall_ro with write command (2 ms)
[ok]: FUNCTION - test fcall_ro with read only commands (2 ms)
[ok]: FUNCTION - test keys and argv (1 ms)
[ok]: FUNCTION - test command get keys on fcall (1 ms)
[ok]: FUNCTION - test command get keys on fcall_ro (2 ms)
[ok]: corrupt payload: fuzzer findings - valgrind - bad rdbLoadDoubleValue (549 ms)
[ok]: FUNCTION - test function kill (416 ms)
[ok]: EVAL - cmsgpack pack/unpack smoke test (532 ms)
[ok]: EVAL - cmsgpack can pack and unpack circular references? (2 ms)
[ok]: EVAL - Numerical sanity check from bitop (3 ms)
[ok]: EVAL - Verify minimal bitop functionality (1 ms)
[ok]: EVAL - Able to parse trailing comments (2 ms)
[ok]: EVAL_RO - Successful case (2 ms)
[ok]: EVAL_RO - Cannot run write commands (1 ms)
[ok]: redis.sha1hex() implementation (0 ms)
[ok]: Globals protection reading an undeclared global variable (2 ms)
[ok]: Globals protection setting an undeclared global* (2 ms)
[ok]: Test an example script DECR_IF_GT (10 ms)
[ok]: PSYNC2: Full resync after Master restart when too many key expired (3824 ms)
[ok]: corrupt payload: fuzzer findings - valgrind ziplist prev too big (539 ms)
[42/84 done]: unit/pubsubshard (4 seconds)
Testing unit/maxmemory
[ok]: FUNCTION - test script kill not working on function (420 ms)
[ok]: FUNCTION - test function kill not working on eval (413 ms)
[ok]: FUNCTION - test function flush (15 ms)
[ok]: FUNCTION - test function wrong argument (1 ms)
[ok]: eviction due to output buffers of many MGET clients, client eviction: false (144 ms)
[ok]: dismiss client output buffer (3318 ms)
[ok]: PSYNC2 #3899 regression: kill first replica (0 ms)
[ok]: corrupt payload: fuzzer findings - lzf decompression fails, avoid valgrind invalid read (729 ms)
[43/84 done]: integration/psync2-master-restart (13 seconds)
Testing unit/introspection
[ok]: dismiss client query buffer (210 ms)
[ok]: test various edge cases of repl topology changes with missing pings at the end (3579 ms)
[ok]: PING (2 ms)
[ok]: CLIENT LIST (1 ms)
[ok]: CLIENT LIST with IDs (1 ms)
[ok]: CLIENT INFO (1 ms)
[ok]: CLIENT KILL with illegal arguments (6 ms)
[ok]: CLIENT KILL SKIPME YES/NO will kill all clients (18 ms)
[ok]: CLIENT REPLY OFF/ON: disable all commands reply (45 ms)
[ok]: CLIENT REPLY SKIP: skip the next command reply (51 ms)
[ok]: CLIENT REPLY ON: unset SKIP flag (48 ms)
[ok]: MONITOR can log executed commands (8 ms)
[ok]: MONITOR can log commands issued by the scripting engine (7 ms)
[ok]: MONITOR can log commands issued by functions (3 ms)
[ok]: MONITOR supports redacting command arguments (12 ms)
[ok]: MONITOR correctly handles multi-exec cases (6 ms)
[ok]: CLIENT GETNAME should return NIL if name is not assigned (0 ms)
[ok]: CLIENT LIST shows empty fields for unassigned names (1 ms)
[ok]: CLIENT SETNAME does not accept spaces (1 ms)
[ok]: CLIENT SETNAME can assign a name to this connection (3 ms)
[ok]: CLIENT SETNAME can change the name of an existing connection (2 ms)
[ok]: After CLIENT SETNAME, connection can still be closed (6 ms)
[ok]: corrupt payload: fuzzer findings - stream bad lp_count (735 ms)
[ok]: Connect a replica to the master instance (7 ms)
[ok]: Piping raw protocol (2783 ms)
[ok]: Options -X with illegal argument (133 ms)
[ok]: FUNCTION - creation is replicated to replica (511 ms)
[ok]: FUNCTION - call on replica (2 ms)
[ok]: FUNCTION - restore is replicated to replica (2 ms)
[ok]: FUNCTION - delete is replicated to replica (2 ms)
[ok]: FUNCTION - flush is replicated to replica (2 ms)
[ok]: DUMP RESTORE with -x option (236 ms)
[ok]: Disconnecting the replica from master instance (13 ms)
[ok]: FUNCTION - test replication to replica on rdb phase (0 ms)
[ok]: FUNCTION - test replication to replica on rdb phase info command (0 ms)
[ok]: FUNCTION - create on read only replica (0 ms)
[ok]: FUNCTION - delete on read only replica (0 ms)
[ok]: corrupt payload: fuzzer findings - stream bad lp_count - unsanitized (644 ms)
[ok]: DUMP RESTORE with -X option (215 ms)
[ok]: PSYNC2: generate load while killing replication links (5005 ms)
[ok]: PSYNC2: cluster is consistent after load (x = 12413) (11 ms)
[ok]: PSYNC2: total sum of full synchronizations is exactly 4 (3 ms)
[ok]: PSYNC2: --- CYCLE 3 --- (0 ms)
[ok]: PSYNC2: [NEW LAYOUT] Set #0 as master (0 ms)
[ok]: PSYNC2: Set #4 to replicate from #3 (0 ms)
[44/84 done]: integration/redis-cli (12 seconds)
Testing unit/introspection-2
[ok]: corrupt payload: fuzzer findings - stream integrity check issue (531 ms)
[ok]: eviction due to input buffer of a dead client, client eviction: false (2187 ms)
[ok]: dismiss replication backlog (1998 ms)
[ok]: FUNCTION - function effect is replicated to replica (1015 ms)
[ok]: FUNCTION - modify key space of read only replica (0 ms)
[45/84 done]: integration/dismiss-mem (8 seconds)
Testing unit/limits
[ok]: corrupt payload: fuzzer findings - infinite loop (676 ms)
[ok]: PSYNC2: Set #1 to replicate from #0 (0 ms)
[ok]: PSYNC2: Set #2 to replicate from #3 (1 ms)
[ok]: PSYNC2: Set #3 to replicate from #0 (0 ms)
[ok]: ZRANGEBYSCORE fuzzy test, 100 ranges in 100 element sorted set - skiplist (14391 ms)
[ok]: eviction due to output buffers of pubsub, client eviction: false (896 ms)
[ok]: ZRANGEBYLEX fuzzy test, 100 ranges in 100 element sorted set - skiplist (263 ms)
[ok]: eviction due to output buffers of many MGET clients, client eviction: true (106 ms)
[ok]: PSYNC2 #3899 regression: kill first replica (0 ms)
[ok]: ZREMRANGEBYLEX fuzzy test, 100 ranges in 100 element sorted set - skiplist (271 ms)
[ok]: corrupt payload: fuzzer findings - hash ziplist too long entry len (732 ms)
[ok]: ZSETs skiplist implementation backlink consistency test - skiplist (80 ms)
[ok]: PSYNC2: cluster is consistent after failover (2 ms)
[ok]: Check if maxclients works refusing connections (914 ms)
[46/84 done]: unit/limits (2 seconds)
Testing unit/obuf-limits
[ok]: corrupt payload: OOM in rdbGenericLoadStringObject (759 ms)
[ok]: CONFIG save params special case handled properly (3465 ms)
[ok]: CONFIG sanity (101 ms)
[ok]: CONFIG SET client-output-buffer-limit (11 ms)
[ok]: PSYNC2 #3899 regression: kill first replica (0 ms)
[ok]: Connect multiple replicas at the same time (issue #141), master diskless=yes, replica diskless=swapdb (7809 ms)
[ok]: FUNCTION can processes create, delete and flush commands in AOF when doing "debug loadaof" in read-only slaves (834 ms)
[ok]: PSYNC2 #3899 regression: kill first replica (1 ms)
[ok]: Test replication partial resync: ok psync (diskless: no, swapdb, reconnect: 1) (6192 ms)
[ok]: corrupt payload: fuzzer findings - OOM in dictExpand (708 ms)
[ok]: CONFIG REWRITE sanity (524 ms)
[ok]: LIBRARIES - test shared function can access default globals (3 ms)
[ok]: LIBRARIES - usage and code sharing (2 ms)
[ok]: LIBRARIES - test registration failure revert the entire load (3 ms)
[ok]: LIBRARIES - test registration function name collision (2 ms)
[ok]: LIBRARIES - test registration function name collision on same library (1 ms)
[ok]: LIBRARIES - test registration with no argument (0 ms)
[ok]: LIBRARIES - test registration with only name (0 ms)
[ok]: LIBRARIES - test registration with to many arguments (1 ms)
[ok]: LIBRARIES - test registration with no string name (0 ms)
[ok]: LIBRARIES - test registration with wrong name format (1 ms)
[ok]: LIBRARIES - test registration with empty name (1 ms)
[ok]: LIBRARIES - math.random from function load (2 ms)
[ok]: LIBRARIES - redis.call from function load (1 ms)
[ok]: LIBRARIES - redis.setresp from function load (1 ms)
[ok]: LIBRARIES - redis.set_repl from function load (2 ms)
[ok]: LIBRARIES - malicious access test (5 ms)
[ok]: LIBRARIES - delete removed all functions on library (0 ms)
[ok]: LIBRARIES - register function inside a function (1 ms)
[ok]: LIBRARIES - register library with no functions (1 ms)
[ok]: PSYNC2 #3899 regression: kill first replica (0 ms)
[ok]: PSYNC2 #3899 regression: kill first replica (0 ms)
[ok]: TTL, TYPE and EXISTS do not alter the last access time of a key (3004 ms)
[ok]: LIBRARIES - load timeout (506 ms)
[ok]: LIBRARIES - verify global protection on the load run (1 ms)
[ok]: LIBRARIES - named arguments (2 ms)
[ok]: LIBRARIES - named arguments, bad function name (1 ms)
[ok]: LIBRARIES - named arguments, bad callback type (1 ms)
[ok]: LIBRARIES - named arguments, bad description (2 ms)
[ok]: LIBRARIES - named arguments, unknown argument (1 ms)
[ok]: LIBRARIES - named arguments, missing function name (1 ms)
[ok]: LIBRARIES - named arguments, missing callback (1 ms)
[ok]: FUNCTION - test function restore with function name collision (20 ms)
[ok]: FUNCTION - test function list with code (1 ms)
[ok]: FUNCTION - test function list with pattern (1 ms)
[ok]: FUNCTION - test function list wrong argument (0 ms)
[ok]: FUNCTION - test function list with bad argument to library name (1 ms)
[ok]: FUNCTION - test function list withcode multiple times (2 ms)
[ok]: FUNCTION - test function list libraryname multiple times (1 ms)
[ok]: FUNCTION - verify OOM on function load and function restore (9 ms)
[ok]: FUNCTION - verify allow-omm allows running any command (4 ms)
[ok]: corrupt payload: fuzzer findings - zset ziplist invalid tail offset (693 ms)
[ok]: Chained replicas disconnect when replica re-connect with the same master (2842 ms)
[ok]: FUNCTION - wrong flags type named arguments (3 ms)
[ok]: FUNCTION - wrong flag type (3 ms)
[ok]: FUNCTION - unknown flag (0 ms)
[ok]: FUNCTION - write script on fcall_ro (5 ms)
[ok]: FUNCTION - write script with no-writes flag (2 ms)
[ok]: FUNCTION - deny oom (5 ms)
[ok]: FUNCTION - deny oom on no-writes function (3 ms)
[ok]: FUNCTION - allow stale (7 ms)
[ok]: FUNCTION - redis version api (4 ms)
[ok]: FUNCTION - function stats (4 ms)
[ok]: FUNCTION - function stats reloaded correctly from rdb (0 ms)
[ok]: FUNCTION - function stats delete library (1 ms)
[ok]: FUNCTION - test function stats on loading failure (4 ms)
[ok]: FUNCTION - function stats cleaned after flush (3 ms)
[ok]: FUNCTION - function test empty engine (0 ms)
[ok]: FUNCTION - function test unknown metadata value (6 ms)
[ok]: FUNCTION - function test no name (1 ms)
[ok]: FUNCTION - function test multiple names (1 ms)
[ok]: FUNCTION - function test name with quotes (0 ms)
[ok]: FUNCTION - trick global protection 1 (3 ms)
[ok]: FUNCTION - test getmetatable on script load (3 ms)
[ok]: Slave should be able to synchronize with the master (202 ms)
[ok]: corrupt payload: fuzzer findings - negative reply length (684 ms)
[47/84 done]: unit/functions (8 seconds)
Testing unit/bitops
[ok]: eviction due to input buffer of a dead client, client eviction: true (3575 ms)
[ok]: PSYNC2 #3899 regression: kill chained replica (0 ms)
[ok]: corrupt payload: fuzzer findings - valgrind negative malloc (555 ms)
[ok]: BITCOUNT returns 0 against non existing key (2 ms)
[ok]: BITCOUNT returns 0 with out of range indexes (2 ms)
[ok]: BITCOUNT returns 0 with negative indexes where start > end (2 ms)
[ok]: BITCOUNT against test vector #1 (3 ms)
[ok]: BITCOUNT against test vector #2 (1 ms)
[ok]: BITCOUNT against test vector #3 (2 ms)
[ok]: BITCOUNT against test vector #4 (2 ms)
[ok]: BITCOUNT against test vector #5 (2 ms)
[ok]: PSYNC2 #3899 regression: kill first replica (0 ms)
[ok]: Detect write load to master (1001 ms)
[ok]: BITCOUNT fuzzing without start/end (500 ms)
[ok]: EVAL does not leak in the Lua stack (8202 ms)
[ok]: Call Redis command with many args from Lua (issue #1764) (4 ms)
[ok]: Number conversion precision test (issue #1118) (4 ms)
[ok]: String containing number precision test (regression of issue #1118) (2 ms)
[ok]: Verify negative arg count is error instead of crash (issue #1842) (3 ms)
[ok]: Scripts can handle commands with incorrect arity (3 ms)
[ok]: Correct handling of reused argv (issue #1939) (1 ms)
[ok]: Functions in the Redis namespace are able to report errors (2 ms)
[ok]: CLUSTER RESET can not be invoke from within a script (2 ms)
[ok]: Script with RESP3 map (11 ms)
[ok]: corrupt payload: fuzzer findings - valgrind invalid read (587 ms)
[48/84 done]: integration/psync2-pingoff (20 seconds)
Testing unit/bitfield
[ok]: CONFIG REWRITE handles save and shutdown properly (2531 ms)
[ok]: CONFIG SET with multiple args (14 ms)
[ok]: CONFIG SET rollback on set error (8 ms)
[ok]: CONFIG SET rollback on apply error (44 ms)
[ok]: CONFIG SET duplicate configs (1 ms)
[ok]: CONFIG SET set immutable (1 ms)
[ok]: Script return recursive object (136 ms)
[ok]: CONFIG GET hidden configs (10 ms)
[ok]: CONFIG GET multiple args (0 ms)
[ok]: Script check unpack with massive arguments (13 ms)
[ok]: Script read key with expiration set (3 ms)
[ok]: Script del key with expiration set (4 ms)
[ok]: Script ACL check (6 ms)
[ok]: Binary code loading failed (2 ms)
[ok]: Try trick global protection 1 (4 ms)
[ok]: Try trick global protection 2 (1 ms)
[ok]: Try trick global protection 3 (1 ms)
[ok]: Try trick global protection 4 (2 ms)
[ok]: Try trick readonly table on redis table (2 ms)
[ok]: Try trick readonly table on json table (2 ms)
[ok]: Try trick readonly table on cmsgpack table (1 ms)
[ok]: Try trick readonly table on bit table (2 ms)
[ok]: Test loadfile are not available (2 ms)
[ok]: Test dofile are not available (2 ms)
[ok]: Test print are not available (2 ms)
[ok]: eviction due to output buffers of pubsub, client eviction: true (966 ms)
[ok]: PSYNC2 #3899 regression: kill first replica (1 ms)
[ok]: BITFIELD signed SET and GET basics (2 ms)
[ok]: BITFIELD unsigned SET and GET basics (1 ms)
[ok]: BITFIELD signed SET and GET together (0 ms)
[ok]: BITFIELD unsigned with SET, GET and INCRBY arguments (3 ms)
[ok]: BITFIELD with only key as argument (1 ms)
[ok]: BITFIELD #<idx> form (4 ms)
[ok]: BITFIELD basic INCRBY form (1 ms)
[ok]: BITFIELD chaining of multiple commands (2 ms)
[ok]: BITFIELD unsigned overflow wrap (4 ms)
[ok]: BITFIELD unsigned overflow sat (6 ms)
[ok]: BITFIELD signed overflow wrap (1 ms)
[ok]: BITFIELD signed overflow sat (1 ms)
[ok]: redis-server command line arguments - error cases (381 ms)
[ok]: PSYNC2 #3899 regression: kill chained replica (0 ms)
[ok]: BITCOUNT fuzzing with start/end (787 ms)
[ok]: BITCOUNT with start, end (5 ms)
[ok]: BITCOUNT syntax error #1 (1 ms)
[ok]: BITCOUNT syntax error #2 (1 ms)
[ok]: BITCOUNT regression test for github issue #582 (2 ms)
[ok]: BITCOUNT misaligned prefix (2 ms)
[ok]: corrupt payload: fuzzer findings - empty hash ziplist (733 ms)
[ok]: BITCOUNT misaligned prefix + full words + remainder (2 ms)
[ok]: BITOP NOT (empty string) (2 ms)
[ok]: BITOP NOT (known string) (3 ms)
[ok]: BITOP where dest and target are the same key (2 ms)
[ok]: BITOP AND|OR|XOR don't change the string with single input key (3 ms)
[ok]: BITOP missing key is considered a stream of zero (2 ms)
[ok]: BITOP shorter keys are zero-padded to the key with max length (5 ms)
[ok]: PSYNC2 #3899 regression: kill first replica (0 ms)
[ok]: TOUCH alters the last access time of a key (3003 ms)
[ok]: TOUCH returns the number of existing keys specified (1 ms)
[ok]: command stats for GEOADD (6 ms)
[ok]: errors stats for GEOADD (4 ms)
[ok]: command stats for EXPIRE (5 ms)
[ok]: command stats for BRPOP (4 ms)
[ok]: redis-server command line arguments - allow passing option name and option value in the same arg (538 ms)
[ok]: command stats for MULTI (13 ms)
[ok]: command stats for scripts (3 ms)
[ok]: COMMAND GETKEYS GET (1 ms)
[ok]: COMMAND GETKEYSANDFLAGS (6 ms)
[ok]: COMMAND GETKEYS MEMORY USAGE (0 ms)
[ok]: COMMAND GETKEYS XGROUP (2 ms)
[ok]: COMMAND GETKEYS EVAL with keys (3 ms)
[ok]: COMMAND GETKEYS EVAL without keys (3 ms)
[ok]: Without maxmemory small integers are shared (3 ms)
[ok]: COMMAND GETKEYS LCS (0 ms)
[ok]: With maxmemory and non-LRU policy integers are still shared (2 ms)
[ok]: COMMAND GETKEYS MORE THAN 256 KEYS (4 ms)
[ok]: COMMAND LIST syntax error (3 ms)
[ok]: COMMAND LIST WITHOUT FILTERBY (5 ms)
[ok]: With maxmemory and LRU policy integers are not shared (6 ms)
[ok]: COMMAND LIST FILTERBY ACLCAT against non existing category (5 ms)
[ok]: COMMAND LIST FILTERBY ACLCAT - list all commands/subcommands (1 ms)
[ok]: COMMAND LIST FILTERBY PATTERN - list all commands/subcommands (9 ms)
[ok]: COMMAND LIST FILTERBY MODULE against non existing module (0 ms)
[ok]: COMMAND INFO of invalid subcommands (1 ms)
[ok]: SET command will not be marked with movablekeys (0 ms)
[ok]: GET command will not be marked with movablekeys (1 ms)
[ok]: MSET command will not be marked with movablekeys (5 ms)
[ok]: BITOP and fuzzing (352 ms)
[ok]: BITFIELD command will not be marked with movablekeys (2 ms)
[ok]: LMOVE command will not be marked with movablekeys (3 ms)
[ok]: LPOP command will not be marked with movablekeys (1 ms)
[ok]: BLPOP command will not be marked with movablekeys (2 ms)
[ok]: PING command will not be marked with movablekeys (1 ms)
[ok]: MEMORY command will not be marked with movablekeys (1 ms)
[ok]: MEMORY|USAGE command will not be marked with movablekeys (3 ms)
[ok]: RENAME command will not be marked with movablekeys (1 ms)
[ok]: GEORADIUS_RO command will not be marked with movablekeys (2 ms)
[ok]: ZUNIONSTORE command is marked with movablekeys (2 ms)
[ok]: XREAD command is marked with movablekeys (2 ms)
[ok]: EVAL command is marked with movablekeys (2 ms)
[ok]: SORT command is marked with movablekeys (2 ms)
[ok]: SORT_RO command is marked with movablekeys (4 ms)
[ok]: MIGRATE command is marked with movablekeys (1 ms)
[ok]: GEORADIUS command is marked with movablekeys (7 ms)
[ok]: Timedout read-only scripts can be killed by SCRIPT KILL (412 ms)
[ok]: Timedout read-only scripts can be killed by SCRIPT KILL even when use pcall (37 ms)
[ok]: corrupt payload: fuzzer findings - stream with no records (533 ms)
[ok]: PSYNC2: generate load while killing replication links (5000 ms)
[ok]: PSYNC2: cluster is consistent after load (x = 16336) (13 ms)
[ok]: PSYNC2: total sum of full synchronizations is exactly 4 (6 ms)
[ok]: PSYNC2: --- CYCLE 4 --- (0 ms)
[ok]: PSYNC2: [NEW LAYOUT] Set #0 as master (2 ms)
[ok]: PSYNC2: Set #4 to replicate from #2 (1 ms)
[ok]: PSYNC2: Set #1 to replicate from #0 (1 ms)
[ok]: PSYNC2: Set #2 to replicate from #0 (1 ms)
[ok]: PSYNC2: Set #3 to replicate from #1 (1 ms)
[ok]: PSYNC2: cluster is consistent after failover (4 ms)
[ok]: PSYNC2 #3899 regression: verify consistency (29 ms)
[ok]: Timedout script does not cause a false dead client (184 ms)
[49/84 done]: unit/introspection-2 (7 seconds)
Testing unit/geo
[ok]: BITOP or fuzzing (368 ms)
[ok]: Timedout script link is still usable after Lua returns (136 ms)
[ok]: BITOP xor fuzzing (285 ms)
[ok]: redis-server command line arguments - wrong usage that we support anyway (745 ms)
[ok]: BITOP NOT fuzzing (53 ms)
[ok]: BITOP with integer encoded source objects (2 ms)
[ok]: BITOP with non string source key (3 ms)
[ok]: BITOP with empty string after non empty string (issue #529) (2 ms)
[ok]: BITPOS bit=0 with empty key returns 0 (4 ms)
[ok]: BITPOS bit=1 with empty key returns -1 (2 ms)
[ok]: BITPOS bit=0 with string less than 1 word works (2 ms)
[ok]: BITPOS bit=1 with string less than 1 word works (2 ms)
[ok]: BITPOS bit=0 starting at unaligned address (1 ms)
[ok]: BITPOS bit=1 starting at unaligned address (3 ms)
[ok]: BITPOS bit=0 unaligned+full word+reminder (15 ms)
[ok]: BITPOS bit=1 unaligned+full word+reminder (11 ms)
[ok]: maxmemory - is the memory limit honoured? (policy allkeys-random) (792 ms)
[ok]: GEO with wrong type src key (11 ms)
[ok]: BITPOS bit=1 returns -1 if string is all 0 bits (44 ms)
[ok]: GEO with non existing src key (6 ms)
[ok]: GEO BYLONLAT with empty search (6 ms)
[ok]: BITPOS bit=0 works with intervals (14 ms)
[ok]: Timedout scripts and unblocked command (353 ms)
[ok]: GEO BYMEMBER with non existing member (7 ms)
[ok]: GEOADD create (1 ms)
[ok]: GEOADD update (1 ms)
[ok]: GEOADD update with CH option (2 ms)
[ok]: BITPOS bit=1 works with intervals (11 ms)
[ok]: GEOADD update with NX option (2 ms)
[ok]: GEOADD update with XX option (2 ms)
[ok]: BITPOS bit=0 changes behavior if end is given (5 ms)
[ok]: GEOADD update with CH NX option (2 ms)
[ok]: GEOADD update with CH XX option (1 ms)
[ok]: GEOADD update with XX NX option will return syntax error (2 ms)
[ok]: GEOADD update with invalid option (1 ms)
[ok]: GEOADD invalid coordinates (2 ms)
[ok]: GEOADD multi add (1 ms)
[ok]: Check geoset values (0 ms)
[ok]: GEORADIUS simple (sorted) (2 ms)
[ok]: GEOSEARCH simple (sorted) (3 ms)
[ok]: GEOSEARCH FROMLONLAT and FROMMEMBER cannot exist at the same time (1 ms)
[ok]: GEOSEARCH FROMLONLAT and FROMMEMBER one must exist (2 ms)
[ok]: SETBIT/BITFIELD only increase dirty when the value changed (23 ms)
[ok]: GEOSEARCH BYRADIUS and BYBOX cannot exist at the same time (2 ms)
[ok]: GEOSEARCH BYRADIUS and BYBOX one must exist (1 ms)
[ok]: GEOSEARCH with STOREDIST option (2 ms)
[ok]: GEORADIUS withdist (sorted) (2 ms)
[ok]: GEOSEARCH withdist (sorted) (1 ms)
[ok]: GEORADIUS with COUNT (1 ms)
[ok]: GEORADIUS with ANY not sorted by default (1 ms)
[ok]: GEORADIUS with ANY sorted by ASC (2 ms)
[ok]: GEORADIUS with ANY but no COUNT (1 ms)
[ok]: GEORADIUS with COUNT but missing integer argument (0 ms)
[ok]: GEORADIUS with COUNT DESC (1 ms)
[ok]: GEORADIUS HUGE, issue #2767 (3 ms)
[ok]: GEORADIUSBYMEMBER simple (sorted) (2 ms)
[ok]: GEORADIUSBYMEMBER search areas contain satisfied points in oblique direction (6 ms)
[ok]: GEORADIUSBYMEMBER crossing pole search (2 ms)
[ok]: GEOSEARCH FROMMEMBER simple (sorted) (1 ms)
[ok]: corrupt payload: fuzzer findings - quicklist ziplist tail followed by extra data which start with 0xff (719 ms)
[ok]: GEOSEARCH vs GEORADIUS (5 ms)
[ok]: GEOSEARCH non square, long and narrow (4 ms)
[ok]: GEOSEARCH corner point test (3 ms)
[ok]: GEORADIUSBYMEMBER withdist (sorted) (1 ms)
[ok]: GEOHASH is able to return geohash strings (3 ms)
[ok]: GEOPOS simple (5 ms)
[ok]: GEOPOS missing element (2 ms)
[ok]: GEODIST simple & unit (4 ms)
[ok]: GEODIST missing elements (4 ms)
[ok]: GEORADIUS STORE option: syntax error (2 ms)
[ok]: GEOSEARCHSTORE STORE option: syntax error (1 ms)
[ok]: GEORANGE STORE option: incompatible options (3 ms)
[ok]: GEORANGE STORE option: plain usage (3 ms)
[ok]: GEORADIUSBYMEMBER STORE/STOREDIST option: plain usage (4 ms)
[ok]: GEOSEARCHSTORE STORE option: plain usage (1 ms)
[ok]: GEORANGE STOREDIST option: plain usage (2 ms)
[ok]: GEOSEARCHSTORE STOREDIST option: plain usage (1 ms)
[ok]: GEORANGE STOREDIST option: COUNT ASC and DESC (4 ms)
[ok]: GEOSEARCH the box spans -180° or 180° (2 ms)
[ok]: GEOSEARCH with small distance (2 ms)
[ok]: Timedout scripts that modified data can't be killed by SCRIPT KILL (219 ms)
[ok]: SHUTDOWN NOSAVE can kill a timedout script anyway (37 ms)
[ok]: redis-server command line arguments - allow option value to use the `--` prefix (772 ms)
[ok]: BITFIELD overflow detection fuzzing (2107 ms)
[ok]: corrupt payload: fuzzer findings - dict init to huge size (628 ms)
[ok]: ZSETs ZRANK augmented skip list stress testing - skiplist (6617 ms)
[ok]: BZPOPMIN, ZADD + DEL should not awake blocked client (7 ms)
[ok]: BZPOPMIN, ZADD + DEL + SET should not awake blocked client (10 ms)
[ok]: BZMPOP_MIN, ZADD + DEL should not awake blocked client (12 ms)
[ok]: BZMPOP_MIN, ZADD + DEL + SET should not awake blocked client (7 ms)
[ok]: BZPOPMIN with same key multiple times should work (13 ms)
[ok]: MULTI/EXEC is isolated from the point of view of BZPOPMIN (12 ms)
[ok]: BZPOPMIN with variadic ZADD (9 ms)
[ok]: maxmemory - is the memory limit honoured? (policy allkeys-lru) (1126 ms)
[ok]: Before the replica connects we issue two EVAL commands (8 ms)
[ok]: redis-server command line arguments - option name and option value in the same arg and `--` prefix (499 ms)
[ok]: Connect a replica to the master instance (110 ms)
[ok]: corrupt payload: fuzzer findings - huge string (635 ms)
[50/84 done]: integration/psync2-reg (24 seconds)
Testing unit/memefficiency
[ok]: Replication of script multiple pushes to list with BLPOP (417 ms)
[ok]: Lua scripts using SELECT are replicated correctly (6 ms)
[ok]: BZPOPMIN with zero timeout should block indefinitely (1011 ms)
[ok]: MULTI/EXEC is isolated from the point of view of BZMPOP_MIN (2 ms)
[ok]: BZMPOP_MIN with variadic ZADD (2 ms)
[ok]: BITPOS bit=1 fuzzy testing using SETBIT (1963 ms)
[ok]: maxmemory - is the memory limit honoured? (policy allkeys-lfu) (962 ms)
[ok]: corrupt payload: fuzzer findings - stream PEL without consumer (725 ms)
[ok]: corrupt payload: fuzzer findings - stream listpack valgrind issue (648 ms)
[ok]: BZMPOP_MIN with zero timeout should block indefinitely (1003 ms)
[ok]: BZPOP/BZMPOP against wrong type (9 ms)
[ok]: BZMPOP with illegal argument (6 ms)
[ok]: BZMPOP with multiple blocked clients (12 ms)
[ok]: BZMPOP propagate as pop with count command to replica (149 ms)
[ok]: BZMPOP should not blocks on non key arguments - #10762 (11 ms)
[ok]: corrupt payload: fuzzer findings - stream with bad lpFirst (484 ms)
[ok]: Memory efficiency with values in range 32 (1424 ms)
[ok]: BITFIELD overflow wrap fuzzing (2799 ms)
[ok]: BITFIELD regression for #3221 (3 ms)
[ok]: BITFIELD regression for #3564 (18 ms)
[ok]: corrupt payload: fuzzer findings - stream listpack lpPrev valgrind issue (660 ms)
[ok]: Connect a replica to the master instance (113 ms)
[ok]: Redis.replicate_commands() can be issued anywhere now (1 ms)
[ok]: Redis.set_repl() can be issued before replicate_commands() now (0 ms)
[ok]: Redis.set_repl() don't accept invalid values (2 ms)
[ok]: maxmemory - is the memory limit honoured? (policy volatile-lru) (1943 ms)
[ok]: BITFIELD: setup slave (3 ms)
[ok]: redis-server command line arguments - save with empty input (3129 ms)
[ok]: corrupt payload: fuzzer findings - stream with non-integer entry id (531 ms)
[ok]: Test selective replication of certain Redis commands from Lua (519 ms)
[ok]: PRNG is seeded randomly for command replication (5 ms)
[ok]: Using side effects is not a problem with command replication (5 ms)
[ok]: PSYNC2: generate load while killing replication links (5000 ms)
[ok]: PSYNC2: cluster is consistent after load (x = 20645) (6 ms)
[ok]: PSYNC2: total sum of full synchronizations is exactly 4 (3 ms)
[ok]: BITPOS bit=0 fuzzy testing using SETBIT (2504 ms)
[ok]: PSYNC2: --- CYCLE 5 --- (0 ms)
[ok]: PSYNC2: [NEW LAYOUT] Set #3 as master (2 ms)
[ok]: PSYNC2: Set #4 to replicate from #1 (2 ms)
[ok]: redis-server command line arguments - take one bulk string with spaces for MULTI_ARG configs parsing (726 ms)
[ok]: corrupt payload: fuzzer findings - empty quicklist (745 ms)
[ok]: BITFIELD: write on master, read on slave (928 ms)
[ok]: BITFIELD_RO with only key as argument (2 ms)
[ok]: BITFIELD_RO fails when write option is used (1 ms)
[ok]: Test replication partial resync: no backlog (diskless: no, swapdb, reconnect: 1) (7668 ms)
[ok]: PSYNC2: Set #0 to replicate from #1 (1 ms)
[ok]: cannot modify protected configuration - no (2 ms)
[ok]: corrupt payload: fuzzer findings - empty zset (653 ms)
[51/84 done]: unit/bitfield (8 seconds)
Testing unit/hyperloglog
[ok]: ZSET skiplist order consistency when elements are moved (3053 ms)
[ok]: ZRANGESTORE basic (2 ms)
[ok]: ZRANGESTORE RESP3 (1 ms)
[ok]: ZRANGESTORE range (0 ms)
[ok]: ZRANGESTORE BYLEX (0 ms)
[ok]: ZRANGESTORE BYSCORE (0 ms)
[ok]: ZRANGESTORE BYSCORE LIMIT (0 ms)
[ok]: ZRANGESTORE BYSCORE REV LIMIT (1 ms)
[ok]: ZRANGE BYSCORE REV LIMIT (0 ms)
[ok]: ZRANGESTORE - src key missing (1 ms)
[ok]: ZRANGESTORE - src key wrong type (2 ms)
[ok]: ZRANGESTORE - empty range (0 ms)
[ok]: ZRANGESTORE BYLEX - empty range (0 ms)
[ok]: ZRANGESTORE BYSCORE - empty range (0 ms)
[ok]: ZRANGE BYLEX (0 ms)
[ok]: ZRANGESTORE invalid syntax (1 ms)
[ok]: ZRANGESTORE with zset-max-listpack-entries 0 #10767 case (0 ms)
[ok]: ZRANGESTORE with zset-max-listpack-entries 1 dst key should use skiplist encoding (2 ms)
[ok]: ZRANGE invalid syntax (1 ms)
[ok]: ZRANDMEMBER - listpack (14 ms)
[ok]: ZRANDMEMBER - skiplist (16 ms)
[ok]: ZRANDMEMBER with RESP3 (1 ms)
[ok]: ZRANDMEMBER count of 0 is handled correctly (1 ms)
[ok]: ZRANDMEMBER with <count> against non existing key (0 ms)
[ok]: ZRANDMEMBER count overflow (1 ms)
[ok]: ZRANDMEMBER count of 0 is handled correctly - emptyarray (1 ms)
[ok]: ZRANDMEMBER with <count> against non existing key - emptyarray (0 ms)
[ok]: maxmemory - is the memory limit honoured? (policy volatile-lfu) (2158 ms)
[ok]: Memory efficiency with values in range 64 (2923 ms)
[ok]: cannot modify protected configuration - local (38 ms)
[ok]: test RESP2/2 big number protocol parsing (8 ms)
[ok]: test RESP2/2 malformed big number protocol parsing (1 ms)
[ok]: test RESP2/2 map protocol parsing (0 ms)
[ok]: test RESP2/2 set protocol parsing (1 ms)
[ok]: test RESP2/2 double protocol parsing (2 ms)
[ok]: test RESP2/2 null protocol parsing (2 ms)
[ok]: test RESP2/2 verbatim protocol parsing (2 ms)
[ok]: test RESP2/2 true protocol parsing (1 ms)
[ok]: test RESP2/2 false protocol parsing (0 ms)
[ok]: test RESP2/3 big number protocol parsing (2 ms)
[ok]: test RESP2/3 malformed big number protocol parsing (0 ms)
[ok]: test RESP2/3 map protocol parsing (1 ms)
[ok]: test RESP2/3 set protocol parsing (0 ms)
[ok]: test RESP2/3 double protocol parsing (0 ms)
[ok]: test RESP2/3 null protocol parsing (0 ms)
[ok]: test RESP2/3 verbatim protocol parsing (1 ms)
[ok]: test RESP2/3 true protocol parsing (0 ms)
[ok]: test RESP2/3 false protocol parsing (1 ms)
[ok]: test RESP3/2 big number protocol parsing (1 ms)
[ok]: test RESP3/2 malformed big number protocol parsing (3 ms)
[ok]: test RESP3/2 map protocol parsing (1 ms)
[ok]: test RESP3/2 set protocol parsing (1 ms)
[ok]: test RESP3/2 double protocol parsing (2 ms)
[ok]: test RESP3/2 null protocol parsing (1 ms)
[ok]: test RESP3/2 verbatim protocol parsing (1 ms)
[ok]: test RESP3/2 true protocol parsing (2 ms)
[ok]: test RESP3/2 false protocol parsing (3 ms)
[ok]: test RESP3/3 big number protocol parsing (1 ms)
[ok]: test RESP3/3 malformed big number protocol parsing (0 ms)
[ok]: test RESP3/3 map protocol parsing (1 ms)
[ok]: test RESP3/3 set protocol parsing (1 ms)
[ok]: test RESP3/3 double protocol parsing (1 ms)
[ok]: test RESP3/3 null protocol parsing (5 ms)
[ok]: test RESP3/3 verbatim protocol parsing (1 ms)
[ok]: test RESP3/3 true protocol parsing (1 ms)
[ok]: test RESP3/3 false protocol parsing (2 ms)
[ok]: test resp3 attribute protocol parsing (1 ms)
[ok]: Script block the time during execution (14 ms)
[ok]: Script delete the expired key (6 ms)
[ok]: corrupt payload: fuzzer findings - hash with len of 0 (685 ms)
[ok]: BITPOS/BITCOUNT fuzzy testing using SETBIT (1972 ms)
[ok]: PSYNC2: Set #1 to replicate from #3 (3 ms)
[ok]: PSYNC2: Set #2 to replicate from #4 (1 ms)
[ok]: PSYNC2: cluster is consistent after failover (3 ms)
[ok]: ZRANDMEMBER with <count> - skiplist (607 ms)
[52/84 done]: unit/bitops (10 seconds)
Testing unit/lazyfree
[ok]: Slave should be able to synchronize with the master (101 ms)
[ok]: corrupt payload: fuzzer findings - hash listpack first element too long entry len (482 ms)
[ok]: Script - disallow write on OOM (10 ms)
[ok]: EVAL - Does Lua interpreter replies to our requests? (5 ms)
[ok]: EVAL - Return _G (0 ms)
[ok]: EVAL - Return table with a metatable that raise error (2 ms)
[ok]: EVAL - Return table with a metatable that call redis (2 ms)
[ok]: EVAL - Lua integer -> Redis protocol type conversion (0 ms)
[ok]: EVAL - Lua string -> Redis protocol type conversion (1 ms)
[ok]: EVAL - Lua true boolean -> Redis protocol type conversion (1 ms)
[ok]: EVAL - Lua false boolean -> Redis protocol type conversion (0 ms)
[ok]: EVAL - Lua status code reply -> Redis protocol type conversion (1 ms)
[ok]: EVAL - Lua error reply -> Redis protocol type conversion (1 ms)
[ok]: EVAL - Lua table -> Redis protocol type conversion (2 ms)
[ok]: EVAL - Are the KEYS and ARGV arrays populated correctly? (1 ms)
[ok]: EVAL - is Lua able to call Redis API? (0 ms)
[ok]: EVALSHA - Can we call a SHA1 if already defined? (0 ms)
[ok]: EVALSHA - Can we call a SHA1 in uppercase? (0 ms)
[ok]: EVALSHA - Do we get an error on invalid SHA1? (1 ms)
[ok]: EVALSHA - Do we get an error on non defined SHA1? (1 ms)
[ok]: EVAL - Redis integer -> Lua type conversion (1 ms)
[ok]: EVAL - Redis bulk -> Lua type conversion (1 ms)
[ok]: EVAL - Redis multi bulk -> Lua type conversion (6 ms)
[ok]: EVAL - Redis status reply -> Lua type conversion (1 ms)
[ok]: EVAL - Redis error reply -> Lua type conversion (1 ms)
[ok]: EVAL - Redis nil bulk reply -> Lua type conversion (3 ms)
[ok]: EVAL - Is the Lua client using the currently selected DB? (1 ms)
[ok]: EVAL - SELECT inside Lua should not affect the caller (1 ms)
[ok]: EVAL - Scripts can't run blpop command (4 ms)
[ok]: EVAL - Scripts can't run brpop command (0 ms)
[ok]: EVAL - Scripts can't run brpoplpush command (5 ms)
[ok]: EVAL - Scripts can't run blmove command (3 ms)
[ok]: EVAL - Scripts can't run bzpopmin command (2 ms)
[ok]: EVAL - Scripts can't run bzpopmax command (1 ms)
[ok]: EVAL - Scripts can't run XREAD and XREADGROUP with BLOCK option (3 ms)
[ok]: EVAL - Scripts can run non-deterministic commands (0 ms)
[ok]: EVAL - No arguments to redis.call/pcall is considered an error (1 ms)
[ok]: EVAL - redis.call variant raises a Lua error on Redis cmd error (1) (2 ms)
[ok]: EVAL - redis.call variant raises a Lua error on Redis cmd error (1) (0 ms)
[ok]: EVAL - redis.call variant raises a Lua error on Redis cmd error (1) (1 ms)
[ok]: EVAL - JSON numeric decoding (0 ms)
[ok]: EVAL - JSON string decoding (1 ms)
[ok]: EVAL - JSON smoke test (4 ms)
[ok]: EVAL - cmsgpack can pack double? (1 ms)
[ok]: EVAL - cmsgpack can pack negative int64? (0 ms)
[ok]: ZRANDMEMBER with <count> - listpack (758 ms)
[ok]: zset score double range (2 ms)
[ok]: HyperLogLog self test passes (1212 ms)
[ok]: PFADD without arguments creates an HLL value (1 ms)
[ok]: Approximated cardinality after creation is zero (0 ms)
[ok]: PFADD returns 1 when at least 1 reg was modified (0 ms)
[ok]: PFADD returns 0 when no reg was modified (0 ms)
[ok]: PFADD works with empty string (regression) (0 ms)
[ok]: PFCOUNT returns approximated cardinality of set (1 ms)
[ok]: UNLINK can reclaim memory in background (376 ms)
[ok]: corrupt payload: fuzzer findings - stream double free listpack when insert dup node to rax returns 0 (706 ms)
[ok]: EVAL - cmsgpack pack/unpack smoke test (623 ms)
[ok]: EVAL - cmsgpack can pack and unpack circular references? (7 ms)
[ok]: EVAL - Numerical sanity check from bitop (2 ms)
[ok]: EVAL - Verify minimal bitop functionality (1 ms)
[ok]: EVAL - Able to parse trailing comments (5 ms)
[ok]: EVAL_RO - Successful case (3 ms)
[ok]: EVAL_RO - Cannot run write commands (4 ms)
[ok]: SCRIPTING FLUSH - is able to clear the scripts cache? (27 ms)
[ok]: SCRIPTING FLUSH ASYNC (49 ms)
[ok]: SCRIPT EXISTS - can detect already defined scripts? (6 ms)
[ok]: SCRIPT LOAD - is able to register scripts in the scripting cache (2 ms)
[ok]: SORT is normally not alpha re-ordered for the scripting engine (2 ms)
[ok]: SORT BY <constant> output gets ordered for scripting (2 ms)
[ok]: SORT BY <constant> with GET gets ordered for scripting (1 ms)
[ok]: redis.sha1hex() implementation (1 ms)
[ok]: Globals protection reading an undeclared global variable (0 ms)
[ok]: Globals protection setting an undeclared global* (0 ms)
[ok]: Test an example script DECR_IF_GT (3 ms)
[ok]: random numbers are random now (6 ms)
[ok]: Scripting engine PRNG can be seeded correctly (3 ms)
[53/84 done]: unit/type/zset (87 seconds)
Testing unit/wait
[ok]: FLUSHDB ASYNC can reclaim memory in background (272 ms)
[ok]: Detect write load to master (1001 ms)
[ok]: lazy free a stream with all types of metadata (257 ms)
[ok]: lazy free a stream with deleted cgroup (5 ms)
[ok]: maxmemory - is the memory limit honoured? (policy volatile-random) (2095 ms)
[ok]: corrupt payload: fuzzer findings - LCS OOM (679 ms)
[ok]: Setup slave (5 ms)
[54/84 done]: unit/lazyfree (1 seconds)
Testing unit/pause
[ok]: HyperLogLogs are promote from sparse to dense (961 ms)
[ok]: Test read commands are not blocked by client pause (6 ms)
[ok]: Test write commands are paused by RO (4 ms)
[ok]: Test special commands are paused by RO (7 ms)
[ok]: Test read/admin mutli-execs are not blocked by pause RO (5 ms)
[ok]: Test write mutli-execs are blocked by pause RO (6 ms)
[ok]: Test scripts are blocked by pause RO (5 ms)
[ok]: Test RO scripts are not blocked by pause RO (5 ms)
[ok]: Test read-only scripts in mutli-exec are not blocked by pause RO (8 ms)
[ok]: Test write scripts in mutli-exec are blocked by pause RO (5 ms)
[ok]: Test may-replicate commands are rejected in RO scripts (2 ms)
[ok]: Test multiple clients can be queued up and unblocked (7 ms)
[ok]: Test clients with syntax errors will get responses immediately (3 ms)
[ok]: Test both active and passive expires are skipped during client pause (107 ms)
[ok]: Test that client pause starts at the end of a transaction (8 ms)
[ok]: corrupt payload: fuzzer findings - gcc asan reports false leak on assert (662 ms)
[ok]: WAIT should acknowledge 1 additional copy of the data (762 ms)
[ok]: Memory efficiency with values in range 128 (3064 ms)
[ok]: corrupt payload: fuzzer findings - lpFind invalid access (588 ms)
[ok]: Test when replica paused, offset would not grow (833 ms)
[ok]: Test replica offset would grow after unpause (2 ms)
[ok]: WAIT should not acknowledge 2 additional copies of the data (1004 ms)
[ok]: corrupt payload: fuzzer findings - invalid access in ziplist tail prevlen decoding (532 ms)
[ok]: corrupt payload: fuzzer findings - zset zslInsert with a NAN score (520 ms)
[55/84 done]: unit/pause (2 seconds)
Testing unit/querybuf
[ok]: maxmemory - is the memory limit honoured? (policy volatile-ttl) (2540 ms)
[ok]: corrupt payload: fuzzer findings - streamLastValidID panic (524 ms)
[ok]: WAIT should not acknowledge 1 additional copy if slave is blocked (1127 ms)
Waiting for process 9645 to exit...
[ok]: PSYNC2: generate load while killing replication links (5000 ms)
[ok]: PSYNC2: cluster is consistent after load (x = 24692) (4 ms)
[ok]: PSYNC2: total sum of full synchronizations is exactly 4 (3 ms)
[ok]: PSYNC2: --- CYCLE 6 --- (0 ms)
[ok]: PSYNC2: [NEW LAYOUT] Set #2 as master (2 ms)
[ok]: PSYNC2: Set #0 to replicate from #3 (1 ms)
[ok]: corrupt payload: fuzzer findings - valgrind fishy value warning (727 ms)
[56/84 done]: integration/corrupt-dump (48 seconds)
Testing unit/pendingquerybuf
[ok]: WAIT implicitly blocks on client pause since ACKs aren't sent (1101 ms)
[ok]: PSYNC2: Set #4 to replicate from #3 (1 ms)
[ok]: PSYNC2: Set #1 to replicate from #4 (1 ms)
[57/84 done]: unit/wait (5 seconds)
Testing unit/tls
[ok]: EVAL does not leak in the Lua stack (5188 ms)
[ok]: SPOP: We can call scripts rewriting client->argv from Lua (37 ms)
[ok]: MGET: mget shouldn't be propagated in Lua (97 ms)
[ok]: Memory efficiency with values in range 1024 (3963 ms)
[ok]: EXPIRE: We can call scripts rewriting client->argv from Lua (102 ms)
[ok]: config during loading (6790 ms)
[ok]: HyperLogLog sparse encoding stress test (4852 ms)
[ok]: Corrupted sparse HyperLogLogs are detected: Additional at tail (3 ms)
[ok]: Corrupted sparse HyperLogLogs are detected: Broken magic (2 ms)
[ok]: Corrupted sparse HyperLogLogs are detected: Invalid encoding (2 ms)
[ok]: Corrupted dense HyperLogLogs are detected: Wrong length (1 ms)
[58/84 done]: unit/tls (0 seconds)
Testing unit/tracking
[ok]: PSYNC2: Set #3 to replicate from #2 (3 ms)
[ok]: PSYNC2: cluster is consistent after failover (5 ms)
[ok]: Clients are able to enable tracking and redirect it (3 ms)
[ok]: The other connection is able to get invalidations (9 ms)
[ok]: The client is now able to disable tracking (1 ms)
[ok]: Clients can enable the BCAST mode with the empty prefix (0 ms)
[ok]: The connection gets invalidation messages about all the keys (2 ms)
[ok]: Clients can enable the BCAST mode with prefixes (7 ms)
[ok]: Adding prefixes to BCAST mode works (0 ms)
[ok]: Tracking NOLOOP mode in standard mode works (11 ms)
[ok]: Tracking NOLOOP mode in BCAST mode works (2 ms)
[ok]: maxmemory - only allkeys-* should remove non-volatile keys (allkeys-random) (2929 ms)
[ok]: query buffer resized correctly (2935 ms)
[ok]: INCRBYFLOAT: We can call scripts expanding client->argv from Lua (738 ms)
[ok]: Call Redis command with many args from Lua (issue #1764) (2 ms)
[ok]: Number conversion precision test (issue #1118) (1 ms)
[ok]: String containing number precision test (regression of issue #1118) (0 ms)
[ok]: Verify negative arg count is error instead of crash (issue #1842) (1 ms)
[ok]: Scripts can handle commands with incorrect arity (0 ms)
[ok]: Correct handling of reused argv (issue #1939) (0 ms)
[ok]: Functions in the Redis namespace are able to report errors (0 ms)
[ok]: CLUSTER RESET can not be invoke from within a script (0 ms)
[ok]: Script with RESP3 map (10 ms)
[ok]: query buffer resized correctly when not idle (202 ms)
[ok]: Script return recursive object (153 ms)
[ok]: Script check unpack with massive arguments (10 ms)
[ok]: Script read key with expiration set (3 ms)
[ok]: Script del key with expiration set (1 ms)
[ok]: Script ACL check (8 ms)
[ok]: Binary code loading failed (1 ms)
[ok]: Try trick global protection 1 (0 ms)
[ok]: Try trick global protection 2 (0 ms)
[ok]: Try trick global protection 3 (1 ms)
[ok]: Try trick global protection 4 (0 ms)
[ok]: Try trick readonly table on redis table (0 ms)
[ok]: Try trick readonly table on json table (1 ms)
[ok]: Try trick readonly table on cmsgpack table (1 ms)
[ok]: Try trick readonly table on bit table (0 ms)
[ok]: Test loadfile are not available (0 ms)
[ok]: Test dofile are not available (1 ms)
[ok]: Test print are not available (0 ms)
[ok]: CONFIG REWRITE handles rename-command properly (1096 ms)
[59/84 done]: unit/querybuf (4 seconds)
Testing unit/oom-score-adj
[ok]: Tracking gets notification of expired keys (1003 ms)
[ok]: Tracking gets notification of lazy expired keys (103 ms)
[ok]: HELLO 3 reply is correct (2 ms)
[ok]: HELLO without protover (5 ms)
[ok]: RESP3 based basic invalidation (2 ms)
[ok]: RESP3 tracking redirection (1 ms)
[ok]: Invalidations of previous keys can be redirected after switching to RESP3 (5 ms)
[ok]: Invalidations of new keys can be redirected after switching to RESP3 (6 ms)
[ok]: Invalid keys should not be tracked for scripts in NOLOOP mode (6 ms)
[ok]: Tracking only occurs for scripts when a command calls a read-only command (14 ms)
[ok]: RESP3 Client gets tracking-redir-broken push message after cached key changed when rediretion client is terminated (2 ms)
[ok]: Different clients can redirect to the same connection (0 ms)
[ok]: Different clients using different protocols can track the same key (1 ms)
[ok]: No invalidation message when using OPTIN option (1 ms)
[ok]: Invalidation message sent when using OPTIN option with CLIENT CACHING yes (2 ms)
[ok]: Invalidation message sent when using OPTOUT option (1 ms)
[ok]: No invalidation message when using OPTOUT option with CLIENT CACHING no (7 ms)
[ok]: Able to redirect to a RESP3 client (1 ms)
[ok]: After switching from normal tracking to BCAST mode, no invalidation message is produced for pre-BCAST keys (1 ms)
[ok]: BCAST with prefix collisions throw errors (2 ms)
[ok]: hdel deliver invalidate message after response in the same connection (6 ms)
[ok]: CONFIG SET oom-score-adj works as expected (52 ms)
[ok]: CONFIG SET oom-score-adj-values doesn't touch proc when disabled (2 ms)
[ok]: CONFIG SET oom score restored on disable (0 ms)
[ok]: Tracking invalidation message is not interleaved with multiple keys response (120 ms)
[ok]: CONFIG SET oom score relative and absolute (1 ms)
[ok]: Tracking invalidation message is not interleaved with transaction response (2 ms)
[ok]: CONFIG SET out-of-range oom score (0 ms)
[ok]: Tracking invalidation message of eviction keys should be before response (8 ms)
[ok]: Unblocked BLMOVE gets notification after response (9 ms)
[ok]: Tracking gets notification on tracking table key eviction (91 ms)
[ok]: Invalidation message received for flushall (2 ms)
[ok]: Invalidation message received for flushdb (2 ms)
[ok]: Test ASYNC flushall (6 ms)
[ok]: flushdb tracking invalidation message is not interleaved with transaction response (2 ms)
[ok]: Timedout read-only scripts can be killed by SCRIPT KILL (415 ms)
[ok]: Server is able to evacuate enough keys when num of keys surpasses limit by more than defined initial effort (306 ms)
[ok]: Tracking info is correct (4 ms)
[ok]: CLIENT GETREDIR provides correct client id (4 ms)
[ok]: CLIENT TRACKINGINFO provides reasonable results when tracking off (1 ms)
[ok]: CLIENT TRACKINGINFO provides reasonable results when tracking on (6 ms)
[ok]: CLIENT TRACKINGINFO provides reasonable results when tracking on with options (0 ms)
[ok]: CLIENT TRACKINGINFO provides reasonable results when tracking optin (1 ms)
[ok]: CLIENT TRACKINGINFO provides reasonable results when tracking optout (1 ms)
[ok]: CLIENT TRACKINGINFO provides reasonable results when tracking bcast mode (2 ms)
[ok]: Timedout read-only scripts can be killed by SCRIPT KILL even when use pcall (105 ms)
[ok]: CLIENT TRACKINGINFO provides reasonable results when tracking redir broken (14 ms)
[ok]: Regression test for #11715 (12 ms)
[ok]: RESP3 based basic invalidation with client reply off (11 ms)
[ok]: Timedout script does not cause a false dead client (74 ms)
[ok]: RESP2 based basic invalidation with client reply off (54 ms)
[ok]: RESP3 based basic redirect invalidation with client reply off (9 ms)
[ok]: RESP3 based basic tracking-redir-broken with client reply off (6 ms)
[ok]: Timedout script link is still usable after Lua returns (102 ms)
[60/84 done]: unit/tracking (3 seconds)
Testing unit/shutdown
[ok]: Timedout scripts and unblocked command (337 ms)
[ok]: Timedout scripts that modified data can't be killed by SCRIPT KILL (212 ms)
[ok]: SHUTDOWN NOSAVE can kill a timedout script anyway (24 ms)
[61/84 done]: unit/oom-score-adj (2 seconds)
Testing unit/networking
[ok]: Temp rdb will be deleted if we use bg_unlink when shutdown (177 ms)
[ok]: SHUTDOWN ABORT can cancel SIGTERM (81 ms)
[ok]: CONFIG REWRITE handles alias config properly (2470 ms)
[ok]: Temp rdb will be deleted in signal handle (82 ms)
[62/84 done]: unit/introspection (26 seconds)
Testing unit/cluster
[ok]: maxmemory - only allkeys-* should remove non-volatile keys (allkeys-lru) (3201 ms)
[ok]: CONFIG SET port number (644 ms)
[ok]: Before the replica connects we issue two EVAL commands (7 ms)
[ok]: Connect a replica to the master instance (107 ms)
[ok]: Now use EVALSHA against the master, with both SHAs (0 ms)
[ok]: Test replication partial resync: ok after delay (diskless: no, swapdb, reconnect: 1) (9223 ms)
[ok]: RDB save will be failed in shutdown (30 ms)
[ok]: Memory efficiency with values in range 16384 (4208 ms)
[ok]: SHUTDOWN will abort if rdb save failed on signal (68 ms)
[ok]: SHUTDOWN will abort if rdb save failed on shutdown command (3 ms)
[ok]: SHUTDOWN can proceed if shutdown command was with nosave (42 ms)
[ok]: Clean up rdb same named folder (34 ms)
[ok]: 'x' should be '4' for EVALSHA being replicated by effects (506 ms)
[ok]: Replication of script multiple pushes to list with BLPOP (13 ms)
[ok]: CONFIG SET bind address (656 ms)
[ok]: EVALSHA replication when first call is readonly (4 ms)
[ok]: Lua scripts using SELECT are replicated correctly (4 ms)
[63/84 done]: unit/shutdown (1 seconds)
Testing unit/client-eviction
[ok]: pending querybuf: check size of pending_querybuf after set a big value (5075 ms)
[ok]: ziplist implementation: encoding stress testing (59825 ms)
[64/84 done]: unit/memefficiency (17 seconds)
Testing unit/violations
[65/84 done]: unit/type/list-3 (97 seconds)
Testing unit/replybufsize
[ok]: client evicted due to large argv (93 ms)
[ok]: SORT adds integer field to list (2 ms)
[ok]: client evicted due to large query buf (46 ms)
[ok]: SRANDMEMBER with a dict containing long chain (79780 ms)
[ok]: client evicted due to percentage of maxmemory (24 ms)
[ok]: SMOVE basics - from regular set to intset (14 ms)
[ok]: SMOVE basics - from intset to regular set (4 ms)
[ok]: SMOVE non existing key (6 ms)
[ok]: SMOVE non existing src set (3 ms)
[ok]: SMOVE from regular set to non existing destination set (6 ms)
[ok]: SMOVE from intset to non existing destination set (5 ms)
[ok]: SMOVE wrong src key type (1 ms)
[ok]: SMOVE wrong dst key type (0 ms)
[ok]: SMOVE with identical source and destination (5 ms)
[ok]: SMOVE only notify dstset when the addition is successful (2 ms)
[ok]: Slave should be able to synchronize with the master (104 ms)
[66/84 done]: unit/pendingquerybuf (6 seconds)
Testing unit/cluster-scripting
[ok]: client evicted due to large multi buf (281 ms)
[67/84 done]: unit/violations (0 seconds)
Testing unit/cluster/misc
[ok]: PSYNC2: generate load while killing replication links (5000 ms)
[ok]: PSYNC2: cluster is consistent after load (x = 30032) (3 ms)
[ok]: PSYNC2: total sum of full synchronizations is exactly 4 (2 ms)
[ok]: PSYNC2: Bring the master back again for next test (5 ms)
[ok]: CONFIG SET bind-source-addr (1356 ms)
[ok]: MIGRATE can correctly transfer large values (79510 ms)
[ok]: verify reply buffer limits (659 ms)
[ok]: PSYNC2: Partial resync after restart using RDB aux fields (656 ms)
[ok]: maxmemory - only allkeys-* should remove non-volatile keys (volatile-lru) (2403 ms)
[68/84 done]: unit/replybufsize (1 seconds)
Testing unit/cluster/links
[ok]: Detect write load to master (1001 ms)
[ok]: client evicted due to watched key list (923 ms)
[ok]: Create 3 node cluster (1901 ms)
[ok]: Run blocking command on cluster node3 (3 ms)
[ok]: Perform a Resharding (15 ms)
[ok]: MIGRATE can correctly transfer hashes (621 ms)
[ok]: Verify command got unblocked after resharding (30 ms)
[ok]: Connect a replica to the master instance (2 ms)
[ok]: Redis.replicate_commands() can be issued anywhere now (1 ms)
[ok]: Redis.set_repl() can be issued before replicate_commands() now (1 ms)
[ok]: Redis.set_repl() don't accept invalid values (0 ms)
[ok]: Wait for cluster to be stable (107 ms)
[ok]: Sanity test push cmd after resharding (4 ms)
[ok]: Run blocking command again on cluster node1 (4 ms)
[ok]: Default bind address configuration handling (715 ms)
[ok]: GEOSEARCH fuzzy test - byradius (19981 ms)
[ok]: Protected mode works as expected (40 ms)
[ok]: Test selective replication of certain Redis commands from Lua (507 ms)
[ok]: PRNG is seeded randomly for command replication (1 ms)
[ok]: Using side effects is not a problem with command replication (1 ms)
[69/84 done]: unit/networking (4 seconds)
[ok]: Eval scripts with shebangs and functions default to no cross slots (1 ms)
[ok]: Cross slot commands are allowed by default for eval scripts and with allow-cross-slot-keys flag (0 ms)
[ok]: Cross slot commands are also blocked if they disagree with pre-declared keys (0 ms)
[ok]: MIGRATE timeout actually works (1036 ms)
[ok]: maxmemory - only allkeys-* should remove non-volatile keys (volatile-random) (1567 ms)
[70/84 done]: unit/cluster-scripting (3 seconds)
[ok]: MIGRATE can migrate multiple keys at once (523 ms)
[ok]: MIGRATE with multiple keys must have empty key arg (1 ms)
[ok]: Kill a cluster node and wait for fail state (1745 ms)
[ok]: Verify command got unblocked after cluster failure (101 ms)
[ok]: MIGRATE with multiple keys migrate just existing ones (419 ms)
[71/84 done]: integration/psync2 (46 seconds)
[ok]: Key lazy expires during key migration (14 ms)
[ok]: MIGRATE with multiple keys: stress command rewriting (475 ms)
[ok]: Broadcast message across a cluster shard while a cluster link is down (108 ms)
[ok]: maxmemory - only allkeys-* should remove non-volatile keys (volatile-ttl) (1560 ms)
[ok]: Test scripting debug protocol parsing (8 ms)
[ok]: Test scripting debug lua stack overflow (3 ms)
[ok]: MIGRATE with multiple keys: delete just ack keys (649 ms)
[72/84 done]: unit/cluster/misc (5 seconds)
[ok]: test RESP2/2 big number protocol parsing (0 ms)
[ok]: test RESP2/2 malformed big number protocol parsing (0 ms)
[ok]: test RESP2/2 map protocol parsing (1 ms)
[ok]: test RESP2/2 set protocol parsing (0 ms)
[ok]: test RESP2/2 double protocol parsing (1 ms)
[ok]: test RESP2/2 null protocol parsing (0 ms)
[ok]: test RESP2/2 verbatim protocol parsing (0 ms)
[ok]: test RESP2/2 true protocol parsing (0 ms)
[ok]: test RESP2/2 false protocol parsing (0 ms)
[ok]: test RESP2/3 big number protocol parsing (0 ms)
[ok]: test RESP2/3 malformed big number protocol parsing (0 ms)
[ok]: test RESP2/3 map protocol parsing (0 ms)
[ok]: test RESP2/3 set protocol parsing (1 ms)
[ok]: test RESP2/3 double protocol parsing (0 ms)
[ok]: test RESP2/3 null protocol parsing (0 ms)
[ok]: test RESP2/3 verbatim protocol parsing (6 ms)
[ok]: test RESP2/3 true protocol parsing (1 ms)
[ok]: test RESP2/3 false protocol parsing (0 ms)
[ok]: test RESP3/2 big number protocol parsing (1 ms)
[ok]: test RESP3/2 malformed big number protocol parsing (0 ms)
[ok]: test RESP3/2 map protocol parsing (0 ms)
[ok]: test RESP3/2 set protocol parsing (0 ms)
[ok]: test RESP3/2 double protocol parsing (0 ms)
[ok]: test RESP3/2 null protocol parsing (0 ms)
[ok]: test RESP3/2 verbatim protocol parsing (1 ms)
[ok]: test RESP3/2 true protocol parsing (0 ms)
[ok]: test RESP3/2 false protocol parsing (0 ms)
[ok]: test RESP3/3 big number protocol parsing (0 ms)
[ok]: test RESP3/3 malformed big number protocol parsing (0 ms)
[ok]: test RESP3/3 map protocol parsing (0 ms)
[ok]: test RESP3/3 set protocol parsing (0 ms)
[ok]: test RESP3/3 double protocol parsing (1 ms)
[ok]: test RESP3/3 null protocol parsing (0 ms)
[ok]: test RESP3/3 verbatim protocol parsing (0 ms)
[73/84 done]: unit/cluster/links (4 seconds)
[ok]: test RESP3/3 true protocol parsing (0 ms)
[ok]: test RESP3/3 false protocol parsing (1 ms)
[ok]: test resp3 attribute protocol parsing (1 ms)
[ok]: Script block the time during execution (11 ms)
[ok]: Script delete the expired key (7 ms)
[ok]: MIGRATE AUTH: correct and wrong password cases (571 ms)
[74/84 done]: unit/dump (102 seconds)
[ok]: Shebang support for lua engine (0 ms)
[ok]: Unknown shebang option (0 ms)
[ok]: Unknown shebang flag (0 ms)
[ok]: allow-oom shebang flag (7 ms)
[ok]: no-writes shebang flag (1 ms)
[ok]: maxmemory - policy volatile-lru should only remove volatile keys. (1525 ms)
[ok]: no-writes shebang flag on replica (13 ms)
[ok]: not enough good replicas (10 ms)
[ok]: maxmemory - policy volatile-lfu should only remove volatile keys. (1765 ms)
[ok]: client evicted due to pubsub subscriptions (7308 ms)
[ok]: client evicted due to tracking redirection (40 ms)
[ok]: Functions are added to new node on redis-cli cluster add-node (2895 ms)
[ok]: not enough good replicas state change during long script (2632 ms)
[ok]: allow-stale shebang flag (3 ms)
[ok]: reject script do not cause a Lua stack leak (26 ms)
[ok]: maxmemory - policy volatile-random should only remove volatile keys. (2201 ms)
[ok]: Consistent eval error reporting (28 ms)
[ok]: LUA redis.error_reply API (2 ms)
[ok]: LUA redis.error_reply API with empty string (0 ms)
[ok]: LUA redis.status_reply API (1 ms)
[ok]: LUA test pcall (1 ms)
[ok]: LUA test pcall with error (0 ms)
[ok]: LUA test pcall with non string/integer arg (0 ms)
[ok]: intsets implementation stress testing (10131 ms)
[75/84 done]: unit/scripting (39 seconds)
[ok]: Test replication partial resync: backlog expired (diskless: no, swapdb, reconnect: 1) (9190 ms)
[76/84 done]: unit/type/set (108 seconds)
[ok]: client evicted due to client tracking prefixes (2025 ms)
[ok]: client evicted due to output buf (4 ms)
[ok]: client no-evict on (60 ms)
[ok]: client no-evict off (32 ms)
[ok]: maxmemory - policy volatile-ttl should only remove volatile keys. (1035 ms)
[ok]: Client output buffer hard limit is enforced (34344 ms)
[ok]: avoid client eviction when client is freed by output buffer limit (128 ms)
[ok]: GEOSEARCH fuzzy test - bybox (10576 ms)
[ok]: GEOSEARCH box edges fuzzy test (57 ms)
[ok]: decrease maxmemory-clients causes client eviction (494 ms)
[77/84 done]: unit/geo (32 seconds)
[ok]: Master stream is correctly processed while the replica has a script in -BUSY state (33973 ms)
[ok]: Slave should be able to synchronize with the master (1712 ms)
[ok]: Detect write load to master (1 ms)
[ok]: evict clients only until below limit (77 ms)
[ok]: Test replication partial resync: no reconnection, just sync (diskless: yes, disabled, reconnect: 0) (239 ms)
[ok]: evict clients in right order (large to small) (109 ms)
[ok]: Diskless load swapdb (different replid): new database is exposed after swapping (0 ms)
[ok]: client total memory grows during client no-evict (132 ms)
[ok]: client total memory grows during maxmemory-clients disabled (131 ms)
[ok]: Client output buffer soft limit is enforced if time is overreached (4361 ms)
[78/84 done]: unit/client-eviction (17 seconds)
[ok]: Slave should be able to synchronize with the master (1515 ms)
[ok]: Detect write load to master (1 ms)
[ok]: Diskless load swapdb (different replid): replica enter loading (434 ms)
[ok]: Diskless load swapdb (different replid): old database is exposed after replication fails (0 ms)
[ok]: Migrate the last slot away from a node using redis-cli (6108 ms)
[ok]: Diskless load swapdb (async_loading): new database is exposed after swapping (0 ms)
[ok]: redis-cli --cluster create with cluster-port (1756 ms)
[ok]: redis-cli --cluster add-node with cluster-port (1182 ms)
[ok]: Client output buffer soft limit is not enforced too early and is enforced when no traffic (5936 ms)
[ok]: Diskless load swapdb (async_loading): replica enter async_loading (447 ms)
[ok]: No response for single command if client output buffer hard limit is enforced (177 ms)
[ok]: Test replication partial resync: ok psync (diskless: yes, disabled, reconnect: 1) (6160 ms)
[ok]: Diskless load swapdb (async_loading): old database is exposed while async replication is in progress (886 ms)
[ok]: No response for multi commands in pipeline if client output buffer limit is enforced (1044 ms)
[ok]: Execute transactions completely even if client output buffer limit is enforced (18 ms)
[ok]: Obuf limit, HRANDFIELD with huge count stopped mid-run (9 ms)
[ok]: Obuf limit, KEYS stopped mid-run (49 ms)
[79/84 done]: unit/cluster (24 seconds)
[80/84 done]: unit/obuf-limits (46 seconds)
[ok]: Busy script during async loading (899 ms)
[ok]: Blocked commands and configs during async-loading (445 ms)
[ok]: Diskless load swapdb (async_loading): old database is exposed after async replication fails (0 ms)
[ok]: Slave should be able to synchronize with the master (1712 ms)
[ok]: Detect write load to master (1 ms)
Waiting for process 12496 to exit...
[ok]: Test replication partial resync: no backlog (diskless: yes, disabled, reconnect: 1) (7690 ms)
[ok]: Slave should be able to synchronize with the master (604 ms)
[ok]: Detect write load to master (1 ms)
[ok]: Fuzzing dense/sparse encoding: Redis should always detect errors (45318 ms)
[ok]: PFADD, PFCOUNT, PFMERGE type checking works (5 ms)
[ok]: PFMERGE results on the cardinality of union of sets (1 ms)
[ok]: Test replication partial resync: ok after delay (diskless: yes, disabled, reconnect: 1) (9176 ms)
[ok]: Slave should be able to synchronize with the master (1310 ms)
[ok]: Detect write load to master (1 ms)
[ok]: PFCOUNT multiple-keys merge returns cardinality of union #1 (12084 ms)
[ok]: Test replication partial resync: backlog expired (diskless: yes, disabled, reconnect: 1) (9363 ms)
[ok]: Slave should be able to synchronize with the master (1416 ms)
[ok]: Detect write load to master (1 ms)
[ok]: Test replication partial resync: no reconnection, just sync (diskless: yes, swapdb, reconnect: 0) (464 ms)
[ok]: PFCOUNT multiple-keys merge returns cardinality of union #2 (8861 ms)
[ok]: Slave should be able to synchronize with the master (505 ms)
[ok]: Detect write load to master (0 ms)
[ok]: PFDEBUG GETREG returns the HyperLogLog raw registers (454 ms)
[ok]: PFADD / PFCOUNT cache invalidation works (3 ms)
[81/84 done]: unit/hyperloglog (74 seconds)
[ok]: Test replication partial resync: ok psync (diskless: yes, swapdb, reconnect: 1) (6195 ms)
[ok]: Slave should be able to synchronize with the master (305 ms)
[ok]: Detect write load to master (1 ms)
[ok]: Test replication partial resync: no backlog (diskless: yes, swapdb, reconnect: 1) (7678 ms)
[ok]: Slave should be able to synchronize with the master (1513 ms)
[ok]: Detect write load to master (0 ms)
[ok]: diskless loading short read (52407 ms)
[ok]: Test replication partial resync: ok after delay (diskless: yes, swapdb, reconnect: 1) (9202 ms)
[ok]: Slave should be able to synchronize with the master (1422 ms)
[ok]: Detect write load to master (0 ms)
[ok]: diskless no replicas drop during rdb pipe (10958 ms)
[ok]: diskless slow replicas drop during rdb pipe (6672 ms)
[ok]: Test replication partial resync: backlog expired (diskless: yes, swapdb, reconnect: 1) (9573 ms)
[82/84 done]: integration/replication-psync (180 seconds)
[ok]: diskless fast replicas drop during rdb pipe (7532 ms)
[ok]: diskless all replicas drop during rdb pipe (2364 ms)
[ok]: diskless timeout replicas drop during rdb pipe (8562 ms)
[ok]: diskless replication child being killed is collected (2880 ms)
[ok]: replication child dies when parent is killed - diskless: yes (1748 ms)
[ok]: replication child dies when parent is killed - diskless: no (2284 ms)
[ok]: diskless replication read pipe cleanup (1363 ms)
[ok]: replicaof right after disconnection (2720 ms)
[ok]: Kill rdb child process if its dumping RDB is not useful (2017 ms)
[ok]: slave buffer are counted correctly (123716 ms)
[ok]: Don't disconnect with replicas before loading transferred RDB when full sync (4 ms)
[ok]: Discard cache master before loading transferred RDB when full sync (103 ms)
[ok]: replica can handle EINTR if use diskless load (1896 ms)
[ok]: replica do not write the reply to the replication link - SYNC (_addReplyToBufferOrList) (157 ms)
[ok]: replica do not write the reply to the replication link - SYNC (addReplyDeferredLen) (111 ms)
[ok]: replica do not write the reply to the replication link - PSYNC (_addReplyToBufferOrList) (148 ms)
[ok]: replica do not write the reply to the replication link - PSYNC (addReplyDeferredLen) (135 ms)
[ok]: PSYNC with wrong offset should throw error (33 ms)
[83/84 done]: integration/replication (221 seconds)
[ok]: replica buffer don't induce eviction (12321 ms)
[ok]: Don't rehash if used memory exceeds maxmemory after rehash (205 ms)
[ok]: client tracking don't cause eviction feedback loop (1452 ms)
[ok]: propagation with eviction (31 ms)
[ok]: propagation with eviction in MULTI (123 ms)
[84/84 done]: unit/maxmemory (183 seconds)
Testing solo test
[ignore]: Test LPUSH and LPOP on plain nodes over 4GB: large memory flag not provided
[ignore]: Test LINDEX and LINSERT on plain nodes over 4GB: large memory flag not provided
[ignore]: Test LTRIM on plain nodes over 4GB: large memory flag not provided
[ignore]: Test LREM on plain nodes over 4GB: large memory flag not provided
[ignore]: Test LSET on plain nodes over 4GB: large memory flag not provided
[ignore]: Test LMOVE on plain nodes over 4GB: large memory flag not provided
[84/84 done]: list-large-memory (1 seconds)
Testing solo test
[ignore]: BIT pos larger than UINT_MAX: large memory flag not provided
[ignore]: SETBIT values larger than UINT32_MAX and lzf_compress/lzf_decompress correctly: large memory flag not provided
[84/84 done]: bitops-large-memory (0 seconds)
Testing solo test
[ok]: Active defrag (90487 ms)
[ok]: Active defrag eval scripts (13458 ms)
[ok]: Active defrag big keys (62005 ms)
[ok]: Active defrag big list (50041 ms)
[ok]: Active defrag edge case (77868 ms)
[84/84 done]: defrag (295 seconds)
Testing solo test
[ignore]: XADD one huge field: large memory flag not provided
[ignore]: XADD one huge field - 1: large memory flag not provided
[ignore]: several XADD big fields: large memory flag not provided
[ignore]: single XADD big fields: large memory flag not provided
[ignore]: hash with many big fields: large memory flag not provided
[ignore]: hash with one huge field: large memory flag not provided
[84/84 done]: violations (5 seconds)
Testing solo test
[ignore]: SADD, SCARD, SISMEMBER - large data: large memory flag not provided
[84/84 done]: set-large-memory (0 seconds)

                   The End

Execution time of different units:
  0 seconds - unit/type/incr
  0 seconds - unit/printver
  0 seconds - unit/info-command
  1 seconds - unit/info
  2 seconds - unit/keyspace
  3 seconds - unit/auth
  4 seconds - unit/protocol
  0 seconds - unit/quit
  9 seconds - unit/type/stream-cgroups
  6 seconds - unit/multi
  1 seconds - unit/acl-v2
  15 seconds - unit/type/hash
  7 seconds - unit/acl
  15 seconds - unit/other
  17 seconds - unit/type/list
  8 seconds - unit/latency-monitor
  18 seconds - unit/expire
  19 seconds - unit/aofrw
  28 seconds - unit/type/string
  37 seconds - unit/sort
  21 seconds - integration/replication-3
  40 seconds - unit/type/stream
  28 seconds - integration/block-repl
  30 seconds - integration/replication-2
  21 seconds - integration/shutdown
  2 seconds - integration/convert-zipmap-hash-on-load
  2 seconds - integration/convert-ziplist-hash-on-load
  2 seconds - integration/convert-ziplist-zset-on-load
  55 seconds - unit/scan
  38 seconds - integration/replication-4
  34 seconds - integration/replication-buffer
  2 seconds - integration/logging
  57 seconds - unit/type/list-2
  21 seconds - integration/aof-multi-part
  25 seconds - integration/aof
  7 seconds - integration/failover
  24 seconds - integration/rdb
  3 seconds - integration/redis-benchmark
  2 seconds - unit/pubsub
  2 seconds - unit/slowlog
  21 seconds - integration/corrupt-dump-fuzzer
  4 seconds - unit/pubsubshard
  13 seconds - integration/psync2-master-restart
  12 seconds - integration/redis-cli
  8 seconds - integration/dismiss-mem
  2 seconds - unit/limits
  8 seconds - unit/functions
  20 seconds - integration/psync2-pingoff
  7 seconds - unit/introspection-2
  24 seconds - integration/psync2-reg
  8 seconds - unit/bitfield
  10 seconds - unit/bitops
  87 seconds - unit/type/zset
  1 seconds - unit/lazyfree
  2 seconds - unit/pause
  48 seconds - integration/corrupt-dump
  5 seconds - unit/wait
  0 seconds - unit/tls
  4 seconds - unit/querybuf
  3 seconds - unit/tracking
  2 seconds - unit/oom-score-adj
  26 seconds - unit/introspection
  1 seconds - unit/shutdown
  17 seconds - unit/memefficiency
  97 seconds - unit/type/list-3
  6 seconds - unit/pendingquerybuf
  0 seconds - unit/violations
  1 seconds - unit/replybufsize
  4 seconds - unit/networking
  3 seconds - unit/cluster-scripting
  46 seconds - integration/psync2
  5 seconds - unit/cluster/misc
  4 seconds - unit/cluster/links
  102 seconds - unit/dump
  39 seconds - unit/scripting
  108 seconds - unit/type/set
  32 seconds - unit/geo
  17 seconds - unit/client-eviction
  24 seconds - unit/cluster
  46 seconds - unit/obuf-limits
  74 seconds - unit/hyperloglog
  180 seconds - integration/replication-psync
  221 seconds - integration/replication
  183 seconds - unit/maxmemory
  1 seconds - list-large-memory
  0 seconds - bitops-large-memory
  295 seconds - defrag
  5 seconds - violations
  0 seconds - set-large-memory

\o/ All tests passed without errors!

Cleanup: may take some time... OK
