kern  :info  : [  153.330412] rust_kjit: Hot SVC at 0xfffff772ce0c with PID 3043 on CPU 4
kern  :info  : [  153.330575] rust_kjit: BB at 0xfffff7668660
kern  :info  : [  153.330577] rust_kjit: BB: 22 0c 00 f0 42 ec 46 f9 43 d0 3b d5 fd 7b bf a9 e1 03 00 aa e1 03 01 4b fd 03 00 91 61 68 22 b8 00 00 80 92 fd 7b c1 a8 c0 03 5f d6 
kern  :info  : [  153.330592] rust_kjit: BB at 0xfffff772ce0c
kern  :info  : [  153.330592] rust_kjit: BB: 1f fc 3f b1 42 00 00 54 
kern  :info  : [  153.330595] rust_kjit: BB at 0xfffff772ce14
kern  :info  : [  153.330596] rust_kjit: BB: c0 03 5f d6 
kern  :info  : [  153.330597] rust_kjit: BB at 0xfffff772ce18
kern  :info  : [  153.330598] rust_kjit: BB: 12 ee fc 17 
kern  :info  : [  153.330764] rust_kjit: Final code: fd 7b b4 a9 fd 03 00 91 f2 2f 00 f9 f3 53 06 a9 f5 5b 07 a9 f7 63 08 a9 f9 6b 09 a9 fb 73 0a a9 f0 03 00 aa f1 03 01 aa f0 47 0b a9 00 06 40 a9 02 0e 41 a9 04 16 42 a9 06 1e 43 a9 08 26 44 a9 0a 2e 45 a9 0c 36 46 a9 0e 3e 47 a9 12 4e 49 a9 14 56 4a a9 16 5e 4b a9 18 66 4c a9 1a 6e 4d a9 1c 72 40 f9 1e 7a 40 f9 11 76 40 f9 f1 23 00 f9 11 7e 40 f9 f1 27 00 f9 10 46 48 a9 ec 37 01 a9 ee 3f 02 a9 f0 47 03 a9 f0 47 44 a9 34 00 00 14 f0 47 04 a9 f0 47 4b a9 2a 2e 00 a9 ee 3f 41 a9 0e 3e 06 a9 ee 3f 42 a9 0e 3e 07 a9 ee 3f 43 a9 0e 3e 08 a9 ee 23 40 f9 0e 76 00 f9 ee 27 40 f9 0e 7e 00 f9 00 06 00 a9 02 0e 01 a9 04 16 02 a9 06 1e 03 a9 08 22 00 f9 12 4e 09 a9 14 56 0a a9 16 5e 0b a9 18 66 0c a9 1a 6e 0d a9 1c 72 00 f9 1e 7a 00 f9 e0 03 09 aa f2 2f 40 f9 f3 53 46 a9 
kern  :info  : [  153.330838] rust_kjit: Final code con't: f5 5b 47 a9 f7 63 48 a9 f9 6b 49 a9 fb 73 4a a9 fd 7b cc a8 c0 03 5f d6 02 00 e0 d2 e2 ff df f2 c2 ef be f2 02 00 9e f2 42 ec 46 f9 43 d0 3b d5 30 7a bf a9 e1 03 00 aa e1 03 01 4b f0 03 11 aa 61 68 22 b8 00 00 80 92 30 7a c1 a8 89 00 80 d2 ea 03 1e aa 2b 00 00 10 ce ff ff 17 1f fc 3f b1 09 42 3b d5 09 01 80 f2 69 00 c0 f2 0a 00 e0 d2 ea ff df f2 4a ee be f2 0a c3 99 f2 2b 00 00 10 c4 ff ff 17 89 00 80 d2 ea 03 1e aa 2b 00 00 10 c0 ff ff 17 09 42 3b d5 09 01 80 f2 09 00 c0 f2 0a 00 e0 d2 ea ff df f2 ca ec be f2 0a cc 90 f2 2b 00 00 10 b7 ff ff 17 d8 ff ff 17 
kern  :info  : [  153.330968] rust_kjit: ###### Lift session 1 ######
kern  :info  : [  153.330970] rust_kjit: Regs: 
kern  :warn  : [  153.330970] 	X0: 000000000000	X1: 000000000001	X2: 00000000000c	X3: ffffffffe8f8
kern  :warn  : [  153.330973] 	X4: fffff72ce400	X5: 000000002800	X6: 000000000e8c	X7: 00000000000a
kern  :warn  : [  153.330975] 	X8: 000000000015	X9: 000000000000	X10: 000000000000	X11: 000000000000
kern  :warn  : [  153.330978] 	X12: 000000000000	X13: 000000004010	X14: 000000000000	X15: 000000000000
kern  :warn  : [  153.330980] 	X16: aaaaaabdfe40	X17: fffff772ce00	X18: 0000000372cf	X19: 00000000000c
kern  :warn  : [  153.330982] 	X20: 000000000002	X21: 000000000180	X22: fffff720d000	X23: fffff72ce400
kern  :warn  : [  153.330984] 	X24: aaaaaab204f0	X25: fffff720d180	X26: fffff7208000	X27: aaaaaab8f000
kern  :warn  : [  153.330986] 	X28: aaaaaab8f000	X29: ffffffffe910	X30: aaaaaab1b210
kern  :info  : [  153.330987] rust_kjit: RDebug at 0x180, continue at 0x184
kern  :info  : [  153.330990] rust_kjit: Regs: 
kern  :warn  : [  153.330990] 	X0: 000000000000	X1: 000000000001	X2: 00000000000c	X3: ffffffffe8f8
kern  :warn  : [  153.330992] 	X4: fffff72ce400	X5: 000000002800	X6: 000000000e8c	X7: 00000000000a
kern  :warn  : [  153.330994] 	X8: 000000000015	X9: 000000000000	X10: 000000000000	X11: 000000000000
kern  :warn  : [  153.330997] 	X12: 000000000000	X13: 000000004010	X14: 000000000000	X15: 000000000000
kern  :warn  : [  153.330999] 	X16: aaaaaabdfe40	X17: fffff772ce00	X18: 0000000372cf	X19: 00000000000c
kern  :warn  : [  153.331001] 	X20: 000000000002	X21: 000000000180	X22: fffff720d000	X23: fffff72ce400
kern  :warn  : [  153.331003] 	X24: aaaaaab204f0	X25: fffff720d180	X26: fffff7208000	X27: aaaaaab8f000
kern  :warn  : [  153.331004] 	X28: aaaaaab8f000	X29: ffffffffe910	X30: aaaaaab1b210
kern  :info  : [  153.331006] rust_kjit: RRet at 0x190
kern  :info  : [  153.331765] rust_kjit: BB at 0xaaaaaab1a4e0
kern  :info  : [  153.331766] rust_kjit: BB: 3f 23 03 d5 ff 83 01 d1 fd 7b 02 a9 fd 83 00 91 f5 5b 04 a9 f5 03 00 aa 36 7c 7b 93 f7 2b 00 f9 b7 0a 40 f9 f3 53 03 a9 f4 03 01 2a 20 06 00 b0 00 c0 47 f9 01 00 40 f9 e1 0f 00 f9 01 00 80 d2 e0 6a 76 b8 20 03 00 34 
kern  :info  : [  153.331787] rust_kjit: BB at 0xaaaaaab1a528
kern  :info  : [  153.331788] rust_kjit: BB: a3 1a 40 f9 41 00 1e 32 5f 00 7f f2 ff ff 00 a9 22 10 82 1a 01 00 22 0a f3 03 22 2a 60 00 40 b9 22 00 1f 12 a1 03 00 36 
kern  :info  : [  153.331799] rust_kjit: BB at 0xaaaaaab1a550
kern  :info  : [  153.331799] rust_kjit: BB: 21 00 80 52 e1 0b 00 b9 e2 06 00 35 
kern  :info  : [  153.331803] rust_kjit: BB at 0xaaaaaab1a55c
kern  :info  : [  153.331803] rust_kjit: BB: f4 13 00 b9 
kern  :info  : [  153.331805] rust_kjit: BB at 0xaaaaaab1a560
kern  :info  : [  153.331805] rust_kjit: BB: e3 23 00 91 e2 03 14 2a 61 00 80 52 f5 d0 ff 97 
kern  :info  : [  153.331809] rust_kjit: BB at 0xaaaaaab1a570
kern  :info  : [  153.331810] rust_kjit: BB: e0 6a 76 b8 a3 02 40 b9 62 02 00 6a e2 6a 36 b8 80 02 43 7a 80 03 00 54 
kern  :info  : [  153.331816] rust_kjit: BB at 0xaaaaaab1a588
kern  :info  : [  153.331817] rust_kjit: BB: 20 06 00 b0 00 c0 47 f9 e2 0f 40 f9 01 00 40 f9 42 00 01 eb 01 00 80 d2 61 05 00 54 
kern  :info  : [  153.331824] rust_kjit: BB at 0xaaaaaab1a5a4
kern  :info  : [  153.331825] rust_kjit: BB: fd 7b 42 a9 f3 53 43 a9 f5 5b 44 a9 f7 2b 40 f9 ff 83 01 91 bf 23 03 d5 c0 03 5f d6 
kern  :info  : [  153.331832] rust_kjit: BB at 0xaaaaaab1a5c0
kern  :info  : [  153.331833] rust_kjit: BB: 02 04 00 35 
kern  :info  : [  153.331834] rust_kjit: BB at 0xaaaaaab1a5c4
kern  :info  : [  153.331835] rust_kjit: BB: f4 13 00 b9 c1 fc ff 35 
kern  :info  : [  153.331837] rust_kjit: BB at 0xaaaaaab1a5cc
kern  :info  : [  153.331837] rust_kjit: BB: e3 23 00 91 e2 03 14 2a 41 00 80 52 da d0 ff 97 
kern  :info  : [  153.331842] rust_kjit: BB at 0xaaaaaab1a5dc
kern  :info  : [  153.331842] rust_kjit: BB: e0 6a 76 b8 a3 02 40 b9 62 02 00 6a e2 6a 36 b8 80 02 43 7a c1 fc ff 54 
kern  :info  : [  153.331849] rust_kjit: BB at 0xaaaaaab1a5f4
kern  :info  : [  153.331849] rust_kjit: BB: 61 04 00 71 a4 01 00 54 
kern  :info  : [  153.331852] rust_kjit: BB at 0xaaaaaab1a5fc
kern  :info  : [  153.331852] rust_kjit: BB: 04 04 80 52 e2 03 80 92 a0 0a 40 f9 63 08 24 9b 00 00 03 8b 05 00 00 14 
kern  :info  : [  153.331859] rust_kjit: BB at 0xaaaaaab1a614
kern  :info  : [  153.331859] rust_kjit: BB: 21 04 00 51 00 80 00 d1 3f 04 00 31 60 00 00 54 
kern  :info  : [  153.331864] rust_kjit: BB at 0xaaaaaab1a624
kern  :info  : [  153.331864] rust_kjit: BB: 02 00 40 b9 62 ff ff 34 
kern  :info  : [  153.331866] rust_kjit: BB at 0xaaaaaab1a62c
kern  :info  : [  153.331867] rust_kjit: BB: a1 02 00 b9 d6 ff ff 17 
kern  :info  : [  153.331869] rust_kjit: BB at 0xaaaaaab1a634
kern  :info  : [  153.331870] rust_kjit: BB: a1 00 80 52 e1 0b 00 b9 c8 ff ff 17 
kern  :info  : [  153.331873] rust_kjit: BB at 0xaaaaaab1a640
kern  :info  : [  153.331874] rust_kjit: BB: 81 00 80 52 e1 0b 00 b9 c5 ff ff 17 
kern  :info  : [  153.331877] rust_kjit: BB at 0xaaaaaab1a64c
kern  :info  : [  153.331877] rust_kjit: BB: 39 cf ff 97 
kern  :info  : [  153.331879] rust_kjit: BB at 0xaaaaaab1a650
kern  :info  : [  153.331879] rust_kjit: BB: 5f 24 03 d5 e3 03 01 aa e1 03 02 aa 62 f0 5f 38 40 08 00 12 1f 08 00 71 c0 06 00 54 
kern  :info  : [  153.331887] rust_kjit: BB at 0xaaaaaab1a66c
kern  :info  : [  153.331887] rust_kjit: BB: a9 03 00 54 
kern  :info  : [  153.331889] rust_kjit: BB at 0xaaaaaab1a670
kern  :info  : [  153.331889] rust_kjit: BB: 1f 0c 00 71 20 06 00 54 
kern  :info  : [  153.331892] rust_kjit: BB at 0xaaaaaab1a678
kern  :info  : [  153.331892] rust_kjit: BB: 02 00 80 52 1f 10 00 71 41 00 00 54 
kern  :info  : [  153.331895] rust_kjit: BB at 0xaaaaaab1a684
kern  :info  : [  153.331896] rust_kjit: BB: 62 f0 5e b8 
kern  :info  : [  153.331897] rust_kjit: BB at 0xaaaaaab1a688
kern  :info  : [  153.331898] rust_kjit: BB: 20 f0 5f 38 05 08 00 12 bf 08 00 71 60 03 00 54 
kern  :info  : [  153.331902] rust_kjit: BB at 0xaaaaaab1a698
kern  :info  : [  153.331903] rust_kjit: BB: e8 03 00 54 
kern  :info  : [  153.331904] rust_kjit: BB at 0xaaaaaab1a69c
kern  :info  : [  153.331905] rust_kjit: BB: 04 7c 03 53 45 00 00 34 
kern  :info  : [  153.331907] rust_kjit: BB at 0xaaaaaab1a6a4
kern  :info  : [  153.331908] rust_kjit: BB: 24 d0 5f 38 
kern  :info  : [  153.331909] rust_kjit: BB at 0xaaaaaab1a6a8
kern  :info  : [  153.331909] rust_kjit: BB: 00 00 80 52 5f 00 04 6b 01 03 00 54 
kern  :info  : [  153.331913] rust_kjit: BB at 0xaaaaaab1a6b4
kern  :info  : [  153.331913] rust_kjit: BB: 3f 23 03 d5 fd 7b bf a9 42 7c 40 93 fd 03 00 91 e0 03 03 aa 4a cf ff 97 
kern  :info  : [  153.331920] rust_kjit: BB at 0xaaaaaab1a6cc
kern  :info  : [  153.331920] rust_kjit: BB: 1f 00 00 71 fd 7b c1 a8 bf 23 03 d5 e0 17 9f 1a c0 03 5f d6 
kern  :info  : [  153.331926] rust_kjit: BB at 0xaaaaaab1a6e0
kern  :info  : [  153.331926] rust_kjit: BB: 42 7c 03 53 20 fd ff 34 
kern  :info  : [  153.331928] rust_kjit: BB at 0xaaaaaab1a6e8
kern  :info  : [  153.331929] rust_kjit: BB: 20 f0 5f 38 62 d0 5f 38 05 08 00 12 bf 08 00 71 01 fd ff 54 
kern  :info  : [  153.331934] rust_kjit: BB at 0xaaaaaab1a6fc
kern  :info  : [  153.331935] rust_kjit: BB: 1f 20 03 d5 
kern  :info  : [  153.331936] rust_kjit: BB at 0xaaaaaab1a700
kern  :info  : [  153.331936] rust_kjit: BB: 24 b0 5f 78 00 00 80 52 5f 00 04 6b 40 fd ff 54 
kern  :info  : [  153.331941] rust_kjit: BB at 0xaaaaaab1a710
kern  :info  : [  153.331941] rust_kjit: BB: c0 03 5f d6 
kern  :info  : [  153.331943] rust_kjit: BB at 0xaaaaaab1a714
kern  :info  : [  153.331943] rust_kjit: BB: bf 0c 00 71 c0 00 00 54 
kern  :info  : [  153.331945] rust_kjit: BB at 0xaaaaaab1a71c
kern  :info  : [  153.331946] rust_kjit: BB: 04 00 80 52 bf 10 00 71 21 fc ff 54 
kern  :info  : [  153.331949] rust_kjit: BB at 0xaaaaaab1a728
kern  :info  : [  153.331950] rust_kjit: BB: 24 f0 5e b8 df ff ff 17 
kern  :info  : [  153.331952] rust_kjit: BB at 0xaaaaaab1a730
kern  :info  : [  153.331953] rust_kjit: BB: 24 70 5f b8 dd ff ff 17 
kern  :info  : [  153.331955] rust_kjit: BB at 0xaaaaaab1a738
kern  :info  : [  153.331955] rust_kjit: BB: 62 70 5f b8 d3 ff ff 17 
kern  :info  : [  153.331958] rust_kjit: BB at 0xaaaaaab1a740
kern  :info  : [  153.331958] rust_kjit: BB: 62 b0 5f 78 d1 ff ff 17 
kern  :info  : [  153.331960] rust_kjit: BB at 0xaaaaaab1b210
kern  :info  : [  153.331961] rust_kjit: BB: 1f 04 00 31 e0 04 00 54 
kern  :info  : [  153.331963] rust_kjit: BB at 0xaaaaaab1b218
kern  :info  : [  153.331964] rust_kjit: BB: c1 6a 75 b8 21 00 14 2a c1 6a 35 b8 54 00 00 36 
kern  :info  : [  153.331968] rust_kjit: BB at 0xaaaaaab1b228
kern  :info  : [  153.331969] rust_kjit: BB: 38 07 00 f9 
kern  :info  : [  153.331970] rust_kjit: BB at 0xaaaaaab1b22c
kern  :info  : [  153.331970] rust_kjit: BB: 54 00 08 36 
kern  :info  : [  153.331972] rust_kjit: BB at 0xaaaaaab1b230
kern  :info  : [  153.331972] rust_kjit: BB: 38 0b 00 f9 
kern  :info  : [  153.331974] rust_kjit: BB at 0xaaaaaab1b234
kern  :info  : [  153.331974] rust_kjit: BB: 40 03 40 b9 37 0f 00 f9 1f 00 13 6b ab 02 00 54 
kern  :info  : [  153.331979] rust_kjit: BB at 0xaaaaaab1b244
kern  :info  : [  153.331979] rust_kjit: BB: f5 5b 44 a9 00 00 80 52 f7 63 45 a9 
kern  :info  : [  153.331982] rust_kjit: BB at 0xaaaaaab1b250
kern  :info  : [  153.331983] rust_kjit: BB: 21 06 00 90 21 c0 47 f9 e3 0f 40 f9 22 00 40 f9 63 00 02 eb 02 00 80 d2 c1 02 00 54 
kern  :info  : [  153.331990] rust_kjit: BB at 0xaaaaaab1b26c
kern  :info  : [  153.331991] rust_kjit: BB: fd 7b 42 a9 f3 53 43 a9 f9 6b 46 a9 ff c3 01 91 bf 23 03 d5 c0 03 5f d6 
kern  :info  : [  153.331997] rust_kjit: BB at 0xaaaaaab1b294
kern  :info  : [  153.331998] rust_kjit: BB: 53 03 00 b9 eb ff ff 17 
kern  :info  : [  153.332000] rust_kjit: BB at 0xaaaaaab1b2b0
kern  :info  : [  153.332000] rust_kjit: BB: f5 5b 44 a9 00 00 80 12 f7 63 45 a9 e5 ff ff 17 
kern  :info  : [  153.332005] rust_kjit: BB at 0xaaaaaab1b2c0
kern  :info  : [  153.332005] rust_kjit: BB: f5 5b 04 a9 f7 63 05 a9 1a cc ff 97 
kern  :info  : [  153.332009] rust_kjit: BB at 0xaaaaaab1b2cc
kern  :info  : [  153.332009] rust_kjit: BB: 1f 20 03 d5 3f 23 03 d5 fd 7b bf a9 fd 03 00 91 03 04 40 b9 7f 00 01 6b 8d 00 00 54 
kern  :info  : [  153.332017] rust_kjit: BB at 0xaaaaaab1b2e8
kern  :info  : [  153.332017] rust_kjit: BB: fd 7b c1 a8 bf 23 03 d5 7c fc ff 17 
kern  :info  : [  153.332020] rust_kjit: BB at 0xaaaaaab1b2f4
kern  :info  : [  153.332021] rust_kjit: BB: fd 7b c1 a8 bf 23 03 d5 c0 03 5f d6 
kern  :info  : [  153.332025] rust_kjit: ARM64_INS_PACIASP -> NOP
kern  :info  : [  153.332235] rust_kjit: ARM64_INS_AUTIASP -> NOP
kern  :info  : [  153.332573] rust_kjit: ARM64_INS_BTI -> NOP
kern  :info  : [  153.332799] rust_kjit: ARM64_INS_PACIASP -> NOP
kern  :info  : [  153.332841] rust_kjit: ARM64_INS_AUTIASP -> NOP
kern  :info  : [  153.333213] rust_kjit: ARM64_INS_AUTIASP -> NOP
kern  :info  : [  153.333340] rust_kjit: ARM64_INS_PACIASP -> NOP
kern  :info  : [  153.333380] rust_kjit: ARM64_INS_AUTIASP -> NOP
kern  :info  : [  153.333408] rust_kjit: ARM64_INS_AUTIASP -> NOP
kern  :info  : [  153.333494] rust_kjit: Final code: 1f 20 03 d5 31 82 01 d1 30 7a 02 a9 30 82 00 91 35 5a 04 a9 f5 03 00 aa 36 7c 7b 93 37 2a 00 f9 b7 0a 40 f9 33 52 03 a9 f4 03 01 2a 00 00 e0 d2 40 55 d5 f2 a0 57 b5 f2 00 00 9e f2 00 c0 47 f9 01 00 40 f9 21 0e 00 f9 01 00 80 d2 e0 6a 76 b8 1f 00 00 71 09 42 3b d5 09 01 80 f2 29 00 c0 f2 0a 00 e0 d2 4a 55 d5 f2 2a 56 b5 f2 0a b1 94 f2 2b 00 00 10 98 ff ff 17 a3 1a 40 f9 41 00 1e 32 5f 00 7f f2 3f fe 00 a9 22 10 82 1a 01 00 22 0a f3 03 22 2a 60 00 40 b9 22 00 1f 12 29 00 80 d2 3f 00 09 ea 09 42 3b d5 09 01 80 f2 29 00 c0 f2 0a 00 e0 d2 4a 55 d5 f2 2a 56 b5 f2 0a b8 94 f2 2b 00 00 10 84 ff ff 17 21 00 80 52 21 0a 00 b9 5f 00 00 71 09 42 3b d5 09 01 80 f2 49 00 c0 f2 0a 00 e0 d2 4a 55 d5 f2 2a 56 b5 f2 8a c6 94 f2 2b 00 00 10 78 ff ff 17 34 12 00 b9 23 22 00 91 
kern  :info  : [  153.333566] rust_kjit: Final code con't: e2 03 14 2a 61 00 80 52 29 00 80 d2 0a 00 e0 d2 4a 55 d5 f2 0a 56 b5 f2 0a 28 9d f2 2b 00 00 10 6d ff ff 17 e0 6a 76 b8 a3 02 40 b9 62 02 00 6a e2 6a 36 b8 80 02 43 7a 09 42 3b d5 09 01 80 f2 29 00 c0 f2 0a 00 e0 d2 4a 55 d5 f2 2a 56 b5 f2 8a be 94 f2 2b 00 00 10 5f ff ff 17 00 00 e0 d2 40 55 d5 f2 a0 57 b5 f2 00 00 9e f2 00 c0 47 f9 22 0e 40 f9 01 00 40 f9 42 00 01 eb 01 00 80 d2 09 42 3b d5 09 01 80 f2 49 00 c0 f2 0a 00 e0 d2 4a 55 d5 f2 2a 56 b5 f2 8a c9 94 f2 2b 00 00 10 4d ff ff 17 30 7a 42 a9 33 52 43 a9 35 5a 44 a9 37 2a 40 f9 31 82 01 91 1f 20 03 d5 89 00 80 d2 ea 03 1e aa 2b 00 00 10 43 ff ff 17 5f 00 00 71 09 42 3b d5 09 01 80 f2 49 00 c0 f2 0a 00 e0 d2 4a 55 d5 f2 2a 56 b5 f2 0a c8 94 f2 2b 00 00 10 39 ff ff 17 34 12 00 b9 3f 00 00 71 09 42 3b d5 
kern  :info  : [  153.333635] rust_kjit: Final code con't: 09 01 80 f2 49 00 c0 f2 0a 00 e0 d2 4a 55 d5 f2 2a 56 b5 f2 0a ac 94 f2 2b 00 00 10 2e ff ff 17 b7 ff ff 17 23 22 00 91 e2 03 14 2a 41 00 80 52 29 00 80 d2 0a 00 e0 d2 4a 55 d5 f2 0a 56 b5 f2 0a 28 9d f2 2b 00 00 10 23 ff ff 17 e0 6a 76 b8 a3 02 40 b9 62 02 00 6a e2 6a 36 b8 80 02 43 7a 09 42 3b d5 09 01 80 f2 49 00 c0 f2 0a 00 e0 d2 4a 55 d5 f2 2a 56 b5 f2 0a b1 94 f2 2b 00 00 10 15 ff ff 17 b6 ff ff 17 61 04 00 71 09 42 3b d5 09 01 80 f2 a9 00 c0 f2 0a 00 e0 d2 4a 55 d5 f2 2a 56 b5 f2 8a c5 94 f2 2b 00 00 10 0a ff ff 17 04 04 80 52 e2 03 80 92 a0 0a 40 f9 63 08 24 9b 00 00 03 8b 09 42 3b d5 09 01 80 f2 09 00 c0 f2 0a 00 e0 d2 4a 55 d5 f2 2a 56 b5 f2 8a c4 94 f2 2b 00 00 10 fc fe ff 17 21 04 00 51 00 80 00 d1 3f 04 00 31 09 42 3b d5 09 01 80 f2 29 00 c0 f2 
kern  :info  : [  153.333704] rust_kjit: Final code con't: 0a 00 e0 d2 4a 55 d5 f2 2a 56 b5 f2 8a c5 94 f2 2b 00 00 10 f0 fe ff 17 02 00 40 b9 5f 00 00 71 09 42 3b d5 09 01 80 f2 29 00 c0 f2 0a 00 e0 d2 4a 55 d5 f2 2a 56 b5 f2 8a c2 94 f2 2b 00 00 10 e5 fe ff 17 e9 ff ff 17 a1 02 00 b9 09 42 3b d5 09 01 80 f2 09 00 c0 f2 0a 00 e0 d2 4a 55 d5 f2 2a 56 b5 f2 0a b1 94 f2 2b 00 00 10 da fe ff 17 7b ff ff 17 a1 00 80 52 21 0a 00 b9 09 42 3b d5 09 01 80 f2 09 00 c0 f2 0a 00 e0 d2 4a 55 d5 f2 2a 56 b5 f2 8a ab 94 f2 2b 00 00 10 ce fe ff 17 56 ff ff 17 81 00 80 52 21 0a 00 b9 09 42 3b d5 09 01 80 f2 09 00 c0 f2 0a 00 e0 d2 4a 55 d5 f2 2a 56 b5 f2 8a ab 94 f2 2b 00 00 10 c2 fe ff 17 4a ff ff 17 29 00 80 d2 0a 00 e0 d2 4a 55 d5 f2 0a 56 b5 f2 0a 66 9c f2 2b 00 00 10 ba fe ff 17 1f 20 03 d5 e3 03 01 aa e1 03 02 aa 62 f0 5f 38 
kern  :info  : [  153.333772] rust_kjit: Final code con't: 40 08 00 12 1f 08 00 71 09 42 3b d5 09 01 80 f2 29 00 c0 f2 0a 00 e0 d2 4a 55 d5 f2 2a 56 b5 f2 0a e8 94 f2 2b 00 00 10 ab fe ff 17 09 42 3b d5 09 01 80 f2 49 01 c0 f2 0a 00 e0 d2 4a 55 d5 f2 2a 56 b5 f2 0a dc 94 f2 2b 00 00 10 a2 fe ff 17 1f 0c 00 71 09 42 3b d5 09 01 80 f2 29 00 c0 f2 0a 00 e0 d2 4a 55 d5 f2 2a 56 b5 f2 0a e7 94 f2 2b 00 00 10 98 fe ff 17 02 00 80 52 1f 10 00 71 09 42 3b d5 09 01 80 f2 49 00 c0 f2 0a 00 e0 d2 4a 55 d5 f2 2a 56 b5 f2 0a d1 94 f2 2b 00 00 10 8d fe ff 17 62 f0 5e b8 20 f0 5f 38 05 08 00 12 bf 08 00 71 09 42 3b d5 09 01 80 f2 29 00 c0 f2 0a 00 e0 d2 4a 55 d5 f2 2a 56 b5 f2 0a e0 94 f2 2b 00 00 10 80 fe ff 17 09 42 3b d5 09 01 80 f2 29 01 c0 f2 0a 00 e0 d2 4a 55 d5 f2 2a 56 b5 f2 8a e2 94 f2 2b 00 00 10 77 fe ff 17 04 7c 03 53 
kern  :info  : [  153.333842] rust_kjit: Final code con't: bf 00 00 71 09 42 3b d5 09 01 80 f2 29 00 c0 f2 0a 00 e0 d2 4a 55 d5 f2 2a 56 b5 f2 0a d5 94 f2 2b 00 00 10 6c fe ff 17 24 d0 5f 38 00 00 80 52 5f 00 04 6b 09 42 3b d5 09 01 80 f2 49 00 c0 f2 0a 00 e0 d2 4a 55 d5 f2 2a 56 b5 f2 0a e2 94 f2 2b 00 00 10 60 fe ff 17 1f 20 03 d5 30 7a bf a9 42 7c 40 93 f0 03 11 aa e0 03 03 aa 29 00 80 d2 0a 00 e0 d2 4a 55 d5 f2 0a 56 b5 f2 0a 7e 9c f2 2b 00 00 10 54 fe ff 17 1f 00 00 71 30 7a c1 a8 1f 20 03 d5 e0 17 9f 1a 89 00 80 d2 ea 03 1e aa 2b 00 00 10 4c fe ff 17 42 7c 03 53 1f 00 00 71 09 42 3b d5 09 01 80 f2 29 00 c0 f2 0a 00 e0 d2 4a 55 d5 f2 2a 56 b5 f2 0a d1 94 f2 2b 00 00 10 41 fe ff 17 b5 ff ff 17 20 f0 5f 38 62 d0 5f 38 05 08 00 12 bf 08 00 71 09 42 3b d5 09 01 80 f2 49 00 c0 f2 0a 00 e0 d2 4a 55 d5 f2 2a 56 b5 f2 
kern  :info  : [  153.333910] rust_kjit: Final code con't: 0a d3 94 f2 2b 00 00 10 33 fe ff 17 b3 ff ff 17 1f 20 03 d5 24 b0 5f 78 00 00 80 52 5f 00 04 6b 09 42 3b d5 09 01 80 f2 29 00 c0 f2 0a 00 e0 d2 4a 55 d5 f2 2a 56 b5 f2 8a d6 94 f2 2b 00 00 10 25 fe ff 17 c5 ff ff 17 89 00 80 d2 ea 03 1e aa 2b 00 00 10 20 fe ff 17 bf 0c 00 71 09 42 3b d5 09 01 80 f2 29 00 c0 f2 0a 00 e0 d2 4a 55 d5 f2 2a 56 b5 f2 0a e6 94 f2 2b 00 00 10 16 fe ff 17 04 00 80 52 bf 10 00 71 09 42 3b d5 09 01 80 f2 49 00 c0 f2 0a 00 e0 d2 4a 55 d5 f2 2a 56 b5 f2 0a d5 94 f2 2b 00 00 10 0b fe ff 17 a0 ff ff 17 24 f0 5e b8 09 42 3b d5 09 01 80 f2 09 00 c0 f2 0a 00 e0 d2 4a 55 d5 f2 2a 56 b5 f2 0a d5 94 f2 2b 00 00 10 00 fe ff 17 95 ff ff 17 24 70 5f b8 09 42 3b d5 09 01 80 f2 09 00 c0 f2 0a 00 e0 d2 4a 55 d5 f2 2a 56 b5 f2 0a d5 94 f2 2b 00 00 10 
kern  :info  : [  153.333981] rust_kjit: Final code con't: f5 fd ff 17 8a ff ff 17 62 70 5f b8 09 42 3b d5 09 01 80 f2 09 00 c0 f2 0a 00 e0 d2 4a 55 d5 f2 2a 56 b5 f2 0a d1 94 f2 2b 00 00 10 ea fd ff 17 5e ff ff 17 62 b0 5f 78 09 42 3b d5 09 01 80 f2 09 00 c0 f2 0a 00 e0 d2 4a 55 d5 f2 2a 56 b5 f2 0a d1 94 f2 2b 00 00 10 df fd ff 17 53 ff ff 17 1f 04 00 31 09 42 3b d5 09 01 80 f2 29 00 c0 f2 0a 00 e0 d2 4a 55 d5 f2 2a 56 b5 f2 0a 56 96 f2 2b 00 00 10 d4 fd ff 17 c1 6a 75 b8 21 00 14 2a c1 6a 35 b8 29 00 80 d2 9f 02 09 ea 09 42 3b d5 09 01 80 f2 29 00 c0 f2 0a 00 e0 d2 4a 55 d5 f2 2a 56 b5 f2 8a 45 96 f2 2b 00 00 10 c6 fd ff 17 38 07 00 f9 29 00 80 d2 9f 06 09 ea 09 42 3b d5 09 01 80 f2 29 00 c0 f2 0a 00 e0 d2 4a 55 d5 f2 2a 56 b5 f2 8a 46 96 f2 2b 00 00 10 ba fd ff 17 38 0b 00 f9 40 03 40 b9 37 0f 00 f9 1f 00 13 6b 
kern  :info  : [  153.334053] rust_kjit: Final code con't: 09 42 3b d5 09 01 80 f2 89 01 c0 f2 0a 00 e0 d2 4a 55 d5 f2 2a 56 b5 f2 8a 52 96 f2 2b 00 00 10 ad fd ff 17 35 5a 44 a9 00 00 80 52 37 62 45 a9 01 00 e0 d2 41 55 d5 f2 a1 57 b5 f2 01 00 9e f2 21 c0 47 f9 23 0e 40 f9 22 00 40 f9 63 00 02 eb 02 00 80 d2 09 42 3b d5 09 01 80 f2 49 00 c0 f2 0a 00 e0 d2 4a 55 d5 f2 2a 56 b5 f2 0a 58 96 f2 2b 00 00 10 98 fd ff 17 30 7a 42 a9 33 52 43 a9 39 6a 46 a9 31 c2 01 91 1f 20 03 d5 89 00 80 d2 ea 03 1e aa 2b 00 00 10 8f fd ff 17 53 03 00 b9 09 42 3b d5 09 01 80 f2 09 00 c0 f2 0a 00 e0 d2 4a 55 d5 f2 2a 56 b5 f2 8a 48 96 f2 2b 00 00 10 85 fd ff 17 d8 ff ff 17 35 5a 44 a9 00 00 80 12 37 62 45 a9 09 42 3b d5 09 01 80 f2 09 00 c0 f2 0a 00 e0 d2 4a 55 d5 f2 2a 56 b5 f2 0a 4a 96 f2 2b 00 00 10 78 fd ff 17 ce ff ff 17 35 5a 04 a9 
kern  :info  : [  153.334121] rust_kjit: Final code con't: 37 62 05 a9 29 00 80 d2 0a 00 e0 d2 4a 55 d5 f2 0a 56 b5 f2 0a 66 9c f2 2b 00 00 10 6e fd ff 17 1f 20 03 d5 1f 20 03 d5 30 7a bf a9 f0 03 11 aa 03 04 40 b9 7f 00 01 6b 09 42 3b d5 09 01 80 f2 c9 01 c0 f2 0a 00 e0 d2 4a 55 d5 f2 2a 56 b5 f2 8a 5e 96 f2 2b 00 00 10 5f fd ff 17 30 7a c1 a8 1f 20 03 d5 09 42 3b d5 09 01 80 f2 09 00 c0 f2 0a 00 e0 d2 4a 55 d5 f2 2a 56 b5 f2 0a 9c 94 f2 2b 00 00 10 54 fd ff 17 9e fd ff 17 30 7a c1 a8 1f 20 03 d5 89 00 80 d2 ea 03 1e aa 2b 00 00 10 4d fd ff 17 
kern  :info  : [  153.334486] rust_kjit: RET to 0xaaaaaab1b210 at 0x91c
kern  :info  : [  153.334488] rust_kjit: Regs: 
kern  :warn  : [  153.334488] 	X0: 000000000000	X1: 000000000001	X2: 00000000000c	X3: ffffffffe8f8
kern  :warn  : [  153.334491] 	X4: fffff72ce400	X5: 000000002800	X6: 000000000e8c	X7: 00000000000a
kern  :warn  : [  153.334493] 	X8: 000000000015	X9: 000000000000	X10: 000000000000	X11: 000000000000
kern  :warn  : [  153.334496] 	X12: 000000000000	X13: 000000004010	X14: 000000000000	X15: 000000000000
kern  :warn  : [  153.334497] 	X16: aaaaaabdfe40	X17: fffff772ce00	X18: 0000000372cf	X19: 00000000000c
kern  :warn  : [  153.334499] 	X20: 000000000002	X21: 000000000180	X22: fffff720d000	X23: fffff72ce400
kern  :warn  : [  153.334501] 	X24: aaaaaab204f0	X25: fffff720d180	X26: fffff7208000	X27: aaaaaab8f000
kern  :warn  : [  153.334503] 	X28: aaaaaab8f000	X29: ffffffffe910	X30: aaaaaab1b210
kern  :info  : [  153.334504] rust_kjit: RDebug at 0x940, continue at 0x944
kern  :info  : [  153.334506] rust_kjit: Regs: 
kern  :warn  : [  153.334506] 	X0: 000000000000	X1: 000000000001	X2: 00000000000c	X3: ffffffffe8f8
kern  :warn  : [  153.334508] 	X4: fffff72ce400	X5: 000000002800	X6: 000000000e8c	X7: 00000000000a
kern  :warn  : [  153.334510] 	X8: 000000000015	X9: 000000000000	X10: 000000000000	X11: 000000000000
kern  :warn  : [  153.334512] 	X12: 000000000000	X13: 000000004010	X14: 000000000000	X15: 000000000000
kern  :warn  : [  153.334514] 	X16: aaaaaabdfe40	X17: fffff772ce00	X18: 0000000372cf	X19: 00000000000c
kern  :warn  : [  153.334516] 	X20: 000000000002	X21: 000000000180	X22: fffff720d000	X23: fffff72ce400
kern  :warn  : [  153.334518] 	X24: aaaaaab204f0	X25: fffff720d180	X26: fffff7208000	X27: aaaaaab8f000
kern  :warn  : [  153.334520] 	X28: aaaaaab8f000	X29: ffffffffe910	X30: aaaaaab1b210
kern  :info  : [  153.334521] rust_kjit: RDebug at 0x978 to 0xaaaaaab1b22c at 0x980
kern  :info  : [  153.334522] rust_kjit: Regs: 
kern  :warn  : [  153.334523] 	X0: 000000000000	X1: 000000000002	X2: 00000000000c	X3: ffffffffe8f8
kern  :warn  : [  153.334525] 	X4: fffff72ce400	X5: 000000002800	X6: 000000000e8c	X7: 00000000000a
kern  :warn  : [  153.334527] 	X8: 000000000015	X9: 000000000000	X10: 000000000000	X11: 000000000000
kern  :warn  : [  153.334529] 	X12: 000000000000	X13: 000000004010	X14: 000000000000	X15: 000000000000
kern  :warn  : [  153.334530] 	X16: aaaaaabdfe40	X17: fffff772ce00	X18: 0000000372cf	X19: 00000000000c
kern  :warn  : [  153.334533] 	X20: 000000000002	X21: 000000000180	X22: fffff720d000	X23: fffff72ce400
kern  :warn  : [  153.334534] 	X24: aaaaaab204f0	X25: fffff720d180	X26: fffff7208000	X27: aaaaaab8f000
kern  :warn  : [  153.334536] 	X28: aaaaaab8f000	X29: ffffffffe910	X30: aaaaaab1b210
kern  :info  : [  153.334537] rust_kjit: RDebug at 0x9a8, continue at 0x9ac
kern  :info  : [  153.334538] rust_kjit: Regs: 
kern  :warn  : [  153.334539] 	X0: 000000000000	X1: 000000000002	X2: 00000000000c	X3: ffffffffe8f8
kern  :warn  : [  153.334541] 	X4: fffff72ce400	X5: 000000002800	X6: 000000000e8c	X7: 00000000000a
kern  :warn  : [  153.334542] 	X8: 000000000015	X9: 000000000000	X10: 000000000000	X11: 000000000000
kern  :warn  : [  153.334544] 	X12: 000000000000	X13: 000000004010	X14: 000000000000	X15: 000000000000
kern  :warn  : [  153.334546] 	X16: aaaaaabdfe40	X17: fffff772ce00	X18: 0000000372cf	X19: 00000000000c
kern  :warn  : [  153.334548] 	X20: 000000000002	X21: 000000000180	X22: fffff720d000	X23: fffff72ce400
kern  :warn  : [  153.334550] 	X24: aaaaaab204f0	X25: fffff720d180	X26: fffff7208000	X27: aaaaaab8f000
kern  :warn  : [  153.334551] 	X28: aaaaaab8f000	X29: ffffffffe910	X30: aaaaaab1b210
kern  :info  : [  153.334553] rust_kjit: RDebug at 0x9dc, continue at 0x9e0
kern  :info  : [  153.334554] rust_kjit: Regs: 
kern  :warn  : [  153.334554] 	X0: 000000000035	X1: 000000000002	X2: 00000000000c	X3: ffffffffe8f8
kern  :warn  : [  153.334556] 	X4: fffff72ce400	X5: 000000002800	X6: 000000000e8c	X7: 00000000000a
kern  :warn  : [  153.334558] 	X8: 000000000015	X9: 000000000000	X10: 000000000000	X11: 000000000000
kern  :warn  : [  153.334560] 	X12: 000000000000	X13: 000000004010	X14: 000000000000	X15: 000000000000
kern  :warn  : [  153.334562] 	X16: aaaaaabdfe40	X17: fffff772ce00	X18: 0000000372cf	X19: 00000000000c
kern  :warn  : [  153.334563] 	X20: 000000000002	X21: 000000000180	X22: fffff720d000	X23: fffff72ce400
kern  :warn  : [  153.334565] 	X24: aaaaaab204f0	X25: fffff720d180	X26: fffff7208000	X27: aaaaaab8f000
kern  :warn  : [  153.334567] 	X28: aaaaaab8f000	X29: ffffffffe910	X30: aaaaaab1b210
kern  :info  : [  153.334568] rust_kjit: RDebug at 0xa30, continue at 0xa34
kern  :info  : [  153.334569] rust_kjit: Regs: 
kern  :warn  : [  153.334570] 	X0: 000000000000	X1: fffff7ffdb50	X2: 000000000000	X3: 000000000000
kern  :warn  : [  153.334571] 	X4: fffff72ce400	X5: 000000002800	X6: 000000000e8c	X7: 00000000000a
kern  :warn  : [  153.334573] 	X8: 000000000015	X9: 000000000000	X10: 000000000000	X11: 000000000000
kern  :warn  : [  153.334575] 	X12: 000000000000	X13: 000000004010	X14: 000000000000	X15: 000000000000
kern  :warn  : [  153.334577] 	X16: aaaaaabdfe40	X17: fffff772ce00	X18: 0000000372cf	X19: 00000000000c
kern  :warn  : [  153.334579] 	X20: 000000000002	X21: 000000000180	X22: 00000000001b	X23: aaaaaac002d0
kern  :warn  : [  153.334581] 	X24: ffffffffe9a0	X25: fffff720d180	X26: fffff7208000	X27: aaaaaab8f000
kern  :warn  : [  153.334582] 	X28: aaaaaab8f000	X29: ffffffffe910	X30: aaaaaab1b210
kern  :info  : [  153.334583] rust_kjit: RRet at 0xa54
kern  :info  : [  153.334800] rust_kjit: BB at 0xaaaaaab251f4
kern  :info  : [  153.334801] rust_kjit: BB: c0 05 00 d0 00 c0 47 f9 e2 2f 40 f9 01 00 40 f9 42 00 01 eb 01 00 80 d2 81 4b 00 54 
kern  :info  : [  153.334809] rust_kjit: BB at 0xaaaaaab25210
kern  :info  : [  153.334810] rust_kjit: BB: fd 7b 46 a9 f3 53 47 a9 f7 63 49 a9 ff 03 03 91 bf 23 03 d5 c0 03 5f d6 
kern  :info  : [  153.334816] rust_kjit: BB at 0xaaaaaab25950
kern  :info  : [  153.334817] rust_kjit: BB: c0 06 00 f0 00 40 0b 91 f5 5b 48 a9 00 b4 40 b9 f9 6b 4a a9 7f 22 00 f9 60 5a 00 b9 22 fe ff 17 
kern  :info  : [  153.334826] rust_kjit: BB at 0xaaaaaab25b7c
kern  :info  : [  153.334826] rust_kjit: BB: f5 5b 08 a9 f9 6b 0a a9 fb 73 0b a9 ea a1 ff 97 
kern  :info  : [  153.334831] rust_kjit: BB at 0xaaaaaab25b8c
kern  :info  : [  153.334831] rust_kjit: BB: 63 04 00 d0 63 40 3e 91 41 03 00 90 40 03 00 f0 63 40 01 91 21 40 2a 91 00 60 02 91 e2 a7 80 52 25 a2 ff 97 
kern  :info  : [  153.334841] rust_kjit: BB at 0xaaaaaab25bb0
kern  :info  : [  153.334842] rust_kjit: BB: 3f 23 03 d5 ff 83 00 d1 c3 05 00 d0 63 c0 47 f9 e2 03 00 91 fd 7b 01 a9 fd 43 00 91 64 00 40 f9 e4 07 00 f9 04 00 80 d2 86 fc ff 97 
kern  :info  : [  153.334854] rust_kjit: BB at 0xaaaaaab25bdc
kern  :info  : [  153.334855] rust_kjit: BB: 1f 00 00 f1 e2 03 40 f9 c1 05 00 d0 21 c0 47 f9 40 00 80 9a e3 07 40 f9 22 00 40 f9 63 00 02 eb 02 00 80 d2 a1 00 00 54 
kern  :info  : [  153.334866] rust_kjit: BB at 0xaaaaaab25c04
kern  :info  : [  153.334866] rust_kjit: BB: fd 7b 41 a9 ff 83 00 91 bf 23 03 d5 c0 03 5f d6 
kern  :info  : [  153.334871] rust_kjit: BB at 0xaaaaaab25c14
kern  :info  : [  153.334871] rust_kjit: BB: c7 a1 ff 97 
kern  :info  : [  153.334873] rust_kjit: BB at 0xaaaaaab25c18
kern  :info  : [  153.334873] rust_kjit: BB: 1f 20 03 d5 1f 20 03 d5 3f 23 03 d5 fd 7b be a9 fd 03 00 91 f3 0b 00 f9 f3 03 00 aa 00 06 80 d2 76 ef ff 97 
kern  :info  : [  153.334883] rust_kjit: BB at 0xaaaaaab25c3c
kern  :info  : [  153.334884] rust_kjit: BB: 02 00 80 92 13 08 00 a9 1f 08 00 f9 1f fc 01 a9 f3 0b 40 f9 fd 7b c2 a8 bf 23 03 d5 c0 03 5f d6 
kern  :info  : [  153.334925] rust_kjit: ARM64_INS_AUTIASP -> NOP
kern  :info  : [  153.335054] rust_kjit: ARM64_INS_PACIASP -> NOP
kern  :info  : [  153.335140] rust_kjit: ARM64_INS_AUTIASP -> NOP
kern  :info  : [  153.335181] rust_kjit: ARM64_INS_PACIASP -> NOP
kern  :info  : [  153.335215] rust_kjit: ARM64_INS_AUTIASP -> NOP
kern  :info  : [  153.335266] rust_kjit: Final code: 00 00 e0 d2 40 55 d5 f2 a0 57 b5 f2 00 00 9e f2 00 c0 47 f9 22 2e 40 f9 01 00 40 f9 42 00 01 eb 01 00 80 d2 09 42 3b d5 09 01 80 f2 49 00 c0 f2 0a 00 e0 d2 4a 55 d5 f2 4a 56 b5 f2 8a 6f 8b f2 2b 00 00 10 3b fd ff 17 30 7a 46 a9 33 52 47 a9 37 62 49 a9 31 02 03 91 1f 20 03 d5 89 00 80 d2 ea 03 1e aa 2b 00 00 10 32 fd ff 17 00 00 e0 d2 40 55 d5 f2 00 58 b5 f2 00 00 80 f2 00 40 0b 91 35 5a 48 a9 00 b4 40 b9 39 6a 4a a9 7f 22 00 f9 60 5a 00 b9 09 42 3b d5 09 01 80 f2 09 00 c0 f2 0a 00 e0 d2 4a 55 d5 f2 4a 56 b5 f2 8a 3e 8a f2 2b 00 00 10 1f fd ff 17 d2 ff ff 17 35 5a 08 a9 39 6a 0a a9 3b 72 0b a9 29 00 80 d2 0a 00 e0 d2 4a 55 d5 f2 0a 56 b5 f2 0a 66 9c f2 2b 00 00 10 14 fd ff 17 03 00 e0 d2 43 55 d5 f2 63 57 b5 f2 03 00 86 f2 63 40 3e 91 01 00 e0 d2 41 55 d5 f2 
kern  :info  : [  153.335372] rust_kjit: Final code con't: 01 57 b5 f2 01 00 9a f2 00 00 e0 d2 40 55 d5 f2 20 57 b5 f2 00 00 80 f2 63 40 01 91 21 40 2a 91 00 60 02 91 e2 a7 80 52 29 00 80 d2 0a 00 e0 d2 4a 55 d5 f2 0a 56 b5 f2 0a 88 9c f2 2b 00 00 10 fc fc ff 17 1f 20 03 d5 31 82 00 d1 03 00 e0 d2 43 55 d5 f2 a3 57 b5 f2 03 00 9e f2 63 c0 47 f9 e2 03 11 aa 30 7a 01 a9 30 42 00 91 64 00 40 f9 24 06 00 f9 04 00 80 d2 29 00 80 d2 0a 00 e0 d2 4a 55 d5 f2 4a 56 b5 f2 0a be 89 f2 2b 00 00 10 e8 fc ff 17 1f 00 00 f1 22 02 40 f9 01 00 e0 d2 41 55 d5 f2 a1 57 b5 f2 01 00 9e f2 21 c0 47 f9 40 00 80 9a 23 06 40 f9 22 00 40 f9 63 00 02 eb 02 00 80 d2 09 42 3b d5 09 01 80 f2 49 00 c0 f2 0a 00 e0 d2 4a 55 d5 f2 4a 56 b5 f2 8a 82 8b f2 2b 00 00 10 d3 fc ff 17 30 7a 41 a9 31 82 00 91 1f 20 03 d5 89 00 80 d2 ea 03 1e aa 2b 00 00 10 
kern  :info  : [  153.335446] rust_kjit: Final code con't: cc fc ff 17 29 00 80 d2 0a 00 e0 d2 4a 55 d5 f2 0a 56 b5 f2 0a 66 9c f2 2b 00 00 10 c5 fc ff 17 1f 20 03 d5 1f 20 03 d5 1f 20 03 d5 30 7a be a9 f0 03 11 aa 33 0a 00 f9 f3 03 00 aa 00 06 80 d2 29 00 80 d2 0a 00 e0 d2 4a 55 d5 f2 4a 56 b5 f2 0a 42 83 f2 2b 00 00 10 b6 fc ff 17 02 00 80 92 13 08 00 a9 1f 08 00 f9 1f fc 01 a9 33 0a 40 f9 30 7a c2 a8 1f 20 03 d5 89 00 80 d2 ea 03 1e aa 2b 00 00 10 ab fc ff 17 
kern  :info  : [  153.335563] rust_kjit: RET to 0xaaaaaab25950 at 0xbcc
kern  :info  : [  153.335564] rust_kjit: Regs: 
kern  :warn  : [  153.335565] 	X0: 000000000000	X1: fffff7ffdb50	X2: 000000000000	X3: 000000000000
kern  :warn  : [  153.335567] 	X4: fffff72ce400	X5: 000000002800	X6: 000000000e8c	X7: 00000000000a
kern  :warn  : [  153.335569] 	X8: 000000000015	X9: 000000000000	X10: 000000000000	X11: 000000000000
kern  :warn  : [  153.335571] 	X12: 000000000000	X13: 000000004010	X14: 000000000000	X15: 000000000000
kern  :warn  : [  153.335573] 	X16: aaaaaabdfe40	X17: fffff772ce00	X18: 0000000372cf	X19: fffff72ce400
kern  :warn  : [  153.335575] 	X20: fffff7208000	X21: 000000000180	X22: 00000000001b	X23: aaaaaac002d0
kern  :warn  : [  153.335577] 	X24: ffffffffe9a0	X25: aaaaaab8f000	X26: 00000000000c	X27: aaaaaab8f000
kern  :warn  : [  153.335578] 	X28: aaaaaab8f000	X29: ffffffffe9c0	X30: aaaaaab25950
kern  :info  : [  153.335580] rust_kjit: RDebug at 0xc14 to 0xaaaaaab251f4 at 0xb60
kern  :info  : [  153.335581] rust_kjit: Regs: 
kern  :warn  : [  153.335582] 	X0: 000000000001	X1: fffff7ffdb50	X2: 000000000000	X3: 000000000000
kern  :warn  : [  153.335584] 	X4: fffff72ce400	X5: 000000002800	X6: 000000000e8c	X7: 00000000000a
kern  :warn  : [  153.335585] 	X8: 000000000015	X9: 000000000000	X10: 000000000000	X11: 000000000000
kern  :warn  : [  153.335587] 	X12: 000000000000	X13: 000000004010	X14: 000000000000	X15: 000000000000
kern  :warn  : [  153.335589] 	X16: aaaaaabdfe40	X17: fffff772ce00	X18: 0000000372cf	X19: fffff72ce400
kern  :warn  : [  153.335591] 	X20: fffff7208000	X21: 000000000180	X22: 00000000001b	X23: aaaaaac002d0
kern  :warn  : [  153.335593] 	X24: ffffffffe9a0	X25: 000000000178	X26: 00000000000c	X27: aaaaaab8f000
kern  :warn  : [  153.335594] 	X28: aaaaaab8f000	X29: ffffffffe9c0	X30: aaaaaab25950
kern  :info  : [  153.335595] rust_kjit: RDebug at 0xba4, continue at 0xba8
kern  :info  : [  153.335597] rust_kjit: Regs: 
kern  :warn  : [  153.335597] 	X0: fffff7ffdb50	X1: 000000000000	X2: 000000000000	X3: 000000000000
kern  :warn  : [  153.335599] 	X4: fffff72ce400	X5: 000000002800	X6: 000000000e8c	X7: 00000000000a
kern  :warn  : [  153.335601] 	X8: 000000000015	X9: 000000000000	X10: 000000000000	X11: 000000000000
kern  :warn  : [  153.335603] 	X12: 000000000000	X13: 000000004010	X14: 000000000000	X15: 000000000000
kern  :warn  : [  153.335605] 	X16: aaaaaabdfe40	X17: fffff772ce00	X18: 0000000372cf	X19: fffff72ce400
kern  :warn  : [  153.335606] 	X20: fffff7208000	X21: 000000000180	X22: 00000000001b	X23: aaaaaac002d0
kern  :warn  : [  153.335608] 	X24: ffffffffe9a0	X25: 000000000178	X26: 00000000000c	X27: aaaaaab8f000
kern  :warn  : [  153.335610] 	X28: aaaaaab8f000	X29: ffffffffe9c0	X30: aaaaaab25950
kern  :info  : [  153.335611] rust_kjit: RRet at 0xbc8
kern  :info  : [  153.335784] rust_kjit: BB at 0xaaaaaab1f588
kern  :info  : [  153.335785] rust_kjit: BB: c1 11 00 36 
kern  :info  : [  153.335786] rust_kjit: BB at 0xaaaaaab1f58c
kern  :info  : [  153.335787] rust_kjit: BB: 44 04 40 f9 e0 03 14 aa 42 0c 40 f9 e3 03 18 2a e1 03 1a 2a 80 00 3f d6 
kern  :info  : [  153.335794] rust_kjit: BB at 0xaaaaaab1f5a4
kern  :info  : [  153.335794] rust_kjit: BB: 80 0a 40 f9 02 00 15 8b 00 68 75 b8 00 03 00 0a 20 01 08 36 
kern  :info  : [  153.335800] rust_kjit: BB at 0xaaaaaab1f5b8
kern  :info  : [  153.335800] rust_kjit: BB: 40 90 40 a9 9f 00 00 eb c0 00 00 54 
kern  :info  : [  153.335804] rust_kjit: BB at 0xaaaaaab1f5c4
kern  :info  : [  153.335804] rust_kjit: BB: 42 0c 40 f9 e3 03 18 2a e1 03 1a 2a e0 03 14 aa 80 00 3f d6 
kern  :info  : [  153.335810] rust_kjit: BB at 0xaaaaaab1f5d8
kern  :info  : [  153.335810] rust_kjit: BB: 73 22 00 91 3f 03 13 eb 80 03 00 54 
kern  :info  : [  153.335813] rust_kjit: BB at 0xaaaaaab1f5e4
kern  :info  : [  153.335814] rust_kjit: BB: 82 0e 40 f9 5a 68 73 b8 42 00 13 8b 80 0a 40 f9 55 7f 7b 93 58 04 40 b9 02 00 15 8b 00 68 75 b8 01 03 00 0a 00 fc 17 36 
kern  :info  : [  153.335824] rust_kjit: BB at 0xaaaaaab1f60c
kern  :info  : [  153.335825] rust_kjit: BB: 41 0d 08 36 
kern  :info  : [  153.335826] rust_kjit: BB at 0xaaaaaab1f610
kern  :info  : [  153.335827] rust_kjit: BB: 44 08 41 a9 e0 03 14 aa e3 03 18 2a e1 03 1a 2a 80 00 3f d6 
kern  :info  : [  153.335832] rust_kjit: BB at 0xaaaaaab1f650
kern  :info  : [  153.335833] rust_kjit: BB: f9 6b 44 a9 f6 03 08 37 
kern  :info  : [  153.335835] rust_kjit: BB at 0xaaaaaab1f658
kern  :info  : [  153.335835] rust_kjit: BB: f3 53 41 a9 e0 03 17 2a f5 5b 42 a9 f7 63 43 a9 fd 7b c7 a8 bf 23 03 d5 c0 03 5f d6 
kern  :info  : [  153.335843] rust_kjit: BB at 0xaaaaaab1f6d0
kern  :info  : [  153.335843] rust_kjit: BB: f9 6b 04 a9 19 06 00 90 39 eb 47 f9 93 12 40 f9 20 03 40 f9 96 06 40 f9 00 00 3f d6 
kern  :info  : [  153.335851] rust_kjit: BB at 0xaaaaaab1f7b4
kern  :info  : [  153.335851] rust_kjit: BB: 21 f1 07 36 
kern  :info  : [  153.335853] rust_kjit: BB at 0xaaaaaab1f7b8
kern  :info  : [  153.335853] rust_kjit: BB: 44 04 40 f9 82 ff ff 17 
kern  :info  : [  153.335855] rust_kjit: BB at 0xaaaaaab1f7c0
kern  :info  : [  153.335856] rust_kjit: BB: c1 f0 0f 36 
kern  :info  : [  153.335857] rust_kjit: BB at 0xaaaaaab1f7c4
kern  :info  : [  153.335858] rust_kjit: BB: 44 08 40 f9 7f ff ff 17 
kern  :info  : [  153.336085] rust_kjit: ARM64_INS_AUTIASP -> NOP
kern  :info  : [  153.336278] rust_kjit: Final code: 29 00 80 d2 3f 00 09 ea 09 42 3b d5 09 01 80 f2 29 00 c0 f2 0a 00 e0 d2 4a 55 d5 f2 2a 56 b5 f2 0a f8 9e f2 2b 00 00 10 a0 fc ff 17 44 04 40 f9 e0 03 14 aa 42 0c 40 f9 e3 03 18 2a e1 03 1a 2a 49 00 80 d2 ea 03 04 aa 2b 00 00 10 97 fc ff 17 80 0a 40 f9 02 00 15 8b 00 68 75 b8 00 03 00 0a 29 00 80 d2 1f 04 09 ea 09 42 3b d5 09 01 80 f2 29 00 c0 f2 0a 00 e0 d2 4a 55 d5 f2 2a 56 b5 f2 0a bb 9e f2 2b 00 00 10 88 fc ff 17 40 90 40 a9 9f 00 00 eb 09 42 3b d5 09 01 80 f2 29 00 c0 f2 0a 00 e0 d2 4a 55 d5 f2 2a 56 b5 f2 0a bb 9e f2 2b 00 00 10 7d fc ff 17 42 0c 40 f9 e3 03 18 2a e1 03 1a 2a e0 03 14 aa 49 00 80 d2 ea 03 04 aa 2b 00 00 10 75 fc ff 17 73 22 00 91 3f 03 13 eb 09 42 3b d5 09 01 80 f2 29 00 c0 f2 0a 00 e0 d2 4a 55 d5 f2 2a 56 b5 f2 0a ca 9e f2 2b 00 00 10 
kern  :info  : [  153.336395] rust_kjit: Final code con't: 6a fc ff 17 82 0e 40 f9 5a 68 73 b8 42 00 13 8b 80 0a 40 f9 55 7f 7b 93 58 04 40 b9 02 00 15 8b 00 68 75 b8 01 03 00 0a 29 00 80 d2 1f 08 09 ea 09 42 3b d5 09 01 80 f2 29 00 c0 f2 0a 00 e0 d2 4a 55 d5 f2 2a 56 b5 f2 0a b1 9e f2 2b 00 00 10 56 fc ff 17 ab ff ff 17 29 00 80 d2 3f 04 09 ea 09 42 3b d5 09 01 80 f2 29 00 c0 f2 0a 00 e0 d2 4a 55 d5 f2 2a 56 b5 f2 8a f6 9e f2 2b 00 00 10 4a fc ff 17 44 08 41 a9 e0 03 14 aa e3 03 18 2a e1 03 1a 2a 49 00 80 d2 ea 03 04 aa 2b 00 00 10 42 fc ff 17 39 6a 44 a9 29 00 80 d2 df 06 09 ea 09 42 3b d5 09 01 80 f2 49 00 c0 f2 0a 00 e0 d2 4a 55 d5 f2 2a 56 b5 f2 0a da 9e f2 2b 00 00 10 36 fc ff 17 33 52 41 a9 e0 03 17 2a 35 5a 42 a9 37 62 43 a9 30 7a c7 a8 1f 20 03 d5 89 00 80 d2 ea 03 1e aa 2b 00 00 10 2c fc ff 17 39 6a 04 a9 
kern  :info  : [  153.336467] rust_kjit: Final code con't: 19 00 e0 d2 59 55 d5 f2 b9 57 b5 f2 19 00 9e f2 39 eb 47 f9 93 12 40 f9 20 03 40 f9 96 06 40 f9 49 00 80 d2 ea 03 00 aa 2b 00 00 10 1f fc ff 17 29 00 80 d2 3f 00 09 ea 09 42 3b d5 09 01 80 f2 29 00 c0 f2 0a 00 e0 d2 4a 55 d5 f2 2a 56 b5 f2 0a bb 9e f2 2b 00 00 10 14 fc ff 17 9f ff ff 17 44 04 40 f9 09 42 3b d5 09 01 80 f2 09 00 c0 f2 0a 00 e0 d2 4a 55 d5 f2 2a 56 b5 f2 8a b8 9e f2 2b 00 00 10 09 fc ff 17 8c ff ff 17 29 00 80 d2 3f 04 09 ea 09 42 3b d5 09 01 80 f2 29 00 c0 f2 0a 00 e0 d2 4a 55 d5 f2 2a 56 b5 f2 0a bb 9e f2 2b 00 00 10 fd fb ff 17 88 ff ff 17 44 08 40 f9 09 42 3b d5 09 01 80 f2 09 00 c0 f2 0a 00 e0 d2 4a 55 d5 f2 2a 56 b5 f2 8a b8 9e f2 2b 00 00 10 f2 fb ff 17 75 ff ff 17 
kern  :info  : [  153.336627] rust_kjit: RET to 0xaaaaaab1f5a4 at 0xe38
kern  :info  : [  153.336629] rust_kjit: Regs: 
kern  :warn  : [  153.336629] 	X0: fffff7ffdb50	X1: 000000000000	X2: 000000000000	X3: 000000000000
kern  :warn  : [  153.336632] 	X4: fffff72ce400	X5: 000000002800	X6: 000000000e8c	X7: 00000000000a
kern  :warn  : [  153.336634] 	X8: 000000000015	X9: 000000000000	X10: 000000000000	X11: 000000000000
kern  :warn  : [  153.336636] 	X12: 000000000000	X13: 000000004010	X14: 000000000000	X15: 000000000000
kern  :warn  : [  153.336638] 	X16: aaaaaabdfe40	X17: fffff772ce00	X18: 0000000372cf	X19: 000000000040
kern  :warn  : [  153.336640] 	X20: fffff7208000	X21: 000000000180	X22: 00000000001b	X23: 00000000002f
kern  :warn  : [  153.336642] 	X24: 000000000001	X25: 000000000178	X26: 00000000000c	X27: aaaaaab8f000
kern  :warn  : [  153.336644] 	X28: aaaaaab8f000	X29: ffffffffea20	X30: aaaaaab1f5a4
kern  :info  : [  153.336646] rust_kjit: RDebug at 0xe70 to 0xaaaaaab1f5d8 at 0xec0
kern  :info  : [  153.336648] rust_kjit: Regs: 
kern  :warn  : [  153.336648] 	X0: 000000000000	X1: 000000000000	X2: fffff720d180	X3: 000000000000
kern  :warn  : [  153.336650] 	X4: fffff72ce400	X5: 000000002800	X6: 000000000e8c	X7: 00000000000a
kern  :warn  : [  153.336652] 	X8: 000000000015	X9: 000000000000	X10: 000000000000	X11: 000000000000
kern  :warn  : [  153.336655] 	X12: 000000000000	X13: 000000004010	X14: 000000000000	X15: 000000000000
kern  :warn  : [  153.336657] 	X16: aaaaaabdfe40	X17: fffff772ce00	X18: 0000000372cf	X19: 000000000040
kern  :warn  : [  153.336659] 	X20: fffff7208000	X21: 000000000180	X22: 00000000001b	X23: 00000000002f
kern  :warn  : [  153.336660] 	X24: 000000000001	X25: 000000000178	X26: 00000000000c	X27: aaaaaab8f000
kern  :warn  : [  153.336662] 	X28: aaaaaab8f000	X29: ffffffffea20	X30: aaaaaab1f5a4
kern  :info  : [  153.336664] rust_kjit: RDebug at 0xee8, continue at 0xeec
kern  :info  : [  153.336665] rust_kjit: Regs: 
kern  :warn  : [  153.336665] 	X0: 000000000000	X1: 000000000000	X2: fffff720d180	X3: 000000000000
kern  :warn  : [  153.336667] 	X4: fffff72ce400	X5: 000000002800	X6: 000000000e8c	X7: 00000000000a
kern  :warn  : [  153.336669] 	X8: 000000000015	X9: 000000000000	X10: 000000000000	X11: 000000000000
kern  :warn  : [  153.336671] 	X12: 000000000000	X13: 000000004010	X14: 000000000000	X15: 000000000000
kern  :warn  : [  153.336673] 	X16: aaaaaabdfe40	X17: fffff772ce00	X18: 0000000372cf	X19: 000000000048
kern  :warn  : [  153.336675] 	X20: fffff7208000	X21: 000000000180	X22: 00000000001b	X23: 00000000002f
kern  :warn  : [  153.336677] 	X24: 000000000001	X25: 000000000178	X26: 00000000000c	X27: aaaaaab8f000
kern  :warn  : [  153.336679] 	X28: aaaaaab8f000	X29: ffffffffea20	X30: aaaaaab1f5a4
kern  :info  : [  153.336680] rust_kjit: RDebug at 0xf38 to 0xaaaaaab1f588 at 0xde8
kern  :info  : [  153.336682] rust_kjit: Regs: 
kern  :warn  : [  153.336682] 	X0: 000000000001	X1: 000000000001	X2: fffff720d580	X3: 000000000000
kern  :warn  : [  153.336684] 	X4: fffff72ce400	X5: 000000002800	X6: 000000000e8c	X7: 00000000000a
kern  :warn  : [  153.336686] 	X8: 000000000015	X9: 000000000000	X10: 000000000000	X11: 000000000000
kern  :warn  : [  153.336688] 	X12: 000000000000	X13: 000000004010	X14: 000000000000	X15: 000000000000
kern  :warn  : [  153.336690] 	X16: aaaaaabdfe40	X17: fffff772ce00	X18: 0000000372cf	X19: 000000000048
kern  :warn  : [  153.336692] 	X20: fffff7208000	X21: 000000000580	X22: 00000000001b	X23: 00000000002f
kern  :warn  : [  153.336694] 	X24: 000000000001	X25: 000000000178	X26: 00000000002c	X27: aaaaaab8f000
kern  :warn  : [  153.336695] 	X28: aaaaaab8f000	X29: ffffffffea20	X30: aaaaaab1f5a4
kern  :info  : [  153.336696] rust_kjit: RDebug at 0xe10, continue at 0xe14
kern  :info  : [  153.336698] rust_kjit: Regs: 
kern  :warn  : [  153.336698] 	X0: 000000000001	X1: 000000000001	X2: fffff720d580	X3: 000000000000
kern  :warn  : [  153.336700] 	X4: fffff72ce400	X5: 000000002800	X6: 000000000e8c	X7: 00000000000a
kern  :warn  : [  153.336702] 	X8: 000000000015	X9: 000000000000	X10: 000000000000	X11: 000000000000
kern  :warn  : [  153.336704] 	X12: 000000000000	X13: 000000004010	X14: 000000000000	X15: 000000000000
kern  :warn  : [  153.336706] 	X16: aaaaaabdfe40	X17: fffff772ce00	X18: 0000000372cf	X19: 000000000048
kern  :warn  : [  153.336708] 	X20: fffff7208000	X21: 000000000580	X22: 00000000001b	X23: 00000000002f
kern  :warn  : [  153.336710] 	X24: 000000000001	X25: 000000000178	X26: 00000000002c	X27: aaaaaab8f000
kern  :warn  : [  153.336712] 	X28: aaaaaab8f000	X29: ffffffffea20	X30: aaaaaab1f5a4
kern  :info  : [  153.336713] rust_kjit: RBlr at 0xe34
kern  :info  : [  153.338702] rust_kjit: BB at 0xaaaaaab250d0
kern  :info  : [  153.338706] rust_kjit: BB: 3f 23 03 d5 ff 03 03 d1 c0 05 00 d0 00 c0 47 f9 fd 7b 06 a9 fd 83 01 91 41 28 40 f9 f3 53 07 a9 f3 03 02 aa 02 00 40 f9 e2 2f 00 f9 02 00 80 d2 ff 23 00 f9 21 34 f8 b7 
kern  :info  : [  153.338722] rust_kjit: BB at 0xaaaaaab25108
kern  :info  : [  153.338723] rust_kjit: BB: 60 02 40 f9 81 2e 00 94 
kern  :info  : [  153.338726] rust_kjit: BB at 0xaaaaaab25110
kern  :info  : [  153.338726] rust_kjit: BB: a0 49 00 35 
kern  :info  : [  153.338732] rust_kjit: BB at 0xaaaaaab25114
kern  :info  : [  153.338732] rust_kjit: BB: 60 5a 40 b9 f7 63 09 a9 f8 03 01 91 a0 06 00 34 
kern  :info  : [  153.338737] rust_kjit: BB at 0xaaaaaab25124
kern  :info  : [  153.338737] rust_kjit: BB: c0 06 00 f0 17 40 0b 91 e0 02 05 91 e0 13 00 f9 f5 5b 08 a9 f9 6b 0a a9 59 03 00 d0 20 e3 3d 91 e0 07 00 f9 
kern  :info  : [  153.338747] rust_kjit: BB at 0xaaaaaab25148
kern  :info  : [  153.338747] rust_kjit: BB: 60 02 40 f9 e1 03 18 aa 1c 31 00 94 
kern  :info  : [  153.338751] rust_kjit: BB at 0xaaaaaab25154
kern  :info  : [  153.338751] rust_kjit: BB: e0 47 00 35 
kern  :info  : [  153.338752] rust_kjit: BB at 0xaaaaaab25158
kern  :info  : [  153.338753] rust_kjit: BB: f4 23 40 f9 94 04 00 b4 
kern  :info  : [  153.338755] rust_kjit: BB at 0xaaaaaab25160
kern  :info  : [  153.338756] rust_kjit: BB: 9f 1a 00 f1 a0 45 00 54 
kern  :info  : [  153.338758] rust_kjit: BB at 0xaaaaaab25168
kern  :info  : [  153.338758] rust_kjit: BB: 80 02 40 b9 1f 18 00 71 41 02 00 54 
kern  :info  : [  153.338762] rust_kjit: BB at 0xaaaaaab25174
kern  :info  : [  153.338762] rust_kjit: BB: 76 36 40 f9 95 12 40 f9 b6 49 00 b4 
kern  :info  : [  153.338766] rust_kjit: BB at 0xaaaaaab25180
kern  :info  : [  153.338766] rust_kjit: BB: 60 1a 40 f9 e0 47 00 b4 
kern  :info  : [  153.338769] rust_kjit: BB at 0xaaaaaab25188
kern  :info  : [  153.338769] rust_kjit: BB: e1 07 40 f9 e0 03 15 aa a2 00 80 d2 53 a5 ff 97 
kern  :info  : [  153.338773] rust_kjit: BB at 0xaaaaaab25198
kern  :info  : [  153.338774] rust_kjit: BB: 40 0f 00 35 
kern  :info  : [  153.338775] rust_kjit: BB at 0xaaaaaab2519c
kern  :info  : [  153.338776] rust_kjit: BB: e0 13 40 f9 00 00 40 b9 61 72 40 b9 1f 00 01 6b cd 12 00 54 
kern  :info  : [  153.338781] rust_kjit: BB at 0xaaaaaab251b0
kern  :info  : [  153.338782] rust_kjit: BB: f4 23 40 f9 60 72 00 b9 
kern  :info  : [  153.338784] rust_kjit: BB at 0xaaaaaab251b8
kern  :info  : [  153.338784] rust_kjit: BB: e0 03 14 aa bd 02 00 94 
kern  :info  : [  153.338787] rust_kjit: BB at 0xaaaaaab251c0
kern  :info  : [  153.338788] rust_kjit: BB: 60 5e 40 b9 1f 00 00 71 ed 06 00 54 
kern  :info  : [  153.338791] rust_kjit: BB at 0xaaaaaab251cc
kern  :info  : [  153.338791] rust_kjit: BB: 62 5a 40 b9 00 04 00 51 61 62 40 b9 42 04 00 51 62 02 0b 29 3f 00 00 71 2c 02 00 54 
kern  :info  : [  153.338799] rust_kjit: BB at 0xaaaaaab251e8
kern  :info  : [  153.338799] rust_kjit: BB: 02 fb ff 35 
kern  :info  : [  153.338801] rust_kjit: BB at 0xaaaaaab251ec
kern  :info  : [  153.338801] rust_kjit: BB: f5 5b 48 a9 f9 6b 4a a9 c0 05 00 d0 00 c0 47 f9 e2 2f 40 f9 01 00 40 f9 42 00 01 eb 01 00 80 d2 81 4b 00 54 
kern  :info  : [  153.338811] rust_kjit: BB at 0xaaaaaab25228
kern  :info  : [  153.338811] rust_kjit: BB: 60 06 40 f9 02 00 80 92 21 7c 40 93 d3 23 00 94 
kern  :info  : [  153.338816] rust_kjit: BB at 0xaaaaaab25238
kern  :info  : [  153.338819] rust_kjit: BB: 62 0e 40 f9 42 01 00 b4 
kern  :info  : [  153.338822] rust_kjit: BB at 0xaaaaaab25240
kern  :info  : [  153.338822] rust_kjit: BB: 60 0a 40 f9 63 62 80 b9 02 0c 02 8b e3 03 03 cb 
kern  :info  : [  153.338826] rust_kjit: BB at 0xaaaaaab25250
kern  :info  : [  153.338827] rust_kjit: BB: 01 00 40 f9 21 00 03 8b 01 84 00 f8 5f 00 00 eb 81 ff ff 54 
kern  :info  : [  153.338832] rust_kjit: BB at 0xaaaaaab25264
kern  :info  : [  153.338833] rust_kjit: BB: 62 1a 40 f9 62 01 00 b4 
kern  :info  : [  153.338835] rust_kjit: BB at 0xaaaaaab2526c
kern  :info  : [  153.338836] rust_kjit: BB: 60 16 40 f9 63 62 80 b9 02 0c 02 8b e3 03 03 cb 1f 20 03 d5 
kern  :info  : [  153.338841] rust_kjit: BB at 0xaaaaaab25280
kern  :info  : [  153.338842] rust_kjit: BB: 01 00 40 f9 21 00 03 8b 01 84 00 f8 5f 00 00 eb 81 ff ff 54 
kern  :info  : [  153.338847] rust_kjit: BB at 0xaaaaaab25294
kern  :info  : [  153.338848] rust_kjit: BB: 62 5a 40 b9 7f 62 00 b9 62 f5 ff 35 
kern  :info  : [  153.338851] rust_kjit: BB at 0xaaaaaab252a0
kern  :info  : [  153.338851] rust_kjit: BB: d3 ff ff 17 
kern  :info  : [  153.338853] rust_kjit: BB at 0xaaaaaab252a4
kern  :info  : [  153.338853] rust_kjit: BB: e1 22 02 91 20 00 80 52 41 a0 01 94 
kern  :info  : [  153.338857] rust_kjit: BB at 0xaaaaaab252b0
kern  :info  : [  153.338857] rust_kjit: BB: e1 82 40 b9 3f 00 00 6b 2d 02 00 54 
kern  :info  : [  153.338860] rust_kjit: BB at 0xaaaaaab252bc
kern  :info  : [  153.338861] rust_kjit: BB: 61 2a 40 f9 14 d8 98 d2 e2 02 41 b9 b4 05 a0 f2 3f 00 14 eb e0 96 40 f9 21 d0 94 9a 42 0a 00 35 
kern  :info  : [  153.338869] rust_kjit: BB at 0xaaaaaab252dc
kern  :info  : [  153.338870] rust_kjit: BB: 22 00 80 d2 75 53 00 94 
kern  :info  : [  153.338872] rust_kjit: BB at 0xaaaaaab252e4
kern  :info  : [  153.338872] rust_kjit: BB: 61 2a 40 f9 22 00 80 d2 e0 9a 40 f9 3f 00 14 eb 21 d0 94 9a 6f 53 00 94 
kern  :info  : [  153.338879] rust_kjit: BB at 0xaaaaaab252fc
kern  :info  : [  153.338879] rust_kjit: BB: 60 5a 40 b9 00 04 00 51 60 5a 00 b9 00 f2 ff 35 
kern  :info  : [  153.338884] rust_kjit: BB at 0xaaaaaab2530c
kern  :info  : [  153.338884] rust_kjit: BB: c0 06 00 f0 14 40 0b 91 80 22 02 91 01 00 40 b9 80 82 40 b9 3f 00 00 6b 6a 32 00 54 
kern  :info  : [  153.338892] rust_kjit: BB at 0xaaaaaab25328
kern  :info  : [  153.338892] rust_kjit: BB: 80 b2 40 b9 80 2d 00 35 
kern  :info  : [  153.338895] rust_kjit: BB at 0xaaaaaab25330
kern  :info  : [  153.338895] rust_kjit: BB: 80 02 41 b9 80 28 00 35 
kern  :info  : [  153.338897] rust_kjit: BB at 0xaaaaaab25338
kern  :info  : [  153.338898] rust_kjit: BB: c0 06 00 f0 14 40 0b 91 95 f2 01 91 00 00 80 12 e1 03 15 aa 49 a0 01 94 
kern  :info  : [  153.338904] rust_kjit: BB at 0xaaaaaab25350
kern  :info  : [  153.338905] rust_kjit: BB: e0 03 13 aa c7 f4 ff 97 
kern  :info  : [  153.338907] rust_kjit: BB at 0xaaaaaab25358
kern  :info  : [  153.338908] rust_kjit: BB: e1 03 15 aa 20 00 80 52 44 a0 01 94 
kern  :info  : [  153.338911] rust_kjit: BB at 0xaaaaaab25364
kern  :info  : [  153.338912] rust_kjit: BB: 80 02 41 b9 80 26 00 35 
kern  :info  : [  153.338914] rust_kjit: BB at 0xaaaaaab2536c
kern  :info  : [  153.338914] rust_kjit: BB: e0 03 13 aa f8 e9 ff 97 
kern  :info  : [  153.338917] rust_kjit: BB at 0xaaaaaab25374
kern  :info  : [  153.338917] rust_kjit: BB: f5 5b 48 a9 f9 6b 4a a9 9e ff ff 17 
kern  :info  : [  153.338920] rust_kjit: BB at 0xaaaaaab25380
kern  :info  : [  153.338921] rust_kjit: BB: a0 02 40 39 1f 04 01 71 01 01 00 54 
kern  :info  : [  153.338924] rust_kjit: BB at 0xaaaaaab2538c
kern  :info  : [  153.338925] rust_kjit: BB: a0 06 40 39 1f 4c 01 71 a1 00 00 54 
kern  :info  : [  153.338928] rust_kjit: BB at 0xaaaaaab25398
kern  :info  : [  153.338929] rust_kjit: BB: a0 0a 40 39 1f 2c 01 71 e0 ef ff 54 
kern  :info  : [  153.338932] rust_kjit: BB at 0xaaaaaab253a4
kern  :info  : [  153.338933] rust_kjit: BB: 1f 20 03 d5 
kern  :info  : [  153.338934] rust_kjit: BB at 0xaaaaaab253a8
kern  :info  : [  153.338934] rust_kjit: BB: 41 03 00 d0 e0 03 15 aa 21 00 3e 91 62 01 80 d2 ca a4 ff 97 
kern  :info  : [  153.338940] rust_kjit: BB at 0xaaaaaab253bc
kern  :info  : [  153.338940] rust_kjit: BB: e0 ef ff 35 
kern  :info  : [  153.338941] rust_kjit: BB at 0xaaaaaab253c0
kern  :info  : [  153.338942] rust_kjit: BB: c0 05 00 d0 00 f8 47 f9 e5 03 15 aa c3 02 40 f9 42 03 00 d0 00 00 40 f9 42 40 3e 91 c4 0a 40 b9 41 00 80 52 3b a4 ff 97 
kern  :info  : [  153.338952] rust_kjit: BB at 0xaaaaaab253e8
kern  :info  : [  153.338953] rust_kjit: BB: 20 00 80 52 f9 a3 ff 97 
kern  :info  : [  153.338955] rust_kjit: BB at 0xaaaaaab253f0
kern  :info  : [  153.338956] rust_kjit: BB: e0 13 40 f9 00 00 40 b9 61 72 40 b9 1f 00 01 6b 8c ed ff 54 
kern  :info  : [  153.338961] rust_kjit: BB at 0xaaaaaab25404
kern  :info  : [  153.338962] rust_kjit: BB: f4 e2 04 91 20 00 80 52 e1 03 14 aa e8 9f 01 94 
kern  :info  : [  153.338966] rust_kjit: BB at 0xaaaaaab25414
kern  :info  : [  153.338966] rust_kjit: BB: 80 01 00 34 
kern  :info  : [  153.338968] rust_kjit: BB at 0xaaaaaab25418
kern  :info  : [  153.338968] rust_kjit: BB: f4 23 40 f9 67 ff ff 17 
kern  :info  : [  153.338971] rust_kjit: BB at 0xaaaaaab25420
kern  :info  : [  153.338971] rust_kjit: BB: 22 00 80 d2 6b 53 00 94 
kern  :info  : [  153.338973] rust_kjit: BB at 0xaaaaaab25428
kern  :info  : [  153.338974] rust_kjit: BB: 61 2a 40 f9 22 00 80 d2 e0 9a 40 f9 3f 00 14 eb 21 d0 94 9a 65 53 00 94 
kern  :info  : [  153.338980] rust_kjit: BB at 0xaaaaaab25440
kern  :info  : [  153.338981] rust_kjit: BB: af ff ff 17 
kern  :info  : [  153.338982] rust_kjit: BB at 0xaaaaaab25444
kern  :info  : [  153.338982] rust_kjit: BB: fb 73 0b a9 20 00 80 52 80 02 00 b9 c0 05 00 d0 00 f8 47 f9 21 00 80 d2 42 08 80 d2 e3 03 00 aa e3 1f 00 f9 40 03 00 d0 00 c0 3e 91 63 00 40 f9 83 a5 ff 97 
kern  :info  : [  153.338996] rust_kjit: BB at 0xaaaaaab25478
kern  :info  : [  153.338996] rust_kjit: BB: c0 05 00 f0 00 00 01 91 00 20 00 91 d8 f7 ff 97 
kern  :info  : [  153.339001] rust_kjit: BB at 0xaaaaaab25488
kern  :info  : [  153.339001] rust_kjit: BB: e1 16 41 b9 f5 03 00 aa 41 08 00 34 
kern  :info  : [  153.339005] rust_kjit: BB at 0xaaaaaab25494
kern  :info  : [  153.339005] rust_kjit: BB: c0 06 00 f0 16 40 0b 91 da 22 07 91 14 00 80 d2 1c 00 80 d2 14 00 00 14 
kern  :info  : [  153.339012] rust_kjit: BB at 0xaaaaaab254ac
kern  :info  : [  153.339012] rust_kjit: BB: 79 1f 40 f9 19 01 00 b4 
kern  :info  : [  153.339015] rust_kjit: BB at 0xaaaaaab254b4
kern  :info  : [  153.339015] rust_kjit: BB: e0 03 19 aa 06 87 00 94 
kern  :info  : [  153.339017] rust_kjit: BB at 0xaaaaaab254bc
kern  :info  : [  153.339018] rust_kjit: BB: e1 03 1a aa e0 03 00 cb c7 9f 01 94 
kern  :info  : [  153.339021] rust_kjit: BB at 0xaaaaaab254c8
kern  :info  : [  153.339022] rust_kjit: BB: e0 03 19 aa f5 75 00 94 
kern  :info  : [  153.339024] rust_kjit: BB at 0xaaaaaab254d0
kern  :info  : [  153.339024] rust_kjit: BB: 61 0b 40 f9 7f 1f 00 f9 7f 43 00 b9 e2 03 1b aa e0 03 15 aa 9c 07 00 91 97 fe ff 97 
kern  :info  : [  153.339032] rust_kjit: BB at 0xaaaaaab254ec
kern  :info  : [  153.339032] rust_kjit: BB: c0 16 81 b9 9f 03 00 eb 62 05 00 54 
kern  :info  : [  153.339036] rust_kjit: BB at 0xaaaaaab254f8
kern  :info  : [  153.339036] rust_kjit: BB: c0 8e 40 f9 1b 78 7c f8 60 03 40 f9 60 26 00 b4 
kern  :info  : [  153.339041] rust_kjit: BB at 0xaaaaaab25508
kern  :info  : [  153.339041] rust_kjit: BB: 61 0b 40 f9 01 25 00 b4 
kern  :info  : [  153.339044] rust_kjit: BB at 0xaaaaaab25510
kern  :info  : [  153.339044] rust_kjit: BB: 61 0b 40 b9 01 27 00 34 
kern  :info  : [  153.339046] rust_kjit: BB at 0xaaaaaab25518
kern  :info  : [  153.339047] rust_kjit: BB: b4 fc ff b5 
kern  :info  : [  153.339048] rust_kjit: BB at 0xaaaaaab2551c
kern  :info  : [  153.339049] rust_kjit: BB: 02 00 80 d2 1c ea ff 97 
kern  :info  : [  153.339051] rust_kjit: BB at 0xaaaaaab25524
kern  :info  : [  153.339052] rust_kjit: BB: f4 03 00 aa 20 fc ff b5 
kern  :info  : [  153.339054] rust_kjit: BB at 0xaaaaaab2552c
kern  :info  : [  153.339054] rust_kjit: BB: 1c 00 80 d2 
kern  :info  : [  153.339056] rust_kjit: BB at 0xaaaaaab25530
kern  :info  : [  153.339056] rust_kjit: BB: e0 03 1c aa df 01 00 94 
kern  :info  : [  153.339058] rust_kjit: BB at 0xaaaaaab25538
kern  :info  : [  153.339059] rust_kjit: BB: e0 03 14 aa 95 2a 00 94 
kern  :info  : [  153.339061] rust_kjit: BB at 0xaaaaaab25540
kern  :info  : [  153.339062] rust_kjit: BB: 02 00 80 d2 01 00 80 52 e0 03 15 aa d1 e5 ff 97 
kern  :info  : [  153.339066] rust_kjit: BB at 0xaaaaaab25550
kern  :info  : [  153.339067] rust_kjit: BB: e0 03 15 aa 02 00 80 d2 21 00 80 52 cd e5 ff 97 
kern  :info  : [  153.339071] rust_kjit: BB at 0xaaaaaab25560
kern  :info  : [  153.339071] rust_kjit: BB: d5 2b 00 b4 
kern  :info  : [  153.339073] rust_kjit: BB at 0xaaaaaab25564
kern  :info  : [  153.339073] rust_kjit: BB: e0 03 15 aa da 86 00 94 
kern  :info  : [  153.339076] rust_kjit: BB at 0xaaaaaab2556c
kern  :info  : [  153.339076] rust_kjit: BB: c1 06 00 f0 33 40 0b 91 61 22 07 91 e0 03 00 cb 99 9f 01 94 
kern  :info  : [  153.339082] rust_kjit: BB at 0xaaaaaab25580
kern  :info  : [  153.339082] rust_kjit: BB: 73 e2 04 91 e0 03 15 aa c6 75 00 94 
kern  :info  : [  153.339085] rust_kjit: BB at 0xaaaaaab2558c
kern  :info  : [  153.339086] rust_kjit: BB: 7f 02 00 b9 
kern  :info  : [  153.339087] rust_kjit: BB at 0xaaaaaab25590
kern  :info  : [  153.339088] rust_kjit: BB: 20 00 80 52 27 a5 ff 97 
kern  :info  : [  153.339090] rust_kjit: BB at 0xaaaaaab25598
kern  :info  : [  153.339091] rust_kjit: BB: 14 00 80 d2 1f 20 03 d5 
kern  :info  : [  153.339093] rust_kjit: BB at 0xaaaaaab255a0
kern  :info  : [  153.339093] rust_kjit: BB: e0 03 14 aa 41 03 00 f0 21 e0 00 91 72 30 00 94 
kern  :info  : [  153.339098] rust_kjit: BB at 0xaaaaaab255b0
kern  :info  : [  153.339098] rust_kjit: BB: fc 03 00 aa e0 fb ff b4 
kern  :info  : [  153.339101] rust_kjit: BB at 0xaaaaaab255b8
kern  :info  : [  153.339101] rust_kjit: BB: 00 00 40 b9 1f 18 00 71 a0 17 00 54 
kern  :info  : [  153.339104] rust_kjit: BB at 0xaaaaaab255c4
kern  :info  : [  153.339105] rust_kjit: BB: 1f 08 00 71 21 2e 00 54 
kern  :info  : [  153.339107] rust_kjit: BB at 0xaaaaaab255cc
kern  :info  : [  153.339108] rust_kjit: BB: 80 1b 40 f9 1a 00 80 d2 40 0a 00 b4 
kern  :info  : [  153.339111] rust_kjit: BB at 0xaaaaaab255d8
kern  :info  : [  153.339112] rust_kjit: BB: 60 04 00 d0 00 40 3e 91 e0 1b 00 f9 c0 05 00 d0 00 b8 47 f9 e0 17 00 f9 
kern  :info  : [  153.339118] rust_kjit: BB at 0xaaaaaab255f0
kern  :info  : [  153.339119] rust_kjit: BB: 80 1f 40 f9 00 78 7a f8 01 00 40 b9 3f 08 00 71 c1 2a 00 54 
kern  :info  : [  153.339124] rust_kjit: BB at 0xaaaaaab25604
kern  :info  : [  153.339125] rust_kjit: BB: 01 18 40 f9 3f 08 00 f1 29 28 00 54 
kern  :info  : [  153.339128] rust_kjit: BB at 0xaaaaaab25610
kern  :info  : [  153.339128] rust_kjit: BB: 01 1c 40 f9 22 00 40 f9 21 80 40 a9 5b 04 40 f9 f9 03 1b 2a 05 00 40 b9 36 04 40 f9 bf 08 00 71 e1 25 00 54 
kern  :info  : [  153.339138] rust_kjit: BB at 0xaaaaaab25634
kern  :info  : [  153.339138] rust_kjit: BB: 01 18 40 f9 3f 08 00 f1 89 25 00 54 
kern  :info  : [  153.339142] rust_kjit: BB at 0xaaaaaab25640
kern  :info  : [  153.339142] rust_kjit: BB: 00 1c 40 f9 00 08 40 f9 03 10 40 f9 43 27 00 b4 
kern  :info  : [  153.339147] rust_kjit: BB at 0xaaaaaab25650
kern  :info  : [  153.339147] rust_kjit: BB: e0 03 03 aa e3 0b 00 f9 e5 1f 00 b9 2d a3 ff 97 
kern  :info  : [  153.339152] rust_kjit: BB at 0xaaaaaab25660
kern  :info  : [  153.339152] rust_kjit: BB: e3 0b 40 f9 e1 03 00 aa e0 03 03 aa 2d 12 00 94 
kern  :info  : [  153.339157] rust_kjit: BB at 0xaaaaaab25670
kern  :info  : [  153.339157] rust_kjit: BB: e4 03 00 aa e1 03 04 aa e0 03 15 aa e4 0b 00 f9 e0 f9 ff 97 
kern  :info  : [  153.339163] rust_kjit: BB at 0xaaaaaab25684
kern  :info  : [  153.339163] rust_kjit: BB: e1 03 00 aa e4 0b 40 f9 e5 1f 40 b9 00 0e 00 b4 
kern  :info  : [  153.339168] rust_kjit: BB at 0xaaaaaab25694
kern  :info  : [  153.339168] rust_kjit: BB: c4 01 00 b4 
kern  :info  : [  153.339169] rust_kjit: BB at 0xaaaaaab25698
kern  :info  : [  153.339170] rust_kjit: BB: 83 f0 5f 38 63 08 00 12 7f 10 00 71 88 00 00 54 
kern  :info  : [  153.339174] rust_kjit: BB at 0xaaaaaab256a8
kern  :info  : [  153.339175] rust_kjit: BB: e0 1b 40 f9 00 78 a3 b8 84 00 00 cb 
kern  :info  : [  153.339178] rust_kjit: BB at 0xaaaaaab256b4
kern  :info  : [  153.339179] rust_kjit: BB: e0 17 40 f9 e1 0b 00 f9 03 10 40 f9 e0 03 04 aa 60 00 3f d6 
kern  :info  : [  153.339184] rust_kjit: BB at 0xaaaaaab256cc
kern  :info  : [  153.339185] rust_kjit: BB: 3f 08 40 f2 21 07 00 54 
kern  :info  : [  153.339187] rust_kjit: BB at 0xaaaaaab256d4
kern  :info  : [  153.339188] rust_kjit: BB: 23 04 40 f9 60 1c 40 f9 a0 04 00 b4 
kern  :info  : [  153.339191] rust_kjit: BB at 0xaaaaaab256e0
kern  :info  : [  153.339191] rust_kjit: BB: 7f 03 16 6b 4c 01 00 54 
kern  :info  : [  153.339194] rust_kjit: BB at 0xaaaaaab256e8
kern  :info  : [  153.339194] rust_kjit: BB: 65 1c 40 f9 d6 06 00 11 
kern  :info  : [  153.339197] rust_kjit: BB at 0xaaaaaab256f0
kern  :info  : [  153.339197] rust_kjit: BB: 61 40 40 b9 24 04 00 11 64 40 00 b9 b9 d8 21 b8 39 07 00 11 3f 03 16 6b 41 ff ff 54 
kern  :info  : [  153.339205] rust_kjit: BB at 0xaaaaaab2570c
kern  :info  : [  153.339205] rust_kjit: BB: 80 1b 40 f9 5a 07 00 91 5f 03 00 eb c3 f6 ff 54 
kern  :info  : [  153.339209] rust_kjit: BB at 0xaaaaaab2571c
kern  :info  : [  153.339210] rust_kjit: BB: 39 e4 ff 97 
kern  :info  : [  153.339211] rust_kjit: BB at 0xaaaaaab25720
kern  :info  : [  153.339212] rust_kjit: BB: e0 03 1c aa 63 01 00 94 
kern  :info  : [  153.339214] rust_kjit: BB at 0xaaaaaab25728
kern  :info  : [  153.339215] rust_kjit: BB: e0 03 14 aa 19 2a 00 94 
kern  :info  : [  153.339217] rust_kjit: BB at 0xaaaaaab25730
kern  :info  : [  153.339217] rust_kjit: BB: 02 00 80 d2 01 00 80 52 e0 03 15 aa 55 e5 ff 97 
kern  :info  : [  153.339222] rust_kjit: BB at 0xaaaaaab25740
kern  :info  : [  153.339222] rust_kjit: BB: e0 03 15 aa 02 00 80 d2 21 00 80 52 51 e5 ff 97 
kern  :info  : [  153.339227] rust_kjit: BB at 0xaaaaaab25750
kern  :info  : [  153.339227] rust_kjit: BB: 95 05 00 b5 
kern  :info  : [  153.339229] rust_kjit: BB at 0xaaaaaab25754
kern  :info  : [  153.339229] rust_kjit: BB: c0 06 00 f0 00 40 0b 91 00 e0 04 91 1f 00 00 b9 f4 23 40 f9 fb 73 4b a9 93 fe ff 17 
kern  :info  : [  153.339237] rust_kjit: BB at 0xaaaaaab25770
kern  :info  : [  153.339237] rust_kjit: BB: 20 00 a0 d2 e3 0b 00 f9 4b 33 00 94 
kern  :info  : [  153.339240] rust_kjit: BB at 0xaaaaaab2577c
kern  :info  : [  153.339241] rust_kjit: BB: e3 0b 40 f9 60 1c 00 f9 d7 ff ff 17 
kern  :info  : [  153.339244] rust_kjit: BB at 0xaaaaaab25788
kern  :info  : [  153.339245] rust_kjit: BB: 01 00 80 d2 e0 23 01 91 8c a3 ff 97 
kern  :info  : [  153.339248] rust_kjit: BB at 0xaaaaaab25794
kern  :info  : [  153.339249] rust_kjit: BB: e0 8b 44 a9 03 48 88 d2 e3 01 a0 f2 61 26 40 f9 00 08 03 9b 00 00 01 cb 60 2a 00 f9 56 fe ff 17 
kern  :info  : [  153.339257] rust_kjit: BB at 0xaaaaaab257b4
kern  :info  : [  153.339258] rust_kjit: BB: f3 1f 40 f9 02 03 80 d2 21 00 80 d2 40 03 00 90 00 a0 14 91 63 02 40 f9 ad a4 ff 97 
kern  :info  : [  153.339265] rust_kjit: BB at 0xaaaaaab257d0
kern  :info  : [  153.339266] rust_kjit: BB: 60 02 40 f9 45 03 00 90 43 03 00 90 a5 00 16 91 63 60 15 91 42 03 00 90 42 80 15 91 84 64 80 52 41 00 80 52 37 a3 ff 97 
kern  :info  : [  153.339276] rust_kjit: BB at 0xaaaaaab257f8
kern  :info  : [  153.339277] rust_kjit: BB: 60 01 80 52 99 a3 ff 97 
kern  :info  : [  153.339279] rust_kjit: BB at 0xaaaaaab25800
kern  :info  : [  153.339279] rust_kjit: BB: e0 03 15 aa 33 86 00 94 
kern  :info  : [  153.339282] rust_kjit: BB at 0xaaaaaab25808
kern  :info  : [  153.339282] rust_kjit: BB: c1 06 00 f0 34 40 0b 91 81 22 07 91 e0 03 00 cb f2 9e 01 94 
kern  :info  : [  153.339288] rust_kjit: BB at 0xaaaaaab2581c
kern  :info  : [  153.339288] rust_kjit: BB: 94 e2 04 91 e0 03 15 aa 1f 75 00 94 
kern  :info  : [  153.339292] rust_kjit: BB at 0xaaaaaab25828
kern  :info  : [  153.339292] rust_kjit: BB: 9f 02 00 b9 f4 23 40 f9 fb 73 4b a9 61 fe ff 17 
kern  :info  : [  153.339296] rust_kjit: BB at 0xaaaaaab25838
kern  :info  : [  153.339297] rust_kjit: BB: 80 22 05 91 21 a3 ff 97 
kern  :info  : [  153.339299] rust_kjit: BB at 0xaaaaaab25840
kern  :info  : [  153.339300] rust_kjit: BB: cb fe ff 17 
kern  :info  : [  153.339301] rust_kjit: BB at 0xaaaaaab25844
kern  :info  : [  153.339301] rust_kjit: BB: 80 22 05 91 ae a2 ff 97 
kern  :info  : [  153.339304] rust_kjit: BB at 0xaaaaaab2584c
kern  :info  : [  153.339304] rust_kjit: BB: bb fe ff 17 
kern  :info  : [  153.339306] rust_kjit: BB at 0xaaaaaab25850
kern  :info  : [  153.339306] rust_kjit: BB: e0 1f 40 f9 e1 03 05 2a 43 03 00 f0 42 03 00 f0 63 20 01 91 42 40 05 91 00 00 40 f9 e4 07 00 f9 18 a3 ff 97 
kern  :info  : [  153.339316] rust_kjit: BB at 0xaaaaaab25874
kern  :info  : [  153.339316] rust_kjit: BB: e4 07 40 f9 c4 e5 ff b4 
kern  :info  : [  153.339318] rust_kjit: BB at 0xaaaaaab2587c
kern  :info  : [  153.339319] rust_kjit: BB: 80 f0 5f 38 00 08 00 12 1f 10 00 71 a8 00 00 54 
kern  :info  : [  153.339323] rust_kjit: BB at 0xaaaaaab2588c
kern  :info  : [  153.339324] rust_kjit: BB: 61 04 00 d0 21 40 3e 91 20 78 a0 b8 84 00 00 cb 
kern  :info  : [  153.339329] rust_kjit: BB at 0xaaaaaab2589c
kern  :info  : [  153.339329] rust_kjit: BB: c1 05 00 d0 21 b8 47 f9 e0 03 04 aa 21 10 40 f9 20 00 3f d6 
kern  :info  : [  153.339335] rust_kjit: BB at 0xaaaaaab258b4
kern  :info  : [  153.339335] rust_kjit: BB: e0 1f 40 f9 43 03 00 f0 84 13 40 f9 63 20 01 91 00 00 40 f9 42 03 00 f0 41 00 80 52 42 e0 01 91 ff a2 ff 97 
kern  :info  : [  153.339345] rust_kjit: BB at 0xaaaaaab258d8
kern  :info  : [  153.339345] rust_kjit: BB: 16 ff ff 17 
kern  :info  : [  153.339347] rust_kjit: BB at 0xaaaaaab258dc
kern  :info  : [  153.339347] rust_kjit: BB: 60 66 40 b9 00 06 f8 37 
kern  :info  : [  153.339376] rust_kjit: BB at 0xaaaaaab258e4
kern  :info  : [  153.339377] rust_kjit: BB: 81 86 40 f9 20 d8 60 f8 14 08 40 f9 
kern  :info  : [  153.339380] rust_kjit: BB at 0xaaaaaab258f0
kern  :info  : [  153.339381] rust_kjit: BB: 61 02 40 f9 80 06 40 b9 21 8c 40 b9 3f 00 00 6b ca 01 00 54 
kern  :info  : [  153.339386] rust_kjit: BB at 0xaaaaaab25904
kern  :info  : [  153.339387] rust_kjit: BB: e0 03 14 aa 42 00 80 52 f5 d2 ff 97 
kern  :info  : [  153.339390] rust_kjit: BB at 0xaaaaaab25910
kern  :info  : [  153.339391] rust_kjit: BB: 61 02 40 f9 80 06 40 b9 21 8c 40 b9 3f 00 00 6b ca 00 00 54 
kern  :info  : [  153.339399] rust_kjit: BB at 0xaaaaaab25924
kern  :info  : [  153.339399] rust_kjit: BB: e0 03 14 aa 22 00 80 52 ed d2 ff 97 
kern  :info  : [  153.339404] rust_kjit: BB at 0xaaaaaab25930
kern  :info  : [  153.339404] rust_kjit: BB: 60 02 40 f9 01 8c 40 b9 
kern  :info  : [  153.339407] rust_kjit: BB at 0xaaaaaab25938
kern  :info  : [  153.339408] rust_kjit: BB: e0 03 14 aa e4 03 13 aa c3 ff ff f0 42 00 80 52 63 c0 13 91 09 d6 ff 97 
kern  :info  : [  153.339416] rust_kjit: BB at 0xaaaaaab25970
kern  :info  : [  153.339417] rust_kjit: BB: e0 03 13 aa 77 e8 ff 97 
kern  :info  : [  153.339420] rust_kjit: BB at 0xaaaaaab25978
kern  :info  : [  153.339420] rust_kjit: BB: 80 02 41 b9 80 c3 ff 35 
kern  :info  : [  153.339423] rust_kjit: BB at 0xaaaaaab25980
kern  :info  : [  153.339423] rust_kjit: BB: c0 06 00 f0 00 68 41 f9 20 c3 ff b4 
kern  :info  : [  153.339427] rust_kjit: BB at 0xaaaaaab2598c
kern  :info  : [  153.339427] rust_kjit: BB: f5 5b 48 a9 21 00 80 52 f9 6b 4a a9 01 28 00 b9 16 fe ff 17 
kern  :info  : [  153.339433] rust_kjit: BB at 0xaaaaaab259a0
kern  :info  : [  153.339433] rust_kjit: BB: c0 06 00 f0 14 68 41 f9 d2 ff ff 17 
kern  :info  : [  153.339437] rust_kjit: BB at 0xaaaaaab259ac
kern  :info  : [  153.339437] rust_kjit: BB: 63 04 00 d0 63 40 3e 91 41 03 00 90 40 03 00 f0 63 40 01 91 21 40 2a 91 00 40 00 91 02 a5 80 52 9d a2 ff 97 
kern  :info  : [  153.339447] rust_kjit: BB at 0xaaaaaab259d0
kern  :info  : [  153.339447] rust_kjit: BB: 63 04 00 d0 63 40 3e 91 41 03 00 90 40 03 00 d0 63 40 01 91 21 40 2a 91 00 e0 3f 91 e2 a4 80 52 94 a2 ff 97 
kern  :info  : [  153.339457] rust_kjit: BB at 0xaaaaaab259f4
kern  :info  : [  153.339458] rust_kjit: BB: 63 04 00 d0 63 40 3e 91 41 03 00 90 40 03 00 f0 63 40 01 91 21 40 2a 91 00 a0 00 91 22 a5 80 52 8b a2 ff 97 
kern  :info  : [  153.339468] rust_kjit: BB at 0xaaaaaab25a18
kern  :info  : [  153.339468] rust_kjit: BB: c3 05 00 d0 63 f8 47 f9 62 04 80 d2 21 00 80 d2 40 03 00 d0 00 40 3d 91 fb 73 0b a9 63 00 40 f9 12 a4 ff 97 
kern  :info  : [  153.339478] rust_kjit: BB at 0xaaaaaab25a3c
kern  :info  : [  153.339478] rust_kjit: BB: 20 00 80 52 fc a3 ff 97 
kern  :info  : [  153.339481] rust_kjit: BB at 0xaaaaaab25a44
kern  :info  : [  153.339481] rust_kjit: BB: f5 5b 08 a9 f7 63 09 a9 f9 6b 0a a9 
kern  :info  : [  153.339485] rust_kjit: BB at 0xaaaaaab25a50
kern  :info  : [  153.339485] rust_kjit: BB: 42 03 00 d0 c0 05 00 d0 00 f8 47 f9 42 00 3d 91 63 02 40 f9 41 00 80 52 00 00 40 f9 63 30 00 91 fb 73 0b a9 97 a2 ff 97 
kern  :info  : [  153.339496] rust_kjit: BB at 0xaaaaaab25a78
kern  :info  : [  153.339497] rust_kjit: BB: 20 00 80 52 ed a3 ff 97 
kern  :info  : [  153.339499] rust_kjit: BB at 0xaaaaaab25a80
kern  :info  : [  153.339500] rust_kjit: BB: c0 05 00 d0 00 f8 47 f9 e5 03 15 aa c3 02 40 f9 42 03 00 f0 00 00 40 f9 42 a0 06 91 c4 0a 40 b9 41 00 80 52 8b a2 ff 97 
kern  :info  : [  153.339513] rust_kjit: BB at 0xaaaaaab25aa8
kern  :info  : [  153.339514] rust_kjit: BB: fb 73 0b a9 b9 fe ff 17 
kern  :info  : [  153.339517] rust_kjit: BB at 0xaaaaaab25ab0
kern  :info  : [  153.339518] rust_kjit: BB: c0 05 00 d0 00 f8 47 f9 e3 03 15 aa 42 03 00 f0 41 00 80 52 42 40 06 91 00 00 40 f9 81 a2 ff 97 
kern  :info  : [  153.339529] rust_kjit: BB at 0xaaaaaab25ad0
kern  :info  : [  153.339530] rust_kjit: BB: fb 73 0b a9 af fe ff 17 
kern  :info  : [  153.339533] rust_kjit: BB at 0xaaaaaab25ad8
kern  :info  : [  153.339533] rust_kjit: BB: c0 06 00 f0 00 40 0b 91 00 e0 04 91 1f 00 00 b9 aa fe ff 17 
kern  :info  : [  153.339539] rust_kjit: BB at 0xaaaaaab25aec
kern  :info  : [  153.339539] rust_kjit: BB: 63 04 00 d0 63 40 3e 91 41 03 00 90 40 03 00 f0 63 40 01 91 21 40 2a 91 00 e0 03 91 02 a9 80 52 4d a2 ff 97 
kern  :info  : [  153.339549] rust_kjit: BB at 0xaaaaaab25b10
kern  :info  : [  153.339550] rust_kjit: BB: 63 04 00 d0 63 40 3e 91 41 03 00 90 40 03 00 f0 63 40 01 91 21 40 2a 91 00 80 03 91 62 a8 80 52 44 a2 ff 97 
kern  :info  : [  153.339560] rust_kjit: BB at 0xaaaaaab25b34
kern  :info  : [  153.339560] rust_kjit: BB: 63 04 00 d0 63 40 3e 91 41 03 00 90 40 03 00 f0 63 40 01 91 21 40 2a 91 00 c0 04 91 22 a9 80 52 3b a2 ff 97 
kern  :info  : [  153.339570] rust_kjit: BB at 0xaaaaaab25b58
kern  :info  : [  153.339570] rust_kjit: BB: 63 04 00 d0 63 40 3e 91 41 03 00 90 40 03 00 f0 63 40 01 91 21 40 2a 91 00 00 03 91 42 a8 80 52 32 a2 ff 97 
kern  :info  : [  153.339581] rust_kjit: ARM64_INS_PACIASP -> NOP
kern  :info  : [  153.343922] rust_kjit: Final code: 1f 20 03 d5 31 02 03 d1 00 00 e0 d2 40 55 d5 f2 a0 57 b5 f2 00 00 9e f2 00 c0 47 f9 30 7a 06 a9 30 82 01 91 41 28 40 f9 33 52 07 a9 f3 03 02 aa 02 00 40 f9 22 2e 00 f9 02 00 80 d2 3f 22 00 f9 29 00 80 d2 3f fc 09 ea 09 42 3b d5 09 01 80 f2 49 00 c0 f2 0a 00 e0 d2 4a 55 d5 f2 4a 56 b5 f2 0a f1 8a f2 2b 00 00 10 d6 fb ff 17 60 02 40 f9 29 00 80 d2 0a 00 e0 d2 4a 55 d5 f2 6a 56 b5 f2 0a 62 81 f2 2b 00 00 10 ce fb ff 17 1f 00 00 71 09 42 3b d5 09 01 80 f2 49 00 c0 f2 0a 00 e0 d2 4a 55 d5 f2 4a 56 b5 f2 8a 48 8b f2 2b 00 00 10 c4 fb ff 17 60 5a 40 b9 37 62 09 a9 38 02 01 91 1f 00 00 71 09 42 3b d5 09 01 80 f2 29 00 c0 f2 0a 00 e0 d2 4a 55 d5 f2 4a 56 b5 f2 8a 3e 8a f2 2b 00 00 10 b7 fb ff 17 6a fe ff 17 00 00 e0 d2 40 55 d5 f2 00 58 b5 f2 00 00 80 f2 17 40 0b 91 
kern  :info  : [  153.343990] rust_kjit: Final code con't: e0 02 05 91 20 12 00 f9 35 5a 08 a9 39 6a 0a a9 19 00 e0 d2 59 55 d5 f2 19 57 b5 f2 19 00 9e f2 20 e3 3d 91 20 06 00 f9 60 02 40 f9 e1 03 18 aa 29 00 80 d2 0a 00 e0 d2 4a 55 d5 f2 6a 56 b5 f2 0a b8 82 f2 2b 00 00 10 9e fb ff 17 1f 00 00 71 09 42 3b d5 09 01 80 f2 49 00 c0 f2 0a 00 e0 d2 4a 55 d5 f2 4a 56 b5 f2 0a 4a 8b f2 2b 00 00 10 94 fb ff 17 34 22 40 f9 9f 02 00 f1 09 42 3b d5 09 01 80 f2 29 00 c0 f2 0a 00 e0 d2 4a 55 d5 f2 4a 56 b5 f2 8a 3d 8a f2 2b 00 00 10 89 fb ff 17 9f 1a 00 f1 09 42 3b d5 09 01 80 f2 29 00 c0 f2 0a 00 e0 d2 4a 55 d5 f2 4a 56 b5 f2 0a 43 8b f2 2b 00 00 10 7f fb ff 17 80 02 40 b9 1f 18 00 71 09 42 3b d5 09 01 80 f2 49 00 c0 f2 0a 00 e0 d2 4a 55 d5 f2 4a 56 b5 f2 0a 37 8a f2 2b 00 00 10 74 fb ff 17 76 36 40 f9 95 12 40 f9 df 02 00 f1 
kern  :info  : [  153.344053] rust_kjit: Final code con't: 09 42 3b d5 09 01 80 f2 29 00 c0 f2 0a 00 e0 d2 4a 55 d5 f2 4a 56 b5 f2 0a 56 8b f2 2b 00 00 10 68 fb ff 17 60 1a 40 f9 1f 00 00 f1 09 42 3b d5 09 01 80 f2 29 00 c0 f2 0a 00 e0 d2 4a 55 d5 f2 4a 56 b5 f2 0a 50 8b f2 2b 00 00 10 5d fb ff 17 21 06 40 f9 e0 03 15 aa a2 00 80 d2 29 00 80 d2 0a 00 e0 d2 4a 55 d5 f2 0a 56 b5 f2 0a dc 9c f2 2b 00 00 10 53 fb ff 17 1f 00 00 71 09 42 3b d5 09 01 80 f2 49 00 c0 f2 0a 00 e0 d2 4a 55 d5 f2 4a 56 b5 f2 0a 70 8a f2 2b 00 00 10 49 fb ff 17 20 12 40 f9 00 00 40 b9 61 72 40 b9 1f 00 01 6b 09 42 3b d5 09 01 80 f2 c9 01 c0 f2 0a 00 e0 d2 4a 55 d5 f2 4a 56 b5 f2 8a 80 8a f2 2b 00 00 10 3c fb ff 17 34 22 40 f9 60 72 00 b9 e0 03 14 aa 29 00 80 d2 0a 00 e0 d2 4a 55 d5 f2 4a 56 b5 f2 0a 96 8b f2 2b 00 00 10 32 fb ff 17 60 5e 40 b9 
kern  :info  : [  153.344116] rust_kjit: Final code con't: 1f 00 00 71 09 42 3b d5 09 01 80 f2 c9 01 c0 f2 0a 00 e0 d2 4a 55 d5 f2 4a 56 b5 f2 8a 54 8a f2 2b 00 00 10 27 fb ff 17 62 5a 40 b9 00 04 00 51 61 62 40 b9 42 04 00 51 62 02 0b 29 3f 00 00 71 09 42 3b d5 09 01 80 f2 a9 01 c0 f2 0a 00 e0 d2 4a 55 d5 f2 4a 56 b5 f2 0a 45 8a f2 2b 00 00 10 18 fb ff 17 5f 00 00 71 09 42 3b d5 09 01 80 f2 49 00 c0 f2 0a 00 e0 d2 4a 55 d5 f2 4a 56 b5 f2 0a 29 8a f2 2b 00 00 10 0e fb ff 17 67 ff ff 17 35 5a 48 a9 39 6a 4a a9 00 00 e0 d2 40 55 d5 f2 a0 57 b5 f2 00 00 9e f2 00 c0 47 f9 22 2e 40 f9 01 00 40 f9 42 00 01 eb 01 00 80 d2 09 42 3b d5 09 01 80 f2 49 00 c0 f2 0a 00 e0 d2 4a 55 d5 f2 4a 56 b5 f2 8a 6f 8b f2 2b 00 00 10 f9 fa ff 17 db fd ff 17 60 06 40 f9 02 00 80 92 21 7c 40 93 29 00 80 d2 0a 00 e0 d2 4a 55 d5 f2 4a 56 b5 f2 
kern  :info  : [  153.344179] rust_kjit: Final code con't: 0a 30 9c f2 2b 00 00 10 ee fa ff 17 62 0e 40 f9 5f 00 00 f1 09 42 3b d5 09 01 80 f2 29 00 c0 f2 0a 00 e0 d2 4a 55 d5 f2 4a 56 b5 f2 8a 4c 8a f2 2b 00 00 10 e3 fa ff 17 60 0a 40 f9 63 62 80 b9 02 0c 02 8b e3 03 03 cb 01 00 40 f9 21 00 03 8b 01 84 00 f8 5f 00 00 eb 09 42 3b d5 09 01 80 f2 49 00 c0 f2 0a 00 e0 d2 4a 55 d5 f2 4a 56 b5 f2 0a 4a 8a f2 2b 00 00 10 d2 fa ff 17 f3 ff ff 17 62 1a 40 f9 5f 00 00 f1 09 42 3b d5 09 01 80 f2 29 00 c0 f2 0a 00 e0 d2 4a 55 d5 f2 4a 56 b5 f2 8a 52 8a f2 2b 00 00 10 c6 fa ff 17 60 16 40 f9 63 62 80 b9 02 0c 02 8b e3 03 03 cb 1f 20 03 d5 01 00 40 f9 21 00 03 8b 01 84 00 f8 5f 00 00 eb 09 42 3b d5 09 01 80 f2 49 00 c0 f2 0a 00 e0 d2 4a 55 d5 f2 4a 56 b5 f2 0a 50 8a f2 2b 00 00 10 b4 fa ff 17 f3 ff ff 17 62 5a 40 b9 7f 62 00 b9 
kern  :info  : [  153.344242] rust_kjit: Final code con't: 5f 00 00 71 09 42 3b d5 09 01 80 f2 49 00 c0 f2 0a 00 e0 d2 4a 55 d5 f2 4a 56 b5 f2 0a 29 8a f2 2b 00 00 10 a7 fa ff 17 00 ff ff 17 09 42 3b d5 09 01 80 f2 09 00 c0 f2 0a 00 e0 d2 4a 55 d5 f2 4a 56 b5 f2 8a 3d 8a f2 2b 00 00 10 9d fa ff 17 90 ff ff 17 e1 22 02 91 20 00 80 52 29 00 80 d2 0a 00 e0 d2 4a 55 d5 f2 0a 57 b5 f2 0a 76 9a f2 2b 00 00 10 93 fa ff 17 e1 82 40 b9 3f 00 00 6b 09 42 3b d5 09 01 80 f2 c9 01 c0 f2 0a 00 e0 d2 4a 55 d5 f2 4a 56 b5 f2 8a 5f 8a f2 2b 00 00 10 88 fa ff 17 61 2a 40 f9 14 d8 98 d2 e2 02 41 b9 b4 05 a0 f2 3f 00 14 eb e0 96 40 f9 21 d0 94 9a 5f 00 00 71 09 42 3b d5 09 01 80 f2 49 00 c0 f2 0a 00 e0 d2 4a 55 d5 f2 4a 56 b5 f2 0a 84 8a f2 2b 00 00 10 77 fa ff 17 22 00 80 d2 29 00 80 d2 0a 00 e0 d2 4a 55 d5 f2 6a 56 b5 f2 8a 16 94 f2 
kern  :info  : [  153.344306] rust_kjit: Final code con't: 2b 00 00 10 6f fa ff 17 61 2a 40 f9 22 00 80 d2 e0 9a 40 f9 3f 00 14 eb 21 d0 94 9a 29 00 80 d2 0a 00 e0 d2 4a 55 d5 f2 6a 56 b5 f2 8a 16 94 f2 2b 00 00 10 63 fa ff 17 60 5a 40 b9 00 04 00 51 60 5a 00 b9 1f 00 00 71 09 42 3b d5 09 01 80 f2 49 00 c0 f2 0a 00 e0 d2 4a 55 d5 f2 4a 56 b5 f2 0a 29 8a f2 2b 00 00 10 56 fa ff 17 af fe ff 17 00 00 e0 d2 40 55 d5 f2 00 58 b5 f2 00 00 80 f2 14 40 0b 91 80 22 02 91 01 00 40 b9 80 82 40 b9 3f 00 00 6b 09 42 3b d5 09 01 80 f2 69 01 c0 f2 0a 00 e0 d2 4a 55 d5 f2 4a 56 b5 f2 0a 2e 8b f2 2b 00 00 10 43 fa ff 17 80 b2 40 b9 1f 00 00 71 09 42 3b d5 09 01 80 f2 49 00 c0 f2 0a 00 e0 d2 4a 55 d5 f2 4a 56 b5 f2 8a 1b 8b f2 2b 00 00 10 38 fa ff 17 80 02 41 b9 1f 00 00 71 09 42 3b d5 09 01 80 f2 49 00 c0 f2 0a 00 e0 d2 4a 55 d5 f2 
kern  :info  : [  153.344368] rust_kjit: Final code con't: 4a 56 b5 f2 8a 08 8b f2 2b 00 00 10 2d fa ff 17 00 00 e0 d2 40 55 d5 f2 00 58 b5 f2 00 00 80 f2 14 40 0b 91 95 f2 01 91 00 00 80 12 e1 03 15 aa 29 00 80 d2 0a 00 e0 d2 4a 55 d5 f2 0a 57 b5 f2 0a 8e 9a f2 2b 00 00 10 1e fa ff 17 e0 03 13 aa 29 00 80 d2 0a 00 e0 d2 4a 55 d5 f2 4a 56 b5 f2 0a ce 84 f2 2b 00 00 10 16 fa ff 17 e1 03 15 aa 20 00 80 52 29 00 80 d2 0a 00 e0 d2 4a 55 d5 f2 0a 57 b5 f2 0a 8e 9a f2 2b 00 00 10 0d fa ff 17 80 02 41 b9 1f 00 00 71 09 42 3b d5 09 01 80 f2 49 00 c0 f2 0a 00 e0 d2 4a 55 d5 f2 4a 56 b5 f2 0a 07 8b f2 2b 00 00 10 02 fa ff 17 e0 03 13 aa 29 00 80 d2 0a 00 e0 d2 4a 55 d5 f2 2a 56 b5 f2 0a 6a 9f f2 2b 00 00 10 fa f9 ff 17 35 5a 48 a9 39 6a 4a a9 09 42 3b d5 09 01 80 f2 09 00 c0 f2 0a 00 e0 d2 4a 55 d5 f2 4a 56 b5 f2 8a 3e 8a f2 
kern  :info  : [  153.344469] rust_kjit: Final code con't: 2b 00 00 10 ef f9 ff 17 a2 fc ff 17 a0 02 40 39 1f 04 01 71 09 42 3b d5 09 01 80 f2 49 00 c0 f2 0a 00 e0 d2 4a 55 d5 f2 4a 56 b5 f2 0a 75 8a f2 2b 00 00 10 e3 f9 ff 17 a0 06 40 39 1f 4c 01 71 09 42 3b d5 09 01 80 f2 49 00 c0 f2 0a 00 e0 d2 4a 55 d5 f2 4a 56 b5 f2 0a 75 8a f2 2b 00 00 10 d8 f9 ff 17 a0 0a 40 39 1f 2c 01 71 09 42 3b d5 09 01 80 f2 29 00 c0 f2 0a 00 e0 d2 4a 55 d5 f2 4a 56 b5 f2 8a 33 8a f2 2b 00 00 10 cd f9 ff 17 84 fe ff 17 1f 20 03 d5 01 00 e0 d2 41 55 d5 f2 01 57 b5 f2 01 00 9e f2 e0 03 15 aa 21 00 3e 91 62 01 80 d2 29 00 80 d2 0a 00 e0 d2 4a 55 d5 f2 0a 56 b5 f2 0a dc 9c f2 2b 00 00 10 bd f9 ff 17 1f 00 00 71 09 42 3b d5 09 01 80 f2 49 00 c0 f2 0a 00 e0 d2 4a 55 d5 f2 4a 56 b5 f2 0a 37 8a f2 2b 00 00 10 b3 f9 ff 17 79 fe ff 17 00 00 e0 d2 
kern  :info  : [  153.344533] rust_kjit: Final code con't: 40 55 d5 f2 a0 57 b5 f2 00 00 9e f2 00 f8 47 f9 e5 03 15 aa c3 02 40 f9 02 00 e0 d2 42 55 d5 f2 02 57 b5 f2 02 00 9e f2 00 00 40 f9 42 40 3e 91 c4 0a 40 b9 41 00 80 52 29 00 80 d2 0a 00 e0 d2 4a 55 d5 f2 0a 56 b5 f2 0a 9a 9c f2 2b 00 00 10 9c f9 ff 17 20 00 80 52 29 00 80 d2 0a 00 e0 d2 4a 55 d5 f2 0a 56 b5 f2 0a 7a 9c f2 2b 00 00 10 94 f9 ff 17 20 12 40 f9 00 00 40 b9 61 72 40 b9 1f 00 01 6b 09 42 3b d5 09 01 80 f2 a9 01 c0 f2 0a 00 e0 d2 4a 55 d5 f2 4a 56 b5 f2 0a 36 8a f2 2b 00 00 10 87 f9 ff 17 4b fe ff 17 f4 e2 04 91 20 00 80 52 e1 03 14 aa 29 00 80 d2 0a 00 e0 d2 4a 55 d5 f2 0a 57 b5 f2 0a 76 9a f2 2b 00 00 10 7c f9 ff 17 1f 00 00 71 09 42 3b d5 09 01 80 f2 29 00 c0 f2 0a 00 e0 d2 4a 55 d5 f2 4a 56 b5 f2 8a 88 8a f2 2b 00 00 10 72 f9 ff 17 34 22 40 f9 
kern  :info  : [  153.344597] rust_kjit: Final code con't: 09 42 3b d5 09 01 80 f2 09 00 c0 f2 0a 00 e0 d2 4a 55 d5 f2 4a 56 b5 f2 0a 37 8a f2 2b 00 00 10 68 f9 ff 17 2e fe ff 17 22 00 80 d2 29 00 80 d2 0a 00 e0 d2 4a 55 d5 f2 6a 56 b5 f2 0a 3a 94 f2 2b 00 00 10 5f f9 ff 17 61 2a 40 f9 22 00 80 d2 e0 9a 40 f9 3f 00 14 eb 21 d0 94 9a 29 00 80 d2 0a 00 e0 d2 4a 55 d5 f2 6a 56 b5 f2 0a 3a 94 f2 2b 00 00 10 53 f9 ff 17 09 42 3b d5 09 01 80 f2 09 00 c0 f2 0a 00 e0 d2 4a 55 d5 f2 4a 56 b5 f2 8a 5f 8a f2 2b 00 00 10 4a f9 ff 17 e7 fe ff 17 3b 72 0b a9 20 00 80 52 80 02 00 b9 00 00 e0 d2 40 55 d5 f2 a0 57 b5 f2 00 00 9e f2 00 f8 47 f9 21 00 80 d2 42 08 80 d2 e3 03 00 aa 23 1e 00 f9 00 00 e0 d2 40 55 d5 f2 00 57 b5 f2 00 00 9e f2 00 c0 3e 91 63 00 40 f9 29 00 80 d2 0a 00 e0 d2 4a 55 d5 f2 0a 56 b5 f2 0a 50 9d f2 2b 00 00 10 
kern  :info  : [  153.344662] rust_kjit: Final code con't: 30 f9 ff 17 00 00 e0 d2 40 55 d5 f2 c0 57 b5 f2 00 00 80 f2 00 00 01 91 00 20 00 91 29 00 80 d2 0a 00 e0 d2 4a 55 d5 f2 4a 56 b5 f2 8a 7c 86 f2 2b 00 00 10 23 f9 ff 17 e1 16 41 b9 f5 03 00 aa 3f 00 00 71 09 42 3b d5 09 01 80 f2 29 00 c0 f2 0a 00 e0 d2 4a 55 d5 f2 4a 56 b5 f2 0a b3 8a f2 2b 00 00 10 17 f9 ff 17 00 00 e0 d2 40 55 d5 f2 00 58 b5 f2 00 00 80 f2 16 40 0b 91 da 22 07 91 14 00 80 d2 1c 00 80 d2 09 42 3b d5 09 01 80 f2 09 00 c0 f2 0a 00 e0 d2 4a 55 d5 f2 4a 56 b5 f2 0a 9f 8a f2 2b 00 00 10 06 f9 ff 17 79 1f 40 f9 3f 03 00 f1 09 42 3b d5 09 01 80 f2 29 00 c0 f2 0a 00 e0 d2 4a 55 d5 f2 4a 56 b5 f2 0a 9a 8a f2 2b 00 00 10 fb f8 ff 17 e0 03 19 aa 29 00 80 d2 0a 00 e0 d2 4a 55 d5 f2 8a 56 b5 f2 0a 1a 8e f2 2b 00 00 10 f3 f8 ff 17 e1 03 1a aa e0 03 00 cb 
kern  :info  : [  153.344725] rust_kjit: Final code con't: 29 00 80 d2 0a 00 e0 d2 4a 55 d5 f2 0a 57 b5 f2 0a 7c 9a f2 2b 00 00 10 ea f8 ff 17 e0 03 19 aa 29 00 80 d2 0a 00 e0 d2 4a 55 d5 f2 8a 56 b5 f2 0a 94 85 f2 2b 00 00 10 e2 f8 ff 17 61 0b 40 f9 7f 1f 00 f9 7f 43 00 b9 e2 03 1b aa e0 03 15 aa 9c 07 00 91 29 00 80 d2 0a 00 e0 d2 4a 55 d5 f2 4a 56 b5 f2 8a e8 89 f2 2b 00 00 10 d5 f8 ff 17 c0 16 81 b9 9f 03 00 eb 09 42 3b d5 09 01 80 f2 69 00 c0 f2 0a 00 e0 d2 4a 55 d5 f2 4a 56 b5 f2 0a b4 8a f2 2b 00 00 10 ca f8 ff 17 c0 8e 40 f9 1b 78 7c f8 60 03 40 f9 1f 00 00 f1 09 42 3b d5 09 01 80 f2 29 00 c0 f2 0a 00 e0 d2 4a 55 d5 f2 4a 56 b5 f2 0a 3a 8b f2 2b 00 00 10 bd f8 ff 17 61 0b 40 f9 3f 00 00 f1 09 42 3b d5 09 01 80 f2 29 00 c0 f2 0a 00 e0 d2 4a 55 d5 f2 4a 56 b5 f2 8a 35 8b f2 2b 00 00 10 b2 f8 ff 17 61 0b 40 b9 
kern  :info  : [  153.344789] rust_kjit: Final code con't: 3f 00 00 71 09 42 3b d5 09 01 80 f2 29 00 c0 f2 0a 00 e0 d2 4a 55 d5 f2 4a 56 b5 f2 8a 3e 8b f2 2b 00 00 10 a7 f8 ff 17 9f 02 00 f1 09 42 3b d5 09 01 80 f2 49 00 c0 f2 0a 00 e0 d2 4a 55 d5 f2 4a 56 b5 f2 8a 95 8a f2 2b 00 00 10 9d f8 ff 17 97 ff ff 17 02 00 80 d2 29 00 80 d2 0a 00 e0 d2 4a 55 d5 f2 2a 56 b5 f2 0a b2 9f f2 2b 00 00 10 94 f8 ff 17 f4 03 00 aa 1f 00 00 f1 09 42 3b d5 09 01 80 f2 49 00 c0 f2 0a 00 e0 d2 4a 55 d5 f2 4a 56 b5 f2 8a 95 8a f2 2b 00 00 10 89 f8 ff 17 83 ff ff 17 1c 00 80 d2 e0 03 1c aa 29 00 80 d2 0a 00 e0 d2 4a 55 d5 f2 4a 56 b5 f2 0a 96 8b f2 2b 00 00 10 7f f8 ff 17 e0 03 14 aa 29 00 80 d2 0a 00 e0 d2 4a 55 d5 f2 4a 56 b5 f2 0a f2 9f f2 2b 00 00 10 77 f8 ff 17 02 00 80 d2 01 00 80 52 e0 03 15 aa 29 00 80 d2 0a 00 e0 d2 4a 55 d5 f2 
kern  :info  : [  153.344852] rust_kjit: Final code con't: 2a 56 b5 f2 0a 92 9d f2 2b 00 00 10 6d f8 ff 17 e0 03 15 aa 02 00 80 d2 21 00 80 52 29 00 80 d2 0a 00 e0 d2 4a 55 d5 f2 2a 56 b5 f2 0a 92 9d f2 2b 00 00 10 63 f8 ff 17 bf 02 00 f1 09 42 3b d5 09 01 80 f2 29 00 c0 f2 0a 00 e0 d2 4a 55 d5 f2 4a 56 b5 f2 0a 5b 8b f2 2b 00 00 10 59 f8 ff 17 e0 03 15 aa 29 00 80 d2 0a 00 e0 d2 4a 55 d5 f2 8a 56 b5 f2 0a 1a 8e f2 2b 00 00 10 51 f8 ff 17 01 00 e0 d2 41 55 d5 f2 01 58 b5 f2 01 00 80 f2 33 40 0b 91 61 22 07 91 e0 03 00 cb 29 00 80 d2 0a 00 e0 d2 4a 55 d5 f2 0a 57 b5 f2 0a 7c 9a f2 2b 00 00 10 43 f8 ff 17 73 e2 04 91 e0 03 15 aa 29 00 80 d2 0a 00 e0 d2 4a 55 d5 f2 8a 56 b5 f2 0a 94 85 f2 2b 00 00 10 3a f8 ff 17 7f 02 00 b9 20 00 80 52 29 00 80 d2 0a 00 e0 d2 4a 55 d5 f2 0a 56 b5 f2 0a 46 9d f2 2b 00 00 10 31 f8 ff 17 
kern  :info  : [  153.344916] rust_kjit: Final code con't: 14 00 80 d2 1f 20 03 d5 e0 03 14 aa 01 00 e0 d2 41 55 d5 f2 21 57 b5 f2 01 00 80 f2 21 e0 00 91 29 00 80 d2 0a 00 e0 d2 4a 55 d5 f2 6a 56 b5 f2 8a ee 82 f2 2b 00 00 10 22 f8 ff 17 fc 03 00 aa 1f 00 00 f1 09 42 3b d5 09 01 80 f2 29 00 c0 f2 0a 00 e0 d2 4a 55 d5 f2 4a 56 b5 f2 0a a6 8a f2 2b 00 00 10 17 f8 ff 17 90 ff ff 17 00 00 40 b9 1f 18 00 71 09 42 3b d5 09 01 80 f2 29 00 c0 f2 0a 00 e0 d2 4a 55 d5 f2 4a 56 b5 f2 8a 16 8b f2 2b 00 00 10 0b f8 ff 17 1f 08 00 71 09 42 3b d5 09 01 80 f2 49 00 c0 f2 0a 00 e0 d2 4a 55 d5 f2 4a 56 b5 f2 8a 71 8b f2 2b 00 00 10 01 f8 ff 17 ed fa ff 17 80 1b 40 f9 1a 00 80 d2 1f 00 00 f1 09 42 3b d5 09 01 80 f2 29 00 c0 f2 0a 00 e0 d2 4a 55 d5 f2 4a 56 b5 f2 8a e3 8a f2 2b 00 00 10 f4 f7 ff 17 00 00 e0 d2 40 55 d5 f2 60 57 b5 f2 
kern  :info  : [  153.344980] rust_kjit: Final code con't: 00 00 86 f2 00 40 3e 91 20 1a 00 f9 00 00 e0 d2 40 55 d5 f2 a0 57 b5 f2 00 00 9e f2 00 b8 47 f9 20 16 00 f9 80 1f 40 f9 00 78 7a f8 01 00 40 b9 3f 08 00 71 09 42 3b d5 09 01 80 f2 49 00 c0 f2 0a 00 e0 d2 4a 55 d5 f2 4a 56 b5 f2 0a 6b 8b f2 2b 00 00 10 db f7 ff 17 01 18 40 f9 3f 08 00 f1 09 42 3b d5 09 01 80 f2 49 01 c0 f2 0a 00 e0 d2 4a 55 d5 f2 4a 56 b5 f2 0a 62 8b f2 2b 00 00 10 d0 f7 ff 17 01 1c 40 f9 22 00 40 f9 21 80 40 a9 5b 04 40 f9 f9 03 1b 2a 05 00 40 b9 36 04 40 f9 bf 08 00 71 09 42 3b d5 09 01 80 f2 49 00 c0 f2 0a 00 e0 d2 4a 55 d5 f2 4a 56 b5 f2 8a 5d 8b f2 2b 00 00 10 bf f7 ff 17 01 18 40 f9 3f 08 00 f1 09 42 3b d5 09 01 80 f2 49 01 c0 f2 0a 00 e0 d2 4a 55 d5 f2 4a 56 b5 f2 8a 5d 8b f2 2b 00 00 10 b4 f7 ff 17 00 1c 40 f9 00 08 40 f9 03 10 40 f9 
kern  :info  : [  153.345045] rust_kjit: Final code con't: 7f 00 00 f1 09 42 3b d5 09 01 80 f2 29 00 c0 f2 0a 00 e0 d2 4a 55 d5 f2 4a 56 b5 f2 8a 66 8b f2 2b 00 00 10 a7 f7 ff 17 e0 03 03 aa 23 0a 00 f9 25 1e 00 b9 29 00 80 d2 0a 00 e0 d2 4a 55 d5 f2 0a 56 b5 f2 0a 62 9c f2 2b 00 00 10 9d f7 ff 17 23 0a 40 f9 e1 03 00 aa e0 03 03 aa 29 00 80 d2 0a 00 e0 d2 4a 55 d5 f2 4a 56 b5 f2 0a e4 93 f2 2b 00 00 10 93 f7 ff 17 e4 03 00 aa e1 03 04 aa e0 03 15 aa 24 0a 00 f9 29 00 80 d2 0a 00 e0 d2 4a 55 d5 f2 4a 56 b5 f2 0a c0 87 f2 2b 00 00 10 88 f7 ff 17 e1 03 00 aa 24 0a 40 f9 25 1e 40 b9 1f 00 00 f1 09 42 3b d5 09 01 80 f2 29 00 c0 f2 0a 00 e0 d2 4a 55 d5 f2 4a 56 b5 f2 0a 0a 8b f2 2b 00 00 10 7b f7 ff 17 9f 00 00 f1 09 42 3b d5 09 01 80 f2 29 00 c0 f2 0a 00 e0 d2 4a 55 d5 f2 4a 56 b5 f2 8a d9 8a f2 2b 00 00 10 71 f7 ff 17 
kern  :info  : [  153.345108] rust_kjit: Final code con't: 83 f0 5f 38 63 08 00 12 7f 10 00 71 09 42 3b d5 09 01 80 f2 29 01 c0 f2 0a 00 e0 d2 4a 55 d5 f2 4a 56 b5 f2 8a d6 8a f2 2b 00 00 10 65 f7 ff 17 20 1a 40 f9 00 78 a3 b8 84 00 00 cb 20 16 40 f9 21 0a 00 f9 03 10 40 f9 e0 03 04 aa 49 00 80 d2 ea 03 03 aa 2b 00 00 10 5a f7 ff 17 3f 08 40 f2 09 42 3b d5 09 01 80 f2 49 00 c0 f2 0a 00 e0 d2 4a 55 d5 f2 4a 56 b5 f2 8a f6 8a f2 2b 00 00 10 50 f7 ff 17 23 04 40 f9 60 1c 40 f9 1f 00 00 f1 09 42 3b d5 09 01 80 f2 29 00 c0 f2 0a 00 e0 d2 4a 55 d5 f2 4a 56 b5 f2 0a ee 8a f2 2b 00 00 10 44 f7 ff 17 7f 03 16 6b 09 42 3b d5 09 01 80 f2 a9 01 c0 f2 0a 00 e0 d2 4a 55 d5 f2 4a 56 b5 f2 8a e1 8a f2 2b 00 00 10 3a f7 ff 17 65 1c 40 f9 d6 06 00 11 61 40 40 b9 24 04 00 11 64 40 00 b9 b9 d8 21 b8 39 07 00 11 3f 03 16 6b 09 42 3b d5 
kern  :info  : [  153.345171] rust_kjit: Final code con't: 09 01 80 f2 49 00 c0 f2 0a 00 e0 d2 4a 55 d5 f2 4a 56 b5 f2 0a de 8a f2 2b 00 00 10 29 f7 ff 17 f1 ff ff 17 80 1b 40 f9 5a 07 00 91 5f 03 00 eb 09 42 3b d5 09 01 80 f2 89 00 c0 f2 0a 00 e0 d2 4a 55 d5 f2 4a 56 b5 f2 0a be 8a f2 2b 00 00 10 1c f7 ff 17 34 ff ff 17 29 00 80 d2 0a 00 e0 d2 4a 55 d5 f2 2a 56 b5 f2 0a 00 9d f2 2b 00 00 10 14 f7 ff 17 e0 03 1c aa 29 00 80 d2 0a 00 e0 d2 4a 55 d5 f2 4a 56 b5 f2 0a 96 8b f2 2b 00 00 10 0c f7 ff 17 e0 03 14 aa 29 00 80 d2 0a 00 e0 d2 4a 55 d5 f2 4a 56 b5 f2 0a f2 9f f2 2b 00 00 10 04 f7 ff 17 02 00 80 d2 01 00 80 52 e0 03 15 aa 29 00 80 d2 0a 00 e0 d2 4a 55 d5 f2 2a 56 b5 f2 0a 92 9d f2 2b 00 00 10 fa f6 ff 17 e0 03 15 aa 02 00 80 d2 21 00 80 52 29 00 80 d2 0a 00 e0 d2 4a 55 d5 f2 2a 56 b5 f2 0a 92 9d f2 2b 00 00 10 
kern  :info  : [  153.345234] rust_kjit: Final code con't: f0 f6 ff 17 bf 02 00 f1 09 42 3b d5 09 01 80 f2 49 00 c0 f2 0a 00 e0 d2 4a 55 d5 f2 4a 56 b5 f2 0a 00 8b f2 2b 00 00 10 e6 f6 ff 17 00 00 e0 d2 40 55 d5 f2 00 58 b5 f2 00 00 80 f2 00 40 0b 91 00 e0 04 91 1f 00 00 b9 34 22 40 f9 3b 72 4b a9 09 42 3b d5 09 01 80 f2 09 00 c0 f2 0a 00 e0 d2 4a 55 d5 f2 4a 56 b5 f2 0a 37 8a f2 2b 00 00 10 d4 f6 ff 17 9a fb ff 17 20 00 a0 d2 23 0a 00 f9 29 00 80 d2 0a 00 e0 d2 4a 55 d5 f2 6a 56 b5 f2 8a 94 84 f2 2b 00 00 10 ca f6 ff 17 23 0a 40 f9 60 1c 00 f9 09 42 3b d5 09 01 80 f2 09 00 c0 f2 0a 00 e0 d2 4a 55 d5 f2 4a 56 b5 f2 0a dc 8a f2 2b 00 00 10 bf f6 ff 17 7b ff ff 17 01 00 80 d2 20 22 01 91 29 00 80 d2 0a 00 e0 d2 4a 55 d5 f2 0a 56 b5 f2 0a b8 9c f2 2b 00 00 10 b5 f6 ff 17 20 8a 44 a9 03 48 88 d2 e3 01 a0 f2 61 26 40 f9 
kern  :info  : [  153.345297] rust_kjit: Final code con't: 00 08 03 9b 00 00 01 cb 60 2a 00 f9 09 42 3b d5 09 01 80 f2 09 00 c0 f2 0a 00 e0 d2 4a 55 d5 f2 4a 56 b5 f2 0a 21 8a f2 2b 00 00 10 a5 f6 ff 17 cf fa ff 17 33 1e 40 f9 02 03 80 d2 21 00 80 d2 00 00 e0 d2 40 55 d5 f2 00 57 b5 f2 00 00 9a f2 00 a0 14 91 63 02 40 f9 29 00 80 d2 0a 00 e0 d2 4a 55 d5 f2 0a 56 b5 f2 0a 50 9d f2 2b 00 00 10 94 f6 ff 17 60 02 40 f9 05 00 e0 d2 45 55 d5 f2 05 57 b5 f2 05 00 9a f2 03 00 e0 d2 43 55 d5 f2 03 57 b5 f2 03 00 9a f2 a5 00 16 91 63 60 15 91 02 00 e0 d2 42 55 d5 f2 02 57 b5 f2 02 00 9a f2 42 80 15 91 84 64 80 52 41 00 80 52 29 00 80 d2 0a 00 e0 d2 4a 55 d5 f2 0a 56 b5 f2 0a 9a 9c f2 2b 00 00 10 7b f6 ff 17 60 01 80 52 29 00 80 d2 0a 00 e0 d2 4a 55 d5 f2 0a 56 b5 f2 0a cc 9c f2 2b 00 00 10 73 f6 ff 17 e0 03 15 aa 29 00 80 d2 
kern  :info  : [  153.345360] rust_kjit: Final code con't: 0a 00 e0 d2 4a 55 d5 f2 8a 56 b5 f2 0a 1a 8e f2 2b 00 00 10 6b f6 ff 17 01 00 e0 d2 41 55 d5 f2 01 58 b5 f2 01 00 80 f2 34 40 0b 91 81 22 07 91 e0 03 00 cb 29 00 80 d2 0a 00 e0 d2 4a 55 d5 f2 0a 57 b5 f2 0a 7c 9a f2 2b 00 00 10 5d f6 ff 17 94 e2 04 91 e0 03 15 aa 29 00 80 d2 0a 00 e0 d2 4a 55 d5 f2 8a 56 b5 f2 0a 94 85 f2 2b 00 00 10 54 f6 ff 17 9f 02 00 b9 34 22 40 f9 3b 72 4b a9 09 42 3b d5 09 01 80 f2 09 00 c0 f2 0a 00 e0 d2 4a 55 d5 f2 4a 56 b5 f2 0a 37 8a f2 2b 00 00 10 48 f6 ff 17 0e fb ff 17 80 22 05 91 29 00 80 d2 0a 00 e0 d2 4a 55 d5 f2 0a 56 b5 f2 0a 98 9c f2 2b 00 00 10 3f f6 ff 17 09 42 3b d5 09 01 80 f2 09 00 c0 f2 0a 00 e0 d2 4a 55 d5 f2 4a 56 b5 f2 8a 6d 8a f2 2b 00 00 10 36 f6 ff 17 34 fc ff 17 80 22 05 91 29 00 80 d2 0a 00 e0 d2 4a 55 d5 f2 
kern  :info  : [  153.345465] rust_kjit: Final code con't: 0a 56 b5 f2 0a 60 9c f2 2b 00 00 10 2d f6 ff 17 09 42 3b d5 09 01 80 f2 09 00 c0 f2 0a 00 e0 d2 4a 55 d5 f2 4a 56 b5 f2 0a 67 8a f2 2b 00 00 10 24 f6 ff 17 f7 fb ff 17 20 1e 40 f9 e1 03 05 2a 03 00 e0 d2 43 55 d5 f2 23 57 b5 f2 03 00 80 f2 02 00 e0 d2 42 55 d5 f2 22 57 b5 f2 02 00 80 f2 63 20 01 91 42 40 05 91 00 00 40 f9 24 06 00 f9 29 00 80 d2 0a 00 e0 d2 4a 55 d5 f2 0a 56 b5 f2 0a 9a 9c f2 2b 00 00 10 0e f6 ff 17 24 06 40 f9 9f 00 00 f1 09 42 3b d5 09 01 80 f2 29 00 c0 f2 0a 00 e0 d2 4a 55 d5 f2 4a 56 b5 f2 0a a6 8a f2 2b 00 00 10 03 f6 ff 17 7c fd ff 17 80 f0 5f 38 00 08 00 12 1f 10 00 71 09 42 3b d5 09 01 80 f2 29 01 c0 f2 0a 00 e0 d2 4a 55 d5 f2 4a 56 b5 f2 8a 13 8b f2 2b 00 00 10 f6 f5 ff 17 01 00 e0 d2 41 55 d5 f2 61 57 b5 f2 01 00 86 f2 21 40 3e 91 
kern  :info  : [  153.345528] rust_kjit: Final code con't: 20 78 a0 b8 84 00 00 cb 01 00 e0 d2 41 55 d5 f2 a1 57 b5 f2 01 00 9e f2 21 b8 47 f9 e0 03 04 aa 21 10 40 f9 49 00 80 d2 ea 03 01 aa 2b 00 00 10 e4 f5 ff 17 20 1e 40 f9 03 00 e0 d2 43 55 d5 f2 23 57 b5 f2 03 00 80 f2 84 13 40 f9 63 20 01 91 00 00 40 f9 02 00 e0 d2 42 55 d5 f2 22 57 b5 f2 02 00 80 f2 41 00 80 52 42 e0 01 91 29 00 80 d2 0a 00 e0 d2 4a 55 d5 f2 0a 56 b5 f2 0a 9a 9c f2 2b 00 00 10 cf f5 ff 17 09 42 3b d5 09 01 80 f2 09 00 c0 f2 0a 00 e0 d2 4a 55 d5 f2 4a 56 b5 f2 0a a6 8a f2 2b 00 00 10 c6 f5 ff 17 3f fd ff 17 60 66 40 b9 29 00 80 d2 1f 7c 09 ea 09 42 3b d5 09 01 80 f2 49 00 c0 f2 0a 00 e0 d2 4a 55 d5 f2 4a 56 b5 f2 0a 34 8b f2 2b 00 00 10 b9 f5 ff 17 81 86 40 f9 20 d8 60 f8 14 08 40 f9 61 02 40 f9 80 06 40 b9 21 8c 40 b9 3f 00 00 6b 09 42 3b d5 
kern  :info  : [  153.345592] rust_kjit: Final code con't: 09 01 80 f2 69 01 c0 f2 0a 00 e0 d2 4a 55 d5 f2 4a 56 b5 f2 0a 27 8b f2 2b 00 00 10 a9 f5 ff 17 e0 03 14 aa 42 00 80 52 29 00 80 d2 0a 00 e0 d2 4a 55 d5 f2 2a 56 b5 f2 0a 9c 94 f2 2b 00 00 10 a0 f5 ff 17 ea f5 ff 17 61 02 40 f9 80 06 40 b9 21 8c 40 b9 3f 00 00 6b 09 42 3b d5 09 01 80 f2 69 01 c0 f2 0a 00 e0 d2 4a 55 d5 f2 4a 56 b5 f2 0a 27 8b f2 2b 00 00 10 92 f5 ff 17 e0 03 14 aa 22 00 80 52 29 00 80 d2 0a 00 e0 d2 4a 55 d5 f2 2a 56 b5 f2 0a 9c 94 f2 2b 00 00 10 89 f5 ff 17 d3 f5 ff 17 60 02 40 f9 01 8c 40 b9 e0 03 14 aa e4 03 13 aa 03 00 e0 d2 43 55 d5 f2 43 56 b5 f2 03 00 80 f2 42 00 80 52 63 c0 13 91 29 00 80 d2 0a 00 e0 d2 4a 55 d5 f2 2a 56 b5 f2 0a 2e 96 f2 2b 00 00 10 77 f5 ff 17 e0 03 13 aa 29 00 80 d2 0a 00 e0 d2 4a 55 d5 f2 2a 56 b5 f2 0a 6a 9f f2 
kern  :info  : [  153.345656] rust_kjit: Final code con't: 2b 00 00 10 6f f5 ff 17 80 02 41 b9 1f 00 00 71 09 42 3b d5 09 01 80 f2 49 00 c0 f2 0a 00 e0 d2 4a 55 d5 f2 4a 56 b5 f2 8a 3d 8a f2 2b 00 00 10 64 f5 ff 17 57 fa ff 17 00 00 e0 d2 40 55 d5 f2 00 58 b5 f2 00 00 80 f2 00 68 41 f9 1f 00 00 f1 09 42 3b d5 09 01 80 f2 29 00 c0 f2 0a 00 e0 d2 4a 55 d5 f2 4a 56 b5 f2 8a 3d 8a f2 2b 00 00 10 54 f5 ff 17 47 fa ff 17 35 5a 48 a9 21 00 80 52 39 6a 4a a9 01 28 00 b9 09 42 3b d5 09 01 80 f2 09 00 c0 f2 0a 00 e0 d2 4a 55 d5 f2 4a 56 b5 f2 8a 3e 8a f2 2b 00 00 10 46 f5 ff 17 f9 f7 ff 17 00 00 e0 d2 40 55 d5 f2 00 58 b5 f2 00 00 80 f2 14 68 41 f9 09 42 3b d5 09 01 80 f2 09 00 c0 f2 0a 00 e0 d2 4a 55 d5 f2 4a 56 b5 f2 0a 1e 8b f2 2b 00 00 10 37 f5 ff 17 81 ff ff 17 03 00 e0 d2 43 55 d5 f2 63 57 b5 f2 03 00 86 f2 63 40 3e 91 
kern  :info  : [  153.345720] rust_kjit: Final code con't: 01 00 e0 d2 41 55 d5 f2 01 57 b5 f2 01 00 9a f2 00 00 e0 d2 40 55 d5 f2 20 57 b5 f2 00 00 80 f2 63 40 01 91 21 40 2a 91 00 40 00 91 02 a5 80 52 29 00 80 d2 0a 00 e0 d2 4a 55 d5 f2 0a 56 b5 f2 0a 88 9c f2 2b 00 00 10 1e f5 ff 17 03 00 e0 d2 43 55 d5 f2 63 57 b5 f2 03 00 86 f2 63 40 3e 91 01 00 e0 d2 41 55 d5 f2 01 57 b5 f2 01 00 9a f2 00 00 e0 d2 40 55 d5 f2 00 57 b5 f2 00 00 9e f2 63 40 01 91 21 40 2a 91 00 e0 3f 91 e2 a4 80 52 29 00 80 d2 0a 00 e0 d2 4a 55 d5 f2 0a 56 b5 f2 0a 88 9c f2 2b 00 00 10 06 f5 ff 17 03 00 e0 d2 43 55 d5 f2 63 57 b5 f2 03 00 86 f2 63 40 3e 91 01 00 e0 d2 41 55 d5 f2 01 57 b5 f2 01 00 9a f2 00 00 e0 d2 40 55 d5 f2 20 57 b5 f2 00 00 80 f2 63 40 01 91 21 40 2a 91 00 a0 00 91 22 a5 80 52 29 00 80 d2 0a 00 e0 d2 4a 55 d5 f2 0a 56 b5 f2 
kern  :info  : [  153.345783] rust_kjit: Final code con't: 0a 88 9c f2 2b 00 00 10 ee f4 ff 17 03 00 e0 d2 43 55 d5 f2 a3 57 b5 f2 03 00 9e f2 63 f8 47 f9 62 04 80 d2 21 00 80 d2 00 00 e0 d2 40 55 d5 f2 00 57 b5 f2 00 00 9e f2 00 40 3d 91 3b 72 0b a9 63 00 40 f9 29 00 80 d2 0a 00 e0 d2 4a 55 d5 f2 0a 56 b5 f2 0a 50 9d f2 2b 00 00 10 d9 f4 ff 17 20 00 80 52 29 00 80 d2 0a 00 e0 d2 4a 55 d5 f2 0a 56 b5 f2 0a 46 9d f2 2b 00 00 10 d1 f4 ff 17 35 5a 08 a9 37 62 09 a9 39 6a 0a a9 02 00 e0 d2 42 55 d5 f2 02 57 b5 f2 02 00 9e f2 00 00 e0 d2 40 55 d5 f2 a0 57 b5 f2 00 00 9e f2 00 f8 47 f9 42 00 3d 91 63 02 40 f9 41 00 80 52 00 00 40 f9 63 30 00 91 3b 72 0b a9 29 00 80 d2 0a 00 e0 d2 4a 55 d5 f2 0a 56 b5 f2 0a 9a 9c f2 2b 00 00 10 b8 f4 ff 17 20 00 80 52 29 00 80 d2 0a 00 e0 d2 4a 55 d5 f2 0a 56 b5 f2 0a 46 9d f2 2b 00 00 10 
kern  :info  : [  153.345847] rust_kjit: Final code con't: b0 f4 ff 17 00 00 e0 d2 40 55 d5 f2 a0 57 b5 f2 00 00 9e f2 00 f8 47 f9 e5 03 15 aa c3 02 40 f9 02 00 e0 d2 42 55 d5 f2 22 57 b5 f2 02 00 80 f2 00 00 40 f9 42 a0 06 91 c4 0a 40 b9 41 00 80 52 29 00 80 d2 0a 00 e0 d2 4a 55 d5 f2 0a 56 b5 f2 0a 9a 9c f2 2b 00 00 10 9a f4 ff 17 3b 72 0b a9 09 42 3b d5 09 01 80 f2 09 00 c0 f2 0a 00 e0 d2 4a 55 d5 f2 4a 56 b5 f2 0a b2 8a f2 2b 00 00 10 90 f4 ff 17 57 fc ff 17 00 00 e0 d2 40 55 d5 f2 a0 57 b5 f2 00 00 9e f2 00 f8 47 f9 e3 03 15 aa 02 00 e0 d2 42 55 d5 f2 22 57 b5 f2 02 00 80 f2 41 00 80 52 42 40 06 91 00 00 40 f9 29 00 80 d2 0a 00 e0 d2 4a 55 d5 f2 0a 56 b5 f2 0a 9a 9c f2 2b 00 00 10 7b f4 ff 17 3b 72 0b a9 09 42 3b d5 09 01 80 f2 09 00 c0 f2 0a 00 e0 d2 4a 55 d5 f2 4a 56 b5 f2 0a b2 8a f2 2b 00 00 10 71 f4 ff 17 
kern  :info  : [  153.345910] rust_kjit: Final code con't: 38 fc ff 17 00 00 e0 d2 40 55 d5 f2 00 58 b5 f2 00 00 80 f2 00 40 0b 91 00 e0 04 91 1f 00 00 b9 09 42 3b d5 09 01 80 f2 09 00 c0 f2 0a 00 e0 d2 4a 55 d5 f2 4a 56 b5 f2 0a b2 8a f2 2b 00 00 10 60 f4 ff 17 27 fc ff 17 03 00 e0 d2 43 55 d5 f2 63 57 b5 f2 03 00 86 f2 63 40 3e 91 01 00 e0 d2 41 55 d5 f2 01 57 b5 f2 01 00 9a f2 00 00 e0 d2 40 55 d5 f2 20 57 b5 f2 00 00 80 f2 63 40 01 91 21 40 2a 91 00 e0 03 91 02 a9 80 52 29 00 80 d2 0a 00 e0 d2 4a 55 d5 f2 0a 56 b5 f2 0a 88 9c f2 2b 00 00 10 47 f4 ff 17 03 00 e0 d2 43 55 d5 f2 63 57 b5 f2 03 00 86 f2 63 40 3e 91 01 00 e0 d2 41 55 d5 f2 01 57 b5 f2 01 00 9a f2 00 00 e0 d2 40 55 d5 f2 20 57 b5 f2 00 00 80 f2 63 40 01 91 21 40 2a 91 00 80 03 91 62 a8 80 52 29 00 80 d2 0a 00 e0 d2 4a 55 d5 f2 0a 56 b5 f2 0a 88 9c f2 
kern  :info  : [  153.345974] rust_kjit: Final code con't: 2b 00 00 10 2f f4 ff 17 03 00 e0 d2 43 55 d5 f2 63 57 b5 f2 03 00 86 f2 63 40 3e 91 01 00 e0 d2 41 55 d5 f2 01 57 b5 f2 01 00 9a f2 00 00 e0 d2 40 55 d5 f2 20 57 b5 f2 00 00 80 f2 63 40 01 91 21 40 2a 91 00 c0 04 91 22 a9 80 52 29 00 80 d2 0a 00 e0 d2 4a 55 d5 f2 0a 56 b5 f2 0a 88 9c f2 2b 00 00 10 17 f4 ff 17 03 00 e0 d2 43 55 d5 f2 63 57 b5 f2 03 00 86 f2 63 40 3e 91 01 00 e0 d2 41 55 d5 f2 01 57 b5 f2 01 00 9a f2 00 00 e0 d2 40 55 d5 f2 20 57 b5 f2 00 00 80 f2 63 40 01 91 21 40 2a 91 00 00 03 91 42 a8 80 52 29 00 80 d2 0a 00 e0 d2 4a 55 d5 f2 0a 56 b5 f2 0a 88 9c f2 2b 00 00 10 ff f3 ff 17 
kern  :info  : [  153.347150] rust_kjit: BLR to unknown target 0xaaaaaab250d0 at 0x10d0
kern  :info  : [  153.347153] rust_kjit: Regs: 
kern  :warn  : [  153.347154] 	X0: fffff7208000	X1: 00000000002c	X2: fffff72d2400	X3: 000000000001
kern  :warn  : [  153.347156] 	X4: aaaaaab250d0	X5: 000000002800	X6: 000000000e8c	X7: 00000000000a
kern  :warn  : [  153.347158] 	X8: 000000000015	X9: 000000000000	X10: 000000000000	X11: 000000000000
kern  :warn  : [  153.347160] 	X12: 000000000000	X13: 000000004010	X14: 000000000000	X15: 000000000000
kern  :warn  : [  153.347162] 	X16: aaaaaabdfe40	X17: fffff772ce00	X18: 0000000372cf	X19: 000000000048
kern  :warn  : [  153.347164] 	X20: fffff7208000	X21: 000000000580	X22: 00000000001b	X23: 00000000002f
kern  :warn  : [  153.347165] 	X24: 000000000001	X25: 000000000178	X26: 00000000002c	X27: aaaaaab8f000
kern  :warn  : [  153.347167] 	X28: aaaaaab8f000	X29: ffffffffea20	X30: aaaaaab1f5a4
kern  :info  : [  153.347168] rust_kjit: RDebug at 0x1138 to 0xaaaaaab25788 at 0x259c
kern  :info  : [  153.347171] rust_kjit: Regs: 
kern  :warn  : [  153.347171] 	X0: fffff7ffdb50	X1: ffffffffffffffff	X2: 000000000000	X3: 000000000001
kern  :warn  : [  153.347173] 	X4: aaaaaab250d0	X5: 000000002800	X6: 000000000e8c	X7: 00000000000a
kern  :warn  : [  153.347174] 	X8: 000000000015	X9: 000000000000	X10: 000000000000	X11: 000000000000
kern  :warn  : [  153.347176] 	X12: 000000000000	X13: 000000004010	X14: 000000000000	X15: 000000000000
kern  :warn  : [  153.347178] 	X16: aaaaaabdfe40	X17: fffff772ce00	X18: 0000000372cf	X19: fffff72d2400
kern  :warn  : [  153.347180] 	X20: fffff7208000	X21: 000000000580	X22: 00000000001b	X23: 00000000002f
kern  :warn  : [  153.347181] 	X24: 000000000001	X25: 000000000178	X26: 00000000002c	X27: aaaaaab8f000
kern  :warn  : [  153.347183] 	X28: aaaaaab8f000	X29: ffffffffe9c0	X30: aaaaaab1f5a4
kern  :info  : [  153.347184] rust_kjit: RBl at 0x25bc
kern  :info  : [  153.347196] rust_kjit: BB at 0xaaaaaab0e5c0
kern  :info  : [  153.347197] rust_kjit: BB: 90 06 00 b0 11 42 46 f9 10 02 32 91 20 02 1f d6 
kern  :info  : [  153.347253] rust_kjit: Final code: 0f 00 80 d2 4f 55 d5 f2 af 57 b5 f2 0f 00 9e f2 ee 41 46 f9 ef 01 32 91 69 00 80 d2 ea 03 0e aa ee 1f 00 f9 ef 1b 00 f9 2b 00 00 10 f3 f3 ff 17 
kern  :info  : [  153.347271] rust_kjit: BL to unknown target 0xaaaaaab0e5c0 at 0x3098
kern  :info  : [  153.347273] rust_kjit: Regs: 
kern  :warn  : [  153.347273] 	X0: ffffffffe9a8	X1: 000000000000	X2: 000000000000	X3: 000000000001
kern  :warn  : [  153.347275] 	X4: aaaaaab250d0	X5: 000000002800	X6: 000000000e8c	X7: 00000000000a
kern  :warn  : [  153.347277] 	X8: 000000000015	X9: 000000000000	X10: 000000000000	X11: 000000000000
kern  :warn  : [  153.347278] 	X12: 000000000000	X13: 000000004010	X14: 000000000000	X15: 000000000000
kern  :warn  : [  153.347280] 	X16: aaaaaabdfe40	X17: fffff772ce00	X18: 0000000372cf	X19: fffff72d2400
kern  :warn  : [  153.347282] 	X20: fffff7208000	X21: 000000000580	X22: 00000000001b	X23: 00000000002f
kern  :warn  : [  153.347284] 	X24: 000000000001	X25: 000000000178	X26: 00000000002c	X27: aaaaaab8f000
kern  :warn  : [  153.347285] 	X28: aaaaaab8f000	X29: ffffffffe9c0	X30: aaaaaab25794
kern  :info  : [  153.347286] rust_kjit: RBr at 0x30c4
kern  :info  : [  153.347686] rust_kjit: BB at 0xfffff7ffb5c8
kern  :info  : [  153.347687] rust_kjit: BB: ff 43 00 d1 80 06 00 b4 
kern  :info  : [  153.347690] rust_kjit: BB at 0xfffff7ffb5d0
kern  :info  : [  153.347690] rust_kjit: BB: 88 d1 fe 10 0a 00 b0 12 
kern  :info  : [  153.347693] rust_kjit: BB at 0xfffff7ffb5d8
kern  :info  : [  153.347693] rust_kjit: BB: 4b d1 fe 18 2b 02 00 37 
kern  :info  : [  153.347695] rust_kjit: BB at 0xfffff7ffb5e0
kern  :info  : [  153.347696] rust_kjit: BB: bf 39 03 d5 09 d1 fe 18 09 0c 00 34 
kern  :info  : [  153.347699] rust_kjit: BB at 0xfffff7ffb5ec
kern  :info  : [  153.347700] rust_kjit: BB: df 3f 03 d5 4c e0 3b d5 89 01 0c ca e9 63 29 8b 3f 01 40 f9 0f c1 40 a9 0d 39 43 29 09 45 42 a9 bf 39 03 d5 82 cf fe 18 5f 00 0b 6b e0 00 00 54 
kern  :info  : [  153.347712] rust_kjit: BB at 0xfffff7ffb61c
kern  :info  : [  153.347713] rust_kjit: BB: ef ff ff 17 
kern  :info  : [  153.347714] rust_kjit: BB at 0xfffff7ffb620
kern  :info  : [  153.347714] rust_kjit: BB: 29 cf fe 18 3f 01 0a 6b 60 07 00 54 
kern  :info  : [  153.347718] rust_kjit: BB at 0xfffff7ffb62c
kern  :info  : [  153.347718] rust_kjit: BB: 3f 20 03 d5 ea ff ff 17 
kern  :info  : [  153.347720] rust_kjit: BB at 0xfffff7ffb634
kern  :info  : [  153.347721] rust_kjit: BB: 88 01 0f cb eb 3f 99 52 08 01 10 8a 4b 73 a7 72 08 45 0d 9b 08 25 ce 9a 1f 01 0b eb e8 07 00 f9 49 01 00 54 
kern  :info  : [  153.347730] rust_kjit: BB at 0xfffff7ffb658
kern  :info  : [  153.347730] rust_kjit: BB: ec 3f 99 92 ea 03 1f 2a ac 8c b8 f2 
kern  :info  : [  153.347733] rust_kjit: BB at 0xfffff7ffb664
kern  :info  : [  153.347734] rust_kjit: BB: 4a 05 00 11 08 01 0c 8b 1f 01 0b eb e8 07 00 f9 88 ff ff 54 
kern  :info  : [  153.347739] rust_kjit: BB at 0xfffff7ffb678
kern  :info  : [  153.347740] rust_kjit: BB: 02 00 00 14 
kern  :info  : [  153.347741] rust_kjit: BB at 0xfffff7ffb67c
kern  :info  : [  153.347741] rust_kjit: BB: ea 03 1f aa 
kern  :info  : [  153.347743] rust_kjit: BB at 0xfffff7ffb680
kern  :info  : [  153.347743] rust_kjit: BB: 49 01 09 8b 
kern  :info  : [  153.347744] rust_kjit: BB at 0xfffff7ffb684
kern  :info  : [  153.347745] rust_kjit: BB: 6a ba 89 52 08 7d 40 92 4a 0c a2 72 08 7d aa 9b 08 fd 66 d3 09 20 00 a9 
kern  :info  : [  153.347751] rust_kjit: BB at 0xfffff7ffb69c
kern  :info  : [  153.347751] rust_kjit: BB: e0 03 1f 2a e1 01 00 b5 
kern  :info  : [  153.347753] rust_kjit: BB at 0xfffff7ffb6a4
kern  :info  : [  153.347754] rust_kjit: BB: ff 43 00 91 01 00 80 d2 02 00 80 d2 08 00 80 d2 09 00 80 d2 0a 00 80 d2 0b 00 80 d2 0c 00 80 d2 0d 00 80 d2 0e 00 80 d2 0f 00 80 d2 10 00 80 d2 11 00 80 d2 c0 03 5f d6 
kern  :info  : [  153.347768] rust_kjit: BB at 0xfffff7ffb6dc
kern  :info  : [  153.347768] rust_kjit: BB: 48 c9 fe 10 0b 00 b0 12 ec 4f ff 10 09 71 03 91 0a 05 4e b8 5f 01 0b 6b 8a 11 00 91 89 01 89 9a 48 01 88 9a 29 01 40 b9 29 00 00 b9 08 01 40 b9 28 04 00 b9 e5 ff ff 17 
kern  :info  : [  153.347782] rust_kjit: BB at 0xfffff7ffb714
kern  :info  : [  153.347783] rust_kjit: BB: 68 47 ff 10 
kern  :info  : [  153.347784] rust_kjit: BB at 0xfffff7ffb718
kern  :info  : [  153.347784] rust_kjit: BB: 49 47 ff 18 29 02 00 37 
kern  :info  : [  153.347787] rust_kjit: BB at 0xfffff7ffb720
kern  :info  : [  153.347787] rust_kjit: BB: bf 39 03 d5 0a 47 ff 18 0a 02 00 34 
kern  :info  : [  153.347790] rust_kjit: BB at 0xfffff7ffb72c
kern  :info  : [  153.347791] rust_kjit: BB: df 3f 03 d5 4a e0 3b d5 4b 01 0a ca eb 63 2b 8b 7f 01 40 f9 0e bd 40 a9 0d 31 43 29 0b 41 42 a9 bf 39 03 d5 91 45 ff 18 3f 02 09 6b e0 00 00 54 
kern  :info  : [  153.347803] rust_kjit: BB at 0xfffff7ffb75c
kern  :info  : [  153.347803] rust_kjit: BB: ef ff ff 17 
kern  :info  : [  153.347804] rust_kjit: BB at 0xfffff7ffb760
kern  :info  : [  153.347805] rust_kjit: BB: 3f 20 03 d5 ed ff ff 17 
kern  :info  : [  153.347807] rust_kjit: BB at 0xfffff7ffb768
kern  :info  : [  153.347808] rust_kjit: BB: 28 15 80 52 01 00 00 d4 
kern  :info  : [  153.347810] rust_kjit: BB at 0xfffff7ffb770
kern  :info  : [  153.347810] rust_kjit: BB: cd ff ff 17 
kern  :info  : [  153.347811] rust_kjit: BB at 0xfffff7ffb774
kern  :info  : [  153.347812] rust_kjit: BB: 48 01 0e cb 49 c5 fe 10 ea 3f 99 52 08 01 0f 8a 29 05 40 f9 4a 73 a7 72 08 41 0d 9b 08 25 cc 9a 6c c4 fe 58 28 01 08 8b 89 01 0b 8b 1f 01 0a eb e8 07 00 f9 69 01 00 54 
kern  :info  : [  153.347826] rust_kjit: BB at 0xfffff7ffb7ac
kern  :info  : [  153.347826] rust_kjit: BB: ec 3f 99 92 eb 03 1f 2a ac 8c b8 f2 
kern  :info  : [  153.347829] rust_kjit: BB at 0xfffff7ffb7b8
kern  :info  : [  153.347830] rust_kjit: BB: 6b 05 00 11 08 01 0c 8b 1f 01 0a eb e8 07 00 f9 88 ff ff 54 
kern  :info  : [  153.347835] rust_kjit: BB at 0xfffff7ffb7cc
kern  :info  : [  153.347836] rust_kjit: BB: 29 01 0b 8b ad ff ff 17 
kern  :info  : [  153.347838] rust_kjit: BB at 0xfffff7ffb7d4
kern  :info  : [  153.347838] rust_kjit: BB: eb 03 1f aa 29 01 1f 8b aa ff ff 17 
kern  :warn  : [  153.347917] rust_kjit: Unsupported Op for ARM64_INS_DMB
kern  :err   : [  153.347935] rust_kjit: In ARM64_INS_MRS
kern  :info  : [  153.347938] rust_kjit: CNTVCT_EL0
                              ,
kern  :warn  : [  153.347954] rust_kjit: disasm_no_addr failed, nop filled in for insn
kern  :warn  : [  153.347972] rust_kjit: Unsupported Op for ARM64_INS_DMB
kern  :err   : [  153.348067] rust_kjit: ConfRes - Unsupported insn: ARM64_INS_MADD
kern  :err   : [  153.348150] rust_kjit: BR JIT failed for 0xfffff7ffb5c8
kern  :info  : [  153.348151] rust_kjit: Leaving with cnt 19, svc_loop_cnt 0
kern  :info  : [  153.348164] rust_kjit: ###### Lift session 2 ######
kern  :info  : [  153.348165] rust_kjit: Regs: 
kern  :warn  : [  153.348165] 	X0: 000000000000	X1: 000000000003	X2: 00000000002c	X3: ffffffffe908
kern  :warn  : [  153.348168] 	X4: 000000000065	X5: fffff72b3070	X6: 000000000e8d	X7: 00000000000a
kern  :warn  : [  153.348170] 	X8: 000000000015	X9: 000000000000	X10: 000000000000	X11: 000000000000
kern  :warn  : [  153.348172] 	X12: 000000000000	X13: 000000004010	X14: 000000000000	X15: 000000000000
kern  :warn  : [  153.348174] 	X16: aaaaaabdfe40	X17: fffff772ce00	X18: 0000000372cf	X19: 0000fffffff9
kern  :warn  : [  153.348175] 	X20: 00000000002c	X21: fffff7208000	X22: 000000000580	X23: fffff720d000
kern  :warn  : [  153.348177] 	X24: ffffffffe9a0	X25: aaaaaab8f000	X26: 00000000002c	X27: aaaaaab8f000
kern  :warn  : [  153.348179] 	X28: aaaaaab8f000	X29: ffffffffe920	X30: aaaaaab1a570
kern  :info  : [  153.348180] rust_kjit: RDebug at 0x180, continue at 0x184
kern  :info  : [  153.348182] rust_kjit: Regs: 
kern  :warn  : [  153.348182] 	X0: 000000000000	X1: 000000000003	X2: 00000000002c	X3: ffffffffe908
kern  :warn  : [  153.348184] 	X4: 000000000065	X5: fffff72b3070	X6: 000000000e8d	X7: 00000000000a
kern  :warn  : [  153.348186] 	X8: 000000000015	X9: 000000000000	X10: 000000000000	X11: 000000000000
kern  :warn  : [  153.348187] 	X12: 000000000000	X13: 000000004010	X14: 000000000000	X15: 000000000000
kern  :warn  : [  153.348189] 	X16: aaaaaabdfe40	X17: fffff772ce00	X18: 0000000372cf	X19: 0000fffffff9
kern  :warn  : [  153.348191] 	X20: 00000000002c	X21: fffff7208000	X22: 000000000580	X23: fffff720d000
kern  :warn  : [  153.348193] 	X24: ffffffffe9a0	X25: aaaaaab8f000	X26: 00000000002c	X27: aaaaaab8f000
kern  :warn  : [  153.348194] 	X28: aaaaaab8f000	X29: ffffffffe920	X30: aaaaaab1a570
kern  :info  : [  153.348195] rust_kjit: RRet at 0x190 to known target 0xaaaaaab1a570
kern  :info  : [  153.348197] rust_kjit: Regs: 
kern  :warn  : [  153.348197] 	X0: 000000000000	X1: 000000000003	X2: 00000000002c	X3: ffffffffe908
kern  :warn  : [  153.348199] 	X4: 000000000065	X5: fffff72b3070	X6: 000000000e8d	X7: 00000000000a
kern  :warn  : [  153.348201] 	X8: 000000000015	X9: 000000000000	X10: 000000000000	X11: 000000000000
kern  :warn  : [  153.348203] 	X12: 000000000000	X13: 000000004010	X14: 000000000000	X15: 000000000000
kern  :warn  : [  153.348205] 	X16: aaaaaabdfe40	X17: fffff772ce00	X18: 0000000372cf	X19: 0000fffffff9
kern  :warn  : [  153.348206] 	X20: 00000000002c	X21: fffff7208000	X22: 000000000580	X23: fffff720d000
kern  :warn  : [  153.348208] 	X24: ffffffffe9a0	X25: aaaaaab8f000	X26: 00000000002c	X27: aaaaaab8f000
kern  :warn  : [  153.348210] 	X28: aaaaaab8f000	X29: ffffffffe920	X30: aaaaaab1a570
kern  :info  : [  153.348211] rust_kjit: RDebug at 0x314, continue at 0x318
kern  :info  : [  153.348212] rust_kjit: Regs: 
kern  :warn  : [  153.348212] 	X0: 000000000001	X1: 000000000003	X2: 000000000001	X3: 000000000035
kern  :warn  : [  153.348214] 	X4: 000000000065	X5: fffff72b3070	X6: 000000000e8d	X7: 00000000000a
kern  :warn  : [  153.348216] 	X8: 000000000015	X9: 000000000000	X10: 000000000000	X11: 000000000000
kern  :warn  : [  153.348218] 	X12: 000000000000	X13: 000000004010	X14: 000000000000	X15: 000000000000
kern  :warn  : [  153.348220] 	X16: aaaaaabdfe40	X17: fffff772ce00	X18: 0000000372cf	X19: 0000fffffff9
kern  :warn  : [  153.348221] 	X20: 00000000002c	X21: fffff7208000	X22: 000000000580	X23: fffff720d000
kern  :warn  : [  153.348223] 	X24: ffffffffe9a0	X25: aaaaaab8f000	X26: 00000000002c	X27: aaaaaab8f000
kern  :warn  : [  153.348225] 	X28: aaaaaab8f000	X29: ffffffffe920	X30: aaaaaab1a570
kern  :info  : [  153.348225] rust_kjit: RDebug at 0x35c, continue at 0x360
kern  :info  : [  153.348227] rust_kjit: Regs: 
kern  :warn  : [  153.348227] 	X0: fffff7ffdb50	X1: 000000000000	X2: 000000000000	X3: 000000000035
kern  :warn  : [  153.348229] 	X4: 000000000065	X5: fffff72b3070	X6: 000000000e8d	X7: 00000000000a
kern  :warn  : [  153.348231] 	X8: 000000000015	X9: 000000000000	X10: 000000000000	X11: 000000000000
kern  :warn  : [  153.348233] 	X12: 000000000000	X13: 000000004010	X14: 000000000000	X15: 000000000000
kern  :warn  : [  153.348234] 	X16: aaaaaabdfe40	X17: fffff772ce00	X18: 0000000372cf	X19: 0000fffffff9
kern  :warn  : [  153.348236] 	X20: 00000000002c	X21: fffff7208000	X22: 000000000580	X23: fffff720d000
kern  :warn  : [  153.348238] 	X24: ffffffffe9a0	X25: aaaaaab8f000	X26: 00000000002c	X27: aaaaaab8f000
kern  :warn  : [  153.348239] 	X28: aaaaaab8f000	X29: ffffffffe920	X30: aaaaaab1a570
kern  :info  : [  153.348240] rust_kjit: RRet at 0x384 to known target 0xaaaaaab25910
kern  :info  : [  153.348242] rust_kjit: Regs: 
kern  :warn  : [  153.348242] 	X0: fffff7ffdb50	X1: 000000000000	X2: 000000000000	X3: 000000000035
kern  :warn  : [  153.348244] 	X4: 000000000065	X5: fffff72b3070	X6: 000000000e8d	X7: 00000000000a
kern  :warn  : [  153.348246] 	X8: 000000000015	X9: 000000000000	X10: 000000000000	X11: 000000000000
kern  :warn  : [  153.348248] 	X12: 000000000000	X13: 000000004010	X14: 000000000000	X15: 000000000000
kern  :warn  : [  153.348250] 	X16: aaaaaabdfe40	X17: fffff772ce00	X18: 0000000372cf	X19: fffff72d2400
kern  :warn  : [  153.348251] 	X20: fffff7208000	X21: 000000000580	X22: 00000000001b	X23: aaaaaac002d0
kern  :warn  : [  153.348253] 	X24: ffffffffe9a0	X25: aaaaaab8f000	X26: 00000000002c	X27: aaaaaab8f000
kern  :warn  : [  153.348254] 	X28: aaaaaab8f000	X29: ffffffffe9c0	X30: aaaaaab25910
kern  :info  : [  153.348255] rust_kjit: RDebug at 0x2a48, continue at 0x2a4c
kern  :info  : [  153.348257] rust_kjit: Regs: 
kern  :warn  : [  153.348257] 	X0: 000000002800	X1: 00000000002c	X2: 000000000000	X3: 000000000035
kern  :warn  : [  153.348259] 	X4: 000000000065	X5: fffff72b3070	X6: 000000000e8d	X7: 00000000000a
kern  :warn  : [  153.348261] 	X8: 000000000015	X9: 000000000000	X10: 000000000000	X11: 000000000000
kern  :warn  : [  153.348262] 	X12: 000000000000	X13: 000000004010	X14: 000000000000	X15: 000000000000
kern  :warn  : [  153.348264] 	X16: aaaaaabdfe40	X17: fffff772ce00	X18: 0000000372cf	X19: fffff72d2400
kern  :warn  : [  153.348266] 	X20: fffff7208000	X21: 000000000580	X22: 00000000001b	X23: aaaaaac002d0
kern  :warn  : [  153.348267] 	X24: ffffffffe9a0	X25: aaaaaab8f000	X26: 00000000002c	X27: aaaaaab8f000
kern  :warn  : [  153.348269] 	X28: aaaaaab8f000	X29: ffffffffe9c0	X30: aaaaaab25910
kern  :info  : [  153.348270] rust_kjit: RBl at 0x2a6c to known target 0xaaaaaab1a4e0
kern  :info  : [  153.348272] rust_kjit: Regs: 
kern  :warn  : [  153.348272] 	X0: fffff7208000	X1: 00000000002c	X2: 000000000001	X3: 000000000035
kern  :warn  : [  153.348274] 	X4: 000000000065	X5: fffff72b3070	X6: 000000000e8d	X7: 00000000000a
kern  :warn  : [  153.348276] 	X8: 000000000015	X9: 000000000000	X10: 000000000000	X11: 000000000000
kern  :warn  : [  153.348278] 	X12: 000000000000	X13: 000000004010	X14: 000000000000	X15: 000000000000
kern  :warn  : [  153.348279] 	X16: aaaaaabdfe40	X17: fffff772ce00	X18: 0000000372cf	X19: fffff72d2400
kern  :warn  : [  153.348281] 	X20: fffff7208000	X21: 000000000580	X22: 00000000001b	X23: aaaaaac002d0
kern  :warn  : [  153.348282] 	X24: ffffffffe9a0	X25: aaaaaab8f000	X26: 00000000002c	X27: aaaaaab8f000
kern  :warn  : [  153.348284] 	X28: aaaaaab8f000	X29: ffffffffe9c0	X30: aaaaaab1a4e0
kern  :info  : [  153.348285] rust_kjit: RDebug at 0x230, continue at 0x234
kern  :info  : [  153.348286] rust_kjit: Regs: 
kern  :warn  : [  153.348286] 	X0: 000000000001	X1: 000000000000	X2: 000000000001	X3: 000000000035
kern  :warn  : [  153.348288] 	X4: 000000000065	X5: fffff72b3070	X6: 000000000e8d	X7: 00000000000a
kern  :warn  : [  153.348290] 	X8: 000000000015	X9: 000000000000	X10: 000000000000	X11: 000000000000
kern  :warn  : [  153.348292] 	X12: 000000000000	X13: 000000004010	X14: 000000000000	X15: 000000000000
kern  :warn  : [  153.348293] 	X16: aaaaaabdfe40	X17: fffff772ce00	X18: 0000000372cf	X19: fffff72d2400
kern  :warn  : [  153.348295] 	X20: 00000000002c	X21: fffff7208000	X22: 000000000580	X23: fffff720d000
kern  :warn  : [  153.348297] 	X24: ffffffffe9a0	X25: aaaaaab8f000	X26: 00000000002c	X27: aaaaaab8f000
kern  :warn  : [  153.348298] 	X28: aaaaaab8f000	X29: ffffffffe920	X30: aaaaaab1a4e0
kern  :info  : [  153.348299] rust_kjit: RDebug at 0x280 to 0xaaaaaab1a5c0 at 0x388
kern  :info  : [  153.348300] rust_kjit: Regs: 
kern  :warn  : [  153.348301] 	X0: 000000000003	X1: 000000000000	X2: 000000000000	X3: fffff7271000
kern  :warn  : [  153.348303] 	X4: 000000000065	X5: fffff72b3070	X6: 000000000e8d	X7: 00000000000a
kern  :warn  : [  153.348304] 	X8: 000000000015	X9: 000000000000	X10: 000000000000	X11: 000000000000
kern  :warn  : [  153.348306] 	X12: 000000000000	X13: 000000004010	X14: 000000000000	X15: 000000000000
kern  :warn  : [  153.348308] 	X16: aaaaaabdfe40	X17: fffff772ce00	X18: 0000000372cf	X19: 0000fffffffe
kern  :warn  : [  153.348310] 	X20: 00000000002c	X21: fffff7208000	X22: 000000000580	X23: fffff720d000
kern  :warn  : [  153.348311] 	X24: ffffffffe9a0	X25: aaaaaab8f000	X26: 00000000002c	X27: aaaaaab8f000
kern  :warn  : [  153.348313] 	X28: aaaaaab8f000	X29: ffffffffe920	X30: aaaaaab1a4e0
kern  :info  : [  153.348314] rust_kjit: RDebug at 0x3ac, continue at 0x3b0
kern  :info  : [  153.348315] rust_kjit: Regs: 
kern  :warn  : [  153.348315] 	X0: 000000000003	X1: 000000000000	X2: 000000000000	X3: fffff7271000
kern  :warn  : [  153.348317] 	X4: 000000000065	X5: fffff72b3070	X6: 000000000e8d	X7: 00000000000a
kern  :warn  : [  153.348319] 	X8: 000000000015	X9: 000000000000	X10: 000000000000	X11: 000000000000
kern  :warn  : [  153.348321] 	X12: 000000000000	X13: 000000004010	X14: 000000000000	X15: 000000000000
kern  :warn  : [  153.348323] 	X16: aaaaaabdfe40	X17: fffff772ce00	X18: 0000000372cf	X19: 0000fffffffe
kern  :warn  : [  153.348324] 	X20: 00000000002c	X21: fffff7208000	X22: 000000000580	X23: fffff720d000
kern  :warn  : [  153.348326] 	X24: ffffffffe9a0	X25: aaaaaab8f000	X26: 00000000002c	X27: aaaaaab8f000
kern  :warn  : [  153.348327] 	X28: aaaaaab8f000	X29: ffffffffe920	X30: aaaaaab1a4e0
kern  :info  : [  153.348328] rust_kjit: RDebug at 0x3d8, continue at 0x3dc
kern  :info  : [  153.348329] rust_kjit: Regs: 
kern  :warn  : [  153.348330] 	X0: 000000000003	X1: 000000000000	X2: 000000000000	X3: fffff7271000
kern  :warn  : [  153.348332] 	X4: 000000000065	X5: fffff72b3070	X6: 000000000e8d	X7: 00000000000a
kern  :warn  : [  153.348333] 	X8: 000000000015	X9: 000000000000	X10: 000000000000	X11: 000000000000
kern  :warn  : [  153.348335] 	X12: 000000000000	X13: 000000004010	X14: 000000000000	X15: 000000000000
kern  :warn  : [  153.348337] 	X16: aaaaaabdfe40	X17: fffff772ce00	X18: 0000000372cf	X19: 0000fffffffe
kern  :warn  : [  153.348339] 	X20: 00000000002c	X21: fffff7208000	X22: 000000000580	X23: fffff720d000
kern  :warn  : [  153.348340] 	X24: ffffffffe9a0	X25: aaaaaab8f000	X26: 00000000002c	X27: aaaaaab8f000
kern  :warn  : [  153.348342] 	X28: aaaaaab8f000	X29: ffffffffe920	X30: aaaaaab1a4e0
kern  :info  : [  153.348343] rust_kjit: RBl at 0x2dc
kern  :info  : [  153.348351] rust_kjit: BB at 0xaaaaaab0e940
kern  :info  : [  153.348352] rust_kjit: BB: 90 06 00 b0 11 22 47 f9 10 02 39 91 20 02 1f d6 
kern  :info  : [  153.348403] rust_kjit: Final code: 0f 00 80 d2 4f 55 d5 f2 af 57 b5 f2 0f 00 9e f2 ee 21 47 f9 ef 01 39 91 69 00 80 d2 ea 03 0e aa ee 1f 00 f9 ef 1b 00 f9 2b 00 00 10 e7 f3 ff 17 
kern  :info  : [  153.348453] rust_kjit: BL to unknown target 0xaaaaaab0e940 at 0x30c8
kern  :info  : [  153.348454] rust_kjit: Regs: 
kern  :warn  : [  153.348454] 	X0: 000000000003	X1: 000000000003	X2: 00000000002c	X3: ffffffffe908
kern  :warn  : [  153.348457] 	X4: 000000000065	X5: fffff72b3070	X6: 000000000e8d	X7: 00000000000a
kern  :warn  : [  153.348459] 	X8: 000000000015	X9: 000000000000	X10: 000000000000	X11: 000000000000
kern  :warn  : [  153.348460] 	X12: 000000000000	X13: 000000004010	X14: 000000000000	X15: 000000000000
kern  :warn  : [  153.348464] 	X16: aaaaaabdfe40	X17: fffff772ce00	X18: 0000000372cf	X19: 0000fffffffe
kern  :warn  : [  153.348468] 	X20: 00000000002c	X21: fffff7208000	X22: 000000000580	X23: fffff720d000
kern  :warn  : [  153.348472] 	X24: ffffffffe9a0	X25: aaaaaab8f000	X26: 00000000002c	X27: aaaaaab8f000
kern  :warn  : [  153.348476] 	X28: aaaaaab8f000	X29: ffffffffe920	X30: aaaaaab1a570
kern  :info  : [  153.348479] rust_kjit: RBr at 0x30f4
kern  :info  : [  153.348491] rust_kjit: Loop detected
kern  :info  : [  153.348493] rust_kjit: BB at 0xfffff772ce00
kern  :info  : [  153.348494] rust_kjit: BB: 1f 20 03 d5 a8 02 80 d2 01 00 00 d4 
kern  :info  : [  153.348513] rust_kjit: Final code: 1f 20 03 d5 a8 02 80 d2 09 00 80 d2 ea 03 08 aa 2b 00 00 10 e1 f3 ff 17 13 f4 ff 17 
kern  :info  : [  153.348523] rust_kjit: BR to 0xfffff772ce00 at 0x30f8
kern  :info  : [  153.348524] rust_kjit: Regs: 
kern  :warn  : [  153.348525] 	X0: 000000000003	X1: 000000000003	X2: 00000000002c	X3: ffffffffe908
kern  :warn  : [  153.348526] 	X4: 000000000065	X5: fffff72b3070	X6: 000000000e8d	X7: 00000000000a
kern  :warn  : [  153.348528] 	X8: 000000000015	X9: 000000000000	X10: 000000000000	X11: 000000000000
kern  :warn  : [  153.348530] 	X12: 000000000000	X13: 000000004010	X14: 000000000000	X15: 000000000000
kern  :warn  : [  153.348532] 	X16: aaaaaabdfe40	X17: fffff772ce00	X18: 0000000372cf	X19: 0000fffffffe
kern  :warn  : [  153.348534] 	X20: 00000000002c	X21: fffff7208000	X22: 000000000580	X23: fffff720d000
kern  :warn  : [  153.348535] 	X24: ffffffffe9a0	X25: aaaaaab8f000	X26: 00000000002c	X27: aaaaaab8f000
kern  :warn  : [  153.348537] 	X28: aaaaaab8f000	X29: ffffffffe920	X30: aaaaaab1a570
kern  :info  : [  175.195346] rust_kjit: Hot SVC at 0xfffff7930b20 with PID 2540 on CPU 1
kern  :info  : [  175.195517] rust_kjit: BB at 0xfffff7930ac8
kern  :info  : [  175.195518] rust_kjit: BB: 60 06 00 f0 00 44 47 f9 e2 0f 40 f9 01 00 40 f9 42 00 01 eb 01 00 80 d2 81 04 00 54 
kern  :info  : [  175.195525] rust_kjit: BB at 0xfffff7930ae4
kern  :info  : [  175.195526] rust_kjit: BB: fd 7b 42 a9 e0 03 13 2a f3 53 43 a9 f5 23 40 f9 ff 43 01 91 c0 03 5f d6 
kern  :info  : [  175.195531] rust_kjit: BB at 0xfffff7930b20
kern  :info  : [  175.195531] rust_kjit: BB: 1f 04 40 b1 88 01 00 54 
kern  :info  : [  175.195533] rust_kjit: BB at 0xfffff7930b28
kern  :info  : [  175.195533] rust_kjit: BB: f3 03 00 2a 
kern  :info  : [  175.195534] rust_kjit: BB at 0xfffff7930b2c
kern  :info  : [  175.195535] rust_kjit: BB: e0 03 05 2a c8 83 fe 97 
kern  :info  : [  175.195536] rust_kjit: BB at 0xfffff7930b34
kern  :info  : [  175.195537] rust_kjit: BB: e5 ff ff 17 
kern  :info  : [  175.195538] rust_kjit: BB at 0xfffff7930b54
kern  :info  : [  175.195538] rust_kjit: BB: 61 06 00 f0 21 ec 46 f9 42 d0 3b d5 e0 03 00 4b 13 00 80 12 40 68 21 b8 f0 ff ff 17 
kern  :info  : [  175.195544] rust_kjit: BB at 0xfffff7930b70
kern  :info  : [  175.195544] rust_kjit: BB: 78 61 00 94 
kern  :info  : [  175.195545] rust_kjit: BB at 0xfffff7930b74
kern  :info  : [  175.195546] rust_kjit: BB: 1f 20 03 d5 1f 20 03 d5 1f 20 03 d5 fd 7b bf a9 e8 1b 80 d2 00 7c 40 93 fd 03 00 91 63 7c 40 93 01 00 00 d4 
kern  :info  : [  175.195553] rust_kjit: BB at 0xfffff7930b98
kern  :info  : [  175.195553] rust_kjit: BB: 1f 04 40 31 e0 97 80 5a fd 7b c1 a8 c0 03 5f d6 
kern  :info  : [  175.195738] rust_kjit: Final code: fd 7b b4 a9 fd 03 00 91 f2 2f 00 f9 f3 53 06 a9 f5 5b 07 a9 f7 63 08 a9 f9 6b 09 a9 fb 73 0a a9 f0 03 00 aa f1 03 01 aa f0 47 0b a9 00 06 40 a9 02 0e 41 a9 04 16 42 a9 06 1e 43 a9 08 26 44 a9 0a 2e 45 a9 0c 36 46 a9 0e 3e 47 a9 12 4e 49 a9 14 56 4a a9 16 5e 4b a9 18 66 4c a9 1a 6e 4d a9 1c 72 40 f9 1e 7a 40 f9 11 76 40 f9 f1 23 00 f9 11 7e 40 f9 f1 27 00 f9 10 46 48 a9 ec 37 01 a9 ee 3f 02 a9 f0 47 03 a9 f0 47 44 a9 3e 00 00 14 f0 47 04 a9 f0 47 4b a9 2a 2e 00 a9 ee 3f 41 a9 0e 3e 06 a9 ee 3f 42 a9 0e 3e 07 a9 ee 3f 43 a9 0e 3e 08 a9 ee 23 40 f9 0e 76 00 f9 ee 27 40 f9 0e 7e 00 f9 00 06 00 a9 02 0e 01 a9 04 16 02 a9 06 1e 03 a9 08 22 00 f9 12 4e 09 a9 14 56 0a a9 16 5e 0b a9 18 66 0c a9 1a 6e 0d a9 1c 72 00 f9 1e 7a 00 f9 e0 03 09 aa f2 2f 40 f9 f3 53 46 a9 
kern  :info  : [  175.195789] rust_kjit: Final code con't: f5 5b 47 a9 f7 63 48 a9 f9 6b 49 a9 fb 73 4a a9 fd 7b cc a8 c0 03 5f d6 00 00 e0 d2 e0 ff df f2 e0 f3 be f2 00 00 9e f2 00 44 47 f9 22 0e 40 f9 01 00 40 f9 42 00 01 eb 01 00 80 d2 09 42 3b d5 09 01 80 f2 49 00 c0 f2 0a 00 e0 d2 ea ff df f2 6a f2 be f2 0a 6e 81 f2 2b 00 00 10 cd ff ff 17 30 7a 42 a9 e0 03 13 2a 33 52 43 a9 35 22 40 f9 31 42 01 91 89 00 80 d2 ea 03 1e aa 2b 00 00 10 c4 ff ff 17 1f 04 40 b1 09 42 3b d5 09 01 80 f2 29 01 c0 f2 0a 00 e0 d2 ea ff df f2 6a f2 be f2 8a 6a 81 f2 2b 00 00 10 ba ff ff 17 f3 03 00 2a e0 03 05 2a 29 00 80 d2 0a 00 e0 d2 ea ff df f2 aa f1 be f2 0a 4a 83 f2 2b 00 00 10 b1 ff ff 17 09 42 3b d5 09 01 80 f2 09 00 c0 f2 0a 00 e0 d2 ea ff df f2 6a f2 be f2 0a 59 81 f2 2b 00 00 10 a8 ff ff 17 c9 ff ff 17 01 00 e0 d2 e1 ff df f2 
kern  :info  : [  175.195839] rust_kjit: Final code con't: e1 f3 be f2 01 00 9e f2 21 ec 46 f9 42 d0 3b d5 e0 03 00 4b 13 00 80 12 40 68 21 b8 09 42 3b d5 09 01 80 f2 09 00 c0 f2 0a 00 e0 d2 ea ff df f2 6a f2 be f2 8a 65 81 f2 2b 00 00 10 95 ff ff 17 dc ff ff 17 29 00 80 d2 0a 00 e0 d2 ea ff df f2 8a f2 be f2 0a 2a 92 f2 2b 00 00 10 8d ff ff 17 1f 20 03 d5 1f 20 03 d5 1f 20 03 d5 30 7a bf a9 e8 1b 80 d2 00 7c 40 93 f0 03 11 aa 63 7c 40 93 09 00 80 d2 ea 03 08 aa 2b 00 00 10 81 ff ff 17 1f 04 40 31 e0 97 80 5a 30 7a c1 a8 89 00 80 d2 ea 03 1e aa 2b 00 00 10 7a ff ff 17 
kern  :info  : [  175.196232] rust_kjit: ###### Lift session 3 ######
kern  :info  : [  175.196234] rust_kjit: Regs: 
kern  :warn  : [  175.196234] 	X0: 000000000001	X1: 000000000006	X2: ffffffffeb70	X3: 000000000000
kern  :warn  : [  175.196236] 	X4: 000000000000	X5: 000000000000	X6: 000000000001	X7: 000000000012
kern  :warn  : [  175.196238] 	X8: 000000000049	X9: 000000000028	X10: ffffebe15f48	X11: fffff7098e40
kern  :warn  : [  175.196239] 	X12: 000000000000	X13: 000000000000	X14: 000000000000	X15: 000000000000
kern  :warn  : [  175.196241] 	X16: 000000000001	X17: fffff7930a20	X18: 000000000000	X19: ffffebe15f20
kern  :warn  : [  175.196242] 	X20: 000000000006	X21: ffffffffeb70	X22: fffff7dbe060	X23: 00007fffffff
kern  :warn  : [  175.196244] 	X24: 000000000001	X25: 000000000001	X26: ffffffffebc4	X27: aaaaaabbfa6b
kern  :warn  : [  175.196245] 	X28: 000000000001	X29: ffffffffeb90	X30: fffff7930b00
kern  :info  : [  175.196246] rust_kjit: RDebug at 0x1a8, continue at 0x1ac
kern  :info  : [  175.196248] rust_kjit: Regs: 
kern  :warn  : [  175.196249] 	X0: 000000000001	X1: 000000000006	X2: ffffffffeb70	X3: 000000000000
kern  :warn  : [  175.196250] 	X4: 000000000000	X5: 000000000000	X6: 000000000001	X7: 000000000012
kern  :warn  : [  175.196252] 	X8: 000000000049	X9: 000000000028	X10: ffffebe15f48	X11: fffff7098e40
kern  :warn  : [  175.196253] 	X12: 000000000000	X13: 000000000000	X14: 000000000000	X15: 000000000000
kern  :warn  : [  175.196254] 	X16: 000000000001	X17: fffff7930a20	X18: 000000000000	X19: ffffebe15f20
kern  :warn  : [  175.196256] 	X20: 000000000006	X21: ffffffffeb70	X22: fffff7dbe060	X23: 00007fffffff
kern  :warn  : [  175.196257] 	X24: 000000000001	X25: 000000000001	X26: ffffffffebc4	X27: aaaaaabbfa6b
kern  :warn  : [  175.196259] 	X28: 000000000001	X29: ffffffffeb90	X30: fffff7930b00
kern  :info  : [  175.196259] rust_kjit: RBl at 0x1cc
kern  :info  : [  175.196415] rust_kjit: BB at 0xfffff78d1a50
kern  :info  : [  175.196417] rust_kjit: BB: 40 00 08 36 
kern  :info  : [  175.196420] rust_kjit: BB at 0xfffff78d1a54
kern  :info  : [  175.196420] rust_kjit: BB: c0 03 5f d6 
kern  :info  : [  175.196421] rust_kjit: BB at 0xfffff78d1a58
kern  :info  : [  175.196422] rust_kjit: BB: fd 7b bd a9 fd 03 00 91 f3 53 01 a9 54 d0 3b d5 94 e2 18 d1 f5 13 00 f9 93 02 40 b9 
kern  :info  : [  175.196428] rust_kjit: BB at 0xfffff78d1a74
kern  :info  : [  175.196429] rust_kjit: BB: 75 7a 1e 12 e2 03 14 aa e1 03 15 2a e0 03 13 2a cb fa 02 94 
kern  :info  : [  175.196433] rust_kjit: BB at 0xfffff78d1a88
kern  :info  : [  175.196434] rust_kjit: BB: 1f 00 13 6b 81 03 00 54 
kern  :info  : [  175.196436] rust_kjit: BB at 0xfffff78d1a90
kern  :info  : [  175.196436] rust_kjit: BB: 73 06 1e 12 7f 12 00 71 40 01 00 54 
kern  :info  : [  175.196439] rust_kjit: BB at 0xfffff78d1a9c
kern  :info  : [  175.196439] rust_kjit: BB: f3 53 41 a9 f5 13 40 f9 fd 7b c3 a8 c0 03 5f d6 
kern  :info  : [  175.196443] rust_kjit: BB at 0xfffff78d1aac
kern  :info  : [  175.196444] rust_kjit: BB: 95 02 40 b9 a0 06 1e 12 1f 10 00 71 21 ff ff 54 
kern  :info  : [  175.196447] rust_kjit: BB at 0xfffff78d1abc
kern  :info  : [  175.196448] rust_kjit: BB: 1f 20 03 d5 
kern  :info  : [  175.196449] rust_kjit: BB at 0xfffff78d1ac0
kern  :info  : [  175.196450] rust_kjit: BB: e2 03 15 2a e0 03 14 aa 01 10 80 d2 03 00 80 d2 48 0c 80 d2 01 00 00 d4 
kern  :info  : [  175.196455] rust_kjit: BB at 0xfffff78d1ad8
kern  :info  : [  175.196455] rust_kjit: BB: 1f 04 40 b1 89 fe ff 54 
kern  :info  : [  175.196457] rust_kjit: BB at 0xfffff78d1ae0
kern  :info  : [  175.196458] rust_kjit: BB: 1f 2c 00 31 40 fe ff 54 
kern  :info  : [  175.196460] rust_kjit: BB at 0xfffff78d1ae8
kern  :info  : [  175.196460] rust_kjit: BB: 1f 10 00 31 00 fe ff 54 
kern  :info  : [  175.196462] rust_kjit: BB at 0xfffff78d1af0
kern  :info  : [  175.196463] rust_kjit: BB: e0 06 00 b0 00 20 36 91 46 e4 ff 97 
kern  :info  : [  175.196466] rust_kjit: BB at 0xfffff78d1afc
kern  :info  : [  175.196467] rust_kjit: BB: f3 03 00 2a dd ff ff 17 
kern  :info  : [  175.196752] rust_kjit: Final code: 29 00 80 d2 1f 04 09 ea 09 42 3b d5 09 01 80 f2 29 00 c0 f2 0a 00 e0 d2 ea ff df f2 aa f1 be f2 0a 4b 83 f2 2b 00 00 10 6f ff ff 17 89 00 80 d2 ea 03 1e aa 2b 00 00 10 6b ff ff 17 30 7a bd a9 f0 03 11 aa 33 52 01 a9 54 d0 3b d5 94 e2 18 d1 35 12 00 f9 93 02 40 b9 75 7a 1e 12 e2 03 14 aa e1 03 15 2a e0 03 13 2a 29 00 80 d2 0a 00 e0 d2 ea ff df f2 2a f3 be f2 0a b6 80 f2 2b 00 00 10 59 ff ff 17 1f 00 13 6b 09 42 3b d5 09 01 80 f2 49 00 c0 f2 0a 00 e0 d2 ea ff df f2 aa f1 be f2 8a 5f 83 f2 2b 00 00 10 4f ff ff 17 73 06 1e 12 7f 12 00 71 09 42 3b d5 09 01 80 f2 29 00 c0 f2 0a 00 e0 d2 ea ff df f2 aa f1 be f2 0a 58 83 f2 2b 00 00 10 44 ff ff 17 33 52 41 a9 35 12 40 f9 30 7a c3 a8 89 00 80 d2 ea 03 1e aa 2b 00 00 10 3d ff ff 17 95 02 40 b9 a0 06 1e 12 1f 10 00 71 
kern  :info  : [  175.196812] rust_kjit: Final code con't: 09 42 3b d5 09 01 80 f2 49 00 c0 f2 0a 00 e0 d2 ea ff df f2 aa f1 be f2 8a 53 83 f2 2b 00 00 10 31 ff ff 17 ed ff ff 17 1f 20 03 d5 e2 03 15 2a e0 03 14 aa 01 10 80 d2 03 00 80 d2 48 0c 80 d2 09 00 80 d2 ea 03 08 aa 2b 00 00 10 26 ff ff 17 1f 04 40 b1 09 42 3b d5 09 01 80 f2 49 01 c0 f2 0a 00 e0 d2 ea ff df f2 aa f1 be f2 8a 55 83 f2 2b 00 00 10 1c ff ff 17 df ff ff 17 1f 2c 00 31 09 42 3b d5 09 01 80 f2 29 00 c0 f2 0a 00 e0 d2 ea ff df f2 aa f1 be f2 8a 55 83 f2 2b 00 00 10 11 ff ff 17 d4 ff ff 17 1f 10 00 31 09 42 3b d5 09 01 80 f2 29 00 c0 f2 0a 00 e0 d2 ea ff df f2 aa f1 be f2 8a 55 83 f2 2b 00 00 10 06 ff ff 17 c9 ff ff 17 00 00 e0 d2 e0 ff df f2 40 f3 be f2 00 00 9c f2 00 20 36 91 29 00 80 d2 0a 00 e0 d2 ea ff df f2 8a f1 be f2 0a 82 95 f2 2b 00 00 10 
kern  :info  : [  175.196867] rust_kjit: Final code con't: f9 fe ff 17 f3 03 00 2a 09 42 3b d5 09 01 80 f2 09 00 c0 f2 0a 00 e0 d2 ea ff df f2 aa f1 be f2 8a 4e 83 f2 2b 00 00 10 ef fe ff 17 8b ff ff 17 
kern  :info  : [  175.196933] rust_kjit: BL to unknown target 0xfffff78d1a50 at 0x2ac
kern  :info  : [  175.196934] rust_kjit: Regs: 
kern  :warn  : [  175.196935] 	X0: 000000000000	X1: 000000000006	X2: ffffffffeb70	X3: 000000000000
kern  :warn  : [  175.196937] 	X4: 000000000000	X5: 000000000000	X6: 000000000001	X7: 000000000012
kern  :warn  : [  175.196939] 	X8: 000000000049	X9: 000000000028	X10: ffffebe15f48	X11: fffff7098e40
kern  :warn  : [  175.196940] 	X12: 000000000000	X13: 000000000000	X14: 000000000000	X15: 000000000000
kern  :warn  : [  175.196942] 	X16: 000000000001	X17: fffff7930a20	X18: 000000000000	X19: 000000000001
kern  :warn  : [  175.196944] 	X20: 000000000006	X21: ffffffffeb70	X22: fffff7dbe060	X23: 00007fffffff
kern  :warn  : [  175.196945] 	X24: 000000000001	X25: 000000000001	X26: ffffffffebc4	X27: aaaaaabbfa6b
kern  :warn  : [  175.196946] 	X28: 000000000001	X29: ffffffffeb90	X30: fffff7930b34
kern  :info  : [  175.196948] rust_kjit: RDebug at 0x2d4 to 0xfffff78d1a58 at 0x2e8
kern  :info  : [  175.196949] rust_kjit: Regs: 
kern  :warn  : [  175.196949] 	X0: 000000000000	X1: 000000000006	X2: ffffffffeb70	X3: 000000000000
kern  :warn  : [  175.196951] 	X4: 000000000000	X5: 000000000000	X6: 000000000001	X7: 000000000012
kern  :warn  : [  175.196953] 	X8: 000000000049	X9: 000000000028	X10: ffffebe15f48	X11: fffff7098e40
kern  :warn  : [  175.196954] 	X12: 000000000000	X13: 000000000000	X14: 000000000000	X15: 000000000000
kern  :warn  : [  175.196956] 	X16: 000000000001	X17: fffff7930a20	X18: 000000000000	X19: 000000000001
kern  :warn  : [  175.196958] 	X20: 000000000006	X21: ffffffffeb70	X22: fffff7dbe060	X23: 00007fffffff
kern  :warn  : [  175.196959] 	X24: 000000000001	X25: 000000000001	X26: ffffffffebc4	X27: aaaaaabbfa6b
kern  :warn  : [  175.196960] 	X28: 000000000001	X29: ffffffffeb90	X30: fffff7930b34
kern  :info  : [  175.196962] rust_kjit: RBl at 0x32c
kern  :info  : [  175.197000] rust_kjit: BB at 0xfffff79905b0
kern  :info  : [  175.197001] rust_kjit: BB: 5f 24 03 d5 f0 03 00 b0 10 3e 7e 39 70 00 00 34 
kern  :info  : [  175.197005] rust_kjit: BB at 0xfffff79905c0
kern  :info  : [  175.197006] rust_kjit: BB: 41 7c e0 88 c0 03 5f d6 
kern  :info  : [  175.197008] rust_kjit: BB at 0xfffff79905c8
kern  :info  : [  175.197008] rust_kjit: BB: f0 03 00 2a 
kern  :info  : [  175.197009] rust_kjit: BB at 0xfffff79905cc
kern  :info  : [  175.197010] rust_kjit: BB: 40 fc 5f 88 1f 00 10 6b 61 00 00 54 
kern  :info  : [  175.197012] rust_kjit: BB at 0xfffff79905d8
kern  :info  : [  175.197013] rust_kjit: BB: 41 7c 11 88 91 ff ff 35 
kern  :info  : [  175.197015] rust_kjit: BB at 0xfffff79905e0
kern  :info  : [  175.197015] rust_kjit: BB: c0 03 5f d6 
kern  :info  : [  175.197017] rust_kjit: ARM64_INS_BTI -> NOP
kern  :info  : [  175.197152] rust_kjit: Final code: 1f 20 03 d5 0f 00 80 d2 ef ff df f2 0f f4 be f2 0f 00 9a f2 ef 3d 7e 39 ff 01 00 71 09 42 3b d5 09 01 80 f2 29 00 c0 f2 0a 00 e0 d2 ea ff df f2 2a f3 be f2 0a b9 80 f2 ef 1b 00 f9 2b 00 00 10 dd fe ff 17 41 7c e0 88 89 00 80 d2 ea 03 1e aa 2b 00 00 10 d8 fe ff 17 ef 1b 00 f9 ef 03 00 2a 40 fc 5f 88 ef 1b 40 f9 1f 00 0f 6b 09 42 3b d5 09 01 80 f2 49 00 c0 f2 0a 00 e0 d2 ea ff df f2 2a f3 be f2 0a bc 80 f2 ef 1b 00 f9 2b 00 00 10 c9 fe ff 17 ef 1f 40 f9 41 7c 0f 88 ff 01 00 71 09 42 3b d5 09 01 80 f2 49 00 c0 f2 0a 00 e0 d2 ea ff df f2 2a f3 be f2 8a b9 80 f2 ef 1f 00 f9 2b 00 00 10 bc fe ff 17 e6 ff ff 17 89 00 80 d2 ea 03 1e aa 2b 00 00 10 b7 fe ff 17 
kern  :info  : [  175.197220] rust_kjit: BL to unknown target 0xfffff79905b0 at 0x4dc
kern  :info  : [  175.197221] rust_kjit: Regs: 
kern  :warn  : [  175.197221] 	X0: 000000000002	X1: 000000000000	X2: fffff7fb4128	X3: 000000000000
kern  :warn  : [  175.197223] 	X4: 000000000000	X5: 000000000000	X6: 000000000001	X7: 000000000012
kern  :warn  : [  175.197225] 	X8: 000000000049	X9: 000000000028	X10: ffffebe15f48	X11: fffff7098e40
kern  :warn  : [  175.197227] 	X12: 000000000000	X13: 000000000000	X14: 000000000000	X15: 000000000000
kern  :warn  : [  175.197228] 	X16: 000000000001	X17: fffff7930a20	X18: 000000000000	X19: 000000000002
kern  :warn  : [  175.197230] 	X20: fffff7fb4128	X21: 000000000000	X22: fffff7dbe060	X23: 00007fffffff
kern  :warn  : [  175.197231] 	X24: 000000000001	X25: 000000000001	X26: ffffffffebc4	X27: aaaaaabbfa6b
kern  :warn  : [  175.197233] 	X28: 000000000001	X29: ffffffffeb40	X30: fffff78d1a88
kern  :info  : [  175.197234] rust_kjit: RDebug at 0x51c, continue at 0x520
kern  :info  : [  175.197235] rust_kjit: Regs: 
kern  :warn  : [  175.197236] 	X0: 000000000002	X1: 000000000000	X2: fffff7fb4128	X3: 000000000000
kern  :warn  : [  175.197237] 	X4: 000000000000	X5: 000000000000	X6: 000000000001	X7: 000000000012
kern  :warn  : [  175.197239] 	X8: 000000000049	X9: 000000000028	X10: ffffebe15f48	X11: fffff7098e40
kern  :warn  : [  175.197240] 	X12: 000000000000	X13: 000000000000	X14: 000000000000	X15: 000000000000
kern  :warn  : [  175.197242] 	X16: 000000000001	X17: fffff7930a20	X18: 000000000000	X19: 000000000002
kern  :warn  : [  175.197244] 	X20: fffff7fb4128	X21: 000000000000	X22: fffff7dbe060	X23: 00007fffffff
kern  :warn  : [  175.197245] 	X24: 000000000001	X25: 000000000001	X26: ffffffffebc4	X27: aaaaaabbfa6b
kern  :warn  : [  175.197247] 	X28: 000000000001	X29: ffffffffeb40	X30: fffff78d1a88
kern  :info  : [  175.197248] rust_kjit: RRet at 0x530 to known target 0xfffff78d1a88
kern  :info  : [  175.197249] rust_kjit: Regs: 
kern  :warn  : [  175.197249] 	X0: 000000000002	X1: 000000000000	X2: fffff7fb4128	X3: 000000000000
kern  :warn  : [  175.197251] 	X4: 000000000000	X5: 000000000000	X6: 000000000001	X7: 000000000012
kern  :warn  : [  175.197252] 	X8: 000000000049	X9: 000000000028	X10: ffffebe15f48	X11: fffff7098e40
kern  :warn  : [  175.197254] 	X12: 000000000000	X13: 000000000000	X14: 000000000000	X15: 000000000000
kern  :warn  : [  175.197256] 	X16: 000000000001	X17: fffff7930a20	X18: 000000000000	X19: 000000000002
kern  :warn  : [  175.197257] 	X20: fffff7fb4128	X21: 000000000000	X22: fffff7dbe060	X23: 00007fffffff
kern  :warn  : [  175.197258] 	X24: 000000000001	X25: 000000000001	X26: ffffffffebc4	X27: aaaaaabbfa6b
kern  :warn  : [  175.197260] 	X28: 000000000001	X29: ffffffffeb40	X30: fffff78d1a88
kern  :info  : [  175.197261] rust_kjit: RDebug at 0x354, continue at 0x358
kern  :info  : [  175.197262] rust_kjit: Regs: 
kern  :warn  : [  175.197262] 	X0: 000000000002	X1: 000000000000	X2: fffff7fb4128	X3: 000000000000
kern  :warn  : [  175.197264] 	X4: 000000000000	X5: 000000000000	X6: 000000000001	X7: 000000000012
kern  :warn  : [  175.197265] 	X8: 000000000049	X9: 000000000028	X10: ffffebe15f48	X11: fffff7098e40
kern  :warn  : [  175.197267] 	X12: 000000000000	X13: 000000000000	X14: 000000000000	X15: 000000000000
kern  :warn  : [  175.197268] 	X16: 000000000001	X17: fffff7930a20	X18: 000000000000	X19: 000000000002
kern  :warn  : [  175.197270] 	X20: fffff7fb4128	X21: 000000000000	X22: fffff7dbe060	X23: 00007fffffff
kern  :warn  : [  175.197271] 	X24: 000000000001	X25: 000000000001	X26: ffffffffebc4	X27: aaaaaabbfa6b
kern  :warn  : [  175.197272] 	X28: 000000000001	X29: ffffffffeb40	X30: fffff78d1a88
kern  :info  : [  175.197273] rust_kjit: RDebug at 0x380, continue at 0x384
kern  :info  : [  175.197275] rust_kjit: Regs: 
kern  :warn  : [  175.197276] 	X0: 000000000002	X1: 000000000000	X2: fffff7fb4128	X3: 000000000000
kern  :warn  : [  175.197277] 	X4: 000000000000	X5: 000000000000	X6: 000000000001	X7: 000000000012
kern  :warn  : [  175.197279] 	X8: 000000000049	X9: 000000000028	X10: ffffebe15f48	X11: fffff7098e40
kern  :warn  : [  175.197280] 	X12: 000000000000	X13: 000000000000	X14: 000000000000	X15: 000000000000
kern  :warn  : [  175.197282] 	X16: 000000000001	X17: fffff7930a20	X18: 000000000000	X19: 000000000000
kern  :warn  : [  175.197283] 	X20: fffff7fb4128	X21: 000000000000	X22: fffff7dbe060	X23: 00007fffffff
kern  :warn  : [  175.197285] 	X24: 000000000001	X25: 000000000001	X26: ffffffffebc4	X27: aaaaaabbfa6b
kern  :warn  : [  175.197286] 	X28: 000000000001	X29: ffffffffeb40	X30: fffff78d1a88
kern  :info  : [  175.197287] rust_kjit: RRet at 0x39c to known target 0xfffff7930b34
kern  :info  : [  175.197288] rust_kjit: Regs: 
kern  :warn  : [  175.197289] 	X0: 000000000002	X1: 000000000000	X2: fffff7fb4128	X3: 000000000000
kern  :warn  : [  175.197290] 	X4: 000000000000	X5: 000000000000	X6: 000000000001	X7: 000000000012
kern  :warn  : [  175.197292] 	X8: 000000000049	X9: 000000000028	X10: ffffebe15f48	X11: fffff7098e40
kern  :warn  : [  175.197293] 	X12: 000000000000	X13: 000000000000	X14: 000000000000	X15: 000000000000
kern  :warn  : [  175.197295] 	X16: 000000000001	X17: fffff7930a20	X18: 000000000000	X19: 000000000001
kern  :warn  : [  175.197296] 	X20: 000000000006	X21: ffffffffeb70	X22: fffff7dbe060	X23: 00007fffffff
kern  :warn  : [  175.197298] 	X24: 000000000001	X25: 000000000001	X26: ffffffffebc4	X27: aaaaaabbfa6b
kern  :warn  : [  175.197299] 	X28: 000000000001	X29: ffffffffeb90	X30: fffff7930b34
kern  :info  : [  175.197300] rust_kjit: RDebug at 0x1f0 to 0xfffff7930ac8 at 0x118
kern  :info  : [  175.197301] rust_kjit: Regs: 
kern  :warn  : [  175.197301] 	X0: 000000000002	X1: 000000000000	X2: fffff7fb4128	X3: 000000000000
kern  :warn  : [  175.197303] 	X4: 000000000000	X5: 000000000000	X6: 000000000001	X7: 000000000012
kern  :warn  : [  175.197305] 	X8: 000000000049	X9: 000000000028	X10: ffffebe15f48	X11: fffff7098e40
kern  :warn  : [  175.197306] 	X12: 000000000000	X13: 000000000000	X14: 000000000000	X15: 000000000000
kern  :warn  : [  175.197308] 	X16: 000000000001	X17: fffff7930a20	X18: 000000000000	X19: 000000000001
kern  :warn  : [  175.197309] 	X20: 000000000006	X21: ffffffffeb70	X22: fffff7dbe060	X23: 00007fffffff
kern  :warn  : [  175.197311] 	X24: 000000000001	X25: 000000000001	X26: ffffffffebc4	X27: aaaaaabbfa6b
kern  :warn  : [  175.197343] 	X28: 000000000001	X29: ffffffffeb90	X30: fffff7930b34
kern  :info  : [  175.197344] rust_kjit: RDebug at 0x15c, continue at 0x160
kern  :info  : [  175.197346] rust_kjit: Regs: 
kern  :warn  : [  175.197346] 	X0: fffff7ffdb50	X1: 000000000000	X2: 000000000000	X3: 000000000000
kern  :warn  : [  175.197348] 	X4: 000000000000	X5: 000000000000	X6: 000000000001	X7: 000000000012
kern  :warn  : [  175.197350] 	X8: 000000000049	X9: 000000000028	X10: ffffebe15f48	X11: fffff7098e40
kern  :warn  : [  175.197352] 	X12: 000000000000	X13: 000000000000	X14: 000000000000	X15: 000000000000
kern  :warn  : [  175.197354] 	X16: 000000000001	X17: fffff7930a20	X18: 000000000000	X19: 000000000001
kern  :warn  : [  175.197356] 	X20: 000000000006	X21: ffffffffeb70	X22: fffff7dbe060	X23: 00007fffffff
kern  :warn  : [  175.197357] 	X24: 000000000001	X25: 000000000001	X26: ffffffffebc4	X27: aaaaaabbfa6b
kern  :warn  : [  175.197358] 	X28: 000000000001	X29: ffffffffeb90	X30: fffff7930b34
kern  :info  : [  175.197359] rust_kjit: RRet at 0x180
kern  :info  : [  175.197631] rust_kjit: BB at 0xfffff7e127b4
kern  :info  : [  175.197632] rust_kjit: BB: 60 05 00 b0 00 94 47 f9 e2 07 40 f9 01 00 40 f9 42 00 01 eb 01 00 80 d2 81 0e 00 54 
kern  :info  : [  175.197639] rust_kjit: BB at 0xfffff7e127d0
kern  :info  : [  175.197640] rust_kjit: BB: fd 7b 41 a9 e0 03 13 2a f3 53 42 a9 f5 5b 43 a9 f7 63 44 a9 f9 6b 45 a9 ff 83 01 91 bf 23 03 d5 c0 03 5f d6 
kern  :info  : [  175.197647] rust_kjit: BB at 0xfffff7e12810
kern  :info  : [  175.197648] rust_kjit: BB: a0 6a 40 b9 bf ba 00 b9 b6 8a 40 b9 60 0a 00 35 
kern  :info  : [  175.197652] rust_kjit: BB at 0xfffff7e12820
kern  :info  : [  175.197652] rust_kjit: BB: e1 03 00 91 e0 03 15 aa 6e 74 fe 97 
kern  :info  : [  175.197655] rust_kjit: BB at 0xfffff7e1282c
kern  :info  : [  175.197655] rust_kjit: BB: fa 13 00 91 0a 00 00 14 
kern  :info  : [  175.197657] rust_kjit: BB at 0xfffff7e12834
kern  :info  : [  175.197658] rust_kjit: BB: e0 03 14 aa 4e 7d fe 97 
kern  :info  : [  175.197660] rust_kjit: BB at 0xfffff7e1283c
kern  :info  : [  175.197660] rust_kjit: BB: b3 8a 00 b9 60 7e 40 93 01 01 80 d2 f6 03 13 2a 61 8d fe 97 
kern  :info  : [  175.197665] rust_kjit: BB at 0xfffff7e12850
kern  :info  : [  175.197665] rust_kjit: BB: f4 03 00 aa a0 42 00 f9 
kern  :info  : [  175.197667] rust_kjit: BB at 0xfffff7e12858
kern  :info  : [  175.197667] rust_kjit: BB: f7 03 40 b9 e4 03 16 2a e3 03 14 aa e2 03 1a aa e0 03 15 aa e1 03 17 2a 30 4a fe 97 
kern  :info  : [  175.197673] rust_kjit: BB at 0xfffff7e12874
kern  :info  : [  175.197674] rust_kjit: BB: f3 03 00 2a 1f 00 16 6b cc fd ff 54 
kern  :info  : [  175.197677] rust_kjit: BB at 0xfffff7e12880
kern  :info  : [  175.197677] rust_kjit: BB: d8 01 00 34 
kern  :info  : [  175.197678] rust_kjit: BB at 0xfffff7e12884
kern  :info  : [  175.197679] rust_kjit: BB: f8 07 40 b9 00 00 18 2a a0 01 00 35 
kern  :info  : [  175.197682] rust_kjit: BB at 0xfffff7e12890
kern  :info  : [  175.197682] rust_kjit: BB: e3 03 13 2a e2 03 14 aa e1 03 17 2a e0 03 15 aa a8 76 fe 97 
kern  :info  : [  175.197687] rust_kjit: BB at 0xfffff7e128a4
kern  :info  : [  175.197687] rust_kjit: BB: f3 03 00 2a f9 06 00 35 
kern  :info  : [  175.197689] rust_kjit: BB at 0xfffff7e128ac
kern  :info  : [  175.197689] rust_kjit: BB: e0 03 15 aa 44 75 fe 97 
kern  :info  : [  175.197691] rust_kjit: BB at 0xfffff7e128b4
kern  :info  : [  175.197692] rust_kjit: BB: c0 ff ff 17 
kern  :info  : [  175.197693] rust_kjit: BB at 0xfffff7e128b8
kern  :info  : [  175.197693] rust_kjit: BB: ff 07 00 b9 a0 fe ff 34 
kern  :info  : [  175.197695] rust_kjit: BB at 0xfffff7e128c0
kern  :info  : [  175.197696] rust_kjit: BB: b6 56 40 f9 e0 03 15 aa fe e5 ff 97 
kern  :info  : [  175.197698] rust_kjit: BB at 0xfffff7e128cc
kern  :info  : [  175.197699] rust_kjit: BB: e2 03 18 2a e1 03 13 2a e0 03 14 aa c0 02 3f d6 
kern  :info  : [  175.197702] rust_kjit: BB at 0xfffff7e128dc
kern  :info  : [  175.197703] rust_kjit: BB: f6 03 00 2a e0 03 15 aa e4 e5 ff 97 
kern  :info  : [  175.197706] rust_kjit: BB at 0xfffff7e128e8
kern  :info  : [  175.197706] rust_kjit: BB: d2 6f fd 97 
kern  :info  : [  175.197707] rust_kjit: BB at 0xfffff7e128ec
kern  :info  : [  175.197708] rust_kjit: BB: 00 00 40 b9 df 02 00 71 04 b8 44 7a c0 fc ff 54 
kern  :info  : [  175.197711] rust_kjit: BB at 0xfffff7e128fc
kern  :info  : [  175.197712] rust_kjit: BB: 15 08 ff 97 
kern  :info  : [  175.197713] rust_kjit: BB at 0xfffff7e12900
kern  :info  : [  175.197713] rust_kjit: BB: e3 03 00 aa 82 00 00 b0 00 00 00 d0 42 80 27 91 00 00 16 91 01 02 80 52 a6 89 fe 97 
kern  :info  : [  175.197720] rust_kjit: BB at 0xfffff7e1291c
kern  :info  : [  175.197720] rust_kjit: BB: dd ff ff 17 
kern  :info  : [  175.197721] rust_kjit: BB at 0xfffff7e1292c
kern  :info  : [  175.197721] rust_kjit: BB: b4 42 40 f9 21 04 00 11 a1 22 00 b9 d4 f6 ff b5 
kern  :info  : [  175.197725] rust_kjit: BB at 0xfffff7e1293c
kern  :info  : [  175.197725] rust_kjit: BB: a0 7a 40 b9 01 01 80 d2 a0 8a 00 b9 e0 03 00 2a 21 8d fe 97 
kern  :info  : [  175.197730] rust_kjit: BB at 0xfffff7e12950
kern  :info  : [  175.197730] rust_kjit: BB: f4 03 00 aa a0 42 00 f9 a0 6a 40 b9 bf ba 00 b9 b6 8a 40 b9 e0 f5 ff 34 
kern  :info  : [  175.197735] rust_kjit: BB at 0xfffff7e12968
kern  :info  : [  175.197736] rust_kjit: BB: 22 00 00 f0 00 00 00 d0 42 a0 06 91 00 00 16 91 01 02 80 52 8d 89 fe 97 
kern  :info  : [  175.197741] rust_kjit: BB at 0xfffff7e12980
kern  :info  : [  175.197742] rust_kjit: BB: ab ff ff 17 
kern  :info  : [  175.197743] rust_kjit: BB at 0xfffff7e12984
kern  :info  : [  175.197743] rust_kjit: BB: a0 22 40 f9 00 08 40 b9 00 f9 ff 34 
kern  :info  : [  175.197746] rust_kjit: BB at 0xfffff7e12990
kern  :info  : [  175.197747] rust_kjit: BB: e0 03 15 aa 37 73 fe 97 
kern  :info  : [  175.197748] rust_kjit: BB at 0xfffff7e12998
kern  :info  : [  175.197749] rust_kjit: BB: c5 ff ff 17 
kern  :info  : [  175.197750] rust_kjit: BB at 0xfffff7e1299c
kern  :info  : [  175.197750] rust_kjit: BB: f9 6f fd 97 
kern  :info  : [  175.197751] rust_kjit: BB at 0xfffff7e129a0
kern  :info  : [  175.197752] rust_kjit: BB: a1 22 40 b9 e2 ff ff 17 
kern  :info  : [  175.197779] rust_kjit: ARM64_INS_AUTIASP -> NOP
kern  :info  : [  175.198406] rust_kjit: Final code: 00 00 e0 d2 e0 ff df f2 60 fd be f2 00 00 9e f2 00 94 47 f9 22 06 40 f9 01 00 40 f9 42 00 01 eb 01 00 80 d2 09 42 3b d5 09 01 80 f2 49 00 c0 f2 0a 00 e0 d2 ea ff df f2 2a fc be f2 8a 33 85 f2 2b 00 00 10 a5 fe ff 17 30 7a 41 a9 e0 03 13 2a 33 52 42 a9 35 5a 43 a9 37 62 44 a9 39 6a 45 a9 31 82 01 91 1f 20 03 d5 89 00 80 d2 ea 03 1e aa 2b 00 00 10 99 fe ff 17 a0 6a 40 b9 bf ba 00 b9 b6 8a 40 b9 1f 00 00 71 09 42 3b d5 09 01 80 f2 49 00 c0 f2 0a 00 e0 d2 ea ff df f2 2a fc be f2 0a 2d 85 f2 2b 00 00 10 8c fe ff 17 e1 03 11 aa e0 03 15 aa 29 00 80 d2 0a 00 e0 d2 ea ff df f2 4a fb be f2 0a 3c 9f f2 2b 00 00 10 83 fe ff 17 3a 12 00 91 09 42 3b d5 09 01 80 f2 09 00 c0 f2 0a 00 e0 d2 ea ff df f2 2a fc be f2 0a 0b 85 f2 2b 00 00 10 79 fe ff 17 e0 03 14 aa 29 00 80 d2 
kern  :info  : [  175.198461] rust_kjit: Final code con't: 0a 00 e0 d2 ea ff df f2 6a fb be f2 0a ae 83 f2 2b 00 00 10 71 fe ff 17 b3 8a 00 b9 60 7e 40 93 01 01 80 d2 f6 03 13 2a 29 00 80 d2 0a 00 e0 d2 ea ff df f2 6a fb be f2 0a ba 8b f2 2b 00 00 10 66 fe ff 17 f4 03 00 aa a0 42 00 f9 37 02 40 b9 e4 03 16 2a e3 03 14 aa e2 03 1a aa e0 03 15 aa e1 03 17 2a 29 00 80 d2 0a 00 e0 d2 ea ff df f2 4a fb be f2 0a 26 8a f2 2b 00 00 10 57 fe ff 17 f3 03 00 2a 1f 00 16 6b 09 42 3b d5 09 01 80 f2 a9 01 c0 f2 0a 00 e0 d2 ea ff df f2 2a fc be f2 8a 06 85 f2 2b 00 00 10 4c fe ff 17 d3 ff ff 17 1f 03 00 71 09 42 3b d5 09 01 80 f2 29 00 c0 f2 0a 00 e0 d2 ea ff df f2 2a fc be f2 0a 17 85 f2 2b 00 00 10 41 fe ff 17 38 06 40 b9 00 00 18 2a 1f 00 00 71 09 42 3b d5 09 01 80 f2 49 00 c0 f2 0a 00 e0 d2 ea ff df f2 2a fc be f2 0a 18 85 f2 
kern  :info  : [  175.198529] rust_kjit: Final code con't: 2b 00 00 10 35 fe ff 17 e3 03 13 2a e2 03 14 aa e1 03 17 2a e0 03 15 aa 29 00 80 d2 0a 00 e0 d2 ea ff df f2 6a fb be f2 0a 68 80 f2 2b 00 00 10 2a fe ff 17 f3 03 00 2a 3f 03 00 71 09 42 3b d5 09 01 80 f2 49 00 c0 f2 0a 00 e0 d2 ea ff df f2 2a fc be f2 8a 30 85 f2 2b 00 00 10 1f fe ff 17 e0 03 15 aa 29 00 80 d2 0a 00 e0 d2 ea ff df f2 4a fb be f2 0a b8 9f f2 2b 00 00 10 17 fe ff 17 09 42 3b d5 09 01 80 f2 09 00 c0 f2 0a 00 e0 d2 ea ff df f2 2a fc be f2 8a f6 84 f2 2b 00 00 10 0e fe ff 17 57 ff ff 17 3f 06 00 b9 1f 00 00 71 09 42 3b d5 09 01 80 f2 29 00 c0 f2 0a 00 e0 d2 ea ff df f2 2a fc be f2 0a 12 85 f2 2b 00 00 10 02 fe ff 17 cd ff ff 17 b6 56 40 f9 e0 03 15 aa 29 00 80 d2 0a 00 e0 d2 ea ff df f2 0a fc be f2 0a 18 98 f2 2b 00 00 10 f8 fd ff 17 e2 03 18 2a 
kern  :info  : [  175.198581] rust_kjit: Final code con't: e1 03 13 2a e0 03 14 aa 49 00 80 d2 ea 03 16 aa 2b 00 00 10 f1 fd ff 17 f6 03 00 2a e0 03 15 aa 29 00 80 d2 0a 00 e0 d2 ea ff df f2 0a fc be f2 8a 0e 98 f2 2b 00 00 10 e8 fd ff 17 29 00 80 d2 0a 00 e0 d2 ea ff df f2 ca fa be f2 0a 06 9d f2 2b 00 00 10 e1 fd ff 17 00 00 40 b9 df 02 00 71 04 b8 44 7a 09 42 3b d5 09 01 80 f2 29 00 c0 f2 0a 00 e0 d2 ea ff df f2 2a fc be f2 0a 12 85 f2 2b 00 00 10 d5 fd ff 17 a0 ff ff 17 29 00 80 d2 0a 00 e0 d2 ea ff df f2 aa fb be f2 0a 2a 89 f2 2b 00 00 10 cd fd ff 17 e3 03 00 aa 02 00 e0 d2 e2 ff df f2 42 fc be f2 02 00 86 f2 00 00 e0 d2 e0 ff df f2 20 fc be f2 00 00 88 f2 42 80 27 91 00 00 16 91 01 02 80 52 29 00 80 d2 0a 00 e0 d2 ea ff df f2 6a fb be f2 0a f6 89 f2 2b 00 00 10 ba fd ff 17 09 42 3b d5 09 01 80 f2 09 00 c0 f2 
kern  :info  : [  175.198632] rust_kjit: Final code con't: 0a 00 e0 d2 ea ff df f2 2a fc be f2 0a 12 85 f2 2b 00 00 10 b1 fd ff 17 7c ff ff 17 b4 42 40 f9 21 04 00 11 a1 22 00 b9 9f 02 00 f1 09 42 3b d5 09 01 80 f2 49 00 c0 f2 0a 00 e0 d2 ea ff df f2 2a fc be f2 0a 02 85 f2 2b 00 00 10 a3 fd ff 17 0a ff ff 17 a0 7a 40 b9 01 01 80 d2 a0 8a 00 b9 e0 03 00 2a 29 00 80 d2 0a 00 e0 d2 ea ff df f2 6a fb be f2 0a ba 8b f2 2b 00 00 10 97 fd ff 17 f4 03 00 aa a0 42 00 f9 a0 6a 40 b9 bf ba 00 b9 b6 8a 40 b9 1f 00 00 71 09 42 3b d5 09 01 80 f2 29 00 c0 f2 0a 00 e0 d2 ea ff df f2 2a fc be f2 0a 04 85 f2 2b 00 00 10 88 fd ff 17 fc fe ff 17 02 00 e0 d2 e2 ff df f2 22 fc be f2 02 00 92 f2 00 00 e0 d2 e0 ff df f2 20 fc be f2 00 00 88 f2 42 a0 06 91 00 00 16 91 01 02 80 52 29 00 80 d2 0a 00 e0 d2 ea ff df f2 6a fb be f2 0a f6 89 f2 
kern  :info  : [  175.198682] rust_kjit: Final code con't: 2b 00 00 10 75 fd ff 17 09 42 3b d5 09 01 80 f2 09 00 c0 f2 0a 00 e0 d2 ea ff df f2 2a fc be f2 8a 05 85 f2 2b 00 00 10 6c fd ff 17 e9 fe ff 17 a0 22 40 f9 00 08 40 b9 1f 00 00 71 09 42 3b d5 09 01 80 f2 29 00 c0 f2 0a 00 e0 d2 ea ff df f2 2a fc be f2 8a 15 85 f2 2b 00 00 10 5f fd ff 17 40 ff ff 17 e0 03 15 aa 29 00 80 d2 0a 00 e0 d2 ea ff df f2 4a fb be f2 0a ce 9e f2 2b 00 00 10 56 fd ff 17 09 42 3b d5 09 01 80 f2 09 00 c0 f2 0a 00 e0 d2 ea ff df f2 2a fc be f2 8a 15 85 f2 2b 00 00 10 4d fd ff 17 2e ff ff 17 29 00 80 d2 0a 00 e0 d2 ea ff df f2 ca fa be f2 0a 30 9d f2 2b 00 00 10 45 fd ff 17 a1 22 40 b9 09 42 3b d5 09 01 80 f2 09 00 c0 f2 0a 00 e0 d2 ea ff df f2 2a fc be f2 8a 25 85 f2 2b 00 00 10 3b fd ff 17 8b ff ff 17 
kern  :info  : [  175.198924] rust_kjit: RET to 0xfffff7e128dc at 0x8d0
kern  :info  : [  175.198925] rust_kjit: Regs: 
kern  :warn  : [  175.198926] 	X0: 000000000001	X1: 000000000000	X2: 000000000000	X3: 000000000000
kern  :warn  : [  175.198928] 	X4: 000000000000	X5: 000000000000	X6: 000000000001	X7: 000000000012
kern  :warn  : [  175.198929] 	X8: 000000000049	X9: 000000000028	X10: ffffebe15f48	X11: fffff7098e40
kern  :warn  : [  175.198931] 	X12: 000000000000	X13: 000000000000	X14: 000000000000	X15: 000000000000
kern  :warn  : [  175.198932] 	X16: 000000000001	X17: fffff7930a20	X18: 000000000000	X19: 000000000006
kern  :warn  : [  175.198934] 	X20: ffffebe15f20	X21: fffff7098e40	X22: fffff7dbe060	X23: 00007fffffff
kern  :warn  : [  175.198935] 	X24: 000000000001	X25: 000000000001	X26: ffffffffebc4	X27: aaaaaabbfa6b
kern  :warn  : [  175.198937] 	X28: 000000000001	X29: ffffffffebd0	X30: fffff7e128dc
kern  :info  : [  175.198938] rust_kjit: RBl at 0x8f0
kern  :info  : [  175.199093] rust_kjit: BB at 0xfffff7e0bff0
kern  :info  : [  175.199094] rust_kjit: BB: 3f 23 03 d5 fd 7b bd a9 fd 03 00 91 f3 53 01 a9 f4 03 00 aa f5 13 00 f9 
kern  :info  : [  175.199100] rust_kjit: BB at 0xfffff7e0c008
kern  :info  : [  175.199100] rust_kjit: BB: e1 03 14 aa 40 00 80 52 a4 1d 00 94 
kern  :info  : [  175.199103] rust_kjit: BB at 0xfffff7e0c014
kern  :info  : [  175.199103] rust_kjit: BB: 60 02 00 34 
kern  :info  : [  175.199104] rust_kjit: BB at 0xfffff7e0c018
kern  :info  : [  175.199105] rust_kjit: BB: 06 8a fd 97 
kern  :info  : [  175.199106] rust_kjit: BB at 0xfffff7e0c01c
kern  :info  : [  175.199106] rust_kjit: BB: f3 03 00 aa e1 03 14 aa 04 00 80 d2 43 00 80 52 02 10 80 d2 75 02 40 b9 40 0c 80 d2 2a 8a fd 97 
kern  :info  : [  175.199112] rust_kjit: BB at 0xfffff7e0c03c
kern  :info  : [  175.199113] rust_kjit: BB: 60 fe ff 36 
kern  :info  : [  175.199114] rust_kjit: BB at 0xfffff7e0c040
kern  :info  : [  175.199114] rust_kjit: BB: 60 02 40 b9 1f 2c 00 71 01 fe ff 54 
kern  :info  : [  175.199117] rust_kjit: BB at 0xfffff7e0c04c
kern  :info  : [  175.199117] rust_kjit: BB: 75 02 00 b9 e1 03 14 aa 40 00 80 52 92 1d 00 94 
kern  :info  : [  175.199120] rust_kjit: BB at 0xfffff7e0c05c
kern  :info  : [  175.199121] rust_kjit: BB: e0 fd ff 35 
kern  :info  : [  175.199122] rust_kjit: BB at 0xfffff7e0c060
kern  :info  : [  175.199122] rust_kjit: BB: f3 53 41 a9 f5 13 40 f9 fd 7b c3 a8 bf 23 03 d5 c0 03 5f d6 
kern  :info  : [  175.199126] rust_kjit: BB at 0xfffff7e0c074
kern  :info  : [  175.199127] rust_kjit: BB: 3f 23 03 d5 fd 7b be a9 21 00 80 52 fd 03 00 91 f3 0b 00 f9 f3 03 00 aa e2 03 13 aa 00 00 80 52 63 1d 00 94 
kern  :info  : [  175.199134] rust_kjit: BB at 0xfffff7e0c098
kern  :info  : [  175.199134] rust_kjit: BB: a0 00 00 35 
kern  :info  : [  175.199146] rust_kjit: BB at 0xfffff7e0c09c
kern  :info  : [  175.199147] rust_kjit: BB: f3 0b 40 f9 fd 7b c2 a8 bf 23 03 d5 c0 03 5f d6 
kern  :info  : [  175.199150] rust_kjit: BB at 0xfffff7e0c0ac
kern  :info  : [  175.199150] rust_kjit: BB: e0 03 13 aa f3 0b 40 f9 fd 7b c2 a8 bf 23 03 d5 cd ff ff 17 
kern  :info  : [  175.199155] rust_kjit: ARM64_INS_PACIASP -> NOP
kern  :info  : [  175.199309] rust_kjit: ARM64_INS_AUTIASP -> NOP
kern  :info  : [  175.199361] rust_kjit: ARM64_INS_PACIASP -> NOP
kern  :info  : [  175.199409] rust_kjit: ARM64_INS_AUTIASP -> NOP
kern  :info  : [  175.199430] rust_kjit: ARM64_INS_AUTIASP -> NOP
kern  :info  : [  175.199473] rust_kjit: Final code: 1f 20 03 d5 30 7a bd a9 f0 03 11 aa 33 52 01 a9 f4 03 00 aa 35 12 00 f9 e1 03 14 aa 40 00 80 52 29 00 80 d2 0a 00 e0 d2 ea ff df f2 2a fc be f2 0a d4 86 f2 2b 00 00 10 2b fd ff 17 1f 00 00 71 09 42 3b d5 09 01 80 f2 29 00 c0 f2 0a 00 e0 d2 ea ff df f2 0a fc be f2 0a 0c 98 f2 2b 00 00 10 21 fd ff 17 29 00 80 d2 0a 00 e0 d2 ea ff df f2 ca fa be f2 0a 06 9d f2 2b 00 00 10 1a fd ff 17 f3 03 00 aa e1 03 14 aa 04 00 80 d2 43 00 80 52 02 10 80 d2 75 02 40 b9 40 0c 80 d2 29 00 80 d2 0a 00 e0 d2 ea ff df f2 ca fa be f2 0a 1c 9d f2 2b 00 00 10 0c fd ff 17 29 00 80 d2 1f 7c 09 ea 09 42 3b d5 09 01 80 f2 29 00 c0 f2 0a 00 e0 d2 ea ff df f2 0a fc be f2 0a 01 98 f2 2b 00 00 10 01 fd ff 17 cd ff ff 17 60 02 40 b9 1f 2c 00 71 09 42 3b d5 09 01 80 f2 49 00 c0 f2 0a 00 e0 d2 
kern  :info  : [  175.199529] rust_kjit: Final code con't: ea ff df f2 0a fc be f2 0a 01 98 f2 2b 00 00 10 f5 fc ff 17 c1 ff ff 17 75 02 00 b9 e1 03 14 aa 40 00 80 52 29 00 80 d2 0a 00 e0 d2 ea ff df f2 2a fc be f2 0a d4 86 f2 2b 00 00 10 ea fc ff 17 1f 00 00 71 09 42 3b d5 09 01 80 f2 49 00 c0 f2 0a 00 e0 d2 ea ff df f2 0a fc be f2 0a 03 98 f2 2b 00 00 10 e0 fc ff 17 bf ff ff 17 33 52 41 a9 35 12 40 f9 30 7a c3 a8 1f 20 03 d5 89 00 80 d2 ea 03 1e aa 2b 00 00 10 d7 fc ff 17 1f 20 03 d5 30 7a be a9 21 00 80 52 f0 03 11 aa 33 0a 00 f9 f3 03 00 aa e2 03 13 aa 00 00 80 52 29 00 80 d2 0a 00 e0 d2 ea ff df f2 2a fc be f2 0a c4 86 f2 2b 00 00 10 c8 fc ff 17 1f 00 00 71 09 42 3b d5 09 01 80 f2 49 00 c0 f2 0a 00 e0 d2 ea ff df f2 0a fc be f2 8a 15 98 f2 2b 00 00 10 be fc ff 17 33 0a 40 f9 30 7a c2 a8 1f 20 03 d5 89 00 80 d2 
kern  :info  : [  175.199582] rust_kjit: Final code con't: ea 03 1e aa 2b 00 00 10 b7 fc ff 17 e0 03 13 aa 33 0a 40 f9 30 7a c2 a8 1f 20 03 d5 09 42 3b d5 09 01 80 f2 09 00 c0 f2 0a 00 e0 d2 ea ff df f2 0a fc be f2 0a fe 97 f2 2b 00 00 10 aa fc ff 17 70 ff ff 17 
kern  :info  : [  175.199642] rust_kjit: BL to unknown target 0xfffff7e0c074 at 0xd38
kern  :info  : [  175.199643] rust_kjit: Regs: 
kern  :warn  : [  175.199643] 	X0: fffff7098e40	X1: 000000000000	X2: 000000000000	X3: 000000000000
kern  :warn  : [  175.199645] 	X4: 000000000000	X5: 000000000000	X6: 000000000001	X7: 000000000012
kern  :warn  : [  175.199647] 	X8: 000000000049	X9: 000000000028	X10: ffffebe15f48	X11: fffff7098e40
kern  :warn  : [  175.199648] 	X12: 000000000000	X13: 000000000000	X14: 000000000000	X15: 000000000000
kern  :warn  : [  175.199650] 	X16: 000000000001	X17: fffff7930a20	X18: 000000000000	X19: 000000000006
kern  :warn  : [  175.199651] 	X20: ffffebe15f20	X21: fffff7098e40	X22: 000000000001	X23: 00007fffffff
kern  :warn  : [  175.199653] 	X24: 000000000001	X25: 000000000001	X26: ffffffffebc4	X27: aaaaaabbfa6b
kern  :warn  : [  175.199654] 	X28: 000000000001	X29: ffffffffebd0	X30: fffff7e128e8
kern  :info  : [  175.199655] rust_kjit: RBl at 0xd70
kern  :info  : [  175.199687] rust_kjit: BB at 0xfffff7e13620
kern  :info  : [  175.199688] rust_kjit: BB: 5f 24 03 d5 70 05 00 d0 10 b2 45 39 70 00 00 34 
kern  :info  : [  175.199692] rust_kjit: BB at 0xfffff7e13630
kern  :info  : [  175.199692] rust_kjit: BB: 41 fc e0 88 c0 03 5f d6 
kern  :info  : [  175.199694] rust_kjit: BB at 0xfffff7e13638
kern  :info  : [  175.199695] rust_kjit: BB: f0 03 00 2a 
kern  :info  : [  175.199696] rust_kjit: BB at 0xfffff7e1363c
kern  :info  : [  175.199696] rust_kjit: BB: 40 fc 5f 88 1f 00 10 6b 61 00 00 54 
kern  :info  : [  175.199699] rust_kjit: BB at 0xfffff7e13648
kern  :info  : [  175.199699] rust_kjit: BB: 41 fc 11 88 91 ff ff 35 
kern  :info  : [  175.199701] rust_kjit: BB at 0xfffff7e13650
kern  :info  : [  175.199702] rust_kjit: BB: c0 03 5f d6 
kern  :info  : [  175.199703] rust_kjit: ARM64_INS_BTI -> NOP
kern  :err   : [  175.199801] rust_kjit: ConfRes - Unsupported insn: ARM64_INS_STLXR
kern  :err   : [  175.199818] rust_kjit: BL JIT failed for 0xfffff7e13620
kern  :info  : [  175.199820] rust_kjit: Leaving with cnt 14, svc_loop_cnt 0
kern  :info  : [  175.199841] rust_kjit: ###### Lift session 4 ######
kern  :info  : [  175.199841] rust_kjit: Regs: 
kern  :warn  : [  175.199842] 	X0: 000000000002	X1: 000000000006	X2: ffffffffeb70	X3: 000000000000
kern  :warn  : [  175.199844] 	X4: 000000000000	X5: 000000000000	X6: 000000000001	X7: 000000000012
kern  :warn  : [  175.199845] 	X8: 000000000049	X9: 000000000028	X10: ffffebe15f48	X11: fffff7098e40
kern  :warn  : [  175.199847] 	X12: 000000000000	X13: 000000000000	X14: 000000000000	X15: 000000000000
kern  :warn  : [  175.199848] 	X16: 000000000001	X17: fffff7930a20	X18: 000000000000	X19: ffffebe15f20
kern  :warn  : [  175.199850] 	X20: 000000000006	X21: ffffffffeb70	X22: fffff7dbe060	X23: 00007fffffff
kern  :warn  : [  175.199851] 	X24: 00000000000d	X25: 000000000001	X26: ffffffffebc4	X27: aaaaaabbfa6b
kern  :warn  : [  175.199852] 	X28: 000000000001	X29: ffffffffeb90	X30: fffff7930b00
kern  :info  : [  175.199853] rust_kjit: RDebug at 0x1a8, continue at 0x1ac
kern  :info  : [  175.199855] rust_kjit: Regs: 
kern  :warn  : [  175.199855] 	X0: 000000000002	X1: 000000000006	X2: ffffffffeb70	X3: 000000000000
kern  :warn  : [  175.199857] 	X4: 000000000000	X5: 000000000000	X6: 000000000001	X7: 000000000012
kern  :warn  : [  175.199858] 	X8: 000000000049	X9: 000000000028	X10: ffffebe15f48	X11: fffff7098e40
kern  :warn  : [  175.199860] 	X12: 000000000000	X13: 000000000000	X14: 000000000000	X15: 000000000000
kern  :warn  : [  175.199861] 	X16: 000000000001	X17: fffff7930a20	X18: 000000000000	X19: ffffebe15f20
kern  :warn  : [  175.199863] 	X20: 000000000006	X21: ffffffffeb70	X22: fffff7dbe060	X23: 00007fffffff
kern  :warn  : [  175.199864] 	X24: 00000000000d	X25: 000000000001	X26: ffffffffebc4	X27: aaaaaabbfa6b
kern  :warn  : [  175.199866] 	X28: 000000000001	X29: ffffffffeb90	X30: fffff7930b00
kern  :info  : [  175.199866] rust_kjit: RBl at 0x1cc to known target 0xfffff78d1a50
kern  :info  : [  175.199868] rust_kjit: Regs: 
kern  :warn  : [  175.199868] 	X0: 000000000000	X1: 000000000006	X2: ffffffffeb70	X3: 000000000000
kern  :warn  : [  175.199870] 	X4: 000000000000	X5: 000000000000	X6: 000000000001	X7: 000000000012
kern  :warn  : [  175.199871] 	X8: 000000000049	X9: 000000000028	X10: ffffebe15f48	X11: fffff7098e40
kern  :warn  : [  175.199872] 	X12: 000000000000	X13: 000000000000	X14: 000000000000	X15: 000000000000
kern  :warn  : [  175.199874] 	X16: 000000000001	X17: fffff7930a20	X18: 000000000000	X19: 000000000002
kern  :warn  : [  175.199875] 	X20: 000000000006	X21: ffffffffeb70	X22: fffff7dbe060	X23: 00007fffffff
kern  :warn  : [  175.199877] 	X24: 00000000000d	X25: 000000000001	X26: ffffffffebc4	X27: aaaaaabbfa6b
kern  :warn  : [  175.199878] 	X28: 000000000001	X29: ffffffffeb90	X30: fffff7930b34
kern  :info  : [  175.199879] rust_kjit: RDebug at 0x2d4 to 0xfffff78d1a58 at 0x2e8
kern  :info  : [  175.199880] rust_kjit: Regs: 
kern  :warn  : [  175.199881] 	X0: 000000000000	X1: 000000000006	X2: ffffffffeb70	X3: 000000000000
kern  :warn  : [  175.199882] 	X4: 000000000000	X5: 000000000000	X6: 000000000001	X7: 000000000012
kern  :warn  : [  175.199884] 	X8: 000000000049	X9: 000000000028	X10: ffffebe15f48	X11: fffff7098e40
kern  :warn  : [  175.199885] 	X12: 000000000000	X13: 000000000000	X14: 000000000000	X15: 000000000000
kern  :warn  : [  175.199887] 	X16: 000000000001	X17: fffff7930a20	X18: 000000000000	X19: 000000000002
kern  :warn  : [  175.199888] 	X20: 000000000006	X21: ffffffffeb70	X22: fffff7dbe060	X23: 00007fffffff
kern  :warn  : [  175.199890] 	X24: 00000000000d	X25: 000000000001	X26: ffffffffebc4	X27: aaaaaabbfa6b
kern  :warn  : [  175.199891] 	X28: 000000000001	X29: ffffffffeb90	X30: fffff7930b34
kern  :info  : [  175.199892] rust_kjit: RBl at 0x32c to known target 0xfffff79905b0
kern  :info  : [  175.199893] rust_kjit: Regs: 
kern  :warn  : [  175.199893] 	X0: 000000000002	X1: 000000000000	X2: fffff7fb4128	X3: 000000000000
kern  :warn  : [  175.199895] 	X4: 000000000000	X5: 000000000000	X6: 000000000001	X7: 000000000012
kern  :warn  : [  175.199896] 	X8: 000000000049	X9: 000000000028	X10: ffffebe15f48	X11: fffff7098e40
kern  :warn  : [  175.199898] 	X12: 000000000000	X13: 000000000000	X14: 000000000000	X15: 000000000000
kern  :warn  : [  175.199899] 	X16: 000000000001	X17: fffff7930a20	X18: 000000000000	X19: 000000000002
kern  :warn  : [  175.199901] 	X20: fffff7fb4128	X21: 000000000000	X22: fffff7dbe060	X23: 00007fffffff
kern  :warn  : [  175.199902] 	X24: 00000000000d	X25: 000000000001	X26: ffffffffebc4	X27: aaaaaabbfa6b
kern  :warn  : [  175.199904] 	X28: 000000000001	X29: ffffffffeb40	X30: fffff78d1a88
kern  :info  : [  175.199904] rust_kjit: RDebug at 0x51c, continue at 0x520
kern  :info  : [  175.199905] rust_kjit: Regs: 
kern  :warn  : [  175.199906] 	X0: 000000000002	X1: 000000000000	X2: fffff7fb4128	X3: 000000000000
kern  :warn  : [  175.199907] 	X4: 000000000000	X5: 000000000000	X6: 000000000001	X7: 000000000012
kern  :warn  : [  175.199909] 	X8: 000000000049	X9: 000000000028	X10: ffffebe15f48	X11: fffff7098e40
kern  :warn  : [  175.199910] 	X12: 000000000000	X13: 000000000000	X14: 000000000000	X15: 000000000000
kern  :warn  : [  175.199912] 	X16: 000000000001	X17: fffff7930a20	X18: 000000000000	X19: 000000000002
kern  :warn  : [  175.199913] 	X20: fffff7fb4128	X21: 000000000000	X22: fffff7dbe060	X23: 00007fffffff
kern  :warn  : [  175.199914] 	X24: 00000000000d	X25: 000000000001	X26: ffffffffebc4	X27: aaaaaabbfa6b
kern  :warn  : [  175.199916] 	X28: 000000000001	X29: ffffffffeb40	X30: fffff78d1a88
kern  :info  : [  175.199917] rust_kjit: RRet at 0x530 to known target 0xfffff78d1a88
kern  :info  : [  175.199918] rust_kjit: Regs: 
kern  :warn  : [  175.199918] 	X0: 000000000002	X1: 000000000000	X2: fffff7fb4128	X3: 000000000000
kern  :warn  : [  175.199920] 	X4: 000000000000	X5: 000000000000	X6: 000000000001	X7: 000000000012
kern  :warn  : [  175.199921] 	X8: 000000000049	X9: 000000000028	X10: ffffebe15f48	X11: fffff7098e40
kern  :warn  : [  175.199923] 	X12: 000000000000	X13: 000000000000	X14: 000000000000	X15: 000000000000
kern  :warn  : [  175.199924] 	X16: 000000000001	X17: fffff7930a20	X18: 000000000000	X19: 000000000002
kern  :warn  : [  175.199926] 	X20: fffff7fb4128	X21: 000000000000	X22: fffff7dbe060	X23: 00007fffffff
kern  :warn  : [  175.199927] 	X24: 00000000000d	X25: 000000000001	X26: ffffffffebc4	X27: aaaaaabbfa6b
kern  :warn  : [  175.199928] 	X28: 000000000001	X29: ffffffffeb40	X30: fffff78d1a88
kern  :info  : [  175.199929] rust_kjit: RDebug at 0x354, continue at 0x358
kern  :info  : [  175.199930] rust_kjit: Regs: 
kern  :warn  : [  175.199930] 	X0: 000000000002	X1: 000000000000	X2: fffff7fb4128	X3: 000000000000
kern  :warn  : [  175.199932] 	X4: 000000000000	X5: 000000000000	X6: 000000000001	X7: 000000000012
kern  :warn  : [  175.199933] 	X8: 000000000049	X9: 000000000028	X10: ffffebe15f48	X11: fffff7098e40
kern  :warn  : [  175.199935] 	X12: 000000000000	X13: 000000000000	X14: 000000000000	X15: 000000000000
kern  :warn  : [  175.199936] 	X16: 000000000001	X17: fffff7930a20	X18: 000000000000	X19: 000000000002
kern  :warn  : [  175.199938] 	X20: fffff7fb4128	X21: 000000000000	X22: fffff7dbe060	X23: 00007fffffff
kern  :warn  : [  175.199939] 	X24: 00000000000d	X25: 000000000001	X26: ffffffffebc4	X27: aaaaaabbfa6b
kern  :warn  : [  175.199940] 	X28: 000000000001	X29: ffffffffeb40	X30: fffff78d1a88
kern  :info  : [  175.199941] rust_kjit: RDebug at 0x380, continue at 0x384
kern  :info  : [  175.199942] rust_kjit: Regs: 
kern  :warn  : [  175.199943] 	X0: 000000000002	X1: 000000000000	X2: fffff7fb4128	X3: 000000000000
kern  :warn  : [  175.199944] 	X4: 000000000000	X5: 000000000000	X6: 000000000001	X7: 000000000012
kern  :warn  : [  175.199946] 	X8: 000000000049	X9: 000000000028	X10: ffffebe15f48	X11: fffff7098e40
kern  :warn  : [  175.199947] 	X12: 000000000000	X13: 000000000000	X14: 000000000000	X15: 000000000000
kern  :warn  : [  175.199949] 	X16: 000000000001	X17: fffff7930a20	X18: 000000000000	X19: 000000000000
kern  :warn  : [  175.199950] 	X20: fffff7fb4128	X21: 000000000000	X22: fffff7dbe060	X23: 00007fffffff
kern  :warn  : [  175.199951] 	X24: 00000000000d	X25: 000000000001	X26: ffffffffebc4	X27: aaaaaabbfa6b
kern  :warn  : [  175.199953] 	X28: 000000000001	X29: ffffffffeb40	X30: fffff78d1a88
kern  :info  : [  175.199954] rust_kjit: RRet at 0x39c to known target 0xfffff7930b34
kern  :info  : [  175.199955] rust_kjit: Regs: 
kern  :warn  : [  175.199955] 	X0: 000000000002	X1: 000000000000	X2: fffff7fb4128	X3: 000000000000
kern  :warn  : [  175.199956] 	X4: 000000000000	X5: 000000000000	X6: 000000000001	X7: 000000000012
kern  :warn  : [  175.199958] 	X8: 000000000049	X9: 000000000028	X10: ffffebe15f48	X11: fffff7098e40
kern  :warn  : [  175.199959] 	X12: 000000000000	X13: 000000000000	X14: 000000000000	X15: 000000000000
kern  :warn  : [  175.199961] 	X16: 000000000001	X17: fffff7930a20	X18: 000000000000	X19: 000000000002
kern  :warn  : [  175.199962] 	X20: 000000000006	X21: ffffffffeb70	X22: fffff7dbe060	X23: 00007fffffff
kern  :warn  : [  175.199964] 	X24: 00000000000d	X25: 000000000001	X26: ffffffffebc4	X27: aaaaaabbfa6b
kern  :warn  : [  175.199965] 	X28: 000000000001	X29: ffffffffeb90	X30: fffff7930b34
kern  :info  : [  175.199966] rust_kjit: RDebug at 0x1f0 to 0xfffff7930ac8 at 0x118
kern  :info  : [  175.199967] rust_kjit: Regs: 
kern  :warn  : [  175.199967] 	X0: 000000000002	X1: 000000000000	X2: fffff7fb4128	X3: 000000000000
kern  :warn  : [  175.199969] 	X4: 000000000000	X5: 000000000000	X6: 000000000001	X7: 000000000012
kern  :warn  : [  175.199970] 	X8: 000000000049	X9: 000000000028	X10: ffffebe15f48	X11: fffff7098e40
kern  :warn  : [  175.199972] 	X12: 000000000000	X13: 000000000000	X14: 000000000000	X15: 000000000000
kern  :warn  : [  175.199973] 	X16: 000000000001	X17: fffff7930a20	X18: 000000000000	X19: 000000000002
kern  :warn  : [  175.199975] 	X20: 000000000006	X21: ffffffffeb70	X22: fffff7dbe060	X23: 00007fffffff
kern  :warn  : [  175.199976] 	X24: 00000000000d	X25: 000000000001	X26: ffffffffebc4	X27: aaaaaabbfa6b
kern  :warn  : [  175.199977] 	X28: 000000000001	X29: ffffffffeb90	X30: fffff7930b34
kern  :info  : [  175.199978] rust_kjit: RDebug at 0x15c, continue at 0x160
kern  :info  : [  175.199979] rust_kjit: Regs: 
kern  :warn  : [  175.199979] 	X0: fffff7ffdb50	X1: 000000000000	X2: 000000000000	X3: 000000000000
kern  :warn  : [  175.199981] 	X4: 000000000000	X5: 000000000000	X6: 000000000001	X7: 000000000012
kern  :warn  : [  175.199982] 	X8: 000000000049	X9: 000000000028	X10: ffffebe15f48	X11: fffff7098e40
kern  :warn  : [  175.199984] 	X12: 000000000000	X13: 000000000000	X14: 000000000000	X15: 000000000000
kern  :warn  : [  175.199985] 	X16: 000000000001	X17: fffff7930a20	X18: 000000000000	X19: 000000000002
kern  :warn  : [  175.199987] 	X20: 000000000006	X21: ffffffffeb70	X22: fffff7dbe060	X23: 00007fffffff
kern  :warn  : [  175.199988] 	X24: 00000000000d	X25: 000000000001	X26: ffffffffebc4	X27: aaaaaabbfa6b
kern  :warn  : [  175.199990] 	X28: 000000000001	X29: ffffffffeb90	X30: fffff7930b34
kern  :info  : [  175.199991] rust_kjit: RRet at 0x180 to known target 0xfffff7e128dc
kern  :info  : [  175.199992] rust_kjit: Regs: 
kern  :warn  : [  175.199992] 	X0: 000000000002	X1: 000000000000	X2: 000000000000	X3: 000000000000
kern  :warn  : [  175.199993] 	X4: 000000000000	X5: 000000000000	X6: 000000000001	X7: 000000000012
kern  :warn  : [  175.199995] 	X8: 000000000049	X9: 000000000028	X10: ffffebe15f48	X11: fffff7098e40
kern  :warn  : [  175.199997] 	X12: 000000000000	X13: 000000000000	X14: 000000000000	X15: 000000000000
kern  :warn  : [  175.199998] 	X16: 000000000001	X17: fffff7930a20	X18: 000000000000	X19: 000000000006
kern  :warn  : [  175.200000] 	X20: ffffebe15f20	X21: fffff7098e40	X22: fffff7dbe060	X23: 00007fffffff
kern  :warn  : [  175.200001] 	X24: 00000000000d	X25: 000000000001	X26: ffffffffebc4	X27: aaaaaabbfa6b
kern  :warn  : [  175.200002] 	X28: 000000000001	X29: ffffffffebd0	X30: fffff7e128dc
kern  :info  : [  175.200003] rust_kjit: RBl at 0x8f0 to known target 0xfffff7e0c074
kern  :info  : [  175.200005] rust_kjit: Regs: 
kern  :warn  : [  175.200005] 	X0: fffff7098e40	X1: 000000000000	X2: 000000000000	X3: 000000000000
kern  :warn  : [  175.200006] 	X4: 000000000000	X5: 000000000000	X6: 000000000001	X7: 000000000012
kern  :warn  : [  175.200008] 	X8: 000000000049	X9: 000000000028	X10: ffffebe15f48	X11: fffff7098e40
kern  :warn  : [  175.200009] 	X12: 000000000000	X13: 000000000000	X14: 000000000000	X15: 000000000000
kern  :warn  : [  175.200011] 	X16: 000000000001	X17: fffff7930a20	X18: 000000000000	X19: 000000000006
kern  :warn  : [  175.200012] 	X20: ffffebe15f20	X21: fffff7098e40	X22: 000000000002	X23: 00007fffffff
kern  :warn  : [  175.200014] 	X24: 00000000000d	X25: 000000000001	X26: ffffffffebc4	X27: aaaaaabbfa6b
kern  :warn  : [  175.200015] 	X28: 000000000001	X29: ffffffffebd0	X30: fffff7e128e8
kern  :info  : [  175.200016] rust_kjit: RBl at 0xd70
kern  :info  : [  175.200047] rust_kjit: BB at 0xfffff7e13620
kern  :info  : [  175.200048] rust_kjit: BB: 5f 24 03 d5 70 05 00 d0 10 b2 45 39 70 00 00 34 
kern  :info  : [  175.200052] rust_kjit: BB at 0xfffff7e13630
kern  :info  : [  175.200052] rust_kjit: BB: 41 fc e0 88 c0 03 5f d6 
kern  :info  : [  175.200054] rust_kjit: BB at 0xfffff7e13638
kern  :info  : [  175.200055] rust_kjit: BB: f0 03 00 2a 
kern  :info  : [  175.200056] rust_kjit: BB at 0xfffff7e1363c
kern  :info  : [  175.200056] rust_kjit: BB: 40 fc 5f 88 1f 00 10 6b 61 00 00 54 
kern  :info  : [  175.200059] rust_kjit: BB at 0xfffff7e13648
kern  :info  : [  175.200059] rust_kjit: BB: 41 fc 11 88 91 ff ff 35 
kern  :info  : [  175.200061] rust_kjit: BB at 0xfffff7e13650
kern  :info  : [  175.200061] rust_kjit: BB: c0 03 5f d6 
kern  :info  : [  175.200063] rust_kjit: ARM64_INS_BTI -> NOP
kern  :err   : [  175.200157] rust_kjit: ConfRes - Unsupported insn: ARM64_INS_STLXR
kern  :err   : [  175.200173] rust_kjit: BL JIT failed for 0xfffff7e13620
kern  :info  : [  175.200174] rust_kjit: Leaving with cnt 14, svc_loop_cnt 0
kern  :info  : [  175.200209] rust_kjit: ###### Lift session 5 ######
kern  :info  : [  175.200209] rust_kjit: Regs: 
kern  :warn  : [  175.200210] 	X0: 000000000002	X1: 000000000006	X2: ffffffffeb70	X3: 000000000000
kern  :warn  : [  175.200211] 	X4: 000000000000	X5: 000000000000	X6: 000000000001	X7: 000000000012
kern  :warn  : [  175.200213] 	X8: 000000000049	X9: 000000000028	X10: ffffebe15f48	X11: fffff7098e40
kern  :warn  : [  175.200215] 	X12: 000000000000	X13: 000000001010	X14: 000000000000	X15: 000000000000
kern  :warn  : [  175.200216] 	X16: 000000000001	X17: fffff7930a20	X18: 000000000000	X19: ffffebe15f20
kern  :warn  : [  175.200218] 	X20: 000000000006	X21: ffffffffeb70	X22: fffff7dbe060	X23: 00007fffffff
kern  :warn  : [  175.200219] 	X24: 00000000000d	X25: 000000000001	X26: ffffffffebc4	X27: aaaaaabbfa6b
kern  :warn  : [  175.200220] 	X28: 000000000001	X29: ffffffffeb90	X30: fffff7930b00
kern  :info  : [  175.200221] rust_kjit: RDebug at 0x1a8, continue at 0x1ac
kern  :info  : [  175.200222] rust_kjit: Regs: 
kern  :warn  : [  175.200222] 	X0: 000000000002	X1: 000000000006	X2: ffffffffeb70	X3: 000000000000
kern  :warn  : [  175.200224] 	X4: 000000000000	X5: 000000000000	X6: 000000000001	X7: 000000000012
kern  :warn  : [  175.200226] 	X8: 000000000049	X9: 000000000028	X10: ffffebe15f48	X11: fffff7098e40
kern  :warn  : [  175.200227] 	X12: 000000000000	X13: 000000001010	X14: 000000000000	X15: 000000000000
kern  :warn  : [  175.200228] 	X16: 000000000001	X17: fffff7930a20	X18: 000000000000	X19: ffffebe15f20
kern  :warn  : [  175.200230] 	X20: 000000000006	X21: ffffffffeb70	X22: fffff7dbe060	X23: 00007fffffff
kern  :warn  : [  175.200231] 	X24: 00000000000d	X25: 000000000001	X26: ffffffffebc4	X27: aaaaaabbfa6b
kern  :warn  : [  175.200233] 	X28: 000000000001	X29: ffffffffeb90	X30: fffff7930b00
kern  :info  : [  175.200234] rust_kjit: RBl at 0x1cc to known target 0xfffff78d1a50
kern  :info  : [  175.200235] rust_kjit: Regs: 
kern  :warn  : [  175.200235] 	X0: 000000000000	X1: 000000000006	X2: ffffffffeb70	X3: 000000000000
kern  :warn  : [  175.200237] 	X4: 000000000000	X5: 000000000000	X6: 000000000001	X7: 000000000012
kern  :warn  : [  175.200238] 	X8: 000000000049	X9: 000000000028	X10: ffffebe15f48	X11: fffff7098e40
kern  :warn  : [  175.200240] 	X12: 000000000000	X13: 000000001010	X14: 000000000000	X15: 000000000000
kern  :warn  : [  175.200241] 	X16: 000000000001	X17: fffff7930a20	X18: 000000000000	X19: 000000000002
kern  :warn  : [  175.200243] 	X20: 000000000006	X21: ffffffffeb70	X22: fffff7dbe060	X23: 00007fffffff
kern  :warn  : [  175.200244] 	X24: 00000000000d	X25: 000000000001	X26: ffffffffebc4	X27: aaaaaabbfa6b
kern  :warn  : [  175.200245] 	X28: 000000000001	X29: ffffffffeb90	X30: fffff7930b34
kern  :info  : [  175.200246] rust_kjit: RDebug at 0x2d4 to 0xfffff78d1a58 at 0x2e8
kern  :info  : [  175.200247] rust_kjit: Regs: 
kern  :warn  : [  175.200248] 	X0: 000000000000	X1: 000000000006	X2: ffffffffeb70	X3: 000000000000
kern  :warn  : [  175.200249] 	X4: 000000000000	X5: 000000000000	X6: 000000000001	X7: 000000000012
kern  :warn  : [  175.200251] 	X8: 000000000049	X9: 000000000028	X10: ffffebe15f48	X11: fffff7098e40
kern  :warn  : [  175.200252] 	X12: 000000000000	X13: 000000001010	X14: 000000000000	X15: 000000000000
kern  :warn  : [  175.200254] 	X16: 000000000001	X17: fffff7930a20	X18: 000000000000	X19: 000000000002
kern  :warn  : [  175.200255] 	X20: 000000000006	X21: ffffffffeb70	X22: fffff7dbe060	X23: 00007fffffff
kern  :warn  : [  175.200257] 	X24: 00000000000d	X25: 000000000001	X26: ffffffffebc4	X27: aaaaaabbfa6b
kern  :warn  : [  175.200258] 	X28: 000000000001	X29: ffffffffeb90	X30: fffff7930b34
kern  :info  : [  175.200259] rust_kjit: RBl at 0x32c to known target 0xfffff79905b0
kern  :info  : [  175.200260] rust_kjit: Regs: 
kern  :warn  : [  175.200260] 	X0: 000000000002	X1: 000000000000	X2: fffff7fb4128	X3: 000000000000
kern  :warn  : [  175.200262] 	X4: 000000000000	X5: 000000000000	X6: 000000000001	X7: 000000000012
kern  :warn  : [  175.200263] 	X8: 000000000049	X9: 000000000028	X10: ffffebe15f48	X11: fffff7098e40
kern  :warn  : [  175.200264] 	X12: 000000000000	X13: 000000001010	X14: 000000000000	X15: 000000000000
kern  :warn  : [  175.200266] 	X16: 000000000001	X17: fffff7930a20	X18: 000000000000	X19: 000000000002
kern  :warn  : [  175.200268] 	X20: fffff7fb4128	X21: 000000000000	X22: fffff7dbe060	X23: 00007fffffff
kern  :warn  : [  175.200269] 	X24: 00000000000d	X25: 000000000001	X26: ffffffffebc4	X27: aaaaaabbfa6b
kern  :warn  : [  175.200270] 	X28: 000000000001	X29: ffffffffeb40	X30: fffff78d1a88
kern  :info  : [  175.200271] rust_kjit: RDebug at 0x51c, continue at 0x520
kern  :info  : [  175.200272] rust_kjit: Regs: 
kern  :warn  : [  175.200272] 	X0: 000000000002	X1: 000000000000	X2: fffff7fb4128	X3: 000000000000
kern  :warn  : [  175.200274] 	X4: 000000000000	X5: 000000000000	X6: 000000000001	X7: 000000000012
kern  :warn  : [  175.200275] 	X8: 000000000049	X9: 000000000028	X10: ffffebe15f48	X11: fffff7098e40
kern  :warn  : [  175.200277] 	X12: 000000000000	X13: 000000001010	X14: 000000000000	X15: 000000000000
kern  :warn  : [  175.200278] 	X16: 000000000001	X17: fffff7930a20	X18: 000000000000	X19: 000000000002
kern  :warn  : [  175.200280] 	X20: fffff7fb4128	X21: 000000000000	X22: fffff7dbe060	X23: 00007fffffff
kern  :warn  : [  175.200281] 	X24: 00000000000d	X25: 000000000001	X26: ffffffffebc4	X27: aaaaaabbfa6b
kern  :warn  : [  175.200283] 	X28: 000000000001	X29: ffffffffeb40	X30: fffff78d1a88
kern  :info  : [  175.200284] rust_kjit: RRet at 0x530 to known target 0xfffff78d1a88
kern  :info  : [  175.200285] rust_kjit: Regs: 
kern  :warn  : [  175.200285] 	X0: 000000000002	X1: 000000000000	X2: fffff7fb4128	X3: 000000000000
kern  :warn  : [  175.200286] 	X4: 000000000000	X5: 000000000000	X6: 000000000001	X7: 000000000012
kern  :warn  : [  175.200288] 	X8: 000000000049	X9: 000000000028	X10: ffffebe15f48	X11: fffff7098e40
kern  :warn  : [  175.200289] 	X12: 000000000000	X13: 000000001010	X14: 000000000000	X15: 000000000000
kern  :warn  : [  175.200291] 	X16: 000000000001	X17: fffff7930a20	X18: 000000000000	X19: 000000000002
kern  :warn  : [  175.200292] 	X20: fffff7fb4128	X21: 000000000000	X22: fffff7dbe060	X23: 00007fffffff
kern  :warn  : [  175.200294] 	X24: 00000000000d	X25: 000000000001	X26: ffffffffebc4	X27: aaaaaabbfa6b
kern  :warn  : [  175.200295] 	X28: 000000000001	X29: ffffffffeb40	X30: fffff78d1a88
kern  :info  : [  175.200296] rust_kjit: RDebug at 0x354, continue at 0x358
kern  :info  : [  175.200297] rust_kjit: Regs: 
kern  :warn  : [  175.200297] 	X0: 000000000002	X1: 000000000000	X2: fffff7fb4128	X3: 000000000000
kern  :warn  : [  175.200299] 	X4: 000000000000	X5: 000000000000	X6: 000000000001	X7: 000000000012
kern  :warn  : [  175.200300] 	X8: 000000000049	X9: 000000000028	X10: ffffebe15f48	X11: fffff7098e40
kern  :warn  : [  175.200302] 	X12: 000000000000	X13: 000000001010	X14: 000000000000	X15: 000000000000
kern  :warn  : [  175.200303] 	X16: 000000000001	X17: fffff7930a20	X18: 000000000000	X19: 000000000002
kern  :warn  : [  175.200305] 	X20: fffff7fb4128	X21: 000000000000	X22: fffff7dbe060	X23: 00007fffffff
kern  :warn  : [  175.200306] 	X24: 00000000000d	X25: 000000000001	X26: ffffffffebc4	X27: aaaaaabbfa6b
kern  :warn  : [  175.200308] 	X28: 000000000001	X29: ffffffffeb40	X30: fffff78d1a88
kern  :info  : [  175.200308] rust_kjit: RDebug at 0x380, continue at 0x384
kern  :info  : [  175.200309] rust_kjit: Regs: 
kern  :warn  : [  175.200310] 	X0: 000000000002	X1: 000000000000	X2: fffff7fb4128	X3: 000000000000
kern  :warn  : [  175.200311] 	X4: 000000000000	X5: 000000000000	X6: 000000000001	X7: 000000000012
kern  :warn  : [  175.200313] 	X8: 000000000049	X9: 000000000028	X10: ffffebe15f48	X11: fffff7098e40
kern  :warn  : [  175.200314] 	X12: 000000000000	X13: 000000001010	X14: 000000000000	X15: 000000000000
kern  :warn  : [  175.200315] 	X16: 000000000001	X17: fffff7930a20	X18: 000000000000	X19: 000000000000
kern  :warn  : [  175.200317] 	X20: fffff7fb4128	X21: 000000000000	X22: fffff7dbe060	X23: 00007fffffff
kern  :warn  : [  175.200318] 	X24: 00000000000d	X25: 000000000001	X26: ffffffffebc4	X27: aaaaaabbfa6b
kern  :warn  : [  175.200320] 	X28: 000000000001	X29: ffffffffeb40	X30: fffff78d1a88
kern  :info  : [  175.200321] rust_kjit: RRet at 0x39c to known target 0xfffff7930b34
kern  :info  : [  175.200322] rust_kjit: Regs: 
kern  :warn  : [  175.200322] 	X0: 000000000002	X1: 000000000000	X2: fffff7fb4128	X3: 000000000000
kern  :warn  : [  175.200323] 	X4: 000000000000	X5: 000000000000	X6: 000000000001	X7: 000000000012
kern  :warn  : [  175.200325] 	X8: 000000000049	X9: 000000000028	X10: ffffebe15f48	X11: fffff7098e40
kern  :warn  : [  175.200326] 	X12: 000000000000	X13: 000000001010	X14: 000000000000	X15: 000000000000
kern  :warn  : [  175.200328] 	X16: 000000000001	X17: fffff7930a20	X18: 000000000000	X19: 000000000002
kern  :warn  : [  175.200350] 	X20: 000000000006	X21: ffffffffeb70	X22: fffff7dbe060	X23: 00007fffffff
kern  :warn  : [  175.200352] 	X24: 00000000000d	X25: 000000000001	X26: ffffffffebc4	X27: aaaaaabbfa6b
kern  :warn  : [  175.200354] 	X28: 000000000001	X29: ffffffffeb90	X30: fffff7930b34
kern  :info  : [  175.200354] rust_kjit: RDebug at 0x1f0 to 0xfffff7930ac8 at 0x118
kern  :info  : [  175.200356] rust_kjit: Regs: 
kern  :warn  : [  175.200357] 	X0: 000000000002	X1: 000000000000	X2: fffff7fb4128	X3: 000000000000
kern  :warn  : [  175.200360] 	X4: 000000000000	X5: 000000000000	X6: 000000000001	X7: 000000000012
kern  :warn  : [  175.200364] 	X8: 000000000049	X9: 000000000028	X10: ffffebe15f48	X11: fffff7098e40
kern  :warn  : [  175.200368] 	X12: 000000000000	X13: 000000001010	X14: 000000000000	X15: 000000000000
kern  :warn  : [  175.200371] 	X16: 000000000001	X17: fffff7930a20	X18: 000000000000	X19: 000000000002
kern  :warn  : [  175.200375] 	X20: 000000000006	X21: ffffffffeb70	X22: fffff7dbe060	X23: 00007fffffff
kern  :warn  : [  175.200379] 	X24: 00000000000d	X25: 000000000001	X26: ffffffffebc4	X27: aaaaaabbfa6b
kern  :warn  : [  175.200383] 	X28: 000000000001	X29: ffffffffeb90	X30: fffff7930b34
kern  :info  : [  175.200385] rust_kjit: RDebug at 0x15c, continue at 0x160
kern  :info  : [  175.200387] rust_kjit: Regs: 
kern  :warn  : [  175.200388] 	X0: fffff7ffdb50	X1: 000000000000	X2: 000000000000	X3: 000000000000
kern  :warn  : [  175.200390] 	X4: 000000000000	X5: 000000000000	X6: 000000000001	X7: 000000000012
kern  :warn  : [  175.200392] 	X8: 000000000049	X9: 000000000028	X10: ffffebe15f48	X11: fffff7098e40
kern  :warn  : [  175.200393] 	X12: 000000000000	X13: 000000001010	X14: 000000000000	X15: 000000000000
kern  :warn  : [  175.200395] 	X16: 000000000001	X17: fffff7930a20	X18: 000000000000	X19: 000000000002
kern  :warn  : [  175.200396] 	X20: 000000000006	X21: ffffffffeb70	X22: fffff7dbe060	X23: 00007fffffff
kern  :warn  : [  175.200398] 	X24: 00000000000d	X25: 000000000001	X26: ffffffffebc4	X27: aaaaaabbfa6b
kern  :warn  : [  175.200399] 	X28: 000000000001	X29: ffffffffeb90	X30: fffff7930b34
kern  :info  : [  175.200400] rust_kjit: RRet at 0x180 to known target 0xfffff7e128dc
kern  :info  : [  175.200401] rust_kjit: Regs: 
kern  :warn  : [  175.200401] 	X0: 000000000002	X1: 000000000000	X2: 000000000000	X3: 000000000000
kern  :warn  : [  175.200403] 	X4: 000000000000	X5: 000000000000	X6: 000000000001	X7: 000000000012
kern  :warn  : [  175.200404] 	X8: 000000000049	X9: 000000000028	X10: ffffebe15f48	X11: fffff7098e40
kern  :warn  : [  175.200406] 	X12: 000000000000	X13: 000000001010	X14: 000000000000	X15: 000000000000
kern  :warn  : [  175.200408] 	X16: 000000000001	X17: fffff7930a20	X18: 000000000000	X19: 000000000006
kern  :warn  : [  175.200409] 	X20: ffffebe15f20	X21: fffff7098e40	X22: fffff7dbe060	X23: 00007fffffff
kern  :warn  : [  175.200411] 	X24: 00000000000d	X25: 000000000001	X26: ffffffffebc4	X27: aaaaaabbfa6b
kern  :warn  : [  175.200412] 	X28: 000000000001	X29: ffffffffebd0	X30: fffff7e128dc
kern  :info  : [  175.200413] rust_kjit: RBl at 0x8f0 to known target 0xfffff7e0c074
kern  :info  : [  175.200415] rust_kjit: Regs: 
kern  :warn  : [  175.200415] 	X0: fffff7098e40	X1: 000000000000	X2: 000000000000	X3: 000000000000
kern  :warn  : [  175.200416] 	X4: 000000000000	X5: 000000000000	X6: 000000000001	X7: 000000000012
kern  :warn  : [  175.200418] 	X8: 000000000049	X9: 000000000028	X10: ffffebe15f48	X11: fffff7098e40
kern  :warn  : [  175.200419] 	X12: 000000000000	X13: 000000001010	X14: 000000000000	X15: 000000000000
kern  :warn  : [  175.200421] 	X16: 000000000001	X17: fffff7930a20	X18: 000000000000	X19: 000000000006
kern  :warn  : [  175.200423] 	X20: ffffebe15f20	X21: fffff7098e40	X22: 000000000002	X23: 00007fffffff
kern  :warn  : [  175.200424] 	X24: 00000000000d	X25: 000000000001	X26: ffffffffebc4	X27: aaaaaabbfa6b
kern  :warn  : [  175.200426] 	X28: 000000000001	X29: ffffffffebd0	X30: fffff7e128e8
kern  :info  : [  175.200426] rust_kjit: RBl at 0xd70
kern  :info  : [  175.200460] rust_kjit: BB at 0xfffff7e13620
kern  :info  : [  175.200460] rust_kjit: BB: 5f 24 03 d5 70 05 00 d0 10 b2 45 39 70 00 00 34 
kern  :info  : [  175.200464] rust_kjit: BB at 0xfffff7e13630
kern  :info  : [  175.200465] rust_kjit: BB: 41 fc e0 88 c0 03 5f d6 
kern  :info  : [  175.200467] rust_kjit: BB at 0xfffff7e13638
kern  :info  : [  175.200467] rust_kjit: BB: f0 03 00 2a 
kern  :info  : [  175.200468] rust_kjit: BB at 0xfffff7e1363c
kern  :info  : [  175.200469] rust_kjit: BB: 40 fc 5f 88 1f 00 10 6b 61 00 00 54 
kern  :info  : [  175.200472] rust_kjit: BB at 0xfffff7e13648
kern  :info  : [  175.200472] rust_kjit: BB: 41 fc 11 88 91 ff ff 35 
kern  :info  : [  175.200474] rust_kjit: BB at 0xfffff7e13650
kern  :info  : [  175.200474] rust_kjit: BB: c0 03 5f d6 
kern  :info  : [  175.200476] rust_kjit: ARM64_INS_BTI -> NOP
kern  :err   : [  175.200575] rust_kjit: ConfRes - Unsupported insn: ARM64_INS_STLXR
kern  :err   : [  175.200591] rust_kjit: BL JIT failed for 0xfffff7e13620
kern  :info  : [  175.200592] rust_kjit: Leaving with cnt 14, svc_loop_cnt 0
kern  :err   : [  213.628053] rcu: INFO: rcu_preempt detected stalls on CPUs/tasks:
kern  :err   : [  213.628062] rcu: 	4-...0: (1 GPs behind) idle=64f4/1/0x4000000000000000 softirq=12538/12539 fqs=11999
kern  :err   : [  213.628065] rcu: 	         hardirqs   softirqs   csw/system
kern  :err   : [  213.628066] rcu: 	 number:        0          0            0
kern  :err   : [  213.628067] rcu: 	cputime:        0          0            0   ==> 30002(ms)
kern  :err   : [  213.628068] rcu: 	(detected by 5, t=60005 jiffies, g=20513, q=5791 ncpus=6)
kern  :info  : [  213.628070] Sending NMI from CPU 5 to CPUs 4:
kern  :err   : [  223.629931] rcu: rcu_preempt kthread timer wakeup didn't happen for 9972 jiffies! g20513 f0x0 RCU_GP_WAIT_FQS(5) ->state=0x402
kern  :err   : [  223.629938] rcu: 	Possible timer handling issue on cpu=5 timer-softirq=8205
kern  :err   : [  223.629939] rcu: rcu_preempt kthread starved for 9975 jiffies! g20513 f0x0 RCU_GP_WAIT_FQS(5) ->state=0x402 ->cpu=5
kern  :err   : [  223.629941] rcu: 	Unless rcu_preempt kthread gets sufficient CPU time, OOM is now expected behavior.
kern  :err   : [  223.629941] rcu: RCU grace-period kthread stack dump:
kern  :info  : [  223.629943] task:rcu_preempt     state:I stack:0     pid:17    tgid:17    ppid:2      flags:0x00000008
kern  :info  : [  223.629949] Call trace:
kern  :info  : [  223.629950]  __switch_to+0x134/0x190
kern  :info  : [  223.629955]  __schedule+0xc04/0x1548
kern  :info  : [  223.629957]  schedule+0x7c/0x128
kern  :info  : [  223.629958]  schedule_timeout+0xa4/0x1b8
kern  :info  : [  223.629960]  rcu_gp_fqs_loop+0x1d0/0x748
kern  :info  : [  223.629963]  rcu_gp_kthread+0x6c/0x188
kern  :info  : [  223.629964]  kthread+0x10c/0x1c8
kern  :info  : [  223.629966]  ret_from_fork+0x10/0x20
kern  :err   : [  223.629968] rcu: Stack dump where RCU GP kthread last ran:
kern  :warn  : [  223.629973] CPU: 5 PID: 0 Comm: swapper/5 Tainted: G           OE      6.10.0-rc4 #52
kern  :warn  : [  223.629974] Hardware name: VMware, Inc. VMware20,1/VBSA, BIOS VMW201.00V.21805430.BA64.2305221830 05/22/2023
kern  :warn  : [  223.629975] pstate: 61000005 (nZCv daif -PAN -UAO -TCO +DIT -SSBS BTYPE=--)
kern  :warn  : [  223.629976] pc : do_idle+0x204/0x320
kern  :warn  : [  223.629978] lr : do_idle+0xfc/0x320
kern  :warn  : [  223.629979] sp : ffff8000826d3df0
kern  :warn  : [  223.629979] x29: ffff8000826d3e10 x28: 0000000000000020 x27: ffff800081ffd000
kern  :warn  : [  223.629981] x26: 0000000000000000 x25: ffff800081ffdc68 x24: ffff800081ffd000
kern  :warn  : [  223.629982] x23: ffff0000808da200 x22: 0000000000000000 x21: 0000000000000000
kern  :warn  : [  223.629983] x20: 0000000000000000 x19: ffff800081fc0cb0 x18: ffff80008268d018
kern  :warn  : [  223.629985] x17: 0000000000000000 x16: 0000000000000000 x15: 0000000000000000
kern  :warn  : [  223.629986] x14: 0000000000000000 x13: 0000000000000000 x12: 0000000000000000
kern  :warn  : [  223.629987] x11: 0000000000000000 x10: 0000000000000000 x9 : 0000000000000000
kern  :warn  : [  223.629988] x8 : 0000000000000000 x7 : 0000000000000000 x6 : 0000000000000000
kern  :warn  : [  223.629989] x5 : 0000000000000000 x4 : 0000000000000000 x3 : 0000000000000000
kern  :warn  : [  223.629990] x2 : 0000000000000000 x1 : 0000000000000000 x0 : 0000000000000000
kern  :warn  : [  223.629991] Call trace:
kern  :warn  : [  223.629992]  do_idle+0x204/0x320
kern  :warn  : [  223.629992]  cpu_startup_entry+0x3c/0x48
kern  :warn  : [  223.629993]  secondary_start_kernel+0x12c/0x1a8
kern  :warn  : [  223.629995]  __secondary_switched+0x74/0x78
