kern  :info  : [  805.247396] rust_kjit: Hot SVC at 0xfffff772ce0c with PID 3047 on CPU 3
kern  :info  : [  805.247536] rust_kjit: BB at 0xfffff7668660
kern  :info  : [  805.247537] rust_kjit: BB: 22 0c 00 f0 42 ec 46 f9 43 d0 3b d5 fd 7b bf a9 e1 03 00 aa e1 03 01 4b fd 03 00 91 61 68 22 b8 00 00 80 92 fd 7b c1 a8 c0 03 5f d6 
kern  :info  : [  805.247550] rust_kjit: BB at 0xfffff772ce0c
kern  :info  : [  805.247551] rust_kjit: BB: 1f fc 3f b1 42 00 00 54 
kern  :info  : [  805.247553] rust_kjit: BB at 0xfffff772ce14
kern  :info  : [  805.247554] rust_kjit: BB: c0 03 5f d6 
kern  :info  : [  805.247555] rust_kjit: BB at 0xfffff772ce18
kern  :info  : [  805.247556] rust_kjit: BB: 12 ee fc 17 
kern  :info  : [  805.247645] rust_kjit: Vlabel: 0xfffff7668660 -> 0x118	len 0x118 + ofst 0x0
kern  :info  : [  805.247647] rust_kjit: Vlabel: 0xfffff7668664 -> 0x128	len 0x128 + ofst 0x0
kern  :info  : [  805.247648] rust_kjit: Vlabel: 0xfffff7668668 -> 0x12c	len 0x12c + ofst 0x0
kern  :info  : [  805.247649] rust_kjit: Vlabel: 0xfffff766866c -> 0x130	len 0x130 + ofst 0x0
kern  :info  : [  805.247650] rust_kjit: Vlabel: 0xfffff7668670 -> 0x134	len 0x134 + ofst 0x0
kern  :info  : [  805.247650] rust_kjit: Vlabel: 0xfffff7668674 -> 0x138	len 0x138 + ofst 0x0
kern  :info  : [  805.247651] rust_kjit: Vlabel: 0xfffff7668678 -> 0x13c	len 0x13c + ofst 0x0
kern  :info  : [  805.247652] rust_kjit: Vlabel: 0xfffff766867c -> 0x140	len 0x140 + ofst 0x0
kern  :info  : [  805.247653] rust_kjit: Vlabel: 0xfffff7668680 -> 0x144	len 0x144 + ofst 0x0
kern  :info  : [  805.247654] rust_kjit: Vlabel: 0xfffff7668684 -> 0x148	len 0x148 + ofst 0x0
kern  :info  : [  805.247655] rust_kjit: Vlabel: 0xfffff7668688 -> 0x14c	len 0x14c + ofst 0x0
kern  :info  : [  805.247657] rust_kjit: Vlabel: 0xfffff772ce0c -> 0x15c	len 0x15c + ofst 0x0
kern  :info  : [  805.247657] rust_kjit: Vlabel: 0xfffff772ce10 -> 0x160	len 0x160 + ofst 0x0
kern  :info  : [  805.247659] rust_kjit: Vlabel: 0xfffff772ce14 -> 0x164	len 0x164 + ofst 0x0
kern  :info  : [  805.247660] rust_kjit: Vlabel: 0xfffff772ce18 -> 0x174	len 0x174 + ofst 0x0
kern  :info  : [  805.247661] rust_kjit: Final code: fd 7b b4 a9 fd 03 00 91 f2 2f 00 f9 f3 53 06 a9 f5 5b 07 a9 f7 63 08 a9 f9 6b 09 a9 fb 73 0a a9 f0 03 00 aa f1 03 01 aa f0 47 0b a9 00 06 40 a9 02 0e 41 a9 04 16 42 a9 06 1e 43 a9 08 26 44 a9 0a 2e 45 a9 0c 36 46 a9 0e 3e 47 a9 12 4e 49 a9 14 56 4a a9 16 5e 4b a9 18 66 4c a9 1a 6e 4d a9 1c 72 40 f9 1e 7a 40 f9 11 76 40 f9 f1 23 00 f9 11 7e 40 f9 f1 27 00 f9 10 46 48 a9 ec 37 01 a9 ee 3f 02 a9 f0 47 03 a9 f0 47 44 a9 34 00 00 14 f0 47 04 a9 f0 47 4b a9 2a 2e 00 a9 ee 3f 41 a9 0e 3e 06 a9 ee 3f 42 a9 0e 3e 07 a9 ee 3f 43 a9 0e 3e 08 a9 ee 23 40 f9 0e 76 00 f9 ee 27 40 f9 0e 7e 00 f9 00 06 00 a9 02 0e 01 a9 04 16 02 a9 06 1e 03 a9 08 22 00 f9 12 4e 09 a9 14 56 0a a9 16 5e 0b a9 18 66 0c a9 1a 6e 0d a9 1c 72 00 f9 1e 7a 00 f9 e0 03 09 aa f2 2f 40 f9 f3 53 46 a9 
kern  :info  : [  805.247727] rust_kjit: Final code con't: f5 5b 47 a9 f7 63 48 a9 f9 6b 49 a9 fb 73 4a a9 fd 7b cc a8 c0 03 5f d6 02 00 e0 d2 e2 ff df f2 c2 ef be f2 02 00 9e f2 42 ec 46 f9 43 d0 3b d5 30 7a bf a9 e1 03 00 aa e1 03 01 4b f0 03 11 aa 61 68 22 b8 00 00 80 92 30 7a c1 a8 89 00 80 d2 ea 03 1e aa 2b 00 00 10 ce ff ff 17 1f fc 3f b1 a2 00 00 54 89 00 80 d2 ea 03 1e aa 2b 00 00 10 c8 ff ff 17 e9 ff ff 17 
kern  :info  : [  805.247816] rust_kjit: ###### Lift session 1 ######
kern  :info  : [  805.247817] rust_kjit: Regs: 
kern  :warn  : [  805.247818] 	X00: 000000000000	X01: 000000000003	X02: 000000000035	X03: ffffffffe908
kern  :warn  : [  805.247821] 	X04: 000000000056	X05: fffff72b3070	X06: 000000001217	X07: 00000000000a
kern  :warn  : [  805.247823] 	X08: 000000000015	X09: 000000000000	X10: 000000000000	X11: 000000000000
kern  :warn  : [  805.247825] 	X12: 000000000000	X13: 000000004010	X14: 000000000000	X15: 000000000000
kern  :warn  : [  805.247827] 	X16: aaaaaabdfe40	X17: fffff772ce00	X18: 0000000372cf	X19: 0000fffffff9
kern  :warn  : [  805.247829] 	X20: 000000000035	X21: fffff7208000	X22: 0000000006a0	X23: fffff720d000
kern  :warn  : [  805.247831] 	X24: ffffffffe9a0	X25: aaaaaab8f000	X26: 000000000035	X27: aaaaaab8f000
kern  :warn  : [  805.247832] 	X28: aaaaaab8f000	X29: ffffffffe920	X30: aaaaaab1a570
                              	SP:  ffffffffe900	PC:  fffff772ce0c
kern  :info  : [  805.247834] rust_kjit: RRet at 0x170
kern  :info  : [  805.248299] rust_kjit: BB at 0xaaaaaab1a570
kern  :info  : [  805.248301] rust_kjit: BB: e0 6a 76 b8 a3 02 40 b9 62 02 00 6a e2 6a 36 b8 80 02 43 7a 80 03 00 54 
kern  :info  : [  805.248308] rust_kjit: BB at 0xaaaaaab1a588
kern  :info  : [  805.248309] rust_kjit: BB: 20 06 00 b0 00 c0 47 f9 e2 0f 40 f9 01 00 40 f9 42 00 01 eb 01 00 80 d2 61 05 00 54 
kern  :info  : [  805.248317] rust_kjit: BB at 0xaaaaaab1a5a4
kern  :info  : [  805.248317] rust_kjit: BB: fd 7b 42 a9 f3 53 43 a9 f5 5b 44 a9 f7 2b 40 f9 ff 83 01 91 bf 23 03 d5 c0 03 5f d6 
kern  :info  : [  805.248325] rust_kjit: BB at 0xaaaaaab1a5f4
kern  :info  : [  805.248325] rust_kjit: BB: 61 04 00 71 a4 01 00 54 
kern  :info  : [  805.248327] rust_kjit: BB at 0xaaaaaab1a5fc
kern  :info  : [  805.248328] rust_kjit: BB: 04 04 80 52 e2 03 80 92 a0 0a 40 f9 63 08 24 9b 00 00 03 8b 05 00 00 14 
kern  :info  : [  805.248335] rust_kjit: BB at 0xaaaaaab1a614
kern  :info  : [  805.248335] rust_kjit: BB: 21 04 00 51 00 80 00 d1 3f 04 00 31 60 00 00 54 
kern  :info  : [  805.248340] rust_kjit: BB at 0xaaaaaab1a624
kern  :info  : [  805.248340] rust_kjit: BB: 02 00 40 b9 62 ff ff 34 
kern  :info  : [  805.248342] rust_kjit: BB at 0xaaaaaab1a62c
kern  :info  : [  805.248343] rust_kjit: BB: a1 02 00 b9 d6 ff ff 17 
kern  :info  : [  805.248345] rust_kjit: BB at 0xaaaaaab1a64c
kern  :info  : [  805.248346] rust_kjit: BB: 39 cf ff 97 
kern  :info  : [  805.248347] rust_kjit: BB at 0xaaaaaab1a650
kern  :info  : [  805.248348] rust_kjit: BB: 5f 24 03 d5 e3 03 01 aa e1 03 02 aa 62 f0 5f 38 40 08 00 12 1f 08 00 71 c0 06 00 54 
kern  :info  : [  805.248357] rust_kjit: BB at 0xaaaaaab1a66c
kern  :info  : [  805.248357] rust_kjit: BB: a9 03 00 54 
kern  :info  : [  805.248359] rust_kjit: BB at 0xaaaaaab1a670
kern  :info  : [  805.248359] rust_kjit: BB: 1f 0c 00 71 20 06 00 54 
kern  :info  : [  805.248362] rust_kjit: BB at 0xaaaaaab1a678
kern  :info  : [  805.248362] rust_kjit: BB: 02 00 80 52 1f 10 00 71 41 00 00 54 
kern  :info  : [  805.248366] rust_kjit: BB at 0xaaaaaab1a684
kern  :info  : [  805.248367] rust_kjit: BB: 62 f0 5e b8 
kern  :info  : [  805.248368] rust_kjit: BB at 0xaaaaaab1a688
kern  :info  : [  805.248368] rust_kjit: BB: 20 f0 5f 38 05 08 00 12 bf 08 00 71 60 03 00 54 
kern  :info  : [  805.248373] rust_kjit: BB at 0xaaaaaab1a698
kern  :info  : [  805.248373] rust_kjit: BB: e8 03 00 54 
kern  :info  : [  805.248375] rust_kjit: BB at 0xaaaaaab1a69c
kern  :info  : [  805.248375] rust_kjit: BB: 04 7c 03 53 45 00 00 34 
kern  :info  : [  805.248378] rust_kjit: BB at 0xaaaaaab1a6a4
kern  :info  : [  805.248378] rust_kjit: BB: 24 d0 5f 38 
kern  :info  : [  805.248380] rust_kjit: BB at 0xaaaaaab1a6a8
kern  :info  : [  805.248380] rust_kjit: BB: 00 00 80 52 5f 00 04 6b 01 03 00 54 
kern  :info  : [  805.248384] rust_kjit: BB at 0xaaaaaab1a6b4
kern  :info  : [  805.248384] rust_kjit: BB: 3f 23 03 d5 fd 7b bf a9 42 7c 40 93 fd 03 00 91 e0 03 03 aa 4a cf ff 97 
kern  :info  : [  805.248390] rust_kjit: BB at 0xaaaaaab1a6cc
kern  :info  : [  805.248391] rust_kjit: BB: 1f 00 00 71 fd 7b c1 a8 bf 23 03 d5 e0 17 9f 1a c0 03 5f d6 
kern  :info  : [  805.248396] rust_kjit: BB at 0xaaaaaab1a6e0
kern  :info  : [  805.248397] rust_kjit: BB: 42 7c 03 53 20 fd ff 34 
kern  :info  : [  805.248399] rust_kjit: BB at 0xaaaaaab1a6e8
kern  :info  : [  805.248400] rust_kjit: BB: 20 f0 5f 38 62 d0 5f 38 05 08 00 12 bf 08 00 71 01 fd ff 54 
kern  :info  : [  805.248405] rust_kjit: BB at 0xaaaaaab1a6fc
kern  :info  : [  805.248406] rust_kjit: BB: 1f 20 03 d5 
kern  :info  : [  805.248407] rust_kjit: BB at 0xaaaaaab1a700
kern  :info  : [  805.248407] rust_kjit: BB: 24 b0 5f 78 00 00 80 52 5f 00 04 6b 40 fd ff 54 
kern  :info  : [  805.248412] rust_kjit: BB at 0xaaaaaab1a710
kern  :info  : [  805.248413] rust_kjit: BB: c0 03 5f d6 
kern  :info  : [  805.248414] rust_kjit: BB at 0xaaaaaab1a714
kern  :info  : [  805.248414] rust_kjit: BB: bf 0c 00 71 c0 00 00 54 
kern  :info  : [  805.248417] rust_kjit: BB at 0xaaaaaab1a71c
kern  :info  : [  805.248417] rust_kjit: BB: 04 00 80 52 bf 10 00 71 21 fc ff 54 
kern  :info  : [  805.248421] rust_kjit: BB at 0xaaaaaab1a728
kern  :info  : [  805.248421] rust_kjit: BB: 24 f0 5e b8 df ff ff 17 
kern  :info  : [  805.248424] rust_kjit: BB at 0xaaaaaab1a730
kern  :info  : [  805.248424] rust_kjit: BB: 24 70 5f b8 dd ff ff 17 
kern  :info  : [  805.248426] rust_kjit: BB at 0xaaaaaab1a738
kern  :info  : [  805.248427] rust_kjit: BB: 62 70 5f b8 d3 ff ff 17 
kern  :info  : [  805.248429] rust_kjit: BB at 0xaaaaaab1a740
kern  :info  : [  805.248430] rust_kjit: BB: 62 b0 5f 78 d1 ff ff 17 
kern  :info  : [  805.248454] rust_kjit: ARM64_INS_AUTIASP -> NOP
kern  :info  : [  805.248522] rust_kjit: ARM64_INS_BTI -> NOP
kern  :info  : [  805.248541] rust_kjit: ARM64_INS_PACIASP -> NOP
kern  :info  : [  805.248577] rust_kjit: ARM64_INS_AUTIASP -> NOP
kern  :info  : [  805.248631] rust_kjit: Vlabel: 0xaaaaaab1a570 -> 0x178	len 0x0 + ofst 0x178
kern  :info  : [  805.248640] rust_kjit: Vlabel: 0xaaaaaab1a574 -> 0x17c	len 0x4 + ofst 0x178
kern  :info  : [  805.248641] rust_kjit: Vlabel: 0xaaaaaab1a578 -> 0x180	len 0x8 + ofst 0x178
kern  :info  : [  805.248642] rust_kjit: Vlabel: 0xaaaaaab1a57c -> 0x184	len 0xc + ofst 0x178
kern  :info  : [  805.248643] rust_kjit: Vlabel: 0xaaaaaab1a580 -> 0x188	len 0x10 + ofst 0x178
kern  :info  : [  805.248644] rust_kjit: Vlabel: 0xaaaaaab1a584 -> 0x18c	len 0x14 + ofst 0x178
kern  :info  : [  805.248645] rust_kjit: Vlabel: 0xaaaaaab1a588 -> 0x190	len 0x18 + ofst 0x178
kern  :info  : [  805.248646] rust_kjit: Vlabel: 0xaaaaaab1a58c -> 0x1a0	len 0x28 + ofst 0x178
kern  :info  : [  805.248646] rust_kjit: Vlabel: 0xaaaaaab1a590 -> 0x1a4	len 0x2c + ofst 0x178
kern  :info  : [  805.248647] rust_kjit: Vlabel: 0xaaaaaab1a594 -> 0x1a8	len 0x30 + ofst 0x178
kern  :info  : [  805.248648] rust_kjit: Vlabel: 0xaaaaaab1a598 -> 0x1ac	len 0x34 + ofst 0x178
kern  :info  : [  805.248649] rust_kjit: Vlabel: 0xaaaaaab1a59c -> 0x1b0	len 0x38 + ofst 0x178
kern  :info  : [  805.248650] rust_kjit: Vlabel: 0xaaaaaab1a5a0 -> 0x1b4	len 0x3c + ofst 0x178
kern  :info  : [  805.248651] rust_kjit: Vlabel: 0xaaaaaab1a5a4 -> 0x1b8	len 0x40 + ofst 0x178
kern  :info  : [  805.248652] rust_kjit: Vlabel: 0xaaaaaab1a5a8 -> 0x1bc	len 0x44 + ofst 0x178
kern  :info  : [  805.248652] rust_kjit: Vlabel: 0xaaaaaab1a5ac -> 0x1c0	len 0x48 + ofst 0x178
kern  :info  : [  805.248653] rust_kjit: Vlabel: 0xaaaaaab1a5b0 -> 0x1c4	len 0x4c + ofst 0x178
kern  :info  : [  805.248654] rust_kjit: Vlabel: 0xaaaaaab1a5b4 -> 0x1c8	len 0x50 + ofst 0x178
kern  :info  : [  805.248655] rust_kjit: Vlabel: 0xaaaaaab1a5b8 -> 0x1cc	len 0x54 + ofst 0x178
kern  :info  : [  805.248656] rust_kjit: Vlabel: 0xaaaaaab1a5bc -> 0x1d0	len 0x58 + ofst 0x178
kern  :info  : [  805.248657] rust_kjit: Vlabel: 0xaaaaaab1a5f4 -> 0x1e0	len 0x68 + ofst 0x178
kern  :info  : [  805.248658] rust_kjit: Vlabel: 0xaaaaaab1a5f8 -> 0x1e4	len 0x6c + ofst 0x178
kern  :info  : [  805.248659] rust_kjit: Vlabel: 0xaaaaaab1a5fc -> 0x1e8	len 0x70 + ofst 0x178
kern  :info  : [  805.248660] rust_kjit: Vlabel: 0xaaaaaab1a600 -> 0x1ec	len 0x74 + ofst 0x178
kern  :info  : [  805.248661] rust_kjit: Vlabel: 0xaaaaaab1a604 -> 0x1f0	len 0x78 + ofst 0x178
kern  :info  : [  805.248662] rust_kjit: Vlabel: 0xaaaaaab1a608 -> 0x1f4	len 0x7c + ofst 0x178
kern  :info  : [  805.248662] rust_kjit: Vlabel: 0xaaaaaab1a60c -> 0x1f8	len 0x80 + ofst 0x178
kern  :info  : [  805.248663] rust_kjit: Vlabel: 0xaaaaaab1a610 -> 0x1fc	len 0x84 + ofst 0x178
kern  :info  : [  805.248664] rust_kjit: Vlabel: 0xaaaaaab1a614 -> 0x200	len 0x88 + ofst 0x178
kern  :info  : [  805.248665] rust_kjit: Vlabel: 0xaaaaaab1a618 -> 0x204	len 0x8c + ofst 0x178
kern  :info  : [  805.248666] rust_kjit: Vlabel: 0xaaaaaab1a61c -> 0x208	len 0x90 + ofst 0x178
kern  :info  : [  805.248667] rust_kjit: Vlabel: 0xaaaaaab1a620 -> 0x20c	len 0x94 + ofst 0x178
kern  :info  : [  805.248668] rust_kjit: Vlabel: 0xaaaaaab1a624 -> 0x210	len 0x98 + ofst 0x178
kern  :info  : [  805.248669] rust_kjit: Vlabel: 0xaaaaaab1a628 -> 0x214	len 0x9c + ofst 0x178
kern  :info  : [  805.248670] rust_kjit: Vlabel: 0xaaaaaab1a62c -> 0x218	len 0xa0 + ofst 0x178
kern  :info  : [  805.248671] rust_kjit: Vlabel: 0xaaaaaab1a630 -> 0x21c	len 0xa4 + ofst 0x178
kern  :info  : [  805.248673] rust_kjit: Vlabel: 0xaaaaaab1a64c -> 0x220	len 0xa8 + ofst 0x178
kern  :info  : [  805.248674] rust_kjit: Vlabel: 0xaaaaaab1a650 -> 0x23c	len 0xc4 + ofst 0x178
kern  :info  : [  805.248675] rust_kjit: Vlabel: 0xaaaaaab1a654 -> 0x240	len 0xc8 + ofst 0x178
kern  :info  : [  805.248676] rust_kjit: Vlabel: 0xaaaaaab1a658 -> 0x244	len 0xcc + ofst 0x178
kern  :info  : [  805.248676] rust_kjit: Vlabel: 0xaaaaaab1a65c -> 0x248	len 0xd0 + ofst 0x178
kern  :info  : [  805.248677] rust_kjit: Vlabel: 0xaaaaaab1a660 -> 0x24c	len 0xd4 + ofst 0x178
kern  :info  : [  805.248678] rust_kjit: Vlabel: 0xaaaaaab1a664 -> 0x250	len 0xd8 + ofst 0x178
kern  :info  : [  805.248679] rust_kjit: Vlabel: 0xaaaaaab1a668 -> 0x254	len 0xdc + ofst 0x178
kern  :info  : [  805.248680] rust_kjit: Vlabel: 0xaaaaaab1a66c -> 0x258	len 0xe0 + ofst 0x178
kern  :info  : [  805.248681] rust_kjit: Vlabel: 0xaaaaaab1a670 -> 0x25c	len 0xe4 + ofst 0x178
kern  :info  : [  805.248682] rust_kjit: Vlabel: 0xaaaaaab1a674 -> 0x260	len 0xe8 + ofst 0x178
kern  :info  : [  805.248683] rust_kjit: Vlabel: 0xaaaaaab1a678 -> 0x264	len 0xec + ofst 0x178
kern  :info  : [  805.248683] rust_kjit: Vlabel: 0xaaaaaab1a67c -> 0x268	len 0xf0 + ofst 0x178
kern  :info  : [  805.248684] rust_kjit: Vlabel: 0xaaaaaab1a680 -> 0x26c	len 0xf4 + ofst 0x178
kern  :info  : [  805.248685] rust_kjit: Vlabel: 0xaaaaaab1a684 -> 0x270	len 0xf8 + ofst 0x178
kern  :info  : [  805.248686] rust_kjit: Vlabel: 0xaaaaaab1a688 -> 0x274	len 0xfc + ofst 0x178
kern  :info  : [  805.248687] rust_kjit: Vlabel: 0xaaaaaab1a68c -> 0x278	len 0x100 + ofst 0x178
kern  :info  : [  805.248688] rust_kjit: Vlabel: 0xaaaaaab1a690 -> 0x27c	len 0x104 + ofst 0x178
kern  :info  : [  805.248689] rust_kjit: Vlabel: 0xaaaaaab1a694 -> 0x280	len 0x108 + ofst 0x178
kern  :info  : [  805.248690] rust_kjit: Vlabel: 0xaaaaaab1a698 -> 0x284	len 0x10c + ofst 0x178
kern  :info  : [  805.248691] rust_kjit: Vlabel: 0xaaaaaab1a69c -> 0x288	len 0x110 + ofst 0x178
kern  :info  : [  805.248692] rust_kjit: Vlabel: 0xaaaaaab1a6a0 -> 0x28c	len 0x114 + ofst 0x178
kern  :info  : [  805.248693] rust_kjit: Vlabel: 0xaaaaaab1a6a4 -> 0x290	len 0x118 + ofst 0x178
kern  :info  : [  805.248694] rust_kjit: Vlabel: 0xaaaaaab1a6a8 -> 0x294	len 0x11c + ofst 0x178
kern  :info  : [  805.248695] rust_kjit: Vlabel: 0xaaaaaab1a6ac -> 0x298	len 0x120 + ofst 0x178
kern  :info  : [  805.248696] rust_kjit: Vlabel: 0xaaaaaab1a6b0 -> 0x29c	len 0x124 + ofst 0x178
kern  :info  : [  805.248697] rust_kjit: Vlabel: 0xaaaaaab1a6b4 -> 0x2a0	len 0x128 + ofst 0x178
kern  :info  : [  805.248697] rust_kjit: Vlabel: 0xaaaaaab1a6b8 -> 0x2a4	len 0x12c + ofst 0x178
kern  :info  : [  805.248698] rust_kjit: Vlabel: 0xaaaaaab1a6bc -> 0x2a8	len 0x130 + ofst 0x178
kern  :info  : [  805.248699] rust_kjit: Vlabel: 0xaaaaaab1a6c0 -> 0x2ac	len 0x134 + ofst 0x178
kern  :info  : [  805.248700] rust_kjit: Vlabel: 0xaaaaaab1a6c4 -> 0x2b0	len 0x138 + ofst 0x178
kern  :info  : [  805.248701] rust_kjit: Vlabel: 0xaaaaaab1a6c8 -> 0x2b4	len 0x13c + ofst 0x178
kern  :info  : [  805.248702] rust_kjit: Vlabel: 0xaaaaaab1a6cc -> 0x2d0	len 0x158 + ofst 0x178
kern  :info  : [  805.248703] rust_kjit: Vlabel: 0xaaaaaab1a6d0 -> 0x2d4	len 0x15c + ofst 0x178
kern  :info  : [  805.248704] rust_kjit: Vlabel: 0xaaaaaab1a6d4 -> 0x2d8	len 0x160 + ofst 0x178
kern  :info  : [  805.248704] rust_kjit: Vlabel: 0xaaaaaab1a6d8 -> 0x2dc	len 0x164 + ofst 0x178
kern  :info  : [  805.248705] rust_kjit: Vlabel: 0xaaaaaab1a6dc -> 0x2e0	len 0x168 + ofst 0x178
kern  :info  : [  805.248707] rust_kjit: Vlabel: 0xaaaaaab1a6e0 -> 0x2f0	len 0x178 + ofst 0x178
kern  :info  : [  805.248708] rust_kjit: Vlabel: 0xaaaaaab1a6e4 -> 0x2f4	len 0x17c + ofst 0x178
kern  :info  : [  805.248709] rust_kjit: Vlabel: 0xaaaaaab1a6e8 -> 0x2f8	len 0x180 + ofst 0x178
kern  :info  : [  805.248710] rust_kjit: Vlabel: 0xaaaaaab1a6ec -> 0x2fc	len 0x184 + ofst 0x178
kern  :info  : [  805.248710] rust_kjit: Vlabel: 0xaaaaaab1a6f0 -> 0x300	len 0x188 + ofst 0x178
kern  :info  : [  805.248711] rust_kjit: Vlabel: 0xaaaaaab1a6f4 -> 0x304	len 0x18c + ofst 0x178
kern  :info  : [  805.248712] rust_kjit: Vlabel: 0xaaaaaab1a6f8 -> 0x308	len 0x190 + ofst 0x178
kern  :info  : [  805.248713] rust_kjit: Vlabel: 0xaaaaaab1a6fc -> 0x30c	len 0x194 + ofst 0x178
kern  :info  : [  805.248714] rust_kjit: Vlabel: 0xaaaaaab1a700 -> 0x310	len 0x198 + ofst 0x178
kern  :info  : [  805.248715] rust_kjit: Vlabel: 0xaaaaaab1a704 -> 0x314	len 0x19c + ofst 0x178
kern  :info  : [  805.248716] rust_kjit: Vlabel: 0xaaaaaab1a708 -> 0x318	len 0x1a0 + ofst 0x178
kern  :info  : [  805.248717] rust_kjit: Vlabel: 0xaaaaaab1a70c -> 0x31c	len 0x1a4 + ofst 0x178
kern  :info  : [  805.248719] rust_kjit: Vlabel: 0xaaaaaab1a710 -> 0x320	len 0x1a8 + ofst 0x178
kern  :info  : [  805.248720] rust_kjit: Vlabel: 0xaaaaaab1a714 -> 0x330	len 0x1b8 + ofst 0x178
kern  :info  : [  805.248721] rust_kjit: Vlabel: 0xaaaaaab1a718 -> 0x334	len 0x1bc + ofst 0x178
kern  :info  : [  805.248722] rust_kjit: Vlabel: 0xaaaaaab1a71c -> 0x338	len 0x1c0 + ofst 0x178
kern  :info  : [  805.248723] rust_kjit: Vlabel: 0xaaaaaab1a720 -> 0x33c	len 0x1c4 + ofst 0x178
kern  :info  : [  805.248723] rust_kjit: Vlabel: 0xaaaaaab1a724 -> 0x340	len 0x1c8 + ofst 0x178
kern  :info  : [  805.248725] rust_kjit: Vlabel: 0xaaaaaab1a728 -> 0x344	len 0x1cc + ofst 0x178
kern  :info  : [  805.248726] rust_kjit: Vlabel: 0xaaaaaab1a72c -> 0x348	len 0x1d0 + ofst 0x178
kern  :info  : [  805.248727] rust_kjit: Vlabel: 0xaaaaaab1a730 -> 0x34c	len 0x1d4 + ofst 0x178
kern  :info  : [  805.248728] rust_kjit: Vlabel: 0xaaaaaab1a734 -> 0x350	len 0x1d8 + ofst 0x178
kern  :info  : [  805.248729] rust_kjit: Vlabel: 0xaaaaaab1a738 -> 0x354	len 0x1dc + ofst 0x178
kern  :info  : [  805.248730] rust_kjit: Vlabel: 0xaaaaaab1a73c -> 0x358	len 0x1e0 + ofst 0x178
kern  :info  : [  805.248732] rust_kjit: Vlabel: 0xaaaaaab1a740 -> 0x35c	len 0x1e4 + ofst 0x178
kern  :info  : [  805.248732] rust_kjit: Vlabel: 0xaaaaaab1a744 -> 0x360	len 0x1e8 + ofst 0x178
kern  :info  : [  805.248733] rust_kjit: Final code: e0 6a 76 b8 a3 02 40 b9 62 02 00 6a e2 6a 36 b8 80 02 43 7a a0 02 00 54 00 00 e0 d2 40 55 d5 f2 a0 57 b5 f2 00 00 9e f2 00 c0 47 f9 22 0e 40 f9 01 00 40 f9 42 00 01 eb 01 00 80 d2 61 03 00 54 30 7a 42 a9 33 52 43 a9 35 5a 44 a9 37 2a 40 f9 31 82 01 91 1f 20 03 d5 89 00 80 d2 ea 03 1e aa 2b 00 00 10 ad ff ff 17 61 04 00 71 a4 01 00 54 04 04 80 52 e2 03 80 92 a0 0a 40 f9 63 08 24 9b 00 00 03 8b 05 00 00 14 21 04 00 51 00 80 00 d1 3f 04 00 31 60 00 00 54 02 00 40 b9 62 ff ff 34 a1 02 00 b9 dd ff ff 17 29 00 80 d2 0a 00 e0 d2 4a 55 d5 f2 0a 56 b5 f2 0a 66 9c f2 2b 00 00 10 96 ff ff 17 1f 20 03 d5 e3 03 01 aa e1 03 02 aa 62 f0 5f 38 40 08 00 12 1f 08 00 71 40 08 00 54 c9 04 00 54 1f 0c 00 71 a0 07 00 54 02 00 80 52 1f 10 00 71 41 00 00 54 62 f0 5e b8 20 f0 5f 38 
kern  :info  : [  805.248801] rust_kjit: Final code con't: 05 08 00 12 bf 08 00 71 80 04 00 54 68 05 00 54 04 7c 03 53 45 00 00 34 24 d0 5f 38 00 00 80 52 5f 00 04 6b 21 04 00 54 1f 20 03 d5 30 7a bf a9 42 7c 40 93 f0 03 11 aa e0 03 03 aa 29 00 80 d2 0a 00 e0 d2 4a 55 d5 f2 0a 56 b5 f2 0a 7e 9c f2 2b 00 00 10 71 ff ff 17 1f 00 00 71 30 7a c1 a8 1f 20 03 d5 e0 17 9f 1a 89 00 80 d2 ea 03 1e aa 2b 00 00 10 69 ff ff 17 42 7c 03 53 00 fc ff 34 20 f0 5f 38 62 d0 5f 38 05 08 00 12 bf 08 00 71 e1 fb ff 54 1f 20 03 d5 24 b0 5f 78 00 00 80 52 5f 00 04 6b 20 fc ff 54 89 00 80 d2 ea 03 1e aa 2b 00 00 10 59 ff ff 17 bf 0c 00 71 c0 00 00 54 04 00 80 52 bf 10 00 71 a1 fa ff 54 24 f0 5e b8 d3 ff ff 17 24 70 5f b8 d1 ff ff 17 62 70 5f b8 c7 ff ff 17 62 b0 5f 78 c5 ff ff 17 
kern  :info  : [  805.248928] rust_kjit: RET to 0xaaaaaab1a570 at 0x178
kern  :info  : [  805.248929] rust_kjit: Regs: 
kern  :warn  : [  805.248930] 	X00: 000000000000	X01: 000000000003	X02: 000000000035	X03: ffffffffe908
kern  :warn  : [  805.248932] 	X04: 000000000056	X05: fffff72b3070	X06: 000000001217	X07: 00000000000a
kern  :warn  : [  805.248934] 	X08: 000000000015	X09: 000000000000	X10: 000000000000	X11: 000000000000
kern  :warn  : [  805.248936] 	X12: 000000000000	X13: 000000004010	X14: 000000000000	X15: 000000000000
kern  :warn  : [  805.248938] 	X16: aaaaaabdfe40	X17: fffff772ce00	X18: 0000000372cf	X19: 0000fffffff9
kern  :warn  : [  805.248940] 	X20: 000000000035	X21: fffff7208000	X22: 0000000006a0	X23: fffff720d000
kern  :warn  : [  805.248942] 	X24: ffffffffe9a0	X25: aaaaaab8f000	X26: 000000000035	X27: aaaaaab8f000
kern  :warn  : [  805.248944] 	X28: aaaaaab8f000	X29: ffffffffe920	X30: aaaaaab1a570
                              	SP:  ffffffffe900	PC:  fffff772ce0c
kern  :info  : [  805.248946] rust_kjit: RRet at 0x1dc
kern  :info  : [  805.249403] rust_kjit: BB at 0xaaaaaab251f4
kern  :info  : [  805.249405] rust_kjit: BB: c0 05 00 d0 00 c0 47 f9 e2 2f 40 f9 01 00 40 f9 42 00 01 eb 01 00 80 d2 81 4b 00 54 
kern  :info  : [  805.249413] rust_kjit: BB at 0xaaaaaab25210
kern  :info  : [  805.249414] rust_kjit: BB: fd 7b 46 a9 f3 53 47 a9 f7 63 49 a9 ff 03 03 91 bf 23 03 d5 c0 03 5f d6 
kern  :info  : [  805.249421] rust_kjit: BB at 0xaaaaaab25910
kern  :info  : [  805.249421] rust_kjit: BB: 61 02 40 f9 80 06 40 b9 21 8c 40 b9 3f 00 00 6b ca 00 00 54 
kern  :info  : [  805.249427] rust_kjit: BB at 0xaaaaaab25924
kern  :info  : [  805.249427] rust_kjit: BB: e0 03 14 aa 22 00 80 52 ed d2 ff 97 
kern  :info  : [  805.249430] rust_kjit: BB at 0xaaaaaab25930
kern  :info  : [  805.249431] rust_kjit: BB: 60 02 40 f9 01 8c 40 b9 
kern  :info  : [  805.249433] rust_kjit: BB at 0xaaaaaab25938
kern  :info  : [  805.249434] rust_kjit: BB: e0 03 14 aa e4 03 13 aa c3 ff ff f0 42 00 80 52 63 c0 13 91 09 d6 ff 97 
kern  :info  : [  805.249440] rust_kjit: BB at 0xaaaaaab25950
kern  :info  : [  805.249441] rust_kjit: BB: c0 06 00 f0 00 40 0b 91 f5 5b 48 a9 00 b4 40 b9 f9 6b 4a a9 7f 22 00 f9 60 5a 00 b9 22 fe ff 17 
kern  :info  : [  805.249449] rust_kjit: BB at 0xaaaaaab25b7c
kern  :info  : [  805.249450] rust_kjit: BB: f5 5b 08 a9 f9 6b 0a a9 fb 73 0b a9 ea a1 ff 97 
kern  :info  : [  805.249454] rust_kjit: BB at 0xaaaaaab25b8c
kern  :info  : [  805.249455] rust_kjit: BB: 63 04 00 d0 63 40 3e 91 41 03 00 90 40 03 00 f0 63 40 01 91 21 40 2a 91 00 60 02 91 e2 a7 80 52 25 a2 ff 97 
kern  :info  : [  805.249465] rust_kjit: BB at 0xaaaaaab25bb0
kern  :info  : [  805.249465] rust_kjit: BB: 3f 23 03 d5 ff 83 00 d1 c3 05 00 d0 63 c0 47 f9 e2 03 00 91 fd 7b 01 a9 fd 43 00 91 64 00 40 f9 e4 07 00 f9 04 00 80 d2 86 fc ff 97 
kern  :info  : [  805.249477] rust_kjit: BB at 0xaaaaaab25bdc
kern  :info  : [  805.249477] rust_kjit: BB: 1f 00 00 f1 e2 03 40 f9 c1 05 00 d0 21 c0 47 f9 40 00 80 9a e3 07 40 f9 22 00 40 f9 63 00 02 eb 02 00 80 d2 a1 00 00 54 
kern  :info  : [  805.249488] rust_kjit: BB at 0xaaaaaab25c04
kern  :info  : [  805.249489] rust_kjit: BB: fd 7b 41 a9 ff 83 00 91 bf 23 03 d5 c0 03 5f d6 
kern  :info  : [  805.249493] rust_kjit: BB at 0xaaaaaab25c14
kern  :info  : [  805.249494] rust_kjit: BB: c7 a1 ff 97 
kern  :info  : [  805.249495] rust_kjit: BB at 0xaaaaaab25c18
kern  :info  : [  805.249495] rust_kjit: BB: 1f 20 03 d5 1f 20 03 d5 3f 23 03 d5 fd 7b be a9 fd 03 00 91 f3 0b 00 f9 f3 03 00 aa 00 06 80 d2 76 ef ff 97 
kern  :info  : [  805.249505] rust_kjit: BB at 0xaaaaaab25c3c
kern  :info  : [  805.249506] rust_kjit: BB: 02 00 80 92 13 08 00 a9 1f 08 00 f9 1f fc 01 a9 f3 0b 40 f9 fd 7b c2 a8 bf 23 03 d5 c0 03 5f d6 
kern  :info  : [  805.249530] rust_kjit: ARM64_INS_AUTIASP -> NOP
kern  :info  : [  805.249720] rust_kjit: ARM64_INS_PACIASP -> NOP
kern  :info  : [  805.249798] rust_kjit: ARM64_INS_AUTIASP -> NOP
kern  :info  : [  805.249857] rust_kjit: ARM64_INS_PACIASP -> NOP
kern  :info  : [  805.249895] rust_kjit: ARM64_INS_AUTIASP -> NOP
kern  :info  : [  805.249922] rust_kjit: Vlabel: 0xaaaaaab251f4 -> 0x364	len 0x0 + ofst 0x364
kern  :info  : [  805.249923] rust_kjit: Vlabel: 0xaaaaaab251f8 -> 0x374	len 0x10 + ofst 0x364
kern  :info  : [  805.249924] rust_kjit: Vlabel: 0xaaaaaab251fc -> 0x378	len 0x14 + ofst 0x364
kern  :info  : [  805.249925] rust_kjit: Vlabel: 0xaaaaaab25200 -> 0x37c	len 0x18 + ofst 0x364
kern  :info  : [  805.249926] rust_kjit: Vlabel: 0xaaaaaab25204 -> 0x380	len 0x1c + ofst 0x364
kern  :info  : [  805.249927] rust_kjit: Vlabel: 0xaaaaaab25208 -> 0x384	len 0x20 + ofst 0x364
kern  :info  : [  805.249928] rust_kjit: Vlabel: 0xaaaaaab2520c -> 0x388	len 0x24 + ofst 0x364
kern  :info  : [  805.249929] rust_kjit: Vlabel: 0xaaaaaab25210 -> 0x38c	len 0x28 + ofst 0x364
kern  :info  : [  805.249930] rust_kjit: Vlabel: 0xaaaaaab25214 -> 0x390	len 0x2c + ofst 0x364
kern  :info  : [  805.249931] rust_kjit: Vlabel: 0xaaaaaab25218 -> 0x394	len 0x30 + ofst 0x364
kern  :info  : [  805.249932] rust_kjit: Vlabel: 0xaaaaaab2521c -> 0x398	len 0x34 + ofst 0x364
kern  :info  : [  805.249933] rust_kjit: Vlabel: 0xaaaaaab25220 -> 0x39c	len 0x38 + ofst 0x364
kern  :info  : [  805.249934] rust_kjit: Vlabel: 0xaaaaaab25224 -> 0x3a0	len 0x3c + ofst 0x364
kern  :info  : [  805.249935] rust_kjit: Vlabel: 0xaaaaaab25910 -> 0x3b0	len 0x4c + ofst 0x364
kern  :info  : [  805.249937] rust_kjit: Vlabel: 0xaaaaaab25914 -> 0x3b4	len 0x50 + ofst 0x364
kern  :info  : [  805.249937] rust_kjit: Vlabel: 0xaaaaaab25918 -> 0x3b8	len 0x54 + ofst 0x364
kern  :info  : [  805.249938] rust_kjit: Vlabel: 0xaaaaaab2591c -> 0x3bc	len 0x58 + ofst 0x364
kern  :info  : [  805.249939] rust_kjit: Vlabel: 0xaaaaaab25920 -> 0x3c0	len 0x5c + ofst 0x364
kern  :info  : [  805.249940] rust_kjit: Vlabel: 0xaaaaaab25924 -> 0x3c4	len 0x60 + ofst 0x364
kern  :info  : [  805.249941] rust_kjit: Vlabel: 0xaaaaaab25928 -> 0x3c8	len 0x64 + ofst 0x364
kern  :info  : [  805.249942] rust_kjit: Vlabel: 0xaaaaaab2592c -> 0x3cc	len 0x68 + ofst 0x364
kern  :info  : [  805.249944] rust_kjit: Vlabel: 0xaaaaaab25930 -> 0x3e8	len 0x84 + ofst 0x364
kern  :info  : [  805.249944] rust_kjit: Vlabel: 0xaaaaaab25934 -> 0x3ec	len 0x88 + ofst 0x364
kern  :info  : [  805.249946] rust_kjit: Vlabel: 0xaaaaaab25938 -> 0x3f0	len 0x8c + ofst 0x364
kern  :info  : [  805.249947] rust_kjit: Vlabel: 0xaaaaaab2593c -> 0x3f4	len 0x90 + ofst 0x364
kern  :info  : [  805.249948] rust_kjit: Vlabel: 0xaaaaaab25940 -> 0x3f8	len 0x94 + ofst 0x364
kern  :info  : [  805.249949] rust_kjit: Vlabel: 0xaaaaaab25944 -> 0x408	len 0xa4 + ofst 0x364
kern  :info  : [  805.249949] rust_kjit: Vlabel: 0xaaaaaab25948 -> 0x40c	len 0xa8 + ofst 0x364
kern  :info  : [  805.249950] rust_kjit: Vlabel: 0xaaaaaab2594c -> 0x410	len 0xac + ofst 0x364
kern  :info  : [  805.249952] rust_kjit: Vlabel: 0xaaaaaab25950 -> 0x42c	len 0xc8 + ofst 0x364
kern  :info  : [  805.249953] rust_kjit: Vlabel: 0xaaaaaab25954 -> 0x43c	len 0xd8 + ofst 0x364
kern  :info  : [  805.249953] rust_kjit: Vlabel: 0xaaaaaab25958 -> 0x440	len 0xdc + ofst 0x364
kern  :info  : [  805.249954] rust_kjit: Vlabel: 0xaaaaaab2595c -> 0x444	len 0xe0 + ofst 0x364
kern  :info  : [  805.249955] rust_kjit: Vlabel: 0xaaaaaab25960 -> 0x448	len 0xe4 + ofst 0x364
kern  :info  : [  805.249956] rust_kjit: Vlabel: 0xaaaaaab25964 -> 0x44c	len 0xe8 + ofst 0x364
kern  :info  : [  805.249957] rust_kjit: Vlabel: 0xaaaaaab25968 -> 0x450	len 0xec + ofst 0x364
kern  :info  : [  805.249958] rust_kjit: Vlabel: 0xaaaaaab2596c -> 0x454	len 0xf0 + ofst 0x364
kern  :info  : [  805.249959] rust_kjit: Vlabel: 0xaaaaaab25b7c -> 0x458	len 0xf4 + ofst 0x364
kern  :info  : [  805.249960] rust_kjit: Vlabel: 0xaaaaaab25b80 -> 0x45c	len 0xf8 + ofst 0x364
kern  :info  : [  805.249961] rust_kjit: Vlabel: 0xaaaaaab25b84 -> 0x460	len 0xfc + ofst 0x364
kern  :info  : [  805.249962] rust_kjit: Vlabel: 0xaaaaaab25b88 -> 0x464	len 0x100 + ofst 0x364
kern  :info  : [  805.249964] rust_kjit: Vlabel: 0xaaaaaab25b8c -> 0x480	len 0x11c + ofst 0x364
kern  :info  : [  805.249965] rust_kjit: Vlabel: 0xaaaaaab25b90 -> 0x490	len 0x12c + ofst 0x364
kern  :info  : [  805.249966] rust_kjit: Vlabel: 0xaaaaaab25b94 -> 0x494	len 0x130 + ofst 0x364
kern  :info  : [  805.249967] rust_kjit: Vlabel: 0xaaaaaab25b98 -> 0x4a4	len 0x140 + ofst 0x364
kern  :info  : [  805.249968] rust_kjit: Vlabel: 0xaaaaaab25b9c -> 0x4b4	len 0x150 + ofst 0x364
kern  :info  : [  805.249969] rust_kjit: Vlabel: 0xaaaaaab25ba0 -> 0x4b8	len 0x154 + ofst 0x364
kern  :info  : [  805.249969] rust_kjit: Vlabel: 0xaaaaaab25ba4 -> 0x4bc	len 0x158 + ofst 0x364
kern  :info  : [  805.249970] rust_kjit: Vlabel: 0xaaaaaab25ba8 -> 0x4c0	len 0x15c + ofst 0x364
kern  :info  : [  805.249971] rust_kjit: Vlabel: 0xaaaaaab25bac -> 0x4c4	len 0x160 + ofst 0x364
kern  :info  : [  805.249973] rust_kjit: Vlabel: 0xaaaaaab25bb0 -> 0x4e0	len 0x17c + ofst 0x364
kern  :info  : [  805.249973] rust_kjit: Vlabel: 0xaaaaaab25bb4 -> 0x4e4	len 0x180 + ofst 0x364
kern  :info  : [  805.249974] rust_kjit: Vlabel: 0xaaaaaab25bb8 -> 0x4e8	len 0x184 + ofst 0x364
kern  :info  : [  805.249975] rust_kjit: Vlabel: 0xaaaaaab25bbc -> 0x4f8	len 0x194 + ofst 0x364
kern  :info  : [  805.249976] rust_kjit: Vlabel: 0xaaaaaab25bc0 -> 0x4fc	len 0x198 + ofst 0x364
kern  :info  : [  805.249977] rust_kjit: Vlabel: 0xaaaaaab25bc4 -> 0x500	len 0x19c + ofst 0x364
kern  :info  : [  805.249978] rust_kjit: Vlabel: 0xaaaaaab25bc8 -> 0x504	len 0x1a0 + ofst 0x364
kern  :info  : [  805.249979] rust_kjit: Vlabel: 0xaaaaaab25bcc -> 0x508	len 0x1a4 + ofst 0x364
kern  :info  : [  805.249980] rust_kjit: Vlabel: 0xaaaaaab25bd0 -> 0x50c	len 0x1a8 + ofst 0x364
kern  :info  : [  805.249981] rust_kjit: Vlabel: 0xaaaaaab25bd4 -> 0x510	len 0x1ac + ofst 0x364
kern  :info  : [  805.249981] rust_kjit: Vlabel: 0xaaaaaab25bd8 -> 0x514	len 0x1b0 + ofst 0x364
kern  :info  : [  805.249983] rust_kjit: Vlabel: 0xaaaaaab25bdc -> 0x530	len 0x1cc + ofst 0x364
kern  :info  : [  805.249984] rust_kjit: Vlabel: 0xaaaaaab25be0 -> 0x534	len 0x1d0 + ofst 0x364
kern  :info  : [  805.249985] rust_kjit: Vlabel: 0xaaaaaab25be4 -> 0x538	len 0x1d4 + ofst 0x364
kern  :info  : [  805.249986] rust_kjit: Vlabel: 0xaaaaaab25be8 -> 0x548	len 0x1e4 + ofst 0x364
kern  :info  : [  805.249987] rust_kjit: Vlabel: 0xaaaaaab25bec -> 0x54c	len 0x1e8 + ofst 0x364
kern  :info  : [  805.249987] rust_kjit: Vlabel: 0xaaaaaab25bf0 -> 0x550	len 0x1ec + ofst 0x364
kern  :info  : [  805.249988] rust_kjit: Vlabel: 0xaaaaaab25bf4 -> 0x554	len 0x1f0 + ofst 0x364
kern  :info  : [  805.249989] rust_kjit: Vlabel: 0xaaaaaab25bf8 -> 0x558	len 0x1f4 + ofst 0x364
kern  :info  : [  805.249990] rust_kjit: Vlabel: 0xaaaaaab25bfc -> 0x55c	len 0x1f8 + ofst 0x364
kern  :info  : [  805.249991] rust_kjit: Vlabel: 0xaaaaaab25c00 -> 0x560	len 0x1fc + ofst 0x364
kern  :info  : [  805.249992] rust_kjit: Vlabel: 0xaaaaaab25c04 -> 0x564	len 0x200 + ofst 0x364
kern  :info  : [  805.249993] rust_kjit: Vlabel: 0xaaaaaab25c08 -> 0x568	len 0x204 + ofst 0x364
kern  :info  : [  805.249994] rust_kjit: Vlabel: 0xaaaaaab25c0c -> 0x56c	len 0x208 + ofst 0x364
kern  :info  : [  805.249995] rust_kjit: Vlabel: 0xaaaaaab25c10 -> 0x570	len 0x20c + ofst 0x364
kern  :info  : [  805.249997] rust_kjit: Vlabel: 0xaaaaaab25c14 -> 0x580	len 0x21c + ofst 0x364
kern  :info  : [  805.249998] rust_kjit: Vlabel: 0xaaaaaab25c18 -> 0x59c	len 0x238 + ofst 0x364
kern  :info  : [  805.249999] rust_kjit: Vlabel: 0xaaaaaab25c1c -> 0x5a0	len 0x23c + ofst 0x364
kern  :info  : [  805.250000] rust_kjit: Vlabel: 0xaaaaaab25c20 -> 0x5a4	len 0x240 + ofst 0x364
kern  :info  : [  805.250001] rust_kjit: Vlabel: 0xaaaaaab25c24 -> 0x5a8	len 0x244 + ofst 0x364
kern  :info  : [  805.250002] rust_kjit: Vlabel: 0xaaaaaab25c28 -> 0x5ac	len 0x248 + ofst 0x364
kern  :info  : [  805.250002] rust_kjit: Vlabel: 0xaaaaaab25c2c -> 0x5b0	len 0x24c + ofst 0x364
kern  :info  : [  805.250003] rust_kjit: Vlabel: 0xaaaaaab25c30 -> 0x5b4	len 0x250 + ofst 0x364
kern  :info  : [  805.250004] rust_kjit: Vlabel: 0xaaaaaab25c34 -> 0x5b8	len 0x254 + ofst 0x364
kern  :info  : [  805.250005] rust_kjit: Vlabel: 0xaaaaaab25c38 -> 0x5bc	len 0x258 + ofst 0x364
kern  :info  : [  805.250006] rust_kjit: Vlabel: 0xaaaaaab25c3c -> 0x5d8	len 0x274 + ofst 0x364
kern  :info  : [  805.250007] rust_kjit: Vlabel: 0xaaaaaab25c40 -> 0x5dc	len 0x278 + ofst 0x364
kern  :info  : [  805.250008] rust_kjit: Vlabel: 0xaaaaaab25c44 -> 0x5e0	len 0x27c + ofst 0x364
kern  :info  : [  805.250009] rust_kjit: Vlabel: 0xaaaaaab25c48 -> 0x5e4	len 0x280 + ofst 0x364
kern  :info  : [  805.250010] rust_kjit: Vlabel: 0xaaaaaab25c4c -> 0x5e8	len 0x284 + ofst 0x364
kern  :info  : [  805.250011] rust_kjit: Vlabel: 0xaaaaaab25c50 -> 0x5ec	len 0x288 + ofst 0x364
kern  :info  : [  805.250012] rust_kjit: Vlabel: 0xaaaaaab25c54 -> 0x5f0	len 0x28c + ofst 0x364
kern  :info  : [  805.250013] rust_kjit: Vlabel: 0xaaaaaab25c58 -> 0x5f4	len 0x290 + ofst 0x364
kern  :info  : [  805.250014] rust_kjit: Final code: 00 00 e0 d2 40 55 d5 f2 a0 57 b5 f2 00 00 9e f2 00 c0 47 f9 22 2e 40 f9 01 00 40 f9 42 00 01 eb 01 00 80 d2 81 06 00 54 30 7a 46 a9 33 52 47 a9 37 62 49 a9 31 02 03 91 1f 20 03 d5 89 00 80 d2 ea 03 1e aa 2b 00 00 10 39 ff ff 17 61 02 40 f9 80 06 40 b9 21 8c 40 b9 3f 00 00 6b 8a 01 00 54 e0 03 14 aa 22 00 80 52 29 00 80 d2 0a 00 e0 d2 4a 55 d5 f2 2a 56 b5 f2 0a 9c 94 f2 2b 00 00 10 2b ff ff 17 60 02 40 f9 01 8c 40 b9 e0 03 14 aa e4 03 13 aa 03 00 e0 d2 43 55 d5 f2 43 56 b5 f2 03 00 80 f2 42 00 80 52 63 c0 13 91 29 00 80 d2 0a 00 e0 d2 4a 55 d5 f2 2a 56 b5 f2 0a 2e 96 f2 2b 00 00 10 1a ff ff 17 00 00 e0 d2 40 55 d5 f2 00 58 b5 f2 00 00 80 f2 00 40 0b 91 35 5a 48 a9 00 b4 40 b9 39 6a 4a a9 7f 22 00 f9 60 5a 00 b9 c4 ff ff 17 35 5a 08 a9 39 6a 0a a9 3b 72 0b a9 
kern  :info  : [  805.250098] rust_kjit: Final code con't: 29 00 80 d2 0a 00 e0 d2 4a 55 d5 f2 0a 56 b5 f2 0a 66 9c f2 2b 00 00 10 05 ff ff 17 03 00 e0 d2 43 55 d5 f2 63 57 b5 f2 03 00 86 f2 63 40 3e 91 01 00 e0 d2 41 55 d5 f2 01 57 b5 f2 01 00 9a f2 00 00 e0 d2 40 55 d5 f2 20 57 b5 f2 00 00 80 f2 63 40 01 91 21 40 2a 91 00 60 02 91 e2 a7 80 52 29 00 80 d2 0a 00 e0 d2 4a 55 d5 f2 0a 56 b5 f2 0a 88 9c f2 2b 00 00 10 ed fe ff 17 1f 20 03 d5 31 82 00 d1 03 00 e0 d2 43 55 d5 f2 a3 57 b5 f2 03 00 9e f2 63 c0 47 f9 e2 03 11 aa 30 7a 01 a9 30 42 00 91 64 00 40 f9 24 06 00 f9 04 00 80 d2 29 00 80 d2 0a 00 e0 d2 4a 55 d5 f2 4a 56 b5 f2 0a be 89 f2 2b 00 00 10 d9 fe ff 17 1f 00 00 f1 22 02 40 f9 01 00 e0 d2 41 55 d5 f2 a1 57 b5 f2 01 00 9e f2 21 c0 47 f9 40 00 80 9a 23 06 40 f9 22 00 40 f9 63 00 02 eb 02 00 80 d2 01 01 00 54 
kern  :info  : [  805.250192] rust_kjit: Final code con't: 30 7a 41 a9 31 82 00 91 1f 20 03 d5 89 00 80 d2 ea 03 1e aa 2b 00 00 10 c5 fe ff 17 29 00 80 d2 0a 00 e0 d2 4a 55 d5 f2 0a 56 b5 f2 0a 66 9c f2 2b 00 00 10 be fe ff 17 1f 20 03 d5 1f 20 03 d5 1f 20 03 d5 30 7a be a9 f0 03 11 aa 33 0a 00 f9 f3 03 00 aa 00 06 80 d2 29 00 80 d2 0a 00 e0 d2 4a 55 d5 f2 4a 56 b5 f2 0a 42 83 f2 2b 00 00 10 af fe ff 17 02 00 80 92 13 08 00 a9 1f 08 00 f9 1f fc 01 a9 33 0a 40 f9 30 7a c2 a8 1f 20 03 d5 89 00 80 d2 ea 03 1e aa 2b 00 00 10 a4 fe ff 17 
kern  :info  : [  805.250320] rust_kjit: RET to 0xaaaaaab25910 at 0x3b0
kern  :info  : [  805.250321] rust_kjit: Regs: 
kern  :warn  : [  805.250322] 	X00: fffff7ffdb50	X01: 000000000000	X02: 000000000000	X03: 000000000035
kern  :warn  : [  805.250324] 	X04: 000000000056	X05: fffff72b3070	X06: 000000001217	X07: 00000000000a
kern  :warn  : [  805.250326] 	X08: 000000000015	X09: 000000000000	X10: 000000000000	X11: 000000000000
kern  :warn  : [  805.250328] 	X12: 000000000000	X13: 000000004010	X14: 000000000000	X15: 000000000000
kern  :warn  : [  805.250330] 	X16: aaaaaabdfe40	X17: fffff772ce00	X18: 0000000372cf	X19: fffff72d2880
kern  :warn  : [  805.250333] 	X20: fffff7208000	X21: 0000000006a0	X22: 00000000001b	X23: aaaaaac002d0
kern  :warn  : [  805.250338] 	X24: ffffffffe9a0	X25: aaaaaab8f000	X26: 000000000035	X27: aaaaaab8f000
kern  :warn  : [  805.250340] 	X28: aaaaaab8f000	X29: ffffffffe9c0	X30: aaaaaab25910
                              	SP:  ffffffffe960	PC:  fffff772ce0c
kern  :info  : [  805.250342] rust_kjit: RBl at 0x3e4
kern  :info  : [  805.250557] rust_kjit: BB at 0xaaaaaab1a4e0
kern  :info  : [  805.250559] rust_kjit: BB: 3f 23 03 d5 ff 83 01 d1 fd 7b 02 a9 fd 83 00 91 f5 5b 04 a9 f5 03 00 aa 36 7c 7b 93 f7 2b 00 f9 b7 0a 40 f9 f3 53 03 a9 f4 03 01 2a 20 06 00 b0 00 c0 47 f9 01 00 40 f9 e1 0f 00 f9 01 00 80 d2 e0 6a 76 b8 20 03 00 34 
kern  :info  : [  805.250579] rust_kjit: BB at 0xaaaaaab1a528
kern  :info  : [  805.250580] rust_kjit: BB: a3 1a 40 f9 41 00 1e 32 5f 00 7f f2 ff ff 00 a9 22 10 82 1a 01 00 22 0a f3 03 22 2a 60 00 40 b9 22 00 1f 12 a1 03 00 36 
kern  :info  : [  805.250591] rust_kjit: BB at 0xaaaaaab1a550
kern  :info  : [  805.250591] rust_kjit: BB: 21 00 80 52 e1 0b 00 b9 e2 06 00 35 
kern  :info  : [  805.250595] rust_kjit: BB at 0xaaaaaab1a55c
kern  :info  : [  805.250595] rust_kjit: BB: f4 13 00 b9 
kern  :info  : [  805.250597] rust_kjit: BB at 0xaaaaaab1a560
kern  :info  : [  805.250597] rust_kjit: BB: e3 23 00 91 e2 03 14 2a 61 00 80 52 f5 d0 ff 97 
kern  :info  : [  805.250602] rust_kjit: BB at 0xaaaaaab1a5c0
kern  :info  : [  805.250602] rust_kjit: BB: 02 04 00 35 
kern  :info  : [  805.250604] rust_kjit: BB at 0xaaaaaab1a5c4
kern  :info  : [  805.250604] rust_kjit: BB: f4 13 00 b9 c1 fc ff 35 
kern  :info  : [  805.250607] rust_kjit: BB at 0xaaaaaab1a5cc
kern  :info  : [  805.250607] rust_kjit: BB: e3 23 00 91 e2 03 14 2a 41 00 80 52 da d0 ff 97 
kern  :info  : [  805.250611] rust_kjit: BB at 0xaaaaaab1a5dc
kern  :info  : [  805.250612] rust_kjit: BB: e0 6a 76 b8 a3 02 40 b9 62 02 00 6a e2 6a 36 b8 80 02 43 7a c1 fc ff 54 
kern  :info  : [  805.250619] rust_kjit: BB at 0xaaaaaab1a634
kern  :info  : [  805.250619] rust_kjit: BB: a1 00 80 52 e1 0b 00 b9 c8 ff ff 17 
kern  :info  : [  805.250622] rust_kjit: BB at 0xaaaaaab1a640
kern  :info  : [  805.250623] rust_kjit: BB: 81 00 80 52 e1 0b 00 b9 c5 ff ff 17 
kern  :info  : [  805.250627] rust_kjit: ARM64_INS_PACIASP -> NOP
kern  :info  : [  805.250758] rust_kjit: Vlabel: 0xaaaaaab1a4e0 -> 0x604	len 0x0 + ofst 0x604
kern  :info  : [  805.250762] rust_kjit: Vlabel: 0xaaaaaab1a4e4 -> 0x608	len 0x4 + ofst 0x604
kern  :info  : [  805.250763] rust_kjit: Vlabel: 0xaaaaaab1a4e8 -> 0x60c	len 0x8 + ofst 0x604
kern  :info  : [  805.250764] rust_kjit: Vlabel: 0xaaaaaab1a4ec -> 0x610	len 0xc + ofst 0x604
kern  :info  : [  805.250765] rust_kjit: Vlabel: 0xaaaaaab1a4f0 -> 0x614	len 0x10 + ofst 0x604
kern  :info  : [  805.250767] rust_kjit: Vlabel: 0xaaaaaab1a4f4 -> 0x618	len 0x14 + ofst 0x604
kern  :info  : [  805.250767] rust_kjit: Vlabel: 0xaaaaaab1a4f8 -> 0x61c	len 0x18 + ofst 0x604
kern  :info  : [  805.250768] rust_kjit: Vlabel: 0xaaaaaab1a4fc -> 0x620	len 0x1c + ofst 0x604
kern  :info  : [  805.250769] rust_kjit: Vlabel: 0xaaaaaab1a500 -> 0x624	len 0x20 + ofst 0x604
kern  :info  : [  805.250770] rust_kjit: Vlabel: 0xaaaaaab1a504 -> 0x628	len 0x24 + ofst 0x604
kern  :info  : [  805.250771] rust_kjit: Vlabel: 0xaaaaaab1a508 -> 0x62c	len 0x28 + ofst 0x604
kern  :info  : [  805.250772] rust_kjit: Vlabel: 0xaaaaaab1a50c -> 0x630	len 0x2c + ofst 0x604
kern  :info  : [  805.250773] rust_kjit: Vlabel: 0xaaaaaab1a510 -> 0x640	len 0x3c + ofst 0x604
kern  :info  : [  805.250774] rust_kjit: Vlabel: 0xaaaaaab1a514 -> 0x644	len 0x40 + ofst 0x604
kern  :info  : [  805.250775] rust_kjit: Vlabel: 0xaaaaaab1a518 -> 0x648	len 0x44 + ofst 0x604
kern  :info  : [  805.250776] rust_kjit: Vlabel: 0xaaaaaab1a51c -> 0x64c	len 0x48 + ofst 0x604
kern  :info  : [  805.250777] rust_kjit: Vlabel: 0xaaaaaab1a520 -> 0x650	len 0x4c + ofst 0x604
kern  :info  : [  805.250778] rust_kjit: Vlabel: 0xaaaaaab1a524 -> 0x654	len 0x50 + ofst 0x604
kern  :info  : [  805.250780] rust_kjit: Vlabel: 0xaaaaaab1a528 -> 0x658	len 0x54 + ofst 0x604
kern  :info  : [  805.250781] rust_kjit: Vlabel: 0xaaaaaab1a52c -> 0x65c	len 0x58 + ofst 0x604
kern  :info  : [  805.250782] rust_kjit: Vlabel: 0xaaaaaab1a530 -> 0x660	len 0x5c + ofst 0x604
kern  :info  : [  805.250782] rust_kjit: Vlabel: 0xaaaaaab1a534 -> 0x664	len 0x60 + ofst 0x604
kern  :info  : [  805.250783] rust_kjit: Vlabel: 0xaaaaaab1a538 -> 0x668	len 0x64 + ofst 0x604
kern  :info  : [  805.250784] rust_kjit: Vlabel: 0xaaaaaab1a53c -> 0x66c	len 0x68 + ofst 0x604
kern  :info  : [  805.250785] rust_kjit: Vlabel: 0xaaaaaab1a540 -> 0x670	len 0x6c + ofst 0x604
kern  :info  : [  805.250786] rust_kjit: Vlabel: 0xaaaaaab1a544 -> 0x674	len 0x70 + ofst 0x604
kern  :info  : [  805.250787] rust_kjit: Vlabel: 0xaaaaaab1a548 -> 0x678	len 0x74 + ofst 0x604
kern  :info  : [  805.250788] rust_kjit: Vlabel: 0xaaaaaab1a54c -> 0x67c	len 0x78 + ofst 0x604
kern  :info  : [  805.250790] rust_kjit: Vlabel: 0xaaaaaab1a550 -> 0x680	len 0x7c + ofst 0x604
kern  :info  : [  805.250791] rust_kjit: Vlabel: 0xaaaaaab1a554 -> 0x684	len 0x80 + ofst 0x604
kern  :info  : [  805.250792] rust_kjit: Vlabel: 0xaaaaaab1a558 -> 0x688	len 0x84 + ofst 0x604
kern  :info  : [  805.250793] rust_kjit: Vlabel: 0xaaaaaab1a55c -> 0x68c	len 0x88 + ofst 0x604
kern  :info  : [  805.250794] rust_kjit: Vlabel: 0xaaaaaab1a560 -> 0x690	len 0x8c + ofst 0x604
kern  :info  : [  805.250795] rust_kjit: Vlabel: 0xaaaaaab1a564 -> 0x694	len 0x90 + ofst 0x604
kern  :info  : [  805.250796] rust_kjit: Vlabel: 0xaaaaaab1a568 -> 0x698	len 0x94 + ofst 0x604
kern  :info  : [  805.250797] rust_kjit: Vlabel: 0xaaaaaab1a56c -> 0x69c	len 0x98 + ofst 0x604
kern  :info  : [  805.250799] rust_kjit: Vlabel: 0xaaaaaab1a570 -> 0x6b8	len 0xb4 + ofst 0x604
kern  :info  : [  805.250801] rust_kjit: Vlabel: 0xaaaaaab1a5c0 -> 0x6bc	len 0xb8 + ofst 0x604
kern  :info  : [  805.250802] rust_kjit: Vlabel: 0xaaaaaab1a5c4 -> 0x6c0	len 0xbc + ofst 0x604
kern  :info  : [  805.250803] rust_kjit: Vlabel: 0xaaaaaab1a5c8 -> 0x6c4	len 0xc0 + ofst 0x604
kern  :info  : [  805.250805] rust_kjit: Vlabel: 0xaaaaaab1a5cc -> 0x6c8	len 0xc4 + ofst 0x604
kern  :info  : [  805.250806] rust_kjit: Vlabel: 0xaaaaaab1a5d0 -> 0x6cc	len 0xc8 + ofst 0x604
kern  :info  : [  805.250807] rust_kjit: Vlabel: 0xaaaaaab1a5d4 -> 0x6d0	len 0xcc + ofst 0x604
kern  :info  : [  805.250808] rust_kjit: Vlabel: 0xaaaaaab1a5d8 -> 0x6d4	len 0xd0 + ofst 0x604
kern  :info  : [  805.250818] rust_kjit: Vlabel: 0xaaaaaab1a5dc -> 0x6f0	len 0xec + ofst 0x604
kern  :info  : [  805.250819] rust_kjit: Vlabel: 0xaaaaaab1a5e0 -> 0x6f4	len 0xf0 + ofst 0x604
kern  :info  : [  805.250820] rust_kjit: Vlabel: 0xaaaaaab1a5e4 -> 0x6f8	len 0xf4 + ofst 0x604
kern  :info  : [  805.250821] rust_kjit: Vlabel: 0xaaaaaab1a5e8 -> 0x6fc	len 0xf8 + ofst 0x604
kern  :info  : [  805.250822] rust_kjit: Vlabel: 0xaaaaaab1a5ec -> 0x700	len 0xfc + ofst 0x604
kern  :info  : [  805.250825] rust_kjit: Vlabel: 0xaaaaaab1a5f0 -> 0x704	len 0x100 + ofst 0x604
kern  :info  : [  805.250827] rust_kjit: Vlabel: 0xaaaaaab1a5f4 -> 0x708	len 0x104 + ofst 0x604
kern  :info  : [  805.250828] rust_kjit: Vlabel: 0xaaaaaab1a634 -> 0x70c	len 0x108 + ofst 0x604
kern  :info  : [  805.250829] rust_kjit: Vlabel: 0xaaaaaab1a638 -> 0x710	len 0x10c + ofst 0x604
kern  :info  : [  805.250830] rust_kjit: Vlabel: 0xaaaaaab1a63c -> 0x714	len 0x110 + ofst 0x604
kern  :info  : [  805.250832] rust_kjit: Vlabel: 0xaaaaaab1a640 -> 0x718	len 0x114 + ofst 0x604
kern  :info  : [  805.250833] rust_kjit: Vlabel: 0xaaaaaab1a644 -> 0x71c	len 0x118 + ofst 0x604
kern  :info  : [  805.250834] rust_kjit: Vlabel: 0xaaaaaab1a648 -> 0x720	len 0x11c + ofst 0x604
kern  :info  : [  805.250835] rust_kjit: Vlabel: 0xaaaaaab1a64c -> 0x724	len 0x120 + ofst 0x604
kern  :info  : [  805.250836] rust_kjit: Final code: 1f 20 03 d5 31 82 01 d1 30 7a 02 a9 30 82 00 91 35 5a 04 a9 f5 03 00 aa 36 7c 7b 93 37 2a 00 f9 b7 0a 40 f9 33 52 03 a9 f4 03 01 2a 00 00 e0 d2 40 55 d5 f2 a0 57 b5 f2 00 00 9e f2 00 c0 47 f9 01 00 40 f9 21 0e 00 f9 01 00 80 d2 e0 6a 76 b8 e0 d9 ff 34 a3 1a 40 f9 41 00 1e 32 5f 00 7f f2 3f fe 00 a9 22 10 82 1a 01 00 22 0a f3 03 22 2a 60 00 40 b9 22 00 1f 12 01 02 00 36 21 00 80 52 21 0a 00 b9 22 04 00 35 34 12 00 b9 23 22 00 91 e2 03 14 2a 61 00 80 52 29 00 80 d2 0a 00 e0 d2 4a 55 d5 f2 0a 56 b5 f2 0a 28 9d f2 2b 00 00 10 77 fe ff 17 b0 fe ff 17 e2 02 00 35 34 12 00 b9 61 fe ff 35 23 22 00 91 e2 03 14 2a 41 00 80 52 29 00 80 d2 0a 00 e0 d2 4a 55 d5 f2 0a 56 b5 f2 0a 28 9d f2 2b 00 00 10 69 fe ff 17 e0 6a 76 b8 a3 02 40 b9 62 02 00 6a e2 6a 36 b8 80 02 43 7a 
kern  :info  : [  805.250903] rust_kjit: Final code con't: 61 d4 ff 54 b6 fe ff 17 a1 00 80 52 21 0a 00 b9 de ff ff 17 81 00 80 52 21 0a 00 b9 db ff ff 17 bf fe ff 17 
kern  :info  : [  805.250951] rust_kjit: BL to unknown target 0xaaaaaab1a4e0 at 0x604
kern  :info  : [  805.250952] rust_kjit: Regs: 
kern  :warn  : [  805.250952] 	X00: fffff7208000	X01: 000000000035	X02: 000000000001	X03: 000000000035
kern  :warn  : [  805.250955] 	X04: 000000000056	X05: fffff72b3070	X06: 000000001217	X07: 00000000000a
kern  :warn  : [  805.250957] 	X08: 000000000015	X09: 000000000000	X10: 000000000000	X11: 000000000000
kern  :warn  : [  805.250959] 	X12: 000000000000	X13: 000000004010	X14: 000000000000	X15: 000000000000
kern  :warn  : [  805.250961] 	X16: aaaaaabdfe40	X17: fffff772ce00	X18: 0000000372cf	X19: fffff72d2880
kern  :warn  : [  805.250963] 	X20: fffff7208000	X21: 0000000006a0	X22: 00000000001b	X23: aaaaaac002d0
kern  :warn  : [  805.250964] 	X24: ffffffffe9a0	X25: aaaaaab8f000	X26: 000000000035	X27: aaaaaab8f000
kern  :warn  : [  805.250966] 	X28: aaaaaab8f000	X29: ffffffffe9c0	X30: aaaaaab25930
                              	SP:  ffffffffe960	PC:  fffff772ce0c
kern  :info  : [  805.250968] rust_kjit: RBl at 0x6ec
kern  :info  : [  805.250979] rust_kjit: BB at 0xaaaaaab0e940
kern  :info  : [  805.250980] rust_kjit: BB: 90 06 00 b0 11 22 47 f9 10 02 39 91 20 02 1f d6 
kern  :info  : [  805.251046] rust_kjit: Vlabel: 0xaaaaaab0e940 -> 0x728	len 0x0 + ofst 0x728
kern  :info  : [  805.251048] rust_kjit: Vlabel: 0xaaaaaab0e944 -> 0x738	len 0x10 + ofst 0x728
kern  :info  : [  805.251049] rust_kjit: Vlabel: 0xaaaaaab0e948 -> 0x73c	len 0x14 + ofst 0x728
kern  :info  : [  805.251050] rust_kjit: Vlabel: 0xaaaaaab0e94c -> 0x740	len 0x18 + ofst 0x728
kern  :info  : [  805.251051] rust_kjit: Final code: 0f 00 80 d2 4f 55 d5 f2 af 57 b5 f2 0f 00 9e f2 ee 21 47 f9 ef 01 39 91 69 00 80 d2 ea 03 0e aa ee 1f 00 f9 ef 1b 00 f9 2b 00 00 10 4f fe ff 17 
kern  :info  : [  805.251096] rust_kjit: BL to unknown target 0xaaaaaab0e940 at 0x728
kern  :info  : [  805.251097] rust_kjit: Regs: 
kern  :warn  : [  805.251098] 	X00: 000000000003	X01: 000000000002	X02: 000000000035	X03: ffffffffe908
kern  :warn  : [  805.251100] 	X04: 000000000056	X05: fffff72b3070	X06: 000000001217	X07: 00000000000a
kern  :warn  : [  805.251102] 	X08: 000000000015	X09: 000000000000	X10: 000000000000	X11: 000000000000
kern  :warn  : [  805.251105] 	X12: 000000000000	X13: 000000004010	X14: 000000000000	X15: 000000000000
kern  :warn  : [  805.251107] 	X16: aaaaaabdfe40	X17: fffff772ce00	X18: 0000000372cf	X19: 0000fffffffe
kern  :warn  : [  805.251109] 	X20: 000000000035	X21: fffff7208000	X22: 0000000006a0	X23: fffff720d000
kern  :warn  : [  805.251110] 	X24: ffffffffe9a0	X25: aaaaaab8f000	X26: 000000000035	X27: aaaaaab8f000
kern  :warn  : [  805.251112] 	X28: aaaaaab8f000	X29: ffffffffe920	X30: aaaaaab1a5dc
                              	SP:  ffffffffe900	PC:  fffff772ce0c
kern  :info  : [  805.251114] rust_kjit: RBr at 0x754
kern  :info  : [  805.251128] rust_kjit: Loop detected
kern  :info  : [  805.251129] rust_kjit: BB at 0xfffff772ce00
kern  :info  : [  805.251130] rust_kjit: BB: 1f 20 03 d5 a8 02 80 d2 01 00 00 d4 
kern  :info  : [  805.251152] rust_kjit: Vlabel: 0xfffff772ce00 -> 0x758	len 0x0 + ofst 0x758
kern  :info  : [  805.251153] rust_kjit: Vlabel: 0xfffff772ce04 -> 0x75c	len 0x4 + ofst 0x758
kern  :info  : [  805.251154] rust_kjit: Vlabel: 0xfffff772ce08 -> 0x760	len 0x8 + ofst 0x758
kern  :info  : [  805.251156] rust_kjit: Vlabel: 0xfffff772ce0c -> 0x770	len 0x18 + ofst 0x758
kern  :info  : [  805.251157] rust_kjit: Final code: 1f 20 03 d5 a8 02 80 d2 09 00 80 d2 ea 03 08 aa 2b 00 00 10 49 fe ff 17 7b fe ff 17 
kern  :info  : [  805.251168] rust_kjit: BR to 0xfffff772ce00 at 0x758
kern  :info  : [  805.251168] rust_kjit: Regs: 
kern  :warn  : [  805.251169] 	X00: 000000000003	X01: 000000000002	X02: 000000000035	X03: ffffffffe908
kern  :warn  : [  805.251171] 	X04: 000000000056	X05: fffff72b3070	X06: 000000001217	X07: 00000000000a
kern  :warn  : [  805.251173] 	X08: 000000000015	X09: 000000000000	X10: 000000000000	X11: 000000000000
kern  :warn  : [  805.251175] 	X12: 000000000000	X13: 000000004010	X14: 000000000000	X15: 000000000000
kern  :warn  : [  805.251177] 	X16: aaaaaabdfe40	X17: fffff772ce00	X18: 0000000372cf	X19: 0000fffffffe
kern  :warn  : [  805.251179] 	X20: 000000000035	X21: fffff7208000	X22: 0000000006a0	X23: fffff720d000
kern  :warn  : [  805.251180] 	X24: ffffffffe9a0	X25: aaaaaab8f000	X26: 000000000035	X27: aaaaaab8f000
kern  :warn  : [  805.251182] 	X28: aaaaaab8f000	X29: ffffffffe920	X30: aaaaaab1a5dc
                              	SP:  ffffffffe900	PC:  fffff772ce0c
kern  :info  : [  805.251183] rust_kjit: RSvc at 0x76c
kern  :alert : [  805.251187] rust_kjit: Reached
kern  :info  : [  805.251188] rust_kjit: Regs: 
kern  :warn  : [  805.251189] 	X00: 000000000000	X01: 000000000002	X02: 000000000035	X03: ffffffffe908
kern  :warn  : [  805.251191] 	X04: 000000000056	X05: fffff72b3070	X06: 000000001217	X07: 00000000000a
kern  :warn  : [  805.251193] 	X08: 000000000015	X09: 000000000000	X10: 000000000000	X11: 000000000000
kern  :warn  : [  805.251195] 	X12: 000000000000	X13: 000000004010	X14: 000000000000	X15: 000000000000
kern  :warn  : [  805.251197] 	X16: aaaaaabdfe40	X17: fffff772ce00	X18: 0000000372cf	X19: 0000fffffffe
kern  :warn  : [  805.251198] 	X20: 000000000035	X21: fffff7208000	X22: 0000000006a0	X23: fffff720d000
kern  :warn  : [  805.251200] 	X24: ffffffffe9a0	X25: aaaaaab8f000	X26: 000000000035	X27: aaaaaab8f000
kern  :warn  : [  805.251202] 	X28: aaaaaab8f000	X29: ffffffffe920	X30: aaaaaab1a5dc
                              	SP:  ffffffffe900	PC:  fffff772ce0c
kern  :info  : [  805.251203] rust_kjit: RRet at 0x170 to known target 0xaaaaaab1a5dc
kern  :info  : [  805.251205] rust_kjit: Regs: 
kern  :warn  : [  805.251205] 	X00: 000000000000	X01: 000000000002	X02: 000000000035	X03: ffffffffe908
kern  :warn  : [  805.251207] 	X04: 000000000056	X05: fffff72b3070	X06: 000000001217	X07: 00000000000a
kern  :warn  : [  805.251209] 	X08: 000000000015	X09: 000000000000	X10: 000000000000	X11: 000000000000
kern  :warn  : [  805.251211] 	X12: 000000000000	X13: 000000004010	X14: 000000000000	X15: 000000000000
kern  :warn  : [  805.251213] 	X16: aaaaaabdfe40	X17: fffff772ce00	X18: 0000000372cf	X19: 0000fffffffe
kern  :warn  : [  805.251215] 	X20: 000000000035	X21: fffff7208000	X22: 0000000006a0	X23: fffff720d000
kern  :warn  : [  805.251217] 	X24: ffffffffe9a0	X25: aaaaaab8f000	X26: 000000000035	X27: aaaaaab8f000
kern  :warn  : [  805.251218] 	X28: aaaaaab8f000	X29: ffffffffe920	X30: aaaaaab1a5dc
                              	SP:  ffffffffe900	PC:  fffff772ce0c
kern  :info  : [  805.251220] rust_kjit: RRet at 0x1dc to known target 0xaaaaaab25930
kern  :info  : [  805.251221] rust_kjit: Regs: 
kern  :warn  : [  805.251222] 	X00: fffff7ffdb50	X01: 000000000000	X02: 000000000000	X03: 000000000680
kern  :warn  : [  805.251224] 	X04: 000000000020	X05: fffff72b3070	X06: 000000001217	X07: 00000000000a
kern  :warn  : [  805.251226] 	X08: 000000000015	X09: 000000000000	X10: 000000000000	X11: 000000000000
kern  :warn  : [  805.251228] 	X12: 000000000000	X13: 000000004010	X14: 000000000000	X15: 000000000000
kern  :warn  : [  805.251231] 	X16: aaaaaabdfe40	X17: fffff772ce00	X18: 0000000372cf	X19: fffff72d2880
kern  :warn  : [  805.251233] 	X20: fffff7208000	X21: 0000000006a0	X22: 00000000001b	X23: aaaaaac002d0
kern  :warn  : [  805.251235] 	X24: ffffffffe9a0	X25: aaaaaab8f000	X26: 000000000035	X27: aaaaaab8f000
kern  :warn  : [  805.251237] 	X28: aaaaaab8f000	X29: ffffffffe9c0	X30: aaaaaab25930
                              	SP:  ffffffffe960	PC:  fffff772ce0c
kern  :info  : [  805.251239] rust_kjit: RBl at 0x428
kern  :info  : [  805.251560] rust_kjit: BB at 0xaaaaaab1b170
kern  :info  : [  805.251561] rust_kjit: BB: 3f 23 03 d5 ff c3 01 d1 fd 7b 02 a9 fd 83 00 91 05 04 40 b9 f3 53 03 a9 f3 03 01 2a 21 06 00 90 21 c0 47 f9 f9 6b 06 a9 fa 03 00 aa 20 00 40 f9 e0 0f 00 f9 00 00 80 d2 bf 00 13 6b 8d 07 00 54 
kern  :info  : [  805.251579] rust_kjit: BB at 0xaaaaaab1b1b0
kern  :info  : [  805.251580] rust_kjit: BB: f5 5b 04 a9 75 7e 7b 93 f4 03 02 2a 56 0b 40 f9 ff ff 00 a9 61 00 80 52 f7 63 05 a9 d9 02 15 8b c2 6a 75 b8 40 1b 40 f9 5f 00 00 71 f8 03 03 aa f7 03 04 aa 23 00 80 52 82 02 02 2a 21 10 83 1a 42 00 00 36 
kern  :info  : [  805.251598] rust_kjit: BB at 0xaaaaaab1b1f4
kern  :info  : [  805.251599] rust_kjit: BB: e3 0b 00 b9 
kern  :info  : [  805.251600] rust_kjit: BB at 0xaaaaaab1b1f8
kern  :info  : [  805.251601] rust_kjit: BB: 62 04 08 37 
kern  :info  : [  805.251602] rust_kjit: BB at 0xaaaaaab1b1fc
kern  :info  : [  805.251602] rust_kjit: BB: 00 00 40 b9 e3 23 00 91 e2 03 13 2a f3 13 00 b9 cd cd ff 97 
kern  :info  : [  805.251608] rust_kjit: BB at 0xaaaaaab1b210
kern  :info  : [  805.251608] rust_kjit: BB: 1f 04 00 31 e0 04 00 54 
kern  :info  : [  805.251611] rust_kjit: BB at 0xaaaaaab1b218
kern  :info  : [  805.251611] rust_kjit: BB: c1 6a 75 b8 21 00 14 2a c1 6a 35 b8 54 00 00 36 
kern  :info  : [  805.251616] rust_kjit: BB at 0xaaaaaab1b228
kern  :info  : [  805.251616] rust_kjit: BB: 38 07 00 f9 
kern  :info  : [  805.251618] rust_kjit: BB at 0xaaaaaab1b22c
kern  :info  : [  805.251618] rust_kjit: BB: 54 00 08 36 
kern  :info  : [  805.251620] rust_kjit: BB at 0xaaaaaab1b230
kern  :info  : [  805.251620] rust_kjit: BB: 38 0b 00 f9 
kern  :info  : [  805.251622] rust_kjit: BB at 0xaaaaaab1b234
kern  :info  : [  805.251622] rust_kjit: BB: 40 03 40 b9 37 0f 00 f9 1f 00 13 6b ab 02 00 54 
kern  :info  : [  805.251627] rust_kjit: BB at 0xaaaaaab1b244
kern  :info  : [  805.251627] rust_kjit: BB: f5 5b 44 a9 00 00 80 52 f7 63 45 a9 
kern  :info  : [  805.251631] rust_kjit: BB at 0xaaaaaab1b250
kern  :info  : [  805.251631] rust_kjit: BB: 21 06 00 90 21 c0 47 f9 e3 0f 40 f9 22 00 40 f9 63 00 02 eb 02 00 80 d2 c1 02 00 54 
kern  :info  : [  805.251639] rust_kjit: BB at 0xaaaaaab1b26c
kern  :info  : [  805.251639] rust_kjit: BB: fd 7b 42 a9 f3 53 43 a9 f9 6b 46 a9 ff c3 01 91 bf 23 03 d5 c0 03 5f d6 
kern  :info  : [  805.251646] rust_kjit: BB at 0xaaaaaab1b284
kern  :info  : [  805.251646] rust_kjit: BB: e2 0b 40 b9 42 00 1e 32 e2 0b 00 b9 db ff ff 17 
kern  :info  : [  805.251651] rust_kjit: BB at 0xaaaaaab1b294
kern  :info  : [  805.251651] rust_kjit: BB: 53 03 00 b9 eb ff ff 17 
kern  :info  : [  805.251653] rust_kjit: BB at 0xaaaaaab1b29c
kern  :info  : [  805.251654] rust_kjit: BB: 6d cd ff 97 
kern  :info  : [  805.251655] rust_kjit: BB at 0xaaaaaab1b2a0
kern  :info  : [  805.251656] rust_kjit: BB: 41 04 80 52 01 00 00 b9 00 00 80 12 e9 ff ff 17 
kern  :info  : [  805.251660] rust_kjit: BB at 0xaaaaaab1b2b0
kern  :info  : [  805.251661] rust_kjit: BB: f5 5b 44 a9 00 00 80 12 f7 63 45 a9 e5 ff ff 17 
kern  :info  : [  805.251665] rust_kjit: BB at 0xaaaaaab1b2c0
kern  :info  : [  805.251666] rust_kjit: BB: f5 5b 04 a9 f7 63 05 a9 1a cc ff 97 
kern  :info  : [  805.251669] rust_kjit: BB at 0xaaaaaab1b2cc
kern  :info  : [  805.251669] rust_kjit: BB: 1f 20 03 d5 3f 23 03 d5 fd 7b bf a9 fd 03 00 91 03 04 40 b9 7f 00 01 6b 8d 00 00 54 
kern  :info  : [  805.251677] rust_kjit: BB at 0xaaaaaab1b2e8
kern  :info  : [  805.251678] rust_kjit: BB: fd 7b c1 a8 bf 23 03 d5 7c fc ff 17 
kern  :info  : [  805.251681] rust_kjit: BB at 0xaaaaaab1b2f4
kern  :info  : [  805.251681] rust_kjit: BB: fd 7b c1 a8 bf 23 03 d5 c0 03 5f d6 
kern  :info  : [  805.251685] rust_kjit: ARM64_INS_PACIASP -> NOP
kern  :info  : [  805.251820] rust_kjit: ARM64_INS_AUTIASP -> NOP
kern  :info  : [  805.251926] rust_kjit: ARM64_INS_PACIASP -> NOP
kern  :info  : [  805.251945] rust_kjit: ARM64_INS_AUTIASP -> NOP
kern  :info  : [  805.251955] rust_kjit: ARM64_INS_AUTIASP -> NOP
kern  :info  : [  805.251979] rust_kjit: Vlabel: 0xaaaaaab1b170 -> 0x774	len 0x0 + ofst 0x774
kern  :info  : [  805.251981] rust_kjit: Vlabel: 0xaaaaaab1b174 -> 0x778	len 0x4 + ofst 0x774
kern  :info  : [  805.251982] rust_kjit: Vlabel: 0xaaaaaab1b178 -> 0x77c	len 0x8 + ofst 0x774
kern  :info  : [  805.251983] rust_kjit: Vlabel: 0xaaaaaab1b17c -> 0x780	len 0xc + ofst 0x774
kern  :info  : [  805.251984] rust_kjit: Vlabel: 0xaaaaaab1b180 -> 0x784	len 0x10 + ofst 0x774
kern  :info  : [  805.251985] rust_kjit: Vlabel: 0xaaaaaab1b184 -> 0x788	len 0x14 + ofst 0x774
kern  :info  : [  805.251986] rust_kjit: Vlabel: 0xaaaaaab1b188 -> 0x78c	len 0x18 + ofst 0x774
kern  :info  : [  805.251987] rust_kjit: Vlabel: 0xaaaaaab1b18c -> 0x790	len 0x1c + ofst 0x774
kern  :info  : [  805.251988] rust_kjit: Vlabel: 0xaaaaaab1b190 -> 0x7a0	len 0x2c + ofst 0x774
kern  :info  : [  805.251989] rust_kjit: Vlabel: 0xaaaaaab1b194 -> 0x7a4	len 0x30 + ofst 0x774
kern  :info  : [  805.251990] rust_kjit: Vlabel: 0xaaaaaab1b198 -> 0x7a8	len 0x34 + ofst 0x774
kern  :info  : [  805.251991] rust_kjit: Vlabel: 0xaaaaaab1b19c -> 0x7ac	len 0x38 + ofst 0x774
kern  :info  : [  805.251992] rust_kjit: Vlabel: 0xaaaaaab1b1a0 -> 0x7b0	len 0x3c + ofst 0x774
kern  :info  : [  805.251993] rust_kjit: Vlabel: 0xaaaaaab1b1a4 -> 0x7b4	len 0x40 + ofst 0x774
kern  :info  : [  805.251994] rust_kjit: Vlabel: 0xaaaaaab1b1a8 -> 0x7b8	len 0x44 + ofst 0x774
kern  :info  : [  805.251995] rust_kjit: Vlabel: 0xaaaaaab1b1ac -> 0x7bc	len 0x48 + ofst 0x774
kern  :info  : [  805.251997] rust_kjit: Vlabel: 0xaaaaaab1b1b0 -> 0x7c0	len 0x4c + ofst 0x774
kern  :info  : [  805.251998] rust_kjit: Vlabel: 0xaaaaaab1b1b4 -> 0x7c4	len 0x50 + ofst 0x774
kern  :info  : [  805.251998] rust_kjit: Vlabel: 0xaaaaaab1b1b8 -> 0x7c8	len 0x54 + ofst 0x774
kern  :info  : [  805.251999] rust_kjit: Vlabel: 0xaaaaaab1b1bc -> 0x7cc	len 0x58 + ofst 0x774
kern  :info  : [  805.252000] rust_kjit: Vlabel: 0xaaaaaab1b1c0 -> 0x7d0	len 0x5c + ofst 0x774
kern  :info  : [  805.252001] rust_kjit: Vlabel: 0xaaaaaab1b1c4 -> 0x7d4	len 0x60 + ofst 0x774
kern  :info  : [  805.252002] rust_kjit: Vlabel: 0xaaaaaab1b1c8 -> 0x7d8	len 0x64 + ofst 0x774
kern  :info  : [  805.252003] rust_kjit: Vlabel: 0xaaaaaab1b1cc -> 0x7dc	len 0x68 + ofst 0x774
kern  :info  : [  805.252004] rust_kjit: Vlabel: 0xaaaaaab1b1d0 -> 0x7e0	len 0x6c + ofst 0x774
kern  :info  : [  805.252005] rust_kjit: Vlabel: 0xaaaaaab1b1d4 -> 0x7e4	len 0x70 + ofst 0x774
kern  :info  : [  805.252006] rust_kjit: Vlabel: 0xaaaaaab1b1d8 -> 0x7e8	len 0x74 + ofst 0x774
kern  :info  : [  805.252007] rust_kjit: Vlabel: 0xaaaaaab1b1dc -> 0x7ec	len 0x78 + ofst 0x774
kern  :info  : [  805.252008] rust_kjit: Vlabel: 0xaaaaaab1b1e0 -> 0x7f0	len 0x7c + ofst 0x774
kern  :info  : [  805.252009] rust_kjit: Vlabel: 0xaaaaaab1b1e4 -> 0x7f4	len 0x80 + ofst 0x774
kern  :info  : [  805.252010] rust_kjit: Vlabel: 0xaaaaaab1b1e8 -> 0x7f8	len 0x84 + ofst 0x774
kern  :info  : [  805.252011] rust_kjit: Vlabel: 0xaaaaaab1b1ec -> 0x7fc	len 0x88 + ofst 0x774
kern  :info  : [  805.252012] rust_kjit: Vlabel: 0xaaaaaab1b1f0 -> 0x800	len 0x8c + ofst 0x774
kern  :info  : [  805.252014] rust_kjit: Vlabel: 0xaaaaaab1b1f4 -> 0x804	len 0x90 + ofst 0x774
kern  :info  : [  805.252015] rust_kjit: Vlabel: 0xaaaaaab1b1f8 -> 0x808	len 0x94 + ofst 0x774
kern  :info  : [  805.252017] rust_kjit: Vlabel: 0xaaaaaab1b1fc -> 0x80c	len 0x98 + ofst 0x774
kern  :info  : [  805.252018] rust_kjit: Vlabel: 0xaaaaaab1b200 -> 0x810	len 0x9c + ofst 0x774
kern  :info  : [  805.252019] rust_kjit: Vlabel: 0xaaaaaab1b204 -> 0x814	len 0xa0 + ofst 0x774
kern  :info  : [  805.252020] rust_kjit: Vlabel: 0xaaaaaab1b208 -> 0x818	len 0xa4 + ofst 0x774
kern  :info  : [  805.252020] rust_kjit: Vlabel: 0xaaaaaab1b20c -> 0x81c	len 0xa8 + ofst 0x774
kern  :info  : [  805.252022] rust_kjit: Vlabel: 0xaaaaaab1b210 -> 0x838	len 0xc4 + ofst 0x774
kern  :info  : [  805.252023] rust_kjit: Vlabel: 0xaaaaaab1b214 -> 0x83c	len 0xc8 + ofst 0x774
kern  :info  : [  805.252024] rust_kjit: Vlabel: 0xaaaaaab1b218 -> 0x840	len 0xcc + ofst 0x774
kern  :info  : [  805.252025] rust_kjit: Vlabel: 0xaaaaaab1b21c -> 0x844	len 0xd0 + ofst 0x774
kern  :info  : [  805.252026] rust_kjit: Vlabel: 0xaaaaaab1b220 -> 0x848	len 0xd4 + ofst 0x774
kern  :info  : [  805.252027] rust_kjit: Vlabel: 0xaaaaaab1b224 -> 0x84c	len 0xd8 + ofst 0x774
kern  :info  : [  805.252029] rust_kjit: Vlabel: 0xaaaaaab1b228 -> 0x850	len 0xdc + ofst 0x774
kern  :info  : [  805.252030] rust_kjit: Vlabel: 0xaaaaaab1b22c -> 0x854	len 0xe0 + ofst 0x774
kern  :info  : [  805.252032] rust_kjit: Vlabel: 0xaaaaaab1b230 -> 0x858	len 0xe4 + ofst 0x774
kern  :info  : [  805.252033] rust_kjit: Vlabel: 0xaaaaaab1b234 -> 0x85c	len 0xe8 + ofst 0x774
kern  :info  : [  805.252034] rust_kjit: Vlabel: 0xaaaaaab1b238 -> 0x860	len 0xec + ofst 0x774
kern  :info  : [  805.252035] rust_kjit: Vlabel: 0xaaaaaab1b23c -> 0x864	len 0xf0 + ofst 0x774
kern  :info  : [  805.252036] rust_kjit: Vlabel: 0xaaaaaab1b240 -> 0x868	len 0xf4 + ofst 0x774
kern  :info  : [  805.252038] rust_kjit: Vlabel: 0xaaaaaab1b244 -> 0x86c	len 0xf8 + ofst 0x774
kern  :info  : [  805.252039] rust_kjit: Vlabel: 0xaaaaaab1b248 -> 0x870	len 0xfc + ofst 0x774
kern  :info  : [  805.252059] rust_kjit: Vlabel: 0xaaaaaab1b24c -> 0x874	len 0x100 + ofst 0x774
kern  :info  : [  805.252063] rust_kjit: Vlabel: 0xaaaaaab1b250 -> 0x878	len 0x104 + ofst 0x774
kern  :info  : [  805.252066] rust_kjit: Vlabel: 0xaaaaaab1b254 -> 0x888	len 0x114 + ofst 0x774
kern  :info  : [  805.252067] rust_kjit: Vlabel: 0xaaaaaab1b258 -> 0x88c	len 0x118 + ofst 0x774
kern  :info  : [  805.252068] rust_kjit: Vlabel: 0xaaaaaab1b25c -> 0x890	len 0x11c + ofst 0x774
kern  :info  : [  805.252069] rust_kjit: Vlabel: 0xaaaaaab1b260 -> 0x894	len 0x120 + ofst 0x774
kern  :info  : [  805.252071] rust_kjit: Vlabel: 0xaaaaaab1b264 -> 0x898	len 0x124 + ofst 0x774
kern  :info  : [  805.252072] rust_kjit: Vlabel: 0xaaaaaab1b268 -> 0x89c	len 0x128 + ofst 0x774
kern  :info  : [  805.252075] rust_kjit: Vlabel: 0xaaaaaab1b26c -> 0x8a0	len 0x12c + ofst 0x774
kern  :info  : [  805.252076] rust_kjit: Vlabel: 0xaaaaaab1b270 -> 0x8a4	len 0x130 + ofst 0x774
kern  :info  : [  805.252077] rust_kjit: Vlabel: 0xaaaaaab1b274 -> 0x8a8	len 0x134 + ofst 0x774
kern  :info  : [  805.252102] rust_kjit: Vlabel: 0xaaaaaab1b278 -> 0x8ac	len 0x138 + ofst 0x774
kern  :info  : [  805.252103] rust_kjit: Vlabel: 0xaaaaaab1b27c -> 0x8b0	len 0x13c + ofst 0x774
kern  :info  : [  805.252104] rust_kjit: Vlabel: 0xaaaaaab1b280 -> 0x8b4	len 0x140 + ofst 0x774
kern  :info  : [  805.252109] rust_kjit: Vlabel: 0xaaaaaab1b284 -> 0x8c4	len 0x150 + ofst 0x774
kern  :info  : [  805.252112] rust_kjit: Vlabel: 0xaaaaaab1b288 -> 0x8c8	len 0x154 + ofst 0x774
kern  :info  : [  805.252115] rust_kjit: Vlabel: 0xaaaaaab1b28c -> 0x8cc	len 0x158 + ofst 0x774
kern  :info  : [  805.252118] rust_kjit: Vlabel: 0xaaaaaab1b290 -> 0x8d0	len 0x15c + ofst 0x774
kern  :info  : [  805.252122] rust_kjit: Vlabel: 0xaaaaaab1b294 -> 0x8d4	len 0x160 + ofst 0x774
kern  :info  : [  805.252125] rust_kjit: Vlabel: 0xaaaaaab1b298 -> 0x8d8	len 0x164 + ofst 0x774
kern  :info  : [  805.252129] rust_kjit: Vlabel: 0xaaaaaab1b29c -> 0x8dc	len 0x168 + ofst 0x774
kern  :info  : [  805.252133] rust_kjit: Vlabel: 0xaaaaaab1b2a0 -> 0x8f8	len 0x184 + ofst 0x774
kern  :info  : [  805.252137] rust_kjit: Vlabel: 0xaaaaaab1b2a4 -> 0x8fc	len 0x188 + ofst 0x774
kern  :info  : [  805.252139] rust_kjit: Vlabel: 0xaaaaaab1b2a8 -> 0x900	len 0x18c + ofst 0x774
kern  :info  : [  805.252141] rust_kjit: Vlabel: 0xaaaaaab1b2ac -> 0x904	len 0x190 + ofst 0x774
kern  :info  : [  805.252146] rust_kjit: Vlabel: 0xaaaaaab1b2b0 -> 0x908	len 0x194 + ofst 0x774
kern  :info  : [  805.252148] rust_kjit: Vlabel: 0xaaaaaab1b2b4 -> 0x90c	len 0x198 + ofst 0x774
kern  :info  : [  805.252149] rust_kjit: Vlabel: 0xaaaaaab1b2b8 -> 0x910	len 0x19c + ofst 0x774
kern  :info  : [  805.252150] rust_kjit: Vlabel: 0xaaaaaab1b2bc -> 0x914	len 0x1a0 + ofst 0x774
kern  :info  : [  805.252152] rust_kjit: Vlabel: 0xaaaaaab1b2c0 -> 0x918	len 0x1a4 + ofst 0x774
kern  :info  : [  805.252154] rust_kjit: Vlabel: 0xaaaaaab1b2c4 -> 0x91c	len 0x1a8 + ofst 0x774
kern  :info  : [  805.252155] rust_kjit: Vlabel: 0xaaaaaab1b2c8 -> 0x920	len 0x1ac + ofst 0x774
kern  :info  : [  805.252157] rust_kjit: Vlabel: 0xaaaaaab1b2cc -> 0x93c	len 0x1c8 + ofst 0x774
kern  :info  : [  805.252158] rust_kjit: Vlabel: 0xaaaaaab1b2d0 -> 0x940	len 0x1cc + ofst 0x774
kern  :info  : [  805.252160] rust_kjit: Vlabel: 0xaaaaaab1b2d4 -> 0x944	len 0x1d0 + ofst 0x774
kern  :info  : [  805.252161] rust_kjit: Vlabel: 0xaaaaaab1b2d8 -> 0x948	len 0x1d4 + ofst 0x774
kern  :info  : [  805.252162] rust_kjit: Vlabel: 0xaaaaaab1b2dc -> 0x94c	len 0x1d8 + ofst 0x774
kern  :info  : [  805.252163] rust_kjit: Vlabel: 0xaaaaaab1b2e0 -> 0x950	len 0x1dc + ofst 0x774
kern  :info  : [  805.252165] rust_kjit: Vlabel: 0xaaaaaab1b2e4 -> 0x954	len 0x1e0 + ofst 0x774
kern  :info  : [  805.252167] rust_kjit: Vlabel: 0xaaaaaab1b2e8 -> 0x958	len 0x1e4 + ofst 0x774
kern  :info  : [  805.252168] rust_kjit: Vlabel: 0xaaaaaab1b2ec -> 0x95c	len 0x1e8 + ofst 0x774
kern  :info  : [  805.252170] rust_kjit: Vlabel: 0xaaaaaab1b2f0 -> 0x960	len 0x1ec + ofst 0x774
kern  :info  : [  805.252172] rust_kjit: Vlabel: 0xaaaaaab1b2f4 -> 0x964	len 0x1f0 + ofst 0x774
kern  :info  : [  805.252173] rust_kjit: Vlabel: 0xaaaaaab1b2f8 -> 0x968	len 0x1f4 + ofst 0x774
kern  :info  : [  805.252174] rust_kjit: Vlabel: 0xaaaaaab1b2fc -> 0x96c	len 0x1f8 + ofst 0x774
kern  :info  : [  805.252176] rust_kjit: Final code: 1f 20 03 d5 31 c2 01 d1 30 7a 02 a9 30 82 00 91 05 04 40 b9 33 52 03 a9 f3 03 01 2a 01 00 e0 d2 41 55 d5 f2 a1 57 b5 f2 01 00 9e f2 21 c0 47 f9 39 6a 06 a9 fa 03 00 aa 20 00 40 f9 20 0e 00 f9 00 00 80 d2 bf 00 13 6b 0d 09 00 54 35 5a 04 a9 75 7e 7b 93 f4 03 02 2a 56 0b 40 f9 3f fe 00 a9 61 00 80 52 37 62 05 a9 d9 02 15 8b c2 6a 75 b8 40 1b 40 f9 5f 00 00 71 f8 03 03 aa f7 03 04 aa 23 00 80 52 82 02 02 2a 21 10 83 1a 42 00 00 36 23 0a 00 b9 e2 05 08 37 00 00 40 b9 23 22 00 91 e2 03 13 2a 33 12 00 b9 29 00 80 d2 0a 00 e0 d2 4a 55 d5 f2 0a 56 b5 f2 0a 28 9d f2 2b 00 00 10 17 fe ff 17 1f 04 00 31 60 06 00 54 c1 6a 75 b8 21 00 14 2a c1 6a 35 b8 54 00 00 36 38 07 00 f9 54 00 08 36 38 0b 00 f9 40 03 40 b9 37 0f 00 f9 1f 00 13 6b 6b 03 00 54 35 5a 44 a9 00 00 80 52 
kern  :info  : [  805.252247] rust_kjit: Final code con't: 37 62 45 a9 01 00 e0 d2 41 55 d5 f2 a1 57 b5 f2 01 00 9e f2 21 c0 47 f9 23 0e 40 f9 22 00 40 f9 63 00 02 eb 02 00 80 d2 e1 03 00 54 30 7a 42 a9 33 52 43 a9 39 6a 46 a9 31 c2 01 91 1f 20 03 d5 89 00 80 d2 ea 03 1e aa 2b 00 00 10 f4 fd ff 17 22 0a 40 b9 42 00 1e 32 22 0a 00 b9 cf ff ff 17 53 03 00 b9 e5 ff ff 17 29 00 80 d2 0a 00 e0 d2 4a 55 d5 f2 0a 56 b5 f2 0a 0a 9d f2 2b 00 00 10 e7 fd ff 17 41 04 80 52 01 00 00 b9 00 00 80 12 dd ff ff 17 35 5a 44 a9 00 00 80 12 37 62 45 a9 d9 ff ff 17 35 5a 04 a9 37 62 05 a9 29 00 80 d2 0a 00 e0 d2 4a 55 d5 f2 0a 56 b5 f2 0a 66 9c f2 2b 00 00 10 d6 fd ff 17 1f 20 03 d5 1f 20 03 d5 30 7a bf a9 f0 03 11 aa 03 04 40 b9 7f 00 01 6b 8d 00 00 54 30 7a c1 a8 1f 20 03 d5 29 ff ff 17 30 7a c1 a8 1f 20 03 d5 89 00 80 d2 ea 03 1e aa 
kern  :info  : [  805.252316] rust_kjit: Final code con't: 2b 00 00 10 c6 fd ff 17 
kern  :info  : [  805.252496] rust_kjit: BL to unknown target 0xaaaaaab1b170 at 0x774
kern  :info  : [  805.252498] rust_kjit: Leaving with cnt 20, svc_loop_cnt 1
kern  :info  : [  805.252499] rust_kjit: Regs: 
kern  :warn  : [  805.252500] 	X00: fffff7208000	X01: 000000000035	X02: 000000000002	X03: aaaaaab204f0
kern  :warn  : [  805.252502] 	X04: fffff72d2880	X05: fffff72b3070	X06: 000000001217	X07: 00000000000a
kern  :warn  : [  805.252504] 	X08: 000000000015	X09: 000000000000	X10: 000000000000	X11: 000000000000
kern  :warn  : [  805.252506] 	X12: 000000000000	X13: 000000004010	X14: 000000000000	X15: 000000000000
kern  :warn  : [  805.252508] 	X16: aaaaaabdfe40	X17: fffff772ce00	X18: 0000000372cf	X19: fffff72d2880
kern  :warn  : [  805.252511] 	X20: fffff7208000	X21: 0000000006a0	X22: 00000000001b	X23: aaaaaac002d0
kern  :warn  : [  805.252513] 	X24: ffffffffe9a0	X25: aaaaaab8f000	X26: 000000000035	X27: aaaaaab8f000
kern  :warn  : [  805.252514] 	X28: aaaaaab8f000	X29: ffffffffe9c0	X30: aaaaaab25950
                              	SP:  ffffffffe960	PC:  aaaaaab1b170
kern  :info  : [  805.252523] rust_kjit: ###### Lift session 2 ######
kern  :info  : [  805.252523] rust_kjit: Regs: 
kern  :warn  : [  805.252524] 	X00: 000000000000	X01: 000000000001	X02: 000000000035	X03: ffffffffe8f8
kern  :warn  : [  805.252526] 	X04: fffff72d2880	X05: 000000002800	X06: 000000001217	X07: 00000000000a
kern  :warn  : [  805.252528] 	X08: 000000000015	X09: 000000000000	X10: 000000000000	X11: 000000000000
kern  :warn  : [  805.252530] 	X12: 000000000000	X13: 000000004010	X14: 000000000000	X15: 000000000000
kern  :warn  : [  805.252532] 	X16: aaaaaabdfe40	X17: fffff772ce00	X18: 0000000372cf	X19: 000000000035
kern  :warn  : [  805.252534] 	X20: 000000000002	X21: 0000000006a0	X22: fffff720d000	X23: fffff72d2880
kern  :warn  : [  805.252536] 	X24: aaaaaab204f0	X25: fffff720d6a0	X26: fffff7208000	X27: aaaaaab8f000
kern  :warn  : [  805.252538] 	X28: aaaaaab8f000	X29: ffffffffe910	X30: aaaaaab1b210
                              	SP:  ffffffffe8f0	PC:  fffff772ce0c
kern  :info  : [  805.252539] rust_kjit: RRet at 0x170 to known target 0xaaaaaab1b210
kern  :info  : [  805.252541] rust_kjit: Regs: 
kern  :warn  : [  805.252542] 	X00: 000000000000	X01: 000000000001	X02: 000000000035	X03: ffffffffe8f8
kern  :warn  : [  805.252544] 	X04: fffff72d2880	X05: 000000002800	X06: 000000001217	X07: 00000000000a
kern  :warn  : [  805.252546] 	X08: 000000000015	X09: 000000000000	X10: 000000000000	X11: 000000000000
kern  :warn  : [  805.252549] 	X12: 000000000000	X13: 000000004010	X14: 000000000000	X15: 000000000000
kern  :warn  : [  805.252550] 	X16: aaaaaabdfe40	X17: fffff772ce00	X18: 0000000372cf	X19: 000000000035
kern  :warn  : [  805.252552] 	X20: 000000000002	X21: 0000000006a0	X22: fffff720d000	X23: fffff72d2880
kern  :warn  : [  805.252554] 	X24: aaaaaab204f0	X25: fffff720d6a0	X26: fffff7208000	X27: aaaaaab8f000
kern  :warn  : [  805.252556] 	X28: aaaaaab8f000	X29: ffffffffe910	X30: aaaaaab1b210
                              	SP:  ffffffffe8f0	PC:  fffff772ce0c
kern  :info  : [  805.252557] rust_kjit: RRet at 0x8c0 to known target 0xaaaaaab25950
kern  :info  : [  805.252559] rust_kjit: Regs: 
kern  :warn  : [  805.252559] 	X00: 000000000000	X01: fffff7ffdb50	X02: 000000000000	X03: 000000000000
kern  :warn  : [  805.252562] 	X04: fffff72d2880	X05: 000000002800	X06: 000000001217	X07: 00000000000a
kern  :warn  : [  805.252564] 	X08: 000000000015	X09: 000000000000	X10: 000000000000	X11: 000000000000
kern  :warn  : [  805.252566] 	X12: 000000000000	X13: 000000004010	X14: 000000000000	X15: 000000000000
kern  :warn  : [  805.252568] 	X16: aaaaaabdfe40	X17: fffff772ce00	X18: 0000000372cf	X19: fffff72d2880
kern  :warn  : [  805.252569] 	X20: fffff7208000	X21: 0000000006a0	X22: 00000000001b	X23: aaaaaac002d0
kern  :warn  : [  805.252571] 	X24: ffffffffe9a0	X25: aaaaaab8f000	X26: 000000000035	X27: aaaaaab8f000
kern  :warn  : [  805.252573] 	X28: aaaaaab8f000	X29: ffffffffe9c0	X30: aaaaaab25950
                              	SP:  ffffffffe960	PC:  fffff772ce0c
kern  :info  : [  805.252574] rust_kjit: RRet at 0x3ac to 0xaaaaaab1f5a4, back to userspace
kern  :info  : [  805.252576] rust_kjit: Leaving with cnt 3, svc_loop_cnt 0
kern  :info  : [  805.252576] rust_kjit: Regs: 
kern  :warn  : [  805.252577] 	X00: fffff7ffdb50	X01: 000000000000	X02: 000000000000	X03: 000000000000
kern  :warn  : [  805.252579] 	X04: fffff72d2880	X05: 000000002800	X06: 000000001217	X07: 00000000000a
kern  :warn  : [  805.252581] 	X08: 000000000015	X09: 000000000000	X10: 000000000000	X11: 000000000000
kern  :warn  : [  805.252583] 	X12: 000000000000	X13: 000000004010	X14: 000000000000	X15: 000000000000
kern  :warn  : [  805.252585] 	X16: aaaaaabdfe40	X17: fffff772ce00	X18: 0000000372cf	X19: 000000000060
kern  :warn  : [  805.252586] 	X20: fffff7208000	X21: 0000000006a0	X22: 00000000001b	X23: 000000000031
kern  :warn  : [  805.252588] 	X24: 000000000001	X25: 000000000188	X26: 000000000035	X27: aaaaaab8f000
kern  :warn  : [  805.252590] 	X28: aaaaaab8f000	X29: ffffffffea20	X30: aaaaaab1f5a4
                              	SP:  ffffffffea20	PC:  aaaaaab1f5a4
kern  :info  : [  805.252615] rust_kjit: ###### Lift session 3 ######
kern  :info  : [  805.252616] rust_kjit: Regs: 
kern  :warn  : [  805.252616] 	X00: 000000000000	X01: 000000000002	X02: 00000000000c	X03: ffffffffe948
kern  :warn  : [  805.252618] 	X04: 000000000000	X05: aaaaaae12550	X06: 9305c0cbe4c61674	X07: 00000000000a
kern  :warn  : [  805.252620] 	X08: 000000000015	X09: 000000000000	X10: 000000000000	X11: 000000000000
kern  :warn  : [  805.252622] 	X12: 000000000000	X13: 000000000000	X14: 000000000000	X15: 000000000000
kern  :warn  : [  805.252624] 	X16: aaaaaabdfe40	X17: fffff772ce00	X18: 0000000372cf	X19: 0000fffffff9
kern  :warn  : [  805.252626] 	X20: 00000000000c	X21: fffff7208000	X22: 000000000180	X23: fffff720d000
kern  :warn  : [  805.252628] 	X24: 000000000002	X25: 000000000000	X26: 00000000000c	X27: aaaaaab8f000
kern  :warn  : [  805.252630] 	X28: aaaaaab8f000	X29: ffffffffe960	X30: aaaaaab1a5dc
                              	SP:  ffffffffe940	PC:  fffff772ce0c
kern  :info  : [  805.252631] rust_kjit: RRet at 0x170 to known target 0xaaaaaab1a5dc
kern  :info  : [  805.252633] rust_kjit: Regs: 
kern  :warn  : [  805.252633] 	X00: 000000000000	X01: 000000000002	X02: 00000000000c	X03: ffffffffe948
kern  :warn  : [  805.252635] 	X04: 000000000000	X05: aaaaaae12550	X06: 9305c0cbe4c61674	X07: 00000000000a
kern  :warn  : [  805.252637] 	X08: 000000000015	X09: 000000000000	X10: 000000000000	X11: 000000000000
kern  :warn  : [  805.252639] 	X12: 000000000000	X13: 000000000000	X14: 000000000000	X15: 000000000000
kern  :warn  : [  805.252641] 	X16: aaaaaabdfe40	X17: fffff772ce00	X18: 0000000372cf	X19: 0000fffffff9
kern  :warn  : [  805.252643] 	X20: 00000000000c	X21: fffff7208000	X22: 000000000180	X23: fffff720d000
kern  :warn  : [  805.252645] 	X24: 000000000002	X25: 000000000000	X26: 00000000000c	X27: aaaaaab8f000
kern  :warn  : [  805.252646] 	X28: aaaaaab8f000	X29: ffffffffe960	X30: aaaaaab1a5dc
                              	SP:  ffffffffe940	PC:  fffff772ce0c
kern  :info  : [  805.252648] rust_kjit: RRet at 0x1dc to 0xaaaaaab20700, back to userspace
kern  :info  : [  805.252649] rust_kjit: Leaving with cnt 2, svc_loop_cnt 0
kern  :info  : [  805.252650] rust_kjit: Regs: 
kern  :warn  : [  805.252650] 	X00: fffff7ffdb50	X01: 000000000000	X02: 000000000000	X03: 000000000035
kern  :warn  : [  805.252652] 	X04: 000000000000	X05: aaaaaae12550	X06: 9305c0cbe4c61674	X07: 00000000000a
kern  :warn  : [  805.252654] 	X08: 000000000015	X09: 000000000000	X10: 000000000000	X11: 000000000000
kern  :warn  : [  805.252656] 	X12: 000000000000	X13: 000000000000	X14: 000000000000	X15: 000000000000
kern  :warn  : [  805.252658] 	X16: aaaaaabdfe40	X17: fffff772ce00	X18: 0000000372cf	X19: fffff72ce400
kern  :warn  : [  805.252660] 	X20: fffff7208000	X21: 000000000006	X22: aaaaaae12943	X23: 000000000031
kern  :warn  : [  805.252662] 	X24: 000000000002	X25: 000000000000	X26: 00000000000c	X27: aaaaaab8f000
kern  :warn  : [  805.252664] 	X28: aaaaaab8f000	X29: ffffffffe9c0	X30: aaaaaab20700
                              	SP:  ffffffffe9a0	PC:  aaaaaab20700
kern  :info  : [  805.252666] rust_kjit: ###### Lift session 4 ######
kern  :info  : [  805.252667] rust_kjit: Regs: 
kern  :warn  : [  805.252667] 	X00: 000000000000	X01: 000000000001	X02: 00000000000c	X03: ffffffffe9b8
kern  :warn  : [  805.252669] 	X04: fffff72ce400	X05: 000000002800	X06: 9305c0cbe4c61674	X07: 00000000000a
kern  :warn  : [  805.252671] 	X08: 000000000015	X09: 000000000000	X10: 000000000000	X11: 000000000000
kern  :warn  : [  805.252673] 	X12: 000000000000	X13: 000000000000	X14: 000000000000	X15: 000000000000
kern  :warn  : [  805.252675] 	X16: aaaaaabdfe40	X17: fffff772ce00	X18: 0000000372cf	X19: 00000000000c
kern  :warn  : [  805.252677] 	X20: 000000000001	X21: 000000000180	X22: fffff720d000	X23: fffff72ce400
kern  :warn  : [  805.252679] 	X24: aaaaaab250d0	X25: fffff720d180	X26: fffff7208000	X27: aaaaaab8f000
kern  :warn  : [  805.252680] 	X28: aaaaaab8f000	X29: ffffffffe9d0	X30: aaaaaab1b210
                              	SP:  ffffffffe9b0	PC:  fffff772ce0c
kern  :info  : [  805.252682] rust_kjit: RRet at 0x170 to known target 0xaaaaaab1b210
kern  :info  : [  805.252683] rust_kjit: Regs: 
kern  :warn  : [  805.252684] 	X00: 000000000000	X01: 000000000001	X02: 00000000000c	X03: ffffffffe9b8
kern  :warn  : [  805.252686] 	X04: fffff72ce400	X05: 000000002800	X06: 9305c0cbe4c61674	X07: 00000000000a
kern  :warn  : [  805.252688] 	X08: 000000000015	X09: 000000000000	X10: 000000000000	X11: 000000000000
kern  :warn  : [  805.252690] 	X12: 000000000000	X13: 000000000000	X14: 000000000000	X15: 000000000000
kern  :warn  : [  805.252692] 	X16: aaaaaabdfe40	X17: fffff772ce00	X18: 0000000372cf	X19: 00000000000c
kern  :warn  : [  805.252693] 	X20: 000000000001	X21: 000000000180	X22: fffff720d000	X23: fffff72ce400
kern  :warn  : [  805.252695] 	X24: aaaaaab250d0	X25: fffff720d180	X26: fffff7208000	X27: aaaaaab8f000
kern  :warn  : [  805.252697] 	X28: aaaaaab8f000	X29: ffffffffe9d0	X30: aaaaaab1b210
                              	SP:  ffffffffe9b0	PC:  fffff772ce0c
kern  :info  : [  805.252698] rust_kjit: RRet at 0x8c0 to 0xaaaaaab1f5d8, back to userspace
kern  :info  : [  805.252699] rust_kjit: Leaving with cnt 2, svc_loop_cnt 0
kern  :info  : [  805.252699] rust_kjit: Regs: 
kern  :warn  : [  805.252700] 	X00: 000000000000	X01: fffff7ffdb50	X02: 000000000000	X03: 000000000000
kern  :warn  : [  805.252702] 	X04: fffff72ce400	X05: 000000002800	X06: 9305c0cbe4c61674	X07: 00000000000a
kern  :warn  : [  805.252704] 	X08: 000000000015	X09: 000000000000	X10: 000000000000	X11: 000000000000
kern  :warn  : [  805.252705] 	X12: 000000000000	X13: 000000000000	X14: 000000000000	X15: 000000000000
kern  :warn  : [  805.252707] 	X16: aaaaaabdfe40	X17: fffff772ce00	X18: 0000000372cf	X19: 000000000068
kern  :warn  : [  805.252709] 	X20: fffff7208000	X21: 000000000180	X22: 00000000001b	X23: 000000000031
kern  :warn  : [  805.252711] 	X24: 000000000002	X25: 000000000188	X26: 00000000000c	X27: aaaaaab8f000
kern  :warn  : [  805.252713] 	X28: aaaaaab8f000	X29: ffffffffea20	X30: aaaaaab1f5d8
                              	SP:  ffffffffea20	PC:  aaaaaab1f5d8
kern  :info  : [  805.252729] rust_kjit: ###### Lift session 5 ######
kern  :info  : [  805.252730] rust_kjit: Regs: 
kern  :warn  : [  805.252731] 	X00: 000000000000	X01: 000000000002	X02: 000000000024	X03: ffffffffe948
kern  :warn  : [  805.252733] 	X04: 000000000000	X05: aaaaaae1a1d0	X06: 9305c0cbe4c61674	X07: 00000000000a
kern  :warn  : [  805.252735] 	X08: 000000000015	X09: 000000000000	X10: 000000000000	X11: 000000000000
kern  :warn  : [  805.252737] 	X12: 000000000000	X13: 000000000000	X14: 000000000000	X15: 000000000000
kern  :warn  : [  805.252739] 	X16: aaaaaabdfe40	X17: fffff772ce00	X18: 0000000372cf	X19: 0000fffffff9
kern  :warn  : [  805.252740] 	X20: 000000000024	X21: fffff7208000	X22: 000000000480	X23: fffff720d000
kern  :warn  : [  805.252742] 	X24: 000000000002	X25: 000000000000	X26: 000000000024	X27: aaaaaab8f000
kern  :warn  : [  805.252744] 	X28: aaaaaab8f000	X29: ffffffffe960	X30: aaaaaab1a5dc
                              	SP:  ffffffffe940	PC:  fffff772ce0c
kern  :info  : [  805.252745] rust_kjit: RRet at 0x170 to known target 0xaaaaaab1a5dc
kern  :info  : [  805.252747] rust_kjit: Regs: 
kern  :warn  : [  805.252747] 	X00: 000000000000	X01: 000000000002	X02: 000000000024	X03: ffffffffe948
kern  :warn  : [  805.252749] 	X04: 000000000000	X05: aaaaaae1a1d0	X06: 9305c0cbe4c61674	X07: 00000000000a
kern  :warn  : [  805.252751] 	X08: 000000000015	X09: 000000000000	X10: 000000000000	X11: 000000000000
kern  :warn  : [  805.252753] 	X12: 000000000000	X13: 000000000000	X14: 000000000000	X15: 000000000000
kern  :warn  : [  805.252755] 	X16: aaaaaabdfe40	X17: fffff772ce00	X18: 0000000372cf	X19: 0000fffffff9
kern  :warn  : [  805.252757] 	X20: 000000000024	X21: fffff7208000	X22: 000000000480	X23: fffff720d000
kern  :warn  : [  805.252759] 	X24: 000000000002	X25: 000000000000	X26: 000000000024	X27: aaaaaab8f000
kern  :warn  : [  805.252761] 	X28: aaaaaab8f000	X29: ffffffffe960	X30: aaaaaab1a5dc
                              	SP:  ffffffffe940	PC:  fffff772ce0c
kern  :info  : [  805.252762] rust_kjit: RRet at 0x1dc to 0xaaaaaab20700, back to userspace
kern  :info  : [  805.252763] rust_kjit: Leaving with cnt 2, svc_loop_cnt 0
kern  :info  : [  805.252764] rust_kjit: Regs: 
kern  :warn  : [  805.252764] 	X00: fffff7ffdb50	X01: 000000000000	X02: 000000000000	X03: 000000000035
kern  :warn  : [  805.252766] 	X04: 000000000000	X05: aaaaaae1a1d0	X06: 9305c0cbe4c61674	X07: 00000000000a
kern  :warn  : [  805.252768] 	X08: 000000000015	X09: 000000000000	X10: 000000000000	X11: 000000000000
kern  :warn  : [  805.252770] 	X12: 000000000000	X13: 000000000000	X14: 000000000000	X15: 000000000000
kern  :warn  : [  805.252772] 	X16: aaaaaabdfe40	X17: fffff772ce00	X18: 0000000372cf	X19: fffff72d2000
kern  :warn  : [  805.252774] 	X20: fffff7208000	X21: 000000000006	X22: aaaaaae1a5c3	X23: 000000000031
kern  :warn  : [  805.252776] 	X24: 000000000002	X25: 000000000000	X26: 000000000024	X27: aaaaaab8f000
kern  :warn  : [  805.252777] 	X28: aaaaaab8f000	X29: ffffffffe9c0	X30: aaaaaab20700
                              	SP:  ffffffffe9a0	PC:  aaaaaab20700
kern  :info  : [  805.252780] rust_kjit: ###### Lift session 6 ######
kern  :info  : [  805.252781] rust_kjit: Regs: 
kern  :warn  : [  805.252781] 	X00: 000000000000	X01: 000000000001	X02: 000000000024	X03: ffffffffe9b8
kern  :warn  : [  805.252783] 	X04: fffff72d2000	X05: 000000002800	X06: 9305c0cbe4c61674	X07: 00000000000a
kern  :warn  : [  805.252785] 	X08: 000000000015	X09: 000000000000	X10: 000000000000	X11: 000000000000
kern  :warn  : [  805.252787] 	X12: 000000000000	X13: 000000000000	X14: 000000000000	X15: 000000000000
kern  :warn  : [  805.252789] 	X16: aaaaaabdfe40	X17: fffff772ce00	X18: 0000000372cf	X19: 000000000024
kern  :warn  : [  805.252791] 	X20: 000000000001	X21: 000000000480	X22: fffff720d000	X23: fffff72d2000
kern  :warn  : [  805.252793] 	X24: aaaaaab250d0	X25: fffff720d480	X26: fffff7208000	X27: aaaaaab8f000
kern  :warn  : [  805.252795] 	X28: aaaaaab8f000	X29: ffffffffe9d0	X30: aaaaaab1b210
                              	SP:  ffffffffe9b0	PC:  fffff772ce0c
kern  :info  : [  805.252796] rust_kjit: RRet at 0x170 to known target 0xaaaaaab1b210
kern  :info  : [  805.252797] rust_kjit: Regs: 
kern  :warn  : [  805.252798] 	X00: 000000000000	X01: 000000000001	X02: 000000000024	X03: ffffffffe9b8
kern  :warn  : [  805.252800] 	X04: fffff72d2000	X05: 000000002800	X06: 9305c0cbe4c61674	X07: 00000000000a
kern  :warn  : [  805.252802] 	X08: 000000000015	X09: 000000000000	X10: 000000000000	X11: 000000000000
kern  :warn  : [  805.252804] 	X12: 000000000000	X13: 000000000000	X14: 000000000000	X15: 000000000000
kern  :warn  : [  805.252806] 	X16: aaaaaabdfe40	X17: fffff772ce00	X18: 0000000372cf	X19: 000000000024
kern  :warn  : [  805.252808] 	X20: 000000000001	X21: 000000000480	X22: fffff720d000	X23: fffff72d2000
kern  :warn  : [  805.252809] 	X24: aaaaaab250d0	X25: fffff720d480	X26: fffff7208000	X27: aaaaaab8f000
kern  :warn  : [  805.252811] 	X28: aaaaaab8f000	X29: ffffffffe9d0	X30: aaaaaab1b210
                              	SP:  ffffffffe9b0	PC:  fffff772ce0c
kern  :info  : [  805.252813] rust_kjit: RRet at 0x8c0 to 0xaaaaaab1f5d8, back to userspace
kern  :info  : [  805.252814] rust_kjit: Leaving with cnt 2, svc_loop_cnt 0
kern  :info  : [  805.252814] rust_kjit: Regs: 
kern  :warn  : [  805.252814] 	X00: 000000000000	X01: fffff7ffdb50	X02: 000000000000	X03: 000000000000
kern  :warn  : [  805.252816] 	X04: fffff72d2000	X05: 000000002800	X06: 9305c0cbe4c61674	X07: 00000000000a
kern  :warn  : [  805.252818] 	X08: 000000000015	X09: 000000000000	X10: 000000000000	X11: 000000000000
kern  :warn  : [  805.252820] 	X12: 000000000000	X13: 000000000000	X14: 000000000000	X15: 000000000000
kern  :warn  : [  805.252823] 	X16: aaaaaabdfe40	X17: fffff772ce00	X18: 0000000372cf	X19: 000000000070
kern  :warn  : [  805.252825] 	X20: fffff7208000	X21: 000000000480	X22: 00000000001b	X23: 000000000031
kern  :warn  : [  805.252826] 	X24: 000000000002	X25: 000000000188	X26: 000000000024	X27: aaaaaab8f000
kern  :warn  : [  805.252828] 	X28: aaaaaab8f000	X29: ffffffffea20	X30: aaaaaab1f5d8
                              	SP:  ffffffffea20	PC:  aaaaaab1f5d8
kern  :info  : [  805.252839] rust_kjit: ###### Lift session 7 ######
kern  :info  : [  805.252840] rust_kjit: Regs: 
kern  :warn  : [  805.252840] 	X00: 000000000000	X01: 000000000003	X02: 000000000033	X03: ffffffffe908
kern  :warn  : [  805.252842] 	X04: 000000000056	X05: fffff72b3070	X06: 000000001218	X07: 00000000000a
kern  :warn  : [  805.252844] 	X08: 000000000015	X09: 000000000000	X10: 000000000000	X11: 000000000000
kern  :warn  : [  805.252846] 	X12: 000000000000	X13: 000000004010	X14: 000000000000	X15: 000000000000
kern  :warn  : [  805.252848] 	X16: aaaaaabdfe40	X17: fffff772ce00	X18: 0000000372cf	X19: 0000fffffff9
kern  :warn  : [  805.252850] 	X20: 000000000033	X21: fffff7208000	X22: 000000000660	X23: fffff720d000
kern  :warn  : [  805.252852] 	X24: ffffffffe9a0	X25: aaaaaab8f000	X26: 000000000033	X27: aaaaaab8f000
kern  :warn  : [  805.252854] 	X28: aaaaaab8f000	X29: ffffffffe920	X30: aaaaaab1a570
                              	SP:  ffffffffe900	PC:  fffff772ce0c
kern  :info  : [  805.252855] rust_kjit: RRet at 0x170 to known target 0xaaaaaab1a570
kern  :info  : [  805.252856] rust_kjit: Regs: 
kern  :warn  : [  805.252856] 	X00: 000000000000	X01: 000000000003	X02: 000000000033	X03: ffffffffe908
kern  :warn  : [  805.252859] 	X04: 000000000056	X05: fffff72b3070	X06: 000000001218	X07: 00000000000a
kern  :warn  : [  805.252861] 	X08: 000000000015	X09: 000000000000	X10: 000000000000	X11: 000000000000
kern  :warn  : [  805.252863] 	X12: 000000000000	X13: 000000004010	X14: 000000000000	X15: 000000000000
kern  :warn  : [  805.252865] 	X16: aaaaaabdfe40	X17: fffff772ce00	X18: 0000000372cf	X19: 0000fffffff9
kern  :warn  : [  805.252867] 	X20: 000000000033	X21: fffff7208000	X22: 000000000660	X23: fffff720d000
kern  :warn  : [  805.252868] 	X24: ffffffffe9a0	X25: aaaaaab8f000	X26: 000000000033	X27: aaaaaab8f000
kern  :warn  : [  805.252870] 	X28: aaaaaab8f000	X29: ffffffffe920	X30: aaaaaab1a570
                              	SP:  ffffffffe900	PC:  fffff772ce0c
kern  :info  : [  805.252871] rust_kjit: RRet at 0x1dc to known target 0xaaaaaab25910
kern  :info  : [  805.252873] rust_kjit: Regs: 
kern  :warn  : [  805.252873] 	X00: fffff7ffdb50	X01: 000000000000	X02: 000000000000	X03: 000000000035
kern  :warn  : [  805.252875] 	X04: 000000000056	X05: fffff72b3070	X06: 000000001218	X07: 00000000000a
kern  :warn  : [  805.252877] 	X08: 000000000015	X09: 000000000000	X10: 000000000000	X11: 000000000000
kern  :warn  : [  805.252879] 	X12: 000000000000	X13: 000000004010	X14: 000000000000	X15: 000000000000
kern  :warn  : [  805.252881] 	X16: aaaaaabdfe40	X17: fffff772ce00	X18: 0000000372cf	X19: fffff72d2780
kern  :warn  : [  805.252883] 	X20: fffff7208000	X21: 000000000660	X22: 00000000001b	X23: aaaaaac002d0
kern  :warn  : [  805.252885] 	X24: ffffffffe9a0	X25: aaaaaab8f000	X26: 000000000033	X27: aaaaaab8f000
kern  :warn  : [  805.252886] 	X28: aaaaaab8f000	X29: ffffffffe9c0	X30: aaaaaab25910
                              	SP:  ffffffffe960	PC:  fffff772ce0c
kern  :info  : [  805.252888] rust_kjit: RBl at 0x3e4 to known target 0xaaaaaab1a4e0
kern  :info  : [  805.252889] rust_kjit: Regs: 
kern  :warn  : [  805.252890] 	X00: fffff7208000	X01: 000000000033	X02: 000000000001	X03: 000000000035
kern  :warn  : [  805.252892] 	X04: 000000000056	X05: fffff72b3070	X06: 000000001218	X07: 00000000000a
kern  :warn  : [  805.252894] 	X08: 000000000015	X09: 000000000000	X10: 000000000000	X11: 000000000000
kern  :warn  : [  805.252896] 	X12: 000000000000	X13: 000000004010	X14: 000000000000	X15: 000000000000
kern  :warn  : [  805.252898] 	X16: aaaaaabdfe40	X17: fffff772ce00	X18: 0000000372cf	X19: fffff72d2780
kern  :warn  : [  805.252899] 	X20: fffff7208000	X21: 000000000660	X22: 00000000001b	X23: aaaaaac002d0
kern  :warn  : [  805.252901] 	X24: ffffffffe9a0	X25: aaaaaab8f000	X26: 000000000033	X27: aaaaaab8f000
kern  :warn  : [  805.252903] 	X28: aaaaaab8f000	X29: ffffffffe9c0	X30: aaaaaab25930
                              	SP:  ffffffffe960	PC:  fffff772ce0c
kern  :info  : [  805.252904] rust_kjit: RBl at 0x6ec to known target 0xaaaaaab0e940
kern  :info  : [  805.252906] rust_kjit: Regs: 
kern  :warn  : [  805.252907] 	X00: 000000000003	X01: 000000000002	X02: 000000000033	X03: ffffffffe908
kern  :warn  : [  805.252909] 	X04: 000000000056	X05: fffff72b3070	X06: 000000001218	X07: 00000000000a
kern  :warn  : [  805.252911] 	X08: 000000000015	X09: 000000000000	X10: 000000000000	X11: 000000000000
kern  :warn  : [  805.252913] 	X12: 000000000000	X13: 000000004010	X14: 000000000000	X15: 000000000000
kern  :warn  : [  805.252914] 	X16: aaaaaabdfe40	X17: fffff772ce00	X18: 0000000372cf	X19: 0000fffffffe
kern  :warn  : [  805.252916] 	X20: 000000000033	X21: fffff7208000	X22: 000000000660	X23: fffff720d000
kern  :warn  : [  805.252918] 	X24: ffffffffe9a0	X25: aaaaaab8f000	X26: 000000000033	X27: aaaaaab8f000
kern  :warn  : [  805.252919] 	X28: aaaaaab8f000	X29: ffffffffe920	X30: aaaaaab1a5dc
                              	SP:  ffffffffe900	PC:  fffff772ce0c
kern  :info  : [  805.252921] rust_kjit: RBr at 0x754 to known target 0xfffff772ce00
kern  :info  : [  805.252922] rust_kjit: Regs: 
kern  :warn  : [  805.252923] 	X00: 000000000003	X01: 000000000002	X02: 000000000033	X03: ffffffffe908
kern  :warn  : [  805.252925] 	X04: 000000000056	X05: fffff72b3070	X06: 000000001218	X07: 00000000000a
kern  :warn  : [  805.252927] 	X08: 000000000015	X09: 000000000000	X10: 000000000000	X11: 000000000000
kern  :warn  : [  805.252928] 	X12: 000000000000	X13: 000000004010	X14: 000000000000	X15: 000000000000
kern  :warn  : [  805.252931] 	X16: aaaaaabdfe40	X17: fffff772ce00	X18: 0000000372cf	X19: 0000fffffffe
kern  :warn  : [  805.252932] 	X20: 000000000033	X21: fffff7208000	X22: 000000000660	X23: fffff720d000
kern  :warn  : [  805.252934] 	X24: ffffffffe9a0	X25: aaaaaab8f000	X26: 000000000033	X27: aaaaaab8f000
kern  :warn  : [  805.252936] 	X28: aaaaaab8f000	X29: ffffffffe920	X30: aaaaaab1a5dc
                              	SP:  ffffffffe900	PC:  fffff772ce0c
kern  :info  : [  805.252937] rust_kjit: RSvc at 0x76c
kern  :alert : [  805.252939] rust_kjit: Reached
kern  :info  : [  805.252940] rust_kjit: Regs: 
kern  :warn  : [  805.252941] 	X00: 000000000000	X01: 000000000002	X02: 000000000033	X03: ffffffffe908
kern  :warn  : [  805.252943] 	X04: 000000000056	X05: fffff72b3070	X06: 000000001218	X07: 00000000000a
kern  :warn  : [  805.252945] 	X08: 000000000015	X09: 000000000000	X10: 000000000000	X11: 000000000000
kern  :warn  : [  805.252947] 	X12: 000000000000	X13: 000000004010	X14: 000000000000	X15: 000000000000
kern  :warn  : [  805.252949] 	X16: aaaaaabdfe40	X17: fffff772ce00	X18: 0000000372cf	X19: 0000fffffffe
kern  :warn  : [  805.252950] 	X20: 000000000033	X21: fffff7208000	X22: 000000000660	X23: fffff720d000
kern  :warn  : [  805.252952] 	X24: ffffffffe9a0	X25: aaaaaab8f000	X26: 000000000033	X27: aaaaaab8f000
kern  :warn  : [  805.252954] 	X28: aaaaaab8f000	X29: ffffffffe920	X30: aaaaaab1a5dc
                              	SP:  ffffffffe900	PC:  fffff772ce0c
kern  :info  : [  805.252955] rust_kjit: RRet at 0x170 to known target 0xaaaaaab1a5dc
kern  :info  : [  805.252957] rust_kjit: Regs: 
kern  :warn  : [  805.252957] 	X00: 000000000000	X01: 000000000002	X02: 000000000033	X03: ffffffffe908
kern  :warn  : [  805.252959] 	X04: 000000000056	X05: fffff72b3070	X06: 000000001218	X07: 00000000000a
kern  :warn  : [  805.252961] 	X08: 000000000015	X09: 000000000000	X10: 000000000000	X11: 000000000000
kern  :warn  : [  805.252963] 	X12: 000000000000	X13: 000000004010	X14: 000000000000	X15: 000000000000
kern  :warn  : [  805.252965] 	X16: aaaaaabdfe40	X17: fffff772ce00	X18: 0000000372cf	X19: 0000fffffffe
kern  :warn  : [  805.252967] 	X20: 000000000033	X21: fffff7208000	X22: 000000000660	X23: fffff720d000
kern  :warn  : [  805.252969] 	X24: ffffffffe9a0	X25: aaaaaab8f000	X26: 000000000033	X27: aaaaaab8f000
kern  :warn  : [  805.252970] 	X28: aaaaaab8f000	X29: ffffffffe920	X30: aaaaaab1a5dc
                              	SP:  ffffffffe900	PC:  fffff772ce0c
kern  :info  : [  805.252972] rust_kjit: RRet at 0x1dc to known target 0xaaaaaab25930
kern  :info  : [  805.252973] rust_kjit: Regs: 
kern  :warn  : [  805.252974] 	X00: fffff7ffdb50	X01: 000000000000	X02: 000000000000	X03: 000000000035
kern  :warn  : [  805.252976] 	X04: 000000000056	X05: fffff72b3070	X06: 000000001218	X07: 00000000000a
kern  :warn  : [  805.252977] 	X08: 000000000015	X09: 000000000000	X10: 000000000000	X11: 000000000000
kern  :warn  : [  805.252980] 	X12: 000000000000	X13: 000000004010	X14: 000000000000	X15: 000000000000
kern  :warn  : [  805.252981] 	X16: aaaaaabdfe40	X17: fffff772ce00	X18: 0000000372cf	X19: fffff72d2780
kern  :warn  : [  805.252983] 	X20: fffff7208000	X21: 000000000660	X22: 00000000001b	X23: aaaaaac002d0
kern  :warn  : [  805.252985] 	X24: ffffffffe9a0	X25: aaaaaab8f000	X26: 000000000033	X27: aaaaaab8f000
kern  :warn  : [  805.252987] 	X28: aaaaaab8f000	X29: ffffffffe9c0	X30: aaaaaab25930
                              	SP:  ffffffffe960	PC:  fffff772ce0c
kern  :info  : [  805.252988] rust_kjit: RBl at 0x428 to known target 0xaaaaaab1b170
kern  :info  : [  805.252989] rust_kjit: Leaving with cnt 20, svc_loop_cnt 1
kern  :info  : [  805.252990] rust_kjit: Regs: 
kern  :warn  : [  805.252990] 	X00: fffff7208000	X01: 000000000033	X02: 000000000002	X03: aaaaaab204f0
kern  :warn  : [  805.252992] 	X04: fffff72d2780	X05: fffff72b3070	X06: 000000001218	X07: 00000000000a
kern  :warn  : [  805.252994] 	X08: 000000000015	X09: 000000000000	X10: 000000000000	X11: 000000000000
kern  :warn  : [  805.252996] 	X12: 000000000000	X13: 000000004010	X14: 000000000000	X15: 000000000000
kern  :warn  : [  805.252998] 	X16: aaaaaabdfe40	X17: fffff772ce00	X18: 0000000372cf	X19: fffff72d2780
kern  :warn  : [  805.253000] 	X20: fffff7208000	X21: 000000000660	X22: 00000000001b	X23: aaaaaac002d0
kern  :warn  : [  805.253001] 	X24: ffffffffe9a0	X25: aaaaaab8f000	X26: 000000000033	X27: aaaaaab8f000
kern  :warn  : [  805.253003] 	X28: aaaaaab8f000	X29: ffffffffe9c0	X30: aaaaaab25950
                              	SP:  ffffffffe960	PC:  aaaaaab1b170
kern  :info  : [  805.253005] rust_kjit: ###### Lift session 8 ######
kern  :info  : [  805.253006] rust_kjit: Regs: 
kern  :warn  : [  805.253006] 	X00: 000000000000	X01: 000000000001	X02: 000000000033	X03: ffffffffe8f8
kern  :warn  : [  805.253008] 	X04: fffff72d2780	X05: 000000002800	X06: 000000001218	X07: 00000000000a
kern  :warn  : [  805.253010] 	X08: 000000000015	X09: 000000000000	X10: 000000000000	X11: 000000000000
kern  :warn  : [  805.253012] 	X12: 000000000000	X13: 000000004010	X14: 000000000000	X15: 000000000000
kern  :warn  : [  805.253014] 	X16: aaaaaabdfe40	X17: fffff772ce00	X18: 0000000372cf	X19: 000000000033
kern  :warn  : [  805.253016] 	X20: 000000000002	X21: 000000000660	X22: fffff720d000	X23: fffff72d2780
kern  :warn  : [  805.253018] 	X24: aaaaaab204f0	X25: fffff720d660	X26: fffff7208000	X27: aaaaaab8f000
kern  :warn  : [  805.253019] 	X28: aaaaaab8f000	X29: ffffffffe910	X30: aaaaaab1b210
                              	SP:  ffffffffe8f0	PC:  fffff772ce0c
kern  :info  : [  805.253021] rust_kjit: RRet at 0x170 to known target 0xaaaaaab1b210
kern  :info  : [  805.253022] rust_kjit: Regs: 
kern  :warn  : [  805.253022] 	X00: 000000000000	X01: 000000000001	X02: 000000000033	X03: ffffffffe8f8
kern  :warn  : [  805.253024] 	X04: fffff72d2780	X05: 000000002800	X06: 000000001218	X07: 00000000000a
kern  :warn  : [  805.253026] 	X08: 000000000015	X09: 000000000000	X10: 000000000000	X11: 000000000000
kern  :warn  : [  805.253028] 	X12: 000000000000	X13: 000000004010	X14: 000000000000	X15: 000000000000
kern  :warn  : [  805.253030] 	X16: aaaaaabdfe40	X17: fffff772ce00	X18: 0000000372cf	X19: 000000000033
kern  :warn  : [  805.253032] 	X20: 000000000002	X21: 000000000660	X22: fffff720d000	X23: fffff72d2780
kern  :warn  : [  805.253034] 	X24: aaaaaab204f0	X25: fffff720d660	X26: fffff7208000	X27: aaaaaab8f000
kern  :warn  : [  805.253035] 	X28: aaaaaab8f000	X29: ffffffffe910	X30: aaaaaab1b210
                              	SP:  ffffffffe8f0	PC:  fffff772ce0c
kern  :info  : [  805.253037] rust_kjit: RRet at 0x8c0 to known target 0xaaaaaab25950
kern  :info  : [  805.253038] rust_kjit: Regs: 
kern  :warn  : [  805.253038] 	X00: 000000000000	X01: fffff7ffdb50	X02: 000000000000	X03: 000000000000
kern  :warn  : [  805.253040] 	X04: fffff72d2780	X05: 000000002800	X06: 000000001218	X07: 00000000000a
kern  :warn  : [  805.253042] 	X08: 000000000015	X09: 000000000000	X10: 000000000000	X11: 000000000000
kern  :warn  : [  805.253044] 	X12: 000000000000	X13: 000000004010	X14: 000000000000	X15: 000000000000
kern  :warn  : [  805.253046] 	X16: aaaaaabdfe40	X17: fffff772ce00	X18: 0000000372cf	X19: fffff72d2780
kern  :warn  : [  805.253048] 	X20: fffff7208000	X21: 000000000660	X22: 00000000001b	X23: aaaaaac002d0
kern  :warn  : [  805.253050] 	X24: ffffffffe9a0	X25: aaaaaab8f000	X26: 000000000033	X27: aaaaaab8f000
kern  :warn  : [  805.253051] 	X28: aaaaaab8f000	X29: ffffffffe9c0	X30: aaaaaab25950
                              	SP:  ffffffffe960	PC:  fffff772ce0c
kern  :info  : [  805.253053] rust_kjit: RRet at 0x3ac to 0xaaaaaab1f5a4, back to userspace
kern  :info  : [  805.253054] rust_kjit: Leaving with cnt 3, svc_loop_cnt 0
kern  :info  : [  805.253054] rust_kjit: Regs: 
kern  :warn  : [  805.253054] 	X00: fffff7ffdb50	X01: 000000000000	X02: 000000000000	X03: 000000000000
kern  :warn  : [  805.253056] 	X04: fffff72d2780	X05: 000000002800	X06: 000000001218	X07: 00000000000a
kern  :warn  : [  805.253058] 	X08: 000000000015	X09: 000000000000	X10: 000000000000	X11: 000000000000
kern  :warn  : [  805.253060] 	X12: 000000000000	X13: 000000004010	X14: 000000000000	X15: 000000000000
kern  :warn  : [  805.253062] 	X16: aaaaaabdfe40	X17: fffff772ce00	X18: 0000000372cf	X19: 000000000078
kern  :warn  : [  805.253064] 	X20: fffff7208000	X21: 000000000660	X22: 00000000001b	X23: 000000000031
kern  :warn  : [  805.253066] 	X24: 000000000001	X25: 000000000188	X26: 000000000033	X27: aaaaaab8f000
kern  :warn  : [  805.253068] 	X28: aaaaaab8f000	X29: ffffffffea20	X30: aaaaaab1f5a4
                              	SP:  ffffffffea20	PC:  aaaaaab1f5a4
kern  :info  : [  805.253079] rust_kjit: ###### Lift session 9 ######
kern  :info  : [  805.253090] rust_kjit: Regs: 
kern  :warn  : [  805.253091] 	X00: 000000000000	X01: 000000000002	X02: 00000000000e	X03: ffffffffe948
kern  :warn  : [  805.253093] 	X04: 000000000000	X05: aaaaaae12fb0	X06: 9305c0cbe4c61674	X07: 00000000000a
kern  :warn  : [  805.253095] 	X08: 000000000015	X09: 000000000000	X10: 000000000000	X11: 000000000000
kern  :warn  : [  805.253097] 	X12: 000000000000	X13: 000000000000	X14: 000000000000	X15: 000000000000
kern  :warn  : [  805.253099] 	X16: aaaaaabdfe40	X17: fffff772ce00	X18: 0000000372cf	X19: 0000fffffff9
kern  :warn  : [  805.253100] 	X20: 00000000000e	X21: fffff7208000	X22: 0000000001c0	X23: fffff720d000
kern  :warn  : [  805.253102] 	X24: 000000000002	X25: 000000000000	X26: 00000000000e	X27: aaaaaab8f000
kern  :warn  : [  805.253104] 	X28: aaaaaab8f000	X29: ffffffffe960	X30: aaaaaab1a5dc
                              	SP:  ffffffffe940	PC:  fffff772ce0c
kern  :info  : [  805.253105] rust_kjit: RRet at 0x170 to known target 0xaaaaaab1a5dc
kern  :info  : [  805.253107] rust_kjit: Regs: 
kern  :warn  : [  805.253107] 	X00: 000000000000	X01: 000000000002	X02: 00000000000e	X03: ffffffffe948
kern  :warn  : [  805.253110] 	X04: 000000000000	X05: aaaaaae12fb0	X06: 9305c0cbe4c61674	X07: 00000000000a
kern  :warn  : [  805.253114] 	X08: 000000000015	X09: 000000000000	X10: 000000000000	X11: 000000000000
kern  :warn  : [  805.253119] 	X12: 000000000000	X13: 000000000000	X14: 000000000000	X15: 000000000000
kern  :warn  : [  805.253123] 	X16: aaaaaabdfe40	X17: fffff772ce00	X18: 0000000372cf	X19: 0000fffffff9
kern  :warn  : [  805.253127] 	X20: 00000000000e	X21: fffff7208000	X22: 0000000001c0	X23: fffff720d000
kern  :warn  : [  805.253132] 	X24: 000000000002	X25: 000000000000	X26: 00000000000e	X27: aaaaaab8f000
kern  :warn  : [  805.253136] 	X28: aaaaaab8f000	X29: ffffffffe960	X30: aaaaaab1a5dc
                              	SP:  ffffffffe940	PC:  fffff772ce0c
kern  :info  : [  805.253140] rust_kjit: RRet at 0x1dc to 0xaaaaaab20700, back to userspace
kern  :info  : [  805.253143] rust_kjit: Leaving with cnt 2, svc_loop_cnt 0
kern  :info  : [  805.253144] rust_kjit: Regs: 
kern  :warn  : [  805.253145] 	X00: fffff7ffdb50	X01: 000000000000	X02: 000000000000	X03: 000000000035
kern  :warn  : [  805.253149] 	X04: 000000000000	X05: aaaaaae12fb0	X06: 9305c0cbe4c61674	X07: 00000000000a
kern  :warn  : [  805.253151] 	X08: 000000000015	X09: 000000000000	X10: 000000000000	X11: 000000000000
kern  :warn  : [  805.253153] 	X12: 000000000000	X13: 000000000000	X14: 000000000000	X15: 000000000000
kern  :warn  : [  805.253155] 	X16: aaaaaabdfe40	X17: fffff772ce00	X18: 0000000372cf	X19: fffff72ce500
kern  :warn  : [  805.253156] 	X20: fffff7208000	X21: 000000000006	X22: aaaaaae133a3	X23: 000000000031
kern  :warn  : [  805.253158] 	X24: 000000000002	X25: 000000000000	X26: 00000000000e	X27: aaaaaab8f000
kern  :warn  : [  805.253160] 	X28: aaaaaab8f000	X29: ffffffffe9c0	X30: aaaaaab20700
                              	SP:  ffffffffe9a0	PC:  aaaaaab20700
kern  :info  : [  805.253163] rust_kjit: ###### Lift session 10 ######
kern  :info  : [  805.253164] rust_kjit: Regs: 
kern  :warn  : [  805.253164] 	X00: 000000000000	X01: 000000000001	X02: 00000000000e	X03: ffffffffe9b8
kern  :warn  : [  805.253166] 	X04: fffff72ce500	X05: 000000002800	X06: 9305c0cbe4c61674	X07: 00000000000a
kern  :warn  : [  805.253168] 	X08: 000000000015	X09: 000000000000	X10: 000000000000	X11: 000000000000
kern  :warn  : [  805.253170] 	X12: 000000000000	X13: 000000000000	X14: 000000000000	X15: 000000000000
kern  :warn  : [  805.253172] 	X16: aaaaaabdfe40	X17: fffff772ce00	X18: 0000000372cf	X19: 00000000000e
kern  :warn  : [  805.253173] 	X20: 000000000001	X21: 0000000001c0	X22: fffff720d000	X23: fffff72ce500
kern  :warn  : [  805.253175] 	X24: aaaaaab250d0	X25: fffff720d1c0	X26: fffff7208000	X27: aaaaaab8f000
kern  :warn  : [  805.253177] 	X28: aaaaaab8f000	X29: ffffffffe9d0	X30: aaaaaab1b210
                              	SP:  ffffffffe9b0	PC:  fffff772ce0c
kern  :info  : [  805.253178] rust_kjit: RRet at 0x170 to known target 0xaaaaaab1b210
kern  :info  : [  805.253180] rust_kjit: Regs: 
kern  :warn  : [  805.253180] 	X00: 000000000000	X01: 000000000001	X02: 00000000000e	X03: ffffffffe9b8
kern  :warn  : [  805.253182] 	X04: fffff72ce500	X05: 000000002800	X06: 9305c0cbe4c61674	X07: 00000000000a
kern  :warn  : [  805.253184] 	X08: 000000000015	X09: 000000000000	X10: 000000000000	X11: 000000000000
kern  :warn  : [  805.253186] 	X12: 000000000000	X13: 000000000000	X14: 000000000000	X15: 000000000000
kern  :warn  : [  805.253188] 	X16: aaaaaabdfe40	X17: fffff772ce00	X18: 0000000372cf	X19: 00000000000e
kern  :warn  : [  805.253190] 	X20: 000000000001	X21: 0000000001c0	X22: fffff720d000	X23: fffff72ce500
kern  :warn  : [  805.253191] 	X24: aaaaaab250d0	X25: fffff720d1c0	X26: fffff7208000	X27: aaaaaab8f000
kern  :warn  : [  805.253193] 	X28: aaaaaab8f000	X29: ffffffffe9d0	X30: aaaaaab1b210
                              	SP:  ffffffffe9b0	PC:  fffff772ce0c
kern  :info  : [  805.253194] rust_kjit: RRet at 0x8c0 to 0xaaaaaab1f5d8, back to userspace
kern  :info  : [  805.253195] rust_kjit: Leaving with cnt 2, svc_loop_cnt 0
kern  :info  : [  805.253196] rust_kjit: Regs: 
kern  :warn  : [  805.253196] 	X00: 000000000000	X01: fffff7ffdb50	X02: 000000000000	X03: 000000000000
kern  :warn  : [  805.253198] 	X04: fffff72ce500	X05: 000000002800	X06: 9305c0cbe4c61674	X07: 00000000000a
kern  :warn  : [  805.253200] 	X08: 000000000015	X09: 000000000000	X10: 000000000000	X11: 000000000000
kern  :warn  : [  805.253202] 	X12: 000000000000	X13: 000000000000	X14: 000000000000	X15: 000000000000
kern  :warn  : [  805.253204] 	X16: aaaaaabdfe40	X17: fffff772ce00	X18: 0000000372cf	X19: 000000000080
kern  :warn  : [  805.253206] 	X20: fffff7208000	X21: 0000000001c0	X22: 00000000001b	X23: 000000000031
kern  :warn  : [  805.253207] 	X24: 000000000002	X25: 000000000188	X26: 00000000000e	X27: aaaaaab8f000
