Cleanup: may take some time... OK
Starting test server at port 21079
[ready]: 80
Testing unit/printver
[ready]: 81
Testing unit/dump
[ready]: 82
Testing unit/auth
[ready]: 83
Testing unit/protocol
[ready]: 84
Testing unit/keyspace
[ready]: 85
Testing unit/scan
[ready]: 86
Testing unit/info
[ready]: 87
Testing unit/info-command
[ready]: 88
Testing unit/type/string
[ready]: 89
Testing unit/type/incr
[ready]: 90
Testing unit/type/list
[ready]: 91
Testing unit/type/list-2
[ready]: 92
Testing unit/type/list-3
[ready]: 93
Testing unit/type/set
[ready]: 94
Testing unit/type/zset
[ready]: 95
Testing unit/type/hash
[ok]: SET and GET an item (1 ms)
[ok]: SET and GET an empty item (1 ms)
[ok]: reg node check compression with insert and pop (2 ms)
[ok]: DUMP / RESTORE are able to serialize / unserialize a simple key (2 ms)
[ok]: info command with at most one sub command (1 ms)
[ok]: reg node check compression combined with trim (0 ms)
[ok]: info command with one sub-section (0 ms)
[ok]: reg node check compression with lset (0 ms)
[ok]: Check encoding - listpack (2 ms)
[ok]: HSET/HLEN - Small hash creation (4 ms)
[ok]: info command with multiple sub-sections (2 ms)
[ok]: plain node check compression (1 ms)
[ok]: Is the small hash encoded with a listpack? (0 ms)
[ok]: ZSET basic ZADD and score update - listpack (1 ms)
[ok]: ZSET element can't be set to NaN with ZADD - listpack (1 ms)
[ok]: plain node check compression with ltrim (1 ms)
[ok]: ZSET element can't be set to NaN with ZINCRBY - listpack (0 ms)
[ok]: plain node check compression using lset (1 ms)
[ok]: ZADD with options syntax error with incomplete pair - listpack (1 ms)
[ok]: ZADD XX option without key - listpack (1 ms)
[ok]: RESTORE can set an arbitrary expire to the materialized key (6 ms)
[ok]: ZADD XX existing key - listpack (1 ms)
[ok]: RESTORE can set an expire that overflows a 32 bit integer (1 ms)
[ok]: ZADD XX returns the number of elements actually added - listpack (1 ms)
[ok]: RESTORE can set an absolute expire (2 ms)
[ok]: HRANDFIELD - listpack (6 ms)
[ok]: RESTORE with ABSTTL in the past (1 ms)
[ok]: ZADD XX updates existing elements score - listpack (2 ms)
[ok]: ZADD GT updates existing elements when new scores are greater - listpack (1 ms)
[ok]: RESTORE can set LRU (1 ms)
[ok]: RESTORE can set LFU (1 ms)
[ok]: ZADD LT updates existing elements when new scores are lower - listpack (1 ms)
[ok]: RESTORE returns an error of the key already exists (1 ms)
[ok]: ZADD GT XX updates existing elements when new scores are greater and skips new elements - listpack (2 ms)
[ok]: RESTORE can overwrite an existing key with REPLACE (1 ms)
[ok]: RESTORE can detect a syntax error for unrecongized options (0 ms)
[ok]: DUMP of non existing key returns nil (0 ms)
[ok]: ZADD LT XX updates existing elements when new scores are lower and skips new elements - listpack (2 ms)
[ok]: ZADD XX and NX are not compatible - listpack (0 ms)
[ok]: ZADD NX with non existing key - listpack (1 ms)
[ok]: HRANDFIELD - hashtable (10 ms)
[ok]: ZADD NX only add new elements without updating old ones - listpack (3 ms)
[ok]: ZADD GT and NX are not compatible - listpack (1 ms)
[ok]: HRANDFIELD with RESP3 (1 ms)
[ok]: ZADD LT and NX are not compatible - listpack (0 ms)
[ok]: HRANDFIELD count of 0 is handled correctly (0 ms)
[ok]: ZADD LT and GT are not compatible - listpack (0 ms)
[ok]: HRANDFIELD count overflow (0 ms)
[ok]: HRANDFIELD with <count> against non existing key (1 ms)
[ok]: HRANDFIELD count of 0 is handled correctly - emptyarray (0 ms)
[ok]: HRANDFIELD with <count> against non existing key - emptyarray (0 ms)
[ok]: ZADD INCR LT/GT replies with nill if score not updated - listpack (1 ms)
[ok]: ZADD INCR LT/GT with inf - listpack (8 ms)
[ok]: ZADD INCR works like ZINCRBY - listpack (1 ms)
[ok]: ZADD INCR works with a single score-elemenet pair - listpack (0 ms)
[ok]: ZADD CH option changes return value to all changed elements - listpack (2 ms)
[ok]: ZINCRBY calls leading to NaN result in error - listpack (0 ms)
[ok]: ZADD - Variadic version base case - $encoding (1 ms)
[ok]: ZADD - Return value is the number of actually added items - $encoding (2 ms)
[ok]: ZADD - Variadic version does not add nothing on single parsing err - $encoding (0 ms)
[ok]: ZADD - Variadic version will raise error on missing arg - $encoding (0 ms)
[ok]: ZINCRBY does not work variadic even if shares ZADD implementation - $encoding (1 ms)
[ok]: ZCARD basics - listpack (1 ms)
[ok]: ZREM removes key after last element is removed - listpack (0 ms)
[ok]: ZREM variadic version - listpack (2 ms)
[ok]: ZREM variadic version -- remove elements after key deletion - listpack (0 ms)
[ok]: Very big payload in GET/SET (38 ms)
[ok]: ZRANGE basics - listpack (3 ms)
[ok]: ZREVRANGE basics - listpack (2 ms)
[ok]: ZRANK/ZREVRANK basics - listpack (3 ms)
[ok]: ZRANK - after deletion - listpack (0 ms)
[ok]: ZINCRBY - can create a new sorted set - listpack (1 ms)
[ok]: ZINCRBY - increment and decrement - listpack (1 ms)
[ok]: ZINCRBY return value - listpack (1 ms)
[ok]: ZRANGEBYSCORE/ZREVRANGEBYSCORE/ZCOUNT basics - listpack (6 ms)
[ok]: ZRANGEBYSCORE with WITHSCORES - listpack (2 ms)
[ok]: ZRANGEBYSCORE with LIMIT - listpack (2 ms)
[ok]: ZRANGEBYSCORE with LIMIT and WITHSCORES - listpack (2 ms)
[ok]: ZRANGEBYSCORE with non-value min or max - listpack (1 ms)
[ok]: ZRANGEBYLEX/ZREVRANGEBYLEX/ZLEXCOUNT basics - listpack (6 ms)
[ok]: ZLEXCOUNT advanced - listpack (5 ms)
[ok]: ZRANGEBYSLEX with LIMIT - listpack (3 ms)
[ok]: ZRANGEBYLEX with invalid lex range specifiers - listpack (0 ms)
[ok]: ZREMRANGEBYSCORE basics - listpack (17 ms)
[ok]: ZREMRANGEBYSCORE with non-value min or max - listpack (1 ms)
[ok]: ZREMRANGEBYRANK basics - listpack (9 ms)
[ok]: ZUNIONSTORE against non-existing key doesn't set destination - listpack (1 ms)
[ok]: ZUNION/ZINTER/ZINTERCARD/ZDIFF against non-existing key - listpack (1 ms)
[ok]: ZUNIONSTORE with empty set - listpack (0 ms)
[ok]: ZUNION/ZINTER/ZINTERCARD/ZDIFF with empty set - listpack (2 ms)
[ok]: ZUNIONSTORE basics - listpack (1 ms)
[ok]: ZUNION/ZINTER/ZINTERCARD/ZDIFF with integer members - listpack (2 ms)
[ok]: ZUNIONSTORE with weights - listpack (0 ms)
[ok]: ZUNION with weights - listpack (1 ms)
[ok]: ZUNIONSTORE with a regular set and weights - listpack (1 ms)
[ok]: ZUNIONSTORE with AGGREGATE MIN - listpack (1 ms)
[ok]: ZUNION/ZINTER with AGGREGATE MIN - listpack (1 ms)
[ok]: ZUNIONSTORE with AGGREGATE MAX - listpack (0 ms)
[ok]: ZUNION/ZINTER with AGGREGATE MAX - listpack (1 ms)
[ok]: ZINTERSTORE basics - listpack (1 ms)
[ok]: ZINTER basics - listpack (0 ms)
[ok]: ZINTERCARD with illegal arguments (1 ms)
[ok]: ZINTERCARD basics - listpack (1 ms)
[ok]: ZINTER RESP3 - listpack (1 ms)
[ok]: ZINTERSTORE with weights - listpack (0 ms)
[ok]: ZINTER with weights - listpack (1 ms)
[ok]: ZINTERSTORE with a regular set and weights - listpack (0 ms)
[ok]: ZINTERSTORE with AGGREGATE MIN - listpack (0 ms)
[ok]: ZINTERSTORE with AGGREGATE MAX - listpack (1 ms)
[ok]: ZUNIONSTORE with +inf/-inf scores - listpack (2 ms)
[ok]: ZUNIONSTORE with NaN weights - listpack (0 ms)
[ok]: ZINTERSTORE with +inf/-inf scores - listpack (5 ms)
[ok]: ZINTERSTORE with NaN weights - listpack (2 ms)
[ok]: ZDIFFSTORE basics - listpack (0 ms)
[ok]: ZDIFF basics - listpack (1 ms)
[ok]: ZDIFFSTORE with a regular set - listpack (1 ms)
[ok]: ZDIFF subtracting set from itself - listpack (1 ms)
[ok]: ZDIFF algorithm 1 - listpack (2 ms)
[ok]: ZDIFF algorithm 2 - listpack (1 ms)
[ok]: SADD, SCARD, SISMEMBER, SMISMEMBER, SMEMBERS basics - regular set (1 ms)
[ok]: SADD, SCARD, SISMEMBER, SMISMEMBER, SMEMBERS basics - intset (1 ms)
[ok]: SMISMEMBER against non set (0 ms)
[ok]: SMISMEMBER non existing key (1 ms)
[ok]: SMISMEMBER requires one or more members (0 ms)
[ok]: Explicit regression for a list bug (4 ms)
[ok]: SADD against non set (0 ms)
[ok]: AUTH fails if there is no password configured server side (1 ms)
Testing Redis version 7.0.15 (00000000)
[ok]: INCR against non existing key (3 ms)
[ok]: SADD a non-integer against an intset (1 ms)
[ok]: Arity check for auth command (1 ms)
[ok]: INCR against key created by incr itself (0 ms)
[ok]: SADD an integer larger than 64 bits (0 ms)
[ok]: INCR against key originally set with SET (1 ms)
[ok]: INCR over 32bit value (5 ms)
[ok]: INCRBY over 32bit value with over 32bit increment (1 ms)
[ok]: DEL against a single item (6 ms)
[ok]: Vararg DEL (1 ms)
[ok]: INCR fails against key with spaces (left) (1 ms)
[ok]: Untagged multi-key commands (1 ms)
[ok]: INCR fails against key with spaces (right) (1 ms)
[ok]: INCR fails against key with spaces (both) (1 ms)
[ok]: KEYS with pattern (2 ms)
[ok]: KEYS to get all keys (0 ms)
[ok]: DECRBY negation overflow (1 ms)
[ok]: DBSIZE (0 ms)
[ok]: INCR fails against a key holding a list (1 ms)
[ok]: DECRBY over 32bit value with over 32bit increment, negative res (0 ms)
[ok]: DEL all keys (2 ms)
[ok]: INCR uses shared objects in the 0-9999 range (3 ms)
[ok]: INCR can modify objects in-place (1 ms)
[ok]: INCRBYFLOAT against non existing key (0 ms)
[ok]: INCRBYFLOAT against key originally set with SET (0 ms)
[ok]: INCRBYFLOAT over 32bit value (0 ms)
[ok]: INCRBYFLOAT over 32bit value with over 32bit increment (1 ms)
[ok]: INCRBYFLOAT fails against key with spaces (left) (0 ms)
[ok]: INCRBYFLOAT fails against key with spaces (right) (1 ms)
[ok]: INCRBYFLOAT fails against key with spaces (both) (1 ms)
[ok]: INCRBYFLOAT fails against a key holding a list (1 ms)
[ok]: INCRBYFLOAT does not allow NaN or Infinity (0 ms)
[ok]: INCRBYFLOAT decrement (2 ms)
[ok]: string to double with null terminator (1 ms)
[ok]: No negative zero (1 ms)
[ok]: HRANDFIELD with <count> - hashtable (169 ms)
[ok]: SADD overflows the maximum allowed integers in an intset (37 ms)
[ok]: Variadic SADD (0 ms)
[ok]: Handle an empty query (44 ms)
[ok]: SCAN basic (57 ms)
[ok]: Negative multibulk length (44 ms)
[ok]: Out of range multibulk length (2 ms)
[ok]: Wrong multibulk payload header (0 ms)
[ok]: Negative multibulk payload length (1 ms)
[ok]: Out of range multibulk payload length (1 ms)
[ok]: Non-number multibulk payload length (0 ms)
[ok]: Multi bulk request not followed by bulk arguments (1 ms)
[ok]: Generic wrong number of args (1 ms)
[ok]: Unbalanced number of quotes (0 ms)
[ok]: SCAN COUNT (45 ms)
[ok]: Protocol desync regression test #1 (33 ms)
[1/84 done]: unit/info-command (0 seconds)
Testing unit/type/stream
[ok]: SCAN MATCH (36 ms)
[ok]: Regression for quicklist #3343 bug (136 ms)
[ok]: Protocol desync regression test #2 (31 ms)
[ok]: SCAN TYPE (47 ms)
[ok]: SSCAN with encoding intset (1 ms)
[ok]: SSCAN with encoding hashtable (0 ms)
[ok]: HSCAN with encoding listpack (1 ms)
[ok]: Protocol desync regression test #3 (31 ms)
[ok]: raw protocol response (1 ms)
[ok]: raw protocol response - deferred (0 ms)
[ok]: raw protocol response - multiline (0 ms)
[ok]: RESP3 attributes (1 ms)
[ok]: RESP3 attributes readraw (1 ms)
[ok]: RESP3 attributes on RESP2 (1 ms)
[ok]: test big number parsing (0 ms)
[ok]: test bool parsing (2 ms)
[ok]: test verbatim str parsing (1 ms)
[ok]: HRANDFIELD with <count> - listpack (174 ms)
[ok]: test large number of args (17 ms)
[ok]: test argument rewriting - issue 9598 (2 ms)
[ok]: Check compression with recompress (96 ms)
[ok]: HSCAN with encoding hashtable (58 ms)
[ok]: ZSCAN with encoding listpack (1 ms)
[ok]: Set encoding after DEBUG RELOAD (216 ms)
[ok]: SREM basics - regular set (1 ms)
[ok]: SREM basics - intset (0 ms)
[ok]: SREM with multiple arguments (1 ms)
[ok]: SREM variadic version with more args needed to destroy the key (0 ms)
[ok]: SINTERCARD with illegal arguments (0 ms)
[ok]: SINTERCARD against non-set should throw error (0 ms)
[ok]: SINTERCARD against non-existing key (0 ms)
[ok]: Generated sets must be encoded as hashtable (0 ms)
[ok]: SINTER with two sets - hashtable (0 ms)
[ok]: SINTERCARD with two sets - hashtable (0 ms)
[ok]: SINTERSTORE with two sets - hashtable (1 ms)
[ok]: SINTERSTORE with two sets, after a DEBUG RELOAD - hashtable (0 ms)
[ok]: SUNION with two sets - hashtable (4 ms)
[ok]: SUNIONSTORE with two sets - hashtable (3 ms)
[ok]: SINTER against three sets - hashtable (0 ms)
[ok]: SINTERCARD against three sets - hashtable (0 ms)
[ok]: SINTERSTORE with three sets - hashtable (0 ms)
[ok]: SUNION with non existing keys - hashtable (3 ms)
[ok]: SDIFF with two sets - hashtable (0 ms)
[ok]: SDIFF with three sets - hashtable (1 ms)
[ok]: SDIFFSTORE with three sets - hashtable (0 ms)
[ok]: SINTER/SUNION/SDIFF with three same sets - hashtable (2 ms)
[ok]: Generated sets must be encoded as intset (0 ms)
[ok]: SINTER with two sets - intset (0 ms)
[ok]: SINTERCARD with two sets - intset (0 ms)
[ok]: SINTERSTORE with two sets - intset (0 ms)
[ok]: ZSCAN with encoding skiplist (59 ms)
[ok]: SINTERSTORE with two sets, after a DEBUG RELOAD - intset (1 ms)
[ok]: SUNION with two sets - intset (3 ms)
[2/84 done]: unit/printver (0 seconds)
Testing unit/type/stream-cgroups
[ok]: SUNIONSTORE with two sets - intset (3 ms)
[ok]: SINTER against three sets - intset (0 ms)
[ok]: SINTERCARD against three sets - intset (1 ms)
[ok]: SINTERSTORE with three sets - intset (0 ms)
[ok]: SCAN guarantees check under write load (9 ms)
[ok]: SSCAN with integer encoded object (issue #1345) (0 ms)
[ok]: SSCAN with PATTERN (0 ms)
[ok]: HSCAN with PATTERN (0 ms)
[ok]: SUNION with non existing keys - intset (3 ms)
[ok]: ZSCAN with PATTERN (0 ms)
[ok]: SDIFF with two sets - intset (0 ms)
[ok]: SDIFF with three sets - intset (0 ms)
[ok]: SDIFFSTORE with three sets - intset (1 ms)
[ok]: SINTER/SUNION/SDIFF with three same sets - intset (2 ms)
[ok]: SDIFF with first set empty (0 ms)
[ok]: SDIFF with same set two times (0 ms)
[3/84 done]: unit/type/incr (0 seconds)
Testing unit/sort
[ok]: ZSCAN scores: regression test for issue #2175 (17 ms)
[ok]: HSET/HLEN - Big hash creation (135 ms)
[ok]: Is the big hash encoded with an hash table? (0 ms)
[ok]: HGET against the small hash (1 ms)
[ok]: Test LPUSH and LPOP on plain nodes (3 ms)
[ok]: Test LINDEX and LINSERT on plain nodes (2 ms)
[ok]: Test LTRIM on plain nodes (1 ms)
[ok]: Test LREM on plain nodes (1 ms)
[ok]: Test LPOS on plain nodes (2 ms)
[ok]: Test LMOVE on plain nodes (2 ms)
[ok]: latencystats: disable/enable (3 ms)
[ok]: latencystats: configure percentiles (3 ms)
[ok]: latencystats: bad configure percentiles (2 ms)
[ok]: latencystats: blocking commands (3 ms)
[ok]: latencystats: subcommands (1 ms)
[ok]: Crash due to wrongly recompress after lrem (231 ms)
[ok]: latencystats: measure latency (52 ms)
[ok]: errorstats: failed call authentication error (2 ms)
[ok]: HGET against the big hash (130 ms)
[ok]: HGET against non existing key (1 ms)
[ok]: errorstats: failed call within MULTI/EXEC (2 ms)
[ok]: HSET in update and insert mode (1 ms)
[ok]: HSETNX target key missing - small hash (0 ms)
[ok]: HSETNX target key exists - small hash (0 ms)
[ok]: HSETNX target key missing - big hash (1 ms)
[ok]: errorstats: failed call within LUA (2 ms)
[ok]: HSETNX target key exists - big hash (0 ms)
[ok]: HSET/HMSET wrong number of args (1 ms)
[ok]: errorstats: failed call NOSCRIPT error (2 ms)
[ok]: HMSET - small hash (1 ms)
[ok]: errorstats: failed call NOGROUP error (1 ms)
[ok]: errorstats: rejected call unknown command (1 ms)
[ok]: errorstats: rejected call within MULTI/EXEC (2 ms)
[ok]: errorstats: rejected call due to wrong arity (1 ms)
[ok]: errorstats: rejected call by OOM error (1 ms)
[ok]: errorstats: rejected call by authorization error (2 ms)
[ok]: errorstats: blocking commands (1 ms)
[ok]: LINSERT correctly recompress full quicklistNode after inserting a element before it (49 ms)
[ok]: HMSET - big hash (51 ms)
[ok]: HMGET against non existing key and fields (1 ms)
[ok]: HMGET against wrong type (0 ms)
[ok]: HMGET - small hash (1 ms)
[ok]: XADD wrong number of args (1 ms)
[ok]: XADD can add entries into a stream that XRANGE can fetch (0 ms)
[ok]: XADD IDs are incremental (0 ms)
[ok]: XADD IDs are incremental when ms is the same as well (1 ms)
[ok]: XADD IDs correctly report an error when overflowing (0 ms)
[ok]: XADD auto-generated sequence is incremented for last ID (1 ms)
[ok]: XADD auto-generated sequence is zero for future timestamp ID (0 ms)
[ok]: XADD auto-generated sequence can't be smaller than last ID (1 ms)
[ok]: XADD auto-generated sequence can't overflow (0 ms)
[ok]: XADD 0-* should succeed (1 ms)
[ok]: Test LSET with packed / plain combinations (192 ms)
[ok]: LINSERT correctly recompress full quicklistNode after inserting a element after it (48 ms)
[ok]: Test LSET with packed is split in the middle (3 ms)
[ok]: HMGET - big hash (49 ms)
[ok]: MIGRATE is caching connections (728 ms)
[ok]: AUTH fails when a wrong password is given (1 ms)
[ok]: Arbitrary command gives an error when AUTH is required (1 ms)
[ok]: AUTH succeeds when the right password is given (0 ms)
[ok]: HKEYS - small hash (5 ms)
[ok]: Once AUTH succeeded we can actually send commands to the server (0 ms)
[ok]: For unauthenticated clients multibulk and bulk length are limited (4 ms)
[ok]: HKEYS - big hash (8 ms)
[ok]: HVALS - small hash (0 ms)
[ok]: HVALS - big hash (1 ms)
[ok]: HGETALL - small hash (2 ms)
[ok]: HGETALL - big hash (13 ms)
[ok]: HDEL and return value (2 ms)
[ok]: HDEL - more than a single value (1 ms)
[ok]: HDEL - hash becomes empty before deleting all specified fields (1 ms)
[ok]: HEXISTS (1 ms)
[ok]: Is a ziplist encoded Hash promoted on big payload? (1 ms)
[ok]: HINCRBY against non existing database key (0 ms)
[ok]: HINCRBY against non existing hash key (1 ms)
[ok]: HINCRBY against hash key created by hincrby itself (1 ms)
[ok]: HINCRBY against hash key originally set with HSET (0 ms)
[ok]: HINCRBY over 32bit value (0 ms)
[ok]: HINCRBY over 32bit value with over 32bit increment (1 ms)
[ok]: HINCRBY fails against hash value with spaces (left) (1 ms)
[ok]: HINCRBY fails against hash value with spaces (right) (1 ms)
[ok]: HINCRBY can detect overflows (1 ms)
[ok]: HINCRBYFLOAT against non existing database key (0 ms)
[ok]: HINCRBYFLOAT against non existing hash key (2 ms)
[ok]: HINCRBYFLOAT against hash key created by hincrby itself (1 ms)
[ok]: HINCRBYFLOAT against hash key originally set with HSET (1 ms)
[ok]: HINCRBYFLOAT over 32bit value (0 ms)
[ok]: HINCRBYFLOAT over 32bit value with over 32bit increment (1 ms)
[ok]: HINCRBYFLOAT fails against hash value with spaces (left) (2 ms)
[ok]: HINCRBYFLOAT fails against hash value with spaces (right) (1 ms)
[ok]: HINCRBYFLOAT fails against hash value that contains a null-terminator in the middle (0 ms)
[ok]: HSTRLEN against the small hash (2 ms)
[ok]: XGROUP CREATE: creation and duplicate group name detection (0 ms)
[ok]: XGROUP CREATE: automatic stream creation fails without MKSTREAM (0 ms)
[ok]: XGROUP CREATE: automatic stream creation works with MKSTREAM (0 ms)
[ok]: XREADGROUP will return only new elements (0 ms)
[ok]: XREADGROUP can read the history of the elements we own (1 ms)
[ok]: XPENDING is able to return pending items (0 ms)
[ok]: XPENDING can return single consumer items (0 ms)
[ok]: XPENDING only group (0 ms)
[ok]: XADD with MAXLEN option (158 ms)
[ok]: Old Ziplist: SORT BY key (1 ms)
[ok]: Old Ziplist: SORT BY key with limit (0 ms)
[ok]: Old Ziplist: SORT BY hash field (0 ms)
[ok]: XPENDING with IDLE (22 ms)
[ok]: XPENDING with exclusive range intervals works as expected (1 ms)
[ok]: XACK is able to remove items from the consumer/group PEL (0 ms)
[ok]: XACK can't remove the same item multiple times (1 ms)
[ok]: XACK is able to accept multiple arguments (0 ms)
[ok]: XACK should fail if got at least one invalid ID (2 ms)
[ok]: PEL NACK reassignment after XGROUP SETID event (1 ms)
[ok]: XREADGROUP will not report data on empty history. Bug #5577 (1 ms)
[ok]: XREADGROUP history reporting of deleted entries. Bug #5570 (1 ms)
[ok]: Test LSET with packed consist only one item (188 ms)
[ok]: Crash due to delete entry from a compress quicklist node (3 ms)
[ok]: Crash due to split quicklist node wrongly (3 ms)
[ok]: Blocking XREADGROUP will not reply with an empty array (36 ms)
[ok]: Blocking XREADGROUP: key deleted (2 ms)
[ok]: Blocking XREADGROUP: key type changed with SET (1 ms)
[ok]: Blocking XREADGROUP: key type changed with transaction (2 ms)
[ok]: Blocking XREADGROUP: flushed DB (1 ms)
[ok]: Blocking XREADGROUP: swapped DB, key doesn't exist (1 ms)
[ok]: Blocking XREADGROUP: swapped DB, key is not a stream (1 ms)
[ok]: Blocking XREAD: key deleted (1 ms)
[ok]: Blocking XREAD: key type changed with SET (2 ms)
[ok]: XADD with MAXLEN option and the '=' argument (61 ms)
[ok]: XADD with MAXLEN option and the '~' argument (50 ms)
[ok]: XADD with NOMKSTREAM option (1 ms)
[ok]: Blocking XREADGROUP for stream that ran dry (issue #5299) (91 ms)
[ok]: HSTRLEN against the big hash (217 ms)
[ok]: HSTRLEN against non existing field (1 ms)
[ok]: Blocking XREADGROUP will ignore BLOCK if ID is not > (5 ms)
[ok]: HSTRLEN corner cases (5 ms)
[ok]: XGROUP DESTROY should unblock XREADGROUP with -NOGROUP (3 ms)
[ok]: RENAME can unblock XREADGROUP with data (2 ms)
[ok]: RENAME can unblock XREADGROUP with -NOGROUP (1 ms)
[ok]: HINCRBYFLOAT over hash-max-listpack-value encoded with a listpack (5 ms)
[ok]: Hash ziplist regression test for large keys (0 ms)
[ok]: XADD with MINID option (54 ms)
[ok]: XTRIM with MINID option (1 ms)
[ok]: XTRIM with MINID option, big delta from master record (0 ms)
[ok]: Regression for a crash with blocking ops and pipelining (2 ms)
[ok]: Hash fuzzing #1 - 10 fields (56 ms)
[ok]: Hash fuzzing #2 - 10 fields (21 ms)
[ok]: Old Linked list: SORT BY key (4 ms)
[ok]: Old Linked list: SORT BY key with limit (1 ms)
[ok]: Old Linked list: SORT BY hash field (5 ms)
[4/84 done]: unit/info (1 seconds)
Testing unit/expire
[ok]: DEL against expired key (1101 ms)
[ok]: EXISTS (2 ms)
[ok]: Zero length value in key. SET/GET/EXISTS (1 ms)
[ok]: Commands pipelining (1 ms)
[ok]: Non existing command (0 ms)
[ok]: RENAME basic usage (1 ms)
[ok]: RENAME source key should no longer exist (0 ms)
[ok]: RENAME against already existing key (1 ms)
[ok]: RENAMENX basic usage (1 ms)
[ok]: RENAMENX against already existing key (0 ms)
[ok]: RENAMENX against already existing key (2) (1 ms)
[ok]: RENAME against non existing source key (0 ms)
[ok]: RENAME where source and dest key are the same (existing) (0 ms)
[ok]: RENAMENX where source and dest key are the same (existing) (2 ms)
[ok]: RENAME where source and dest key are the same (non existing) (0 ms)
[ok]: RENAME with volatile key, should move the TTL as well (2 ms)
[ok]: RENAME with volatile key, should not inherit TTL of target key (2 ms)
[ok]: DEL all keys again (DB 0) (2 ms)
[ok]: DEL all keys again (DB 1) (2 ms)
[ok]: COPY basic usage for string (1 ms)
[ok]: COPY for string does not replace an existing key without REPLACE option (0 ms)
[ok]: COPY for string can replace an existing key with REPLACE option (1 ms)
[ok]: COPY for string ensures that copied data is independent of copying data (3 ms)
[ok]: COPY for string does not copy data to no-integer DB (0 ms)
[ok]: COPY can copy key expire metadata as well (2 ms)
[ok]: COPY does not create an expire if it does not exist (1 ms)
[ok]: COPY basic usage for list (2 ms)
[ok]: COPY basic usage for intset set (2 ms)
[ok]: COPY basic usage for hashtable set (3 ms)
[ok]: COPY basic usage for listpack sorted set (4 ms)
[ok]: COPY basic usage for skiplist sorted set (30 ms)
[ok]: COPY basic usage for listpack hash (1 ms)
[ok]: COPY basic usage for hashtable hash (19 ms)
[5/84 done]: unit/protocol (1 seconds)
Testing unit/other
[ok]: AUTH fails when binary password is wrong (1 ms)
[ok]: AUTH succeeds when binary password is correct (0 ms)
[ok]: LPOS basic usage (3 ms)
[ok]: LPOS RANK (positive, negative and zero rank) option (2 ms)
[ok]: LPOS COUNT option (3 ms)
[ok]: LPOS COUNT + RANK option (0 ms)
[ok]: LPOS non existing key (0 ms)
[ok]: LPOS no match (0 ms)
[ok]: LPOS MAXLEN (2 ms)
[ok]: LPOS when RANK is greater than matches (1 ms)
[ok]: LPUSH, RPUSH, LLENGTH, LINDEX, LPOP - ziplist (6 ms)
[ok]: LPUSH, RPUSH, LLENGTH, LINDEX, LPOP - regular list (6 ms)
[ok]: LPOP/RPOP with wrong number of arguments (1 ms)
[ok]: RPOP/LPOP with the optional count argument (3 ms)
[ok]: LPOP/RPOP with the count 0 returns an empty array in RESP3 (2 ms)
[ok]: LPOP/RPOP against non existing key in RESP3 (2 ms)
[ok]: LPOP/RPOP with <count> against non existing key in RESP3 (2 ms)
[ok]: LPOP/RPOP with the count 0 returns an empty array in RESP2 (3 ms)
[ok]: XCLAIM can claim PEL items from another consumer (604 ms)
[ok]: LPOP/RPOP against non existing key in RESP2 (2 ms)
[ok]: LPOP/RPOP with <count> against non existing key in RESP2 (2 ms)
[ok]: Variadic RPUSH/LPUSH (1 ms)
[ok]: DEL a list (2 ms)
[ok]: BLPOP: single existing list - linkedlist (6 ms)
[ok]: BLPOP: multiple existing lists - linkedlist (3 ms)
[ok]: BLPOP: second list has an entry - linkedlist (2 ms)
[ok]: COPY basic usage for stream (295 ms)
[ok]: BLMPOP_LEFT: single existing list - linkedlist (7 ms)
[ok]: BLMPOP_LEFT: multiple existing lists - linkedlist (4 ms)
[ok]: BLMPOP_LEFT: second list has an entry - linkedlist (2 ms)
[ok]: BRPOPLPUSH - linkedlist (4 ms)
[ok]: COPY basic usage for stream-cgroups (16 ms)
[ok]: MOVE basic usage (2 ms)
[ok]: MOVE against key existing in the target DB (0 ms)
[ok]: BLMOVE left left - linkedlist (5 ms)
[ok]: MOVE against non-integer DB (#1428) (1 ms)
[ok]: EXPIRE - set timeouts multiple times (2 ms)
[ok]: EXPIRE - It should be still possible to read 'x' (0 ms)
[ok]: MOVE can move key expire metadata as well (3 ms)
[ok]: BLMOVE left right - linkedlist (5 ms)
[ok]: MOVE does not create an expire if it does not exist (2 ms)
[ok]: SET/GET keys in different DBs (2 ms)
[ok]: BLMOVE right left - linkedlist (6 ms)
[ok]: BLMOVE right right - linkedlist (4 ms)
[ok]: BLPOP: single existing list - ziplist (4 ms)
[ok]: BLPOP: multiple existing lists - ziplist (8 ms)
[ok]: BLPOP: second list has an entry - ziplist (4 ms)
[ok]: BLMPOP_LEFT: single existing list - ziplist (4 ms)
[ok]: RANDOMKEY (28 ms)
[ok]: RANDOMKEY against empty DB (1 ms)
[ok]: RANDOMKEY regression 1 (1 ms)
[ok]: KEYS * two times with long key, Github issue #1208 (1 ms)
[ok]: Regression for pattern matching long nested loops (1 ms)
[ok]: BLMPOP_LEFT: multiple existing lists - ziplist (8 ms)
[ok]: BLMPOP_LEFT: second list has an entry - ziplist (2 ms)
[ok]: BRPOPLPUSH - ziplist (4 ms)
[ok]: BLMOVE left left - ziplist (5 ms)
[ok]: BLMOVE left right - ziplist (4 ms)
[ok]: BLMOVE right left - ziplist (4 ms)
[ok]: BLMOVE right right - ziplist (6 ms)
[ok]: SAVE - make sure there are all the types as values (3 ms)
[ok]: BLPOP, LPUSH + DEL should not awake blocked client (104 ms)
[ok]: BLPOP, LPUSH + DEL + SET should not awake blocked client (102 ms)
[6/84 done]: unit/keyspace (2 seconds)
Testing unit/multi
[ok]: XCLAIM without JUSTID increments delivery count (403 ms)
[ok]: BLMPOP_LEFT, LPUSH + DEL should not awake blocked client (103 ms)
[ok]: BLMPOP_LEFT, LPUSH + DEL + SET should not awake blocked client (104 ms)
[ok]: BLPOP with same key multiple times should work (issue #801) (3 ms)
[ok]: XCLAIM same consumer (201 ms)
[ok]: MULTI/EXEC is isolated from the point of view of BLPOP (103 ms)
[ok]: BLPOP with variadic LPUSH (2 ms)
[ok]: MULTI/EXEC is isolated from the point of view of BLMPOP_LEFT (103 ms)
[ok]: BLMPOP_LEFT with variadic LPUSH (1 ms)
[ok]: Hash fuzzing #1 - 512 fields (1266 ms)
[ok]: BRPOPLPUSH with zero timeout should block indefinitely (1 ms)
[ok]: BLMOVE left left with zero timeout should block indefinitely (1 ms)
[ok]: BLMOVE left right with zero timeout should block indefinitely (1 ms)
[ok]: BLMOVE right left with zero timeout should block indefinitely (2 ms)
[ok]: BLMOVE right right with zero timeout should block indefinitely (4 ms)
[ok]: BLMOVE (left, left) with a client BLPOPing the target list (3 ms)
[ok]: BLMOVE (left, right) with a client BLPOPing the target list (4 ms)
[ok]: BLMOVE (right, left) with a client BLPOPing the target list (1 ms)
[ok]: BLMOVE (right, right) with a client BLPOPing the target list (3 ms)
[ok]: BRPOPLPUSH with wrong source type (1 ms)
[ok]: XADD mass insertion and XLEN (1358 ms)
[ok]: XADD with ID 0-0 (1 ms)
[ok]: BRPOPLPUSH with wrong destination type (4 ms)
[ok]: XADD with LIMIT delete entries no more than limit (1 ms)
[ok]: BRPOPLPUSH maintains order of elements after failure (1 ms)
[ok]: XRANGE COUNT works as expected (2 ms)
[ok]: BRPOPLPUSH with multiple blocked clients (2 ms)
[ok]: XREVRANGE COUNT works as expected (2 ms)
[ok]: MULTI / EXEC basics (2 ms)
[ok]: DISCARD (2 ms)
[ok]: Nested MULTI are not allowed (1 ms)
[ok]: MULTI where commands alter argc/argv (3 ms)
[ok]: BLMPOP with multiple blocked clients (8 ms)
[ok]: WATCH inside MULTI is not allowed (1 ms)
[ok]: EXEC fails if there are errors while queueing commands #1 (2 ms)
[ok]: Linked LMOVEs (3 ms)
[ok]: Circular BRPOPLPUSH (2 ms)
[ok]: Self-referential BRPOPLPUSH (2 ms)
[ok]: EXEC fails if there are errors while queueing commands #2 (5 ms)
[ok]: If EXEC aborts, the client MULTI state is cleared (1 ms)
[ok]: BRPOPLPUSH inside a transaction (2 ms)
[ok]: EXEC works on WATCHed key not modified (3 ms)
[ok]: EXEC fail on WATCHed key modified (1 key of 1 watched) (1 ms)
[ok]: PUSH resulting from BRPOPLPUSH affect WATCH (4 ms)
[ok]: EXEC fail on WATCHed key modified (1 key of 5 watched) (4 ms)
[ok]: BRPOPLPUSH does not affect WATCH while still blocked (6 ms)
[ok]: EXEC fail on WATCHed key modified by SORT with STORE even if the result is empty (3 ms)
[ok]: EXEC fail on lazy expired WATCHed key (104 ms)
[ok]: WATCH stale keys should not fail EXEC (5 ms)
[ok]: Delete WATCHed stale keys should not fail EXEC (6 ms)
[ok]: FLUSHDB while watching stale keys should not fail EXEC (4 ms)
[ok]: After successful EXEC key is no longer watched (5 ms)
[ok]: After failed EXEC key is no longer watched (3 ms)
[ok]: It is possible to UNWATCH (2 ms)
[ok]: UNWATCH when there is nothing watched works as expected (0 ms)
[ok]: FLUSHALL is able to touch the watched keys (2 ms)
[ok]: FLUSHALL does not touch non affected keys (3 ms)
[ok]: FLUSHDB is able to touch the watched keys (1 ms)
[ok]: FLUSHDB does not touch non affected keys (2 ms)
[ok]: SWAPDB is able to touch the watched keys that exist (2 ms)
[ok]: SWAPDB is able to touch the watched keys that do not exist (2 ms)
[ok]: SWAPDB does not touch watched stale keys (6 ms)
[ok]: SWAPDB does not touch non-existing key replaced with stale key (6 ms)
[ok]: SWAPDB does not touch stale key replaced with another stale key (7 ms)
[ok]: WATCH is able to remember the DB a key belongs to (2 ms)
[ok]: WATCH will consider touched keys target of EXPIRE (2 ms)
[ok]: Very big payload random access (2586 ms)
[ok]: MASTERAUTH test with binary password (978 ms)
[ok]: FUZZ stresser with data model binary (882 ms)
[ok]: XRANGE can be used to iterate the whole stream (385 ms)
[ok]: XAUTOCLAIM can claim PEL items from another consumer (605 ms)
[ok]: XAUTOCLAIM as an iterator (203 ms)
[ok]: XAUTOCLAIM COUNT must be > 0 (1 ms)
[ok]: XCLAIM with XDEL (2 ms)
[ok]: XCLAIM with trimming (2 ms)
[ok]: XAUTOCLAIM with XDEL (0 ms)
[ok]: XAUTOCLAIM with XDEL and count (1 ms)
[ok]: XAUTOCLAIM with out of range count (0 ms)
[ok]: XCLAIM with trimming (3 ms)
[ok]: XINFO FULL output (6 ms)
[ok]: XGROUP CREATECONSUMER: create consumer if does not exist (3 ms)
[ok]: XGROUP CREATECONSUMER: group must exist (1 ms)
[7/84 done]: unit/auth (3 seconds)
Testing unit/quit
[ok]: Hash fuzzing #2 - 512 fields (1002 ms)
[ok]: BRPOPLPUSH timeout (1014 ms)
[ok]: SWAPDB awakes blocked client (2 ms)
[ok]: XREADGROUP with NOACK creates consumer (5 ms)
[ok]: Consumer without PEL is present in AOF after AOFRW (58 ms)
[ok]: FUZZ stresser with data model alpha (935 ms)
[ok]: SWAPDB wants to wake blocked client, but the key already expired (189 ms)
[ok]: QUIT returns OK (1 ms)
[ok]: Pipelined commands after QUIT must not be executed (1 ms)
[ok]: Pipelined commands after QUIT that exceed read buffer size (2 ms)
[ok]: WATCH will consider touched expired keys (1114 ms)
[ok]: DISCARD should clear the WATCH dirty flag on the client (4 ms)
[ok]: DISCARD should UNWATCH all the keys (2 ms)
[ok]: EXPIRE - After 2.1 seconds the key should no longer be here (2103 ms)
[ok]: EXPIRE - write on expire should work (2 ms)
[ok]: EXPIREAT - Check for EXPIRE alike behavior (2 ms)
[ok]: SETEX - Set + Expire combo operation. Check for TTL (0 ms)
[ok]: SETEX - Check value (0 ms)
[ok]: SETEX - Overwrite old key (1 ms)
[ok]: Old Big Linked list: SORT BY key (336 ms)
[ok]: Old Big Linked list: SORT BY key with limit (3 ms)
[ok]: MULTI / EXEC is not propagated (single write command) (119 ms)
[ok]: Consumer group read counter and lag in empty streams (2 ms)
[ok]: Consumer group read counter and lag sanity (6 ms)
[ok]: Consumer group lag with XDELs (7 ms)
[ok]: Loading from legacy (Redis <= v6.2.x, rdb_ver < 10) persistence (2 ms)
[8/84 done]: unit/quit (1 seconds)
Testing unit/aofrw
[ok]: MULTI / EXEC is propagated correctly (multiple commands) (98 ms)
[ok]: MULTI + LPUSH + EXPIRE + DEBUG SLEEP on blocked client, key already expired (302 ms)
[ok]: BLPOP when new key is moved into place (2 ms)
[ok]: BLPOP when result key is created by SORT..STORE (3 ms)
[ok]: BLMPOP_LEFT when new key is moved into place (2 ms)
[ok]: BLMPOP_LEFT when result key is created by SORT..STORE (2 ms)
[ok]: BLPOP: with single empty list argument (2 ms)
[ok]: BLPOP: with negative timeout (1 ms)
[ok]: BLPOP: with non-integer timeout (1 ms)
[ok]: MULTI / EXEC is propagated correctly (multiple commands with SELECT) (103 ms)
[ok]: Old Big Linked list: SORT BY hash field (317 ms)
[ok]: Intset: SORT BY key (0 ms)
[ok]: Intset: SORT BY key with limit (0 ms)
[ok]: Intset: SORT BY hash field (0 ms)
[ok]: MULTI / EXEC is propagated correctly (empty transaction) (99 ms)
[ok]: MULTI / EXEC is propagated correctly (read-only commands) (101 ms)
[ok]: XREVRANGE returns the reverse of XRANGE (1499 ms)
[ok]: XRANGE exclusive ranges (4 ms)
[ok]: XREAD with non empty stream (0 ms)
[ok]: Non blocking XREAD with empty streams (0 ms)
[ok]: MULTI / EXEC is propagated correctly (write command, no effect) (101 ms)
[ok]: Hash table: SORT BY key (9 ms)
[ok]: Hash table: SORT BY key with limit (1 ms)
[ok]: Hash table: SORT BY hash field (9 ms)
[ok]: MULTI / EXEC with REPLICAOF (110 ms)
[ok]: DISCARD should not fail during OOM (3 ms)
[ok]: FUZZ stresser with data model compr (1036 ms)
[ok]: Stress test the hash ziplist -> hashtable encoding conversion (1368 ms)
[ok]: MULTI and script timeout (416 ms)
[ok]: Hash ziplist of various encodings (92 ms)
[ok]: Hash ziplist of various encodings - sanitize dump (2 ms)
[ok]: HINCRBYFLOAT does not allow NaN or Infinity (0 ms)
[ok]: SETEX - Wait for the key to expire (1107 ms)
[ok]: SETEX - Wrong time parameter (0 ms)
[ok]: PERSIST can undo an EXPIRE (1 ms)
[ok]: PERSIST returns 0 against non existing or non volatile keys (1 ms)
[ok]: FLUSHALL should not reset the dirty counter if we disable save (2 ms)
[ok]: FLUSHALL should reset the dirty counter to 0 if we enable save (0 ms)
[ok]: BLPOP: with zero timeout should block indefinitely (1007 ms)
[ok]: BLPOP: with 0.001 timeout should not block indefinitely (25 ms)
[ok]: BLPOP: second argument is not a list (4 ms)
[ok]: Consumer group last ID propagation to slave (NOACK=0) (835 ms)
[9/84 done]: unit/type/hash (5 seconds)
Testing unit/acl
[ok]: EXEC and script timeout (420 ms)
[ok]: BGSAVE (107 ms)
[ok]: SELECT an out of range DB (1 ms)
[ok]: Connections start with the default user (0 ms)
[ok]: It is possible to create new users (0 ms)
[ok]: Usernames can not contain spaces or null characters (0 ms)
[ok]: New users start disabled (0 ms)
[ok]: Enabling the user allows the login (1 ms)
[ok]: Only the set of correct passwords work (3 ms)
[ok]: It is possible to remove passwords from the set of valid ones (1 ms)
[ok]: Test password hashes can be added (1 ms)
[ok]: Test password hashes validate input (11 ms)
[ok]: ACL GETUSER returns the password hash instead of the actual password (1 ms)
[ok]: Test hashed passwords removal (1 ms)
[ok]: By default users are not able to access any command (2 ms)
[ok]: By default users are not able to access any key (1 ms)
[ok]: It's possible to allow the access of a subset of keys (0 ms)
[ok]: By default, only default user is able to publish to any channel (1 ms)
[ok]: By default, only default user is not able to publish to any shard channel (0 ms)
[ok]: By default, only default user is able to subscribe to any channel (0 ms)
[ok]: By default, only default user is able to subscribe to any shard channel (2 ms)
[ok]: By default, only default user is able to subscribe to any pattern (5 ms)
[ok]: It's possible to allow publishing to a subset of channels (1 ms)
[ok]: It's possible to allow publishing to a subset of shard channels (0 ms)
[ok]: Validate subset of channels is prefixed with resetchannels flag (12 ms)
[ok]: In transaction queue publish/subscribe/psubscribe to unauthorized channel will fail (3 ms)
[ok]: It's possible to allow subscribing to a subset of channels (1 ms)
[ok]: It's possible to allow subscribing to a subset of shard channels (1 ms)
[ok]: It's possible to allow subscribing to a subset of channel patterns (1 ms)
[ok]: Subscribers are killed when revoked of channel permission (1 ms)
[ok]: Subscribers are killed when revoked of channel permission (1 ms)
[ok]: Subscribers are killed when revoked of pattern permission (1 ms)
[ok]: Subscribers are killed when revoked of allchannels permission (3 ms)
[ok]: Subscribers are pardoned if literal permissions are retained and/or gaining allchannels (8 ms)
[ok]: Users can be configured to authenticate with any password (10 ms)
[ok]: ACLs can exclude single commands (2 ms)
[ok]: ACLs can include or exclude whole classes of commands (1 ms)
[ok]: ACLs can include single subcommands (2 ms)
[ok]: ACLs can exclude single subcommands, case 1 (1 ms)
[ok]: ACLs can exclude single subcommands, case 2 (1 ms)
[ok]: ACLs cannot include a subcommand with a specific arg (0 ms)
[ok]: ACLs cannot exclude or include a container commands with a specific arg (0 ms)
[ok]: ACLs cannot exclude or include a container command with two args (0 ms)
[ok]: ACLs including of a type includes also subcommands (1 ms)
[ok]: ACLs can block SELECT of all but a specific DB (1 ms)
[ok]: ACLs can block all DEBUG subcommands except one (1 ms)
[ok]: ACLs set can include subcommands, if already full command exists (4 ms)
[ok]: ACLs set can exclude subcommands, if already full command exists (10 ms)
[ok]: ACL GETUSER is able to translate back command permissions (2 ms)
[ok]: ACL GETUSER provides reasonable results (44 ms)
[ok]: ACL CAT with illegal arguments (1 ms)
[ok]: ACL CAT without category - list all categories (0 ms)
[ok]: ACL CAT category - list all commands/subcommands that belong to category (1 ms)
[ok]: ACL requires explicit permission for scripting for EVAL_RO, EVALSHA_RO and FCALL_RO (0 ms)
[ok]: ACL #5998 regression: memory leaks adding / removing subcommands (1 ms)
[ok]: ACL LOG shows failed command executions at toplevel (2 ms)
[ok]: ACL LOG shows failed subcommand executions at toplevel (1 ms)
[ok]: ACL LOG is able to test similar events (3 ms)
[ok]: ACL LOG is able to log keys access violations and key name (0 ms)
[ok]: ACL LOG is able to log channel access violations and channel name (2 ms)
[ok]: ACL LOG RESET is able to flush the entries in the log (1 ms)
[ok]: ACL LOG can distinguish the transaction context (1) (4 ms)
[ok]: ACL LOG can distinguish the transaction context (2) (2 ms)
[ok]: ACL can log errors in the context of Lua scripting (1 ms)
[ok]: ACL LOG can accept a numerical argument to show less entries (1 ms)
[ok]: ACL LOG can log failed auth attempts (1 ms)
[ok]: ACL LOG entries are limited to a maximum amount (7 ms)
[ok]: When default user is off, new connections are not authenticated (1 ms)
[ok]: When default user has no command permission, hello command still works for other users (0 ms)
[ok]: ACL HELP should not have unexpected options (0 ms)
[ok]: Delete a user that the client doesn't use (1 ms)
[ok]: Delete a user that the client is using (1 ms)
[ok]: ACL GENPASS command failed test (0 ms)
[ok]: Default user can not be removed (0 ms)
[ok]: ACL load non-existing configured ACL file (1 ms)
[ok]: MULTI-EXEC body and script timeout (405 ms)
[ok]: BLPOP: timeout (1050 ms)
[ok]: BLPOP: arguments are empty (2 ms)
[ok]: BRPOP: with single empty list argument (1 ms)
[ok]: BRPOP: with negative timeout (2 ms)
[ok]: BRPOP: with non-integer timeout (3 ms)
[ok]: Consumer group last ID propagation to slave (NOACK=1) (928 ms)
[ok]: just EXEC and script timeout (403 ms)
[ok]: exec with write commands and state change (4 ms)
[ok]: exec with read commands and stale replica state change (16 ms)
[ok]: EXEC with only read commands should not be rejected when OOM (1 ms)
[ok]: EXEC with at least one use-memory command should fail (6 ms)
[ok]: Blocking commands ignores the timeout (2 ms)
[ok]: MULTI propagation of PUBLISH (74 ms)
[ok]: SDIFF fuzzing (5808 ms)
[ok]: SDIFF against non-set should throw error (1 ms)
[ok]: SDIFF should handle non existing key as empty (0 ms)
[ok]: SDIFFSTORE against non-set should throw error (3 ms)
[ok]: SDIFFSTORE should handle non existing key as empty (1 ms)
[ok]: SINTER against non-set should throw error (2 ms)
[ok]: SINTER should handle non existing key as empty (2 ms)
[ok]: SINTER with same integer elements but different encoding (0 ms)
[ok]: SINTERSTORE against non-set should throw error (6 ms)
[ok]: MULTI propagation of SCRIPT LOAD (105 ms)
[ok]: SINTERSTORE against non existing keys should delete dstkey (8 ms)
[ok]: SUNION against non-set should throw error (0 ms)
[ok]: SUNION should handle non existing key as empty (3 ms)
[ok]: SUNIONSTORE against non-set should throw error (3 ms)
[ok]: SUNIONSTORE should handle non existing key as empty (0 ms)
[ok]: SUNIONSTORE against non existing keys should delete dstkey (0 ms)
[ok]: SPOP basics - hashtable (1 ms)
[ok]: SPOP with <count>=1 - hashtable (2 ms)
[ok]: default: load from include file, can access any channels (7 ms)
[ok]: default: with config acl-pubsub-default allchannels after reset, can access any channels (1 ms)
[ok]: default: with config acl-pubsub-default resetchannels after reset, can not access any channels (1 ms)
[ok]: Alice: can execute all command (1 ms)
[ok]: Bob: just execute @set and acl command (2 ms)
[ok]: SRANDMEMBER - hashtable (25 ms)
[ok]: ACL load and save (3 ms)
[ok]: SPOP basics - intset (4 ms)
[ok]: SPOP with <count>=1 - intset (2 ms)
[ok]: ACL load and save with restricted channels (9 ms)
[ok]: SRANDMEMBER - intset (20 ms)
[ok]: SPOP with <count> (2 ms)
[ok]: SPOP with <count> (4 ms)
[ok]: SPOP using integers, testing Knuth's and Floyd's algorithm (5 ms)
[ok]: SPOP using integers with Knuth's algorithm (1 ms)
[ok]: SPOP new implementation: code path #1 (8 ms)
[ok]: SPOP new implementation: code path #2 (5 ms)
[ok]: SPOP new implementation: code path #3 (3 ms)
[ok]: SRANDMEMBER count of 0 is handled correctly (1 ms)
[ok]: SRANDMEMBER with <count> against non existing key (0 ms)
[ok]: SRANDMEMBER count overflow (0 ms)
[ok]: SRANDMEMBER count of 0 is handled correctly - emptyarray (0 ms)
[ok]: SRANDMEMBER with <count> against non existing key - emptyarray (0 ms)
[ok]: MULTI propagation of EVAL (97 ms)
[ok]: SRANDMEMBER with <count> - hashtable (43 ms)
[ok]: SRANDMEMBER with <count> - intset (41 ms)
[ok]: MULTI propagation of SCRIPT FLUSH (102 ms)
[ok]: XREAD with non empty second stream (2294 ms)
[ok]: Blocking XREAD waiting new data (4 ms)
[ok]: Blocking XREAD waiting old data (1 ms)
[ok]: MULTI propagation of XREADGROUP (102 ms)
[ok]: MULTI with SAVE (5 ms)
[ok]: MULTI with SHUTDOWN (2 ms)
[ok]: SRANDMEMBER histogram distribution - hashtable (174 ms)
[ok]: Blocking XREAD will not reply with an empty array (62 ms)
[ok]: Blocking XREAD for stream that ran dry (issue #5299) (104 ms)
[ok]: XREAD: XADD + DEL should not awake client (6 ms)
[ok]: XREAD: XADD + DEL + LPUSH should not awake client (8 ms)
[ok]: XREAD with same stream name multiple times should work (2 ms)
[ok]: XREAD + multiple XADD inside transaction (3 ms)
[ok]: XDEL basic test (3 ms)
[ok]: SRANDMEMBER histogram distribution - intset (149 ms)
[ok]: MULTI with BGREWRITEAOF (209 ms)
[ok]: EXPIRE precision is now the millisecond (2004 ms)
[ok]: PSETEX can set sub-second expires (101 ms)
[ok]: MULTI with config set appendonly (221 ms)
[ok]: MULTI with config error (1 ms)
[ok]: Flushall while watching several keys by one client (1 ms)
[ok]: Default user has access to all channels irrespective of flag (1 ms)
[ok]: Update acl-pubsub-default, existing users shouldn't get affected (3 ms)
[ok]: BRPOP: with zero timeout should block indefinitely (1003 ms)
[ok]: Single channel is valid (2 ms)
[ok]: Single channel is not valid with allchannels (2 ms)
[ok]: BRPOP: with 0.001 timeout should not block indefinitely (23 ms)
[ok]: BRPOP: second argument is not a list (7 ms)
[ok]: PEXPIRE can set sub-second expires (102 ms)
[ok]: PEXPIREAT can set sub-second expires (202 ms)
[ok]: TTL returns time to live in seconds (0 ms)
[ok]: PTTL returns time to live in milliseconds (1 ms)
[ok]: TTL / PTTL / EXPIRETIME / PEXPIRETIME return -1 if key has no expire (1 ms)
[ok]: TTL / PTTL / EXPIRETIME / PEXPIRETIME return -2 if key does not exit (0 ms)
[ok]: EXPIRETIME returns absolute expiration time in seconds (1 ms)
[ok]: PEXPIRETIME returns absolute expiration time in milliseconds (12 ms)
[ok]: SET 10000 numeric keys and access all them in reverse order (4720 ms)
[ok]: DBSIZE should be 10000 now (1 ms)
[ok]: SETNX target key missing (0 ms)
[ok]: SETNX target key exists (0 ms)
[ok]: SETNX against not-expired volatile key (1 ms)
[ok]: Check consistency of different data types after a reload (2087 ms)
[ok]: Replication tests of XCLAIM with deleted entries (autclaim=0) (824 ms)
[ok]: Replication tests of XCLAIM with deleted entries (autclaim=1) (19 ms)
[ok]: Redis should actively expire keys incrementally (506 ms)
[ok]: Only default user has access to all channels irrespective of flag (2 ms)
[ok]: MULTI with FLUSHALL and AOF (12 ms)
[ok]: ZDIFF fuzzing - listpack (7773 ms)
[ok]: ZPOPMIN with the count 0 returns an empty array (6 ms)
[ok]: ZPOPMIN with negative count (1 ms)
[ok]: ZPOPMAX with the count 0 returns an empty array (1 ms)
[ok]: ZPOPMAX with negative count (1 ms)
[ok]: Basic ZPOPMIN/ZPOPMAX with a single key - listpack (2 ms)
[ok]: ZPOPMIN/ZPOPMAX with count - listpack (1 ms)
[ok]: Basic ZMPOP_MIN/ZMPOP_MAX with a single key - listpack (2 ms)
[ok]: ZMPOP_MIN/ZMPOP_MAX with count - listpack (8 ms)
[ok]: BZPOPMIN/BZPOPMAX with a single existing sorted set - listpack (6 ms)
[ok]: BZPOPMIN/BZPOPMAX with multiple existing sorted sets - listpack (1 ms)
[ok]: BZPOPMIN/BZPOPMAX second sorted set has members - listpack (1 ms)
[ok]: BZMPOP_MIN/BZMPOP_MAX with a single existing sorted set - listpack (1 ms)
[ok]: BZMPOP_MIN/BZMPOP_MAX with multiple existing sorted sets - listpack (10 ms)
[ok]: BZMPOP_MIN/BZMPOP_MAX second sorted set has members - listpack (2 ms)
[ok]: Basic ZPOPMIN/ZPOPMAX - listpack RESP3 (2 ms)
[ok]: ZPOPMIN/ZPOPMAX with count - listpack RESP3 (12 ms)
[ok]: Basic ZMPOP_MIN/ZMPOP_MAX - listpack RESP3 (2 ms)
[ok]: ZMPOP_MIN/ZMPOP_MAX with count - listpack RESP3 (2 ms)
[ok]: BZPOPMIN/BZPOPMAX - listpack RESP3 (10 ms)
[ok]: BZMPOP_MIN/BZMPOP_MAX - listpack RESP3 (3 ms)
[ok]: Check encoding - skiplist (0 ms)
[ok]: ZSET basic ZADD and score update - skiplist (1 ms)
[ok]: ZSET element can't be set to NaN with ZADD - skiplist (0 ms)
[ok]: ZSET element can't be set to NaN with ZINCRBY - skiplist (0 ms)
[ok]: ZADD with options syntax error with incomplete pair - skiplist (1 ms)
[ok]: ZADD XX option without key - skiplist (0 ms)
[ok]: ZADD XX existing key - skiplist (1 ms)
[ok]: ZADD XX returns the number of elements actually added - skiplist (0 ms)
[ok]: ZADD XX updates existing elements score - skiplist (2 ms)
[ok]: ZADD GT updates existing elements when new scores are greater - skiplist (10 ms)
[ok]: ZADD LT updates existing elements when new scores are lower - skiplist (1 ms)
[ok]: ZADD GT XX updates existing elements when new scores are greater and skips new elements - skiplist (1 ms)
[ok]: ZADD LT XX updates existing elements when new scores are lower and skips new elements - skiplist (1 ms)
[ok]: ZADD XX and NX are not compatible - skiplist (1 ms)
[ok]: ZADD NX with non existing key - skiplist (0 ms)
[ok]: ZADD NX only add new elements without updating old ones - skiplist (1 ms)
[ok]: ZADD GT and NX are not compatible - skiplist (0 ms)
[ok]: ZADD LT and NX are not compatible - skiplist (0 ms)
[ok]: ZADD LT and GT are not compatible - skiplist (1 ms)
[ok]: ZADD INCR LT/GT replies with nill if score not updated - skiplist (1 ms)
[ok]: ZADD INCR LT/GT with inf - skiplist (10 ms)
[ok]: ZADD INCR works like ZINCRBY - skiplist (1 ms)
[ok]: ZADD INCR works with a single score-elemenet pair - skiplist (0 ms)
[ok]: ZADD CH option changes return value to all changed elements - skiplist (7 ms)
[ok]: ZINCRBY calls leading to NaN result in error - skiplist (0 ms)
[ok]: ZADD - Variadic version base case - $encoding (1 ms)
[ok]: Same dataset digest if saving/reloading as AOF? (564 ms)
[ok]: ZADD - Return value is the number of actually added items - $encoding (0 ms)
[ok]: ZADD - Variadic version does not add nothing on single parsing err - $encoding (1 ms)
[ok]: ZADD - Variadic version will raise error on missing arg - $encoding (0 ms)
[ok]: ZINCRBY does not work variadic even if shares ZADD implementation - $encoding (0 ms)
[ok]: ZCARD basics - skiplist (1 ms)
[ok]: ZREM removes key after last element is removed - skiplist (0 ms)
[ok]: ZREM variadic version - skiplist (5 ms)
[ok]: ZREM variadic version -- remove elements after key deletion - skiplist (1 ms)
[ok]: ZRANGE basics - skiplist (15 ms)
[ok]: ZREVRANGE basics - skiplist (3 ms)
[ok]: ZRANK/ZREVRANK basics - skiplist (2 ms)
[ok]: ZRANK - after deletion - skiplist (2 ms)
[ok]: ZINCRBY - can create a new sorted set - skiplist (2 ms)
[ok]: ZINCRBY - increment and decrement - skiplist (1 ms)
[ok]: ZINCRBY return value - skiplist (1 ms)
[ok]: ZRANGEBYSCORE/ZREVRANGEBYSCORE/ZCOUNT basics - skiplist (22 ms)
[ok]: ZRANGEBYSCORE with WITHSCORES - skiplist (2 ms)
[ok]: ZRANGEBYSCORE with LIMIT - skiplist (10 ms)
[ok]: EXPIRES after a reload (snapshot + append only file rewrite) (65 ms)
[ok]: ZRANGEBYSCORE with LIMIT and WITHSCORES - skiplist (3 ms)
[ok]: ZRANGEBYSCORE with non-value min or max - skiplist (0 ms)
[ok]: ZRANGEBYLEX/ZREVRANGEBYLEX/ZLEXCOUNT basics - skiplist (14 ms)
[ok]: ZLEXCOUNT advanced - skiplist (5 ms)
[ok]: ZRANGEBYSLEX with LIMIT - skiplist (3 ms)
[ok]: ZRANGEBYLEX with invalid lex range specifiers - skiplist (1 ms)
[ok]: BRPOP: timeout (1073 ms)
[ok]: BRPOP: arguments are empty (16 ms)
[ok]: BLMPOP_LEFT: with single empty list argument (1 ms)
[ok]: BLMPOP_LEFT: with negative timeout (2 ms)
[ok]: BLMPOP_LEFT: with non-integer timeout (1 ms)
[ok]: ZREMRANGEBYSCORE basics - skiplist (72 ms)
[ok]: ZREMRANGEBYSCORE with non-value min or max - skiplist (1 ms)
[10/84 done]: unit/multi (6 seconds)
Testing unit/acl-v2
[ok]: ZREMRANGEBYRANK basics - skiplist (25 ms)
[ok]: ZUNIONSTORE against non-existing key doesn't set destination - skiplist (1 ms)
[ok]: ZUNION/ZINTER/ZINTERCARD/ZDIFF against non-existing key - skiplist (11 ms)
[ok]: ZUNIONSTORE with empty set - skiplist (9 ms)
[ok]: ZUNION/ZINTER/ZINTERCARD/ZDIFF with empty set - skiplist (2 ms)
[ok]: ZUNIONSTORE basics - skiplist (2 ms)
[ok]: ZUNION/ZINTER/ZINTERCARD/ZDIFF with integer members - skiplist (5 ms)
[ok]: ZUNIONSTORE with weights - skiplist (2 ms)
[ok]: ZUNION with weights - skiplist (1 ms)
[ok]: ZUNIONSTORE with a regular set and weights - skiplist (2 ms)
[ok]: ZUNIONSTORE with AGGREGATE MIN - skiplist (0 ms)
[ok]: ZUNION/ZINTER with AGGREGATE MIN - skiplist (8 ms)
[ok]: ZUNIONSTORE with AGGREGATE MAX - skiplist (2 ms)
[ok]: ZUNION/ZINTER with AGGREGATE MAX - skiplist (9 ms)
[ok]: ZINTERSTORE basics - skiplist (2 ms)
[ok]: ZINTER basics - skiplist (1 ms)
[ok]: ZINTERCARD with illegal arguments (1 ms)
[ok]: ZINTERCARD basics - skiplist (2 ms)
[ok]: ZINTER RESP3 - skiplist (0 ms)
[ok]: ZINTERSTORE with weights - skiplist (1 ms)
[ok]: ZINTER with weights - skiplist (0 ms)
[ok]: ZINTERSTORE with a regular set and weights - skiplist (3 ms)
[ok]: ZINTERSTORE with AGGREGATE MIN - skiplist (1 ms)
[ok]: ZINTERSTORE with AGGREGATE MAX - skiplist (10 ms)
[ok]: ZUNIONSTORE with +inf/-inf scores - skiplist (4 ms)
[ok]: ZUNIONSTORE with NaN weights - skiplist (1 ms)
[ok]: ZINTERSTORE with +inf/-inf scores - skiplist (4 ms)
[ok]: ZINTERSTORE with NaN weights - skiplist (1 ms)
[ok]: ZDIFFSTORE basics - skiplist (9 ms)
[ok]: ZDIFF basics - skiplist (1 ms)
[ok]: ZDIFFSTORE with a regular set - skiplist (1 ms)
[ok]: ZDIFF subtracting set from itself - skiplist (0 ms)
[ok]: ZDIFF algorithm 1 - skiplist (4 ms)
[ok]: ZDIFF algorithm 2 - skiplist (6 ms)
[ok]: LTRIM stress testing - linkedlist (8354 ms)
[ok]: Empty stream with no lastid can be rewrite into AOF correctly (123 ms)
[ok]: default: load from config file, without channel permission default user can't access any channels (1 ms)
[ok]: Big Hash table: SORT BY key (701 ms)
[ok]: Test basic multiple selectors (1 ms)
[ok]: Test ACL selectors by default have no permissions (0 ms)
[ok]: Test deleting selectors (1 ms)
[ok]: Test selector syntax error reports the error in the selector context (2 ms)
[ok]: Test flexible selector definition (5 ms)
[ok]: Test separate read permission (2 ms)
[ok]: Big Hash table: SORT BY key with limit (28 ms)
[ok]: Test separate write permission (14 ms)
[ok]: Test separate read and write permissions (1 ms)
[ok]: Test separate read and write permissions on different selectors are not additive (15 ms)
[ok]: Test SET with separate read permission (1 ms)
[ok]: Test SET with separate write permission (0 ms)
[ok]: Test SET with read and write permissions (10 ms)
[ok]: Test BITFIELD with separate read permission (17 ms)
[ok]: Test BITFIELD with separate write permission (10 ms)
[ok]: Test BITFIELD with read and write permissions (6 ms)
[ok]: Test ACL log correctly identifies the relevant item when selectors are used (5 ms)
[ok]: Test ACL GETUSER response information (1 ms)
[ok]: Redis should lazy expire keys (1034 ms)
[ok]: Test ACL list idempotency (145 ms)
[ok]: Test R+W is the same as all permissions (1 ms)
[ok]: Test basic dry run functionality (0 ms)
[ok]: Test various commands for command permissions (1 ms)
[ok]: Test various odd commands for key permissions (9 ms)
[ok]: Existence test commands are not marked as access (4 ms)
[ok]: Intersection cardinaltiy commands are access commands (4 ms)
[ok]: Test general keyspace commands require some type of permission to execute (1 ms)
[ok]: Cardinality commands require some type of permission to execute (16 ms)
[ok]: Test sharded channel permissions (5 ms)
[ok]: Test sort with ACL permissions (6 ms)
[ok]: Test DRYRUN with wrong number of arguments (1 ms)
[ok]: default: load from config file with all channels permissions (0 ms)
[ok]: Big Hash table: SORT BY hash field (384 ms)
[ok]: SORT GET # (0 ms)
[ok]: SORT GET <const> (0 ms)
[ok]: SORT GET (key and hash) with sanity check (1 ms)
[ok]: SORT BY key STORE (1 ms)
[ok]: SORT BY hash field STORE (0 ms)
[ok]: SORT extracts STORE correctly (0 ms)
[ok]: SORT_RO get keys (0 ms)
[ok]: SORT extracts multiple STORE correctly (0 ms)
[ok]: SORT DESC (0 ms)
[ok]: SORT ALPHA against integer encoded strings (0 ms)
[ok]: SORT sorted set (1 ms)
[ok]: SORT sorted set BY nosort should retain ordering (0 ms)
[ok]: SORT sorted set BY nosort + LIMIT (0 ms)
[ok]: SORT sorted set BY nosort works as expected from scripts (1 ms)
[ok]: SORT sorted set: +inf and -inf handling (0 ms)
[11/84 done]: unit/type/stream-cgroups (9 seconds)
Testing unit/latency-monitor
[ok]: SORT regression for issue #19, sorting floats (5 ms)
[ok]: SORT with STORE returns zero if result is empty (github issue 224) (0 ms)
[ok]: SORT with STORE does not create empty lists (github issue 224) (0 ms)
[ok]: SORT with STORE removes key if result is empty (github issue 227) (0 ms)
[ok]: SORT with BY <constant> and STORE should still order output (0 ms)
[ok]: SORT will complain with numerical sorting and bad doubles (1) (1 ms)
[ok]: SORT will complain with numerical sorting and bad doubles (2) (0 ms)
[ok]: SORT BY sub-sorts lexicographically if score is the same (0 ms)
[ok]: SORT GET with pattern ending with just -> does not get hash field (0 ms)
[ok]: SORT by nosort retains native order for lists (1 ms)
[ok]: SORT by nosort plus store retains native order for lists (0 ms)
[ok]: SORT by nosort with limit returns based on original list order (0 ms)
[ok]: SORT_RO - Successful case (0 ms)
[ok]: SORT_RO - Cannot run with STORE arg (0 ms)
[ok]: SORT speed, 100 element list BY key, 100 times (12 ms)
[ok]: SORT speed, 100 element list BY hash field, 100 times (12 ms)
[ok]: SORT speed, 100 element list directly, 100 times (19 ms)
[ok]: SORT speed, 100 element list BY <const>, 100 times (12 ms)
[ok]: SETRANGE with huge offset (2 ms)
[ok]: BLMPOP_LEFT: with zero timeout should block indefinitely (1005 ms)
[ok]: BLMPOP_LEFT: with 0.001 timeout should not block indefinitely (10 ms)
[ok]: BLMPOP_LEFT: second argument is not a list (0 ms)
[ok]: LATENCY HISTOGRAM with empty histogram (1 ms)
[ok]: LATENCY HISTOGRAM all commands (9 ms)
[ok]: LATENCY HISTOGRAM sub commands (1 ms)
[ok]: LATENCY HISTOGRAM with a subset of commands (3 ms)
[ok]: LATENCY HISTOGRAM command (1 ms)
[ok]: LATENCY HISTOGRAM with wrong command name skips the invalid one (7 ms)
[12/84 done]: unit/sort (9 seconds)
Testing integration/block-repl
[ok]: Test behavior of loading ACLs (1 ms)
[ok]: Stress tester for #3343-alike bugs comp: 2 (9130 ms)
[ok]: EXPIRE should not resurrect keys (issue #1026) (1007 ms)
[ok]: 5 keys in, 5 keys out (2 ms)
[ok]: EXPIRE with empty string as TTL should report an error (1 ms)
[ok]: SET with EX with big integer should report an error (0 ms)
[ok]: SET with EX with smallest integer should report an error (1 ms)
[ok]: GETEX with big integer should report an error (1 ms)
[ok]: GETEX with smallest integer should report an error (1 ms)
[ok]: EXPIRE with big integer overflows when converted to milliseconds (5 ms)
[ok]: PEXPIRE with big integer overflow when basetime is added (0 ms)
[ok]: EXPIRE with big negative integer (1 ms)
[ok]: PEXPIREAT with big integer works (2 ms)
[ok]: Test loading an ACL file with duplicate users (98 ms)
[ok]: PEXPIREAT with big negative integer works (1 ms)
[ok]: Test loading an ACL file with duplicate default user (68 ms)
[ok]: Test loading duplicate users in config on startup (70 ms)
[13/84 done]: unit/acl-v2 (2 seconds)
Testing integration/replication
[ok]: BLMPOP_LEFT: timeout (1005 ms)
[ok]: BLMPOP_LEFT: arguments are empty (1 ms)
[ok]: BLMPOP_RIGHT: with single empty list argument (1 ms)
[ok]: BLMPOP_RIGHT: with negative timeout (0 ms)
[ok]: BLMPOP_RIGHT: with non-integer timeout (3 ms)
[ok]: EXPIRES after AOF reload (without rewrite) (2134 ms)
[ok]: XDEL fuzz test (3985 ms)
[ok]: Slave enters handshake (1 ms)
[ok]: BLMPOP_RIGHT: with zero timeout should block indefinitely (1003 ms)
[ok]: BLMPOP_RIGHT: with 0.001 timeout should not block indefinitely (23 ms)
[ok]: BLMPOP_RIGHT: second argument is not a list (1 ms)
[ok]: First server should have role slave after SLAVEOF (1010 ms)
[ok]: PIPELINING stresser (also a regression for the old epoll bug) (1112 ms)
[ok]: APPEND basics (1 ms)
[ok]: APPEND basics, integer encoded values (1 ms)
[ok]: APPEND fuzzing (167 ms)
[ok]: ACL from config file and config rewrite (623 ms)
[ok]: FLUSHDB (23 ms)
[ok]: Perform a final SAVE to leave a clean DB on disk (1 ms)
[ok]: RESET clears client state (1 ms)
[ok]: RESET clears MONITOR state (1 ms)
[ok]: RESET clears and discards MULTI state (0 ms)
[ok]: RESET clears Pub/Sub state (1 ms)
[ok]: RESET clears authenticated state (1 ms)
[ok]: Subcommand syntax error crash (issue #10070) (1 ms)
[ok]: SETNX against expired volatile key (4446 ms)
[ok]: GETEX EX option (0 ms)
[ok]: GETEX PX option (0 ms)
[ok]: GETEX EXAT option (0 ms)
[ok]: GETEX PXAT option (1 ms)
[ok]: GETEX PERSIST option (0 ms)
[ok]: GETEX no option (0 ms)
[ok]: GETEX syntax errors (0 ms)
[ok]: GETEX no arguments (0 ms)
[ok]: GETDEL command (0 ms)
[ok]: GETDEL propagate as DEL command to replica (82 ms)
[14/84 done]: unit/acl (7 seconds)
Testing integration/replication-2
[ok]: GETEX without argument does not propagate to replica (100 ms)
[ok]: MGET (12 ms)
[ok]: MGET against non existing key (0 ms)
[ok]: MGET against non-string key (0 ms)
[ok]: GETSET (set new value) (0 ms)
[ok]: GETSET (replace old value) (1 ms)
[ok]: MSET base case (0 ms)
[ok]: MSET/MSETNX wrong number of args (0 ms)
[ok]: MSETNX with already existent key (0 ms)
[ok]: MSETNX with not existing keys (0 ms)
[ok]: MSETNX with not existing keys - same key twice (0 ms)
[ok]: MSETNX with already existing keys - same key twice (0 ms)
[ok]: STRLEN against non-existing key (0 ms)
[ok]: STRLEN against integer-encoded value (1 ms)
[ok]: STRLEN against plain string (0 ms)
[ok]: SETBIT against non-existing key (0 ms)
[ok]: SETBIT against string-encoded key (0 ms)
[ok]: SETBIT against integer-encoded key (0 ms)
[ok]: SETBIT against key with wrong type (0 ms)
[ok]: SETBIT with out of range bit offset (0 ms)
[ok]: SETBIT with non-bit argument (1 ms)
[ok]: All time-to-live(TTL) in commands are propagated as absolute timestamp in milliseconds in AOF (2013 ms)
[ok]: BLMPOP_RIGHT: timeout (1054 ms)
[ok]: BLMPOP_RIGHT: arguments are empty (0 ms)
[ok]: BLPOP inside a transaction (1 ms)
[ok]: BLMPOP_LEFT inside a transaction (0 ms)
[ok]: BLMPOP propagate as pop with count command to replica (200 ms)
[ok]: LPUSHX, RPUSHX - generic (0 ms)
[ok]: LPUSHX, RPUSHX - linkedlist (1 ms)
[ok]: LINSERT - linkedlist (0 ms)
[ok]: LPUSHX, RPUSHX - ziplist (1 ms)
[ok]: LINSERT - ziplist (5 ms)
[ok]: LINSERT raise error on bad syntax (0 ms)
[ok]: SETBIT fuzzing (563 ms)
[ok]: LINDEX consistency test - quicklist (69 ms)
[ok]: GETBIT against non-existing key (0 ms)
[ok]: GETBIT against string-encoded key (1 ms)
[ok]: GETBIT against integer-encoded key (0 ms)
[ok]: SETRANGE against non-existing key (1 ms)
[ok]: SETRANGE against string-encoded key (0 ms)
[ok]: SETRANGE against integer-encoded key (1 ms)
[ok]: SETRANGE against key with wrong type (0 ms)
[ok]: SETRANGE with out of range offset (0 ms)
[ok]: GETRANGE against non-existing key (0 ms)
[ok]: GETRANGE against string value (0 ms)
[ok]: GETRANGE against integer-encoded value (0 ms)
[ok]: All TTL in commands are propagated as absolute timestamp in replication stream (106 ms)
[ok]: LINDEX random access - quicklist (38 ms)
[ok]: First server should have role slave after SLAVEOF (103 ms)
[ok]: Check if list is still ok after a DEBUG RELOAD - quicklist (104 ms)
[ok]: Don't rehash if redis has child process (498 ms)
[ok]: Test latency events logging (3405 ms)
[ok]: LATENCY HISTORY output is ok (0 ms)
[ok]: LATENCY LATEST output is ok (1 ms)
[ok]: LINDEX consistency test - quicklist (142 ms)
[ok]: LINDEX random access - quicklist (84 ms)
[ok]: First server should have role slave after REPLICAOF (1 ms)
[ok]: Check if list is still ok after a DEBUG RELOAD - quicklist (162 ms)
[ok]: LLEN against non-list value error (0 ms)
[ok]: LLEN against non existing key (0 ms)
[ok]: LINDEX against non-list value error (0 ms)
[ok]: LINDEX against non existing key (0 ms)
[ok]: LPUSH against non-list value error (0 ms)
[ok]: RPUSH against non-list value error (0 ms)
[ok]: RPOPLPUSH base case - linkedlist (1 ms)
[ok]: LMOVE left left base case - linkedlist (0 ms)
[ok]: LMOVE left right base case - linkedlist (0 ms)
[ok]: LMOVE right left base case - linkedlist (1 ms)
[ok]: LMOVE right right base case - linkedlist (0 ms)
[ok]: RPOPLPUSH with the same list as src and dst - linkedlist (0 ms)
[ok]: LMOVE left left with the same list as src and dst - linkedlist (0 ms)
[ok]: LMOVE left right with the same list as src and dst - linkedlist (10 ms)
[ok]: LMOVE right left with the same list as src and dst - linkedlist (0 ms)
[ok]: LMOVE right right with the same list as src and dst - linkedlist (0 ms)
[ok]: RPOPLPUSH with linkedlist source and existing target linkedlist (1 ms)
[ok]: LMOVE left left with linkedlist source and existing target linkedlist (0 ms)
[ok]: LMOVE left right with linkedlist source and existing target linkedlist (1 ms)
[ok]: LMOVE right left with linkedlist source and existing target linkedlist (0 ms)
[ok]: LMOVE right right with linkedlist source and existing target linkedlist (1 ms)
[ok]: RPOPLPUSH with linkedlist source and existing target ziplist (0 ms)
[ok]: LMOVE left left with linkedlist source and existing target ziplist (1 ms)
[ok]: LMOVE left right with linkedlist source and existing target ziplist (0 ms)
[ok]: LMOVE right left with linkedlist source and existing target ziplist (3 ms)
[ok]: LMOVE right right with linkedlist source and existing target ziplist (5 ms)
[ok]: RPOPLPUSH base case - ziplist (0 ms)
[ok]: LMOVE left left base case - ziplist (1 ms)
[ok]: LMOVE left right base case - ziplist (0 ms)
[ok]: LMOVE right left base case - ziplist (0 ms)
[ok]: LMOVE right right base case - ziplist (3 ms)
[ok]: RPOPLPUSH with the same list as src and dst - ziplist (0 ms)
[ok]: LMOVE left left with the same list as src and dst - ziplist (0 ms)
[ok]: LMOVE left right with the same list as src and dst - ziplist (0 ms)
[ok]: LMOVE right left with the same list as src and dst - ziplist (0 ms)
[ok]: LMOVE right right with the same list as src and dst - ziplist (0 ms)
[ok]: RPOPLPUSH with ziplist source and existing target linkedlist (1 ms)
[ok]: LMOVE left left with ziplist source and existing target linkedlist (0 ms)
[ok]: LMOVE left right with ziplist source and existing target linkedlist (0 ms)
[ok]: LMOVE right left with ziplist source and existing target linkedlist (1 ms)
[ok]: LMOVE right right with ziplist source and existing target linkedlist (9 ms)
[ok]: RPOPLPUSH with ziplist source and existing target ziplist (0 ms)
[ok]: LMOVE left left with ziplist source and existing target ziplist (1 ms)
[ok]: LMOVE left right with ziplist source and existing target ziplist (0 ms)
[ok]: LMOVE right left with ziplist source and existing target ziplist (0 ms)
[ok]: LMOVE right right with ziplist source and existing target ziplist (1 ms)
[ok]: RPOPLPUSH against non existing key (0 ms)
[ok]: RPOPLPUSH against non list src key (0 ms)
[ok]: RPOPLPUSH against non list dst key (1 ms)
[ok]: RPOPLPUSH against non existing src key (0 ms)
[ok]: Basic LPOP/RPOP/LMPOP - linkedlist (0 ms)
[ok]: If min-slaves-to-write is honored, write is accepted (505 ms)
[ok]: No write if min-slaves-to-write is < attached slaves (1 ms)
[ok]: If min-slaves-to-write is honored, write is accepted (again) (1 ms)
[ok]: Basic LPOP/RPOP/LMPOP - ziplist (9 ms)
[ok]: LPOP/RPOP/LMPOP against empty list (1 ms)
[ok]: LPOP/RPOP/LMPOP NON-BLOCK or BLOCK against non list value (0 ms)
[ok]: Mass RPOP/LPOP - quicklist (36 ms)
[ok]: GETRANGE fuzzing (624 ms)
[ok]: Mass RPOP/LPOP - quicklist (88 ms)
[ok]: LMPOP with illegal argument (2 ms)
[ok]: LMPOP single existing list (2 ms)
[ok]: LMPOP multiple existing lists (3 ms)
[ok]: trim on SET with big value (86 ms)
[ok]: Extended SET can detect syntax errors (1 ms)
[ok]: Extended SET NX option (0 ms)
[ok]: Extended SET XX option (0 ms)
[ok]: Extended SET GET option (0 ms)
[ok]: Extended SET GET option with no previous value (1 ms)
[ok]: Extended SET GET option with XX (0 ms)
[ok]: Extended SET GET option with XX and no previous value (0 ms)
[ok]: Extended SET GET option with NX (0 ms)
[ok]: Extended SET GET option with NX and previous value (1 ms)
[ok]: Extended SET GET with incorrect type should result in wrong type error (0 ms)
[ok]: Extended SET EX option (0 ms)
[ok]: Extended SET PX option (0 ms)
[ok]: Extended SET EXAT option (0 ms)
[ok]: Extended SET PXAT option (1 ms)
[ok]: Extended SET using multiple options at once (0 ms)
[ok]: GETRANGE with huge ranges, Github issue #1844 (0 ms)
[ok]: LCS basic (1 ms)
[ok]: LCS len (0 ms)
[ok]: LCS indexes (1 ms)
[ok]: LCS indexes with match len (0 ms)
[ok]: LCS indexes with match len and minimum match len (1 ms)
[ok]: SETRANGE with huge offset (0 ms)
[ok]: SCAN regression test for issue #4906 (12805 ms)
[ok]: LMPOP propagate as pop with count command to replica (120 ms)
[ok]: LRANGE basics - linkedlist (1 ms)
[ok]: LRANGE inverted indexes - linkedlist (0 ms)
[ok]: LRANGE out of range indexes including the full list - linkedlist (0 ms)
[ok]: LRANGE out of range negative end index - linkedlist (0 ms)
[ok]: LRANGE basics - ziplist (1 ms)
[ok]: LRANGE inverted indexes - ziplist (1 ms)
[ok]: LRANGE out of range indexes including the full list - ziplist (1 ms)
[ok]: LRANGE out of range negative end index - ziplist (0 ms)
[ok]: LRANGE against non existing key (1 ms)
[ok]: LRANGE with start > end yields an empty array for backward compatibility (0 ms)
[ok]: LTRIM basics - linkedlist (9 ms)
[ok]: LTRIM out of range negative end index - linkedlist (2 ms)
[ok]: LTRIM basics - ziplist (7 ms)
[ok]: LTRIM out of range negative end index - ziplist (1 ms)
[ok]: LSET - linkedlist (1 ms)
[ok]: LSET out of range index - linkedlist (2 ms)
[ok]: LSET - ziplist (0 ms)
[ok]: LSET out of range index - ziplist (0 ms)
[ok]: LSET against non existing key (1 ms)
[ok]: LSET against non list value (0 ms)
[ok]: LREM remove all the occurrences - linkedlist (0 ms)
[ok]: LREM remove the first occurrence - linkedlist (0 ms)
[ok]: LREM remove non existing element - linkedlist (0 ms)
[ok]: LREM starting from tail with negative count - linkedlist (1 ms)
[ok]: LREM starting from tail with negative count (2) - linkedlist (0 ms)
[ok]: LREM deleting objects that may be int encoded - linkedlist (1 ms)
[ok]: LREM remove all the occurrences - ziplist (1 ms)
[ok]: LREM remove the first occurrence - ziplist (1 ms)
[ok]: LREM remove non existing element - ziplist (0 ms)
[ok]: LREM starting from tail with negative count - ziplist (1 ms)
[ok]: LREM starting from tail with negative count (2) - ziplist (0 ms)
[ok]: LREM deleting objects that may be int encoded - ziplist (1 ms)
[15/84 done]: unit/type/string (13 seconds)
Testing integration/replication-3
[ok]: Process title set as expected (34 ms)
[16/84 done]: unit/scan (13 seconds)
Testing integration/replication-4
[ok]: For all replicated TTL-related commands, absolute expire times are identical on primary and replica (759 ms)
[17/84 done]: unit/other (13 seconds)
Testing integration/replication-psync
[ok]: expired key which is created in writeable replicas should be deleted by active expiry (317 ms)
[ok]: First server should have role slave after SLAVEOF (3 ms)
[ok]: SET command will remove expire (1 ms)
[ok]: SET - use KEEPTTL option, TTL should not be removed (0 ms)
[ok]: Regression for bug 593 - chaining BRPOPLPUSH with other blocking cmds (1002 ms)
[ok]: client unblock tests (18 ms)
[ok]: client unblock tests (3 ms)
[ok]: List ziplist of various encodings (52 ms)
[ok]: List ziplist of various encodings - sanitize dump (3 ms)
[ok]: LTRIM stress testing - ziplist (6329 ms)
[18/84 done]: unit/type/list (15 seconds)
Testing integration/replication-buffer
[ok]: ZDIFF fuzzing - skiplist (6491 ms)
[ok]: ZPOPMIN with the count 0 returns an empty array (2 ms)
[ok]: ZPOPMIN with negative count (2 ms)
[ok]: ZPOPMAX with the count 0 returns an empty array (19 ms)
[ok]: ZPOPMAX with negative count (1 ms)
[ok]: Basic ZPOPMIN/ZPOPMAX with a single key - skiplist (2 ms)
[ok]: ZPOPMIN/ZPOPMAX with count - skiplist (8 ms)
[ok]: Basic ZMPOP_MIN/ZMPOP_MAX with a single key - skiplist (3 ms)
[ok]: ZMPOP_MIN/ZMPOP_MAX with count - skiplist (3 ms)
[ok]: BZPOPMIN/BZPOPMAX with a single existing sorted set - skiplist (7 ms)
[ok]: BZPOPMIN/BZPOPMAX with multiple existing sorted sets - skiplist (7 ms)
[ok]: BZPOPMIN/BZPOPMAX second sorted set has members - skiplist (3 ms)
[ok]: BZMPOP_MIN/BZMPOP_MAX with a single existing sorted set - skiplist (6 ms)
[ok]: BZMPOP_MIN/BZMPOP_MAX with multiple existing sorted sets - skiplist (7 ms)
[ok]: BZMPOP_MIN/BZMPOP_MAX second sorted set has members - skiplist (4 ms)
[ok]: Basic ZPOPMIN/ZPOPMAX - skiplist RESP3 (2 ms)
[ok]: ZPOPMIN/ZPOPMAX with count - skiplist RESP3 (2 ms)
[ok]: Basic ZMPOP_MIN/ZMPOP_MAX - skiplist RESP3 (2 ms)
[ok]: ZMPOP_MIN/ZMPOP_MAX with count - skiplist RESP3 (2 ms)
[ok]: BZPOPMIN/BZPOPMAX - skiplist RESP3 (3 ms)
[ok]: BZMPOP_MIN/BZMPOP_MAX - skiplist RESP3 (5 ms)
[ok]: ZPOP/ZMPOP against wrong type (3 ms)
[ok]: ZMPOP with illegal argument (2 ms)
[19/84 done]: unit/type/list-2 (15 seconds)
Testing integration/shutdown
[ok]: ZMPOP propagate as pop with count command to replica (91 ms)
[ok]: ZPOPMIN/ZPOPMAX readraw in RESP3 (2 ms)
[ok]: Slave should be able to synchronize with the master (113 ms)
[ok]: BZPOPMIN/BZPOPMAX readraw in RESP3 (197 ms)
[ok]: ZMPOP readraw in RESP3 (6 ms)
[ok]: BZMPOP readraw in RESP3 (191 ms)
[ok]: ZPOPMIN/ZPOPMAX readraw in RESP2 (3 ms)
[ok]: First server should have role slave after SLAVEOF (1003 ms)
[ok]: BZPOPMIN/BZPOPMAX readraw in RESP2 (198 ms)
[ok]: ZMPOP readraw in RESP2 (3 ms)
[ok]: MIGRATE cached connections are released after some time (15003 ms)
[ok]: BZMPOP readraw in RESP2 (196 ms)
[ok]: ZINTERSTORE regression with two sets, intset+hashtable (0 ms)
[ok]: ZUNIONSTORE regression, should not create NaN in scores (0 ms)
[ok]: ZINTERSTORE #516 regression, mixed sets and ziplist zsets (1 ms)
[ok]: ZUNIONSTORE result is sorted (130 ms)
[ok]: ZUNIONSTORE/ZINTERSTORE/ZDIFFSTORE error if using WITHSCORES  (2 ms)
[ok]: ZMSCORE retrieve (1 ms)
[ok]: ZMSCORE retrieve from empty set (1 ms)
[ok]: ZMSCORE retrieve with missing member (1 ms)
[ok]: ZMSCORE retrieve single member (1 ms)
[ok]: ZMSCORE retrieve requires one or more members (2 ms)
[ok]: ZSET commands don't accept the empty strings as valid score (0 ms)
[ok]: zunionInterDiffGenericCommand at least 1 input key (1 ms)
[ok]: SRANDMEMBER with a dict containing long chain (9216 ms)
[ok]: SMOVE basics - from regular set to intset (4 ms)
[ok]: ZSCORE - listpack (51 ms)
[ok]: SMOVE basics - from intset to regular set (2 ms)
[ok]: SMOVE non existing key (1 ms)
[ok]: SMOVE non existing src set (1 ms)
[ok]: SMOVE from regular set to non existing destination set (1 ms)
[ok]: SMOVE from intset to non existing destination set (2 ms)
[ok]: SMOVE wrong src key type (1 ms)
[ok]: SMOVE wrong dst key type (0 ms)
[ok]: SMOVE with identical source and destination (1 ms)
[ok]: SMOVE only notify dstset when the addition is successful (3 ms)
[ok]: Detect write load to master (1005 ms)
[ok]: ZMSCORE - listpack (59 ms)
[ok]: ZSCORE after a DEBUG RELOAD - listpack (62 ms)
[ok]: Test replication partial resync: no reconnection, just sync (diskless: no, disabled, reconnect: 0) (114 ms)
[ok]: ZSET sorting stresser - listpack (64 ms)
[ok]: SET - use KEEPTTL option, TTL should not be removed after loadaof (2002 ms)
[ok]: GETEX use of PERSIST option should remove TTL (0 ms)
[ok]: LATENCY of expire events are correctly collected (3653 ms)
[ok]: LATENCY HISTORY / RESET with wrong event name is fine (0 ms)
[ok]: LATENCY DOCTOR produces some output (0 ms)
[ok]: LATENCY RESET is able to reset events (1 ms)
[ok]: LATENCY HELP should not have unexpected options (0 ms)
[ok]: No write if min-slaves-max-lag is > of the slave lag (3351 ms)
[ok]: MIGRATE is able to migrate a key between two instances (748 ms)
[ok]: min-slaves-to-write is ignored by slaves (2 ms)
[20/84 done]: unit/latency-monitor (8 seconds)
Testing integration/aof
[ok]: Unfinished MULTI: Server should start if load-truncated is yes (35 ms)
[ok]: MIGRATE is able to copy a key between two instances (725 ms)
[ok]: Slave should be able to synchronize with the master (202 ms)
[ok]: Short read: Server should start if load-truncated is yes (31 ms)
[ok]: Truncated AOF loaded: we expect foo to be equal to 5 (2 ms)
[ok]: Append a new command after loading an incomplete AOF (1 ms)
[ok]: MIGRATE will not overwrite existing keys, unless REPLACE is used (738 ms)
[ok]: All replicas share one global replication buffer (76 ms)
[ok]: Replication buffer will become smaller when no replica uses (21 ms)
[ok]: Short read + command: Server should start (35 ms)
[ok]: Truncated AOF loaded: we expect foo to be equal to 6 now (2 ms)
[ok]: intsets implementation stress testing (2307 ms)
[ok]: GETEX use of PERSIST option should remove TTL after loadaof (2002 ms)
[ok]: GETEX propagate as to replica as PERSIST, DEL, or nothing (23 ms)
[ok]: EXPIRE with NX option on a key with ttl (1 ms)
[ok]: EXPIRE with NX option on a key without ttl (1 ms)
[ok]: EXPIRE with XX option on a key with ttl (1 ms)
[ok]: EXPIRE with XX option on a key without ttl (0 ms)
[ok]: EXPIRE with GT option on a key with lower ttl (1 ms)
[ok]: EXPIRE with GT option on a key with higher ttl (1 ms)
[ok]: EXPIRE with GT option on a key without ttl (1 ms)
[ok]: EXPIRE with LT option on a key with higher ttl (1 ms)
[ok]: EXPIRE with LT option on a key with lower ttl (0 ms)
[ok]: EXPIRE with LT option on a key without ttl (1 ms)
[ok]: EXPIRE with LT and XX option on a key with ttl (2 ms)
[ok]: EXPIRE with LT and XX option on a key without ttl (0 ms)
[ok]: EXPIRE with conflicting options: LT GT (1 ms)
[ok]: EXPIRE with conflicting options: NX GT (0 ms)
[ok]: EXPIRE with conflicting options: NX LT (0 ms)
[ok]: EXPIRE with conflicting options: NX XX (1 ms)
[ok]: EXPIRE with unsupported options (0 ms)
[ok]: EXPIRE with unsupported options (1 ms)
[ok]: EXPIRE with negative expiry (0 ms)
[ok]: EXPIRE with negative expiry on a non-valitale key (1 ms)
[ok]: EXPIRE with non-existed key (1 ms)
[ok]: SCAN: Lazy-expire should not be wrapped in MULTI/EXEC (86 ms)
[ok]: Detect write load to master (1002 ms)
[ok]: RANDOMKEY: Lazy-expire should not be wrapped in MULTI/EXEC (101 ms)
[21/84 done]: unit/type/set (18 seconds)
Testing integration/aof-multi-part
[ok]: Shutting down master waits for replica to catch up (sigterm) (3670 ms)
[ok]: MIGRATE propagates TTL correctly (713 ms)
[ok]: Bad format: Server should have logged an error (31 ms)
[22/84 done]: unit/expire (18 seconds)
Testing integration/rdb
[ok]: Stress tester for #3343-alike bugs comp: 1 (9184 ms)
[ok]: Multi Part AOF can't load data when some file missing (542 ms)
[ok]: Unfinished MULTI: Server should have logged an error (44 ms)
[ok]: test old version rdb file (0 ms)
[ok]: MASTER and SLAVE consistency with expire (5300 ms)
[ok]: Master can replicate command longer than client-query-buffer-limit on replica (35 ms)
[ok]: Short read: Server should have logged an error (36 ms)
[ok]: Multi Part AOF can't load data when the sequence not increase monotonically (559 ms)
[ok]: Short read: Utility should confirm the AOF is not valid (31 ms)
[ok]: Short read: Utility should show the abnormal line num in AOF (36 ms)
[ok]: Short read: Utility should be able to fix the AOF (31 ms)
[ok]: RDB encoding loading test (7 ms)
[ok]: Fixed AOF: Server should have been started (35 ms)
[ok]: Fixed AOF: Keyspace should contain values that were parseable (1 ms)
[ok]: Multi Part AOF can't load data when there are blank lines in the manifest file (520 ms)
[ok]: AOF rewrite during write load: RDB preamble=yes (16033 ms)
[ok]: Multi Part AOF can't load data when there is a duplicate base file (464 ms)
[ok]: Test replication with parallel clients writing in different DBs (5313 ms)
[ok]: AOF+SPOP: Server should have been started (62 ms)
[ok]: AOF+SPOP: Set should have 1 member (1 ms)
[ok]: Server started empty with non-existing RDB file (0 ms)
[ok]: Slave is able to detect timeout during handshake (1 ms)
[ok]: Multi Part AOF can't load data when the manifest format is wrong (type unknown) (531 ms)
[ok]: Server started empty with empty RDB file (0 ms)
[ok]: AOF+SPOP: Server should have been started (32 ms)
[ok]: AOF+SPOP: Set should have 1 member (1 ms)
[ok]: XRANGE fuzzing (10915 ms)
[ok]: XREVRANGE regression test for issue #5006 (1 ms)
[ok]: XREAD streamID edge (no-blocking) (1 ms)
[ok]: XREAD streamID edge (blocking) (0 ms)
[ok]: XADD streamID edge (3 ms)
[ok]: XTRIM with MAXLEN option basic test (58 ms)
[ok]: XADD with LIMIT consecutive calls (7 ms)
[ok]: XTRIM with ~ is limited (10 ms)
[ok]: XTRIM without ~ is not limited (3 ms)
[ok]: XTRIM without ~ and with LIMIT (7 ms)
[ok]: XTRIM with LIMIT delete entries no more than limit (1 ms)
[ok]: Multi Part AOF can't load data when the manifest format is wrong (missing key) (520 ms)
[ok]: ZRANGEBYSCORE fuzzy test, 100 ranges in 128 element sorted set - listpack (5651 ms)
[ok]: Test RDB stream encoding (155 ms)
[ok]: Test RDB stream encoding - sanitize dump (8 ms)
[ok]: AOF+EXPIRE: Server should have been started (31 ms)
[ok]: AOF+EXPIRE: List should be empty (0 ms)
[ok]: ZRANGEBYLEX fuzzy test, 100 ranges in 128 element sorted set - listpack (308 ms)
[ok]: First server should have role slave after SLAVEOF (101 ms)
[ok]: With min-slaves-to-write (1,3): master should be writable (1 ms)
[ok]: With min-slaves-to-write (2,3): master should not be writable (1 ms)
[ok]: With min-slaves-to-write function without no-write flag (0 ms)
[ok]: With not enough good slaves, read in Lua script is still accepted (2 ms)
[ok]: Shutting down master waits for replica to catch up (shutdown) (3593 ms)
[ok]: Multi Part AOF can't load data when the manifest format is wrong (line too short) (503 ms)
[ok]: Redis should not try to convert DEL into EXPIREAT for EXPIRE -1 (1 ms)
[ok]: ZREMRANGEBYLEX fuzzy test, 100 ranges in 128 element sorted set - listpack (334 ms)
[ok]: Set instance A as slave of B (101 ms)
[ok]: XADD with MAXLEN > xlen can propagate correctly (56 ms)
[ok]: ZSETs skiplist implementation backlink consistency test - listpack (20 ms)
[ok]: Server should not start if RDB is corrupted (42 ms)
[ok]: MASTER and SLAVE dataset should be identical after complex ops (6108 ms)
[ok]: INCRBYFLOAT replication, should not remove expire (305 ms)
[ok]: GETSET replication (2 ms)
[ok]: BRPOPLPUSH replication, when blocking against empty list (2 ms)
[ok]: Multi Part AOF can't load data when the manifest format is wrong (line too long) (555 ms)
[ok]: Replication backlog size can outgrow the backlog limit config (2415 ms)
[ok]: ZSETs ZRANK augmented skip list stress testing - listpack (483 ms)
[ok]: BZPOPMIN, ZADD + DEL should not awake blocked client (1 ms)
[ok]: BZPOPMIN, ZADD + DEL + SET should not awake blocked client (102 ms)
[ok]: BZMPOP_MIN, ZADD + DEL should not awake blocked client (1 ms)
[ok]: BZMPOP_MIN, ZADD + DEL + SET should not awake blocked client (7 ms)
[ok]: BZPOPMIN with same key multiple times should work (1 ms)
[ok]: MULTI/EXEC is isolated from the point of view of BZPOPMIN (1 ms)
[ok]: BZPOPMIN with variadic ZADD (1 ms)
[ok]: XADD with MINID > lastid can propagate correctly (23 ms)
[ok]: Multi Part AOF can't load data when the manifest format is wrong (odd parameter) (564 ms)
[ok]: Test FLUSHALL aborts bgsave (334 ms)
[ok]: bgsave resets the change counter (117 ms)
[ok]: BRPOPLPUSH replication, list exists (1005 ms)
[ok]: BLMOVE (left, left) replication, when blocking against empty list (8 ms)
[ok]: Multi Part AOF can't load data when the manifest file is empty (448 ms)
[23/84 done]: integration/replication-2 (12 seconds)
Testing integration/corrupt-dump
[ok]: XADD with ~ MAXLEN can propagate correctly (48 ms)
[ok]: BZPOPMIN with zero timeout should block indefinitely (1003 ms)
[ok]: MULTI/EXEC is isolated from the point of view of BZMPOP_MIN (2 ms)
[ok]: BZMPOP_MIN with variadic ZADD (0 ms)
[ok]: Multi Part AOF can start when no aof and no manifest (445 ms)
[ok]: corrupt payload: #7445 - with sanitize (708 ms)
[ok]: XADD with ~ MAXLEN and LIMIT can propagate correctly (14 ms)
[ok]: Test replication partial resync: ok psync (diskless: no, disabled, reconnect: 1) (6204 ms)
[ok]: Multi Part AOF can start when we have en empty AOF dir (479 ms)
[ok]: BLMOVE (left, left) replication, list exists (1004 ms)
[ok]: BLMOVE (left, right) replication, when blocking against empty list (2 ms)
[ok]: corrupt payload: hash with valid zip list header, invalid entry len (516 ms)
[ok]: BZMPOP_MIN with zero timeout should block indefinitely (1004 ms)
[ok]: ZSCORE - skiplist (21 ms)
[ok]: ZMSCORE - skiplist (21 ms)
[ok]: ZSCORE after a DEBUG RELOAD - skiplist (32 ms)
[ok]: ZSET sorting stresser - skiplist (30 ms)
[ok]: XADD with ~ MINID can propagate correctly (16 ms)
[ok]: Replica could use replication buffer (beyond backlog config) for partial resynchronization (2461 ms)
[ok]: Multi Part AOF can load data discontinuously increasing sequence (601 ms)
[ok]: corrupt payload: invalid zlbytes header (473 ms)
[ok]: Slave is able to evict keys created in writable slaves (6016 ms)
[ok]: With min-slaves-to-write: master not writable with lagged slave (3497 ms)
[ok]: Writable replica doesn't return expired keys (103 ms)
[ok]: PFCOUNT updates cache on readonly replica (6 ms)
[ok]: client freed during loading (1915 ms)
[ok]: Replication backlog memory will become smaller if disconnecting with replica (426 ms)
[ok]: BLMOVE (left, right) replication, list exists (1002 ms)
[ok]: BLMOVE (right, left) replication, when blocking against empty list (1 ms)
[ok]: Shutting down master waits for replica timeout (3626 ms)
[ok]: PFCOUNT doesn't use expired key on readonly replica (102 ms)
[ok]: Multi Part AOF can load data when manifest add new k-v (492 ms)
[ok]: XADD with ~ MINID and LIMIT can propagate correctly (6 ms)
[ok]: ZRANGEBYSCORE fuzzy test, 100 ranges in 100 element sorted set - skiplist (736 ms)
[ok]: ZRANGEBYLEX fuzzy test, 100 ranges in 100 element sorted set - skiplist (73 ms)
[ok]: Slave should be able to synchronize with the master (101 ms)
[ok]: Detect write load to master (0 ms)
[ok]: ZREMRANGEBYLEX fuzzy test, 100 ranges in 100 element sorted set - skiplist (88 ms)
[ok]: ZSETs skiplist implementation backlink consistency test - skiplist (7 ms)
[ok]: corrupt payload: valid zipped hash header, dup records (704 ms)
[ok]: ZSETs ZRANK augmented skip list stress testing - skiplist (244 ms)
[ok]: BZPOPMIN, ZADD + DEL should not awake blocked client (0 ms)
[ok]: BZPOPMIN, ZADD + DEL + SET should not awake blocked client (1 ms)
[ok]: BZMPOP_MIN, ZADD + DEL should not awake blocked client (0 ms)
[ok]: BZMPOP_MIN, ZADD + DEL + SET should not awake blocked client (1 ms)
[ok]: BZPOPMIN with same key multiple times should work (1 ms)
[ok]: MULTI/EXEC is isolated from the point of view of BZPOPMIN (0 ms)
[ok]: BZPOPMIN with variadic ZADD (0 ms)
[ok]: Multi Part AOF can load data when some AOFs are empty (592 ms)
[ok]: XTRIM with ~ MAXLEN can propagate correctly (12 ms)
[ok]: BLMOVE (right, left) replication, list exists (1002 ms)
[ok]: BLMOVE (right, right) replication, when blocking against empty list (0 ms)
[ok]: corrupt payload: quicklist big ziplist prev len (695 ms)
[ok]: Multi Part AOF can load data from old version redis (rdb preamble no) (714 ms)
[24/84 done]: integration/replication-3 (14 seconds)
Testing integration/corrupt-dump-fuzzer
[ok]: First server should have role slave after SLAVEOF (104 ms)
[ok]: XADD can CREATE an empty stream (0 ms)
[ok]: XSETID can set a specific ID (1 ms)
[ok]: XSETID cannot SETID with smaller ID (2 ms)
[ok]: XSETID cannot SETID on non-existent key (1 ms)
[ok]: XSETID cannot run with an offset but without a maximal tombstone (0 ms)
[ok]: XSETID cannot run with a maximal tombstone but without an offset (1 ms)
[ok]: XSETID errors on negstive offset (0 ms)
[ok]: XSETID cannot set the maximal tombstone with larger ID (2 ms)
[ok]: XSETID cannot set the offset to less than the length (1 ms)
[ok]: Test RDB load info (1229 ms)
[ok]: BZPOPMIN with zero timeout should block indefinitely (1002 ms)
[ok]: MULTI/EXEC is isolated from the point of view of BZMPOP_MIN (2 ms)
[ok]: BZMPOP_MIN with variadic ZADD (1 ms)
[ok]: corrupt payload: quicklist small ziplist prev len (476 ms)
[ok]: BLMOVE (right, right) replication, list exists (1003 ms)
[ok]: MIGRATE can correctly transfer large values (9268 ms)
[ok]: BLPOP followed by role change, issue #2473 (103 ms)
[ok]: Multi Part AOF can load data from old version redis (rdb preamble yes) (830 ms)
[ok]: XADD advances the entries-added counter and sets the recorded-first-entry-id (3 ms)
[ok]: XDEL/TRIM are reflected by recorded first entry (4 ms)
[ok]: Maxmimum XDEL ID behaves correctly (3 ms)
[ok]: corrupt payload: quicklist ziplist wrong count (724 ms)
[ok]: BZMPOP_MIN with zero timeout should block indefinitely (1002 ms)
[ok]: BZPOP/BZMPOP against wrong type (5 ms)
[ok]: BZMPOP with illegal argument (3 ms)
[ok]: BZMPOP with multiple blocked clients (5 ms)
[ok]: Multi Part AOF can continue the upgrade from the interrupted upgrade state (511 ms)
[ok]: BZMPOP propagate as pop with count command to replica (174 ms)
[ok]: BZMPOP should not blocks on non key arguments - #10762 (5 ms)
[ok]: MIGRATE can correctly transfer hashes (671 ms)
[ok]: AOF fsync always barrier issue (5431 ms)
[ok]: Stress tester for #3343-alike bugs comp: 0 (9787 ms)
[ok]: Empty stream can be rewrite into AOF correctly (55 ms)
[ok]: Shutting down master waits for replica then fails (2967 ms)
[ok]: corrupt payload: #3080 - quicklist (704 ms)
[ok]: Stream can be rewrite into AOF correctly after XDEL lastid (105 ms)
[ok]: Multi Part AOF can be loaded correctly when both server dir and aof dir contain old AOF (527 ms)
[ok]: ZSET skiplist order consistency when elements are moved (518 ms)
[ok]: ZRANGESTORE basic (1 ms)
[ok]: ZRANGESTORE RESP3 (0 ms)
[ok]: ZRANGESTORE range (1 ms)
[ok]: ZRANGESTORE BYLEX (0 ms)
[ok]: ZRANGESTORE BYSCORE (0 ms)
[ok]: ZRANGESTORE BYSCORE LIMIT (0 ms)
[ok]: ZRANGESTORE BYSCORE REV LIMIT (1 ms)
[ok]: ZRANGE BYSCORE REV LIMIT (0 ms)
[ok]: ZRANGESTORE - src key missing (0 ms)
[ok]: ZRANGESTORE - src key wrong type (1 ms)
[ok]: ZRANGESTORE - empty range (0 ms)
[ok]: ZRANGESTORE BYLEX - empty range (0 ms)
[ok]: ZRANGESTORE BYSCORE - empty range (0 ms)
[ok]: ZRANGE BYLEX (0 ms)
[ok]: ZRANGESTORE invalid syntax (1 ms)
[ok]: ZRANGESTORE with zset-max-listpack-entries 0 #10767 case (0 ms)
[ok]: ZRANGESTORE with zset-max-listpack-entries 1 dst key should use skiplist encoding (1 ms)
[ok]: ZRANGE invalid syntax (0 ms)
[ok]: ZRANDMEMBER - listpack (3 ms)
[ok]: ZRANDMEMBER - skiplist (3 ms)
[ok]: ZRANDMEMBER with RESP3 (1 ms)
[ok]: ZRANDMEMBER count of 0 is handled correctly (0 ms)
[ok]: ZRANDMEMBER with <count> against non existing key (0 ms)
[ok]: ZRANDMEMBER count overflow (0 ms)
[ok]: ZRANDMEMBER count of 0 is handled correctly - emptyarray (0 ms)
[ok]: ZRANDMEMBER with <count> against non existing key - emptyarray (0 ms)
[ok]: GETEX should not append to AOF (1 ms)
[ok]: ZRANDMEMBER with <count> - skiplist (91 ms)
[ok]: ZRANDMEMBER with <count> - listpack (92 ms)
[ok]: zset score double range (1 ms)
[ok]: Second server should have role master at first (0 ms)
[ok]: SLAVEOF should start with link status "down" (1 ms)
[ok]: The role should immediately be changed to "replica" (1 ms)
[ok]: Sync should have transferred keys from master (0 ms)
[ok]: The link status should be up (1 ms)
[ok]: XGROUP HELP should not have unexpected options (1 ms)
[ok]: XINFO HELP should not have unexpected options (0 ms)
[ok]: Multi Part AOF can't load data when the manifest contains the old AOF file name but the file does not exist in server dir and aof dir (424 ms)
[ok]: corrupt payload: quicklist with empty ziplist (600 ms)
[ok]: Unknown command: Server should have logged an error (21 ms)
[25/84 done]: unit/type/zset (29 seconds)
Testing integration/convert-zipmap-hash-on-load
[ok]: Replication of an expired key does not delete the expired key (2362 ms)
[26/84 done]: unit/type/stream (30 seconds)
Testing integration/convert-ziplist-hash-on-load
[ok]: MIGRATE timeout actually works (1145 ms)
[ok]: Test child sending info (1793 ms)
[ok]: corrupt payload: quicklist encoded_len is 0 (492 ms)
[ok]: RDB load ziplist hash: converts to listpack when RDB loading (1 ms)
[ok]: Multi Part AOF can upgrade when when two redis share the same server dir (redis1) (55 ms)
[ok]: RDB load zipmap hash: converts to listpack (1 ms)
[ok]: SET on the master should immediately propagate (704 ms)
[ok]: Multi Part AOF can upgrade when when two redis share the same server dir (redis2) (106 ms)
[ok]: AOF+LMPOP/BLMPOP: pop elements from the list (104 ms)
[ok]: FLUSHDB / FLUSHALL should replicate (51 ms)
[ok]: ROLE in master reports master with a slave (1 ms)
[ok]: ROLE in slave reports slave in connected state (0 ms)
[ok]: Partial resynchronization is successful even client-output-buffer-limit is less than repl-backlog-size (3624 ms)
[ok]: Shutting down master waits for replica then aborted (1521 ms)
[27/84 done]: integration/shutdown (15 seconds)
Testing integration/convert-ziplist-zset-on-load
[ok]: MIGRATE can migrate multiple keys at once (628 ms)
[ok]: MIGRATE with multiple keys must have empty key arg (0 ms)
[ok]: corrupt payload: quicklist listpack entry start with EOF (485 ms)
[ok]: script won't load anymore if it's in rdb (0 ms)
[ok]: RDB load ziplist hash: converts to hash table when hash-max-ziplist-entries is exceeded (1 ms)
[ok]: AOF+LMPOP/BLMPOP: after pop elements from the list (3 ms)
[ok]: RDB load ziplist zset: converts to listpack when RDB loading (1 ms)
[ok]: RDB load zipmap hash: converts to hash table when hash-max-ziplist-entries is exceeded (1 ms)
[ok]: Multi Part AOF can upgrade when when two redis share the same server dir (1384 ms)
[ok]: MIGRATE with multiple keys migrate just existing ones (508 ms)
[ok]: corrupt payload: #3080 - ziplist (499 ms)
[28/84 done]: integration/convert-ziplist-hash-on-load (1 seconds)
Testing integration/logging
[ok]: First server should have role slave after SLAVEOF (1 ms)
[ok]: RDB load zipmap hash: converts to hash table when hash-max-ziplist-value is exceeded (0 ms)
[ok]: AOF+ZMPOP/BZMPOP: pop elements from the zset (108 ms)
[ok]: MIGRATE with multiple keys: stress command rewriting (588 ms)
[ok]: The update of replBufBlock's repl_offset is ok - Regression test for #11666 (0 ms)
[ok]: corrupt payload: load corrupted rdb with no CRC - #3505 (523 ms)
[ok]: Multi Part AOF can handle appendfilename contains whitespaces (632 ms)
[ok]: RDB load ziplist zset: converts to skiplist when zset-max-ziplist-entries is exceeded (1 ms)
[ok]: failed bgsave prevents writes (295 ms)
[29/84 done]: integration/convert-zipmap-hash-on-load (2 seconds)
Testing integration/psync2
[30/84 done]: integration/convert-ziplist-zset-on-load (2 seconds)
Testing integration/psync2-reg
[ok]: Server is able to generate a stack trace on selected systems (231 ms)
[ok]: Multi Part AOF can create BASE (RDB format) when redis starts from empty (416 ms)
[ok]: AOF+ZMPOP/BZMPOP: after pop elements from the zset (1 ms)
[ok]: MIGRATE with multiple keys: delete just ack keys (516 ms)
[31/84 done]: integration/rdb (13 seconds)
Testing integration/psync2-pingoff
[ok]: Multi Part AOF can create BASE (AOF format) when redis starts from empty (367 ms)
[ok]: corrupt payload: load corrupted rdb with empty keys (928 ms)
[ok]: Crash report generated on SIGABRT (60 ms)
[ok]: MIGRATE AUTH: correct and wrong password cases (551 ms)
[ok]: Make sure aof manifest appendonly.aof.manifest not in aof directory (0 ms)
[32/84 done]: unit/dump (33 seconds)
Testing integration/psync2-master-restart
[ok]: Crash report generated on DEBUG SEGFAULT (54 ms)
[ok]: Replica client-output-buffer size is limited to backlog_limit/16 when no replication data is pending (2731 ms)
[33/84 done]: integration/replication-buffer (18 seconds)
Testing integration/failover
[ok]: Generate timestamp annotations in AOF (808 ms)
[34/84 done]: integration/logging (2 seconds)
Testing integration/redis-cli
[ok]: AOF enable will create manifest file (470 ms)
[ok]: Successfully load AOF which has timestamp annotations inside (2 ms)
[ok]: corrupt payload: load corrupted rdb with empty keys (948 ms)
[ok]: PSYNC2: --- CYCLE 1 --- (0 ms)
[ok]: PSYNC2: [NEW LAYOUT] Set #0 as master (1 ms)
[ok]: Interactive CLI: INFO response should be printed raw (63 ms)
[ok]: PSYNC2: Set #4 to replicate from #0 (1 ms)
[ok]: Interactive CLI: Status reply (62 ms)
[ok]: PSYNC2 pingoff: setup (1011 ms)
[ok]: PSYNC2 pingoff: write and wait replication (4 ms)
[ok]: Interactive CLI: Integer reply (62 ms)
[ok]: Interactive CLI: Bulk reply (69 ms)
[ok]: Interactive CLI: Multi-bulk reply (69 ms)
[ok]: PSYNC2 #3899 regression: setup (1009 ms)
[ok]: Test replication partial resync: no backlog (diskless: no, disabled, reconnect: 1) (7909 ms)
[ok]: failover command fails without connected replica (0 ms)
[ok]: corrupt payload: listpack invalid size header (716 ms)
[ok]: PSYNC2 #3899 regression: kill first replica (0 ms)
[ok]: PSYNC2 #3899 regression: kill chained replica (1 ms)
[ok]: Interactive CLI: Parsing quotes (437 ms)
[ok]: setup replication for following tests (202 ms)
[ok]: failover command fails with invalid host (0 ms)
[ok]: failover command fails with invalid port (1 ms)
[ok]: failover command fails with just force and timeout (0 ms)
[ok]: failover command fails when sent to a replica (0 ms)
[ok]: failover command fails with force without timeout (0 ms)
[ok]: Non-interactive TTY CLI: Status reply (23 ms)
[ok]: Non-interactive TTY CLI: Integer reply (35 ms)
[ok]: Non-interactive TTY CLI: Bulk reply (26 ms)
[ok]: Non-interactive TTY CLI: Multi-bulk reply (38 ms)
[ok]: PSYNC2: Set #1 to replicate from #2 (2 ms)
[ok]: PSYNC2: Partial resync after Master restart using RDB aux fields when offset is 0 (443 ms)
[ok]: Non-interactive TTY CLI: Read last argument from pipe (152 ms)
[ok]: Non-interactive TTY CLI: Read last argument from file (67 ms)
[ok]: corrupt payload: listpack too long entry len (654 ms)
[ok]: AOF multiple rewrite failures will open multiple INCR AOFs (1612 ms)
[ok]: Non-interactive TTY CLI: Escape character in JSON mode (332 ms)
[ok]: Non-interactive non-TTY CLI: Status reply (28 ms)
[ok]: Non-interactive non-TTY CLI: Integer reply (37 ms)
[ok]: Non-interactive non-TTY CLI: Bulk reply (51 ms)
[ok]: PSYNC2 #3899 regression: kill chained replica (2 ms)
[ok]: Non-interactive non-TTY CLI: Multi-bulk reply (40 ms)
[ok]: Non-interactive non-TTY CLI: ASK redirect test (68 ms)
[ok]: Non-interactive non-TTY CLI: Quoted input arguments (24 ms)
[ok]: Truncate AOF to specific timestamp (1597 ms)
[ok]: Non-interactive non-TTY CLI: No accidental unquoting of input arguments (68 ms)
[ok]: corrupt payload: listpack very long entry len (516 ms)
[ok]: Non-interactive non-TTY CLI: Invalid quoted input arguments (65 ms)
[ok]: AOF rewrite doesn't open new aof when AOF turn off (554 ms)
[ok]: Non-interactive non-TTY CLI: Read last argument from pipe (163 ms)
[ok]: PSYNC2: Set #2 to replicate from #0 (1 ms)
[ok]: Slave should be able to synchronize with the master (101 ms)
[ok]: Non-interactive non-TTY CLI: Read last argument from file (68 ms)
[ok]: AOF enable/disable auto gc (212 ms)
[ok]: AOF can produce consecutive sequence number after reload (218 ms)
[ok]: failover command to specific replica works (1672 ms)
[ok]: corrupt payload: listpack too long entry prev len (743 ms)
[ok]: AOF enable during BGSAVE will not write data util AOFRW finish (425 ms)
[ok]: Test replication with blocking lists and sorted sets operations (25129 ms)
[ok]: failover command to any replica works (513 ms)
[ok]: PSYNC2: Partial resync after Master restart using RDB aux fields with data (455 ms)
[ok]: PSYNC2: Set #3 to replicate from #0 (0 ms)
[ok]: Detect write load to master (1002 ms)
[ok]: corrupt payload: stream with duplicate consumers (715 ms)
[35/84 done]: integration/block-repl (28 seconds)
Testing integration/redis-benchmark
[ok]: failover to a replica with force works (492 ms)
[ok]: Fuzzer corrupt restore payloads - sanitize_dump: no (9802 ms)
[ok]: AOF will trigger limit when AOFRW fails many times (906 ms)
[ok]: corrupt payload: hash ziplist with duplicate records (520 ms)
[ok]: PSYNC2: cluster is consistent after failover (1 ms)
[ok]: failover with timeout aborts if replica never catches up (658 ms)
[ok]: PSYNC2 #3899 regression: kill chained replica (0 ms)
[ok]: failovers can be aborted (123 ms)
[ok]: PSYNC2 #3899 regression: kill chained replica (5 ms)
[ok]: EVAL timeout with slow verbatim Lua script from AOF (2555 ms)
[ok]: benchmark: set,get (53 ms)
[ok]: benchmark: connecting using URI set,get (38 ms)
[ok]: benchmark: connecting using URI with authentication set,get (40 ms)
[ok]: corrupt payload: hash listpack with duplicate records (705 ms)
[ok]: benchmark: full test suite (410 ms)
[ok]: failover aborts if target rejects sync request (569 ms)
[ok]: EVAL can process writes from AOF in read-only replicas (672 ms)
[ok]: Test redis-check-aof for old style resp AOF (32 ms)
[ok]: Test redis-check-aof for old style rdb-preamble AOF (24 ms)
[ok]: Test redis-check-aof for Multi Part AOF with resp AOF base (29 ms)
[ok]: PSYNC2 pingoff: pause replica and promote it (5005 ms)
[ok]: corrupt payload: hash listpack with duplicate records - convert (656 ms)
[ok]: Test redis-check-aof for Multi Part AOF with rdb-preamble AOF base (63 ms)
[ok]: Test redis-check-aof only truncates the last file for Multi Part AOF in fix mode (64 ms)
[ok]: Test redis-check-aof only truncates the last file for Multi Part AOF in truncate-to-timestamp mode (60 ms)
[ok]: benchmark: multi-thread set,get (562 ms)
[ok]: PSYNC2: Partial resync after Master restart using RDB aux fields with expire (2460 ms)
[ok]: FLUSHDB / FLUSHALL should persist in AOF (4 ms)
[ok]: PSYNC2 #3899 regression: kill first replica (1 ms)
[ok]: Dumping an RDB - functions only: no (3502 ms)
[ok]: corrupt payload: hash ziplist uneven record count (526 ms)
[36/84 done]: integration/aof (22 seconds)
Testing integration/dismiss-mem
[ok]: ziplist implementation: value encoding and backlink (10657 ms)
[ok]: benchmark: pipelined full set,get (635 ms)
[ok]: Make the old master a replica of the new one and check conditions (1006 ms)
[ok]: benchmark: arbitrary command (89 ms)
[ok]: corrupt payload: hash duplicate records (476 ms)
[ok]: benchmark: keyspace length (177 ms)
[ok]: benchmark: clients idle mode should return error when reached maxclients limit (43 ms)
[ok]: PSYNC2 #3899 regression: kill chained replica (1 ms)
[37/84 done]: integration/failover (7 seconds)
Testing unit/pubsub
[ok]: corrupt payload: hash empty zipmap (712 ms)
[ok]: Pub/Sub PING (1 ms)
[ok]: PUBLISH/SUBSCRIBE basics (7 ms)
[ok]: PUBLISH/SUBSCRIBE with two clients (1 ms)
[ok]: PUBLISH/SUBSCRIBE after UNSUBSCRIBE without arguments (0 ms)
[ok]: SUBSCRIBE to one channel more than once (0 ms)
[ok]: UNSUBSCRIBE from non-subscribed channels (0 ms)
[ok]: PUBLISH/PSUBSCRIBE basics (2 ms)
[ok]: PUBLISH/PSUBSCRIBE with two clients (1 ms)
[ok]: PUBLISH/PSUBSCRIBE after PUNSUBSCRIBE without arguments (1 ms)
[38/84 done]: integration/redis-benchmark (3 seconds)
Testing unit/pubsubshard
[ok]: PubSub messages with CLIENT REPLY OFF (101 ms)
[ok]: PUNSUBSCRIBE from non-subscribed channels (6 ms)
[ok]: NUMSUB returns numbers, not strings (#1561) (0 ms)
[ok]: NUMPATs returns the number of unique patterns (3 ms)
[ok]: Mix SUBSCRIBE and PSUBSCRIBE (3 ms)
[ok]: PUNSUBSCRIBE and UNSUBSCRIBE should always reply (0 ms)
[ok]: Dumping an RDB - functions only: yes (1482 ms)
[ok]: Keyspace notifications: we receive keyspace notifications (43 ms)
[ok]: AOF will open a temporary INCR AOF to accumulate data until the first AOFRW success when AOF is dynamically enabled (3192 ms)
[ok]: Keyspace notifications: we receive keyevent notifications (47 ms)
[ok]: Keyspace notifications: we can receive both kind of events (1 ms)
[ok]: Keyspace notifications: we are able to mask events (1 ms)
[ok]: Keyspace notifications: general events test (4 ms)
[ok]: Keyspace notifications: list events test (2 ms)
[ok]: Keyspace notifications: set events test (8 ms)
[ok]: Keyspace notifications: zset events test (3 ms)
[ok]: Keyspace notifications: hash events test (8 ms)
[ok]: Keyspace notifications: stream events test (4 ms)
[ok]: SPUBLISH/SSUBSCRIBE basics (6 ms)
[ok]: SPUBLISH/SSUBSCRIBE with two clients (3 ms)
[ok]: SPUBLISH/SSUBSCRIBE after UNSUBSCRIBE without arguments (3 ms)
[ok]: SSUBSCRIBE to one channel more than once (2 ms)
[ok]: SUNSUBSCRIBE from non-subscribed channels (2 ms)
[ok]: PUBSUB command basics (1 ms)
[ok]: SPUBLISH/SSUBSCRIBE with two clients (3 ms)
[ok]: SPUBLISH/SSUBSCRIBE with PUBLISH/SUBSCRIBE (6 ms)
[ok]: Keyspace notifications: expired events (triggered expire) (108 ms)
[ok]: PubSubShard with CLIENT REPLY OFF (93 ms)
[ok]: Scan mode (252 ms)
[ok]: corrupt payload: fuzzer findings - NPD in streamIteratorGetID (497 ms)
[ok]: dismiss all data types memory (1188 ms)
[ok]: AOF rewrite during write load: RDB preamble=no (20525 ms)
[ok]: Keyspace notifications: expired events (background expire) (131 ms)
[ok]: Keyspace notifications: evicted events (7 ms)
[ok]: Keyspace notifications: test CONFIG GET/SET of event flags (3 ms)
[ok]: Keyspace notifications: new key test (1 ms)
[39/84 done]: unit/pubsub (1 seconds)
Testing unit/slowlog
[40/84 done]: integration/aof-multi-part (23 seconds)
Testing unit/scripting
[ok]: corrupt payload: fuzzer findings - listpack NPD on invalid stream (661 ms)
[ok]: SLOWLOG - check that it starts with an empty log (1 ms)
[ok]: EVAL - Does Lua interpreter replies to our requests? (1 ms)
[ok]: EVAL - Return _G (0 ms)
[ok]: EVAL - Return table with a metatable that raise error (0 ms)
[ok]: EVAL - Return table with a metatable that call redis (2 ms)
[ok]: EVAL - Lua integer -> Redis protocol type conversion (0 ms)
[ok]: EVAL - Lua string -> Redis protocol type conversion (0 ms)
[ok]: EVAL - Lua true boolean -> Redis protocol type conversion (0 ms)
[ok]: EVAL - Lua false boolean -> Redis protocol type conversion (1 ms)
[ok]: EVAL - Lua status code reply -> Redis protocol type conversion (0 ms)
[ok]: EVAL - Lua error reply -> Redis protocol type conversion (1 ms)
[ok]: EVAL - Lua table -> Redis protocol type conversion (1 ms)
[ok]: EVAL - Are the KEYS and ARGV arrays populated correctly? (1 ms)
[ok]: EVAL - is Lua able to call Redis API? (2 ms)
[ok]: EVAL - Redis integer -> Lua type conversion (1 ms)
[ok]: EVAL - Redis bulk -> Lua type conversion (1 ms)
[ok]: EVAL - Redis multi bulk -> Lua type conversion (6 ms)
[ok]: EVAL - Redis status reply -> Lua type conversion (2 ms)
[ok]: EVAL - Redis error reply -> Lua type conversion (0 ms)
[ok]: EVAL - Redis nil bulk reply -> Lua type conversion (0 ms)
[ok]: EVAL - Is the Lua client using the currently selected DB? (1 ms)
[ok]: EVAL - SELECT inside Lua should not affect the caller (2 ms)
[ok]: EVAL - Scripts can't run blpop command (1 ms)
[ok]: EVAL - Scripts can't run brpop command (1 ms)
[ok]: EVAL - Scripts can't run brpoplpush command (1 ms)
[ok]: EVAL - Scripts can't run blmove command (2 ms)
[ok]: EVAL - Scripts can't run bzpopmin command (3 ms)
[ok]: EVAL - Scripts can't run bzpopmax command (1 ms)
[ok]: EVAL - Scripts can't run XREAD and XREADGROUP with BLOCK option (5 ms)
[ok]: EVAL - Scripts can run non-deterministic commands (0 ms)
[ok]: EVAL - No arguments to redis.call/pcall is considered an error (0 ms)
[ok]: EVAL - redis.call variant raises a Lua error on Redis cmd error (1) (1 ms)
[ok]: EVAL - redis.call variant raises a Lua error on Redis cmd error (1) (0 ms)
[ok]: EVAL - redis.call variant raises a Lua error on Redis cmd error (1) (2 ms)
[ok]: EVAL - JSON numeric decoding (1 ms)
[ok]: EVAL - JSON string decoding (0 ms)
[ok]: EVAL - JSON smoke test (1 ms)
[ok]: SLOWLOG - only logs commands taking more time than specified (203 ms)
[ok]: EVAL - cmsgpack can pack double? (2 ms)
[ok]: EVAL - cmsgpack can pack negative int64? (0 ms)
[ok]: SLOWLOG - max entries is correctly handled (39 ms)
[ok]: SLOWLOG - GET optional argument to limit output len works (1 ms)
[ok]: SLOWLOG - RESET subcommand works (1 ms)
[ok]: PSYNC2: Full resync after Master restart when too many key expired (2849 ms)
[ok]: EVAL - cmsgpack pack/unpack smoke test (197 ms)
[ok]: EVAL - cmsgpack can pack and unpack circular references? (0 ms)
[ok]: EVAL - Numerical sanity check from bitop (1 ms)
[ok]: EVAL - Verify minimal bitop functionality (0 ms)
[ok]: EVAL - Able to parse trailing comments (0 ms)
[ok]: EVAL_RO - Successful case (1 ms)
[ok]: EVAL_RO - Cannot run write commands (0 ms)
[ok]: redis.sha1hex() implementation (1 ms)
[ok]: Globals protection reading an undeclared global variable (0 ms)
[ok]: Globals protection setting an undeclared global* (1 ms)
[ok]: Test an example script DECR_IF_GT (0 ms)
[ok]: SLOWLOG - logged entry sanity check (204 ms)
[ok]: SLOWLOG - Certain commands are omitted that contain sensitive information (2 ms)
[ok]: SLOWLOG - Some commands can redact sensitive fields (2 ms)
[ok]: corrupt payload: fuzzer findings - NPD in quicklistIndex (508 ms)
[ok]: SLOWLOG - Rewritten commands are logged as their original command (21 ms)
[ok]: SLOWLOG - commands with too many arguments are trimmed (2 ms)
[ok]: SLOWLOG - too long arguments are trimmed (11 ms)
[ok]: PSYNC2 #3899 regression: kill first replica (0 ms)
[ok]: setup replication for following tests (105 ms)
[ok]: publish message to master and receive on replica (10 ms)
[ok]: SLOWLOG - EXEC is not logged, just executed commands (203 ms)
[ok]: PSYNC2 #3899 regression: kill first replica (0 ms)
[ok]: SLOWLOG - can clean older entries (202 ms)
[ok]: PSYNC2: generate load while killing replication links (5000 ms)
[ok]: PSYNC2: cluster is consistent after load (x = 8686) (2 ms)
[ok]: Turning off AOF kills the background writing child if any (216 ms)
[ok]: PSYNC2: total sum of full synchronizations is exactly 4 (3 ms)
[ok]: PSYNC2: --- CYCLE 2 --- (0 ms)
[ok]: PSYNC2: [NEW LAYOUT] Set #2 as master (2 ms)
[ok]: PSYNC2: Set #4 to replicate from #1 (0 ms)
[41/84 done]: integration/psync2-master-restart (10 seconds)
Testing unit/functions
[ok]: corrupt payload: fuzzer findings - encoded entry header reach outside the allocation (749 ms)
[ok]: SLOWLOG - can be disabled (402 ms)
[ok]: SLOWLOG - count must be >= -1 (1 ms)
[ok]: EVAL does not leak in the Lua stack (889 ms)
[ok]: SLOWLOG - get all slow logs (3 ms)
[ok]: Call Redis command with many args from Lua (issue #1764) (2 ms)
[ok]: Number conversion precision test (issue #1118) (0 ms)
[ok]: String containing number precision test (regression of issue #1118) (1 ms)
[ok]: Verify negative arg count is error instead of crash (issue #1842) (1 ms)
[ok]: Scripts can handle commands with incorrect arity (1 ms)
[ok]: Correct handling of reused argv (issue #1939) (6 ms)
[ok]: Functions in the Redis namespace are able to report errors (1 ms)
[ok]: CLUSTER RESET can not be invoke from within a script (0 ms)
[ok]: Script with RESP3 map (2 ms)
[ok]: AOF rewrite of list with quicklist encoding, string data (336 ms)
[ok]: PSYNC2 #3899 regression: kill first replica (0 ms)
[ok]: Script return recursive object (99 ms)
[ok]: Script check unpack with massive arguments (7 ms)
[ok]: Script read key with expiration set (1 ms)
[ok]: Script del key with expiration set (0 ms)
[ok]: Script ACL check (3 ms)
[ok]: Binary code loading failed (1 ms)
[ok]: Try trick global protection 1 (1 ms)
[ok]: Try trick global protection 2 (0 ms)
[ok]: Try trick global protection 3 (0 ms)
[ok]: Try trick global protection 4 (0 ms)
[ok]: Try trick readonly table on redis table (6 ms)
[ok]: Try trick readonly table on json table (0 ms)
[ok]: Try trick readonly table on cmsgpack table (1 ms)
[ok]: Try trick readonly table on bit table (0 ms)
[ok]: Test loadfile are not available (0 ms)
[ok]: Test dofile are not available (0 ms)
[ok]: Test print are not available (0 ms)
[ok]: Connecting as a replica (2190 ms)
[42/84 done]: unit/slowlog (2 seconds)
Testing unit/maxmemory
[ok]: FUNCTION - Basic usage (2 ms)
[ok]: FUNCTION - Load with unknown argument (0 ms)
[ok]: FUNCTION - Create an already exiting library raise error (1 ms)
[ok]: FUNCTION - Create an already exiting library raise error (case insensitive) (1 ms)
[ok]: FUNCTION - Create a library with wrong name format (4 ms)
[ok]: FUNCTION - Create library with unexisting engine (1 ms)
[ok]: FUNCTION - Test uncompiled script (1 ms)
[ok]: FUNCTION - test replace argument (1 ms)
[ok]: FUNCTION - test function case insensitive (0 ms)
[ok]: FUNCTION - test replace argument with failure keeps old libraries (0 ms)
[ok]: FUNCTION - test function delete (1 ms)
[ok]: FUNCTION - test fcall bad arguments (0 ms)
[ok]: FUNCTION - test fcall bad number of keys arguments (0 ms)
[ok]: FUNCTION - test fcall negative number of keys (0 ms)
[ok]: FUNCTION - test delete on not exiting library (1 ms)
[ok]: FUNCTION - test function kill when function is not running (0 ms)
[ok]: FUNCTION - test wrong subcommand (0 ms)
[ok]: FUNCTION - test loading from rdb (1 ms)
[ok]: FUNCTION - test debug reload different options (2 ms)
[ok]: FUNCTION - test debug reload with nosave and noflush (9 ms)
[ok]: FUNCTION - test flushall and flushdb do not clean functions (1 ms)
[ok]: FUNCTION - test function dump and restore (2 ms)
[ok]: FUNCTION - test function dump and restore with flush argument (1 ms)
[ok]: FUNCTION - test function dump and restore with append argument (3 ms)
[ok]: FUNCTION - test function dump and restore with replace argument (5 ms)
[ok]: FUNCTION - test function restore with bad payload do not drop existing functions (1 ms)
[ok]: FUNCTION - test function restore with wrong number of arguments (0 ms)
[ok]: FUNCTION - test fcall_ro with write command (2 ms)
[ok]: FUNCTION - test fcall_ro with read only commands (0 ms)
[ok]: FUNCTION - test keys and argv (2 ms)
[ok]: FUNCTION - test command get keys on fcall (0 ms)
[ok]: FUNCTION - test command get keys on fcall_ro (1 ms)
[ok]: PSYNC2 #3899 regression: kill chained replica (4 ms)
[ok]: AOF rewrite of list with quicklist encoding, int data (387 ms)
[ok]: AOF rewrite of set with intset encoding, string data (121 ms)
[ok]: corrupt payload: fuzzer findings - invalid ziplist encoding (707 ms)
[ok]: eviction due to output buffers of many MGET clients, client eviction: false (125 ms)
[ok]: PSYNC2: Set #0 to replicate from #1 (0 ms)
[ok]: FUNCTION - test function kill (411 ms)
[ok]: dismiss client output buffer (2755 ms)
[ok]: AOF rewrite of set with hashtable encoding, string data (356 ms)
[ok]: dismiss client query buffer (208 ms)
[ok]: AOF rewrite of set with intset encoding, int data (115 ms)
[43/84 done]: unit/pubsubshard (4 seconds)
Testing unit/introspection
[ok]: eviction due to input buffer of a dead client, client eviction: false (369 ms)
[ok]: Timedout read-only scripts can be killed by SCRIPT KILL (408 ms)
[ok]: FUNCTION - test script kill not working on function (417 ms)
[ok]: Timedout read-only scripts can be killed by SCRIPT KILL even when use pcall (115 ms)
[ok]: Timedout script does not cause a false dead client (56 ms)
[ok]: AOF rewrite of set with hashtable encoding, int data (309 ms)
[ok]: corrupt payload: fuzzer findings - hash crash (720 ms)
[ok]: PING (1 ms)
[ok]: CLIENT LIST (0 ms)
[ok]: CLIENT LIST with IDs (1 ms)
[ok]: CLIENT INFO (1 ms)
[ok]: CLIENT KILL with illegal arguments (2 ms)
[ok]: AOF rewrite of hash with listpack encoding, string data (116 ms)
[ok]: CLIENT KILL SKIPME YES/NO will kill all clients (17 ms)
[ok]: CLIENT REPLY OFF/ON: disable all commands reply (45 ms)
[ok]: PSYNC2 #3899 regression: kill first replica (0 ms)
[ok]: Timedout script link is still usable after Lua returns (205 ms)
[ok]: CLIENT REPLY SKIP: skip the next command reply (52 ms)
[ok]: Replication: commands with many arguments (issue #1221) (13261 ms)
[ok]: FUNCTION - test function kill not working on eval (408 ms)
[ok]: FUNCTION - test function flush (3 ms)
[ok]: FUNCTION - test function wrong argument (1 ms)
[ok]: CLIENT REPLY ON: unset SKIP flag (44 ms)
[ok]: MONITOR can log executed commands (1 ms)
[ok]: MONITOR can log commands issued by the scripting engine (1 ms)
[ok]: MONITOR can log commands issued by functions (1 ms)
[ok]: MONITOR supports redacting command arguments (5 ms)
[ok]: MONITOR correctly handles multi-exec cases (2 ms)
[ok]: CLIENT GETNAME should return NIL if name is not assigned (1 ms)
[ok]: CLIENT LIST shows empty fields for unassigned names (0 ms)
[ok]: CLIENT SETNAME does not accept spaces (1 ms)
[ok]: CLIENT SETNAME can assign a name to this connection (1 ms)
[ok]: CLIENT SETNAME can change the name of an existing connection (1 ms)
[ok]: After CLIENT SETNAME, connection can still be closed (1 ms)
[ok]: Piping raw protocol (1475 ms)
[ok]: PSYNC2 #3899 regression: kill chained replica (1 ms)
[ok]: AOF rewrite of hash with hashtable encoding, string data (283 ms)
[ok]: PSYNC2: Set #1 to replicate from #2 (1 ms)
[ok]: PSYNC2: Set #3 to replicate from #0 (1 ms)
[ok]: PSYNC2: cluster is consistent after failover (2 ms)
[ok]: Options -X with illegal argument (123 ms)
[ok]: Timedout scripts and unblocked command (285 ms)
[ok]: eviction due to output buffers of pubsub, client eviction: false (804 ms)
[ok]: AOF rewrite of hash with listpack encoding, int data (114 ms)
[ok]: eviction due to output buffers of many MGET clients, client eviction: true (126 ms)
[ok]: DUMP RESTORE with -x option (220 ms)
[ok]: Timedout scripts that modified data can't be killed by SCRIPT KILL (204 ms)
[ok]: SHUTDOWN NOSAVE can kill a timedout script anyway (25 ms)
[ok]: corrupt payload: fuzzer findings - uneven entry count in hash (733 ms)
[ok]: PSYNC2 #3899 regression: kill chained replica (1 ms)
[ok]: DUMP RESTORE with -X option (219 ms)
[ok]: AOF rewrite of hash with hashtable encoding, int data (397 ms)
[ok]: Replication of SPOP command -- alsoPropagate() API (714 ms)
[ok]: eviction due to input buffer of a dead client, client eviction: true (365 ms)
[ok]: AOF rewrite of zset with listpack encoding, string data (113 ms)
[44/84 done]: integration/redis-cli (12 seconds)
Testing unit/introspection-2
[ok]: eviction due to output buffers of pubsub, client eviction: true (362 ms)
[ok]: corrupt payload: fuzzer findings - invalid read in lzf_decompress (605 ms)
[ok]: Connect a replica to the master instance (2 ms)
[ok]: dismiss replication backlog (1833 ms)
[ok]: AOF rewrite of zset with skiplist encoding, string data (585 ms)
[ok]: Test replication partial resync: ok after delay (diskless: no, disabled, reconnect: 1) (9290 ms)
[ok]: Before the replica connects we issue two EVAL commands (2 ms)
[ok]: AOF rewrite of zset with listpack encoding, int data (111 ms)
[ok]: Connect a replica to the master instance (102 ms)
[ok]: FUNCTION - creation is replicated to replica (404 ms)
[ok]: FUNCTION - call on replica (1 ms)
[ok]: FUNCTION - restore is replicated to replica (0 ms)
[ok]: FUNCTION - delete is replicated to replica (0 ms)
[ok]: FUNCTION - flush is replicated to replica (0 ms)
[ok]: Disconnecting the replica from master instance (4 ms)
[ok]: FUNCTION - test replication to replica on rdb phase (0 ms)
[ok]: FUNCTION - test replication to replica on rdb phase info command (0 ms)
[ok]: FUNCTION - create on read only replica (1 ms)
[ok]: FUNCTION - delete on read only replica (1 ms)
[45/84 done]: integration/dismiss-mem (7 seconds)
Testing unit/limits
[ok]: Without maxmemory small integers are shared (1 ms)
[ok]: With maxmemory and non-LRU policy integers are still shared (1 ms)
[ok]: With maxmemory and LRU policy integers are not shared (2 ms)
[ok]: AOF rewrite of zset with skiplist encoding, int data (332 ms)
[ok]: corrupt payload: fuzzer findings - leak in rdbloading due to dup entry in set (719 ms)
[ok]: Replication of script multiple pushes to list with BLPOP (307 ms)
[ok]: Lua scripts using SELECT are replicated correctly (1 ms)
[ok]: AOF rewrite functions (59 ms)
[ok]: PSYNC2 #3899 regression: kill first replica (1 ms)
[ok]: maxmemory - is the memory limit honoured? (policy allkeys-random) (342 ms)
[ok]: PSYNC2 #3899 regression: kill first replica (0 ms)
[ok]: BGREWRITEAOF is delayed if BGSAVE is in progress (187 ms)
[ok]: test various edge cases of repl topology changes with missing pings at the end (4451 ms)
[ok]: BGREWRITEAOF is refused if already in progress (88 ms)
[ok]: First server should have role slave after SLAVEOF (104 ms)
[46/84 done]: unit/aofrw (43 seconds)
Testing unit/obuf-limits
[ok]: corrupt payload: fuzzer findings - empty intset (685 ms)
[ok]: maxmemory - is the memory limit honoured? (policy allkeys-lru) (525 ms)
[ok]: Fuzzer corrupt restore payloads - sanitize_dump: yes (9823 ms)
[47/84 done]: integration/corrupt-dump-fuzzer (20 seconds)
Testing unit/bitops
[ok]: FUNCTION - function effect is replicated to replica (1009 ms)
[ok]: FUNCTION - modify key space of read only replica (0 ms)
[ok]: CONFIG SET client-output-buffer-limit (4 ms)
[ok]: BITCOUNT returns 0 against non existing key (1 ms)
[ok]: BITCOUNT returns 0 with out of range indexes (1 ms)
[ok]: BITCOUNT returns 0 with negative indexes where start > end (1 ms)
[ok]: BITCOUNT against test vector #1 (1 ms)
[ok]: BITCOUNT against test vector #2 (1 ms)
[ok]: BITCOUNT against test vector #3 (1 ms)
[ok]: BITCOUNT against test vector #4 (1 ms)
[ok]: BITCOUNT against test vector #5 (1 ms)
[ok]: Slave should be able to synchronize with the master (105 ms)
[ok]: Check if maxclients works refusing connections (910 ms)
[ok]: corrupt payload: fuzzer findings - zset ziplist entry lensize is 0 (472 ms)
[ok]: CONFIG save params special case handled properly (2988 ms)
[ok]: Data divergence can happen under default conditions (719 ms)
[ok]: maxmemory - is the memory limit honoured? (policy allkeys-lfu) (513 ms)
[ok]: Data divergence is allowed on writable replicas (40 ms)
[ok]: CONFIG sanity (65 ms)
[48/84 done]: unit/limits (1 seconds)
Testing unit/bitfield
[ok]: BITCOUNT fuzzing without start/end (445 ms)
[ok]: maxmemory - is the memory limit honoured? (policy volatile-lru) (353 ms)
[ok]: BITFIELD signed SET and GET basics (1 ms)
[ok]: BITFIELD unsigned SET and GET basics (0 ms)
[ok]: BITFIELD signed SET and GET together (1 ms)
[ok]: BITFIELD unsigned with SET, GET and INCRBY arguments (0 ms)
[ok]: BITFIELD with only key as argument (0 ms)
[ok]: BITFIELD #<idx> form (0 ms)
[ok]: BITFIELD basic INCRBY form (1 ms)
[ok]: BITFIELD chaining of multiple commands (0 ms)
[ok]: BITFIELD unsigned overflow wrap (2 ms)
[ok]: BITFIELD unsigned overflow sat (0 ms)
[ok]: BITFIELD signed overflow wrap (1 ms)
[ok]: BITFIELD signed overflow sat (2 ms)
[49/84 done]: integration/replication-4 (35 seconds)
Testing unit/geo
[ok]: corrupt payload: fuzzer findings - valgrind ziplist prevlen reaches outside the ziplist (644 ms)
[ok]: CONFIG REWRITE sanity (626 ms)
[ok]: maxmemory - is the memory limit honoured? (policy volatile-lfu) (333 ms)
[ok]: Detect write load to master (1002 ms)
[ok]: BITCOUNT fuzzing with start/end (712 ms)
[ok]: BITCOUNT with start, end (7 ms)
[ok]: BITCOUNT syntax error #1 (1 ms)
[ok]: BITCOUNT syntax error #2 (0 ms)
[ok]: BITCOUNT regression test for github issue #582 (2 ms)
[ok]: BITCOUNT misaligned prefix (3 ms)
[ok]: BITCOUNT misaligned prefix + full words + remainder (1 ms)
[ok]: BITOP NOT (empty string) (1 ms)
[ok]: BITOP NOT (known string) (1 ms)
[ok]: BITOP where dest and target are the same key (1 ms)
[ok]: BITOP AND|OR|XOR don't change the string with single input key (5 ms)
[ok]: BITOP missing key is considered a stream of zero (3 ms)
[ok]: BITOP shorter keys are zero-padded to the key with max length (8 ms)
[ok]: GEO with wrong type src key (4 ms)
[ok]: GEO with non existing src key (4 ms)
[ok]: GEO BYLONLAT with empty search (2 ms)
[ok]: GEO BYMEMBER with non existing member (2 ms)
[ok]: GEOADD create (1 ms)
[ok]: GEOADD update (0 ms)
[ok]: GEOADD update with CH option (1 ms)
[ok]: GEOADD update with NX option (1 ms)
[ok]: GEOADD update with XX option (1 ms)
[ok]: GEOADD update with CH NX option (0 ms)
[ok]: GEOADD update with CH XX option (0 ms)
[ok]: GEOADD update with XX NX option will return syntax error (1 ms)
[ok]: GEOADD update with invalid option (1 ms)
[ok]: GEOADD invalid coordinates (0 ms)
[ok]: GEOADD multi add (0 ms)
[ok]: Check geoset values (0 ms)
[ok]: GEORADIUS simple (sorted) (0 ms)
[ok]: GEOSEARCH simple (sorted) (1 ms)
[ok]: GEOSEARCH FROMLONLAT and FROMMEMBER cannot exist at the same time (1 ms)
[ok]: GEOSEARCH FROMLONLAT and FROMMEMBER one must exist (0 ms)
[ok]: GEOSEARCH BYRADIUS and BYBOX cannot exist at the same time (0 ms)
[ok]: GEOSEARCH BYRADIUS and BYBOX one must exist (1 ms)
[ok]: GEOSEARCH with STOREDIST option (0 ms)
[ok]: GEORADIUS withdist (sorted) (0 ms)
[ok]: GEOSEARCH withdist (sorted) (1 ms)
[ok]: GEORADIUS with COUNT (0 ms)
[ok]: GEORADIUS with ANY not sorted by default (1 ms)
[ok]: GEORADIUS with ANY sorted by ASC (0 ms)
[ok]: GEORADIUS with ANY but no COUNT (0 ms)
[ok]: GEORADIUS with COUNT but missing integer argument (0 ms)
[ok]: GEORADIUS with COUNT DESC (1 ms)
[ok]: GEORADIUS HUGE, issue #2767 (1 ms)
[ok]: GEORADIUSBYMEMBER simple (sorted) (0 ms)
[ok]: GEORADIUSBYMEMBER search areas contain satisfied points in oblique direction (3 ms)
[ok]: GEORADIUSBYMEMBER crossing pole search (2 ms)
[ok]: GEOSEARCH FROMMEMBER simple (sorted) (0 ms)
[ok]: GEOSEARCH vs GEORADIUS (3 ms)
[ok]: GEOSEARCH non square, long and narrow (2 ms)
[ok]: GEOSEARCH corner point test (2 ms)
[ok]: GEORADIUSBYMEMBER withdist (sorted) (1 ms)
[ok]: GEOHASH is able to return geohash strings (2 ms)
[ok]: GEOPOS simple (2 ms)
[ok]: GEOPOS missing element (1 ms)
[ok]: GEODIST simple & unit (1 ms)
[ok]: GEODIST missing elements (1 ms)
[ok]: GEORADIUS STORE option: syntax error (0 ms)
[ok]: GEOSEARCHSTORE STORE option: syntax error (0 ms)
[ok]: GEORANGE STORE option: incompatible options (3 ms)
[ok]: GEORANGE STORE option: plain usage (3 ms)
[ok]: GEORADIUSBYMEMBER STORE/STOREDIST option: plain usage (2 ms)
[ok]: GEOSEARCHSTORE STORE option: plain usage (1 ms)
[ok]: GEORANGE STOREDIST option: plain usage (1 ms)
[ok]: GEOSEARCHSTORE STOREDIST option: plain usage (2 ms)
[ok]: GEORANGE STOREDIST option: COUNT ASC and DESC (3 ms)
[ok]: GEOSEARCH the box spans -180° or 180° (2 ms)
[ok]: GEOSEARCH with small distance (2 ms)
[ok]: Connect a replica to the master instance (108 ms)
[ok]: Redis.replicate_commands() can be issued anywhere now (0 ms)
[ok]: Redis.set_repl() can be issued before replicate_commands() now (1 ms)
[ok]: Redis.set_repl() don't accept invalid values (0 ms)
[ok]: corrupt payload: fuzzer findings - valgrind - bad rdbLoadDoubleValue (511 ms)
[ok]: maxmemory - is the memory limit honoured? (policy volatile-random) (432 ms)
[ok]: BITFIELD overflow detection fuzzing (603 ms)
[ok]: TTL, TYPE and EXISTS do not alter the last access time of a key (3004 ms)
[ok]: BITOP and fuzzing (273 ms)
[ok]: Test selective replication of certain Redis commands from Lua (304 ms)
[ok]: BITOP or fuzzing (201 ms)
[ok]: PRNG is seeded randomly for command replication (6 ms)
[ok]: Using side effects is not a problem with command replication (1 ms)
[ok]: BITOP xor fuzzing (247 ms)
[ok]: BITOP NOT fuzzing (38 ms)
[ok]: BITOP with integer encoded source objects (1 ms)
[ok]: BITOP with non string source key (1 ms)
[ok]: BITOP with empty string after non empty string (issue #529) (1 ms)
[ok]: BITPOS bit=0 with empty key returns 0 (0 ms)
[ok]: BITPOS bit=1 with empty key returns -1 (1 ms)
[ok]: BITPOS bit=0 with string less than 1 word works (1 ms)
[ok]: maxmemory - is the memory limit honoured? (policy volatile-ttl) (583 ms)
[ok]: BITPOS bit=1 with string less than 1 word works (3 ms)
[ok]: BITPOS bit=0 starting at unaligned address (2 ms)
[ok]: BITPOS bit=1 starting at unaligned address (1 ms)
[ok]: BITPOS bit=0 unaligned+full word+reminder (9 ms)
[ok]: BITPOS bit=1 unaligned+full word+reminder (5 ms)
[ok]: corrupt payload: fuzzer findings - valgrind ziplist prev too big (624 ms)
[ok]: BITPOS bit=1 returns -1 if string is all 0 bits (18 ms)
[ok]: BITPOS bit=0 works with intervals (3 ms)
[ok]: BITPOS bit=1 works with intervals (5 ms)
[ok]: BITPOS bit=0 changes behavior if end is given (1 ms)
[ok]: SETBIT/BITFIELD only increase dirty when the value changed (10 ms)
[ok]: PSYNC2 #3899 regression: kill first replica (0 ms)
[ok]: FUNCTION can processes create, delete and flush commands in AOF when doing "debug loadaof" in read-only slaves (792 ms)
[ok]: BITFIELD overflow wrap fuzzing (958 ms)
[ok]: BITFIELD regression for #3221 (0 ms)
[ok]: BITFIELD regression for #3564 (6 ms)
[ok]: PSYNC2: generate load while killing replication links (5000 ms)
[ok]: PSYNC2: cluster is consistent after load (x = 27923) (2 ms)
[ok]: PSYNC2: total sum of full synchronizations is exactly 4 (2 ms)
[ok]: PSYNC2: --- CYCLE 3 --- (0 ms)
[ok]: PSYNC2: [NEW LAYOUT] Set #2 as master (1 ms)
[ok]: PSYNC2: Set #0 to replicate from #4 (0 ms)
[ok]: PSYNC2: Set #4 to replicate from #2 (0 ms)
[ok]: PSYNC2: Set #1 to replicate from #4 (0 ms)
[ok]: PSYNC2: Set #3 to replicate from #2 (1 ms)
[ok]: PSYNC2: cluster is consistent after failover (2 ms)
[ok]: LIBRARIES - test shared function can access default globals (2 ms)
[ok]: LIBRARIES - usage and code sharing (1 ms)
[ok]: LIBRARIES - test registration failure revert the entire load (2 ms)
[ok]: LIBRARIES - test registration function name collision (2 ms)
[ok]: LIBRARIES - test registration function name collision on same library (0 ms)
[ok]: LIBRARIES - test registration with no argument (1 ms)
[ok]: LIBRARIES - test registration with only name (0 ms)
[ok]: LIBRARIES - test registration with to many arguments (6 ms)
[ok]: LIBRARIES - test registration with no string name (1 ms)
[ok]: LIBRARIES - test registration with wrong name format (1 ms)
[ok]: LIBRARIES - test registration with empty name (0 ms)
[ok]: LIBRARIES - math.random from function load (0 ms)
[ok]: LIBRARIES - redis.call from function load (1 ms)
[ok]: LIBRARIES - redis.setresp from function load (3 ms)
[ok]: LIBRARIES - redis.set_repl from function load (3 ms)
[ok]: LIBRARIES - malicious access test (5 ms)
[ok]: LIBRARIES - delete removed all functions on library (1 ms)
[ok]: LIBRARIES - register function inside a function (2 ms)
[ok]: LIBRARIES - register library with no functions (0 ms)
[ok]: BITPOS bit=1 fuzzy testing using SETBIT (646 ms)
[ok]: corrupt payload: fuzzer findings - lzf decompression fails, avoid valgrind invalid read (689 ms)
[ok]: maxmemory - only allkeys-* should remove non-volatile keys (allkeys-random) (873 ms)
[ok]: BITPOS bit=0 fuzzy testing using SETBIT (221 ms)
[ok]: LIBRARIES - load timeout (504 ms)
[ok]: LIBRARIES - verify global protection on the load run (1 ms)
[ok]: LIBRARIES - named arguments (1 ms)
[ok]: LIBRARIES - named arguments, bad function name (1 ms)
[ok]: LIBRARIES - named arguments, bad callback type (1 ms)
[ok]: LIBRARIES - named arguments, bad description (0 ms)
[ok]: LIBRARIES - named arguments, unknown argument (0 ms)
[ok]: LIBRARIES - named arguments, missing function name (1 ms)
[ok]: LIBRARIES - named arguments, missing callback (1 ms)
[ok]: FUNCTION - test function restore with function name collision (6 ms)
[ok]: FUNCTION - test function list with code (1 ms)
[ok]: FUNCTION - test function list with pattern (1 ms)
[ok]: FUNCTION - test function list wrong argument (0 ms)
[ok]: FUNCTION - test function list with bad argument to library name (1 ms)
[ok]: FUNCTION - test function list withcode multiple times (1 ms)
[ok]: FUNCTION - test function list libraryname multiple times (0 ms)
[ok]: FUNCTION - verify OOM on function load and function restore (3 ms)
[ok]: FUNCTION - verify allow-omm allows running any command (8 ms)
[ok]: BITPOS/BITCOUNT fuzzy testing using SETBIT (294 ms)
[ok]: CONFIG REWRITE handles save and shutdown properly (2277 ms)
[ok]: CONFIG SET with multiple args (3 ms)
[ok]: CONFIG SET rollback on set error (3 ms)
[ok]: CONFIG SET rollback on apply error (35 ms)
[ok]: CONFIG SET duplicate configs (0 ms)
[ok]: CONFIG SET set immutable (1 ms)
[ok]: CONFIG GET hidden configs (5 ms)
[ok]: CONFIG GET multiple args (1 ms)
[ok]: corrupt payload: fuzzer findings - stream bad lp_count (624 ms)
[50/84 done]: unit/bitops (3 seconds)
Testing unit/memefficiency
[ok]: test RESP2/2 big number protocol parsing (1 ms)
[ok]: test RESP2/2 malformed big number protocol parsing (0 ms)
[ok]: test RESP2/2 map protocol parsing (0 ms)
[ok]: test RESP2/2 set protocol parsing (1 ms)
[ok]: test RESP2/2 double protocol parsing (0 ms)
[ok]: test RESP2/2 null protocol parsing (1 ms)
[ok]: test RESP2/2 verbatim protocol parsing (0 ms)
[ok]: test RESP2/2 true protocol parsing (1 ms)
[ok]: test RESP2/2 false protocol parsing (3 ms)
[ok]: test RESP2/3 big number protocol parsing (0 ms)
[ok]: test RESP2/3 malformed big number protocol parsing (2 ms)
[ok]: test RESP2/3 map protocol parsing (2 ms)
[ok]: test RESP2/3 set protocol parsing (1 ms)
[ok]: test RESP2/3 double protocol parsing (0 ms)
[ok]: test RESP2/3 null protocol parsing (1 ms)
[ok]: test RESP2/3 verbatim protocol parsing (1 ms)
[ok]: test RESP2/3 true protocol parsing (4 ms)
[ok]: test RESP2/3 false protocol parsing (0 ms)
[ok]: test RESP3/2 big number protocol parsing (0 ms)
[ok]: test RESP3/2 malformed big number protocol parsing (1 ms)
[ok]: test RESP3/2 map protocol parsing (0 ms)
[ok]: test RESP3/2 set protocol parsing (1 ms)
[ok]: test RESP3/2 double protocol parsing (1 ms)
[ok]: test RESP3/2 null protocol parsing (1 ms)
[ok]: test RESP3/2 verbatim protocol parsing (0 ms)
[ok]: test RESP3/2 true protocol parsing (2 ms)
[ok]: test RESP3/2 false protocol parsing (0 ms)
[ok]: test RESP3/3 big number protocol parsing (1 ms)
[ok]: test RESP3/3 malformed big number protocol parsing (5 ms)
[ok]: test RESP3/3 map protocol parsing (1 ms)
[ok]: test RESP3/3 set protocol parsing (0 ms)
[ok]: test RESP3/3 double protocol parsing (2 ms)
[ok]: test RESP3/3 null protocol parsing (0 ms)
[ok]: test RESP3/3 verbatim protocol parsing (1 ms)
[ok]: test RESP3/3 true protocol parsing (1 ms)
[ok]: test RESP3/3 false protocol parsing (1 ms)
[ok]: test resp3 attribute protocol parsing (1 ms)
[ok]: BITFIELD: setup slave (105 ms)
[ok]: Script block the time during execution (12 ms)
[ok]: Script delete the expired key (5 ms)
[ok]: redis-server command line arguments - error cases (355 ms)
[ok]: ziplist implementation: encoding stress testing (11360 ms)
[ok]: maxmemory - only allkeys-* should remove non-volatile keys (allkeys-lru) (899 ms)
[ok]: FUNCTION - wrong flags type named arguments (0 ms)
[ok]: FUNCTION - wrong flag type (1 ms)
[ok]: FUNCTION - unknown flag (1 ms)
[ok]: FUNCTION - write script on fcall_ro (1 ms)
[ok]: FUNCTION - write script with no-writes flag (1 ms)
[ok]: FUNCTION - deny oom (8 ms)
[ok]: FUNCTION - deny oom on no-writes function (2 ms)
[ok]: FUNCTION - allow stale (2 ms)
[ok]: FUNCTION - redis version api (1 ms)
[ok]: FUNCTION - function stats (1 ms)
[ok]: FUNCTION - function stats reloaded correctly from rdb (1 ms)
[ok]: FUNCTION - function stats delete library (1 ms)
[ok]: FUNCTION - test function stats on loading failure (1 ms)
[ok]: FUNCTION - function stats cleaned after flush (2 ms)
[ok]: FUNCTION - function test empty engine (0 ms)
[ok]: FUNCTION - function test unknown metadata value (0 ms)
[ok]: FUNCTION - function test no name (1 ms)
[ok]: FUNCTION - function test multiple names (1 ms)
[ok]: FUNCTION - function test name with quotes (0 ms)
[ok]: FUNCTION - trick global protection 1 (1 ms)
[ok]: FUNCTION - test getmetatable on script load (0 ms)
[ok]: corrupt payload: fuzzer findings - stream bad lp_count - unsanitized (639 ms)
[51/84 done]: unit/type/list-3 (51 seconds)
Testing unit/hyperloglog
[ok]: Script - disallow write on OOM (2 ms)
[ok]: EVAL - Does Lua interpreter replies to our requests? (0 ms)
[ok]: EVAL - Return _G (6 ms)
[ok]: EVAL - Return table with a metatable that raise error (1 ms)
[ok]: EVAL - Return table with a metatable that call redis (1 ms)
[ok]: EVAL - Lua integer -> Redis protocol type conversion (1 ms)
[ok]: EVAL - Lua string -> Redis protocol type conversion (0 ms)
[ok]: EVAL - Lua true boolean -> Redis protocol type conversion (0 ms)
[ok]: EVAL - Lua false boolean -> Redis protocol type conversion (1 ms)
[ok]: EVAL - Lua status code reply -> Redis protocol type conversion (0 ms)
[ok]: EVAL - Lua error reply -> Redis protocol type conversion (1 ms)
[ok]: EVAL - Lua table -> Redis protocol type conversion (0 ms)
[ok]: EVAL - Are the KEYS and ARGV arrays populated correctly? (0 ms)
[ok]: EVAL - is Lua able to call Redis API? (1 ms)
[ok]: EVALSHA - Can we call a SHA1 if already defined? (0 ms)
[52/84 done]: unit/functions (8 seconds)
Testing unit/lazyfree
[ok]: EVALSHA - Can we call a SHA1 in uppercase? (0 ms)
[ok]: EVALSHA - Do we get an error on invalid SHA1? (1 ms)
[ok]: EVALSHA - Do we get an error on non defined SHA1? (0 ms)
[ok]: EVAL - Redis integer -> Lua type conversion (1 ms)
[ok]: EVAL - Redis bulk -> Lua type conversion (1 ms)
[ok]: EVAL - Redis multi bulk -> Lua type conversion (0 ms)
[ok]: EVAL - Redis status reply -> Lua type conversion (1 ms)
[ok]: EVAL - Redis error reply -> Lua type conversion (0 ms)
[ok]: EVAL - Redis nil bulk reply -> Lua type conversion (1 ms)
[ok]: EVAL - Is the Lua client using the currently selected DB? (0 ms)
[ok]: EVAL - SELECT inside Lua should not affect the caller (1 ms)
[ok]: EVAL - Scripts can't run blpop command (0 ms)
[ok]: EVAL - Scripts can't run brpop command (0 ms)
[ok]: EVAL - Scripts can't run brpoplpush command (0 ms)
[ok]: EVAL - Scripts can't run blmove command (1 ms)
[ok]: EVAL - Scripts can't run bzpopmin command (0 ms)
[ok]: EVAL - Scripts can't run bzpopmax command (0 ms)
[ok]: EVAL - Scripts can't run XREAD and XREADGROUP with BLOCK option (5 ms)
[ok]: EVAL - Scripts can run non-deterministic commands (0 ms)
[ok]: EVAL - No arguments to redis.call/pcall is considered an error (0 ms)
[ok]: EVAL - redis.call variant raises a Lua error on Redis cmd error (1) (2 ms)
[ok]: EVAL - redis.call variant raises a Lua error on Redis cmd error (1) (0 ms)
[ok]: EVAL - redis.call variant raises a Lua error on Redis cmd error (1) (1 ms)
[ok]: EVAL - JSON numeric decoding (3 ms)
[ok]: EVAL - JSON string decoding (1 ms)
[ok]: EVAL - JSON smoke test (0 ms)
[ok]: EVAL - cmsgpack can pack double? (1 ms)
[ok]: EVAL - cmsgpack can pack negative int64? (1 ms)
[ok]: Memory efficiency with values in range 32 (272 ms)
[ok]: BITFIELD: write on master, read on slave (708 ms)
[ok]: BITFIELD_RO with only key as argument (0 ms)
[ok]: BITFIELD_RO fails when write option is used (0 ms)
[ok]: redis-server command line arguments - allow passing option name and option value in the same arg (684 ms)
[ok]: TOUCH alters the last access time of a key (3002 ms)
[ok]: TOUCH returns the number of existing keys specified (3 ms)
[ok]: command stats for GEOADD (3 ms)
[ok]: errors stats for GEOADD (5 ms)
[ok]: command stats for EXPIRE (3 ms)
[ok]: command stats for BRPOP (2 ms)
[ok]: command stats for MULTI (7 ms)
[ok]: command stats for scripts (2 ms)
[ok]: COMMAND GETKEYS GET (0 ms)
[ok]: COMMAND GETKEYSANDFLAGS (3 ms)
[ok]: COMMAND GETKEYS MEMORY USAGE (0 ms)
[ok]: COMMAND GETKEYS XGROUP (1 ms)
[ok]: COMMAND GETKEYS EVAL with keys (3 ms)
[ok]: COMMAND GETKEYS EVAL without keys (1 ms)
[ok]: COMMAND GETKEYS LCS (1 ms)
[ok]: COMMAND GETKEYS MORE THAN 256 KEYS (1 ms)
[ok]: COMMAND LIST syntax error (3 ms)
[ok]: COMMAND LIST WITHOUT FILTERBY (1 ms)
[ok]: COMMAND LIST FILTERBY ACLCAT against non existing category (1 ms)
[ok]: COMMAND LIST FILTERBY ACLCAT - list all commands/subcommands (0 ms)
[ok]: COMMAND LIST FILTERBY PATTERN - list all commands/subcommands (5 ms)
[ok]: COMMAND LIST FILTERBY MODULE against non existing module (0 ms)
[ok]: COMMAND INFO of invalid subcommands (0 ms)
[ok]: SET command will not be marked with movablekeys (2 ms)
[ok]: GET command will not be marked with movablekeys (1 ms)
[ok]: MSET command will not be marked with movablekeys (1 ms)
[ok]: BITFIELD command will not be marked with movablekeys (0 ms)
[ok]: LMOVE command will not be marked with movablekeys (2 ms)
[ok]: LPOP command will not be marked with movablekeys (2 ms)
[ok]: BLPOP command will not be marked with movablekeys (1 ms)
[ok]: PING command will not be marked with movablekeys (1 ms)
[ok]: MEMORY command will not be marked with movablekeys (1 ms)
[ok]: MEMORY|USAGE command will not be marked with movablekeys (1 ms)
[ok]: RENAME command will not be marked with movablekeys (2 ms)
[ok]: GEORADIUS_RO command will not be marked with movablekeys (1 ms)
[ok]: ZUNIONSTORE command is marked with movablekeys (0 ms)
[ok]: XREAD command is marked with movablekeys (2 ms)
[ok]: EVAL command is marked with movablekeys (2 ms)
[ok]: SORT command is marked with movablekeys (2 ms)
[ok]: Memory efficiency with values in range 64 (327 ms)
[ok]: SORT_RO command is marked with movablekeys (4 ms)
[ok]: MIGRATE command is marked with movablekeys (2 ms)
[ok]: GEORADIUS command is marked with movablekeys (0 ms)
[ok]: maxmemory - only allkeys-* should remove non-volatile keys (volatile-lru) (892 ms)
[ok]: corrupt payload: fuzzer findings - stream integrity check issue (685 ms)
[ok]: Chained replicas disconnect when replica re-connect with the same master (2820 ms)
[ok]: EVAL - cmsgpack pack/unpack smoke test (608 ms)
[ok]: EVAL - cmsgpack can pack and unpack circular references? (1 ms)
[ok]: EVAL - Numerical sanity check from bitop (0 ms)
[ok]: EVAL - Verify minimal bitop functionality (0 ms)
[ok]: EVAL - Able to parse trailing comments (0 ms)
[ok]: EVAL_RO - Successful case (2 ms)
[ok]: EVAL_RO - Cannot run write commands (7 ms)
[ok]: redis-server command line arguments - wrong usage that we support anyway (463 ms)
[ok]: SCRIPTING FLUSH - is able to clear the scripts cache? (45 ms)
[53/84 done]: unit/introspection-2 (7 seconds)
Testing unit/wait
[54/84 done]: unit/bitfield (5 seconds)
Testing unit/pause
[ok]: SCRIPTING FLUSH ASYNC (45 ms)
[ok]: SCRIPT EXISTS - can detect already defined scripts? (3 ms)
[ok]: SCRIPT LOAD - is able to register scripts in the scripting cache (1 ms)
[ok]: SORT is normally not alpha re-ordered for the scripting engine (0 ms)
[ok]: SORT BY <constant> output gets ordered for scripting (0 ms)
[ok]: SORT BY <constant> with GET gets ordered for scripting (1 ms)
[ok]: redis.sha1hex() implementation (1 ms)
[ok]: Globals protection reading an undeclared global variable (2 ms)
[ok]: Globals protection setting an undeclared global* (1 ms)
[ok]: Test an example script DECR_IF_GT (2 ms)
[ok]: random numbers are random now (1 ms)
[ok]: Scripting engine PRNG can be seeded correctly (1 ms)
[ok]: UNLINK can reclaim memory in background (380 ms)
[ok]: Memory efficiency with values in range 128 (396 ms)
[ok]: Test read commands are not blocked by client pause (3 ms)
[ok]: Test write commands are paused by RO (2 ms)
[ok]: Test special commands are paused by RO (3 ms)
[ok]: Test read/admin mutli-execs are not blocked by pause RO (4 ms)
[ok]: Test write mutli-execs are blocked by pause RO (0 ms)
[ok]: Test scripts are blocked by pause RO (1 ms)
[ok]: Test RO scripts are not blocked by pause RO (0 ms)
[ok]: Test read-only scripts in mutli-exec are not blocked by pause RO (7 ms)
[ok]: Test write scripts in mutli-exec are blocked by pause RO (5 ms)
[ok]: Test may-replicate commands are rejected in RO scripts (2 ms)
[ok]: Test multiple clients can be queued up and unblocked (3 ms)
[ok]: Test clients with syntax errors will get responses immediately (3 ms)
[ok]: Test both active and passive expires are skipped during client pause (102 ms)
[ok]: Test that client pause starts at the end of a transaction (1 ms)
[ok]: FLUSHDB ASYNC can reclaim memory in background (375 ms)
[ok]: corrupt payload: fuzzer findings - infinite loop (581 ms)
[ok]: EVAL does not leak in the Lua stack (444 ms)
[ok]: SPOP: We can call scripts rewriting client->argv from Lua (54 ms)
[ok]: Memory efficiency with values in range 1024 (511 ms)
[ok]: MGET: mget shouldn't be propagated in Lua (93 ms)
[ok]: redis-server command line arguments - allow option value to use the `--` prefix (730 ms)
[ok]: Setup slave (109 ms)
[ok]: maxmemory - only allkeys-* should remove non-volatile keys (volatile-random) (888 ms)
[ok]: EXPIRE: We can call scripts rewriting client->argv from Lua (101 ms)
[ok]: HyperLogLog self test passes (1386 ms)
[ok]: PFADD without arguments creates an HLL value (1 ms)
[ok]: Approximated cardinality after creation is zero (1 ms)
[ok]: PFADD returns 1 when at least 1 reg was modified (1 ms)
[ok]: PFADD returns 0 when no reg was modified (0 ms)
[ok]: PFADD works with empty string (regression) (1 ms)
[ok]: PFCOUNT returns approximated cardinality of set (1 ms)
[ok]: lazy free a stream with all types of metadata (375 ms)
[ok]: lazy free a stream with deleted cgroup (3 ms)
[55/84 done]: unit/lazyfree (2 seconds)
Testing unit/querybuf
[ok]: corrupt payload: fuzzer findings - hash ziplist too long entry len (676 ms)
[56/84 done]: integration/psync2-pingoff (21 seconds)
Testing unit/pendingquerybuf
[ok]: redis-server command line arguments - option name and option value in the same arg and `--` prefix (602 ms)
[ok]: WAIT should acknowledge 1 additional copy of the data (641 ms)
[ok]: Connect multiple replicas at the same time (issue #141), master diskless=no, replica diskless=disabled (21221 ms)
[ok]: INCRBYFLOAT: We can call scripts expanding client->argv from Lua (734 ms)
[ok]: Call Redis command with many args from Lua (issue #1764) (1 ms)
[ok]: Number conversion precision test (issue #1118) (4 ms)
[ok]: String containing number precision test (regression of issue #1118) (0 ms)
[ok]: Verify negative arg count is error instead of crash (issue #1842) (1 ms)
[ok]: Scripts can handle commands with incorrect arity (1 ms)
[ok]: Correct handling of reused argv (issue #1939) (1 ms)
[ok]: Functions in the Redis namespace are able to report errors (0 ms)
[ok]: CLUSTER RESET can not be invoke from within a script (0 ms)
[ok]: Script with RESP3 map (3 ms)
[ok]: HyperLogLogs are promote from sparse to dense (757 ms)
[ok]: Test when replica paused, offset would not grow (709 ms)
[ok]: Test replica offset would grow after unpause (0 ms)
[ok]: Script return recursive object (139 ms)
[ok]: Script check unpack with massive arguments (13 ms)
[ok]: Script read key with expiration set (1 ms)
[ok]: Script del key with expiration set (2 ms)
[ok]: Script ACL check (3 ms)
[ok]: Binary code loading failed (1 ms)
[ok]: Try trick global protection 1 (0 ms)
[ok]: Try trick global protection 2 (1 ms)
[ok]: Try trick global protection 3 (1 ms)
[ok]: Try trick global protection 4 (0 ms)
[ok]: Try trick readonly table on redis table (1 ms)
[ok]: Try trick readonly table on json table (0 ms)
[ok]: Try trick readonly table on cmsgpack table (1 ms)
[ok]: Try trick readonly table on bit table (0 ms)
[ok]: Test loadfile are not available (1 ms)
[ok]: Test dofile are not available (0 ms)
[ok]: Test print are not available (0 ms)
[ok]: maxmemory - only allkeys-* should remove non-volatile keys (volatile-ttl) (1038 ms)
[ok]: corrupt payload: OOM in rdbGenericLoadStringObject (732 ms)
[ok]: Memory efficiency with values in range 16384 (1288 ms)
[ok]: PSYNC2 #3899 regression: verify consistency (23 ms)
[57/84 done]: unit/pause (2 seconds)
Testing unit/tls
[58/84 done]: unit/memefficiency (4 seconds)
Testing unit/tracking
[ok]: WAIT should not acknowledge 2 additional copies of the data (1003 ms)
[ok]: corrupt payload: fuzzer findings - OOM in dictExpand (602 ms)
[ok]: Clients are able to enable tracking and redirect it (0 ms)
[ok]: The other connection is able to get invalidations (0 ms)
[ok]: The client is now able to disable tracking (0 ms)
[ok]: Clients can enable the BCAST mode with the empty prefix (1 ms)
[ok]: The connection gets invalidation messages about all the keys (0 ms)
[ok]: Clients can enable the BCAST mode with prefixes (0 ms)
[ok]: Adding prefixes to BCAST mode works (0 ms)
[ok]: Tracking NOLOOP mode in standard mode works (1 ms)
[ok]: Tracking NOLOOP mode in BCAST mode works (4 ms)
[ok]: PSYNC2: generate load while killing replication links (5000 ms)
[ok]: PSYNC2: cluster is consistent after load (x = 38922) (1 ms)
[ok]: PSYNC2: total sum of full synchronizations is exactly 4 (3 ms)
[ok]: PSYNC2: --- CYCLE 4 --- (0 ms)
[ok]: PSYNC2: [NEW LAYOUT] Set #4 as master (0 ms)
[ok]: PSYNC2: Set #0 to replicate from #1 (1 ms)
[ok]: Timedout read-only scripts can be killed by SCRIPT KILL (411 ms)
[ok]: Timedout read-only scripts can be killed by SCRIPT KILL even when use pcall (43 ms)
[ok]: Timedout script does not cause a false dead client (50 ms)
[ok]: HyperLogLog sparse encoding stress test (1294 ms)
[ok]: Corrupted sparse HyperLogLogs are detected: Additional at tail (1 ms)
[ok]: Corrupted sparse HyperLogLogs are detected: Broken magic (0 ms)
[ok]: Corrupted sparse HyperLogLogs are detected: Invalid encoding (0 ms)
[ok]: Corrupted dense HyperLogLogs are detected: Wrong length (0 ms)
[59/84 done]: unit/tls (1 seconds)
Testing unit/oom-score-adj
[ok]: Timedout script link is still usable after Lua returns (75 ms)
[ok]: maxmemory - policy volatile-lru should only remove volatile keys. (1119 ms)
[ok]: corrupt payload: fuzzer findings - zset ziplist invalid tail offset (652 ms)
[ok]: Timedout scripts and unblocked command (419 ms)
[ok]: CONFIG SET oom-score-adj works as expected (49 ms)
[ok]: CONFIG SET oom-score-adj-values doesn't touch proc when disabled (0 ms)
[ok]: CONFIG SET oom score restored on disable (1 ms)
[ok]: CONFIG SET oom score relative and absolute (0 ms)
[ok]: CONFIG SET out-of-range oom score (1 ms)
[ok]: maxmemory - policy volatile-lfu should only remove volatile keys. (565 ms)
[ok]: WAIT should not acknowledge 1 additional copy if slave is blocked (1114 ms)
[ok]: Timedout scripts that modified data can't be killed by SCRIPT KILL (206 ms)
[ok]: SHUTDOWN NOSAVE can kill a timedout script anyway (14 ms)
[ok]: Tracking gets notification of expired keys (1001 ms)
[ok]: corrupt payload: fuzzer findings - negative reply length (507 ms)
[ok]: Tracking gets notification of lazy expired keys (101 ms)
[ok]: HELLO 3 reply is correct (1 ms)
[ok]: HELLO without protover (0 ms)
[ok]: RESP3 based basic invalidation (0 ms)
[ok]: RESP3 tracking redirection (1 ms)
[ok]: PSYNC2: Set #1 to replicate from #4 (0 ms)
[ok]: Invalidations of previous keys can be redirected after switching to RESP3 (1 ms)
[ok]: Invalidations of new keys can be redirected after switching to RESP3 (2 ms)
[ok]: Invalid keys should not be tracked for scripts in NOLOOP mode (2 ms)
[ok]: Tracking only occurs for scripts when a command calls a read-only command (1 ms)
[ok]: RESP3 Client gets tracking-redir-broken push message after cached key changed when rediretion client is terminated (3 ms)
[ok]: Different clients can redirect to the same connection (1 ms)
[ok]: Different clients using different protocols can track the same key (2 ms)
[ok]: No invalidation message when using OPTIN option (0 ms)
[ok]: Invalidation message sent when using OPTIN option with CLIENT CACHING yes (1 ms)
[ok]: Invalidation message sent when using OPTOUT option (1 ms)
[ok]: No invalidation message when using OPTOUT option with CLIENT CACHING no (0 ms)
[ok]: Able to redirect to a RESP3 client (2 ms)
[ok]: After switching from normal tracking to BCAST mode, no invalidation message is produced for pre-BCAST keys (1 ms)
[ok]: BCAST with prefix collisions throw errors (1 ms)
[ok]: hdel deliver invalidate message after response in the same connection (1 ms)
[ok]: query buffer resized correctly (2255 ms)
[ok]: Tracking invalidation message is not interleaved with multiple keys response (113 ms)
[ok]: Tracking invalidation message is not interleaved with transaction response (2 ms)
[ok]: Tracking invalidation message of eviction keys should be before response (4 ms)
[ok]: Unblocked BLMOVE gets notification after response (2 ms)
[ok]: Tracking gets notification on tracking table key eviction (49 ms)
[ok]: Invalidation message received for flushall (10 ms)
[ok]: Invalidation message received for flushdb (4 ms)
[ok]: Test ASYNC flushall (3 ms)
[ok]: flushdb tracking invalidation message is not interleaved with transaction response (7 ms)
[ok]: query buffer resized correctly when not idle (201 ms)
[60/84 done]: integration/psync2-reg (24 seconds)
Testing unit/shutdown
[ok]: maxmemory - policy volatile-random should only remove volatile keys. (586 ms)
[ok]: Server is able to evacuate enough keys when num of keys surpasses limit by more than defined initial effort (284 ms)
[ok]: Tracking info is correct (9 ms)
[ok]: CLIENT GETREDIR provides correct client id (5 ms)
[ok]: CLIENT TRACKINGINFO provides reasonable results when tracking off (0 ms)
[ok]: CLIENT TRACKINGINFO provides reasonable results when tracking on (1 ms)
[ok]: CLIENT TRACKINGINFO provides reasonable results when tracking on with options (0 ms)
[ok]: CLIENT TRACKINGINFO provides reasonable results when tracking optin (1 ms)
[ok]: CLIENT TRACKINGINFO provides reasonable results when tracking optout (2 ms)
[ok]: corrupt payload: fuzzer findings - valgrind negative malloc (605 ms)
[ok]: CLIENT TRACKINGINFO provides reasonable results when tracking bcast mode (7 ms)
[ok]: CLIENT TRACKINGINFO provides reasonable results when tracking redir broken (5 ms)
[61/84 done]: unit/querybuf (3 seconds)
Testing unit/networking
[ok]: Regression test for #11715 (26 ms)
[ok]: RESP3 based basic invalidation with client reply off (13 ms)
[ok]: Before the replica connects we issue two EVAL commands (3 ms)
[ok]: RESP2 based basic invalidation with client reply off (46 ms)
[ok]: pending querybuf: check size of pending_querybuf after set a big value (2405 ms)
[ok]: RESP3 based basic redirect invalidation with client reply off (9 ms)
[ok]: RESP3 based basic tracking-redir-broken with client reply off (9 ms)
[ok]: Connect a replica to the master instance (102 ms)
[ok]: Now use EVALSHA against the master, with both SHAs (0 ms)
[ok]: redis-server command line arguments - save with empty input (3114 ms)
[ok]: Temp rdb will be deleted if we use bg_unlink when shutdown (175 ms)
[ok]: WAIT implicitly blocks on client pause since ACKs aren't sent (1124 ms)
[ok]: PSYNC2: Set #2 to replicate from #0 (0 ms)
[62/84 done]: unit/tracking (2 seconds)
Testing unit/cluster
[63/84 done]: unit/oom-score-adj (1 seconds)
Testing unit/client-eviction
[ok]: maxmemory - policy volatile-ttl should only remove volatile keys. (697 ms)
[ok]: CONFIG SET port number (514 ms)
[ok]: 'x' should be '4' for EVALSHA being replicated by effects (505 ms)
[ok]: Replication of script multiple pushes to list with BLPOP (1 ms)
[ok]: EVALSHA replication when first call is readonly (2 ms)
[ok]: Lua scripts using SELECT are replicated correctly (4 ms)
[ok]: corrupt payload: fuzzer findings - valgrind invalid read (688 ms)
[ok]: redis-server command line arguments - take one bulk string with spaces for MULTI_ARG configs parsing (596 ms)
[64/84 done]: unit/pendingquerybuf (4 seconds)
Testing unit/violations
[ok]: client evicted due to large argv (42 ms)
[ok]: client evicted due to large query buf (22 ms)
[ok]: client evicted due to percentage of maxmemory (20 ms)
[ok]: SHUTDOWN ABORT can cancel SIGTERM (82 ms)
[65/84 done]: unit/wait (5 seconds)
Testing unit/replybufsize
[ok]: client evicted due to large multi buf (117 ms)
[ok]: Temp rdb will be deleted in signal handle (118 ms)
[ok]: CONFIG SET bind address (595 ms)
[ok]: client evicted due to watched key list (98 ms)
[ok]: corrupt payload: fuzzer findings - empty hash ziplist (500 ms)
[ok]: SORT adds integer field to list (1 ms)
[ok]: Test replication partial resync: backlog expired (diskless: no, disabled, reconnect: 1) (9227 ms)
[ok]: RDB save will be failed in shutdown (31 ms)
[ok]: PSYNC2: Set #3 to replicate from #1 (0 ms)
[66/84 done]: unit/violations (1 seconds)
Testing unit/cluster-scripting
[ok]: cannot modify protected configuration - no (1 ms)
[ok]: SHUTDOWN will abort if rdb save failed on signal (115 ms)
[ok]: SHUTDOWN will abort if rdb save failed on shutdown command (1 ms)
[ok]: SHUTDOWN can proceed if shutdown command was with nosave (39 ms)
[ok]: Clean up rdb same named folder (29 ms)
[67/84 done]: unit/shutdown (2 seconds)
Testing unit/cluster/misc
[ok]: corrupt payload: fuzzer findings - stream with no records (691 ms)
[ok]: client evicted due to pubsub subscriptions (762 ms)
[ok]: client evicted due to tracking redirection (16 ms)
[ok]: verify reply buffer limits (675 ms)
[ok]: cannot modify protected configuration - local (44 ms)
[68/84 done]: unit/replybufsize (1 seconds)
Testing unit/cluster/links
[ok]: CONFIG SET bind-source-addr (1252 ms)
[ok]: corrupt payload: fuzzer findings - quicklist ziplist tail followed by extra data which start with 0xff (594 ms)
[ok]: PSYNC2: cluster is consistent after failover (6 ms)
[ok]: Client output buffer hard limit is enforced (11765 ms)
[ok]: client evicted due to client tracking prefixes (823 ms)
[ok]: client evicted due to output buf (5 ms)
[ok]: Connect a replica to the master instance (106 ms)
[ok]: Redis.replicate_commands() can be issued anywhere now (0 ms)
[ok]: Redis.set_repl() can be issued before replicate_commands() now (3 ms)
[ok]: Redis.set_repl() don't accept invalid values (1 ms)
[ok]: client no-evict on (36 ms)
[ok]: Slave should be able to synchronize with the master (104 ms)
[ok]: client no-evict off (24 ms)
[ok]: corrupt payload: fuzzer findings - dict init to huge size (630 ms)
[ok]: Test selective replication of certain Redis commands from Lua (510 ms)
[ok]: PRNG is seeded randomly for command replication (1 ms)
[ok]: Using side effects is not a problem with command replication (1 ms)
[ok]: Create 3 node cluster (1816 ms)
[ok]: Run blocking command on cluster node3 (0 ms)
[ok]: Default bind address configuration handling (718 ms)
[ok]: Perform a Resharding (43 ms)
[ok]: Verify command got unblocked after resharding (34 ms)
[ok]: Protected mode works as expected (39 ms)
[ok]: avoid client eviction when client is freed by output buffer limit (189 ms)
[ok]: Wait for cluster to be stable (97 ms)
[ok]: Sanity test push cmd after resharding (4 ms)
[ok]: Run blocking command again on cluster node1 (0 ms)
[ok]: corrupt payload: fuzzer findings - huge string (608 ms)
[ok]: Eval scripts with shebangs and functions default to no cross slots (0 ms)
[ok]: Cross slot commands are allowed by default for eval scripts and with allow-cross-slot-keys flag (0 ms)
[ok]: Cross slot commands are also blocked if they disagree with pre-declared keys (0 ms)
[69/84 done]: unit/networking (4 seconds)
[ok]: Detect write load to master (1005 ms)
[ok]: Test replication partial resync: no reconnection, just sync (diskless: no, swapdb, reconnect: 0) (134 ms)
[70/84 done]: unit/cluster-scripting (2 seconds)
[ok]: decrease maxmemory-clients causes client eviction (223 ms)
[ok]: corrupt payload: fuzzer findings - stream PEL without consumer (596 ms)
[ok]: config during loading (2037 ms)
[ok]: evict clients only until below limit (133 ms)
[ok]: Key lazy expires during key migration (13 ms)
[ok]: corrupt payload: fuzzer findings - stream listpack valgrind issue (625 ms)
[ok]: Broadcast message across a cluster shard while a cluster link is down (110 ms)
[ok]: Slave should be able to synchronize with the master (101 ms)
[ok]: Kill a cluster node and wait for fail state (1715 ms)
[ok]: Verify command got unblocked after cluster failure (83 ms)
[ok]: corrupt payload: fuzzer findings - stream with bad lpFirst (515 ms)
[ok]: evict clients in right order (large to small) (204 ms)
[ok]: Test scripting debug protocol parsing (4 ms)
[ok]: Test scripting debug lua stack overflow (2 ms)
[ok]: CONFIG REWRITE handles rename-command properly (1186 ms)
[ok]: corrupt payload: fuzzer findings - stream listpack lpPrev valgrind issue (601 ms)
[71/84 done]: unit/cluster/links (4 seconds)
[ok]: GEOSEARCH fuzzy test - byradius (13949 ms)
[ok]: client total memory grows during client no-evict (135 ms)
[ok]: Detect write load to master (1002 ms)
[ok]: test RESP2/2 big number protocol parsing (1 ms)
[ok]: test RESP2/2 malformed big number protocol parsing (1 ms)
[ok]: test RESP2/2 map protocol parsing (1 ms)
[ok]: test RESP2/2 set protocol parsing (0 ms)
[ok]: test RESP2/2 double protocol parsing (1 ms)
[ok]: test RESP2/2 null protocol parsing (0 ms)
[ok]: test RESP2/2 verbatim protocol parsing (1 ms)
[ok]: test RESP2/2 true protocol parsing (0 ms)
[ok]: test RESP2/2 false protocol parsing (1 ms)
[ok]: test RESP2/3 big number protocol parsing (0 ms)
[ok]: test RESP2/3 malformed big number protocol parsing (0 ms)
[ok]: test RESP2/3 map protocol parsing (1 ms)
[ok]: test RESP2/3 set protocol parsing (0 ms)
[ok]: test RESP2/3 double protocol parsing (0 ms)
[ok]: test RESP2/3 null protocol parsing (0 ms)
[ok]: test RESP2/3 verbatim protocol parsing (3 ms)
[ok]: test RESP2/3 true protocol parsing (0 ms)
[ok]: test RESP2/3 false protocol parsing (0 ms)
[ok]: test RESP3/2 big number protocol parsing (0 ms)
[ok]: test RESP3/2 malformed big number protocol parsing (2 ms)
[ok]: test RESP3/2 map protocol parsing (0 ms)
[ok]: test RESP3/2 set protocol parsing (0 ms)
[ok]: test RESP3/2 double protocol parsing (0 ms)
[ok]: test RESP3/2 null protocol parsing (1 ms)
[ok]: test RESP3/2 verbatim protocol parsing (0 ms)
[ok]: test RESP3/2 true protocol parsing (1 ms)
[ok]: test RESP3/2 false protocol parsing (0 ms)
[ok]: test RESP3/3 big number protocol parsing (1 ms)
[ok]: test RESP3/3 malformed big number protocol parsing (1 ms)
[ok]: test RESP3/3 map protocol parsing (6 ms)
[ok]: test RESP3/3 set protocol parsing (1 ms)
[ok]: test RESP3/3 double protocol parsing (0 ms)
[ok]: test RESP3/3 null protocol parsing (0 ms)
[ok]: test RESP3/3 verbatim protocol parsing (1 ms)
[ok]: test RESP3/3 true protocol parsing (0 ms)
[ok]: test RESP3/3 false protocol parsing (0 ms)
[ok]: test resp3 attribute protocol parsing (1 ms)
[ok]: Script block the time during execution (12 ms)
[ok]: Script delete the expired key (2 ms)
[ok]: client total memory grows during maxmemory-clients disabled (136 ms)
[ok]: corrupt payload: fuzzer findings - stream with non-integer entry id (525 ms)
[72/84 done]: unit/cluster/misc (5 seconds)
[73/84 done]: unit/client-eviction (7 seconds)
[ok]: Shebang support for lua engine (3 ms)
[ok]: Unknown shebang option (1 ms)
[ok]: Unknown shebang flag (2 ms)
[ok]: corrupt payload: fuzzer findings - empty quicklist (498 ms)
[ok]: allow-oom shebang flag (9 ms)
[ok]: no-writes shebang flag (1 ms)
[ok]: no-writes shebang flag on replica (8 ms)
[ok]: PSYNC2: generate load while killing replication links (5000 ms)
[ok]: PSYNC2: cluster is consistent after load (x = 49927) (1 ms)
[ok]: PSYNC2: total sum of full synchronizations is exactly 4 (2 ms)
[ok]: PSYNC2: --- CYCLE 5 --- (0 ms)
[ok]: PSYNC2: [NEW LAYOUT] Set #1 as master (0 ms)
[ok]: PSYNC2: Set #0 to replicate from #4 (0 ms)
[ok]: Client output buffer soft limit is enforced if time is overreached (4911 ms)
[ok]: corrupt payload: fuzzer findings - empty zset (639 ms)
[ok]: not enough good replicas (6 ms)
[ok]: CONFIG REWRITE handles alias config properly (2173 ms)
[74/84 done]: unit/introspection (20 seconds)
[ok]: corrupt payload: fuzzer findings - hash with len of 0 (489 ms)
[ok]: PSYNC2: Set #4 to replicate from #1 (0 ms)
[ok]: corrupt payload: fuzzer findings - hash listpack first element too long entry len (497 ms)
[ok]: not enough good replicas state change during long script (1031 ms)
[ok]: allow-stale shebang flag (2 ms)
[ok]: reject script do not cause a Lua stack leak (20 ms)
[ok]: corrupt payload: fuzzer findings - stream double free listpack when insert dup node to rax returns 0 (711 ms)
[ok]: PSYNC2: Set #2 to replicate from #3 (0 ms)
[ok]: Consistent eval error reporting (13 ms)
[ok]: LUA redis.error_reply API (4 ms)
[ok]: LUA redis.error_reply API with empty string (1 ms)
[ok]: LUA redis.status_reply API (1 ms)
[ok]: LUA test pcall (0 ms)
[ok]: LUA test pcall with error (1 ms)
[ok]: LUA test pcall with non string/integer arg (0 ms)
[75/84 done]: unit/scripting (25 seconds)
[ok]: corrupt payload: fuzzer findings - LCS OOM (728 ms)
[ok]: PSYNC2: Set #3 to replicate from #1 (0 ms)
[ok]: corrupt payload: fuzzer findings - gcc asan reports false leak on assert (740 ms)
[ok]: Functions are added to new node on redis-cli cluster add-node (2959 ms)
[ok]: corrupt payload: fuzzer findings - lpFind invalid access (576 ms)
[ok]: PSYNC2: cluster is consistent after failover (2 ms)
[ok]: corrupt payload: fuzzer findings - invalid access in ziplist tail prevlen decoding (761 ms)
[ok]: Test replication partial resync: ok psync (diskless: no, swapdb, reconnect: 1) (6285 ms)
[ok]: corrupt payload: fuzzer findings - zset zslInsert with a NAN score (691 ms)
[ok]: corrupt payload: fuzzer findings - streamLastValidID panic (664 ms)
[ok]: Client output buffer soft limit is not enforced too early and is enforced when no traffic (6087 ms)
[ok]: No response for single command if client output buffer hard limit is enforced (137 ms)
[ok]: Slave should be able to synchronize with the master (105 ms)
[ok]: Detect write load to master (0 ms)
[ok]: corrupt payload: fuzzer findings - valgrind fishy value warning (757 ms)
[76/84 done]: integration/corrupt-dump (46 seconds)
[ok]: Connect multiple replicas at the same time (issue #141), master diskless=no, replica diskless=swapdb (12500 ms)
[ok]: No response for multi commands in pipeline if client output buffer limit is enforced (1043 ms)
[ok]: Execute transactions completely even if client output buffer limit is enforced (14 ms)
[ok]: Obuf limit, HRANDFIELD with huge count stopped mid-run (16 ms)
[ok]: Obuf limit, KEYS stopped mid-run (31 ms)
[77/84 done]: unit/obuf-limits (24 seconds)
[ok]: PSYNC2: generate load while killing replication links (5000 ms)
[ok]: PSYNC2: cluster is consistent after load (x = 94803) (1 ms)
[ok]: PSYNC2: total sum of full synchronizations is exactly 4 (2 ms)
[ok]: PSYNC2: Bring the master back again for next test (2 ms)
[ok]: GEOSEARCH fuzzy test - bybox (10602 ms)
[ok]: GEOSEARCH box edges fuzzy test (15 ms)
[ok]: PSYNC2: Partial resync after restart using RDB aux fields (642 ms)
[78/84 done]: unit/geo (25 seconds)
[ok]: Migrate the last slot away from a node using redis-cli (5968 ms)
[79/84 done]: integration/psync2 (44 seconds)
[ok]: Test replication partial resync: no backlog (diskless: no, swapdb, reconnect: 1) (7806 ms)
[ok]: slave buffer are counted correctly (20325 ms)
[ok]: redis-cli --cluster create with cluster-port (1752 ms)
[ok]: Slave should be able to synchronize with the master (104 ms)
[ok]: redis-cli --cluster add-node with cluster-port (1205 ms)
[ok]: Detect write load to master (1001 ms)
[80/84 done]: unit/cluster (25 seconds)
[ok]: replica buffer don't induce eviction (6896 ms)
[ok]: Don't rehash if used memory exceeds maxmemory after rehash (77 ms)
[ok]: client tracking don't cause eviction feedback loop (1553 ms)
[ok]: Test replication partial resync: ok after delay (diskless: no, swapdb, reconnect: 1) (9292 ms)
[ok]: propagation with eviction (50 ms)
[ok]: propagation with eviction in MULTI (26 ms)
[ok]: Slave should be able to synchronize with the master (103 ms)
[ok]: Detect write load to master (0 ms)
[81/84 done]: unit/maxmemory (48 seconds)
[ok]: Connect multiple replicas at the same time (issue #141), master diskless=yes, replica diskless=disabled (17921 ms)
[ok]: Fuzzing dense/sparse encoding: Redis should always detect errors (42212 ms)
[ok]: PFADD, PFCOUNT, PFMERGE type checking works (1 ms)
[ok]: PFMERGE results on the cardinality of union of sets (0 ms)
[ok]: Test replication partial resync: backlog expired (diskless: no, swapdb, reconnect: 1) (9359 ms)
[ok]: PFCOUNT multiple-keys merge returns cardinality of union #1 (3950 ms)
[ok]: PFCOUNT multiple-keys merge returns cardinality of union #2 (741 ms)
[ok]: PFDEBUG GETREG returns the HyperLogLog raw registers (422 ms)
[ok]: PFADD / PFCOUNT cache invalidation works (2 ms)
[82/84 done]: unit/hyperloglog (51 seconds)
[ok]: Slave should be able to synchronize with the master (506 ms)
[ok]: Detect write load to master (1 ms)
[ok]: Test replication partial resync: no reconnection, just sync (diskless: yes, disabled, reconnect: 0) (248 ms)
[ok]: Slave should be able to synchronize with the master (404 ms)
[ok]: Detect write load to master (0 ms)
[ok]: Connect multiple replicas at the same time (issue #141), master diskless=yes, replica diskless=swapdb (13644 ms)
[ok]: Test replication partial resync: ok psync (diskless: yes, disabled, reconnect: 1) (6209 ms)
[ok]: Slave should be able to synchronize with the master (306 ms)
[ok]: Detect write load to master (0 ms)
[ok]: Test replication partial resync: no backlog (diskless: yes, disabled, reconnect: 1) (7766 ms)
[ok]: Slave should be able to synchronize with the master (1310 ms)
[ok]: Detect write load to master (1 ms)
[ok]: Test replication partial resync: ok after delay (diskless: yes, disabled, reconnect: 1) (9276 ms)
[ok]: Master stream is correctly processed while the replica has a script in -BUSY state (20237 ms)
[ok]: Slave should be able to synchronize with the master (1312 ms)
[ok]: Detect write load to master (0 ms)
[ok]: Diskless load swapdb (different replid): new database is exposed after swapping (1 ms)
[ok]: Diskless load swapdb (different replid): replica enter loading (433 ms)
[ok]: Diskless load swapdb (different replid): old database is exposed after replication fails (1 ms)
[ok]: Diskless load swapdb (async_loading): new database is exposed after swapping (1 ms)
[ok]: Diskless load swapdb (async_loading): replica enter async_loading (435 ms)
[ok]: Diskless load swapdb (async_loading): old database is exposed while async replication is in progress (878 ms)
[ok]: Busy script during async loading (896 ms)
[ok]: Test replication partial resync: backlog expired (diskless: yes, disabled, reconnect: 1) (9281 ms)
[ok]: Blocked commands and configs during async-loading (474 ms)
[ok]: Diskless load swapdb (async_loading): old database is exposed after async replication fails (0 ms)
[ok]: Slave should be able to synchronize with the master (1313 ms)
[ok]: Detect write load to master (0 ms)
[ok]: Test replication partial resync: no reconnection, just sync (diskless: yes, swapdb, reconnect: 0) (458 ms)
Waiting for process 12877 to exit...
[ok]: Slave should be able to synchronize with the master (1312 ms)
[ok]: Detect write load to master (0 ms)
[ok]: Test replication partial resync: ok psync (diskless: yes, swapdb, reconnect: 1) (6214 ms)
[ok]: Slave should be able to synchronize with the master (1410 ms)
[ok]: Detect write load to master (0 ms)
[ok]: Test replication partial resync: no backlog (diskless: yes, swapdb, reconnect: 1) (7951 ms)
[ok]: Slave should be able to synchronize with the master (404 ms)
[ok]: Detect write load to master (0 ms)
[ok]: Test replication partial resync: ok after delay (diskless: yes, swapdb, reconnect: 1) (9228 ms)
[ok]: Slave should be able to synchronize with the master (404 ms)
[ok]: Detect write load to master (1 ms)
[ok]: Test replication partial resync: backlog expired (diskless: yes, swapdb, reconnect: 1) (9239 ms)
[83/84 done]: integration/replication-psync (177 seconds)
[ok]: diskless loading short read (43757 ms)
[ok]: diskless no replicas drop during rdb pipe (7396 ms)
[ok]: diskless slow replicas drop during rdb pipe (4180 ms)
[ok]: diskless fast replicas drop during rdb pipe (5840 ms)
[ok]: diskless all replicas drop during rdb pipe (2596 ms)
[ok]: diskless timeout replicas drop during rdb pipe (5904 ms)
[ok]: diskless replication child being killed is collected (2716 ms)
[ok]: replication child dies when parent is killed - diskless: yes (2266 ms)
[ok]: replication child dies when parent is killed - diskless: no (2462 ms)
[ok]: diskless replication read pipe cleanup (1864 ms)
[ok]: replicaof right after disconnection (3547 ms)
[ok]: Kill rdb child process if its dumping RDB is not useful (2741 ms)
[ok]: Don't disconnect with replicas before loading transferred RDB when full sync (2 ms)
[ok]: Discard cache master before loading transferred RDB when full sync (109 ms)
[ok]: replica can handle EINTR if use diskless load (1742 ms)
[ok]: replica do not write the reply to the replication link - SYNC (_addReplyToBufferOrList) (139 ms)
[ok]: replica do not write the reply to the replication link - SYNC (addReplyDeferredLen) (131 ms)
[ok]: replica do not write the reply to the replication link - PSYNC (_addReplyToBufferOrList) (170 ms)
[ok]: replica do not write the reply to the replication link - PSYNC (addReplyDeferredLen) (133 ms)
[ok]: PSYNC with wrong offset should throw error (42 ms)
[84/84 done]: integration/replication (234 seconds)
Testing solo test
[ignore]: Test LPUSH and LPOP on plain nodes over 4GB: large memory flag not provided
[ignore]: Test LINDEX and LINSERT on plain nodes over 4GB: large memory flag not provided
[ignore]: Test LTRIM on plain nodes over 4GB: large memory flag not provided
[ignore]: Test LREM on plain nodes over 4GB: large memory flag not provided
[ignore]: Test LSET on plain nodes over 4GB: large memory flag not provided
[ignore]: Test LMOVE on plain nodes over 4GB: large memory flag not provided
[84/84 done]: list-large-memory (1 seconds)
Testing solo test
[ignore]: SADD, SCARD, SISMEMBER - large data: large memory flag not provided
[84/84 done]: set-large-memory (1 seconds)
Testing solo test
[ignore]: BIT pos larger than UINT_MAX: large memory flag not provided
[ignore]: SETBIT values larger than UINT32_MAX and lzf_compress/lzf_decompress correctly: large memory flag not provided
[84/84 done]: bitops-large-memory (0 seconds)
Testing solo test
[ok]: Active defrag (18239 ms)
[ok]: Active defrag eval scripts (2792 ms)
[ok]: Active defrag big keys (11682 ms)
[ok]: Active defrag big list (11530 ms)
[ok]: Active defrag edge case (15414 ms)
[84/84 done]: defrag (61 seconds)
Testing solo test
[ignore]: XADD one huge field: large memory flag not provided
[ignore]: XADD one huge field - 1: large memory flag not provided
[ignore]: several XADD big fields: large memory flag not provided
[ignore]: single XADD big fields: large memory flag not provided
[ignore]: hash with many big fields: large memory flag not provided
[ignore]: hash with one huge field: large memory flag not provided
[84/84 done]: violations (4 seconds)

                   The End

Execution time of different units:
  0 seconds - unit/info-command
  0 seconds - unit/printver
  0 seconds - unit/type/incr
  1 seconds - unit/info
  1 seconds - unit/protocol
  2 seconds - unit/keyspace
  3 seconds - unit/auth
  1 seconds - unit/quit
  5 seconds - unit/type/hash
  6 seconds - unit/multi
  9 seconds - unit/type/stream-cgroups
  9 seconds - unit/sort
  2 seconds - unit/acl-v2
  7 seconds - unit/acl
  13 seconds - unit/type/string
  13 seconds - unit/scan
  13 seconds - unit/other
  15 seconds - unit/type/list
  15 seconds - unit/type/list-2
  8 seconds - unit/latency-monitor
  18 seconds - unit/type/set
  18 seconds - unit/expire
  12 seconds - integration/replication-2
  14 seconds - integration/replication-3
  29 seconds - unit/type/zset
  30 seconds - unit/type/stream
  15 seconds - integration/shutdown
  1 seconds - integration/convert-ziplist-hash-on-load
  2 seconds - integration/convert-zipmap-hash-on-load
  2 seconds - integration/convert-ziplist-zset-on-load
  13 seconds - integration/rdb
  33 seconds - unit/dump
  18 seconds - integration/replication-buffer
  2 seconds - integration/logging
  28 seconds - integration/block-repl
  22 seconds - integration/aof
  7 seconds - integration/failover
  3 seconds - integration/redis-benchmark
  1 seconds - unit/pubsub
  23 seconds - integration/aof-multi-part
  10 seconds - integration/psync2-master-restart
  2 seconds - unit/slowlog
  4 seconds - unit/pubsubshard
  12 seconds - integration/redis-cli
  7 seconds - integration/dismiss-mem
  43 seconds - unit/aofrw
  20 seconds - integration/corrupt-dump-fuzzer
  1 seconds - unit/limits
  35 seconds - integration/replication-4
  3 seconds - unit/bitops
  51 seconds - unit/type/list-3
  8 seconds - unit/functions
  7 seconds - unit/introspection-2
  5 seconds - unit/bitfield
  2 seconds - unit/lazyfree
  21 seconds - integration/psync2-pingoff
  2 seconds - unit/pause
  4 seconds - unit/memefficiency
  1 seconds - unit/tls
  24 seconds - integration/psync2-reg
  3 seconds - unit/querybuf
  2 seconds - unit/tracking
  1 seconds - unit/oom-score-adj
  4 seconds - unit/pendingquerybuf
  5 seconds - unit/wait
  1 seconds - unit/violations
  2 seconds - unit/shutdown
  1 seconds - unit/replybufsize
  4 seconds - unit/networking
  2 seconds - unit/cluster-scripting
  4 seconds - unit/cluster/links
  5 seconds - unit/cluster/misc
  7 seconds - unit/client-eviction
  20 seconds - unit/introspection
  25 seconds - unit/scripting
  46 seconds - integration/corrupt-dump
  24 seconds - unit/obuf-limits
  25 seconds - unit/geo
  44 seconds - integration/psync2
  25 seconds - unit/cluster
  48 seconds - unit/maxmemory
  51 seconds - unit/hyperloglog
  177 seconds - integration/replication-psync
  234 seconds - integration/replication
  1 seconds - list-large-memory
  1 seconds - set-large-memory
  0 seconds - bitops-large-memory
  61 seconds - defrag
  4 seconds - violations

\o/ All tests passed without errors!

Cleanup: may take some time... OK
