Cleanup: may take some time... OK
Starting test server at port 21079
[ready]: 72
Testing unit/printver
[ready]: 73
Testing unit/dump
[ready]: 74
Testing unit/auth
[ready]: 76
Testing unit/protocol
[ready]: 77
Testing unit/keyspace
[ready]: 75
Testing unit/scan
[ready]: 78
Testing unit/info
[ready]: 80
Testing unit/info-command
[ready]: 79
Testing unit/type/string
[ready]: 81
Testing unit/type/incr
[ready]: 82
Testing unit/type/list
[ready]: 84
Testing unit/type/list-2
[ready]: 85
Testing unit/type/list-3
[ready]: 86
Testing unit/type/set
[ready]: 83
Testing unit/type/zset
[ready]: 87
Testing unit/type/hash
[ok]: AUTH fails if there is no password configured server side (1 ms)
[ok]: Arity check for auth command (0 ms)
[ok]: DUMP / RESTORE are able to serialize / unserialize a simple key (0 ms)
[ok]: RESTORE can set an arbitrary expire to the materialized key (0 ms)
[ok]: RESTORE can set an expire that overflows a 32 bit integer (1 ms)
[ok]: RESTORE can set an absolute expire (0 ms)
[ok]: RESTORE with ABSTTL in the past (0 ms)
[ok]: RESTORE can set LRU (0 ms)
[ok]: RESTORE can set LFU (0 ms)
[ok]: RESTORE returns an error of the key already exists (0 ms)
[ok]: RESTORE can overwrite an existing key with REPLACE (0 ms)
[ok]: RESTORE can detect a syntax error for unrecongized options (1 ms)
[ok]: DUMP of non existing key returns nil (0 ms)
[ok]: reg node check compression with insert and pop (2 ms)
[ok]: reg node check compression combined with trim (0 ms)
[ok]: reg node check compression with lset (1 ms)
[ok]: plain node check compression (2 ms)
[ok]: plain node check compression with ltrim (1 ms)
[ok]: plain node check compression using lset (1 ms)
[ok]: Handle an empty query (41 ms)
[ok]: Negative multibulk length (48 ms)
[ok]: Out of range multibulk length (1 ms)
[ok]: Wrong multibulk payload header (0 ms)
[ok]: Negative multibulk payload length (0 ms)
[ok]: Out of range multibulk payload length (1 ms)
[ok]: Non-number multibulk payload length (1 ms)
[ok]: Multi bulk request not followed by bulk arguments (0 ms)
[ok]: Generic wrong number of args (0 ms)
[ok]: Unbalanced number of quotes (0 ms)
Testing Redis version 7.0.15 (00000000)
[ok]: DEL against a single item (1 ms)
[ok]: Vararg DEL (0 ms)
[ok]: Untagged multi-key commands (0 ms)
[ok]: KEYS with pattern (0 ms)
[ok]: KEYS to get all keys (0 ms)
[ok]: Protocol desync regression test #1 (11 ms)
[ok]: DBSIZE (0 ms)
[ok]: DEL all keys (0 ms)
[ok]: SET and GET an item (3 ms)
[ok]: SET and GET an empty item (3 ms)
[ok]: Explicit regression for a list bug (3 ms)
[ok]: INCR against non existing key (5 ms)
[ok]: INCR against key created by incr itself (1 ms)
[ok]: INCR against key originally set with SET (3 ms)
[ok]: INCR over 32bit value (0 ms)
[ok]: info command with at most one sub command (6 ms)
[ok]: INCRBY over 32bit value with over 32bit increment (1 ms)
[ok]: Protocol desync regression test #2 (19 ms)
[ok]: latencystats: disable/enable (7 ms)
[ok]: INCR fails against key with spaces (left) (6 ms)
[ok]: info command with one sub-section (1 ms)
[ok]: HSET/HLEN - Small hash creation (13 ms)
[ok]: SADD, SCARD, SISMEMBER, SMISMEMBER, SMEMBERS basics - regular set (6 ms)
[ok]: Check encoding - listpack (6 ms)
[ok]: info command with multiple sub-sections (1 ms)
[ok]: INCR fails against key with spaces (right) (1 ms)
[ok]: Is the small hash encoded with a listpack? (0 ms)
[ok]: ZSET basic ZADD and score update - listpack (3 ms)
[ok]: latencystats: configure percentiles (3 ms)
[ok]: INCR fails against key with spaces (both) (1 ms)
[ok]: SADD, SCARD, SISMEMBER, SMISMEMBER, SMEMBERS basics - intset (1 ms)
[ok]: ZSET element can't be set to NaN with ZADD - listpack (0 ms)
[ok]: DECRBY negation overflow (0 ms)
[ok]: SMISMEMBER against non set (0 ms)
[ok]: ZSET element can't be set to NaN with ZINCRBY - listpack (0 ms)
[ok]: INCR fails against a key holding a list (1 ms)
[ok]: SMISMEMBER non existing key (1 ms)
[ok]: latencystats: bad configure percentiles (5 ms)
[ok]: DECRBY over 32bit value with over 32bit increment, negative res (1 ms)
[ok]: ZADD with options syntax error with incomplete pair - listpack (1 ms)
[ok]: SMISMEMBER requires one or more members (1 ms)
[ok]: Protocol desync regression test #3 (16 ms)
[ok]: ZADD XX option without key - listpack (3 ms)
[ok]: INCR uses shared objects in the 0-9999 range (2 ms)
[ok]: latencystats: blocking commands (4 ms)
[ok]: SADD against non set (0 ms)
[ok]: raw protocol response (0 ms)
[ok]: INCR can modify objects in-place (2 ms)
[ok]: ZADD XX existing key - listpack (1 ms)
[ok]: latencystats: subcommands (8 ms)
[ok]: SADD a non-integer against an intset (4 ms)
[ok]: ZADD XX returns the number of elements actually added - listpack (1 ms)
[ok]: raw protocol response - deferred (1 ms)
[ok]: INCRBYFLOAT against non existing key (2 ms)
[ok]: SADD an integer larger than 64 bits (1 ms)
[ok]: INCRBYFLOAT against key originally set with SET (1 ms)
[ok]: ZADD XX updates existing elements score - listpack (1 ms)
[ok]: raw protocol response - multiline (0 ms)
[ok]: RESP3 attributes (1 ms)
[ok]: INCRBYFLOAT over 32bit value (1 ms)
[ok]: ZADD GT updates existing elements when new scores are greater - listpack (2 ms)
[ok]: HRANDFIELD - listpack (28 ms)
[ok]: RESP3 attributes readraw (1 ms)
[ok]: INCRBYFLOAT over 32bit value with over 32bit increment (1 ms)
[ok]: ZADD LT updates existing elements when new scores are lower - listpack (4 ms)
[ok]: RESP3 attributes on RESP2 (0 ms)
[ok]: INCRBYFLOAT fails against key with spaces (left) (3 ms)
[ok]: ZADD GT XX updates existing elements when new scores are greater and skips new elements - listpack (1 ms)
[ok]: test big number parsing (0 ms)
[ok]: INCRBYFLOAT fails against key with spaces (right) (1 ms)
[ok]: ZADD LT XX updates existing elements when new scores are lower and skips new elements - listpack (4 ms)
[ok]: ZADD XX and NX are not compatible - listpack (1 ms)
[ok]: test bool parsing (0 ms)
[ok]: INCRBYFLOAT fails against key with spaces (both) (0 ms)
[ok]: ZADD NX with non existing key - listpack (2 ms)
[ok]: test verbatim str parsing (1 ms)
[ok]: INCRBYFLOAT fails against a key holding a list (2 ms)
[ok]: test large number of args (19 ms)
[ok]: INCRBYFLOAT does not allow NaN or Infinity (0 ms)
[ok]: ZADD NX only add new elements without updating old ones - listpack (1 ms)
[ok]: test argument rewriting - issue 9598 (0 ms)
[ok]: INCRBYFLOAT decrement (1 ms)
[ok]: ZADD GT and NX are not compatible - listpack (1 ms)
[ok]: Very big payload in GET/SET (52 ms)
[ok]: string to double with null terminator (2 ms)
[ok]: ZADD LT and NX are not compatible - listpack (1 ms)
[ok]: SCAN basic (59 ms)
[ok]: No negative zero (1 ms)
[ok]: ZADD LT and GT are not compatible - listpack (0 ms)
[ok]: ZADD INCR LT/GT replies with nill if score not updated - listpack (0 ms)
[ok]: ZADD INCR LT/GT with inf - listpack (0 ms)
[ok]: ZADD INCR works like ZINCRBY - listpack (1 ms)
[ok]: ZADD INCR works with a single score-elemenet pair - listpack (0 ms)
[ok]: ZADD CH option changes return value to all changed elements - listpack (0 ms)
[ok]: ZINCRBY calls leading to NaN result in error - listpack (0 ms)
[ok]: ZADD - Variadic version base case - $encoding (0 ms)
[ok]: ZADD - Return value is the number of actually added items - $encoding (0 ms)
[ok]: ZADD - Variadic version does not add nothing on single parsing err - $encoding (0 ms)
[ok]: ZADD - Variadic version will raise error on missing arg - $encoding (0 ms)
[ok]: ZINCRBY does not work variadic even if shares ZADD implementation - $encoding (0 ms)
[ok]: ZCARD basics - listpack (1 ms)
[ok]: ZREM removes key after last element is removed - listpack (0 ms)
[ok]: ZREM variadic version - listpack (0 ms)
[ok]: ZREM variadic version -- remove elements after key deletion - listpack (0 ms)
[ok]: ZRANGE basics - listpack (1 ms)
[ok]: ZREVRANGE basics - listpack (8 ms)
[ok]: ZRANK/ZREVRANK basics - listpack (5 ms)
[ok]: ZRANK - after deletion - listpack (0 ms)
[ok]: HRANDFIELD - hashtable (38 ms)
[ok]: ZINCRBY - can create a new sorted set - listpack (2 ms)
[ok]: ZINCRBY - increment and decrement - listpack (2 ms)
[ok]: ZINCRBY return value - listpack (0 ms)
[1/84 done]: unit/printver (0 seconds)
Testing unit/type/stream
[ok]: HRANDFIELD with RESP3 (2 ms)
[ok]: ZRANGEBYSCORE/ZREVRANGEBYSCORE/ZCOUNT basics - listpack (18 ms)
[ok]: latencystats: measure latency (55 ms)
[ok]: HRANDFIELD count of 0 is handled correctly (1 ms)
[ok]: ZRANGEBYSCORE with WITHSCORES - listpack (2 ms)
[ok]: HRANDFIELD count overflow (1 ms)
[ok]: errorstats: failed call authentication error (4 ms)
[ok]: ZRANGEBYSCORE with LIMIT - listpack (6 ms)
[ok]: HRANDFIELD with <count> against non existing key (1 ms)
[2/84 done]: unit/type/incr (0 seconds)
Testing unit/type/stream-cgroups
[ok]: AUTH fails when a wrong password is given (1 ms)
[ok]: MIGRATE is caching connections (212 ms)
[ok]: errorstats: failed call within MULTI/EXEC (3 ms)
[ok]: ZRANGEBYSCORE with LIMIT and WITHSCORES - listpack (7 ms)
[ok]: HRANDFIELD count of 0 is handled correctly - emptyarray (0 ms)
[ok]: ZRANGEBYSCORE with non-value min or max - listpack (1 ms)
[ok]: errorstats: failed call within LUA (4 ms)
[ok]: SADD overflows the maximum allowed integers in an intset (78 ms)
[ok]: Arbitrary command gives an error when AUTH is required (0 ms)
[3/84 done]: unit/info-command (0 seconds)
Testing unit/sort
[ok]: HRANDFIELD with <count> against non existing key - emptyarray (1 ms)
[ok]: Variadic SADD (1 ms)
[ok]: errorstats: failed call NOSCRIPT error (2 ms)
[ok]: AUTH succeeds when the right password is given (1 ms)
[ok]: errorstats: failed call NOGROUP error (4 ms)
[ok]: errorstats: rejected call unknown command (1 ms)
[ok]: Once AUTH succeeded we can actually send commands to the server (1 ms)
[ok]: errorstats: rejected call within MULTI/EXEC (3 ms)
[ok]: ZRANGEBYLEX/ZREVRANGEBYLEX/ZLEXCOUNT basics - listpack (14 ms)
[ok]: errorstats: rejected call due to wrong arity (1 ms)
[ok]: For unauthenticated clients multibulk and bulk length are limited (1 ms)
[ok]: errorstats: rejected call by OOM error (2 ms)
[ok]: ZLEXCOUNT advanced - listpack (5 ms)
[ok]: errorstats: rejected call by authorization error (4 ms)
[ok]: errorstats: blocking commands (3 ms)
[ok]: ZRANGEBYSLEX with LIMIT - listpack (7 ms)
[ok]: ZRANGEBYLEX with invalid lex range specifiers - listpack (1 ms)
[ok]: Test LPUSH and LPOP on plain nodes (2 ms)
[ok]: Test LINDEX and LINSERT on plain nodes (0 ms)
[ok]: Test LTRIM on plain nodes (1 ms)
[ok]: Test LREM on plain nodes (0 ms)
[ok]: Test LPOS on plain nodes (1 ms)
[ok]: Test LMOVE on plain nodes (1 ms)
[ok]: SCAN COUNT (79 ms)
[ok]: XADD wrong number of args (1 ms)
[ok]: XADD can add entries into a stream that XRANGE can fetch (1 ms)
[ok]: XADD IDs are incremental (2 ms)
[ok]: XADD IDs are incremental when ms is the same as well (1 ms)
[ok]: XADD IDs correctly report an error when overflowing (0 ms)
[ok]: XADD auto-generated sequence is incremented for last ID (1 ms)
[ok]: XADD auto-generated sequence is zero for future timestamp ID (1 ms)
[ok]: XADD auto-generated sequence can't be smaller than last ID (0 ms)
[ok]: Regression for quicklist #3343 bug (143 ms)
[ok]: XADD auto-generated sequence can't overflow (1 ms)
[ok]: XADD 0-* should succeed (1 ms)
[ok]: ZREMRANGEBYSCORE basics - listpack (22 ms)
[ok]: ZREMRANGEBYSCORE with non-value min or max - listpack (0 ms)
[ok]: ZREMRANGEBYRANK basics - listpack (11 ms)
[ok]: ZUNIONSTORE against non-existing key doesn't set destination - listpack (0 ms)
[ok]: ZUNION/ZINTER/ZINTERCARD/ZDIFF against non-existing key - listpack (1 ms)
[ok]: ZUNIONSTORE with empty set - listpack (1 ms)
[ok]: ZUNION/ZINTER/ZINTERCARD/ZDIFF with empty set - listpack (1 ms)
[ok]: ZUNIONSTORE basics - listpack (1 ms)
[ok]: ZUNION/ZINTER/ZINTERCARD/ZDIFF with integer members - listpack (2 ms)
[ok]: ZUNIONSTORE with weights - listpack (1 ms)
[ok]: SCAN MATCH (29 ms)
[ok]: ZUNION with weights - listpack (1 ms)
[ok]: ZUNIONSTORE with a regular set and weights - listpack (1 ms)
[ok]: ZUNIONSTORE with AGGREGATE MIN - listpack (0 ms)
[ok]: ZUNION/ZINTER with AGGREGATE MIN - listpack (3 ms)
[ok]: ZUNIONSTORE with AGGREGATE MAX - listpack (0 ms)
[ok]: ZUNION/ZINTER with AGGREGATE MAX - listpack (1 ms)
[ok]: ZINTERSTORE basics - listpack (0 ms)
[ok]: ZINTER basics - listpack (0 ms)
[ok]: ZINTERCARD with illegal arguments (1 ms)
[ok]: ZINTERCARD basics - listpack (0 ms)
[ok]: ZINTER RESP3 - listpack (1 ms)
[ok]: ZINTERSTORE with weights - listpack (0 ms)
[ok]: ZINTER with weights - listpack (0 ms)
[ok]: ZINTERSTORE with a regular set and weights - listpack (1 ms)
[ok]: ZINTERSTORE with AGGREGATE MIN - listpack (1 ms)
[ok]: ZINTERSTORE with AGGREGATE MAX - listpack (3 ms)
[ok]: ZUNIONSTORE with +inf/-inf scores - listpack (3 ms)
[ok]: ZUNIONSTORE with NaN weights - listpack (0 ms)
[ok]: ZINTERSTORE with +inf/-inf scores - listpack (2 ms)
[ok]: ZINTERSTORE with NaN weights - listpack (0 ms)
[ok]: ZDIFFSTORE basics - listpack (0 ms)
[ok]: ZDIFF basics - listpack (0 ms)
[ok]: ZDIFFSTORE with a regular set - listpack (1 ms)
[ok]: ZDIFF subtracting set from itself - listpack (0 ms)
[ok]: ZDIFF algorithm 1 - listpack (1 ms)
[ok]: ZDIFF algorithm 2 - listpack (1 ms)
[ok]: Set encoding after DEBUG RELOAD (87 ms)
[ok]: SREM basics - regular set (1 ms)
[ok]: SREM basics - intset (0 ms)
[ok]: SREM with multiple arguments (0 ms)
[ok]: SREM variadic version with more args needed to destroy the key (0 ms)
[ok]: SINTERCARD with illegal arguments (1 ms)
[ok]: SINTERCARD against non-set should throw error (0 ms)
[ok]: SINTERCARD against non-existing key (0 ms)
[ok]: Regression for a crash with blocking ops and pipelining (1 ms)
[ok]: Generated sets must be encoded as hashtable (1 ms)
[ok]: SINTER with two sets - hashtable (0 ms)
[ok]: SINTERCARD with two sets - hashtable (0 ms)
[ok]: SINTERSTORE with two sets - hashtable (0 ms)
[ok]: SINTERSTORE with two sets, after a DEBUG RELOAD - hashtable (1 ms)
[ok]: XGROUP CREATE: creation and duplicate group name detection (1 ms)
[ok]: XGROUP CREATE: automatic stream creation fails without MKSTREAM (0 ms)
[ok]: XADD with MAXLEN option (98 ms)
[ok]: XGROUP CREATE: automatic stream creation works with MKSTREAM (1 ms)
[ok]: XREADGROUP will return only new elements (0 ms)
[ok]: SUNION with two sets - hashtable (3 ms)
[ok]: XREADGROUP can read the history of the elements we own (1 ms)
[ok]: XPENDING is able to return pending items (1 ms)
[ok]: XPENDING can return single consumer items (0 ms)
[ok]: XPENDING only group (0 ms)
[ok]: SUNIONSTORE with two sets - hashtable (3 ms)
[ok]: SINTER against three sets - hashtable (0 ms)
[ok]: SINTERCARD against three sets - hashtable (0 ms)
[ok]: SINTERSTORE with three sets - hashtable (0 ms)
[ok]: SUNION with non existing keys - hashtable (3 ms)
[ok]: SDIFF with two sets - hashtable (0 ms)
[ok]: SDIFF with three sets - hashtable (1 ms)
[ok]: SDIFFSTORE with three sets - hashtable (0 ms)
[ok]: SINTER/SUNION/SDIFF with three same sets - hashtable (2 ms)
[ok]: Check compression with recompress (92 ms)
[ok]: Old Ziplist: SORT BY key (0 ms)
[ok]: Old Ziplist: SORT BY key with limit (1 ms)
[ok]: Old Ziplist: SORT BY hash field (0 ms)
[ok]: SCAN TYPE (74 ms)
[ok]: HRANDFIELD with <count> - hashtable (148 ms)
[ok]: SSCAN with encoding intset (1 ms)
[ok]: XPENDING with IDLE (21 ms)
[ok]: XPENDING with exclusive range intervals works as expected (0 ms)
[ok]: SSCAN with encoding hashtable (3 ms)
[ok]: XACK is able to remove items from the consumer/group PEL (1 ms)
[ok]: HSCAN with encoding listpack (1 ms)
[ok]: XACK can't remove the same item multiple times (0 ms)
[ok]: XACK is able to accept multiple arguments (0 ms)
[ok]: Generated sets must be encoded as intset (0 ms)
[ok]: XACK should fail if got at least one invalid ID (2 ms)
[ok]: SINTER with two sets - intset (0 ms)
[ok]: PEL NACK reassignment after XGROUP SETID event (1 ms)
[ok]: SINTERCARD with two sets - intset (0 ms)
[ok]: SINTERSTORE with two sets - intset (0 ms)
[ok]: XREADGROUP will not report data on empty history. Bug #5577 (1 ms)
[ok]: XREADGROUP history reporting of deleted entries. Bug #5570 (2 ms)
[ok]: SINTERSTORE with two sets, after a DEBUG RELOAD - intset (1 ms)
[ok]: SUNION with two sets - intset (3 ms)
[ok]: SUNIONSTORE with two sets - intset (4 ms)
[ok]: SINTER against three sets - intset (0 ms)
[ok]: SINTERCARD against three sets - intset (0 ms)
[ok]: SINTERSTORE with three sets - intset (0 ms)
[ok]: SUNION with non existing keys - intset (4 ms)
[ok]: SDIFF with two sets - intset (0 ms)
[ok]: SDIFF with three sets - intset (0 ms)
[ok]: SDIFFSTORE with three sets - intset (0 ms)
[ok]: SINTER/SUNION/SDIFF with three same sets - intset (2 ms)
[ok]: SDIFF with first set empty (0 ms)
[ok]: SDIFF with same set two times (0 ms)
[ok]: Test LSET with packed / plain combinations (144 ms)
[ok]: XADD with MAXLEN option and the '=' argument (56 ms)
[ok]: Test LSET with packed is split in the middle (1 ms)
[4/84 done]: unit/info (1 seconds)
Testing unit/expire
[5/84 done]: unit/protocol (1 seconds)
Testing unit/other
[ok]: Blocking XREADGROUP will not reply with an empty array (56 ms)
[ok]: Blocking XREADGROUP: key deleted (2 ms)
[ok]: Blocking XREADGROUP: key type changed with SET (2 ms)
[ok]: Blocking XREADGROUP: key type changed with transaction (3 ms)
[ok]: Blocking XREADGROUP: flushed DB (2 ms)
[ok]: AUTH fails when binary password is wrong (1 ms)
[ok]: AUTH succeeds when binary password is correct (1 ms)
[ok]: Blocking XREADGROUP: swapped DB, key doesn't exist (3 ms)
[ok]: Blocking XREADGROUP: swapped DB, key is not a stream (3 ms)
[ok]: Blocking XREAD: key deleted (2 ms)
[ok]: Blocking XREAD: key type changed with SET (2 ms)
[ok]: HSCAN with encoding hashtable (85 ms)
[ok]: ZSCAN with encoding listpack (2 ms)
[ok]: XADD with MAXLEN option and the '~' argument (92 ms)
[ok]: XADD with NOMKSTREAM option (2 ms)
[ok]: HRANDFIELD with <count> - listpack (163 ms)
[ok]: EXPIRE - set timeouts multiple times (2 ms)
[ok]: EXPIRE - It should be still possible to read 'x' (0 ms)
[ok]: Blocking XREADGROUP for stream that ran dry (issue #5299) (83 ms)
[ok]: ZSCAN with encoding skiplist (77 ms)
[ok]: Blocking XREADGROUP will ignore BLOCK if ID is not > (7 ms)
[ok]: SAVE - make sure there are all the types as values (3 ms)
[ok]: XGROUP DESTROY should unblock XREADGROUP with -NOGROUP (5 ms)
[ok]: RENAME can unblock XREADGROUP with data (3 ms)
[ok]: RENAME can unblock XREADGROUP with -NOGROUP (2 ms)
[ok]: SCAN guarantees check under write load (36 ms)
[ok]: SSCAN with integer encoded object (issue #1345) (2 ms)
[ok]: SSCAN with PATTERN (1 ms)
[ok]: HSCAN with PATTERN (0 ms)
[ok]: ZSCAN with PATTERN (0 ms)
[ok]: XADD with MINID option (88 ms)
[ok]: XTRIM with MINID option (0 ms)
[ok]: XTRIM with MINID option, big delta from master record (0 ms)
[ok]: Test LSET with packed consist only one item (187 ms)
[ok]: Crash due to wrongly recompress after lrem (228 ms)
[ok]: Crash due to delete entry from a compress quicklist node (1 ms)
[ok]: Crash due to split quicklist node wrongly (1 ms)
[ok]: LINSERT correctly recompress full quicklistNode after inserting a element before it (44 ms)
[ok]: LPOS basic usage (1 ms)
[ok]: LPOS RANK (positive, negative and zero rank) option (2 ms)
[ok]: LPOS COUNT option (2 ms)
[ok]: LPOS COUNT + RANK option (1 ms)
[ok]: LPOS non existing key (0 ms)
[ok]: LPOS no match (0 ms)
[ok]: LPOS MAXLEN (0 ms)
[ok]: LPOS when RANK is greater than matches (0 ms)
[ok]: LPUSH, RPUSH, LLENGTH, LINDEX, LPOP - ziplist (2 ms)
[ok]: ZSCAN scores: regression test for issue #2175 (95 ms)
[ok]: LPUSH, RPUSH, LLENGTH, LINDEX, LPOP - regular list (3 ms)
[ok]: LPOP/RPOP with wrong number of arguments (0 ms)
[ok]: RPOP/LPOP with the optional count argument (1 ms)
[ok]: LPOP/RPOP with the count 0 returns an empty array in RESP3 (0 ms)
[ok]: LPOP/RPOP against non existing key in RESP3 (1 ms)
[ok]: LINSERT correctly recompress full quicklistNode after inserting a element after it (45 ms)
[ok]: LPOP/RPOP with <count> against non existing key in RESP3 (2 ms)
[ok]: LPOP/RPOP with the count 0 returns an empty array in RESP2 (1 ms)
[ok]: LPOP/RPOP against non existing key in RESP2 (1 ms)
[ok]: LPOP/RPOP with <count> against non existing key in RESP2 (1 ms)
[ok]: Variadic RPUSH/LPUSH (1 ms)
[ok]: DEL a list (1 ms)
[ok]: BLPOP: single existing list - linkedlist (3 ms)
[ok]: BLPOP: multiple existing lists - linkedlist (4 ms)
[ok]: BLPOP: second list has an entry - linkedlist (2 ms)
[ok]: BLMPOP_LEFT: single existing list - linkedlist (3 ms)
[ok]: BLMPOP_LEFT: multiple existing lists - linkedlist (4 ms)
[ok]: BLMPOP_LEFT: second list has an entry - linkedlist (2 ms)
[ok]: BRPOPLPUSH - linkedlist (2 ms)
[ok]: BLMOVE left left - linkedlist (2 ms)
[ok]: BLMOVE left right - linkedlist (2 ms)
[ok]: BLMOVE right left - linkedlist (3 ms)
[ok]: BLMOVE right right - linkedlist (3 ms)
[ok]: BLPOP: single existing list - ziplist (3 ms)
[ok]: BLPOP: multiple existing lists - ziplist (4 ms)
[ok]: BLPOP: second list has an entry - ziplist (3 ms)
[ok]: BLMPOP_LEFT: single existing list - ziplist (5 ms)
[ok]: BLMPOP_LEFT: multiple existing lists - ziplist (4 ms)
[ok]: BLMPOP_LEFT: second list has an entry - ziplist (2 ms)
[ok]: BRPOPLPUSH - ziplist (3 ms)
[ok]: BLMOVE left left - ziplist (3 ms)
[ok]: BLMOVE left right - ziplist (2 ms)
[ok]: BLMOVE right left - ziplist (3 ms)
[ok]: BLMOVE right right - ziplist (2 ms)
[ok]: HSET/HLEN - Big hash creation (237 ms)
[ok]: Is the big hash encoded with an hash table? (1 ms)
[ok]: HGET against the small hash (1 ms)
[ok]: Old Linked list: SORT BY key (7 ms)
[ok]: Old Linked list: SORT BY key with limit (2 ms)
[ok]: Old Linked list: SORT BY hash field (8 ms)
[ok]: BLPOP, LPUSH + DEL should not awake blocked client (104 ms)
[ok]: HGET against the big hash (130 ms)
[ok]: HGET against non existing key (1 ms)
[ok]: HSET in update and insert mode (1 ms)
[ok]: HSETNX target key missing - small hash (0 ms)
[ok]: HSETNX target key exists - small hash (1 ms)
[ok]: HSETNX target key missing - big hash (0 ms)
[ok]: HSETNX target key exists - big hash (1 ms)
[ok]: HSET/HMSET wrong number of args (1 ms)
[ok]: HMSET - small hash (0 ms)
[ok]: FUZZ stresser with data model binary (404 ms)
[ok]: HMSET - big hash (47 ms)
[ok]: BLPOP, LPUSH + DEL + SET should not awake blocked client (102 ms)
[ok]: HMGET against non existing key and fields (1 ms)
[ok]: HMGET against wrong type (0 ms)
[ok]: HMGET - small hash (0 ms)
[ok]: HMGET - big hash (46 ms)
[ok]: HKEYS - small hash (3 ms)
[ok]: HKEYS - big hash (4 ms)
[ok]: HVALS - small hash (1 ms)
[ok]: HVALS - big hash (3 ms)
[ok]: HGETALL - small hash (0 ms)
[ok]: HGETALL - big hash (22 ms)
[ok]: HDEL and return value (4 ms)
[ok]: HDEL - more than a single value (2 ms)
[ok]: HDEL - hash becomes empty before deleting all specified fields (0 ms)
[ok]: HEXISTS (1 ms)
[ok]: Is a ziplist encoded Hash promoted on big payload? (1 ms)
[ok]: HINCRBY against non existing database key (1 ms)
[ok]: HINCRBY against non existing hash key (1 ms)
[ok]: HINCRBY against hash key created by hincrby itself (1 ms)
[ok]: HINCRBY against hash key originally set with HSET (1 ms)
[ok]: HINCRBY over 32bit value (1 ms)
[ok]: BLMPOP_LEFT, LPUSH + DEL should not awake blocked client (103 ms)
[ok]: HINCRBY over 32bit value with over 32bit increment (1 ms)
[ok]: HINCRBY fails against hash value with spaces (left) (2 ms)
[ok]: HINCRBY fails against hash value with spaces (right) (1 ms)
[ok]: HINCRBY can detect overflows (1 ms)
[ok]: HINCRBYFLOAT against non existing database key (1 ms)
[ok]: HINCRBYFLOAT against non existing hash key (1 ms)
[ok]: HINCRBYFLOAT against hash key created by hincrby itself (1 ms)
[ok]: HINCRBYFLOAT against hash key originally set with HSET (1 ms)
[ok]: HINCRBYFLOAT over 32bit value (1 ms)
[ok]: HINCRBYFLOAT over 32bit value with over 32bit increment (1 ms)
[ok]: HINCRBYFLOAT fails against hash value with spaces (left) (1 ms)
[ok]: HINCRBYFLOAT fails against hash value with spaces (right) (1 ms)
[ok]: HINCRBYFLOAT fails against hash value that contains a null-terminator in the middle (0 ms)
[ok]: HSTRLEN against the small hash (1 ms)
[ok]: HSTRLEN against the big hash (59 ms)
[ok]: HSTRLEN against non existing field (0 ms)
[ok]: HSTRLEN corner cases (2 ms)
[ok]: HINCRBYFLOAT over hash-max-listpack-value encoded with a listpack (1 ms)
[ok]: Hash ziplist regression test for large keys (0 ms)
[ok]: Hash fuzzing #1 - 10 fields (23 ms)
[ok]: XCLAIM can claim PEL items from another consumer (605 ms)
[ok]: BLMPOP_LEFT, LPUSH + DEL + SET should not awake blocked client (104 ms)
[ok]: BLPOP with same key multiple times should work (issue #801) (3 ms)
[ok]: Hash fuzzing #2 - 10 fields (18 ms)
[ok]: DEL against expired key (1101 ms)
[ok]: EXISTS (1 ms)
[ok]: Zero length value in key. SET/GET/EXISTS (1 ms)
[ok]: Commands pipelining (0 ms)
[ok]: Non existing command (0 ms)
[ok]: RENAME basic usage (1 ms)
[ok]: RENAME source key should no longer exist (0 ms)
[ok]: RENAME against already existing key (1 ms)
[ok]: RENAMENX basic usage (1 ms)
[ok]: RENAMENX against already existing key (1 ms)
[ok]: RENAMENX against already existing key (2) (0 ms)
[ok]: RENAME against non existing source key (1 ms)
[ok]: RENAME where source and dest key are the same (existing) (0 ms)
[ok]: RENAMENX where source and dest key are the same (existing) (1 ms)
[ok]: RENAME where source and dest key are the same (non existing) (1 ms)
[ok]: RENAME with volatile key, should move the TTL as well (1 ms)
[ok]: RENAME with volatile key, should not inherit TTL of target key (3 ms)
[ok]: DEL all keys again (DB 0) (0 ms)
[ok]: DEL all keys again (DB 1) (1 ms)
[ok]: COPY basic usage for string (2 ms)
[ok]: COPY for string does not replace an existing key without REPLACE option (0 ms)
[ok]: COPY for string can replace an existing key with REPLACE option (1 ms)
[ok]: COPY for string ensures that copied data is independent of copying data (2 ms)
[ok]: COPY for string does not copy data to no-integer DB (0 ms)
[ok]: COPY can copy key expire metadata as well (2 ms)
[ok]: COPY does not create an expire if it does not exist (2 ms)
[ok]: COPY basic usage for list (3 ms)
[ok]: COPY basic usage for intset set (3 ms)
[ok]: COPY basic usage for hashtable set (1 ms)
[ok]: COPY basic usage for listpack sorted set (3 ms)
[ok]: MULTI/EXEC is isolated from the point of view of BLPOP (102 ms)
[ok]: BLPOP with variadic LPUSH (1 ms)
[ok]: COPY basic usage for skiplist sorted set (29 ms)
[ok]: COPY basic usage for listpack hash (2 ms)
[ok]: COPY basic usage for hashtable hash (22 ms)
[ok]: MULTI/EXEC is isolated from the point of view of BLMPOP_LEFT (103 ms)
[ok]: BLMPOP_LEFT with variadic LPUSH (2 ms)
[ok]: BRPOPLPUSH with zero timeout should block indefinitely (2 ms)
[ok]: BLMOVE left left with zero timeout should block indefinitely (2 ms)
[ok]: BLMOVE left right with zero timeout should block indefinitely (1 ms)
[ok]: BLMOVE right left with zero timeout should block indefinitely (2 ms)
[ok]: BLMOVE right right with zero timeout should block indefinitely (2 ms)
[ok]: BLMOVE (left, left) with a client BLPOPing the target list (2 ms)
[ok]: BLMOVE (left, right) with a client BLPOPing the target list (3 ms)
[ok]: BLMOVE (right, left) with a client BLPOPing the target list (2 ms)
[ok]: BLMOVE (right, right) with a client BLPOPing the target list (3 ms)
[ok]: BRPOPLPUSH with wrong source type (1 ms)
[ok]: BRPOPLPUSH with wrong destination type (4 ms)
[ok]: BRPOPLPUSH maintains order of elements after failure (2 ms)
[ok]: BRPOPLPUSH with multiple blocked clients (1 ms)
[ok]: BLMPOP with multiple blocked clients (4 ms)
[ok]: Linked LMOVEs (3 ms)
[ok]: Circular BRPOPLPUSH (3 ms)
[ok]: Self-referential BRPOPLPUSH (1 ms)
[ok]: BRPOPLPUSH inside a transaction (1 ms)
[ok]: PUSH resulting from BRPOPLPUSH affect WATCH (3 ms)
[ok]: BRPOPLPUSH does not affect WATCH while still blocked (2 ms)
[ok]: FUZZ stresser with data model alpha (500 ms)
[ok]: MASTERAUTH test with binary password (911 ms)
[ok]: COPY basic usage for stream (200 ms)
[ok]: COPY basic usage for stream-cgroups (9 ms)
[ok]: MOVE basic usage (2 ms)
[ok]: MOVE against key existing in the target DB (0 ms)
[ok]: MOVE against non-integer DB (#1428) (0 ms)
[ok]: MOVE can move key expire metadata as well (2 ms)
[ok]: MOVE does not create an expire if it does not exist (2 ms)
[ok]: SET/GET keys in different DBs (2 ms)
[ok]: RANDOMKEY (17 ms)
[ok]: RANDOMKEY against empty DB (0 ms)
[ok]: RANDOMKEY regression 1 (1 ms)
[ok]: KEYS * two times with long key, Github issue #1208 (0 ms)
[ok]: Regression for pattern matching long nested loops (1 ms)
[ok]: XCLAIM without JUSTID increments delivery count (403 ms)
[6/84 done]: unit/keyspace (2 seconds)
Testing unit/multi
[7/84 done]: unit/auth (2 seconds)
Testing unit/quit
[ok]: MULTI / EXEC basics (1 ms)
[ok]: DISCARD (2 ms)
[ok]: Nested MULTI are not allowed (0 ms)
[ok]: MULTI where commands alter argc/argv (1 ms)
[ok]: WATCH inside MULTI is not allowed (1 ms)
[ok]: EXEC fails if there are errors while queueing commands #1 (1 ms)
[ok]: EXEC fails if there are errors while queueing commands #2 (2 ms)
[ok]: If EXEC aborts, the client MULTI state is cleared (1 ms)
[ok]: EXEC works on WATCHed key not modified (1 ms)
[ok]: EXEC fail on WATCHed key modified (1 key of 1 watched) (1 ms)
[ok]: EXEC fail on WATCHed key modified (1 key of 5 watched) (1 ms)
[ok]: EXEC fail on WATCHed key modified by SORT with STORE even if the result is empty (1 ms)
[ok]: XCLAIM same consumer (202 ms)
[ok]: QUIT returns OK (1 ms)
[ok]: Pipelined commands after QUIT must not be executed (1 ms)
[ok]: Pipelined commands after QUIT that exceed read buffer size (1 ms)
[ok]: XADD mass insertion and XLEN (1225 ms)
[ok]: XADD with ID 0-0 (2 ms)
[ok]: XADD with LIMIT delete entries no more than limit (2 ms)
[ok]: XRANGE COUNT works as expected (0 ms)
[ok]: XREVRANGE COUNT works as expected (1 ms)
[8/84 done]: unit/quit (0 seconds)
Testing unit/aofrw
[ok]: EXEC fail on lazy expired WATCHed key (104 ms)
[ok]: WATCH stale keys should not fail EXEC (3 ms)
[ok]: Delete WATCHed stale keys should not fail EXEC (3 ms)
[ok]: FLUSHDB while watching stale keys should not fail EXEC (4 ms)
[ok]: After successful EXEC key is no longer watched (1 ms)
[ok]: After failed EXEC key is no longer watched (2 ms)
[ok]: It is possible to UNWATCH (1 ms)
[ok]: UNWATCH when there is nothing watched works as expected (0 ms)
[ok]: FLUSHALL is able to touch the watched keys (2 ms)
[ok]: FLUSHALL does not touch non affected keys (1 ms)
[ok]: FLUSHDB is able to touch the watched keys (0 ms)
[ok]: FLUSHDB does not touch non affected keys (1 ms)
[ok]: SWAPDB is able to touch the watched keys that exist (2 ms)
[ok]: SWAPDB is able to touch the watched keys that do not exist (2 ms)
[ok]: SWAPDB does not touch watched stale keys (5 ms)
[ok]: SWAPDB does not touch non-existing key replaced with stale key (4 ms)
[ok]: SWAPDB does not touch stale key replaced with another stale key (6 ms)
[ok]: WATCH is able to remember the DB a key belongs to (2 ms)
[ok]: WATCH will consider touched keys target of EXPIRE (2 ms)
[ok]: FUZZ stresser with data model compr (474 ms)
[ok]: Very big payload random access (1759 ms)
[ok]: FLUSHALL should not reset the dirty counter if we disable save (1 ms)
[ok]: FLUSHALL should reset the dirty counter to 0 if we enable save (2 ms)
[ok]: Hash fuzzing #1 - 512 fields (925 ms)
[ok]: XRANGE can be used to iterate the whole stream (329 ms)
[ok]: BGSAVE (113 ms)
[ok]: SELECT an out of range DB (2 ms)
[ok]: XAUTOCLAIM can claim PEL items from another consumer (605 ms)
[ok]: BRPOPLPUSH timeout (1014 ms)
[ok]: SWAPDB awakes blocked client (1 ms)
[ok]: XAUTOCLAIM as an iterator (209 ms)
[ok]: XAUTOCLAIM COUNT must be > 0 (0 ms)
[ok]: XCLAIM with XDEL (2 ms)
[ok]: SWAPDB wants to wake blocked client, but the key already expired (148 ms)
[ok]: XCLAIM with trimming (7 ms)
[ok]: XAUTOCLAIM with XDEL (2 ms)
[ok]: XAUTOCLAIM with XDEL and count (6 ms)
[ok]: XAUTOCLAIM with out of range count (0 ms)
[ok]: XCLAIM with trimming (2 ms)
[ok]: XINFO FULL output (3 ms)
[ok]: XGROUP CREATECONSUMER: create consumer if does not exist (6 ms)
[ok]: XGROUP CREATECONSUMER: group must exist (0 ms)
[ok]: EXPIRE - After 2.1 seconds the key should no longer be here (2101 ms)
[ok]: EXPIRE - write on expire should work (2 ms)
[ok]: EXPIREAT - Check for EXPIRE alike behavior (2 ms)
[ok]: SETEX - Set + Expire combo operation. Check for TTL (1 ms)
[ok]: SETEX - Check value (0 ms)
[ok]: SETEX - Overwrite old key (1 ms)
[ok]: XREADGROUP with NOACK creates consumer (13 ms)
[ok]: Consumer without PEL is present in AOF after AOFRW (107 ms)
[ok]: MULTI + LPUSH + EXPIRE + DEBUG SLEEP on blocked client, key already expired (293 ms)
[ok]: BLPOP when new key is moved into place (2 ms)
[ok]: BLPOP when result key is created by SORT..STORE (1 ms)
[ok]: BLMPOP_LEFT when new key is moved into place (1 ms)
[ok]: BLMPOP_LEFT when result key is created by SORT..STORE (19 ms)
[ok]: BLPOP: with single empty list argument (2 ms)
[ok]: BLPOP: with negative timeout (1 ms)
[ok]: BLPOP: with non-integer timeout (11 ms)
[ok]: Consumer group read counter and lag in empty streams (2 ms)
[ok]: Consumer group read counter and lag sanity (12 ms)
[ok]: Consumer group lag with XDELs (19 ms)
[ok]: Loading from legacy (Redis <= v6.2.x, rdb_ver < 10) persistence (1 ms)
[ok]: Old Big Linked list: SORT BY key (578 ms)
[ok]: Old Big Linked list: SORT BY key with limit (5 ms)
[ok]: WATCH will consider touched expired keys (1107 ms)
[ok]: DISCARD should clear the WATCH dirty flag on the client (1 ms)
[ok]: DISCARD should UNWATCH all the keys (1 ms)
[ok]: MULTI / EXEC is not propagated (single write command) (35 ms)
[ok]: MULTI / EXEC is propagated correctly (multiple commands) (103 ms)
[ok]: MULTI / EXEC is propagated correctly (multiple commands with SELECT) (105 ms)
[ok]: MULTI / EXEC is propagated correctly (empty transaction) (101 ms)
[ok]: Hash fuzzing #2 - 512 fields (1324 ms)
[ok]: MULTI / EXEC is propagated correctly (read-only commands) (99 ms)
[ok]: Old Big Linked list: SORT BY hash field (469 ms)
[ok]: Intset: SORT BY key (0 ms)
[ok]: Intset: SORT BY key with limit (0 ms)
[ok]: Intset: SORT BY hash field (0 ms)
[ok]: MULTI / EXEC is propagated correctly (write command, no effect) (102 ms)
[ok]: Check consistency of different data types after a reload (1343 ms)
[ok]: MULTI / EXEC with REPLICAOF (105 ms)
[ok]: DISCARD should not fail during OOM (1 ms)
[ok]: SETEX - Wait for the key to expire (1101 ms)
[ok]: SETEX - Wrong time parameter (1 ms)
[ok]: PERSIST can undo an EXPIRE (0 ms)
[ok]: PERSIST returns 0 against non existing or non volatile keys (0 ms)
[ok]: Same dataset digest if saving/reloading as AOF? (282 ms)
[ok]: BLPOP: with zero timeout should block indefinitely (1003 ms)
[ok]: BLPOP: with 0.001 timeout should not block indefinitely (22 ms)
[ok]: BLPOP: second argument is not a list (10 ms)
[ok]: EXPIRES after a reload (snapshot + append only file rewrite) (106 ms)
[ok]: Consumer group last ID propagation to slave (NOACK=0) (910 ms)
[ok]: XREVRANGE returns the reverse of XRANGE (1932 ms)
[ok]: MULTI and script timeout (417 ms)
[ok]: XRANGE exclusive ranges (6 ms)
[ok]: Hash table: SORT BY key (11 ms)
[ok]: XREAD with non empty stream (0 ms)
[ok]: Non blocking XREAD with empty streams (0 ms)
[ok]: Hash table: SORT BY key with limit (2 ms)
[ok]: Hash table: SORT BY hash field (3 ms)
[ok]: EXEC and script timeout (406 ms)
[ok]: MULTI-EXEC body and script timeout (403 ms)
[ok]: BLPOP: timeout (1032 ms)
[ok]: BLPOP: arguments are empty (5 ms)
[ok]: BRPOP: with single empty list argument (2 ms)
[ok]: BRPOP: with negative timeout (0 ms)
[ok]: BRPOP: with non-integer timeout (9 ms)
[ok]: Consumer group last ID propagation to slave (NOACK=1) (1023 ms)
[ok]: just EXEC and script timeout (407 ms)
[ok]: exec with write commands and state change (1 ms)
[ok]: exec with read commands and stale replica state change (5 ms)
[ok]: EXEC with only read commands should not be rejected when OOM (1 ms)
[ok]: EXEC with at least one use-memory command should fail (8 ms)
[ok]: Blocking commands ignores the timeout (1 ms)
[ok]: Replication tests of XCLAIM with deleted entries (autclaim=0) (116 ms)
[ok]: Replication tests of XCLAIM with deleted entries (autclaim=1) (5 ms)
[ok]: MULTI propagation of PUBLISH (86 ms)
[ok]: MULTI propagation of SCRIPT LOAD (103 ms)
[ok]: SDIFF fuzzing (5197 ms)
[ok]: SDIFF against non-set should throw error (2 ms)
[ok]: SDIFF should handle non existing key as empty (1 ms)
[ok]: SDIFFSTORE against non-set should throw error (8 ms)
[ok]: MULTI propagation of EVAL (98 ms)
[ok]: SDIFFSTORE should handle non existing key as empty (4 ms)
[ok]: SINTER against non-set should throw error (12 ms)
[ok]: SINTER should handle non existing key as empty (0 ms)
[ok]: SINTER with same integer elements but different encoding (3 ms)
[ok]: SINTERSTORE against non-set should throw error (4 ms)
[ok]: SINTERSTORE against non existing keys should delete dstkey (2 ms)
[ok]: SUNION against non-set should throw error (10 ms)
[ok]: SUNION should handle non existing key as empty (1 ms)
[ok]: SUNIONSTORE against non-set should throw error (6 ms)
[ok]: SUNIONSTORE should handle non existing key as empty (20 ms)
[ok]: SUNIONSTORE against non existing keys should delete dstkey (5 ms)
[ok]: SPOP basics - hashtable (2 ms)
[ok]: SPOP with <count>=1 - hashtable (2 ms)
[ok]: MULTI propagation of SCRIPT FLUSH (102 ms)
[ok]: Empty stream with no lastid can be rewrite into AOF correctly (113 ms)
[ok]: SRANDMEMBER - hashtable (38 ms)
[ok]: SPOP basics - intset (3 ms)
[ok]: SPOP with <count>=1 - intset (2 ms)
[ok]: SET 10000 numeric keys and access all them in reverse order (3789 ms)
[ok]: DBSIZE should be 10000 now (0 ms)
[ok]: SETNX target key missing (9 ms)
[ok]: SETNX target key exists (0 ms)
[ok]: SETNX against not-expired volatile key (1 ms)
[ok]: EXPIRE precision is now the millisecond (2008 ms)
[ok]: SRANDMEMBER - intset (51 ms)
[ok]: SPOP with <count> (9 ms)
[ok]: SPOP with <count> (5 ms)
[ok]: SPOP using integers, testing Knuth's and Floyd's algorithm (23 ms)
[ok]: SPOP using integers with Knuth's algorithm (0 ms)
[ok]: MULTI propagation of XREADGROUP (107 ms)
[ok]: MULTI with SAVE (0 ms)
[ok]: SPOP new implementation: code path #1 (12 ms)
[ok]: MULTI with SHUTDOWN (1 ms)
[ok]: SPOP new implementation: code path #2 (6 ms)
[ok]: SPOP new implementation: code path #3 (8 ms)
[ok]: SRANDMEMBER count of 0 is handled correctly (4 ms)
[ok]: SRANDMEMBER with <count> against non existing key (0 ms)
[ok]: SRANDMEMBER count overflow (1 ms)
[ok]: SRANDMEMBER count of 0 is handled correctly - emptyarray (0 ms)
[ok]: SRANDMEMBER with <count> against non existing key - emptyarray (1 ms)
[ok]: PSETEX can set sub-second expires (111 ms)
[9/84 done]: unit/type/stream-cgroups (6 seconds)
Testing unit/acl
[ok]: SRANDMEMBER with <count> - hashtable (69 ms)
[ok]: SRANDMEMBER with <count> - intset (46 ms)
[ok]: PEXPIRE can set sub-second expires (102 ms)
[ok]: BRPOP: with zero timeout should block indefinitely (1002 ms)
[ok]: MULTI with BGREWRITEAOF (203 ms)
[ok]: BRPOP: with 0.001 timeout should not block indefinitely (25 ms)
[ok]: BRPOP: second argument is not a list (2 ms)
[ok]: Connections start with the default user (3 ms)
[ok]: It is possible to create new users (2 ms)
[ok]: Usernames can not contain spaces or null characters (1 ms)
[ok]: New users start disabled (0 ms)
[ok]: Enabling the user allows the login (1 ms)
[ok]: Only the set of correct passwords work (2 ms)
[ok]: It is possible to remove passwords from the set of valid ones (0 ms)
[ok]: Test password hashes can be added (0 ms)
[ok]: Test password hashes validate input (5 ms)
[ok]: ACL GETUSER returns the password hash instead of the actual password (1 ms)
[ok]: Test hashed passwords removal (1 ms)
[ok]: By default users are not able to access any command (0 ms)
[ok]: By default users are not able to access any key (1 ms)
[ok]: It's possible to allow the access of a subset of keys (1 ms)
[ok]: By default, only default user is able to publish to any channel (4 ms)
[ok]: By default, only default user is not able to publish to any shard channel (2 ms)
[ok]: By default, only default user is able to subscribe to any channel (2 ms)
[ok]: By default, only default user is able to subscribe to any shard channel (2 ms)
[ok]: By default, only default user is able to subscribe to any pattern (6 ms)
[ok]: It's possible to allow publishing to a subset of channels (1 ms)
[ok]: It's possible to allow publishing to a subset of shard channels (0 ms)
[ok]: Validate subset of channels is prefixed with resetchannels flag (1 ms)
[ok]: In transaction queue publish/subscribe/psubscribe to unauthorized channel will fail (1 ms)
[ok]: It's possible to allow subscribing to a subset of channels (2 ms)
[ok]: It's possible to allow subscribing to a subset of shard channels (2 ms)
[ok]: It's possible to allow subscribing to a subset of channel patterns (2 ms)
[ok]: Subscribers are killed when revoked of channel permission (2 ms)
[ok]: Subscribers are killed when revoked of channel permission (5 ms)
[ok]: EXPIRES after AOF reload (without rewrite) (2110 ms)
[ok]: Subscribers are killed when revoked of pattern permission (2 ms)
[ok]: Subscribers are killed when revoked of allchannels permission (14 ms)
[ok]: Subscribers are pardoned if literal permissions are retained and/or gaining allchannels (4 ms)
[ok]: Users can be configured to authenticate with any password (4 ms)
[ok]: ACLs can exclude single commands (1 ms)
[ok]: ACLs can include or exclude whole classes of commands (1 ms)
[ok]: ACLs can include single subcommands (2 ms)
[ok]: ACLs can exclude single subcommands, case 1 (11 ms)
[ok]: ACLs can exclude single subcommands, case 2 (2 ms)
[ok]: ACLs cannot include a subcommand with a specific arg (0 ms)
[ok]: ACLs cannot exclude or include a container commands with a specific arg (1 ms)
[ok]: ACLs cannot exclude or include a container command with two args (0 ms)
[ok]: ACLs including of a type includes also subcommands (2 ms)
[ok]: ACLs can block SELECT of all but a specific DB (4 ms)
[ok]: ACLs can block all DEBUG subcommands except one (2 ms)
[ok]: ACLs set can include subcommands, if already full command exists (15 ms)
[ok]: PEXPIREAT can set sub-second expires (202 ms)
[ok]: TTL returns time to live in seconds (1 ms)
[ok]: PTTL returns time to live in milliseconds (1 ms)
[ok]: TTL / PTTL / EXPIRETIME / PEXPIRETIME return -1 if key has no expire (1 ms)
[ok]: ACLs set can exclude subcommands, if already full command exists (14 ms)
[ok]: TTL / PTTL / EXPIRETIME / PEXPIRETIME return -2 if key does not exit (6 ms)
[ok]: ACL GETUSER is able to translate back command permissions (2 ms)
[ok]: EXPIRETIME returns absolute expiration time in seconds (2 ms)
[ok]: PEXPIRETIME returns absolute expiration time in milliseconds (1 ms)
[ok]: MULTI with config set appendonly (203 ms)
[ok]: MULTI with config error (0 ms)
[ok]: Flushall while watching several keys by one client (1 ms)
[ok]: SRANDMEMBER histogram distribution - hashtable (283 ms)
[ok]: ACL GETUSER provides reasonable results (93 ms)
[ok]: ACL CAT with illegal arguments (0 ms)
[ok]: ACL CAT without category - list all categories (1 ms)
[ok]: ACL CAT category - list all commands/subcommands that belong to category (3 ms)
[ok]: ACL requires explicit permission for scripting for EVAL_RO, EVALSHA_RO and FCALL_RO (2 ms)
[ok]: ACL #5998 regression: memory leaks adding / removing subcommands (4 ms)
[ok]: ACL LOG shows failed command executions at toplevel (3 ms)
[ok]: ACL LOG shows failed subcommand executions at toplevel (7 ms)
[ok]: ACL LOG is able to test similar events (2 ms)
[ok]: ACL LOG is able to log keys access violations and key name (1 ms)
[ok]: ACL LOG is able to log channel access violations and channel name (2 ms)
[ok]: ACL LOG RESET is able to flush the entries in the log (1 ms)
[ok]: ACL LOG can distinguish the transaction context (1) (7 ms)
[ok]: ACL LOG can distinguish the transaction context (2) (4 ms)
[ok]: ACL can log errors in the context of Lua scripting (2 ms)
[ok]: ACL LOG can accept a numerical argument to show less entries (8 ms)
[ok]: ACL LOG can log failed auth attempts (2 ms)
[ok]: ACL LOG entries are limited to a maximum amount (4 ms)
[ok]: When default user is off, new connections are not authenticated (2 ms)
[ok]: When default user has no command permission, hello command still works for other users (2 ms)
[ok]: ACL HELP should not have unexpected options (0 ms)
[ok]: Delete a user that the client doesn't use (5 ms)
[ok]: Delete a user that the client is using (0 ms)
[ok]: ACL GENPASS command failed test (2 ms)
[ok]: Default user can not be removed (0 ms)
[ok]: ACL load non-existing configured ACL file (0 ms)
[ok]: default: load from include file, can access any channels (1 ms)
[ok]: default: with config acl-pubsub-default allchannels after reset, can access any channels (1 ms)
[ok]: default: with config acl-pubsub-default resetchannels after reset, can not access any channels (1 ms)
[ok]: Alice: can execute all command (1 ms)
[ok]: Bob: just execute @set and acl command (0 ms)
[ok]: ACL load and save (2 ms)
[ok]: MULTI with FLUSHALL and AOF (5 ms)
[ok]: ACL load and save with restricted channels (2 ms)
[ok]: SRANDMEMBER histogram distribution - intset (309 ms)
[10/84 done]: unit/multi (5 seconds)
Testing unit/acl-v2
[ok]: Default user has access to all channels irrespective of flag (2 ms)
[ok]: Update acl-pubsub-default, existing users shouldn't get affected (3 ms)
[ok]: Single channel is valid (1 ms)
[ok]: Single channel is not valid with allchannels (0 ms)
[ok]: Stress test the hash ziplist -> hashtable encoding conversion (3179 ms)
[ok]: Hash ziplist of various encodings (99 ms)
[ok]: Test basic multiple selectors (2 ms)
[ok]: Hash ziplist of various encodings - sanitize dump (15 ms)
[ok]: Test ACL selectors by default have no permissions (1 ms)
[ok]: HINCRBYFLOAT does not allow NaN or Infinity (2 ms)
[ok]: Test deleting selectors (17 ms)
[ok]: Test selector syntax error reports the error in the selector context (1 ms)
[ok]: Test flexible selector definition (2 ms)
[ok]: Test separate read permission (1 ms)
[ok]: Test separate write permission (2 ms)
[ok]: Test separate read and write permissions (3 ms)
[ok]: Test separate read and write permissions on different selectors are not additive (14 ms)
[ok]: Test SET with separate read permission (2 ms)
[11/84 done]: unit/type/hash (7 seconds)
Testing unit/latency-monitor
[ok]: Test SET with separate write permission (3 ms)
[ok]: Test SET with read and write permissions (5 ms)
[ok]: Test BITFIELD with separate read permission (1 ms)
[ok]: Test BITFIELD with separate write permission (1 ms)
[ok]: Test BITFIELD with read and write permissions (2 ms)
[ok]: Test ACL log correctly identifies the relevant item when selectors are used (10 ms)
[ok]: Test ACL GETUSER response information (0 ms)
[ok]: Redis should actively expire keys incrementally (612 ms)
[ok]: Test ACL list idempotency (8 ms)
[ok]: Test R+W is the same as all permissions (1 ms)
[ok]: Test basic dry run functionality (1 ms)
[ok]: Test various commands for command permissions (0 ms)
[ok]: Test various odd commands for key permissions (4 ms)
[ok]: Existence test commands are not marked as access (1 ms)
[ok]: Intersection cardinaltiy commands are access commands (1 ms)
[ok]: Test general keyspace commands require some type of permission to execute (2 ms)
[ok]: Only default user has access to all channels irrespective of flag (1 ms)
[ok]: Cardinality commands require some type of permission to execute (10 ms)
[ok]: Test sharded channel permissions (1 ms)
[ok]: Test sort with ACL permissions (4 ms)
[ok]: Test DRYRUN with wrong number of arguments (5 ms)
[ok]: LATENCY HISTOGRAM with empty histogram (1 ms)
[ok]: LATENCY HISTOGRAM all commands (1 ms)
[ok]: LATENCY HISTOGRAM sub commands (1 ms)
[ok]: LATENCY HISTOGRAM with a subset of commands (0 ms)
[ok]: LATENCY HISTOGRAM command (1 ms)
[ok]: LATENCY HISTOGRAM with wrong command name skips the invalid one (2 ms)
[ok]: default: load from config file, without channel permission default user can't access any channels (1 ms)
[ok]: Test behavior of loading ACLs (2 ms)
[ok]: PIPELINING stresser (also a regression for the old epoll bug) (968 ms)
[ok]: APPEND basics (5 ms)
[ok]: APPEND basics, integer encoded values (1 ms)
[ok]: BRPOP: timeout (1063 ms)
[ok]: BRPOP: arguments are empty (1 ms)
[ok]: BLMPOP_LEFT: with single empty list argument (1 ms)
[ok]: BLMPOP_LEFT: with negative timeout (1 ms)
[ok]: BLMPOP_LEFT: with non-integer timeout (1 ms)
[12/84 done]: unit/acl-v2 (0 seconds)
Testing integration/block-repl
[ok]: default: load from config file with all channels permissions (1 ms)
[ok]: XREAD with non empty second stream (3234 ms)
[ok]: Blocking XREAD waiting new data (1 ms)
[ok]: Blocking XREAD waiting old data (0 ms)
[ok]: Blocking XREAD will not reply with an empty array (82 ms)
[ok]: Test loading an ACL file with duplicate users (6 ms)
[ok]: Test loading an ACL file with duplicate default user (5 ms)
[ok]: Test loading duplicate users in config on startup (5 ms)
[ok]: Blocking XREAD for stream that ran dry (issue #5299) (101 ms)
[ok]: XREAD: XADD + DEL should not awake client (2 ms)
[ok]: XREAD: XADD + DEL + LPUSH should not awake client (3 ms)
[ok]: XREAD with same stream name multiple times should work (1 ms)
[ok]: XREAD + multiple XADD inside transaction (6 ms)
[ok]: XDEL basic test (1 ms)
[ok]: APPEND fuzzing (488 ms)
[ok]: FLUSHDB (37 ms)
[ok]: Perform a final SAVE to leave a clean DB on disk (0 ms)
[ok]: RESET clears client state (1 ms)
[ok]: RESET clears MONITOR state (1 ms)
[ok]: RESET clears and discards MULTI state (3 ms)
[ok]: RESET clears Pub/Sub state (1 ms)
[ok]: RESET clears authenticated state (1 ms)
[ok]: Subcommand syntax error crash (issue #10070) (1 ms)
[ok]: ZDIFF fuzzing - listpack (7325 ms)
[ok]: ZPOPMIN with the count 0 returns an empty array (0 ms)
[ok]: ZPOPMIN with negative count (1 ms)
[ok]: ZPOPMAX with the count 0 returns an empty array (0 ms)
[ok]: ZPOPMAX with negative count (0 ms)
[ok]: Basic ZPOPMIN/ZPOPMAX with a single key - listpack (1 ms)
[ok]: ZPOPMIN/ZPOPMAX with count - listpack (1 ms)
[ok]: Basic ZMPOP_MIN/ZMPOP_MAX with a single key - listpack (1 ms)
[ok]: ZMPOP_MIN/ZMPOP_MAX with count - listpack (0 ms)
[ok]: BZPOPMIN/BZPOPMAX with a single existing sorted set - listpack (1 ms)
[ok]: BZPOPMIN/BZPOPMAX with multiple existing sorted sets - listpack (1 ms)
[ok]: BZPOPMIN/BZPOPMAX second sorted set has members - listpack (1 ms)
[ok]: BZMPOP_MIN/BZMPOP_MAX with a single existing sorted set - listpack (1 ms)
[ok]: BZMPOP_MIN/BZMPOP_MAX with multiple existing sorted sets - listpack (1 ms)
[ok]: BZMPOP_MIN/BZMPOP_MAX second sorted set has members - listpack (0 ms)
[ok]: Basic ZPOPMIN/ZPOPMAX - listpack RESP3 (1 ms)
[ok]: ZPOPMIN/ZPOPMAX with count - listpack RESP3 (1 ms)
[ok]: Basic ZMPOP_MIN/ZMPOP_MAX - listpack RESP3 (0 ms)
[ok]: ZMPOP_MIN/ZMPOP_MAX with count - listpack RESP3 (1 ms)
[ok]: BZPOPMIN/BZPOPMAX - listpack RESP3 (1 ms)
[ok]: BZMPOP_MIN/BZMPOP_MAX - listpack RESP3 (1 ms)
[ok]: Check encoding - skiplist (1 ms)
[ok]: ZSET basic ZADD and score update - skiplist (0 ms)
[ok]: ZSET element can't be set to NaN with ZADD - skiplist (0 ms)
[ok]: ZSET element can't be set to NaN with ZINCRBY - skiplist (0 ms)
[ok]: ZADD with options syntax error with incomplete pair - skiplist (0 ms)
[ok]: ZADD XX option without key - skiplist (0 ms)
[ok]: ZADD XX existing key - skiplist (0 ms)
[ok]: ZADD XX returns the number of elements actually added - skiplist (0 ms)
[ok]: ZADD XX updates existing elements score - skiplist (1 ms)
[ok]: ZADD GT updates existing elements when new scores are greater - skiplist (0 ms)
[ok]: ZADD LT updates existing elements when new scores are lower - skiplist (1 ms)
[ok]: ZADD GT XX updates existing elements when new scores are greater and skips new elements - skiplist (0 ms)
[ok]: ZADD LT XX updates existing elements when new scores are lower and skips new elements - skiplist (1 ms)
[ok]: ZADD XX and NX are not compatible - skiplist (0 ms)
[ok]: ZADD NX with non existing key - skiplist (0 ms)
[ok]: ZADD NX only add new elements without updating old ones - skiplist (1 ms)
[ok]: ZADD GT and NX are not compatible - skiplist (0 ms)
[ok]: ZADD LT and NX are not compatible - skiplist (0 ms)
[ok]: ZADD LT and GT are not compatible - skiplist (1 ms)
[ok]: ZADD INCR LT/GT replies with nill if score not updated - skiplist (0 ms)
[ok]: ZADD INCR LT/GT with inf - skiplist (1 ms)
[ok]: ZADD INCR works like ZINCRBY - skiplist (0 ms)
[ok]: ZADD INCR works with a single score-elemenet pair - skiplist (0 ms)
[ok]: ZADD CH option changes return value to all changed elements - skiplist (1 ms)
[ok]: ZINCRBY calls leading to NaN result in error - skiplist (0 ms)
[ok]: ZADD - Variadic version base case - $encoding (0 ms)
[ok]: ZADD - Return value is the number of actually added items - $encoding (0 ms)
[ok]: ZADD - Variadic version does not add nothing on single parsing err - $encoding (0 ms)
[ok]: ZADD - Variadic version will raise error on missing arg - $encoding (1 ms)
[ok]: ZINCRBY does not work variadic even if shares ZADD implementation - $encoding (0 ms)
[ok]: ZCARD basics - skiplist (0 ms)
[ok]: ZREM removes key after last element is removed - skiplist (1 ms)
[ok]: ZREM variadic version - skiplist (0 ms)
[ok]: ZREM variadic version -- remove elements after key deletion - skiplist (0 ms)
[ok]: ZRANGE basics - skiplist (2 ms)
[ok]: ZREVRANGE basics - skiplist (1 ms)
[ok]: ZRANK/ZREVRANK basics - skiplist (0 ms)
[ok]: ZRANK - after deletion - skiplist (0 ms)
[ok]: ZINCRBY - can create a new sorted set - skiplist (0 ms)
[ok]: ZINCRBY - increment and decrement - skiplist (0 ms)
[ok]: ZINCRBY return value - skiplist (0 ms)
[ok]: ZRANGEBYSCORE/ZREVRANGEBYSCORE/ZCOUNT basics - skiplist (5 ms)
[ok]: ZRANGEBYSCORE with WITHSCORES - skiplist (0 ms)
[ok]: ZRANGEBYSCORE with LIMIT - skiplist (2 ms)
[ok]: ZRANGEBYSCORE with LIMIT and WITHSCORES - skiplist (0 ms)
[ok]: ZRANGEBYSCORE with non-value min or max - skiplist (0 ms)
[ok]: ZRANGEBYLEX/ZREVRANGEBYLEX/ZLEXCOUNT basics - skiplist (2 ms)
[ok]: ZLEXCOUNT advanced - skiplist (1 ms)
[ok]: ZRANGEBYSLEX with LIMIT - skiplist (2 ms)
[ok]: ZRANGEBYLEX with invalid lex range specifiers - skiplist (0 ms)
[ok]: ZREMRANGEBYSCORE basics - skiplist (8 ms)
[ok]: ZREMRANGEBYSCORE with non-value min or max - skiplist (0 ms)
[ok]: ZREMRANGEBYRANK basics - skiplist (3 ms)
[ok]: ZUNIONSTORE against non-existing key doesn't set destination - skiplist (0 ms)
[ok]: ZUNION/ZINTER/ZINTERCARD/ZDIFF against non-existing key - skiplist (1 ms)
[ok]: ZUNIONSTORE with empty set - skiplist (0 ms)
[ok]: ZUNION/ZINTER/ZINTERCARD/ZDIFF with empty set - skiplist (0 ms)
[ok]: ZUNIONSTORE basics - skiplist (1 ms)
[ok]: ZUNION/ZINTER/ZINTERCARD/ZDIFF with integer members - skiplist (2 ms)
[ok]: ZUNIONSTORE with weights - skiplist (0 ms)
[ok]: ZUNION with weights - skiplist (0 ms)
[ok]: ZUNIONSTORE with a regular set and weights - skiplist (0 ms)
[ok]: ZUNIONSTORE with AGGREGATE MIN - skiplist (0 ms)
[ok]: ZUNION/ZINTER with AGGREGATE MIN - skiplist (1 ms)
[ok]: ZUNIONSTORE with AGGREGATE MAX - skiplist (0 ms)
[ok]: ZUNION/ZINTER with AGGREGATE MAX - skiplist (0 ms)
[ok]: ZINTERSTORE basics - skiplist (0 ms)
[ok]: ZINTER basics - skiplist (0 ms)
[ok]: ZINTERCARD with illegal arguments (1 ms)
[ok]: ZINTERCARD basics - skiplist (0 ms)
[ok]: ZINTER RESP3 - skiplist (0 ms)
[ok]: ZINTERSTORE with weights - skiplist (0 ms)
[ok]: ZINTER with weights - skiplist (0 ms)
[ok]: ZINTERSTORE with a regular set and weights - skiplist (1 ms)
[ok]: ZINTERSTORE with AGGREGATE MIN - skiplist (0 ms)
[ok]: ZINTERSTORE with AGGREGATE MAX - skiplist (0 ms)
[ok]: ZUNIONSTORE with +inf/-inf scores - skiplist (1 ms)
[ok]: ZUNIONSTORE with NaN weights - skiplist (0 ms)
[ok]: ZINTERSTORE with +inf/-inf scores - skiplist (0 ms)
[ok]: ZINTERSTORE with NaN weights - skiplist (1 ms)
[ok]: ZDIFFSTORE basics - skiplist (1 ms)
[ok]: ZDIFF basics - skiplist (0 ms)
[ok]: ZDIFFSTORE with a regular set - skiplist (0 ms)
[ok]: ZDIFF subtracting set from itself - skiplist (1 ms)
[ok]: ZDIFF algorithm 1 - skiplist (0 ms)
[ok]: ZDIFF algorithm 2 - skiplist (1 ms)
[ok]: ACL from config file and config rewrite (106 ms)
[ok]: Redis should lazy expire keys (1002 ms)
[13/84 done]: unit/acl (2 seconds)
Testing integration/replication
[ok]: BLMPOP_LEFT: with zero timeout should block indefinitely (1002 ms)
[ok]: BLMPOP_LEFT: with 0.001 timeout should not block indefinitely (21 ms)
[ok]: BLMPOP_LEFT: second argument is not a list (0 ms)
[ok]: Slave enters handshake (0 ms)
[ok]: Don't rehash if redis has child process (405 ms)
[ok]: First server should have role slave after SLAVEOF (1004 ms)
[ok]: Process title set as expected (2 ms)
[14/84 done]: unit/other (8 seconds)
Testing integration/replication-2
[ok]: Big Hash table: SORT BY key (225 ms)
[ok]: Big Hash table: SORT BY key with limit (3 ms)
[ok]: LTRIM stress testing - linkedlist (8733 ms)
[ok]: EXPIRE should not resurrect keys (issue #1026) (1002 ms)
[ok]: 5 keys in, 5 keys out (1 ms)
[ok]: EXPIRE with empty string as TTL should report an error (1 ms)
[ok]: SET with EX with big integer should report an error (0 ms)
[ok]: SET with EX with smallest integer should report an error (1 ms)
[ok]: GETEX with big integer should report an error (0 ms)
[ok]: GETEX with smallest integer should report an error (0 ms)
[ok]: EXPIRE with big integer overflows when converted to milliseconds (1 ms)
[ok]: PEXPIRE with big integer overflow when basetime is added (1 ms)
[ok]: EXPIRE with big negative integer (0 ms)
[ok]: PEXPIREAT with big integer works (0 ms)
[ok]: PEXPIREAT with big negative integer works (0 ms)
[ok]: First server should have role slave after SLAVEOF (101 ms)
[ok]: Big Hash table: SORT BY hash field (235 ms)
[ok]: SORT GET # (0 ms)
[ok]: SORT GET <const> (1 ms)
[ok]: SORT GET (key and hash) with sanity check (1 ms)
[ok]: SORT BY key STORE (1 ms)
[ok]: SORT BY hash field STORE (0 ms)
[ok]: SORT extracts STORE correctly (0 ms)
[ok]: SORT_RO get keys (1 ms)
[ok]: SORT extracts multiple STORE correctly (0 ms)
[ok]: SORT DESC (0 ms)
[ok]: SORT ALPHA against integer encoded strings (1 ms)
[ok]: SORT sorted set (0 ms)
[ok]: SORT sorted set BY nosort should retain ordering (1 ms)
[ok]: SORT sorted set BY nosort + LIMIT (1 ms)
[ok]: SORT sorted set BY nosort works as expected from scripts (1 ms)
[ok]: SORT sorted set: +inf and -inf handling (0 ms)
[ok]: SORT regression for issue #19, sorting floats (4 ms)
[ok]: SORT with STORE returns zero if result is empty (github issue 224) (0 ms)
[ok]: SORT with STORE does not create empty lists (github issue 224) (0 ms)
[ok]: SORT with STORE removes key if result is empty (github issue 227) (0 ms)
[ok]: SORT with BY <constant> and STORE should still order output (1 ms)
[ok]: SORT will complain with numerical sorting and bad doubles (1) (0 ms)
[ok]: SORT will complain with numerical sorting and bad doubles (2) (0 ms)
[ok]: SORT BY sub-sorts lexicographically if score is the same (0 ms)
[ok]: SORT GET with pattern ending with just -> does not get hash field (0 ms)
[ok]: SORT by nosort retains native order for lists (0 ms)
[ok]: SORT by nosort plus store retains native order for lists (0 ms)
[ok]: SORT by nosort with limit returns based on original list order (0 ms)
[ok]: SORT_RO - Successful case (1 ms)
[ok]: SORT_RO - Cannot run with STORE arg (0 ms)
[ok]: SORT speed, 100 element list BY key, 100 times (10 ms)
[ok]: SORT speed, 100 element list BY hash field, 100 times (12 ms)
[ok]: SORT speed, 100 element list directly, 100 times (7 ms)
[ok]: SORT speed, 100 element list BY <const>, 100 times (8 ms)
[ok]: SETRANGE with huge offset (2 ms)
[15/84 done]: unit/sort (9 seconds)
Testing integration/replication-3
[ok]: BLMPOP_LEFT: timeout (1078 ms)
[ok]: BLMPOP_LEFT: arguments are empty (2 ms)
[ok]: BLMPOP_RIGHT: with single empty list argument (1 ms)
[ok]: BLMPOP_RIGHT: with negative timeout (0 ms)
[ok]: BLMPOP_RIGHT: with non-integer timeout (1 ms)
[ok]: XDEL fuzz test (1754 ms)
[ok]: ZDIFF fuzzing - skiplist (1589 ms)
[ok]: ZPOPMIN with the count 0 returns an empty array (0 ms)
[ok]: ZPOPMIN with negative count (0 ms)
[ok]: ZPOPMAX with the count 0 returns an empty array (0 ms)
[ok]: ZPOPMAX with negative count (1 ms)
[ok]: Basic ZPOPMIN/ZPOPMAX with a single key - skiplist (1 ms)
[ok]: ZPOPMIN/ZPOPMAX with count - skiplist (1 ms)
[ok]: Basic ZMPOP_MIN/ZMPOP_MAX with a single key - skiplist (0 ms)
[ok]: ZMPOP_MIN/ZMPOP_MAX with count - skiplist (1 ms)
[ok]: BZPOPMIN/BZPOPMAX with a single existing sorted set - skiplist (1 ms)
[ok]: BZPOPMIN/BZPOPMAX with multiple existing sorted sets - skiplist (1 ms)
[ok]: BZPOPMIN/BZPOPMAX second sorted set has members - skiplist (1 ms)
[ok]: BZMPOP_MIN/BZMPOP_MAX with a single existing sorted set - skiplist (1 ms)
[ok]: BZMPOP_MIN/BZMPOP_MAX with multiple existing sorted sets - skiplist (1 ms)
[ok]: BZMPOP_MIN/BZMPOP_MAX second sorted set has members - skiplist (1 ms)
[ok]: Basic ZPOPMIN/ZPOPMAX - skiplist RESP3 (1 ms)
[ok]: ZPOPMIN/ZPOPMAX with count - skiplist RESP3 (1 ms)
[ok]: Basic ZMPOP_MIN/ZMPOP_MAX - skiplist RESP3 (0 ms)
[ok]: ZMPOP_MIN/ZMPOP_MAX with count - skiplist RESP3 (1 ms)
[ok]: BZPOPMIN/BZPOPMAX - skiplist RESP3 (0 ms)
[ok]: BZMPOP_MIN/BZMPOP_MAX - skiplist RESP3 (1 ms)
[ok]: ZPOP/ZMPOP against wrong type (1 ms)
[ok]: ZMPOP with illegal argument (0 ms)
[ok]: ZMPOP propagate as pop with count command to replica (41 ms)
[ok]: ZPOPMIN/ZPOPMAX readraw in RESP3 (1 ms)
[ok]: First server should have role slave after SLAVEOF (105 ms)
[ok]: BZPOPMIN/BZPOPMAX readraw in RESP3 (199 ms)
[ok]: ZMPOP readraw in RESP3 (2 ms)
[ok]: If min-slaves-to-write is honored, write is accepted (705 ms)
[ok]: No write if min-slaves-to-write is < attached slaves (0 ms)
[ok]: If min-slaves-to-write is honored, write is accepted (again) (1 ms)
[ok]: Stress tester for #3343-alike bugs comp: 2 (8998 ms)
[ok]: BZMPOP readraw in RESP3 (199 ms)
[ok]: ZPOPMIN/ZPOPMAX readraw in RESP2 (1 ms)
[ok]: SETNX against expired volatile key (4021 ms)
[ok]: GETEX EX option (1 ms)
[ok]: GETEX PX option (0 ms)
[ok]: GETEX EXAT option (1 ms)
[ok]: GETEX PXAT option (1 ms)
[ok]: GETEX PERSIST option (0 ms)
[ok]: GETEX no option (1 ms)
[ok]: GETEX syntax errors (0 ms)
[ok]: GETEX no arguments (0 ms)
[ok]: GETDEL command (1 ms)
[ok]: GETDEL propagate as DEL command to replica (88 ms)
[ok]: BZPOPMIN/BZPOPMAX readraw in RESP2 (200 ms)
[ok]: ZMPOP readraw in RESP2 (1 ms)
[ok]: GETEX without argument does not propagate to replica (102 ms)
[ok]: MGET (5 ms)
[ok]: MGET against non existing key (0 ms)
[ok]: MGET against non-string key (1 ms)
[ok]: GETSET (set new value) (1 ms)
[ok]: GETSET (replace old value) (0 ms)
[ok]: MSET base case (1 ms)
[ok]: MSET/MSETNX wrong number of args (0 ms)
[ok]: MSETNX with already existent key (1 ms)
[ok]: MSETNX with not existing keys (0 ms)
[ok]: MSETNX with not existing keys - same key twice (0 ms)
[ok]: MSETNX with already existing keys - same key twice (0 ms)
[ok]: STRLEN against non-existing key (0 ms)
[ok]: STRLEN against integer-encoded value (0 ms)
[ok]: STRLEN against plain string (1 ms)
[ok]: SETBIT against non-existing key (0 ms)
[ok]: SETBIT against string-encoded key (1 ms)
[ok]: SETBIT against integer-encoded key (0 ms)
[ok]: SETBIT against key with wrong type (3 ms)
[ok]: SETBIT with out of range bit offset (1 ms)
[ok]: SETBIT with non-bit argument (0 ms)
[ok]: BZMPOP readraw in RESP2 (200 ms)
[ok]: ZINTERSTORE regression with two sets, intset+hashtable (1 ms)
[ok]: ZUNIONSTORE regression, should not create NaN in scores (0 ms)
[ok]: ZINTERSTORE #516 regression, mixed sets and ziplist zsets (1 ms)
[ok]: BLMPOP_RIGHT: with zero timeout should block indefinitely (1001 ms)
[ok]: BLMPOP_RIGHT: with 0.001 timeout should not block indefinitely (21 ms)
[ok]: BLMPOP_RIGHT: second argument is not a list (1 ms)
[ok]: SCAN regression test for issue #4906 (9589 ms)
[ok]: ZUNIONSTORE result is sorted (110 ms)
[ok]: ZUNIONSTORE/ZINTERSTORE/ZDIFFSTORE error if using WITHSCORES  (2 ms)
[ok]: ZMSCORE retrieve (0 ms)
[ok]: ZMSCORE retrieve from empty set (0 ms)
[ok]: ZMSCORE retrieve with missing member (0 ms)
[ok]: ZMSCORE retrieve single member (1 ms)
[ok]: ZMSCORE retrieve requires one or more members (0 ms)
[ok]: ZSET commands don't accept the empty strings as valid score (0 ms)
[ok]: zunionInterDiffGenericCommand at least 1 input key (1 ms)
[16/84 done]: unit/scan (10 seconds)
Testing integration/replication-4
[ok]: ZSCORE - listpack (14 ms)
[ok]: ZMSCORE - listpack (14 ms)
[ok]: ZSCORE after a DEBUG RELOAD - listpack (14 ms)
[ok]: ZSET sorting stresser - listpack (20 ms)
[ok]: Test latency events logging (3401 ms)
[ok]: LATENCY HISTORY output is ok (0 ms)
[ok]: LATENCY LATEST output is ok (0 ms)
[ok]: SETBIT fuzzing (523 ms)
[ok]: GETBIT against non-existing key (0 ms)
[ok]: GETBIT against string-encoded key (1 ms)
[ok]: GETBIT against integer-encoded key (1 ms)
[ok]: SETRANGE against non-existing key (1 ms)
[ok]: SETRANGE against string-encoded key (4 ms)
[ok]: SETRANGE against integer-encoded key (2 ms)
[ok]: SETRANGE against key with wrong type (0 ms)
[ok]: SETRANGE with out of range offset (1 ms)
[ok]: GETRANGE against non-existing key (0 ms)
[ok]: GETRANGE against string value (1 ms)
[ok]: GETRANGE against integer-encoded value (0 ms)
[ok]: All time-to-live(TTL) in commands are propagated as absolute timestamp in milliseconds in AOF (2015 ms)
[ok]: All TTL in commands are propagated as absolute timestamp in replication stream (29 ms)
[ok]: First server should have role slave after REPLICAOF (1 ms)
[ok]: BLMPOP_RIGHT: timeout (1081 ms)
[ok]: BLMPOP_RIGHT: arguments are empty (1 ms)
[ok]: BLPOP inside a transaction (1 ms)
[ok]: BLMPOP_LEFT inside a transaction (0 ms)
[ok]: BLMPOP propagate as pop with count command to replica (199 ms)
[ok]: LPUSHX, RPUSHX - generic (0 ms)
[ok]: LPUSHX, RPUSHX - linkedlist (2 ms)
[ok]: LINSERT - linkedlist (3 ms)
[ok]: LPUSHX, RPUSHX - ziplist (0 ms)
[ok]: LINSERT - ziplist (3 ms)
[ok]: LINSERT raise error on bad syntax (0 ms)
[ok]: First server should have role slave after SLAVEOF (1002 ms)
[ok]: LINDEX consistency test - quicklist (67 ms)
[ok]: LINDEX random access - quicklist (40 ms)
[ok]: GETRANGE fuzzing (1128 ms)
[ok]: Check if list is still ok after a DEBUG RELOAD - quicklist (61 ms)
[ok]: trim on SET with big value (45 ms)
[ok]: Extended SET can detect syntax errors (0 ms)
[ok]: Extended SET NX option (1 ms)
[ok]: Extended SET XX option (1 ms)
[ok]: Extended SET GET option (1 ms)
[ok]: Extended SET GET option with no previous value (9 ms)
[ok]: Extended SET GET option with XX (3 ms)
[ok]: Extended SET GET option with XX and no previous value (1 ms)
[ok]: Extended SET GET option with NX (1 ms)
[ok]: Extended SET GET option with NX and previous value (0 ms)
[ok]: Extended SET GET with incorrect type should result in wrong type error (1 ms)
[ok]: Extended SET EX option (1 ms)
[ok]: Extended SET PX option (0 ms)
[ok]: Extended SET EXAT option (0 ms)
[ok]: Extended SET PXAT option (1 ms)
[ok]: Extended SET using multiple options at once (1 ms)
[ok]: GETRANGE with huge ranges, Github issue #1844 (0 ms)
[ok]: LCS basic (1 ms)
[ok]: LCS len (1 ms)
[ok]: LCS indexes (0 ms)
[ok]: LCS indexes with match len (0 ms)
[ok]: LCS indexes with match len and minimum match len (1 ms)
[ok]: SETRANGE with huge offset (0 ms)
[ok]: LINDEX consistency test - quicklist (86 ms)
[17/84 done]: unit/type/string (12 seconds)
Testing integration/replication-psync
[ok]: LINDEX random access - quicklist (61 ms)
[ok]: Check if list is still ok after a DEBUG RELOAD - quicklist (143 ms)
[ok]: LLEN against non-list value error (0 ms)
[ok]: LLEN against non existing key (0 ms)
[ok]: LINDEX against non-list value error (0 ms)
[ok]: LINDEX against non existing key (0 ms)
[ok]: LPUSH against non-list value error (1 ms)
[ok]: RPUSH against non-list value error (0 ms)
[ok]: RPOPLPUSH base case - linkedlist (1 ms)
[ok]: LMOVE left left base case - linkedlist (2 ms)
[ok]: LMOVE left right base case - linkedlist (2 ms)
[ok]: LMOVE right left base case - linkedlist (1 ms)
[ok]: LMOVE right right base case - linkedlist (2 ms)
[ok]: RPOPLPUSH with the same list as src and dst - linkedlist (6 ms)
[ok]: LMOVE left left with the same list as src and dst - linkedlist (1 ms)
[ok]: LMOVE left right with the same list as src and dst - linkedlist (0 ms)
[ok]: LMOVE right left with the same list as src and dst - linkedlist (1 ms)
[ok]: LMOVE right right with the same list as src and dst - linkedlist (0 ms)
[ok]: RPOPLPUSH with linkedlist source and existing target linkedlist (2 ms)
[ok]: LMOVE left left with linkedlist source and existing target linkedlist (2 ms)
[ok]: LMOVE left right with linkedlist source and existing target linkedlist (1 ms)
[ok]: LMOVE right left with linkedlist source and existing target linkedlist (1 ms)
[ok]: LMOVE right right with linkedlist source and existing target linkedlist (1 ms)
[ok]: RPOPLPUSH with linkedlist source and existing target ziplist (2 ms)
[ok]: LMOVE left left with linkedlist source and existing target ziplist (1 ms)
[ok]: LMOVE left right with linkedlist source and existing target ziplist (2 ms)
[ok]: LMOVE right left with linkedlist source and existing target ziplist (3 ms)
[ok]: LMOVE right right with linkedlist source and existing target ziplist (0 ms)
[ok]: RPOPLPUSH base case - ziplist (2 ms)
[ok]: LMOVE left left base case - ziplist (1 ms)
[ok]: LMOVE left right base case - ziplist (1 ms)
[ok]: LMOVE right left base case - ziplist (1 ms)
[ok]: LMOVE right right base case - ziplist (2 ms)
[ok]: RPOPLPUSH with the same list as src and dst - ziplist (1 ms)
[ok]: LMOVE left left with the same list as src and dst - ziplist (0 ms)
[ok]: LMOVE left right with the same list as src and dst - ziplist (0 ms)
[ok]: Slave should be able to synchronize with the master (102 ms)
[ok]: LMOVE right left with the same list as src and dst - ziplist (0 ms)
[ok]: LMOVE right right with the same list as src and dst - ziplist (2 ms)
[ok]: RPOPLPUSH with ziplist source and existing target linkedlist (1 ms)
[ok]: LMOVE left left with ziplist source and existing target linkedlist (1 ms)
[ok]: LMOVE left right with ziplist source and existing target linkedlist (2 ms)
[ok]: LMOVE right left with ziplist source and existing target linkedlist (6 ms)
[ok]: LMOVE right right with ziplist source and existing target linkedlist (1 ms)
[ok]: RPOPLPUSH with ziplist source and existing target ziplist (1 ms)
[ok]: LMOVE left left with ziplist source and existing target ziplist (1 ms)
[ok]: LMOVE left right with ziplist source and existing target ziplist (1 ms)
[ok]: LMOVE right left with ziplist source and existing target ziplist (3 ms)
[ok]: LMOVE right right with ziplist source and existing target ziplist (1 ms)
[ok]: RPOPLPUSH against non existing key (0 ms)
[ok]: RPOPLPUSH against non list src key (1 ms)
[ok]: RPOPLPUSH against non list dst key (0 ms)
[ok]: RPOPLPUSH against non existing src key (0 ms)
[ok]: Basic LPOP/RPOP/LMPOP - linkedlist (2 ms)
[ok]: Basic LPOP/RPOP/LMPOP - ziplist (1 ms)
[ok]: LPOP/RPOP/LMPOP against empty list (1 ms)
[ok]: LPOP/RPOP/LMPOP NON-BLOCK or BLOCK against non list value (3 ms)
[ok]: ZRANGEBYSCORE fuzzy test, 100 ranges in 128 element sorted set - listpack (1749 ms)
[ok]: For all replicated TTL-related commands, absolute expire times are identical on primary and replica (999 ms)
[ok]: Mass RPOP/LPOP - quicklist (53 ms)
[ok]: Mass RPOP/LPOP - quicklist (83 ms)
[ok]: LMPOP with illegal argument (2 ms)
[ok]: LMPOP single existing list (4 ms)
[ok]: LMPOP multiple existing lists (6 ms)
[ok]: LMPOP propagate as pop with count command to replica (19 ms)
[ok]: LRANGE basics - linkedlist (2 ms)
[ok]: LRANGE inverted indexes - linkedlist (0 ms)
[ok]: LRANGE out of range indexes including the full list - linkedlist (1 ms)
[ok]: LRANGE out of range negative end index - linkedlist (2 ms)
[ok]: LRANGE basics - ziplist (1 ms)
[ok]: LRANGE inverted indexes - ziplist (1 ms)
[ok]: LRANGE out of range indexes including the full list - ziplist (1 ms)
[ok]: LRANGE out of range negative end index - ziplist (0 ms)
[ok]: LRANGE against non existing key (1 ms)
[ok]: LRANGE with start > end yields an empty array for backward compatibility (0 ms)
[ok]: LTRIM basics - linkedlist (15 ms)
[ok]: LTRIM out of range negative end index - linkedlist (2 ms)
[ok]: LTRIM basics - ziplist (13 ms)
[ok]: LTRIM out of range negative end index - ziplist (2 ms)
[ok]: LSET - linkedlist (5 ms)
[ok]: LSET out of range index - linkedlist (0 ms)
[ok]: LSET - ziplist (1 ms)
[ok]: LSET out of range index - ziplist (0 ms)
[ok]: LSET against non existing key (1 ms)
[ok]: LSET against non list value (1 ms)
[ok]: LREM remove all the occurrences - linkedlist (2 ms)
[ok]: LREM remove the first occurrence - linkedlist (0 ms)
[ok]: LREM remove non existing element - linkedlist (0 ms)
[ok]: LREM starting from tail with negative count - linkedlist (2 ms)
[ok]: LREM starting from tail with negative count (2) - linkedlist (1 ms)
[ok]: LREM deleting objects that may be int encoded - linkedlist (0 ms)
[ok]: LREM remove all the occurrences - ziplist (1 ms)
[ok]: LREM remove the first occurrence - ziplist (0 ms)
[ok]: LREM remove non existing element - ziplist (1 ms)
[ok]: LREM starting from tail with negative count - ziplist (2 ms)
[ok]: LREM starting from tail with negative count (2) - ziplist (0 ms)
[ok]: LREM deleting objects that may be int encoded - ziplist (1 ms)
[ok]: ZRANGEBYLEX fuzzy test, 100 ranges in 128 element sorted set - listpack (234 ms)
[ok]: expired key which is created in writeable replicas should be deleted by active expiry (301 ms)
[ok]: SET command will remove expire (1 ms)
[ok]: SET - use KEEPTTL option, TTL should not be removed (1 ms)
[ok]: ZREMRANGEBYLEX fuzzy test, 100 ranges in 128 element sorted set - listpack (290 ms)
[ok]: ZSETs skiplist implementation backlink consistency test - listpack (22 ms)
[ok]: No write if min-slaves-max-lag is > of the slave lag (3129 ms)
[ok]: min-slaves-to-write is ignored by slaves (2 ms)
[ok]: Detect write load to master (1005 ms)
[ok]: Test replication partial resync: no reconnection, just sync (diskless: no, disabled, reconnect: 0) (10 ms)
[ok]: ZSETs ZRANK augmented skip list stress testing - listpack (630 ms)
[ok]: BZPOPMIN, ZADD + DEL should not awake blocked client (1 ms)
[ok]: BZPOPMIN, ZADD + DEL + SET should not awake blocked client (1 ms)
[ok]: BZMPOP_MIN, ZADD + DEL should not awake blocked client (1 ms)
[ok]: BZMPOP_MIN, ZADD + DEL + SET should not awake blocked client (0 ms)
[ok]: BZPOPMIN with same key multiple times should work (2 ms)
[ok]: MULTI/EXEC is isolated from the point of view of BZPOPMIN (1 ms)
[ok]: BZPOPMIN with variadic ZADD (0 ms)
[ok]: Regression for bug 593 - chaining BRPOPLPUSH with other blocking cmds (1003 ms)
[ok]: client unblock tests (7 ms)
[ok]: client unblock tests (4 ms)
[ok]: List ziplist of various encodings (93 ms)
[ok]: List ziplist of various encodings - sanitize dump (2 ms)
[18/84 done]: unit/type/list (14 seconds)
Testing integration/replication-buffer
[ok]: LTRIM stress testing - ziplist (4680 ms)
[19/84 done]: unit/type/list-2 (14 seconds)
Testing integration/shutdown
[ok]: Slave should be able to synchronize with the master (107 ms)
[ok]: BZPOPMIN with zero timeout should block indefinitely (1001 ms)
[ok]: MULTI/EXEC is isolated from the point of view of BZMPOP_MIN (2 ms)
[ok]: BZMPOP_MIN with variadic ZADD (1 ms)
[ok]: SET - use KEEPTTL option, TTL should not be removed after loadaof (2005 ms)
[ok]: GETEX use of PERSIST option should remove TTL (1 ms)
[ok]: Detect write load to master (1002 ms)
[ok]: LATENCY of expire events are correctly collected (4637 ms)
[ok]: LATENCY HISTORY / RESET with wrong event name is fine (3 ms)
[ok]: LATENCY DOCTOR produces some output (0 ms)
[ok]: LATENCY RESET is able to reset events (0 ms)
[ok]: LATENCY HELP should not have unexpected options (1 ms)
[ok]: All replicas share one global replication buffer (55 ms)
[20/84 done]: unit/latency-monitor (8 seconds)
Testing integration/aof
[ok]: Unfinished MULTI: Server should start if load-truncated is yes (1 ms)
[ok]: MIGRATE cached connections are released after some time (15002 ms)
[ok]: MASTER and SLAVE consistency with expire (5879 ms)
[ok]: BZMPOP_MIN with zero timeout should block indefinitely (1002 ms)
[ok]: SRANDMEMBER with a dict containing long chain (8744 ms)
[ok]: SMOVE basics - from regular set to intset (10 ms)
[ok]: ZSCORE - skiplist (23 ms)
[ok]: SMOVE basics - from intset to regular set (2 ms)
[ok]: SMOVE non existing key (2 ms)
[ok]: SMOVE non existing src set (2 ms)
[ok]: SMOVE from regular set to non existing destination set (4 ms)
[ok]: SMOVE from intset to non existing destination set (2 ms)
[ok]: SMOVE wrong src key type (0 ms)
[ok]: SMOVE wrong dst key type (1 ms)
[ok]: SMOVE with identical source and destination (8 ms)
[ok]: SMOVE only notify dstset when the addition is successful (2 ms)
[ok]: Master can replicate command longer than client-query-buffer-limit on replica (75 ms)
[ok]: ZMSCORE - skiplist (28 ms)
[ok]: ZSCORE after a DEBUG RELOAD - skiplist (24 ms)
[ok]: ZSET sorting stresser - skiplist (28 ms)
[ok]: Short read: Server should start if load-truncated is yes (1 ms)
[ok]: Truncated AOF loaded: we expect foo to be equal to 5 (5 ms)
[ok]: Append a new command after loading an incomplete AOF (1 ms)
[ok]: MIGRATE is able to migrate a key between two instances (219 ms)
[ok]: Short read + command: Server should start (3 ms)
[ok]: Truncated AOF loaded: we expect foo to be equal to 6 now (1 ms)
[ok]: MIGRATE is able to copy a key between two instances (218 ms)
[ok]: Replication buffer will become smaller when no replica uses (711 ms)
[ok]: Bad format: Server should have logged an error (3 ms)
[ok]: MIGRATE will not overwrite existing keys, unless REPLACE is used (122 ms)
[ok]: Unfinished MULTI: Server should have logged an error (3 ms)
[ok]: Short read: Server should have logged an error (1 ms)
[ok]: Short read: Utility should confirm the AOF is not valid (4 ms)
[ok]: Short read: Utility should show the abnormal line num in AOF (4 ms)
[ok]: Short read: Utility should be able to fix the AOF (5 ms)
[ok]: MIGRATE propagates TTL correctly (220 ms)
[ok]: Fixed AOF: Server should have been started (2 ms)
[ok]: Fixed AOF: Keyspace should contain values that were parseable (1 ms)
[ok]: AOF rewrite during write load: RDB preamble=yes (13986 ms)
[ok]: Shutting down master waits for replica to catch up (sigterm) (2769 ms)
[ok]: AOF+SPOP: Server should have been started (1 ms)
[ok]: AOF+SPOP: Set should have 1 member (5 ms)
[ok]: AOF+SPOP: Server should have been started (5 ms)
[ok]: AOF+SPOP: Set should have 1 member (105 ms)
[ok]: GETEX use of PERSIST option should remove TTL after loadaof (2005 ms)
[ok]: GETEX propagate as to replica as PERSIST, DEL, or nothing (72 ms)
[ok]: EXPIRE with NX option on a key with ttl (1 ms)
[ok]: EXPIRE with NX option on a key without ttl (1 ms)
[ok]: EXPIRE with XX option on a key with ttl (1 ms)
[ok]: EXPIRE with XX option on a key without ttl (1 ms)
[ok]: EXPIRE with GT option on a key with lower ttl (1 ms)
[ok]: EXPIRE with GT option on a key with higher ttl (1 ms)
[ok]: EXPIRE with GT option on a key without ttl (0 ms)
[ok]: EXPIRE with LT option on a key with higher ttl (1 ms)
[ok]: EXPIRE with LT option on a key with lower ttl (1 ms)
[ok]: EXPIRE with LT option on a key without ttl (1 ms)
[ok]: EXPIRE with LT and XX option on a key with ttl (1 ms)
[ok]: EXPIRE with LT and XX option on a key without ttl (1 ms)
[ok]: EXPIRE with conflicting options: LT GT (0 ms)
[ok]: EXPIRE with conflicting options: NX GT (1 ms)
[ok]: EXPIRE with conflicting options: NX LT (9 ms)
[ok]: EXPIRE with conflicting options: NX XX (1 ms)
[ok]: EXPIRE with unsupported options (0 ms)
[ok]: EXPIRE with unsupported options (1 ms)
[ok]: EXPIRE with negative expiry (0 ms)
[ok]: EXPIRE with negative expiry on a non-valitale key (1 ms)
[ok]: EXPIRE with non-existed key (1 ms)
[ok]: SCAN: Lazy-expire should not be wrapped in MULTI/EXEC (75 ms)
[ok]: AOF+EXPIRE: Server should have been started (2 ms)
[ok]: AOF+EXPIRE: List should be empty (3 ms)
[ok]: RANDOMKEY: Lazy-expire should not be wrapped in MULTI/EXEC (98 ms)
[ok]: Test replication with parallel clients writing in different DBs (5306 ms)
[21/84 done]: unit/expire (16 seconds)
Testing integration/aof-multi-part
[ok]: Multi Part AOF can't load data when some file missing (64 ms)
[ok]: Redis should not try to convert DEL into EXPIREAT for EXPIRE -1 (0 ms)
[ok]: Multi Part AOF can't load data when the sequence not increase monotonically (118 ms)
[ok]: Multi Part AOF can't load data when there are blank lines in the manifest file (135 ms)
[ok]: Multi Part AOF can't load data when there is a duplicate base file (133 ms)
[ok]: First server should have role slave after SLAVEOF (108 ms)
[ok]: With min-slaves-to-write (1,3): master should be writable (2 ms)
[ok]: With min-slaves-to-write (2,3): master should not be writable (3 ms)
[ok]: With min-slaves-to-write function without no-write flag (0 ms)
[ok]: With not enough good slaves, read in Lua script is still accepted (2 ms)
[ok]: Multi Part AOF can't load data when the manifest format is wrong (type unknown) (116 ms)
[ok]: Multi Part AOF can't load data when the manifest format is wrong (missing key) (74 ms)
[ok]: Multi Part AOF can't load data when the manifest format is wrong (line too short) (122 ms)
[ok]: Multi Part AOF can't load data when the manifest format is wrong (line too long) (71 ms)
[ok]: ZRANGEBYSCORE fuzzy test, 100 ranges in 100 element sorted set - skiplist (2420 ms)
[ok]: Multi Part AOF can't load data when the manifest format is wrong (odd parameter) (115 ms)
[ok]: Stress tester for #3343-alike bugs comp: 1 (8199 ms)
[ok]: Multi Part AOF can't load data when the manifest file is empty (67 ms)
[ok]: ZRANGEBYLEX fuzzy test, 100 ranges in 100 element sorted set - skiplist (259 ms)
[ok]: Shutting down master waits for replica to catch up (shutdown) (1868 ms)
[ok]: Multi Part AOF can start when no aof and no manifest (219 ms)
[ok]: Slave is able to detect timeout during handshake (0 ms)
[ok]: Multi Part AOF can start when we have en empty AOF dir (35 ms)
[ok]: Multi Part AOF can load data discontinuously increasing sequence (249 ms)
[ok]: ZREMRANGEBYLEX fuzzy test, 100 ranges in 100 element sorted set - skiplist (444 ms)
[ok]: ZSETs skiplist implementation backlink consistency test - skiplist (40 ms)
[ok]: Multi Part AOF can load data when manifest add new k-v (227 ms)
[ok]: Set instance A as slave of B (103 ms)
[ok]: Multi Part AOF can load data when some AOFs are empty (115 ms)
[ok]: Multi Part AOF can load data from old version redis (rdb preamble no) (331 ms)
[ok]: Multi Part AOF can load data from old version redis (rdb preamble yes) (231 ms)
[ok]: Replication backlog size can outgrow the backlog limit config (2236 ms)
[ok]: INCRBYFLOAT replication, should not remove expire (729 ms)
[ok]: GETSET replication (3 ms)
[ok]: BRPOPLPUSH replication, when blocking against empty list (4 ms)
[ok]: intsets implementation stress testing (4217 ms)
[ok]: Multi Part AOF can continue the upgrade from the interrupted upgrade state (227 ms)
[22/84 done]: unit/type/set (20 seconds)
Testing integration/rdb
[ok]: test old version rdb file (1 ms)
[ok]: Multi Part AOF can be loaded correctly when both server dir and aof dir contain old AOF (232 ms)
[ok]: Multi Part AOF can't load data when the manifest contains the old AOF file name but the file does not exist in server dir and aof dir (125 ms)
[ok]: RDB encoding loading test (11 ms)
[ok]: Shutting down master waits for replica timeout (1893 ms)
[ok]: Server started empty with non-existing RDB file (0 ms)
[ok]: Multi Part AOF can upgrade when when two redis share the same server dir (redis1) (106 ms)
[ok]: Multi Part AOF can upgrade when when two redis share the same server dir (redis2) (105 ms)
[ok]: With min-slaves-to-write: master not writable with lagged slave (2729 ms)
[ok]: Server started empty with empty RDB file (0 ms)
[ok]: Multi Part AOF can upgrade when when two redis share the same server dir (435 ms)
[ok]: BRPOPLPUSH replication, list exists (1005 ms)
[ok]: BLMOVE (left, left) replication, when blocking against empty list (15 ms)
[ok]: ZSETs ZRANK augmented skip list stress testing - skiplist (1975 ms)
[ok]: BZPOPMIN, ZADD + DEL should not awake blocked client (1 ms)
[ok]: BZPOPMIN, ZADD + DEL + SET should not awake blocked client (1 ms)
[ok]: BZMPOP_MIN, ZADD + DEL should not awake blocked client (1 ms)
[ok]: BZMPOP_MIN, ZADD + DEL + SET should not awake blocked client (3 ms)
[ok]: BZPOPMIN with same key multiple times should work (4 ms)
[ok]: MULTI/EXEC is isolated from the point of view of BZPOPMIN (1 ms)
[ok]: BZPOPMIN with variadic ZADD (4 ms)
[ok]: First server should have role slave after SLAVEOF (106 ms)
[ok]: Test RDB stream encoding (278 ms)
[ok]: Multi Part AOF can handle appendfilename contains whitespaces (347 ms)
[ok]: Test RDB stream encoding - sanitize dump (5 ms)
[ok]: Test replication partial resync: ok psync (diskless: no, disabled, reconnect: 1) (6235 ms)
[ok]: Server should not start if RDB is corrupted (1 ms)
[ok]: Multi Part AOF can create BASE (RDB format) when redis starts from empty (134 ms)
[ok]: Multi Part AOF can create BASE (AOF format) when redis starts from empty (129 ms)
[ok]: Make sure aof manifest appendonly.aof.manifest not in aof directory (0 ms)
[ok]: XRANGE fuzzing (11807 ms)
[ok]: XREVRANGE regression test for issue #5006 (0 ms)
[ok]: XREAD streamID edge (no-blocking) (0 ms)
[ok]: XREAD streamID edge (blocking) (1 ms)
[ok]: XADD streamID edge (0 ms)
[ok]: XTRIM with MAXLEN option basic test (33 ms)
[ok]: XADD with LIMIT consecutive calls (3 ms)
[ok]: Test FLUSHALL aborts bgsave (266 ms)
[ok]: XTRIM with ~ is limited (3 ms)
[ok]: XTRIM without ~ is not limited (4 ms)
[ok]: XTRIM without ~ and with LIMIT (7 ms)
[ok]: XTRIM with LIMIT delete entries no more than limit (0 ms)
[ok]: bgsave resets the change counter (104 ms)
[ok]: Slave is able to evict keys created in writable slaves (6009 ms)
[ok]: XADD with MAXLEN > xlen can propagate correctly (17 ms)
[ok]: Slave should be able to synchronize with the master (104 ms)
[ok]: Writable replica doesn't return expired keys (112 ms)
[ok]: PFCOUNT updates cache on readonly replica (1 ms)
[ok]: BLMOVE (left, left) replication, list exists (1017 ms)
[ok]: BLMOVE (left, right) replication, when blocking against empty list (3 ms)
[ok]: XADD with MINID > lastid can propagate correctly (27 ms)
[ok]: BZPOPMIN with zero timeout should block indefinitely (1008 ms)
[ok]: MULTI/EXEC is isolated from the point of view of BZMPOP_MIN (2 ms)
[ok]: PFCOUNT doesn't use expired key on readonly replica (111 ms)
[ok]: BZMPOP_MIN with variadic ZADD (2 ms)
[ok]: AOF enable will create manifest file (605 ms)
[ok]: XADD with ~ MAXLEN can propagate correctly (13 ms)
[ok]: XADD with ~ MAXLEN and LIMIT can propagate correctly (15 ms)
[ok]: MASTER and SLAVE dataset should be identical after complex ops (9203 ms)
[23/84 done]: integration/replication-2 (13 seconds)
Testing integration/corrupt-dump
[ok]: corrupt payload: #7445 - with sanitize (115 ms)
[ok]: XADD with ~ MINID can propagate correctly (18 ms)
[ok]: Replica could use replication buffer (beyond backlog config) for partial resynchronization (2767 ms)
[24/84 done]: integration/replication-3 (13 seconds)
Testing integration/corrupt-dump-fuzzer
[ok]: Shutting down master waits for replica then fails (2271 ms)
[ok]: client freed during loading (1073 ms)
[ok]: corrupt payload: hash with valid zip list header, invalid entry len (229 ms)
[ok]: XADD with ~ MINID and LIMIT can propagate correctly (12 ms)
[ok]: Detect write load to master (1001 ms)
[ok]: BLMOVE (left, right) replication, list exists (1004 ms)
[ok]: BLMOVE (right, left) replication, when blocking against empty list (2 ms)
[ok]: Replication backlog memory will become smaller if disconnecting with replica (352 ms)
[ok]: BZMPOP_MIN with zero timeout should block indefinitely (1002 ms)
[ok]: BZPOP/BZMPOP against wrong type (0 ms)
[ok]: BZMPOP with illegal argument (2 ms)
[ok]: BZMPOP with multiple blocked clients (3 ms)
[ok]: corrupt payload: invalid zlbytes header (234 ms)
[ok]: XTRIM with ~ MAXLEN can propagate correctly (9 ms)
[ok]: AOF fsync always barrier issue (5435 ms)
[ok]: Shutting down master waits for replica then aborted (416 ms)
[25/84 done]: integration/shutdown (9 seconds)
Testing integration/convert-zipmap-hash-on-load
[ok]: BZMPOP propagate as pop with count command to replica (145 ms)
[ok]: BZMPOP should not blocks on non key arguments - #10762 (1 ms)
[ok]: RDB load zipmap hash: converts to listpack (1 ms)
[ok]: corrupt payload: valid zipped hash header, dup records (223 ms)
[ok]: XADD can CREATE an empty stream (1 ms)
[ok]: XSETID can set a specific ID (0 ms)
[ok]: XSETID cannot SETID with smaller ID (1 ms)
[ok]: XSETID cannot SETID on non-existent key (1 ms)
[ok]: XSETID cannot run with an offset but without a maximal tombstone (0 ms)
[ok]: XSETID cannot run with a maximal tombstone but without an offset (1 ms)
[ok]: XSETID errors on negstive offset (0 ms)
[ok]: XSETID cannot set the maximal tombstone with larger ID (1 ms)
[ok]: XSETID cannot set the offset to less than the length (3 ms)
[ok]: GETEX should not append to AOF (4 ms)
[ok]: Replication of an expired key does not delete the expired key (2322 ms)
[ok]: RDB load zipmap hash: converts to hash table when hash-max-ziplist-entries is exceeded (0 ms)
[ok]: XADD advances the entries-added counter and sets the recorded-first-entry-id (1 ms)
[ok]: XDEL/TRIM are reflected by recorded first entry (2 ms)
[ok]: Maxmimum XDEL ID behaves correctly (4 ms)
[ok]: corrupt payload: quicklist big ziplist prev len (221 ms)
[ok]: MIGRATE can correctly transfer large values (7077 ms)
[ok]: Unknown command: Server should have logged an error (4 ms)
[ok]: Test RDB load info (748 ms)
[ok]: RDB load zipmap hash: converts to hash table when hash-max-ziplist-value is exceeded (0 ms)
[ok]: AOF multiple rewrite failures will open multiple INCR AOFs (1504 ms)
[26/84 done]: integration/convert-zipmap-hash-on-load (0 seconds)
Testing integration/convert-ziplist-hash-on-load
[ok]: corrupt payload: quicklist small ziplist prev len (226 ms)
[ok]: Empty stream can be rewrite into AOF correctly (106 ms)
[ok]: RDB load ziplist hash: converts to listpack when RDB loading (2 ms)
[ok]: MIGRATE can correctly transfer hashes (231 ms)
[ok]: First server should have role slave after SLAVEOF (2 ms)
[ok]: AOF+LMPOP/BLMPOP: pop elements from the list (104 ms)
[ok]: Stream can be rewrite into AOF correctly after XDEL lastid (106 ms)
[ok]: RDB load ziplist hash: converts to hash table when hash-max-ziplist-entries is exceeded (2 ms)
[ok]: BLMOVE (right, left) replication, list exists (1004 ms)
[ok]: BLMOVE (right, right) replication, when blocking against empty list (1 ms)
[27/84 done]: integration/convert-ziplist-hash-on-load (1 seconds)
Testing integration/convert-ziplist-zset-on-load
[ok]: corrupt payload: quicklist ziplist wrong count (224 ms)
[ok]: AOF+LMPOP/BLMPOP: after pop elements from the list (3 ms)
[ok]: RDB load ziplist zset: converts to listpack when RDB loading (1 ms)
[ok]: corrupt payload: #3080 - quicklist (120 ms)
[ok]: XGROUP HELP should not have unexpected options (0 ms)
[ok]: XINFO HELP should not have unexpected options (0 ms)
[28/84 done]: unit/type/stream (24 seconds)
Testing integration/logging
[ok]: RDB load ziplist zset: converts to skiplist when zset-max-ziplist-entries is exceeded (0 ms)
[ok]: corrupt payload: quicklist with empty ziplist (221 ms)
[ok]: AOF+ZMPOP/BZMPOP: pop elements from the zset (104 ms)
[ok]: AOF rewrite doesn't open new aof when AOF turn off (719 ms)
[29/84 done]: integration/convert-ziplist-zset-on-load (0 seconds)
Testing integration/psync2
[ok]: MIGRATE timeout actually works (641 ms)
[ok]: corrupt payload: quicklist encoded_len is 0 (225 ms)
[ok]: Server is able to generate a stack trace on selected systems (203 ms)
[ok]: AOF+ZMPOP/BZMPOP: after pop elements from the zset (3 ms)
[ok]: AOF enable/disable auto gc (209 ms)
[ok]: ZSET skiplist order consistency when elements are moved (1422 ms)
[ok]: ZRANGESTORE basic (1 ms)
[ok]: ZRANGESTORE RESP3 (1 ms)
[ok]: ZRANGESTORE range (1 ms)
[ok]: ZRANGESTORE BYLEX (0 ms)
[ok]: ZRANGESTORE BYSCORE (0 ms)
[ok]: ZRANGESTORE BYSCORE LIMIT (2 ms)
[ok]: ZRANGESTORE BYSCORE REV LIMIT (0 ms)
[ok]: ZRANGE BYSCORE REV LIMIT (0 ms)
[ok]: ZRANGESTORE - src key missing (1 ms)
[ok]: ZRANGESTORE - src key wrong type (0 ms)
[ok]: ZRANGESTORE - empty range (1 ms)
[ok]: ZRANGESTORE BYLEX - empty range (0 ms)
[ok]: ZRANGESTORE BYSCORE - empty range (0 ms)
[ok]: ZRANGE BYLEX (1 ms)
[ok]: ZRANGESTORE invalid syntax (0 ms)
[ok]: ZRANGESTORE with zset-max-listpack-entries 0 #10767 case (1 ms)
[ok]: ZRANGESTORE with zset-max-listpack-entries 1 dst key should use skiplist encoding (1 ms)
[ok]: ZRANGE invalid syntax (1 ms)
[ok]: ZRANDMEMBER - listpack (13 ms)
[ok]: ZRANDMEMBER - skiplist (10 ms)
[ok]: ZRANDMEMBER with RESP3 (1 ms)
[ok]: ZRANDMEMBER count of 0 is handled correctly (0 ms)
[ok]: ZRANDMEMBER with <count> against non existing key (0 ms)
[ok]: MIGRATE can migrate multiple keys at once (219 ms)
[ok]: ZRANDMEMBER count overflow (1 ms)
[ok]: MIGRATE with multiple keys must have empty key arg (0 ms)
[ok]: ZRANDMEMBER count of 0 is handled correctly - emptyarray (0 ms)
[ok]: ZRANDMEMBER with <count> against non existing key - emptyarray (0 ms)
[ok]: AOF can produce consecutive sequence number after reload (134 ms)
[ok]: corrupt payload: quicklist listpack entry start with EOF (226 ms)
[ok]: MIGRATE with multiple keys migrate just existing ones (130 ms)
[ok]: Crash report generated on SIGABRT (4 ms)
[ok]: ZRANDMEMBER with <count> - skiplist (260 ms)
[ok]: PSYNC2: --- CYCLE 1 --- (0 ms)
[ok]: PSYNC2: [NEW LAYOUT] Set #3 as master (1 ms)
[ok]: PSYNC2: Set #4 to replicate from #3 (1 ms)
[ok]: Crash report generated on DEBUG SEGFAULT (3 ms)
[30/84 done]: integration/logging (1 seconds)
Testing integration/psync2-reg
[ok]: BLMOVE (right, right) replication, list exists (1002 ms)
[ok]: corrupt payload: #3080 - ziplist (233 ms)
[ok]: MIGRATE with multiple keys: stress command rewriting (228 ms)
[ok]: AOF enable during BGSAVE will not write data util AOFRW finish (295 ms)
[ok]: Generate timestamp annotations in AOF (330 ms)
[ok]: BLPOP followed by role change, issue #2473 (102 ms)
[ok]: corrupt payload: load corrupted rdb with no CRC - #3505 (119 ms)
[ok]: Successfully load AOF which has timestamp annotations inside (2 ms)
[ok]: ZRANDMEMBER with <count> - listpack (302 ms)
[ok]: zset score double range (1 ms)
[ok]: Second server should have role master at first (0 ms)
[ok]: SLAVEOF should start with link status "down" (1 ms)
[ok]: The role should immediately be changed to "replica" (0 ms)
[ok]: MIGRATE with multiple keys: delete just ack keys (226 ms)
[31/84 done]: unit/type/zset (25 seconds)
Testing integration/psync2-pingoff
[ok]: Sync should have transferred keys from master (1 ms)
[ok]: The link status should be up (0 ms)
[ok]: corrupt payload: load corrupted rdb with empty keys (217 ms)
[ok]: MIGRATE AUTH: correct and wrong password cases (225 ms)
[32/84 done]: unit/dump (25 seconds)
Testing integration/psync2-master-restart
[ok]: corrupt payload: load corrupted rdb with empty keys (217 ms)
[ok]: AOF will trigger limit when AOFRW fails many times (586 ms)
[ok]: corrupt payload: listpack invalid size header (237 ms)
[ok]: Test child sending info (2101 ms)
[ok]: Truncate AOF to specific timestamp (660 ms)
[ok]: corrupt payload: listpack too long entry len (131 ms)
[ok]: PSYNC2: Set #0 to replicate from #2 (0 ms)
[ok]: corrupt payload: listpack very long entry len (30 ms)
[ok]: script won't load anymore if it's in rdb (1 ms)
[ok]: corrupt payload: listpack too long entry prev len (218 ms)
[ok]: SET on the master should immediately propagate (904 ms)
[ok]: corrupt payload: stream with duplicate consumers (122 ms)
[ok]: PSYNC2 #3899 regression: setup (1002 ms)
[ok]: failed bgsave prevents writes (197 ms)
[ok]: FLUSHDB / FLUSHALL should replicate (189 ms)
[ok]: ROLE in master reports master with a slave (0 ms)
[ok]: ROLE in slave reports slave in connected state (1 ms)
[33/84 done]: integration/rdb (6 seconds)
Testing integration/failover
[ok]: Partial resynchronization is successful even client-output-buffer-limit is less than repl-backlog-size (3157 ms)
[ok]: corrupt payload: hash ziplist with duplicate records (239 ms)
[ok]: PSYNC2 pingoff: setup (1002 ms)
[ok]: PSYNC2 pingoff: write and wait replication (1 ms)
[ok]: failover command fails without connected replica (1 ms)
[ok]: corrupt payload: hash listpack with duplicate records (131 ms)
[ok]: corrupt payload: hash listpack with duplicate records - convert (35 ms)
[ok]: setup replication for following tests (103 ms)
[ok]: failover command fails with invalid host (1 ms)
[ok]: failover command fails with invalid port (1 ms)
[ok]: failover command fails with just force and timeout (0 ms)
[ok]: failover command fails when sent to a replica (0 ms)
[ok]: failover command fails with force without timeout (0 ms)
[ok]: PSYNC2: Set #1 to replicate from #0 (1 ms)
[ok]: corrupt payload: hash ziplist uneven record count (255 ms)
[ok]: The update of replBufBlock's repl_offset is ok - Regression test for #11666 (4 ms)
[ok]: PSYNC2: Partial resync after Master restart using RDB aux fields when offset is 0 (1127 ms)
[ok]: corrupt payload: hash duplicate records (244 ms)
[ok]: corrupt payload: hash empty zipmap (123 ms)
[ok]: Stress tester for #3343-alike bugs comp: 0 (8977 ms)
[ok]: corrupt payload: fuzzer findings - NPD in streamIteratorGetID (161 ms)
[ok]: PSYNC2 #3899 regression: kill first replica (1 ms)
[ok]: corrupt payload: fuzzer findings - listpack NPD on invalid stream (153 ms)
[ok]: Replica client-output-buffer size is limited to backlog_limit/16 when no replication data is pending (1143 ms)
[34/84 done]: integration/replication-buffer (13 seconds)
Testing integration/redis-cli
[ok]: Interactive CLI: INFO response should be printed raw (63 ms)
[ok]: Interactive CLI: Status reply (64 ms)
[ok]: PSYNC2 #3899 regression: kill first replica (1 ms)
[ok]: EVAL timeout with slow verbatim Lua script from AOF (1964 ms)
[ok]: corrupt payload: fuzzer findings - NPD in quicklistIndex (233 ms)
[ok]: Interactive CLI: Integer reply (64 ms)
[ok]: Interactive CLI: Bulk reply (71 ms)
[ok]: PSYNC2: Set #2 to replicate from #3 (0 ms)
[ok]: Interactive CLI: Multi-bulk reply (71 ms)
[ok]: corrupt payload: fuzzer findings - encoded entry header reach outside the allocation (215 ms)
[ok]: EVAL can process writes from AOF in read-only replicas (245 ms)
[ok]: Test redis-check-aof for old style resp AOF (4 ms)
[ok]: Test redis-check-aof for old style rdb-preamble AOF (4 ms)
[ok]: Test redis-check-aof for Multi Part AOF with resp AOF base (14 ms)
[ok]: Test redis-check-aof for Multi Part AOF with rdb-preamble AOF base (9 ms)
[ok]: Test redis-check-aof only truncates the last file for Multi Part AOF in fix mode (14 ms)
[ok]: Test redis-check-aof only truncates the last file for Multi Part AOF in truncate-to-timestamp mode (3 ms)
[ok]: corrupt payload: fuzzer findings - invalid ziplist encoding (120 ms)
[ok]: FLUSHDB / FLUSHALL should persist in AOF (5 ms)
[35/84 done]: integration/aof (13 seconds)
Testing integration/redis-benchmark
[ok]: corrupt payload: fuzzer findings - hash crash (234 ms)
[ok]: benchmark: set,get (11 ms)
[ok]: Interactive CLI: Parsing quotes (438 ms)
[ok]: Non-interactive TTY CLI: Status reply (1 ms)
[ok]: Non-interactive TTY CLI: Integer reply (1 ms)
[ok]: benchmark: connecting using URI set,get (11 ms)
[ok]: Non-interactive TTY CLI: Bulk reply (9 ms)
[ok]: Non-interactive TTY CLI: Multi-bulk reply (6 ms)
[ok]: benchmark: connecting using URI with authentication set,get (21 ms)
[ok]: Non-interactive TTY CLI: Read last argument from pipe (11 ms)
[ok]: Non-interactive TTY CLI: Read last argument from file (23 ms)
[ok]: Non-interactive TTY CLI: Escape character in JSON mode (50 ms)
[ok]: Non-interactive non-TTY CLI: Status reply (2 ms)
[ok]: Non-interactive non-TTY CLI: Integer reply (5 ms)
[ok]: Non-interactive non-TTY CLI: Bulk reply (5 ms)
[ok]: corrupt payload: fuzzer findings - uneven entry count in hash (135 ms)
[ok]: Non-interactive non-TTY CLI: Multi-bulk reply (8 ms)
[ok]: Non-interactive non-TTY CLI: ASK redirect test (59 ms)
[ok]: Non-interactive non-TTY CLI: Quoted input arguments (5 ms)
[ok]: Non-interactive non-TTY CLI: No accidental unquoting of input arguments (13 ms)
[ok]: Non-interactive non-TTY CLI: Invalid quoted input arguments (6 ms)
[ok]: Non-interactive non-TTY CLI: Read last argument from pipe (12 ms)
[ok]: Non-interactive non-TTY CLI: Read last argument from file (18 ms)
[ok]: corrupt payload: fuzzer findings - invalid read in lzf_decompress (157 ms)
[ok]: benchmark: full test suite (262 ms)
[ok]: failover command to specific replica works (2103 ms)
[ok]: corrupt payload: fuzzer findings - leak in rdbloading due to dup entry in set (235 ms)
[ok]: PSYNC2: cluster is consistent after failover (14 ms)
[ok]: corrupt payload: fuzzer findings - empty intset (125 ms)
[ok]: AOF will open a temporary INCR AOF to accumulate data until the first AOFRW success when AOF is dynamically enabled (3394 ms)
[ok]: corrupt payload: fuzzer findings - zset ziplist entry lensize is 0 (142 ms)
[ok]: benchmark: multi-thread set,get (517 ms)
[36/84 done]: integration/aof-multi-part (12 seconds)
Testing integration/dismiss-mem
[ok]: corrupt payload: fuzzer findings - valgrind ziplist prevlen reaches outside the ziplist (186 ms)
[ok]: PSYNC2 #3899 regression: kill chained replica (1 ms)
[ok]: benchmark: pipelined full set,get (278 ms)
[ok]: benchmark: arbitrary command (19 ms)
[ok]: benchmark: keyspace length (47 ms)
[ok]: benchmark: clients idle mode should return error when reached maxclients limit (18 ms)
[ok]: corrupt payload: fuzzer findings - valgrind - bad rdbLoadDoubleValue (227 ms)
[ok]: failover command to any replica works (858 ms)
[ok]: PSYNC2: Partial resync after Master restart using RDB aux fields with data (1068 ms)
[37/84 done]: integration/redis-benchmark (1 seconds)
Testing unit/pubsub
[ok]: corrupt payload: fuzzer findings - valgrind ziplist prev too big (138 ms)
[ok]: Pub/Sub PING (3 ms)
[ok]: PUBLISH/SUBSCRIBE basics (6 ms)
[ok]: PUBLISH/SUBSCRIBE with two clients (3 ms)
[ok]: PUBLISH/SUBSCRIBE after UNSUBSCRIBE without arguments (2 ms)
[ok]: SUBSCRIBE to one channel more than once (7 ms)
[ok]: UNSUBSCRIBE from non-subscribed channels (5 ms)
[ok]: PUBLISH/PSUBSCRIBE basics (7 ms)
[ok]: PUBLISH/PSUBSCRIBE with two clients (2 ms)
[ok]: PUBLISH/PSUBSCRIBE after PUNSUBSCRIBE without arguments (15 ms)
[ok]: corrupt payload: fuzzer findings - lzf decompression fails, avoid valgrind invalid read (142 ms)
[ok]: PubSub messages with CLIENT REPLY OFF (88 ms)
[ok]: PUNSUBSCRIBE from non-subscribed channels (1 ms)
[ok]: NUMSUB returns numbers, not strings (#1561) (3 ms)
[ok]: NUMPATs returns the number of unique patterns (12 ms)
[ok]: Mix SUBSCRIBE and PSUBSCRIBE (13 ms)
[ok]: PUNSUBSCRIBE and UNSUBSCRIBE should always reply (5 ms)
[ok]: Keyspace notifications: we receive keyspace notifications (43 ms)
[ok]: failover to a replica with force works (335 ms)
[ok]: corrupt payload: fuzzer findings - stream bad lp_count (135 ms)
[ok]: Keyspace notifications: we receive keyevent notifications (44 ms)
[ok]: Keyspace notifications: we can receive both kind of events (3 ms)
[ok]: Keyspace notifications: we are able to mask events (3 ms)
[ok]: Keyspace notifications: general events test (10 ms)
[ok]: Keyspace notifications: list events test (2 ms)
[ok]: Keyspace notifications: set events test (2 ms)
[ok]: Keyspace notifications: zset events test (3 ms)
[ok]: Keyspace notifications: hash events test (16 ms)
[ok]: Keyspace notifications: stream events test (2 ms)
[ok]: corrupt payload: fuzzer findings - stream bad lp_count - unsanitized (47 ms)
[ok]: Keyspace notifications: expired events (triggered expire) (203 ms)
[ok]: corrupt payload: fuzzer findings - stream integrity check issue (216 ms)
[ok]: corrupt payload: fuzzer findings - infinite loop (41 ms)
[ok]: Keyspace notifications: expired events (background expire) (178 ms)
[ok]: Keyspace notifications: evicted events (3 ms)
[ok]: Keyspace notifications: test CONFIG GET/SET of event flags (24 ms)
[ok]: Keyspace notifications: new key test (1 ms)
[ok]: dismiss all data types memory (1076 ms)
[38/84 done]: unit/pubsub (1 seconds)
Testing unit/pubsubshard
[ok]: corrupt payload: fuzzer findings - hash ziplist too long entry len (238 ms)
[ok]: failover with timeout aborts if replica never catches up (559 ms)
[ok]: failovers can be aborted (21 ms)
[ok]: corrupt payload: OOM in rdbGenericLoadStringObject (128 ms)
[ok]: SPUBLISH/SSUBSCRIBE basics (4 ms)
[ok]: SPUBLISH/SSUBSCRIBE with two clients (1 ms)
[ok]: SPUBLISH/SSUBSCRIBE after UNSUBSCRIBE without arguments (2 ms)
[ok]: SSUBSCRIBE to one channel more than once (3 ms)
[ok]: SUNSUBSCRIBE from non-subscribed channels (1 ms)
[ok]: PUBSUB command basics (2 ms)
[ok]: SPUBLISH/SSUBSCRIBE with two clients (3 ms)
[ok]: SPUBLISH/SSUBSCRIBE with PUBLISH/SUBSCRIBE (7 ms)
[ok]: Test replication partial resync: no backlog (diskless: no, disabled, reconnect: 1) (7899 ms)
[ok]: PubSubShard with CLIENT REPLY OFF (100 ms)
[ok]: corrupt payload: fuzzer findings - OOM in dictExpand (231 ms)
[ok]: corrupt payload: fuzzer findings - zset ziplist invalid tail offset (118 ms)
[ok]: failover aborts if target rejects sync request (527 ms)
[ok]: corrupt payload: fuzzer findings - negative reply length (129 ms)
[ok]: Slave should be able to synchronize with the master (101 ms)
[ok]: setup replication for following tests (107 ms)
[ok]: publish message to master and receive on replica (4 ms)
[ok]: corrupt payload: fuzzer findings - valgrind negative malloc (127 ms)
[ok]: corrupt payload: fuzzer findings - valgrind invalid read (126 ms)
[ok]: PSYNC2 pingoff: pause replica and promote it (5001 ms)
[ok]: corrupt payload: fuzzer findings - empty hash ziplist (224 ms)
[ok]: corrupt payload: fuzzer findings - stream with no records (34 ms)
[ok]: Fuzzer corrupt restore payloads - sanitize_dump: no (9258 ms)
[ok]: corrupt payload: fuzzer findings - quicklist ziplist tail followed by extra data which start with 0xff (226 ms)
[ok]: PSYNC2: Partial resync after Master restart using RDB aux fields with expire (2228 ms)
[39/84 done]: unit/pubsubshard (2 seconds)
Testing unit/slowlog
[ok]: corrupt payload: fuzzer findings - dict init to huge size (129 ms)
[ok]: SLOWLOG - check that it starts with an empty log (3 ms)
[ok]: Detect write load to master (1004 ms)
[40/84 done]: integration/failover (6 seconds)
Testing unit/scripting
[ok]: corrupt payload: fuzzer findings - huge string (228 ms)
[ok]: SLOWLOG - only logs commands taking more time than specified (202 ms)
[ok]: corrupt payload: fuzzer findings - stream PEL without consumer (119 ms)
[ok]: EVAL - Does Lua interpreter replies to our requests? (1 ms)
[ok]: EVAL - Return _G (1 ms)
[ok]: EVAL - Return table with a metatable that raise error (1 ms)
[ok]: EVAL - Return table with a metatable that call redis (1 ms)
[ok]: EVAL - Lua integer -> Redis protocol type conversion (0 ms)
[ok]: EVAL - Lua string -> Redis protocol type conversion (1 ms)
[ok]: SLOWLOG - max entries is correctly handled (45 ms)
[ok]: EVAL - Lua true boolean -> Redis protocol type conversion (0 ms)
[ok]: SLOWLOG - GET optional argument to limit output len works (1 ms)
[ok]: EVAL - Lua false boolean -> Redis protocol type conversion (1 ms)
[ok]: SLOWLOG - RESET subcommand works (0 ms)
[ok]: EVAL - Lua status code reply -> Redis protocol type conversion (0 ms)
[ok]: EVAL - Lua error reply -> Redis protocol type conversion (0 ms)
[ok]: EVAL - Lua table -> Redis protocol type conversion (1 ms)
[ok]: EVAL - Are the KEYS and ARGV arrays populated correctly? (0 ms)
[ok]: EVAL - is Lua able to call Redis API? (0 ms)
[ok]: EVAL - Redis integer -> Lua type conversion (2 ms)
[ok]: EVAL - Redis bulk -> Lua type conversion (0 ms)
[ok]: EVAL - Redis multi bulk -> Lua type conversion (1 ms)
[ok]: EVAL - Redis status reply -> Lua type conversion (0 ms)
[ok]: EVAL - Redis error reply -> Lua type conversion (0 ms)
[ok]: EVAL - Redis nil bulk reply -> Lua type conversion (1 ms)
[ok]: EVAL - Is the Lua client using the currently selected DB? (0 ms)
[ok]: EVAL - SELECT inside Lua should not affect the caller (0 ms)
[ok]: EVAL - Scripts can't run blpop command (1 ms)
[ok]: EVAL - Scripts can't run brpop command (0 ms)
[ok]: EVAL - Scripts can't run brpoplpush command (1 ms)
[ok]: EVAL - Scripts can't run blmove command (1 ms)
[ok]: EVAL - Scripts can't run bzpopmin command (0 ms)
[ok]: EVAL - Scripts can't run bzpopmax command (1 ms)
[ok]: EVAL - Scripts can't run XREAD and XREADGROUP with BLOCK option (2 ms)
[ok]: EVAL - Scripts can run non-deterministic commands (1 ms)
[ok]: EVAL - No arguments to redis.call/pcall is considered an error (1 ms)
[ok]: EVAL - redis.call variant raises a Lua error on Redis cmd error (1) (0 ms)
[ok]: EVAL - redis.call variant raises a Lua error on Redis cmd error (1) (1 ms)
[ok]: EVAL - redis.call variant raises a Lua error on Redis cmd error (1) (1 ms)
[ok]: EVAL - JSON numeric decoding (0 ms)
[ok]: EVAL - JSON string decoding (1 ms)
[ok]: EVAL - JSON smoke test (3 ms)
[ok]: EVAL - cmsgpack can pack double? (2 ms)
[ok]: EVAL - cmsgpack can pack negative int64? (4 ms)
[ok]: Make the old master a replica of the new one and check conditions (1002 ms)
[ok]: corrupt payload: fuzzer findings - stream listpack valgrind issue (137 ms)
[ok]: Dumping an RDB - functions only: no (3909 ms)
[ok]: SLOWLOG - logged entry sanity check (204 ms)
[ok]: SLOWLOG - Certain commands are omitted that contain sensitive information (13 ms)
[ok]: SLOWLOG - Some commands can redact sensitive fields (7 ms)
[ok]: corrupt payload: fuzzer findings - stream with bad lpFirst (134 ms)
[ok]: SLOWLOG - Rewritten commands are logged as their original command (24 ms)
[ok]: SLOWLOG - commands with too many arguments are trimmed (1 ms)
[ok]: SLOWLOG - too long arguments are trimmed (1 ms)
[ok]: corrupt payload: fuzzer findings - stream listpack lpPrev valgrind issue (47 ms)
[ok]: corrupt payload: fuzzer findings - stream with non-integer entry id (127 ms)
[ok]: SLOWLOG - EXEC is not logged, just executed commands (207 ms)
[ok]: corrupt payload: fuzzer findings - empty quicklist (121 ms)
[ok]: corrupt payload: fuzzer findings - empty zset (115 ms)
[ok]: SLOWLOG - can clean older entries (203 ms)
[ok]: EVAL - cmsgpack pack/unpack smoke test (680 ms)
[ok]: EVAL - cmsgpack can pack and unpack circular references? (1 ms)
[ok]: EVAL - Numerical sanity check from bitop (1 ms)
[ok]: EVAL - Verify minimal bitop functionality (0 ms)
[ok]: EVAL - Able to parse trailing comments (1 ms)
[ok]: EVAL_RO - Successful case (1 ms)
[ok]: EVAL_RO - Cannot run write commands (1 ms)
[ok]: redis.sha1hex() implementation (6 ms)
[ok]: Globals protection reading an undeclared global variable (1 ms)
[ok]: Globals protection setting an undeclared global* (1 ms)
[ok]: Test an example script DECR_IF_GT (5 ms)
[ok]: corrupt payload: fuzzer findings - hash with len of 0 (230 ms)
[ok]: SLOWLOG - can be disabled (405 ms)
[ok]: SLOWLOG - count must be >= -1 (0 ms)
[ok]: SLOWLOG - get all slow logs (1 ms)
[ok]: corrupt payload: fuzzer findings - hash listpack first element too long entry len (230 ms)
[41/84 done]: unit/slowlog (1 seconds)
Testing unit/functions
[ok]: FUNCTION - Basic usage (0 ms)
[ok]: FUNCTION - Load with unknown argument (0 ms)
[ok]: FUNCTION - Create an already exiting library raise error (0 ms)
[ok]: FUNCTION - Create an already exiting library raise error (case insensitive) (0 ms)
[ok]: FUNCTION - Create a library with wrong name format (1 ms)
[ok]: FUNCTION - Create library with unexisting engine (0 ms)
[ok]: FUNCTION - Test uncompiled script (0 ms)
[ok]: FUNCTION - test replace argument (0 ms)
[ok]: FUNCTION - test function case insensitive (0 ms)
[ok]: FUNCTION - test replace argument with failure keeps old libraries (1 ms)
[ok]: FUNCTION - test function delete (0 ms)
[ok]: FUNCTION - test fcall bad arguments (1 ms)
[ok]: FUNCTION - test fcall bad number of keys arguments (0 ms)
[ok]: FUNCTION - test fcall negative number of keys (4 ms)
[ok]: FUNCTION - test delete on not exiting library (1 ms)
[ok]: FUNCTION - test function kill when function is not running (0 ms)
[ok]: corrupt payload: fuzzer findings - stream double free listpack when insert dup node to rax returns 0 (118 ms)
[ok]: FUNCTION - test wrong subcommand (1 ms)
[ok]: FUNCTION - test loading from rdb (0 ms)
[ok]: FUNCTION - test debug reload different options (2 ms)
[ok]: FUNCTION - test debug reload with nosave and noflush (1 ms)
[ok]: FUNCTION - test flushall and flushdb do not clean functions (1 ms)
[ok]: FUNCTION - test function dump and restore (0 ms)
[ok]: FUNCTION - test function dump and restore with flush argument (0 ms)
[ok]: FUNCTION - test function dump and restore with append argument (1 ms)
[ok]: FUNCTION - test function dump and restore with replace argument (1 ms)
[ok]: FUNCTION - test function restore with bad payload do not drop existing functions (0 ms)
[ok]: FUNCTION - test function restore with wrong number of arguments (0 ms)
[ok]: FUNCTION - test fcall_ro with write command (1 ms)
[ok]: FUNCTION - test fcall_ro with read only commands (0 ms)
[ok]: FUNCTION - test keys and argv (0 ms)
[ok]: FUNCTION - test command get keys on fcall (0 ms)
[ok]: FUNCTION - test command get keys on fcall_ro (0 ms)
[ok]: Dumping an RDB - functions only: yes (1216 ms)
[ok]: Test replication with blocking lists and sorted sets operations (25004 ms)
[ok]: corrupt payload: fuzzer findings - LCS OOM (233 ms)
[ok]: Scan mode (128 ms)
[ok]: PSYNC2: generate load while killing replication links (5000 ms)
[ok]: PSYNC2: cluster is consistent after load (x = 38326) (1 ms)
[ok]: PSYNC2: total sum of full synchronizations is exactly 4 (6 ms)
[ok]: PSYNC2: --- CYCLE 2 --- (0 ms)
[ok]: PSYNC2: [NEW LAYOUT] Set #4 as master (0 ms)
[ok]: PSYNC2: Set #0 to replicate from #3 (1 ms)
[ok]: EVAL does not leak in the Lua stack (822 ms)
[ok]: Call Redis command with many args from Lua (issue #1764) (1 ms)
[ok]: Number conversion precision test (issue #1118) (0 ms)
[ok]: String containing number precision test (regression of issue #1118) (0 ms)
[ok]: Verify negative arg count is error instead of crash (issue #1842) (0 ms)
[ok]: Scripts can handle commands with incorrect arity (0 ms)
[ok]: Correct handling of reused argv (issue #1939) (0 ms)
[ok]: Functions in the Redis namespace are able to report errors (0 ms)
[ok]: CLUSTER RESET can not be invoke from within a script (0 ms)
[ok]: Script with RESP3 map (0 ms)
[42/84 done]: integration/block-repl (27 seconds)
Testing unit/maxmemory
[ok]: PSYNC2 #3899 regression: kill first replica (0 ms)
[ok]: Script return recursive object (48 ms)
[ok]: corrupt payload: fuzzer findings - gcc asan reports false leak on assert (145 ms)
[ok]: Script check unpack with massive arguments (5 ms)
[ok]: Script read key with expiration set (0 ms)
[ok]: Script del key with expiration set (0 ms)
[ok]: Script ACL check (2 ms)
[ok]: Binary code loading failed (0 ms)
[ok]: Try trick global protection 1 (0 ms)
[ok]: Try trick global protection 2 (0 ms)
[ok]: Try trick global protection 3 (0 ms)
[ok]: Try trick global protection 4 (1 ms)
[ok]: Try trick readonly table on redis table (0 ms)
[ok]: Try trick readonly table on json table (0 ms)
[ok]: Try trick readonly table on cmsgpack table (1 ms)
[ok]: Try trick readonly table on bit table (0 ms)
[ok]: Test loadfile are not available (0 ms)
[ok]: Test dofile are not available (0 ms)
[ok]: Test print are not available (0 ms)
[ok]: FUNCTION - test function kill (418 ms)
[ok]: dismiss client output buffer (3515 ms)
[ok]: corrupt payload: fuzzer findings - lpFind invalid access (149 ms)
[ok]: eviction due to output buffers of many MGET clients, client eviction: false (84 ms)
[ok]: PSYNC2 #3899 regression: kill chained replica (1 ms)
[ok]: dismiss client query buffer (203 ms)
[ok]: corrupt payload: fuzzer findings - invalid access in ziplist tail prevlen decoding (224 ms)
[ok]: PSYNC2 #3899 regression: kill first replica (0 ms)
[ok]: FUNCTION - test script kill not working on function (402 ms)
[ok]: eviction due to input buffer of a dead client, client eviction: false (353 ms)
[ok]: Timedout read-only scripts can be killed by SCRIPT KILL (409 ms)
[ok]: corrupt payload: fuzzer findings - zset zslInsert with a NAN score (239 ms)
[ok]: Timedout read-only scripts can be killed by SCRIPT KILL even when use pcall (176 ms)
[ok]: PSYNC2: Full resync after Master restart when too many key expired (2916 ms)
[ok]: FUNCTION - test function kill not working on eval (405 ms)
[ok]: FUNCTION - test function flush (0 ms)
[ok]: FUNCTION - test function wrong argument (0 ms)
[ok]: corrupt payload: fuzzer findings - streamLastValidID panic (238 ms)
[ok]: Timedout script does not cause a false dead client (179 ms)
[ok]: PSYNC2: Set #1 to replicate from #4 (1 ms)
[ok]: PSYNC2: Set #2 to replicate from #1 (0 ms)
[ok]: corrupt payload: fuzzer findings - valgrind fishy value warning (118 ms)
[43/84 done]: integration/corrupt-dump (13 seconds)
Testing unit/introspection
[ok]: PSYNC2 #3899 regression: kill first replica (1 ms)
[ok]: eviction due to output buffers of pubsub, client eviction: false (480 ms)
[44/84 done]: integration/psync2-master-restart (10 seconds)
Testing unit/introspection-2
[ok]: Timedout script link is still usable after Lua returns (152 ms)
[ok]: eviction due to output buffers of many MGET clients, client eviction: true (64 ms)
[ok]: PING (1 ms)
[ok]: CLIENT LIST (2 ms)
[ok]: CLIENT LIST with IDs (3 ms)
[ok]: CLIENT INFO (0 ms)
[ok]: CLIENT KILL with illegal arguments (16 ms)
[ok]: CLIENT KILL SKIPME YES/NO will kill all clients (2 ms)
[ok]: CLIENT REPLY OFF/ON: disable all commands reply (42 ms)
[ok]: CLIENT REPLY SKIP: skip the next command reply (52 ms)
[ok]: CLIENT REPLY ON: unset SKIP flag (44 ms)
[ok]: MONITOR can log executed commands (1 ms)
[ok]: MONITOR can log commands issued by the scripting engine (0 ms)
[ok]: MONITOR can log commands issued by functions (0 ms)
[ok]: MONITOR supports redacting command arguments (1 ms)
[ok]: MONITOR correctly handles multi-exec cases (1 ms)
[ok]: CLIENT GETNAME should return NIL if name is not assigned (0 ms)
[ok]: CLIENT LIST shows empty fields for unassigned names (0 ms)
[ok]: CLIENT SETNAME does not accept spaces (0 ms)
[ok]: CLIENT SETNAME can assign a name to this connection (1 ms)
[ok]: CLIENT SETNAME can change the name of an existing connection (0 ms)
[ok]: After CLIENT SETNAME, connection can still be closed (8 ms)
[ok]: Connect a replica to the master instance (102 ms)
[ok]: Timedout scripts and unblocked command (278 ms)
[ok]: PSYNC2 #3899 regression: kill first replica (0 ms)
[ok]: eviction due to input buffer of a dead client, client eviction: true (328 ms)
[ok]: dismiss replication backlog (1255 ms)
[ok]: eviction due to output buffers of pubsub, client eviction: true (109 ms)
[45/84 done]: integration/dismiss-mem (6 seconds)
Testing unit/limits
[ok]: Timedout scripts that modified data can't be killed by SCRIPT KILL (207 ms)
[ok]: SHUTDOWN NOSAVE can kill a timedout script anyway (3 ms)
[ok]: Without maxmemory small integers are shared (1 ms)
[ok]: With maxmemory and non-LRU policy integers are still shared (1 ms)
[ok]: With maxmemory and LRU policy integers are not shared (2 ms)
[ok]: Before the replica connects we issue two EVAL commands (1 ms)
[ok]: PSYNC2: Set #3 to replicate from #1 (0 ms)
[ok]: PSYNC2: cluster is consistent after failover (1 ms)
[ok]: Connect a replica to the master instance (102 ms)
[ok]: PSYNC2 #3899 regression: kill chained replica (1 ms)
[ok]: Connecting as a replica (2135 ms)
[ok]: FUNCTION - creation is replicated to replica (708 ms)
[ok]: FUNCTION - call on replica (0 ms)
[ok]: FUNCTION - restore is replicated to replica (1 ms)
[ok]: FUNCTION - delete is replicated to replica (1 ms)
[ok]: FUNCTION - flush is replicated to replica (1 ms)
[ok]: maxmemory - is the memory limit honoured? (policy allkeys-random) (316 ms)
[ok]: Disconnecting the replica from master instance (103 ms)
[ok]: FUNCTION - test replication to replica on rdb phase (0 ms)
[ok]: FUNCTION - test replication to replica on rdb phase info command (1 ms)
[ok]: FUNCTION - create on read only replica (1 ms)
[ok]: FUNCTION - delete on read only replica (0 ms)
[ok]: CONFIG save params special case handled properly (911 ms)
[ok]: CONFIG sanity (44 ms)
[ok]: CONFIG REWRITE sanity (136 ms)
[ok]: PSYNC2 #3899 regression: kill first replica (0 ms)
[ok]: PSYNC2 #3899 regression: kill chained replica (0 ms)
[ok]: Check if maxclients works refusing connections (910 ms)
[ok]: PSYNC2 #3899 regression: kill chained replica (1 ms)
[ok]: Replication of script multiple pushes to list with BLPOP (711 ms)
[ok]: Lua scripts using SELECT are replicated correctly (2 ms)
[46/84 done]: unit/limits (1 seconds)
Testing unit/obuf-limits
[ok]: CONFIG SET client-output-buffer-limit (3 ms)
[ok]: CONFIG REWRITE handles save and shutdown properly (533 ms)
[ok]: CONFIG SET with multiple args (2 ms)
[ok]: CONFIG SET rollback on set error (1 ms)
[ok]: CONFIG SET rollback on apply error (6 ms)
[ok]: CONFIG SET duplicate configs (0 ms)
[ok]: CONFIG SET set immutable (1 ms)
[ok]: CONFIG GET hidden configs (6 ms)
[ok]: CONFIG GET multiple args (1 ms)
[ok]: maxmemory - is the memory limit honoured? (policy allkeys-lru) (864 ms)
[ok]: Piping raw protocol (914 ms)
[ok]: Options -X with illegal argument (7 ms)
[ok]: DUMP RESTORE with -x option (20 ms)
[ok]: redis-server command line arguments - error cases (38 ms)
[ok]: DUMP RESTORE with -X option (26 ms)
[ok]: FUNCTION - function effect is replicated to replica (912 ms)
[ok]: FUNCTION - modify key space of read only replica (1 ms)
[47/84 done]: integration/redis-cli (10 seconds)
Testing unit/bitops
[ok]: redis-server command line arguments - allow passing option name and option value in the same arg (124 ms)
[ok]: maxmemory - is the memory limit honoured? (policy allkeys-lfu) (234 ms)
[ok]: Replication: commands with many arguments (issue #1221) (13461 ms)
[ok]: BITCOUNT returns 0 against non existing key (0 ms)
[ok]: BITCOUNT returns 0 with out of range indexes (1 ms)
[ok]: BITCOUNT returns 0 with negative indexes where start > end (1 ms)
[ok]: BITCOUNT against test vector #1 (1 ms)
[ok]: BITCOUNT against test vector #2 (1 ms)
[ok]: BITCOUNT against test vector #3 (0 ms)
[ok]: BITCOUNT against test vector #4 (0 ms)
[ok]: BITCOUNT against test vector #5 (0 ms)
[ok]: PSYNC2 #3899 regression: kill chained replica (0 ms)
[ok]: PSYNC2 #3899 regression: kill first replica (0 ms)
[ok]: redis-server command line arguments - wrong usage that we support anyway (241 ms)
[ok]: maxmemory - is the memory limit honoured? (policy volatile-lru) (333 ms)
[ok]: BITCOUNT fuzzing without start/end (342 ms)
[ok]: redis-server command line arguments - allow option value to use the `--` prefix (223 ms)
[ok]: ziplist implementation: value encoding and backlink (10414 ms)
[ok]: redis-server command line arguments - option name and option value in the same arg and `--` prefix (133 ms)
[ok]: test various edge cases of repl topology changes with missing pings at the end (4632 ms)
[ok]: Connect a replica to the master instance (103 ms)
[ok]: maxmemory - is the memory limit honoured? (policy volatile-lfu) (380 ms)
[ok]: Redis.replicate_commands() can be issued anywhere now (0 ms)
[ok]: Redis.set_repl() can be issued before replicate_commands() now (1 ms)
[ok]: Redis.set_repl() don't accept invalid values (1 ms)
[ok]: TTL, TYPE and EXISTS do not alter the last access time of a key (3003 ms)
[ok]: Replication of SPOP command -- alsoPropagate() API (959 ms)
[ok]: BITCOUNT fuzzing with start/end (721 ms)
[ok]: maxmemory - is the memory limit honoured? (policy volatile-random) (400 ms)
[ok]: BITCOUNT with start, end (5 ms)
[ok]: BITCOUNT syntax error #1 (0 ms)
[ok]: BITCOUNT syntax error #2 (1 ms)
[ok]: BITCOUNT regression test for github issue #582 (1 ms)
[ok]: BITCOUNT misaligned prefix (1 ms)
[ok]: BITCOUNT misaligned prefix + full words + remainder (0 ms)
[ok]: BITOP NOT (empty string) (0 ms)
[ok]: BITOP NOT (known string) (1 ms)
[ok]: BITOP where dest and target are the same key (0 ms)
[ok]: BITOP AND|OR|XOR don't change the string with single input key (3 ms)
[ok]: BITOP missing key is considered a stream of zero (1 ms)
[ok]: BITOP shorter keys are zero-padded to the key with max length (4 ms)
[ok]: FUNCTION can processes create, delete and flush commands in AOF when doing "debug loadaof" in read-only slaves (330 ms)
[ok]: LIBRARIES - test shared function can access default globals (2 ms)
[ok]: LIBRARIES - usage and code sharing (1 ms)
[ok]: LIBRARIES - test registration failure revert the entire load (1 ms)
[ok]: LIBRARIES - test registration function name collision (2 ms)
[ok]: LIBRARIES - test registration function name collision on same library (1 ms)
[ok]: LIBRARIES - test registration with no argument (0 ms)
[ok]: LIBRARIES - test registration with only name (1 ms)
[ok]: LIBRARIES - test registration with to many arguments (0 ms)
[ok]: LIBRARIES - test registration with no string name (0 ms)
[ok]: LIBRARIES - test registration with wrong name format (0 ms)
[ok]: LIBRARIES - test registration with empty name (1 ms)
[ok]: LIBRARIES - math.random from function load (0 ms)
[ok]: LIBRARIES - redis.call from function load (1 ms)
[ok]: LIBRARIES - redis.setresp from function load (0 ms)
[ok]: LIBRARIES - redis.set_repl from function load (0 ms)
[ok]: LIBRARIES - malicious access test (2 ms)
[ok]: LIBRARIES - delete removed all functions on library (0 ms)
[ok]: LIBRARIES - register function inside a function (3 ms)
[ok]: LIBRARIES - register library with no functions (5 ms)
[ok]: BITOP and fuzzing (312 ms)
[ok]: redis-server command line arguments - save with empty input (935 ms)
[ok]: maxmemory - is the memory limit honoured? (policy volatile-ttl) (354 ms)
[ok]: redis-server command line arguments - take one bulk string with spaces for MULTI_ARG configs parsing (113 ms)
[ok]: Test selective replication of certain Redis commands from Lua (911 ms)
[ok]: PRNG is seeded randomly for command replication (6 ms)
[ok]: cannot modify protected configuration - no (1 ms)
[ok]: Using side effects is not a problem with command replication (1 ms)
[ok]: First server should have role slave after SLAVEOF (3 ms)
[ok]: cannot modify protected configuration - local (3 ms)
[ok]: BITOP or fuzzing (351 ms)
[ok]: LIBRARIES - load timeout (501 ms)
[ok]: LIBRARIES - verify global protection on the load run (1 ms)
[ok]: LIBRARIES - named arguments (0 ms)
[ok]: LIBRARIES - named arguments, bad function name (0 ms)
[ok]: LIBRARIES - named arguments, bad callback type (0 ms)
[ok]: LIBRARIES - named arguments, bad description (0 ms)
[ok]: LIBRARIES - named arguments, unknown argument (0 ms)
[ok]: LIBRARIES - named arguments, missing function name (1 ms)
[ok]: LIBRARIES - named arguments, missing callback (0 ms)
[ok]: FUNCTION - test function restore with function name collision (7 ms)
[ok]: FUNCTION - test function list with code (2 ms)
[ok]: FUNCTION - test function list with pattern (1 ms)
[ok]: FUNCTION - test function list wrong argument (0 ms)
[ok]: FUNCTION - test function list with bad argument to library name (1 ms)
[ok]: FUNCTION - test function list withcode multiple times (1 ms)
[ok]: FUNCTION - test function list libraryname multiple times (0 ms)
[ok]: FUNCTION - verify OOM on function load and function restore (2 ms)
[ok]: FUNCTION - verify allow-omm allows running any command (1 ms)
[ok]: maxmemory - only allkeys-* should remove non-volatile keys (allkeys-random) (583 ms)
[ok]: BITOP xor fuzzing (268 ms)
[ok]: FUNCTION - wrong flags type named arguments (0 ms)
[ok]: FUNCTION - wrong flag type (1 ms)
[ok]: FUNCTION - unknown flag (0 ms)
[ok]: FUNCTION - write script on fcall_ro (1 ms)
[ok]: FUNCTION - write script with no-writes flag (1 ms)
[ok]: FUNCTION - deny oom (2 ms)
[ok]: FUNCTION - deny oom on no-writes function (1 ms)
[ok]: FUNCTION - allow stale (3 ms)
[ok]: FUNCTION - redis version api (2 ms)
[ok]: FUNCTION - function stats (1 ms)
[ok]: BITOP NOT fuzzing (45 ms)
[ok]: BITOP with integer encoded source objects (1 ms)
[ok]: FUNCTION - function stats reloaded correctly from rdb (2 ms)
[ok]: FUNCTION - function stats delete library (1 ms)
[ok]: BITOP with non string source key (1 ms)
[ok]: BITOP with empty string after non empty string (issue #529) (2 ms)
[ok]: FUNCTION - test function stats on loading failure (2 ms)
[ok]: FUNCTION - function stats cleaned after flush (0 ms)
[ok]: BITPOS bit=0 with empty key returns 0 (1 ms)
[ok]: FUNCTION - function test empty engine (1 ms)
[ok]: BITPOS bit=1 with empty key returns -1 (0 ms)
[ok]: FUNCTION - function test unknown metadata value (0 ms)
[ok]: FUNCTION - function test no name (1 ms)
[ok]: BITPOS bit=0 with string less than 1 word works (1 ms)
[ok]: FUNCTION - function test multiple names (1 ms)
[ok]: FUNCTION - function test name with quotes (1 ms)
[ok]: FUNCTION - trick global protection 1 (1 ms)
[ok]: BITPOS bit=1 with string less than 1 word works (2 ms)
[ok]: FUNCTION - test getmetatable on script load (1 ms)
[ok]: BITPOS bit=0 starting at unaligned address (2 ms)
[ok]: BITPOS bit=1 starting at unaligned address (2 ms)
[ok]: BITPOS bit=0 unaligned+full word+reminder (7 ms)
[ok]: BITPOS bit=1 unaligned+full word+reminder (8 ms)
[ok]: BITPOS bit=1 returns -1 if string is all 0 bits (11 ms)
[ok]: BITPOS bit=0 works with intervals (2 ms)
[ok]: BITPOS bit=1 works with intervals (3 ms)
[ok]: BITPOS bit=0 changes behavior if end is given (1 ms)
[ok]: SETBIT/BITFIELD only increase dirty when the value changed (8 ms)
[48/84 done]: unit/functions (6 seconds)
Testing unit/bitfield
[ok]: BITFIELD signed SET and GET basics (2 ms)
[ok]: BITFIELD unsigned SET and GET basics (3 ms)
[ok]: BITFIELD signed SET and GET together (0 ms)
[ok]: BITFIELD unsigned with SET, GET and INCRBY arguments (2 ms)
[ok]: BITFIELD with only key as argument (0 ms)
[ok]: BITFIELD #<idx> form (5 ms)
[ok]: BITFIELD basic INCRBY form (1 ms)
[ok]: BITFIELD chaining of multiple commands (0 ms)
[ok]: BITFIELD unsigned overflow wrap (3 ms)
[ok]: BITFIELD unsigned overflow sat (1 ms)
[ok]: BITFIELD signed overflow wrap (2 ms)
[ok]: BITFIELD signed overflow sat (3 ms)
[ok]: maxmemory - only allkeys-* should remove non-volatile keys (allkeys-lru) (474 ms)
[ok]: Data divergence can happen under default conditions (894 ms)
[ok]: Data divergence is allowed on writable replicas (6 ms)
[ok]: test RESP2/2 big number protocol parsing (2 ms)
[ok]: test RESP2/2 malformed big number protocol parsing (1 ms)
[ok]: test RESP2/2 map protocol parsing (3 ms)
[ok]: test RESP2/2 set protocol parsing (0 ms)
[ok]: test RESP2/2 double protocol parsing (1 ms)
[ok]: test RESP2/2 null protocol parsing (0 ms)
[ok]: test RESP2/2 verbatim protocol parsing (1 ms)
[ok]: test RESP2/2 true protocol parsing (1 ms)
[ok]: test RESP2/2 false protocol parsing (0 ms)
[ok]: test RESP2/3 big number protocol parsing (2 ms)
[ok]: test RESP2/3 malformed big number protocol parsing (0 ms)
[ok]: test RESP2/3 map protocol parsing (0 ms)
[ok]: test RESP2/3 set protocol parsing (1 ms)
[ok]: test RESP2/3 double protocol parsing (0 ms)
[ok]: test RESP2/3 null protocol parsing (3 ms)
[ok]: test RESP2/3 verbatim protocol parsing (0 ms)
[ok]: test RESP2/3 true protocol parsing (1 ms)
[ok]: test RESP2/3 false protocol parsing (0 ms)
[ok]: test RESP3/2 big number protocol parsing (1 ms)
[ok]: test RESP3/2 malformed big number protocol parsing (1 ms)
[ok]: test RESP3/2 map protocol parsing (0 ms)
[ok]: test RESP3/2 set protocol parsing (1 ms)
[ok]: test RESP3/2 double protocol parsing (1 ms)
[ok]: test RESP3/2 null protocol parsing (0 ms)
[ok]: test RESP3/2 verbatim protocol parsing (0 ms)
[ok]: test RESP3/2 true protocol parsing (1 ms)
[ok]: test RESP3/2 false protocol parsing (1 ms)
[ok]: test RESP3/3 big number protocol parsing (1 ms)
[ok]: test RESP3/3 malformed big number protocol parsing (3 ms)
[ok]: test RESP3/3 map protocol parsing (0 ms)
[ok]: test RESP3/3 set protocol parsing (1 ms)
[ok]: test RESP3/3 double protocol parsing (0 ms)
[ok]: test RESP3/3 null protocol parsing (0 ms)
[ok]: test RESP3/3 verbatim protocol parsing (0 ms)
[ok]: test RESP3/3 true protocol parsing (0 ms)
[ok]: test RESP3/3 false protocol parsing (1 ms)
[ok]: test resp3 attribute protocol parsing (1 ms)
[ok]: Script block the time during execution (11 ms)
[ok]: Script delete the expired key (3 ms)
[49/84 done]: integration/replication-4 (30 seconds)
Testing unit/geo
[ok]: GEO with wrong type src key (4 ms)
[ok]: GEO with non existing src key (3 ms)
[ok]: GEO BYLONLAT with empty search (2 ms)
[ok]: BITPOS bit=1 fuzzy testing using SETBIT (777 ms)
[ok]: GEO BYMEMBER with non existing member (2 ms)
[ok]: GEOADD create (0 ms)
[ok]: GEOADD update (1 ms)
[ok]: GEOADD update with CH option (1 ms)
[ok]: GEOADD update with NX option (1 ms)
[ok]: GEOADD update with XX option (2 ms)
[ok]: GEOADD update with CH NX option (0 ms)
[ok]: GEOADD update with CH XX option (1 ms)
[ok]: GEOADD update with XX NX option will return syntax error (0 ms)
[ok]: GEOADD update with invalid option (1 ms)
[ok]: GEOADD invalid coordinates (0 ms)
[ok]: GEOADD multi add (1 ms)
[ok]: Check geoset values (0 ms)
[ok]: config during loading (1113 ms)
[ok]: GEORADIUS simple (sorted) (0 ms)
[ok]: GEOSEARCH simple (sorted) (1 ms)
[ok]: GEOSEARCH FROMLONLAT and FROMMEMBER cannot exist at the same time (2 ms)
[ok]: GEOSEARCH FROMLONLAT and FROMMEMBER one must exist (1 ms)
[ok]: GEOSEARCH BYRADIUS and BYBOX cannot exist at the same time (0 ms)
[ok]: GEOSEARCH BYRADIUS and BYBOX one must exist (1 ms)
[ok]: GEOSEARCH with STOREDIST option (5 ms)
[ok]: GEORADIUS withdist (sorted) (1 ms)
[ok]: GEOSEARCH withdist (sorted) (1 ms)
[ok]: GEORADIUS with COUNT (0 ms)
[ok]: GEORADIUS with ANY not sorted by default (0 ms)
[ok]: GEORADIUS with ANY sorted by ASC (0 ms)
[ok]: GEORADIUS with ANY but no COUNT (0 ms)
[ok]: GEORADIUS with COUNT but missing integer argument (1 ms)
[ok]: GEORADIUS with COUNT DESC (0 ms)
[ok]: GEORADIUS HUGE, issue #2767 (1 ms)
[ok]: GEORADIUSBYMEMBER simple (sorted) (1 ms)
[ok]: GEORADIUSBYMEMBER search areas contain satisfied points in oblique direction (2 ms)
[ok]: GEORADIUSBYMEMBER crossing pole search (1 ms)
[ok]: GEOSEARCH FROMMEMBER simple (sorted) (0 ms)
[ok]: GEOSEARCH vs GEORADIUS (1 ms)
[ok]: GEOSEARCH non square, long and narrow (2 ms)
[ok]: Script - disallow write on OOM (1 ms)
[ok]: GEOSEARCH corner point test (2 ms)
[ok]: EVAL - Does Lua interpreter replies to our requests? (0 ms)
[ok]: GEORADIUSBYMEMBER withdist (sorted) (0 ms)
[ok]: GEOHASH is able to return geohash strings (1 ms)
[ok]: EVAL - Return _G (0 ms)
[ok]: GEOPOS simple (2 ms)
[ok]: EVAL - Return table with a metatable that raise error (0 ms)
[ok]: EVAL - Return table with a metatable that call redis (1 ms)
[ok]: GEOPOS missing element (3 ms)
[ok]: EVAL - Lua integer -> Redis protocol type conversion (0 ms)
[ok]: EVAL - Lua string -> Redis protocol type conversion (0 ms)
[ok]: GEODIST simple & unit (2 ms)
[ok]: EVAL - Lua true boolean -> Redis protocol type conversion (0 ms)
[ok]: GEODIST missing elements (1 ms)
[ok]: EVAL - Lua false boolean -> Redis protocol type conversion (0 ms)
[ok]: EVAL - Lua status code reply -> Redis protocol type conversion (0 ms)
[ok]: GEORADIUS STORE option: syntax error (2 ms)
[ok]: EVAL - Lua error reply -> Redis protocol type conversion (1 ms)
[ok]: GEOSEARCHSTORE STORE option: syntax error (1 ms)
[ok]: EVAL - Lua table -> Redis protocol type conversion (0 ms)
[ok]: GEORANGE STORE option: incompatible options (1 ms)
[ok]: EVAL - Are the KEYS and ARGV arrays populated correctly? (0 ms)
[ok]: EVAL - is Lua able to call Redis API? (1 ms)
[ok]: EVALSHA - Can we call a SHA1 if already defined? (0 ms)
[ok]: GEORANGE STORE option: plain usage (2 ms)
[ok]: EVALSHA - Can we call a SHA1 in uppercase? (0 ms)
[ok]: EVALSHA - Do we get an error on invalid SHA1? (0 ms)
[ok]: EVALSHA - Do we get an error on non defined SHA1? (0 ms)
[ok]: EVAL - Redis integer -> Lua type conversion (1 ms)
[ok]: GEORADIUSBYMEMBER STORE/STOREDIST option: plain usage (4 ms)
[ok]: EVAL - Redis bulk -> Lua type conversion (1 ms)
[ok]: GEOSEARCHSTORE STORE option: plain usage (1 ms)
[ok]: EVAL - Redis multi bulk -> Lua type conversion (1 ms)
[ok]: EVAL - Redis status reply -> Lua type conversion (1 ms)
[ok]: EVAL - Redis error reply -> Lua type conversion (0 ms)
[ok]: EVAL - Redis nil bulk reply -> Lua type conversion (1 ms)
[ok]: EVAL - Is the Lua client using the currently selected DB? (1 ms)
[ok]: GEORANGE STOREDIST option: plain usage (3 ms)
[ok]: EVAL - SELECT inside Lua should not affect the caller (1 ms)
[ok]: GEOSEARCHSTORE STOREDIST option: plain usage (1 ms)
[ok]: EVAL - Scripts can't run blpop command (0 ms)
[ok]: EVAL - Scripts can't run brpop command (1 ms)
[ok]: EVAL - Scripts can't run brpoplpush command (0 ms)
[ok]: GEORANGE STOREDIST option: COUNT ASC and DESC (2 ms)
[ok]: EVAL - Scripts can't run blmove command (1 ms)
[ok]: EVAL - Scripts can't run bzpopmin command (0 ms)
[ok]: EVAL - Scripts can't run bzpopmax command (1 ms)
[ok]: GEOSEARCH the box spans -180° or 180° (2 ms)
[ok]: EVAL - Scripts can't run XREAD and XREADGROUP with BLOCK option (3 ms)
[ok]: GEOSEARCH with small distance (1 ms)
[ok]: EVAL - Scripts can run non-deterministic commands (0 ms)
[ok]: EVAL - No arguments to redis.call/pcall is considered an error (1 ms)
[ok]: EVAL - redis.call variant raises a Lua error on Redis cmd error (1) (1 ms)
[ok]: EVAL - redis.call variant raises a Lua error on Redis cmd error (1) (0 ms)
[ok]: EVAL - redis.call variant raises a Lua error on Redis cmd error (1) (2 ms)
[ok]: EVAL - JSON numeric decoding (0 ms)
[ok]: EVAL - JSON string decoding (0 ms)
[ok]: EVAL - JSON smoke test (1 ms)
[ok]: EVAL - cmsgpack can pack double? (0 ms)
[ok]: EVAL - cmsgpack can pack negative int64? (0 ms)
[ok]: PSYNC2 #3899 regression: kill chained replica (1 ms)
[ok]: BITFIELD overflow detection fuzzing (845 ms)
[ok]: maxmemory - only allkeys-* should remove non-volatile keys (volatile-lru) (770 ms)
[ok]: CONFIG REWRITE handles rename-command properly (366 ms)
[ok]: EVAL - cmsgpack pack/unpack smoke test (492 ms)
[ok]: EVAL - cmsgpack can pack and unpack circular references? (1 ms)
[ok]: EVAL - Numerical sanity check from bitop (1 ms)
[ok]: EVAL - Verify minimal bitop functionality (1 ms)
[ok]: EVAL - Able to parse trailing comments (0 ms)
[ok]: EVAL_RO - Successful case (3 ms)
[ok]: EVAL_RO - Cannot run write commands (1 ms)
[ok]: SCRIPTING FLUSH - is able to clear the scripts cache? (18 ms)
[ok]: SCRIPTING FLUSH ASYNC (11 ms)
[ok]: SCRIPT EXISTS - can detect already defined scripts? (0 ms)
[ok]: SCRIPT LOAD - is able to register scripts in the scripting cache (1 ms)
[ok]: SORT is normally not alpha re-ordered for the scripting engine (0 ms)
[ok]: SORT BY <constant> output gets ordered for scripting (0 ms)
[ok]: BITFIELD overflow wrap fuzzing (345 ms)
[ok]: SORT BY <constant> with GET gets ordered for scripting (1 ms)
[ok]: BITFIELD regression for #3221 (0 ms)
[ok]: redis.sha1hex() implementation (1 ms)
[ok]: Globals protection reading an undeclared global variable (0 ms)
[ok]: Globals protection setting an undeclared global* (0 ms)
[ok]: Test an example script DECR_IF_GT (1 ms)
[ok]: random numbers are random now (0 ms)
[ok]: Scripting engine PRNG can be seeded correctly (1 ms)
[ok]: BITFIELD regression for #3564 (4 ms)
[ok]: PSYNC2 #3899 regression: kill first replica (0 ms)
[ok]: BITPOS bit=0 fuzzy testing using SETBIT (784 ms)
[ok]: PSYNC2: generate load while killing replication links (5003 ms)
[ok]: PSYNC2: cluster is consistent after load (x = 48630) (1 ms)
[ok]: PSYNC2: total sum of full synchronizations is exactly 4 (3 ms)
[ok]: PSYNC2: --- CYCLE 3 --- (0 ms)
[ok]: PSYNC2: [NEW LAYOUT] Set #0 as master (1 ms)
[ok]: EVAL does not leak in the Lua stack (255 ms)
[ok]: PSYNC2: Set #4 to replicate from #1 (0 ms)
[ok]: BITFIELD: setup slave (103 ms)
[ok]: BITFIELD: write on master, read on slave (2 ms)
[ok]: BITFIELD_RO with only key as argument (0 ms)
[ok]: BITFIELD_RO fails when write option is used (0 ms)
[ok]: SPOP: We can call scripts rewriting client->argv from Lua (111 ms)
[ok]: TOUCH alters the last access time of a key (3002 ms)
[ok]: TOUCH returns the number of existing keys specified (0 ms)
[ok]: command stats for GEOADD (1 ms)
[ok]: errors stats for GEOADD (0 ms)
[ok]: command stats for EXPIRE (0 ms)
[ok]: command stats for BRPOP (1 ms)
[ok]: maxmemory - only allkeys-* should remove non-volatile keys (volatile-random) (629 ms)
[ok]: command stats for MULTI (4 ms)
[ok]: command stats for scripts (2 ms)
[ok]: COMMAND GETKEYS GET (0 ms)
[ok]: COMMAND GETKEYSANDFLAGS (0 ms)
[ok]: COMMAND GETKEYS MEMORY USAGE (1 ms)
[ok]: COMMAND GETKEYS XGROUP (0 ms)
[ok]: COMMAND GETKEYS EVAL with keys (1 ms)
[ok]: COMMAND GETKEYS EVAL without keys (0 ms)
[ok]: COMMAND GETKEYS LCS (3 ms)
[ok]: COMMAND GETKEYS MORE THAN 256 KEYS (3 ms)
[ok]: COMMAND LIST syntax error (4 ms)
[ok]: COMMAND LIST WITHOUT FILTERBY (2 ms)
[ok]: COMMAND LIST FILTERBY ACLCAT against non existing category (3 ms)
[ok]: COMMAND LIST FILTERBY ACLCAT - list all commands/subcommands (0 ms)
[ok]: COMMAND LIST FILTERBY PATTERN - list all commands/subcommands (1 ms)
[ok]: COMMAND LIST FILTERBY MODULE against non existing module (0 ms)
[ok]: COMMAND INFO of invalid subcommands (1 ms)
[ok]: SET command will not be marked with movablekeys (0 ms)
[ok]: GET command will not be marked with movablekeys (1 ms)
[ok]: MSET command will not be marked with movablekeys (1 ms)
[ok]: BITFIELD command will not be marked with movablekeys (0 ms)
[ok]: LMOVE command will not be marked with movablekeys (1 ms)
[ok]: LPOP command will not be marked with movablekeys (1 ms)
[ok]: BLPOP command will not be marked with movablekeys (0 ms)
[ok]: PING command will not be marked with movablekeys (0 ms)
[ok]: MEMORY command will not be marked with movablekeys (1 ms)
[ok]: MEMORY|USAGE command will not be marked with movablekeys (0 ms)
[ok]: RENAME command will not be marked with movablekeys (1 ms)
[ok]: GEORADIUS_RO command will not be marked with movablekeys (0 ms)
[ok]: ZUNIONSTORE command is marked with movablekeys (1 ms)
[ok]: XREAD command is marked with movablekeys (0 ms)
[ok]: EVAL command is marked with movablekeys (0 ms)
[ok]: SORT command is marked with movablekeys (1 ms)
[ok]: SORT_RO command is marked with movablekeys (1 ms)
[ok]: MIGRATE command is marked with movablekeys (0 ms)
[ok]: GEORADIUS command is marked with movablekeys (3 ms)
[ok]: MGET: mget shouldn't be propagated in Lua (93 ms)
[50/84 done]: unit/introspection-2 (6 seconds)
Testing unit/memefficiency
[51/84 done]: unit/bitfield (2 seconds)
Testing unit/hyperloglog
[ok]: PSYNC2 #3899 regression: kill first replica (0 ms)
[ok]: EXPIRE: We can call scripts rewriting client->argv from Lua (104 ms)
[ok]: CONFIG REWRITE handles alias config properly (792 ms)
[52/84 done]: unit/introspection (6 seconds)
Testing unit/lazyfree
[ok]: Chained replicas disconnect when replica re-connect with the same master (2929 ms)
[ok]: PSYNC2 #3899 regression: kill first replica (0 ms)
[ok]: BITPOS/BITCOUNT fuzzy testing using SETBIT (651 ms)
[ok]: Test replication partial resync: ok after delay (diskless: no, disabled, reconnect: 1) (9378 ms)
[ok]: INCRBYFLOAT: We can call scripts expanding client->argv from Lua (341 ms)
[ok]: Call Redis command with many args from Lua (issue #1764) (1 ms)
[ok]: Number conversion precision test (issue #1118) (0 ms)
[ok]: String containing number precision test (regression of issue #1118) (0 ms)
[ok]: Verify negative arg count is error instead of crash (issue #1842) (0 ms)
[ok]: Scripts can handle commands with incorrect arity (1 ms)
[ok]: Correct handling of reused argv (issue #1939) (0 ms)
[ok]: UNLINK can reclaim memory in background (305 ms)
[ok]: Functions in the Redis namespace are able to report errors (1 ms)
[ok]: CLUSTER RESET can not be invoke from within a script (1 ms)
[ok]: Script with RESP3 map (1 ms)
[ok]: Memory efficiency with values in range 32 (403 ms)
[53/84 done]: unit/bitops (4 seconds)
Testing unit/wait
[ok]: Script return recursive object (136 ms)
[ok]: Script check unpack with massive arguments (12 ms)
[ok]: Script read key with expiration set (5 ms)
[ok]: Script del key with expiration set (1 ms)
[ok]: Script ACL check (3 ms)
[ok]: Binary code loading failed (1 ms)
[ok]: Try trick global protection 1 (1 ms)
[ok]: Try trick global protection 2 (0 ms)
[ok]: Try trick global protection 3 (2 ms)
[ok]: Try trick global protection 4 (1 ms)
[ok]: Try trick readonly table on redis table (0 ms)
[ok]: Try trick readonly table on json table (1 ms)
[ok]: Try trick readonly table on cmsgpack table (1 ms)
[ok]: Try trick readonly table on bit table (1 ms)
[ok]: Test loadfile are not available (5 ms)
[ok]: Test dofile are not available (2 ms)
[ok]: Test print are not available (2 ms)
[ok]: Fuzzer corrupt restore payloads - sanitize_dump: yes (10023 ms)
[54/84 done]: integration/corrupt-dump-fuzzer (20 seconds)
Testing unit/pause
[ok]: Setup slave (2 ms)
[ok]: maxmemory - only allkeys-* should remove non-volatile keys (volatile-ttl) (829 ms)
[ok]: Test read commands are not blocked by client pause (1 ms)
[ok]: Test write commands are paused by RO (2 ms)
[ok]: Test special commands are paused by RO (2 ms)
[ok]: Test read/admin mutli-execs are not blocked by pause RO (5 ms)
[ok]: Test write mutli-execs are blocked by pause RO (2 ms)
[ok]: Memory efficiency with values in range 64 (320 ms)
[ok]: Test scripts are blocked by pause RO (2 ms)
[ok]: Test RO scripts are not blocked by pause RO (1 ms)
[ok]: Test read-only scripts in mutli-exec are not blocked by pause RO (2 ms)
[ok]: Test write scripts in mutli-exec are blocked by pause RO (2 ms)
[ok]: Test may-replicate commands are rejected in RO scripts (0 ms)
[ok]: Test multiple clients can be queued up and unblocked (2 ms)
[ok]: Test clients with syntax errors will get responses immediately (0 ms)
[ok]: FLUSHDB ASYNC can reclaim memory in background (347 ms)
[ok]: PSYNC2: Set #1 to replicate from #0 (3 ms)
[ok]: Test both active and passive expires are skipped during client pause (102 ms)
[ok]: Test that client pause starts at the end of a transaction (5 ms)
[ok]: Slave should be able to synchronize with the master (100 ms)
[ok]: lazy free a stream with all types of metadata (188 ms)
[ok]: lazy free a stream with deleted cgroup (3 ms)
[55/84 done]: unit/lazyfree (1 seconds)
Testing unit/querybuf
[ok]: Memory efficiency with values in range 128 (349 ms)
[56/84 done]: integration/psync2-pingoff (17 seconds)
Testing unit/pendingquerybuf
[ok]: Timedout read-only scripts can be killed by SCRIPT KILL (409 ms)
[ok]: HyperLogLog self test passes (1128 ms)
[ok]: PFADD without arguments creates an HLL value (7 ms)
[ok]: Approximated cardinality after creation is zero (0 ms)
[ok]: PFADD returns 1 when at least 1 reg was modified (0 ms)
[ok]: PFADD returns 0 when no reg was modified (1 ms)
[ok]: PFADD works with empty string (regression) (0 ms)
[ok]: PFCOUNT returns approximated cardinality of set (1 ms)
[ok]: Timedout read-only scripts can be killed by SCRIPT KILL even when use pcall (71 ms)
[ok]: Timedout script does not cause a false dead client (77 ms)
[ok]: Memory efficiency with values in range 1024 (357 ms)
[ok]: Timedout script link is still usable after Lua returns (148 ms)
[ok]: WAIT should acknowledge 1 additional copy of the data (877 ms)
[ok]: Connect multiple replicas at the same time (issue #141), master diskless=no, replica diskless=disabled (16018 ms)
[ok]: maxmemory - policy volatile-lru should only remove volatile keys. (1008 ms)
[ok]: PSYNC2: Set #2 to replicate from #3 (1 ms)
[ok]: Timedout scripts and unblocked command (333 ms)
[ok]: Test when replica paused, offset would not grow (821 ms)
[ok]: Detect write load to master (1009 ms)
[ok]: Test replica offset would grow after unpause (1 ms)
[57/84 done]: unit/pause (1 seconds)
Testing unit/tls
[ok]: Timedout scripts that modified data can't be killed by SCRIPT KILL (212 ms)
[ok]: SHUTDOWN NOSAVE can kill a timedout script anyway (10 ms)
[58/84 done]: unit/tls (0 seconds)
Testing unit/tracking
[ok]: Before the replica connects we issue two EVAL commands (1 ms)
[ok]: Clients are able to enable tracking and redirect it (0 ms)
[ok]: The other connection is able to get invalidations (6 ms)
[ok]: The client is now able to disable tracking (1 ms)
[ok]: Clients can enable the BCAST mode with the empty prefix (0 ms)
[ok]: The connection gets invalidation messages about all the keys (0 ms)
[ok]: Clients can enable the BCAST mode with prefixes (2 ms)
[ok]: Adding prefixes to BCAST mode works (1 ms)
[ok]: Tracking NOLOOP mode in standard mode works (2 ms)
[ok]: Tracking NOLOOP mode in BCAST mode works (3 ms)
[ok]: Connect a replica to the master instance (103 ms)
[ok]: Now use EVALSHA against the master, with both SHAs (1 ms)
[ok]: 'x' should be '4' for EVALSHA being replicated by effects (0 ms)
[ok]: Replication of script multiple pushes to list with BLPOP (0 ms)
[ok]: EVALSHA replication when first call is readonly (0 ms)
[ok]: Lua scripts using SELECT are replicated correctly (2 ms)
[ok]: HyperLogLogs are promote from sparse to dense (1106 ms)
[ok]: WAIT should not acknowledge 2 additional copies of the data (1005 ms)
[ok]: maxmemory - policy volatile-lfu should only remove volatile keys. (969 ms)
[ok]: PSYNC2: Set #3 to replicate from #0 (0 ms)
[ok]: Memory efficiency with values in range 16384 (1345 ms)
[59/84 done]: unit/memefficiency (3 seconds)
Testing unit/oom-score-adj
[ok]: CONFIG SET oom-score-adj works as expected (16 ms)
[ok]: CONFIG SET oom-score-adj-values doesn't touch proc when disabled (2 ms)
[ok]: CONFIG SET oom score restored on disable (1 ms)
[ok]: CONFIG SET oom score relative and absolute (1 ms)
[ok]: CONFIG SET out-of-range oom score (1 ms)
[ok]: Tracking gets notification of expired keys (1001 ms)
[ok]: Tracking gets notification of lazy expired keys (103 ms)
[ok]: HELLO 3 reply is correct (0 ms)
[ok]: HELLO without protover (3 ms)
[ok]: RESP3 based basic invalidation (1 ms)
[ok]: RESP3 tracking redirection (2 ms)
[ok]: Invalidations of previous keys can be redirected after switching to RESP3 (0 ms)
[ok]: Invalidations of new keys can be redirected after switching to RESP3 (1 ms)
[ok]: Invalid keys should not be tracked for scripts in NOLOOP mode (2 ms)
[ok]: Tracking only occurs for scripts when a command calls a read-only command (7 ms)
[ok]: RESP3 Client gets tracking-redir-broken push message after cached key changed when rediretion client is terminated (2 ms)
[ok]: Different clients can redirect to the same connection (1 ms)
[ok]: Different clients using different protocols can track the same key (5 ms)
[ok]: No invalidation message when using OPTIN option (2 ms)
[ok]: Invalidation message sent when using OPTIN option with CLIENT CACHING yes (1 ms)
[ok]: Invalidation message sent when using OPTOUT option (2 ms)
[ok]: No invalidation message when using OPTOUT option with CLIENT CACHING no (3 ms)
[ok]: Able to redirect to a RESP3 client (4 ms)
[ok]: After switching from normal tracking to BCAST mode, no invalidation message is produced for pre-BCAST keys (1 ms)
[ok]: BCAST with prefix collisions throw errors (2 ms)
[ok]: hdel deliver invalidate message after response in the same connection (6 ms)
[ok]: Tracking invalidation message is not interleaved with multiple keys response (115 ms)
[ok]: Tracking invalidation message is not interleaved with transaction response (2 ms)
[ok]: Tracking invalidation message of eviction keys should be before response (13 ms)
[ok]: Unblocked BLMOVE gets notification after response (2 ms)
[ok]: Tracking gets notification on tracking table key eviction (24 ms)
[ok]: Invalidation message received for flushall (7 ms)
[ok]: PSYNC2 #3899 regression: kill first replica (0 ms)
[ok]: Invalidation message received for flushdb (9 ms)
[ok]: Connect a replica to the master instance (4 ms)
[ok]: Redis.replicate_commands() can be issued anywhere now (1 ms)
[ok]: Redis.set_repl() can be issued before replicate_commands() now (0 ms)
[ok]: Redis.set_repl() don't accept invalid values (0 ms)
[ok]: Test ASYNC flushall (11 ms)
[ok]: flushdb tracking invalidation message is not interleaved with transaction response (4 ms)
[ok]: query buffer resized correctly (2408 ms)
[ok]: WAIT should not acknowledge 1 additional copy if slave is blocked (1087 ms)
[ok]: PSYNC2 #3899 regression: kill chained replica (0 ms)
[ok]: PSYNC2: cluster is consistent after failover (1 ms)
[ok]: query buffer resized correctly when not idle (194 ms)
[ok]: maxmemory - policy volatile-random should only remove volatile keys. (1122 ms)
[ok]: Server is able to evacuate enough keys when num of keys surpasses limit by more than defined initial effort (279 ms)
[ok]: Tracking info is correct (11 ms)
[ok]: CLIENT GETREDIR provides correct client id (1 ms)
[ok]: CLIENT TRACKINGINFO provides reasonable results when tracking off (0 ms)
[ok]: CLIENT TRACKINGINFO provides reasonable results when tracking on (1 ms)
[ok]: CLIENT TRACKINGINFO provides reasonable results when tracking on with options (2 ms)
[ok]: CLIENT TRACKINGINFO provides reasonable results when tracking optin (1 ms)
[ok]: CLIENT TRACKINGINFO provides reasonable results when tracking optout (2 ms)
[ok]: CLIENT TRACKINGINFO provides reasonable results when tracking bcast mode (1 ms)
[ok]: CLIENT TRACKINGINFO provides reasonable results when tracking redir broken (5 ms)
[ok]: Regression test for #11715 (6 ms)
[ok]: RESP3 based basic invalidation with client reply off (14 ms)
[60/84 done]: unit/querybuf (3 seconds)
Testing unit/shutdown
[ok]: RESP2 based basic invalidation with client reply off (48 ms)
[ok]: RESP3 based basic redirect invalidation with client reply off (8 ms)
[ok]: RESP3 based basic tracking-redir-broken with client reply off (6 ms)
[61/84 done]: unit/tracking (2 seconds)
Testing unit/networking
[ok]: Temp rdb will be deleted if we use bg_unlink when shutdown (126 ms)
[62/84 done]: unit/oom-score-adj (1 seconds)
Testing unit/cluster
[ok]: SHUTDOWN ABORT can cancel SIGTERM (18 ms)
[ok]: CONFIG SET port number (228 ms)
[ok]: Temp rdb will be deleted in signal handle (77 ms)
[ok]: Test selective replication of certain Redis commands from Lua (806 ms)
[ok]: PRNG is seeded randomly for command replication (0 ms)
[ok]: Using side effects is not a problem with command replication (5 ms)
[ok]: RDB save will be failed in shutdown (10 ms)
[ok]: HyperLogLog sparse encoding stress test (2073 ms)
[ok]: Corrupted sparse HyperLogLogs are detected: Additional at tail (1 ms)
[ok]: Corrupted sparse HyperLogLogs are detected: Broken magic (3 ms)
[ok]: Corrupted sparse HyperLogLogs are detected: Invalid encoding (2 ms)
[ok]: Corrupted dense HyperLogLogs are detected: Wrong length (1 ms)
[ok]: CONFIG SET bind address (242 ms)
[ok]: SHUTDOWN will abort if rdb save failed on signal (74 ms)
[ok]: SHUTDOWN will abort if rdb save failed on shutdown command (2 ms)
[ok]: SHUTDOWN can proceed if shutdown command was with nosave (3 ms)
[ok]: Clean up rdb same named folder (4 ms)
[63/84 done]: unit/shutdown (0 seconds)
Testing unit/client-eviction
[ok]: WAIT implicitly blocks on client pause since ACKs aren't sent (1101 ms)
[ok]: client evicted due to large argv (95 ms)
[ok]: CONFIG SET bind-source-addr (356 ms)
[ok]: client evicted due to large query buf (97 ms)
[ok]: client evicted due to percentage of maxmemory (15 ms)
[64/84 done]: unit/wait (5 seconds)
Testing unit/violations
[ok]: client evicted due to large multi buf (82 ms)
[ok]: SORT adds integer field to list (1 ms)
[65/84 done]: unit/violations (0 seconds)
Testing unit/replybufsize
[ok]: maxmemory - policy volatile-ttl should only remove volatile keys. (1337 ms)
[ok]: PSYNC2 #3899 regression: verify consistency (38 ms)
[ok]: Default bind address configuration handling (216 ms)
[ok]: Protected mode works as expected (3 ms)
[66/84 done]: unit/networking (1 seconds)
Testing unit/cluster-scripting
[ok]: client evicted due to watched key list (439 ms)
[ok]: Test scripting debug protocol parsing (1 ms)
[ok]: Test scripting debug lua stack overflow (2 ms)
[ok]: verify reply buffer limits (660 ms)
[67/84 done]: unit/replybufsize (1 seconds)
Testing unit/cluster/misc
[ok]: test RESP2/2 big number protocol parsing (0 ms)
[ok]: test RESP2/2 malformed big number protocol parsing (0 ms)
[ok]: test RESP2/2 map protocol parsing (0 ms)
[ok]: test RESP2/2 set protocol parsing (1 ms)
[ok]: test RESP2/2 double protocol parsing (0 ms)
[ok]: test RESP2/2 null protocol parsing (0 ms)
[ok]: test RESP2/2 verbatim protocol parsing (0 ms)
[ok]: test RESP2/2 true protocol parsing (1 ms)
[ok]: test RESP2/2 false protocol parsing (1 ms)
[ok]: test RESP2/3 big number protocol parsing (0 ms)
[ok]: test RESP2/3 malformed big number protocol parsing (1 ms)
[ok]: test RESP2/3 map protocol parsing (0 ms)
[ok]: test RESP2/3 set protocol parsing (0 ms)
[ok]: test RESP2/3 double protocol parsing (0 ms)
[ok]: test RESP2/3 null protocol parsing (1 ms)
[ok]: test RESP2/3 verbatim protocol parsing (0 ms)
[ok]: test RESP2/3 true protocol parsing (0 ms)
[ok]: test RESP2/3 false protocol parsing (1 ms)
[ok]: test RESP3/2 big number protocol parsing (1 ms)
[ok]: test RESP3/2 malformed big number protocol parsing (0 ms)
[ok]: test RESP3/2 map protocol parsing (0 ms)
[ok]: test RESP3/2 set protocol parsing (0 ms)
[ok]: test RESP3/2 double protocol parsing (0 ms)
[ok]: test RESP3/2 null protocol parsing (0 ms)
[ok]: test RESP3/2 verbatim protocol parsing (1 ms)
[ok]: test RESP3/2 true protocol parsing (1 ms)
[ok]: test RESP3/2 false protocol parsing (0 ms)
[ok]: test RESP3/3 big number protocol parsing (2 ms)
[ok]: test RESP3/3 malformed big number protocol parsing (0 ms)
[ok]: test RESP3/3 map protocol parsing (0 ms)
[ok]: test RESP3/3 set protocol parsing (0 ms)
[ok]: test RESP3/3 double protocol parsing (0 ms)
[ok]: test RESP3/3 null protocol parsing (1 ms)
[ok]: test RESP3/3 verbatim protocol parsing (0 ms)
[ok]: test RESP3/3 true protocol parsing (0 ms)
[ok]: test RESP3/3 false protocol parsing (0 ms)
[ok]: test resp3 attribute protocol parsing (0 ms)
[ok]: Script block the time during execution (11 ms)
[ok]: Script delete the expired key (2 ms)
[ok]: pending querybuf: check size of pending_querybuf after set a big value (4806 ms)
[68/84 done]: integration/psync2-reg (22 seconds)
Testing unit/cluster/links
[ok]: Shebang support for lua engine (1 ms)
[ok]: Unknown shebang option (1 ms)
[ok]: Unknown shebang flag (2 ms)
[ok]: allow-oom shebang flag (14 ms)
[ok]: no-writes shebang flag (0 ms)
[69/84 done]: unit/pendingquerybuf (5 seconds)
[ok]: Create 3 node cluster (2001 ms)
[ok]: Run blocking command on cluster node3 (1 ms)
[ok]: Perform a Resharding (6 ms)
[ok]: Verify command got unblocked after resharding (51 ms)
[ok]: Wait for cluster to be stable (27 ms)
[ok]: Sanity test push cmd after resharding (1 ms)
[ok]: Run blocking command again on cluster node1 (2 ms)
[ok]: no-writes shebang flag on replica (108 ms)
[ok]: not enough good replicas (5 ms)
[ok]: Eval scripts with shebangs and functions default to no cross slots (1 ms)
[ok]: Cross slot commands are allowed by default for eval scripts and with allow-cross-slot-keys flag (8 ms)
[ok]: Cross slot commands are also blocked if they disagree with pre-declared keys (1 ms)
[ok]: not enough good replicas state change during long script (853 ms)
[ok]: allow-stale shebang flag (7 ms)
[ok]: reject script do not cause a Lua stack leak (27 ms)
[70/84 done]: unit/cluster-scripting (2 seconds)
[ok]: Consistent eval error reporting (53 ms)
[ok]: LUA redis.error_reply API (1 ms)
[ok]: LUA redis.error_reply API with empty string (1 ms)
[ok]: LUA redis.status_reply API (0 ms)
[ok]: LUA test pcall (0 ms)
[ok]: LUA test pcall with error (0 ms)
[ok]: LUA test pcall with non string/integer arg (1 ms)
[71/84 done]: unit/scripting (17 seconds)
[ok]: Kill a cluster node and wait for fail state (1345 ms)
[ok]: Verify command got unblocked after cluster failure (0 ms)
[ok]: Key lazy expires during key migration (14 ms)
[ok]: Broadcast message across a cluster shard while a cluster link is down (107 ms)
[ok]: client evicted due to pubsub subscriptions (3270 ms)
[ok]: client evicted due to tracking redirection (87 ms)
[ok]: PSYNC2: generate load while killing replication links (5000 ms)
[ok]: PSYNC2: cluster is consistent after load (x = 69827) (6 ms)
[ok]: PSYNC2: total sum of full synchronizations is exactly 4 (2 ms)
[ok]: PSYNC2: --- CYCLE 4 --- (0 ms)
[ok]: PSYNC2: [NEW LAYOUT] Set #1 as master (0 ms)
[ok]: PSYNC2: Set #0 to replicate from #1 (0 ms)
[72/84 done]: unit/cluster/links (3 seconds)
[ok]: AOF rewrite during write load: RDB preamble=no (33949 ms)
[73/84 done]: unit/cluster/misc (3 seconds)
[ok]: Client output buffer hard limit is enforced (13845 ms)
[ok]: PSYNC2: Set #4 to replicate from #2 (1 ms)
[ok]: PSYNC2: Set #2 to replicate from #1 (0 ms)
[ok]: PSYNC2: Set #3 to replicate from #2 (1 ms)
[ok]: PSYNC2: cluster is consistent after failover (11 ms)
[ok]: ziplist implementation: encoding stress testing (13661 ms)
[74/84 done]: unit/type/list-3 (51 seconds)
Waiting for process 780 to exit...
[ok]: Turning off AOF kills the background writing child if any (110 ms)
[ok]: client evicted due to client tracking prefixes (1996 ms)
[ok]: client evicted due to output buf (4 ms)
[ok]: client no-evict on (70 ms)
[ok]: client no-evict off (34 ms)
[ok]: AOF rewrite of list with quicklist encoding, string data (311 ms)
[ok]: avoid client eviction when client is freed by output buffer limit (79 ms)
[ok]: AOF rewrite of list with quicklist encoding, int data (171 ms)
[ok]: Test replication partial resync: backlog expired (diskless: no, disabled, reconnect: 1) (9195 ms)
[ok]: AOF rewrite of set with intset encoding, string data (102 ms)
[ok]: decrease maxmemory-clients causes client eviction (65 ms)
[ok]: AOF rewrite of set with hashtable encoding, string data (221 ms)
[ok]: AOF rewrite of set with intset encoding, int data (101 ms)
[ok]: evict clients only until below limit (95 ms)
[ok]: Slave should be able to synchronize with the master (102 ms)
[ok]: AOF rewrite of set with hashtable encoding, int data (106 ms)
[ok]: Functions are added to new node on redis-cli cluster add-node (3058 ms)
[ok]: AOF rewrite of hash with listpack encoding, string data (103 ms)
[ok]: evict clients in right order (large to small) (169 ms)
[ok]: AOF rewrite of hash with hashtable encoding, string data (178 ms)
[ok]: AOF rewrite of hash with listpack encoding, int data (102 ms)
[ok]: client total memory grows during client no-evict (128 ms)
[ok]: AOF rewrite of hash with hashtable encoding, int data (240 ms)
[ok]: AOF rewrite of zset with listpack encoding, string data (54 ms)
[ok]: client total memory grows during maxmemory-clients disabled (133 ms)
[ok]: AOF rewrite of zset with skiplist encoding, string data (143 ms)
[75/84 done]: unit/client-eviction (8 seconds)
[ok]: AOF rewrite of zset with listpack encoding, int data (54 ms)
[ok]: Detect write load to master (1005 ms)
[ok]: AOF rewrite of zset with skiplist encoding, int data (129 ms)
[ok]: Test replication partial resync: no reconnection, just sync (diskless: no, swapdb, reconnect: 0) (19 ms)
[ok]: AOF rewrite functions (103 ms)
[ok]: Slave should be able to synchronize with the master (101 ms)
[ok]: Detect write load to master (0 ms)
[ok]: BGREWRITEAOF is delayed if BGSAVE is in progress (212 ms)
[ok]: BGREWRITEAOF is refused if already in progress (10 ms)
[76/84 done]: unit/aofrw (52 seconds)
[ok]: Client output buffer soft limit is enforced if time is overreached (4172 ms)
[ok]: PSYNC2: generate load while killing replication links (5000 ms)
[ok]: PSYNC2: cluster is consistent after load (x = 113571) (1 ms)
[ok]: PSYNC2: total sum of full synchronizations is exactly 4 (2 ms)
[ok]: PSYNC2: --- CYCLE 5 --- (0 ms)
[ok]: PSYNC2: [NEW LAYOUT] Set #1 as master (0 ms)
[ok]: PSYNC2: Set #0 to replicate from #1 (0 ms)
[ok]: PSYNC2: Set #4 to replicate from #2 (0 ms)
[ok]: PSYNC2: Set #2 to replicate from #1 (1 ms)
[ok]: PSYNC2: Set #3 to replicate from #1 (0 ms)
[ok]: PSYNC2: cluster is consistent after failover (3 ms)
[ok]: Connect multiple replicas at the same time (issue #141), master diskless=no, replica diskless=swapdb (11569 ms)
[ok]: GEOSEARCH fuzzy test - byradius (17357 ms)
[ok]: Migrate the last slot away from a node using redis-cli (4352 ms)
[ok]: Client output buffer soft limit is not enforced too early and is enforced when no traffic (5038 ms)
[ok]: No response for single command if client output buffer hard limit is enforced (139 ms)
[ok]: redis-cli --cluster create with cluster-port (2031 ms)
[ok]: Test replication partial resync: ok psync (diskless: no, swapdb, reconnect: 1) (6254 ms)
[ok]: Slave should be able to synchronize with the master (101 ms)
[ok]: No response for multi commands in pipeline if client output buffer limit is enforced (1045 ms)
[ok]: Execute transactions completely even if client output buffer limit is enforced (19 ms)
[ok]: PSYNC2: generate load while killing replication links (5000 ms)
[ok]: Obuf limit, HRANDFIELD with huge count stopped mid-run (25 ms)
[ok]: PSYNC2: cluster is consistent after load (x = 189006) (10 ms)
[ok]: PSYNC2: total sum of full synchronizations is exactly 4 (1 ms)
[ok]: PSYNC2: --- CYCLE 6 --- (0 ms)
[ok]: PSYNC2: [NEW LAYOUT] Set #0 as master (0 ms)
[ok]: PSYNC2: Set #4 to replicate from #2 (1 ms)
[ok]: Obuf limit, KEYS stopped mid-run (36 ms)
[77/84 done]: unit/obuf-limits (25 seconds)
[ok]: redis-cli --cluster add-node with cluster-port (1092 ms)
[78/84 done]: unit/cluster (16 seconds)
[ok]: Detect write load to master (1003 ms)
[ok]: PSYNC2: Set #1 to replicate from #2 (0 ms)
[ok]: PSYNC2: Set #2 to replicate from #0 (0 ms)
[ok]: PSYNC2: Set #3 to replicate from #0 (0 ms)
[ok]: PSYNC2: cluster is consistent after failover (2 ms)
[ok]: GEOSEARCH fuzzy test - bybox (11365 ms)
[ok]: GEOSEARCH box edges fuzzy test (74 ms)
[79/84 done]: unit/geo (29 seconds)
[ok]: Test replication partial resync: no backlog (diskless: no, swapdb, reconnect: 1) (7652 ms)
[ok]: slave buffer are counted correctly (23352 ms)
[ok]: Slave should be able to synchronize with the master (102 ms)
[ok]: PSYNC2: generate load while killing replication links (5000 ms)
[ok]: PSYNC2: cluster is consistent after load (x = 242257) (1 ms)
[ok]: PSYNC2: total sum of full synchronizations is exactly 4 (1 ms)
[ok]: PSYNC2: Bring the master back again for next test (5 ms)
[ok]: PSYNC2: Partial resync after restart using RDB aux fields (191 ms)
[ok]: Detect write load to master (1001 ms)
[80/84 done]: integration/psync2 (47 seconds)
[ok]: Connect multiple replicas at the same time (issue #141), master diskless=yes, replica diskless=disabled (14544 ms)
[ok]: replica buffer don't induce eviction (4506 ms)
[ok]: Don't rehash if used memory exceeds maxmemory after rehash (54 ms)
[ok]: client tracking don't cause eviction feedback loop (1619 ms)
[ok]: propagation with eviction (90 ms)
[ok]: propagation with eviction in MULTI (85 ms)
[81/84 done]: unit/maxmemory (43 seconds)
[ok]: Test replication partial resync: ok after delay (diskless: no, swapdb, reconnect: 1) (9213 ms)
[ok]: Slave should be able to synchronize with the master (105 ms)
[ok]: Detect write load to master (0 ms)
[ok]: Fuzzing dense/sparse encoding: Redis should always detect errors (42072 ms)
[ok]: PFADD, PFCOUNT, PFMERGE type checking works (1 ms)
[ok]: PFMERGE results on the cardinality of union of sets (0 ms)
[ok]: Test replication partial resync: backlog expired (diskless: no, swapdb, reconnect: 1) (9207 ms)
[ok]: Connect multiple replicas at the same time (issue #141), master diskless=yes, replica diskless=swapdb (15288 ms)
[ok]: Slave should be able to synchronize with the master (908 ms)
[ok]: Detect write load to master (0 ms)
[ok]: Test replication partial resync: no reconnection, just sync (diskless: yes, disabled, reconnect: 0) (124 ms)
[ok]: PFCOUNT multiple-keys merge returns cardinality of union #1 (4875 ms)
[ok]: PFCOUNT multiple-keys merge returns cardinality of union #2 (466 ms)
[ok]: PFDEBUG GETREG returns the HyperLogLog raw registers (492 ms)
[ok]: PFADD / PFCOUNT cache invalidation works (1 ms)
[ok]: Slave should be able to synchronize with the master (1817 ms)
[82/84 done]: unit/hyperloglog (52 seconds)
[ok]: Detect write load to master (0 ms)
[ok]: Test replication partial resync: ok psync (diskless: yes, disabled, reconnect: 1) (6143 ms)
[ok]: Slave should be able to synchronize with the master (807 ms)
[ok]: Detect write load to master (0 ms)
[ok]: Test replication partial resync: no backlog (diskless: yes, disabled, reconnect: 1) (7681 ms)
[ok]: Slave should be able to synchronize with the master (806 ms)
[ok]: Detect write load to master (0 ms)
[ok]: Master stream is correctly processed while the replica has a script in -BUSY state (20142 ms)
[ok]: Diskless load swapdb (different replid): new database is exposed after swapping (0 ms)
[ok]: Diskless load swapdb (different replid): replica enter loading (424 ms)
[ok]: Diskless load swapdb (different replid): old database is exposed after replication fails (0 ms)
[ok]: Diskless load swapdb (async_loading): new database is exposed after swapping (1 ms)
[ok]: Diskless load swapdb (async_loading): replica enter async_loading (440 ms)
[ok]: Diskless load swapdb (async_loading): old database is exposed while async replication is in progress (878 ms)
[ok]: Test replication partial resync: ok after delay (diskless: yes, disabled, reconnect: 1) (9157 ms)
[ok]: Busy script during async loading (899 ms)
[ok]: Blocked commands and configs during async-loading (468 ms)
[ok]: Diskless load swapdb (async_loading): old database is exposed after async replication fails (0 ms)
[ok]: Slave should be able to synchronize with the master (808 ms)
[ok]: Detect write load to master (0 ms)
Waiting for process 16549 to exit...
Waiting for process 16549 to exit...
Waiting for process 16549 to exit...
Waiting for process 16549 to exit...
[ok]: Test replication partial resync: backlog expired (diskless: yes, disabled, reconnect: 1) (9246 ms)
[ok]: Slave should be able to synchronize with the master (805 ms)
[ok]: Detect write load to master (0 ms)
[ok]: Test replication partial resync: no reconnection, just sync (diskless: yes, swapdb, reconnect: 0) (15 ms)
[ok]: Slave should be able to synchronize with the master (809 ms)
[ok]: Detect write load to master (1 ms)
[ok]: Test replication partial resync: ok psync (diskless: yes, swapdb, reconnect: 1) (6120 ms)
[ok]: Slave should be able to synchronize with the master (808 ms)
[ok]: Detect write load to master (0 ms)
[ok]: Test replication partial resync: no backlog (diskless: yes, swapdb, reconnect: 1) (7649 ms)
[ok]: Slave should be able to synchronize with the master (808 ms)
[ok]: Detect write load to master (1 ms)
[ok]: Test replication partial resync: ok after delay (diskless: yes, swapdb, reconnect: 1) (9160 ms)
[ok]: diskless loading short read (33612 ms)
[ok]: Slave should be able to synchronize with the master (1814 ms)
[ok]: Detect write load to master (0 ms)
[ok]: diskless no replicas drop during rdb pipe (7125 ms)
[ok]: diskless slow replicas drop during rdb pipe (3034 ms)
[ok]: Test replication partial resync: backlog expired (diskless: yes, swapdb, reconnect: 1) (10193 ms)
[83/84 done]: integration/replication-psync (158 seconds)
[ok]: diskless fast replicas drop during rdb pipe (4612 ms)
[ok]: diskless all replicas drop during rdb pipe (1763 ms)
[ok]: diskless timeout replicas drop during rdb pipe (5769 ms)
[ok]: diskless replication child being killed is collected (1567 ms)
[ok]: replication child dies when parent is killed - diskless: yes (1136 ms)
[ok]: replication child dies when parent is killed - diskless: no (1435 ms)
[ok]: diskless replication read pipe cleanup (518 ms)
[ok]: replicaof right after disconnection (1815 ms)
[ok]: Kill rdb child process if its dumping RDB is not useful (1170 ms)
[ok]: Don't disconnect with replicas before loading transferred RDB when full sync (1 ms)
[ok]: Discard cache master before loading transferred RDB when full sync (105 ms)
[ok]: replica can handle EINTR if use diskless load (652 ms)
[ok]: replica do not write the reply to the replication link - SYNC (_addReplyToBufferOrList) (98 ms)
[ok]: replica do not write the reply to the replication link - SYNC (addReplyDeferredLen) (161 ms)
[ok]: replica do not write the reply to the replication link - PSYNC (_addReplyToBufferOrList) (57 ms)
[ok]: replica do not write the reply to the replication link - PSYNC (addReplyDeferredLen) (109 ms)
[ok]: PSYNC with wrong offset should throw error (2 ms)
[84/84 done]: integration/replication (183 seconds)
Testing solo test
[ignore]: Test LPUSH and LPOP on plain nodes over 4GB: large memory flag not provided
[ignore]: Test LINDEX and LINSERT on plain nodes over 4GB: large memory flag not provided
[ignore]: Test LTRIM on plain nodes over 4GB: large memory flag not provided
[ignore]: Test LREM on plain nodes over 4GB: large memory flag not provided
[ignore]: Test LSET on plain nodes over 4GB: large memory flag not provided
[ignore]: Test LMOVE on plain nodes over 4GB: large memory flag not provided
[84/84 done]: list-large-memory (0 seconds)
Testing solo test
[ignore]: SADD, SCARD, SISMEMBER - large data: large memory flag not provided
[84/84 done]: set-large-memory (0 seconds)
Testing solo test
[ignore]: BIT pos larger than UINT_MAX: large memory flag not provided
[ignore]: SETBIT values larger than UINT32_MAX and lzf_compress/lzf_decompress correctly: large memory flag not provided
[84/84 done]: bitops-large-memory (1 seconds)
Testing solo test
[ok]: Active defrag (17058 ms)
[ok]: Active defrag eval scripts (2702 ms)
[ok]: Active defrag big keys (11690 ms)
[ok]: Active defrag big list (11497 ms)
[ok]: Active defrag edge case (13922 ms)
[84/84 done]: defrag (57 seconds)
Testing solo test
[ignore]: XADD one huge field: large memory flag not provided
[ignore]: XADD one huge field - 1: large memory flag not provided
[ignore]: several XADD big fields: large memory flag not provided
[ignore]: single XADD big fields: large memory flag not provided
[ignore]: hash with many big fields: large memory flag not provided
[ignore]: hash with one huge field: large memory flag not provided
[84/84 done]: violations (1 seconds)

                   The End

Execution time of different units:
  0 seconds - unit/printver
  0 seconds - unit/type/incr
  0 seconds - unit/info-command
  1 seconds - unit/info
  1 seconds - unit/protocol
  2 seconds - unit/keyspace
  2 seconds - unit/auth
  0 seconds - unit/quit
  6 seconds - unit/type/stream-cgroups
  5 seconds - unit/multi
  7 seconds - unit/type/hash
  0 seconds - unit/acl-v2
  2 seconds - unit/acl
  8 seconds - unit/other
  9 seconds - unit/sort
  10 seconds - unit/scan
  12 seconds - unit/type/string
  14 seconds - unit/type/list
  14 seconds - unit/type/list-2
  8 seconds - unit/latency-monitor
  16 seconds - unit/expire
  20 seconds - unit/type/set
  13 seconds - integration/replication-2
  13 seconds - integration/replication-3
  9 seconds - integration/shutdown
  0 seconds - integration/convert-zipmap-hash-on-load
  1 seconds - integration/convert-ziplist-hash-on-load
  24 seconds - unit/type/stream
  0 seconds - integration/convert-ziplist-zset-on-load
  1 seconds - integration/logging
  25 seconds - unit/type/zset
  25 seconds - unit/dump
  6 seconds - integration/rdb
  13 seconds - integration/replication-buffer
  13 seconds - integration/aof
  12 seconds - integration/aof-multi-part
  1 seconds - integration/redis-benchmark
  1 seconds - unit/pubsub
  2 seconds - unit/pubsubshard
  6 seconds - integration/failover
  1 seconds - unit/slowlog
  27 seconds - integration/block-repl
  13 seconds - integration/corrupt-dump
  10 seconds - integration/psync2-master-restart
  6 seconds - integration/dismiss-mem
  1 seconds - unit/limits
  10 seconds - integration/redis-cli
  6 seconds - unit/functions
  30 seconds - integration/replication-4
  6 seconds - unit/introspection-2
  2 seconds - unit/bitfield
  6 seconds - unit/introspection
  4 seconds - unit/bitops
  20 seconds - integration/corrupt-dump-fuzzer
  1 seconds - unit/lazyfree
  17 seconds - integration/psync2-pingoff
  1 seconds - unit/pause
  0 seconds - unit/tls
  3 seconds - unit/memefficiency
  3 seconds - unit/querybuf
  2 seconds - unit/tracking
  1 seconds - unit/oom-score-adj
  0 seconds - unit/shutdown
  5 seconds - unit/wait
  0 seconds - unit/violations
  1 seconds - unit/networking
  1 seconds - unit/replybufsize
  22 seconds - integration/psync2-reg
  5 seconds - unit/pendingquerybuf
  2 seconds - unit/cluster-scripting
  17 seconds - unit/scripting
  3 seconds - unit/cluster/links
  3 seconds - unit/cluster/misc
  51 seconds - unit/type/list-3
  8 seconds - unit/client-eviction
  52 seconds - unit/aofrw
  25 seconds - unit/obuf-limits
  16 seconds - unit/cluster
  29 seconds - unit/geo
  47 seconds - integration/psync2
  43 seconds - unit/maxmemory
  52 seconds - unit/hyperloglog
  158 seconds - integration/replication-psync
  183 seconds - integration/replication
  0 seconds - list-large-memory
  0 seconds - set-large-memory
  1 seconds - bitops-large-memory
  57 seconds - defrag
  1 seconds - violations

\o/ All tests passed without errors!

Cleanup: may take some time... OK
