Cleanup: may take some time... OK
Starting test server at port 21079
[ready]: 81
Testing unit/printver
[ready]: 82
Testing unit/dump
[ready]: 83
Testing unit/auth
[ready]: 84
Testing unit/protocol
[ready]: 85
Testing unit/keyspace
[ready]: 86
Testing unit/scan
[ready]: 87
Testing unit/info
[ready]: 88
Testing unit/info-command
[ready]: 89
Testing unit/type/string
[ready]: 90
Testing unit/type/incr
[ready]: 91
Testing unit/type/list
[ready]: 92
Testing unit/type/list-2
[ready]: 93
Testing unit/type/list-3
[ready]: 94
Testing unit/type/set
[ready]: 95
Testing unit/type/zset
[ready]: 96
Testing unit/type/hash
[ok]: info command with at most one sub command (1 ms)
[ok]: info command with one sub-section (0 ms)
[ok]: info command with multiple sub-sections (1 ms)
[ok]: INCR against non existing key (0 ms)
[ok]: INCR against key created by incr itself (0 ms)
[ok]: INCR against key originally set with SET (1 ms)
[ok]: INCR over 32bit value (0 ms)
[ok]: INCRBY over 32bit value with over 32bit increment (1 ms)
[ok]: INCR fails against key with spaces (left) (0 ms)
[ok]: Explicit regression for a list bug (3 ms)
[ok]: INCR fails against key with spaces (right) (1 ms)
[ok]: INCR fails against key with spaces (both) (0 ms)
[ok]: DECRBY negation overflow (0 ms)
[ok]: INCR fails against a key holding a list (1 ms)
[ok]: DECRBY over 32bit value with over 32bit increment, negative res (0 ms)
[ok]: INCR uses shared objects in the 0-9999 range (1 ms)
[ok]: INCR can modify objects in-place (0 ms)
[ok]: INCRBYFLOAT against non existing key (2 ms)
[ok]: INCRBYFLOAT against key originally set with SET (0 ms)
[ok]: INCRBYFLOAT over 32bit value (1 ms)
[ok]: INCRBYFLOAT over 32bit value with over 32bit increment (0 ms)
[ok]: INCRBYFLOAT fails against key with spaces (left) (1 ms)
[ok]: INCRBYFLOAT fails against key with spaces (right) (0 ms)
[ok]: INCRBYFLOAT fails against key with spaces (both) (1 ms)
[ok]: reg node check compression with insert and pop (4 ms)
[ok]: INCRBYFLOAT fails against a key holding a list (1 ms)
[ok]: INCRBYFLOAT does not allow NaN or Infinity (0 ms)
[ok]: reg node check compression combined with trim (2 ms)
[ok]: INCRBYFLOAT decrement (1 ms)
[ok]: reg node check compression with lset (2 ms)
[ok]: string to double with null terminator (0 ms)
[ok]: No negative zero (5 ms)
[ok]: plain node check compression (5 ms)
[ok]: plain node check compression with ltrim (2 ms)
[ok]: plain node check compression using lset (4 ms)
[ok]: Handle an empty query (45 ms)
[ok]: SCAN basic (69 ms)
[ok]: Negative multibulk length (43 ms)
[ok]: Out of range multibulk length (1 ms)
[ok]: Wrong multibulk payload header (1 ms)
[ok]: Negative multibulk payload length (0 ms)
[ok]: Out of range multibulk payload length (1 ms)
[ok]: Non-number multibulk payload length (0 ms)
[ok]: Multi bulk request not followed by bulk arguments (1 ms)
[ok]: Generic wrong number of args (0 ms)
[ok]: Unbalanced number of quotes (1 ms)
[ok]: SCAN COUNT (66 ms)
[ok]: Regression for quicklist #3343 bug (137 ms)
[ok]: DEL against a single item (0 ms)
[ok]: SET and GET an item (3 ms)
[ok]: AUTH fails if there is no password configured server side (0 ms)
Testing Redis version 7.0.15 (00000000)
[ok]: DUMP / RESTORE are able to serialize / unserialize a simple key (1 ms)
[ok]: SADD, SCARD, SISMEMBER, SMISMEMBER, SMEMBERS basics - regular set (5 ms)
[ok]: HSET/HLEN - Small hash creation (2 ms)
[ok]: Vararg DEL (1 ms)
[ok]: SET and GET an empty item (0 ms)
[ok]: Arity check for auth command (1 ms)
[ok]: Is the small hash encoded with a listpack? (0 ms)
[ok]: SADD, SCARD, SISMEMBER, SMISMEMBER, SMEMBERS basics - intset (4 ms)
[ok]: Untagged multi-key commands (0 ms)
[ok]: SMISMEMBER against non set (1 ms)
[ok]: KEYS with pattern (1 ms)
[ok]: SMISMEMBER non existing key (0 ms)
[ok]: KEYS to get all keys (0 ms)
[ok]: SMISMEMBER requires one or more members (1 ms)
[ok]: RESTORE can set an arbitrary expire to the materialized key (11 ms)
[ok]: DBSIZE (0 ms)
[ok]: SADD against non set (1 ms)
[ok]: RESTORE can set an expire that overflows a 32 bit integer (1 ms)
[ok]: Check encoding - listpack (1 ms)
[ok]: HRANDFIELD - listpack (10 ms)
[ok]: RESTORE can set an absolute expire (0 ms)
[ok]: DEL all keys (1 ms)
[ok]: SADD a non-integer against an intset (0 ms)
[ok]: ZSET basic ZADD and score update - listpack (3 ms)
[ok]: RESTORE with ABSTTL in the past (1 ms)
[ok]: SADD an integer larger than 64 bits (3 ms)
[ok]: ZSET element can't be set to NaN with ZADD - listpack (1 ms)
[ok]: RESTORE can set LRU (3 ms)
[ok]: ZSET element can't be set to NaN with ZINCRBY - listpack (1 ms)
[ok]: RESTORE can set LFU (1 ms)
[ok]: ZADD with options syntax error with incomplete pair - listpack (1 ms)
[ok]: RESTORE returns an error of the key already exists (1 ms)
[ok]: ZADD XX option without key - listpack (1 ms)
[ok]: RESTORE can overwrite an existing key with REPLACE (1 ms)
[ok]: RESTORE can detect a syntax error for unrecongized options (1 ms)
[ok]: ZADD XX existing key - listpack (2 ms)
[ok]: ZADD XX returns the number of elements actually added - listpack (0 ms)
[ok]: DUMP of non existing key returns nil (0 ms)
[ok]: ZADD XX updates existing elements score - listpack (3 ms)
[ok]: ZADD GT updates existing elements when new scores are greater - listpack (2 ms)
[ok]: ZADD LT updates existing elements when new scores are lower - listpack (8 ms)
[ok]: ZADD GT XX updates existing elements when new scores are greater and skips new elements - listpack (2 ms)
[ok]: ZADD LT XX updates existing elements when new scores are lower and skips new elements - listpack (2 ms)
[ok]: ZADD XX and NX are not compatible - listpack (0 ms)
[ok]: ZADD NX with non existing key - listpack (2 ms)
[ok]: ZADD NX only add new elements without updating old ones - listpack (4 ms)
[ok]: ZADD GT and NX are not compatible - listpack (1 ms)
[ok]: HRANDFIELD - hashtable (31 ms)
[ok]: SCAN MATCH (78 ms)
[ok]: HRANDFIELD with RESP3 (1 ms)
[ok]: HRANDFIELD count of 0 is handled correctly (0 ms)
[ok]: HRANDFIELD count overflow (1 ms)
[ok]: ZADD LT and NX are not compatible - listpack (6 ms)
[ok]: HRANDFIELD with <count> against non existing key (0 ms)
[ok]: HRANDFIELD count of 0 is handled correctly - emptyarray (0 ms)
[ok]: HRANDFIELD with <count> against non existing key - emptyarray (0 ms)
[ok]: ZADD LT and GT are not compatible - listpack (4 ms)
[ok]: ZADD INCR LT/GT replies with nill if score not updated - listpack (4 ms)
[ok]: ZADD INCR LT/GT with inf - listpack (3 ms)
[ok]: Check compression with recompress (93 ms)
[ok]: Protocol desync regression test #1 (142 ms)
[ok]: ZADD INCR works like ZINCRBY - listpack (6 ms)
[ok]: ZADD INCR works with a single score-elemenet pair - listpack (0 ms)
[ok]: ZADD CH option changes return value to all changed elements - listpack (3 ms)
[ok]: ZINCRBY calls leading to NaN result in error - listpack (1 ms)
[ok]: ZADD - Variadic version base case - $encoding (9 ms)
[ok]: ZADD - Return value is the number of actually added items - $encoding (0 ms)
[ok]: ZADD - Variadic version does not add nothing on single parsing err - $encoding (1 ms)
[ok]: ZADD - Variadic version will raise error on missing arg - $encoding (1 ms)
[ok]: ZINCRBY does not work variadic even if shares ZADD implementation - $encoding (0 ms)
[ok]: ZCARD basics - listpack (2 ms)
[ok]: ZREM removes key after last element is removed - listpack (4 ms)
[1/84 done]: unit/info-command (0 seconds)
Testing unit/type/stream
[ok]: ZREM variadic version - listpack (13 ms)
[ok]: ZREM variadic version -- remove elements after key deletion - listpack (2 ms)
[ok]: ZRANGE basics - listpack (5 ms)
[ok]: ZREVRANGE basics - listpack (9 ms)
[ok]: ZRANK/ZREVRANK basics - listpack (6 ms)
[ok]: ZRANK - after deletion - listpack (6 ms)
[ok]: ZINCRBY - can create a new sorted set - listpack (12 ms)
[ok]: ZINCRBY - increment and decrement - listpack (4 ms)
[ok]: ZINCRBY return value - listpack (0 ms)
[ok]: SADD overflows the maximum allowed integers in an intset (146 ms)
[ok]: Variadic SADD (1 ms)
[ok]: ZRANGEBYSCORE/ZREVRANGEBYSCORE/ZCOUNT basics - listpack (23 ms)
[ok]: ZRANGEBYSCORE with WITHSCORES - listpack (8 ms)
[ok]: ZRANGEBYSCORE with LIMIT - listpack (4 ms)
[ok]: ZRANGEBYSCORE with LIMIT and WITHSCORES - listpack (5 ms)
[2/84 done]: unit/type/incr (0 seconds)
Testing unit/type/stream-cgroups
[ok]: Very big payload in GET/SET (204 ms)
[ok]: ZRANGEBYSCORE with non-value min or max - listpack (0 ms)
[ok]: ZRANGEBYLEX/ZREVRANGEBYLEX/ZLEXCOUNT basics - listpack (20 ms)
[ok]: SCAN TYPE (171 ms)
[ok]: SSCAN with encoding intset (2 ms)
[ok]: ZLEXCOUNT advanced - listpack (5 ms)
[ok]: SSCAN with encoding hashtable (6 ms)
[ok]: HSCAN with encoding listpack (2 ms)
[ok]: ZRANGEBYSLEX with LIMIT - listpack (8 ms)
[ok]: HRANDFIELD with <count> - hashtable (182 ms)
[ok]: ZRANGEBYLEX with invalid lex range specifiers - listpack (1 ms)
[ok]: Protocol desync regression test #2 (163 ms)
[ok]: latencystats: disable/enable (3 ms)
[ok]: latencystats: configure percentiles (4 ms)
[ok]: latencystats: bad configure percentiles (4 ms)
[ok]: latencystats: blocking commands (5 ms)
[ok]: latencystats: subcommands (2 ms)
[3/84 done]: unit/printver (0 seconds)
Testing unit/sort
[ok]: ZREMRANGEBYSCORE basics - listpack (58 ms)
[ok]: ZREMRANGEBYSCORE with non-value min or max - listpack (1 ms)
[ok]: Crash due to wrongly recompress after lrem (238 ms)
[ok]: ZREMRANGEBYRANK basics - listpack (21 ms)
[ok]: latencystats: measure latency (53 ms)
[ok]: HSCAN with encoding hashtable (87 ms)
[ok]: ZUNIONSTORE against non-existing key doesn't set destination - listpack (6 ms)
[ok]: errorstats: failed call authentication error (5 ms)
[ok]: ZSCAN with encoding listpack (5 ms)
[ok]: ZUNION/ZINTER/ZINTERCARD/ZDIFF against non-existing key - listpack (5 ms)
[ok]: ZUNIONSTORE with empty set - listpack (1 ms)
[ok]: errorstats: failed call within MULTI/EXEC (6 ms)
[ok]: Protocol desync regression test #3 (96 ms)
[ok]: ZUNION/ZINTER/ZINTERCARD/ZDIFF with empty set - listpack (4 ms)
[ok]: raw protocol response (0 ms)
[ok]: raw protocol response - deferred (0 ms)
[ok]: raw protocol response - multiline (1 ms)
[ok]: errorstats: failed call within LUA (7 ms)
[ok]: RESP3 attributes (3 ms)
[ok]: RESP3 attributes readraw (2 ms)
[ok]: RESP3 attributes on RESP2 (1 ms)
[ok]: errorstats: failed call NOSCRIPT error (4 ms)
[ok]: test big number parsing (1 ms)
[ok]: ZUNIONSTORE basics - listpack (10 ms)
[ok]: test bool parsing (1 ms)
[ok]: errorstats: failed call NOGROUP error (3 ms)
[ok]: test verbatim str parsing (3 ms)
[ok]: errorstats: rejected call unknown command (6 ms)
[ok]: errorstats: rejected call within MULTI/EXEC (4 ms)
[ok]: ZUNION/ZINTER/ZINTERCARD/ZDIFF with integer members - listpack (12 ms)
[ok]: ZUNIONSTORE with weights - listpack (0 ms)
[ok]: errorstats: rejected call due to wrong arity (3 ms)
[ok]: ZUNION with weights - listpack (1 ms)
[ok]: LINSERT correctly recompress full quicklistNode after inserting a element before it (49 ms)
[ok]: ZUNIONSTORE with a regular set and weights - listpack (6 ms)
[ok]: errorstats: rejected call by OOM error (4 ms)
[ok]: ZUNIONSTORE with AGGREGATE MIN - listpack (1 ms)
[ok]: ZUNION/ZINTER with AGGREGATE MIN - listpack (1 ms)
[ok]: ZUNIONSTORE with AGGREGATE MAX - listpack (1 ms)
[ok]: ZUNION/ZINTER with AGGREGATE MAX - listpack (1 ms)
[ok]: errorstats: rejected call by authorization error (5 ms)
[ok]: ZINTERSTORE basics - listpack (1 ms)
[ok]: test large number of args (22 ms)
[ok]: ZINTER basics - listpack (0 ms)
[ok]: ZINTERCARD with illegal arguments (2 ms)
[ok]: test argument rewriting - issue 9598 (2 ms)
[ok]: ZINTERCARD basics - listpack (2 ms)
[ok]: errorstats: blocking commands (5 ms)
[ok]: ZINTER RESP3 - listpack (2 ms)
[ok]: ZINTERSTORE with weights - listpack (0 ms)
[ok]: ZINTER with weights - listpack (1 ms)
[ok]: ZINTERSTORE with a regular set and weights - listpack (1 ms)
[ok]: ZINTERSTORE with AGGREGATE MIN - listpack (7 ms)
[ok]: ZINTERSTORE with AGGREGATE MAX - listpack (0 ms)
[ok]: ZUNIONSTORE with +inf/-inf scores - listpack (4 ms)
[ok]: ZUNIONSTORE with NaN weights - listpack (0 ms)
[ok]: ZINTERSTORE with +inf/-inf scores - listpack (2 ms)
[ok]: ZINTERSTORE with NaN weights - listpack (1 ms)
[ok]: ZDIFFSTORE basics - listpack (0 ms)
[ok]: ZDIFF basics - listpack (1 ms)
[ok]: ZDIFFSTORE with a regular set - listpack (1 ms)
[ok]: ZDIFF subtracting set from itself - listpack (1 ms)
[ok]: HRANDFIELD with <count> - listpack (161 ms)
[ok]: ZDIFF algorithm 1 - listpack (1 ms)
[ok]: ZDIFF algorithm 2 - listpack (2 ms)
[ok]: LINSERT correctly recompress full quicklistNode after inserting a element after it (46 ms)
[ok]: ZSCAN with encoding skiplist (94 ms)
[ok]: Test LPUSH and LPOP on plain nodes (6 ms)
[ok]: Test LINDEX and LINSERT on plain nodes (3 ms)
[ok]: Test LTRIM on plain nodes (5 ms)
[ok]: Test LREM on plain nodes (1 ms)
[ok]: Test LPOS on plain nodes (1 ms)
[ok]: Test LMOVE on plain nodes (5 ms)
[ok]: Set encoding after DEBUG RELOAD (297 ms)
[ok]: SREM basics - regular set (2 ms)
[ok]: SREM basics - intset (1 ms)
[ok]: SREM with multiple arguments (1 ms)
[ok]: SREM variadic version with more args needed to destroy the key (1 ms)
[ok]: SINTERCARD with illegal arguments (3 ms)
[ok]: SCAN guarantees check under write load (54 ms)
[ok]: SINTERCARD against non-set should throw error (2 ms)
[ok]: SSCAN with integer encoded object (issue #1345) (2 ms)
[ok]: SSCAN with PATTERN (1 ms)
[ok]: SINTERCARD against non-existing key (2 ms)
[ok]: HSCAN with PATTERN (1 ms)
[ok]: ZSCAN with PATTERN (1 ms)
[ok]: XADD wrong number of args (2 ms)
[ok]: XADD can add entries into a stream that XRANGE can fetch (1 ms)
[ok]: XADD IDs are incremental (1 ms)
[ok]: XADD IDs are incremental when ms is the same as well (2 ms)
[ok]: XADD IDs correctly report an error when overflowing (1 ms)
[ok]: XADD auto-generated sequence is incremented for last ID (1 ms)
[ok]: XADD auto-generated sequence is zero for future timestamp ID (2 ms)
[ok]: XADD auto-generated sequence can't be smaller than last ID (1 ms)
[ok]: XADD auto-generated sequence can't overflow (1 ms)
[ok]: XADD 0-* should succeed (1 ms)
[ok]: HSET/HLEN - Big hash creation (121 ms)
[ok]: Is the big hash encoded with an hash table? (0 ms)
[ok]: HGET against the small hash (1 ms)
[ok]: Generated sets must be encoded as hashtable (0 ms)
[ok]: SINTER with two sets - hashtable (1 ms)
[ok]: SINTERCARD with two sets - hashtable (3 ms)
[ok]: Test LSET with packed / plain combinations (103 ms)
[ok]: SINTERSTORE with two sets - hashtable (2 ms)
[ok]: SINTERSTORE with two sets, after a DEBUG RELOAD - hashtable (3 ms)
[ok]: Test LSET with packed is split in the middle (7 ms)
[ok]: SUNION with two sets - hashtable (8 ms)
[ok]: SUNIONSTORE with two sets - hashtable (6 ms)
[ok]: SINTER against three sets - hashtable (1 ms)
[ok]: SINTERCARD against three sets - hashtable (1 ms)
[ok]: SINTERSTORE with three sets - hashtable (0 ms)
[ok]: SUNION with non existing keys - hashtable (4 ms)
[ok]: ZSCAN scores: regression test for issue #2175 (94 ms)
[ok]: SDIFF with two sets - hashtable (0 ms)
[ok]: SDIFF with three sets - hashtable (1 ms)
[ok]: SDIFFSTORE with three sets - hashtable (1 ms)
[ok]: SINTER/SUNION/SDIFF with three same sets - hashtable (3 ms)
[ok]: HGET against the big hash (86 ms)
[ok]: HGET against non existing key (0 ms)
[ok]: HSET in update and insert mode (1 ms)
[ok]: HSETNX target key missing - small hash (0 ms)
[ok]: HSETNX target key exists - small hash (0 ms)
[ok]: HSETNX target key missing - big hash (0 ms)
[ok]: HSETNX target key exists - big hash (1 ms)
[ok]: HSET/HMSET wrong number of args (0 ms)
[ok]: HMSET - small hash (0 ms)
[ok]: XGROUP CREATE: creation and duplicate group name detection (1 ms)
[ok]: XGROUP CREATE: automatic stream creation fails without MKSTREAM (0 ms)
[ok]: XGROUP CREATE: automatic stream creation works with MKSTREAM (0 ms)
[ok]: XREADGROUP will return only new elements (2 ms)
[ok]: XREADGROUP can read the history of the elements we own (1 ms)
[ok]: XPENDING is able to return pending items (0 ms)
[ok]: XPENDING can return single consumer items (0 ms)
[ok]: XPENDING only group (0 ms)
[ok]: XPENDING with IDLE (22 ms)
[ok]: XPENDING with exclusive range intervals works as expected (1 ms)
[ok]: XACK is able to remove items from the consumer/group PEL (0 ms)
[ok]: XACK can't remove the same item multiple times (0 ms)
[ok]: XACK is able to accept multiple arguments (0 ms)
[ok]: XACK should fail if got at least one invalid ID (1 ms)
[ok]: PEL NACK reassignment after XGROUP SETID event (1 ms)
[ok]: XREADGROUP will not report data on empty history. Bug #5577 (2 ms)
[ok]: XREADGROUP history reporting of deleted entries. Bug #5570 (1 ms)
[ok]: Generated sets must be encoded as intset (1 ms)
[ok]: SINTER with two sets - intset (0 ms)
[ok]: SINTERCARD with two sets - intset (0 ms)
[ok]: SINTERSTORE with two sets - intset (2 ms)
[ok]: HMSET - big hash (53 ms)
[ok]: SINTERSTORE with two sets, after a DEBUG RELOAD - intset (1 ms)
[ok]: HMGET against non existing key and fields (2 ms)
[ok]: HMGET against wrong type (0 ms)
[ok]: HMGET - small hash (1 ms)
[ok]: SUNION with two sets - intset (6 ms)
[ok]: SUNIONSTORE with two sets - intset (4 ms)
[ok]: SINTER against three sets - intset (1 ms)
[ok]: SINTERCARD against three sets - intset (0 ms)
[ok]: SINTERSTORE with three sets - intset (0 ms)
[ok]: SUNION with non existing keys - intset (3 ms)
[ok]: SDIFF with two sets - intset (0 ms)
[ok]: SDIFF with three sets - intset (1 ms)
[ok]: SDIFFSTORE with three sets - intset (0 ms)
[ok]: SINTER/SUNION/SDIFF with three same sets - intset (2 ms)
[ok]: SDIFF with first set empty (1 ms)
[ok]: SDIFF with same set two times (0 ms)
[ok]: Old Ziplist: SORT BY key (2 ms)
[ok]: Old Ziplist: SORT BY key with limit (1 ms)
[ok]: Old Ziplist: SORT BY hash field (1 ms)
[ok]: AUTH fails when a wrong password is given (2 ms)
[ok]: Arbitrary command gives an error when AUTH is required (1 ms)
[ok]: AUTH succeeds when the right password is given (0 ms)
[ok]: Once AUTH succeeded we can actually send commands to the server (2 ms)
[ok]: HMGET - big hash (53 ms)
[ok]: For unauthenticated clients multibulk and bulk length are limited (4 ms)
[ok]: HKEYS - small hash (2 ms)
[ok]: HKEYS - big hash (7 ms)
[ok]: HVALS - small hash (0 ms)
[ok]: HVALS - big hash (1 ms)
[ok]: HGETALL - small hash (1 ms)
[ok]: Test LSET with packed consist only one item (195 ms)
[ok]: Blocking XREADGROUP will not reply with an empty array (97 ms)
[ok]: Crash due to delete entry from a compress quicklist node (3 ms)
[ok]: Blocking XREADGROUP: key deleted (3 ms)
[ok]: HGETALL - big hash (14 ms)
[ok]: Crash due to split quicklist node wrongly (3 ms)
[ok]: Blocking XREADGROUP: key type changed with SET (4 ms)
[ok]: HDEL and return value (6 ms)
[ok]: HDEL - more than a single value (2 ms)
[ok]: HDEL - hash becomes empty before deleting all specified fields (1 ms)
[ok]: Blocking XREADGROUP: key type changed with transaction (7 ms)
[ok]: HEXISTS (3 ms)
[ok]: Is a ziplist encoded Hash promoted on big payload? (1 ms)
[ok]: Blocking XREADGROUP: flushed DB (5 ms)
[ok]: HINCRBY against non existing database key (2 ms)
[ok]: HINCRBY against non existing hash key (3 ms)
[ok]: HINCRBY against hash key created by hincrby itself (3 ms)
[ok]: HINCRBY against hash key originally set with HSET (4 ms)
[ok]: Blocking XREADGROUP: swapped DB, key doesn't exist (7 ms)
[ok]: HINCRBY over 32bit value (1 ms)
[ok]: HINCRBY over 32bit value with over 32bit increment (2 ms)
[ok]: HINCRBY fails against hash value with spaces (left) (1 ms)
[ok]: Blocking XREADGROUP: swapped DB, key is not a stream (5 ms)
[ok]: HINCRBY fails against hash value with spaces (right) (2 ms)
[ok]: HINCRBY can detect overflows (1 ms)
[ok]: Blocking XREAD: key deleted (4 ms)
[ok]: HINCRBYFLOAT against non existing database key (1 ms)
[ok]: HINCRBYFLOAT against non existing hash key (6 ms)
[ok]: HINCRBYFLOAT against hash key created by hincrby itself (1 ms)
[ok]: HINCRBYFLOAT against hash key originally set with HSET (1 ms)
[ok]: HINCRBYFLOAT over 32bit value (3 ms)
[ok]: HINCRBYFLOAT over 32bit value with over 32bit increment (1 ms)
[ok]: Blocking XREAD: key type changed with SET (10 ms)
[ok]: HINCRBYFLOAT fails against hash value with spaces (left) (1 ms)
[ok]: HINCRBYFLOAT fails against hash value with spaces (right) (2 ms)
[ok]: HINCRBYFLOAT fails against hash value that contains a null-terminator in the middle (2 ms)
[ok]: HSTRLEN against the small hash (4 ms)
[ok]: MIGRATE is caching connections (795 ms)
[ok]: Blocking XREADGROUP for stream that ran dry (issue #5299) (53 ms)
[ok]: XADD with MAXLEN option (338 ms)
[ok]: Blocking XREADGROUP will ignore BLOCK if ID is not > (13 ms)
[ok]: XGROUP DESTROY should unblock XREADGROUP with -NOGROUP (10 ms)
[ok]: RENAME can unblock XREADGROUP with data (6 ms)
[ok]: RENAME can unblock XREADGROUP with -NOGROUP (5 ms)
[4/84 done]: unit/info (1 seconds)
Testing unit/expire
[ok]: XADD with MAXLEN option and the '=' argument (241 ms)
[ok]: DEL against expired key (1101 ms)
[ok]: EXISTS (2 ms)
[ok]: Zero length value in key. SET/GET/EXISTS (1 ms)
[ok]: Commands pipelining (0 ms)
[ok]: Non existing command (0 ms)
[ok]: RENAME basic usage (1 ms)
[ok]: RENAME source key should no longer exist (2 ms)
[ok]: RENAME against already existing key (1 ms)
[ok]: RENAMENX basic usage (2 ms)
[ok]: RENAMENX against already existing key (2 ms)
[ok]: RENAMENX against already existing key (2) (1 ms)
[ok]: RENAME against non existing source key (0 ms)
[ok]: RENAME where source and dest key are the same (existing) (1 ms)
[ok]: RENAMENX where source and dest key are the same (existing) (1 ms)
[ok]: RENAME where source and dest key are the same (non existing) (1 ms)
[ok]: RENAME with volatile key, should move the TTL as well (2 ms)
[ok]: RENAME with volatile key, should not inherit TTL of target key (1 ms)
[ok]: DEL all keys again (DB 0) (1 ms)
[ok]: DEL all keys again (DB 1) (5 ms)
[ok]: COPY basic usage for string (4 ms)
[ok]: COPY for string does not replace an existing key without REPLACE option (1 ms)
[ok]: Regression for a crash with blocking ops and pipelining (2 ms)
[ok]: COPY for string can replace an existing key with REPLACE option (1 ms)
[ok]: COPY for string ensures that copied data is independent of copying data (3 ms)
[ok]: COPY for string does not copy data to no-integer DB (1 ms)
[ok]: COPY can copy key expire metadata as well (1 ms)
[ok]: COPY does not create an expire if it does not exist (1 ms)
[ok]: COPY basic usage for list (2 ms)
[ok]: COPY basic usage for intset set (3 ms)
[ok]: HSTRLEN against the big hash (337 ms)
[ok]: COPY basic usage for hashtable set (3 ms)
[ok]: HSTRLEN against non existing field (1 ms)
[ok]: HSTRLEN corner cases (14 ms)
[ok]: COPY basic usage for listpack sorted set (14 ms)
[ok]: HINCRBYFLOAT over hash-max-listpack-value encoded with a listpack (5 ms)
[ok]: Hash ziplist regression test for large keys (1 ms)
[ok]: COPY basic usage for skiplist sorted set (53 ms)
[ok]: COPY basic usage for listpack hash (2 ms)
[ok]: COPY basic usage for hashtable hash (38 ms)
[ok]: Hash fuzzing #1 - 10 fields (87 ms)
[ok]: Hash fuzzing #2 - 10 fields (68 ms)
[ok]: AUTH fails when binary password is wrong (1 ms)
[ok]: AUTH succeeds when binary password is correct (1 ms)
[ok]: XADD with MAXLEN option and the '~' argument (310 ms)
[ok]: XADD with NOMKSTREAM option (2 ms)
[ok]: EXPIRE - set timeouts multiple times (3 ms)
[ok]: EXPIRE - It should be still possible to read 'x' (1 ms)
[5/84 done]: unit/protocol (2 seconds)
Testing unit/other
[ok]: Old Linked list: SORT BY key (5 ms)
[ok]: Old Linked list: SORT BY key with limit (1 ms)
[ok]: Old Linked list: SORT BY hash field (8 ms)
[ok]: XCLAIM can claim PEL items from another consumer (610 ms)
[ok]: LPOS basic usage (3 ms)
[ok]: LPOS RANK (positive, negative and zero rank) option (1 ms)
[ok]: LPOS COUNT option (2 ms)
[ok]: LPOS COUNT + RANK option (1 ms)
[ok]: LPOS non existing key (0 ms)
[ok]: LPOS no match (1 ms)
[ok]: LPOS MAXLEN (2 ms)
[ok]: LPOS when RANK is greater than matches (1 ms)
[ok]: LPUSH, RPUSH, LLENGTH, LINDEX, LPOP - ziplist (8 ms)
[ok]: LPUSH, RPUSH, LLENGTH, LINDEX, LPOP - regular list (7 ms)
[ok]: COPY basic usage for stream (290 ms)
[ok]: LPOP/RPOP with wrong number of arguments (0 ms)
[ok]: RPOP/LPOP with the optional count argument (2 ms)
[ok]: LPOP/RPOP with the count 0 returns an empty array in RESP3 (1 ms)
[ok]: LPOP/RPOP against non existing key in RESP3 (1 ms)
[ok]: LPOP/RPOP with <count> against non existing key in RESP3 (1 ms)
[ok]: COPY basic usage for stream-cgroups (10 ms)
[ok]: MOVE basic usage (2 ms)
[ok]: MOVE against key existing in the target DB (1 ms)
[ok]: LPOP/RPOP with the count 0 returns an empty array in RESP2 (6 ms)
[ok]: MOVE against non-integer DB (#1428) (0 ms)
[ok]: MOVE can move key expire metadata as well (2 ms)
[ok]: LPOP/RPOP against non existing key in RESP2 (2 ms)
[ok]: LPOP/RPOP with <count> against non existing key in RESP2 (1 ms)
[ok]: Variadic RPUSH/LPUSH (2 ms)
[ok]: MOVE does not create an expire if it does not exist (3 ms)
[ok]: DEL a list (1 ms)
[ok]: SET/GET keys in different DBs (3 ms)
[ok]: BLPOP: single existing list - linkedlist (7 ms)
[ok]: BLPOP: multiple existing lists - linkedlist (8 ms)
[ok]: RANDOMKEY (20 ms)
[ok]: RANDOMKEY against empty DB (1 ms)
[ok]: BLPOP: second list has an entry - linkedlist (11 ms)
[ok]: RANDOMKEY regression 1 (1 ms)
[ok]: KEYS * two times with long key, Github issue #1208 (2 ms)
[ok]: Regression for pattern matching long nested loops (1 ms)
[ok]: BLMPOP_LEFT: single existing list - linkedlist (7 ms)
[ok]: BLMPOP_LEFT: multiple existing lists - linkedlist (9 ms)
[ok]: BLMPOP_LEFT: second list has an entry - linkedlist (5 ms)
[ok]: BRPOPLPUSH - linkedlist (7 ms)
[ok]: BLMOVE left left - linkedlist (7 ms)
[ok]: BLMOVE left right - linkedlist (5 ms)
[ok]: BLMOVE right left - linkedlist (8 ms)
[ok]: BLMOVE right right - linkedlist (9 ms)
[ok]: BLPOP: single existing list - ziplist (9 ms)
[ok]: BLPOP: multiple existing lists - ziplist (5 ms)
[ok]: BLPOP: second list has an entry - ziplist (3 ms)
[ok]: BLMPOP_LEFT: single existing list - ziplist (10 ms)
[ok]: BLMPOP_LEFT: multiple existing lists - ziplist (11 ms)
[ok]: BLMPOP_LEFT: second list has an entry - ziplist (4 ms)
[ok]: XADD with MINID option (289 ms)
[ok]: BRPOPLPUSH - ziplist (7 ms)
[ok]: XTRIM with MINID option (4 ms)
[ok]: XTRIM with MINID option, big delta from master record (2 ms)
[ok]: BLMOVE left left - ziplist (14 ms)
[ok]: BLMOVE left right - ziplist (6 ms)
[ok]: BLMOVE right left - ziplist (4 ms)
[ok]: BLMOVE right right - ziplist (7 ms)
[ok]: BLPOP, LPUSH + DEL should not awake blocked client (105 ms)
[ok]: SAVE - make sure there are all the types as values (6 ms)
[ok]: XCLAIM without JUSTID increments delivery count (405 ms)
[ok]: BLPOP, LPUSH + DEL + SET should not awake blocked client (103 ms)
[6/84 done]: unit/keyspace (2 seconds)
Testing unit/multi
[ok]: BLMPOP_LEFT, LPUSH + DEL should not awake blocked client (104 ms)
[ok]: XCLAIM same consumer (205 ms)
[ok]: BLMPOP_LEFT, LPUSH + DEL + SET should not awake blocked client (105 ms)
[ok]: BLPOP with same key multiple times should work (issue #801) (5 ms)
[ok]: MULTI/EXEC is isolated from the point of view of BLPOP (103 ms)
[ok]: BLPOP with variadic LPUSH (2 ms)
[ok]: MULTI/EXEC is isolated from the point of view of BLMPOP_LEFT (104 ms)
[ok]: BLMPOP_LEFT with variadic LPUSH (2 ms)
[ok]: BRPOPLPUSH with zero timeout should block indefinitely (4 ms)
[ok]: BLMOVE left left with zero timeout should block indefinitely (4 ms)
[ok]: BLMOVE left right with zero timeout should block indefinitely (3 ms)
[ok]: BLMOVE right left with zero timeout should block indefinitely (5 ms)
[ok]: BLMOVE right right with zero timeout should block indefinitely (5 ms)
[ok]: MULTI / EXEC basics (5 ms)
[ok]: DISCARD (5 ms)
[ok]: Nested MULTI are not allowed (2 ms)
[ok]: MULTI where commands alter argc/argv (2 ms)
[ok]: BLMOVE (left, left) with a client BLPOPing the target list (11 ms)
[ok]: WATCH inside MULTI is not allowed (2 ms)
[ok]: EXEC fails if there are errors while queueing commands #1 (7 ms)
[ok]: EXEC fails if there are errors while queueing commands #2 (10 ms)
[ok]: BLMOVE (left, right) with a client BLPOPing the target list (19 ms)
[ok]: If EXEC aborts, the client MULTI state is cleared (5 ms)
[ok]: EXEC works on WATCHed key not modified (2 ms)
[ok]: BLMOVE (right, left) with a client BLPOPing the target list (8 ms)
[ok]: EXEC fail on WATCHed key modified (1 key of 1 watched) (3 ms)
[ok]: EXEC fail on WATCHed key modified (1 key of 5 watched) (3 ms)
[ok]: BLMOVE (right, right) with a client BLPOPing the target list (6 ms)
[ok]: EXEC fail on WATCHed key modified by SORT with STORE even if the result is empty (4 ms)
[ok]: BRPOPLPUSH with wrong source type (4 ms)
[ok]: BRPOPLPUSH with wrong destination type (8 ms)
[ok]: BRPOPLPUSH maintains order of elements after failure (4 ms)
[ok]: BRPOPLPUSH with multiple blocked clients (4 ms)
[ok]: BLMPOP with multiple blocked clients (18 ms)
[ok]: Linked LMOVEs (6 ms)
[ok]: Circular BRPOPLPUSH (4 ms)
[ok]: Self-referential BRPOPLPUSH (3 ms)
[ok]: BRPOPLPUSH inside a transaction (3 ms)
[ok]: PUSH resulting from BRPOPLPUSH affect WATCH (4 ms)
[ok]: BRPOPLPUSH does not affect WATCH while still blocked (5 ms)
[ok]: EXEC fail on lazy expired WATCHed key (106 ms)
[ok]: WATCH stale keys should not fail EXEC (4 ms)
[ok]: Delete WATCHed stale keys should not fail EXEC (4 ms)
[ok]: FLUSHDB while watching stale keys should not fail EXEC (5 ms)
[ok]: After successful EXEC key is no longer watched (2 ms)
[ok]: MASTERAUTH test with binary password (786 ms)
[ok]: After failed EXEC key is no longer watched (3 ms)
[ok]: It is possible to UNWATCH (3 ms)
[ok]: UNWATCH when there is nothing watched works as expected (1 ms)
[ok]: FLUSHALL is able to touch the watched keys (5 ms)
[ok]: FLUSHALL does not touch non affected keys (3 ms)
[ok]: FLUSHDB is able to touch the watched keys (2 ms)
[ok]: FLUSHDB does not touch non affected keys (2 ms)
[ok]: SWAPDB is able to touch the watched keys that exist (4 ms)
[ok]: SWAPDB is able to touch the watched keys that do not exist (3 ms)
[ok]: SWAPDB does not touch watched stale keys (5 ms)
[ok]: SWAPDB does not touch non-existing key replaced with stale key (7 ms)
[ok]: SWAPDB does not touch stale key replaced with another stale key (8 ms)
[ok]: WATCH is able to remember the DB a key belongs to (5 ms)
[ok]: WATCH will consider touched keys target of EXPIRE (3 ms)
[ok]: XAUTOCLAIM can claim PEL items from another consumer (607 ms)
[ok]: XAUTOCLAIM as an iterator (206 ms)
[ok]: XAUTOCLAIM COUNT must be > 0 (1 ms)
[ok]: XCLAIM with XDEL (6 ms)
[ok]: XCLAIM with trimming (7 ms)
[ok]: XAUTOCLAIM with XDEL (5 ms)
[ok]: XAUTOCLAIM with XDEL and count (4 ms)
[ok]: XAUTOCLAIM with out of range count (1 ms)
[ok]: XCLAIM with trimming (15 ms)
[ok]: XINFO FULL output (14 ms)
[ok]: XGROUP CREATECONSUMER: create consumer if does not exist (8 ms)
[ok]: XGROUP CREATECONSUMER: group must exist (1 ms)
[ok]: FUZZ stresser with data model binary (1160 ms)
[7/84 done]: unit/auth (3 seconds)
Testing unit/quit
[ok]: XREADGROUP with NOACK creates consumer (6 ms)
[ok]: Consumer without PEL is present in AOF after AOFRW (59 ms)
[ok]: BRPOPLPUSH timeout (1017 ms)
[ok]: SWAPDB awakes blocked client (5 ms)
[ok]: EXPIRE - After 2.1 seconds the key should no longer be here (2102 ms)
[ok]: EXPIRE - write on expire should work (6 ms)
[ok]: EXPIREAT - Check for EXPIRE alike behavior (1 ms)
[ok]: SETEX - Set + Expire combo operation. Check for TTL (1 ms)
[ok]: SETEX - Check value (2 ms)
[ok]: SETEX - Overwrite old key (1 ms)
[ok]: QUIT returns OK (2 ms)
[ok]: Pipelined commands after QUIT must not be executed (4 ms)
[ok]: Pipelined commands after QUIT that exceed read buffer size (3 ms)
[ok]: WATCH will consider touched expired keys (1017 ms)
[ok]: DISCARD should clear the WATCH dirty flag on the client (4 ms)
[ok]: DISCARD should UNWATCH all the keys (4 ms)
[ok]: SWAPDB wants to wake blocked client, but the key already expired (191 ms)
[ok]: MULTI / EXEC is not propagated (single write command) (91 ms)
[ok]: FUZZ stresser with data model alpha (754 ms)
[ok]: MULTI / EXEC is propagated correctly (multiple commands) (102 ms)
[ok]: Consumer group read counter and lag in empty streams (6 ms)
[ok]: Consumer group read counter and lag sanity (10 ms)
[ok]: Consumer group lag with XDELs (21 ms)
[ok]: Loading from legacy (Redis <= v6.2.x, rdb_ver < 10) persistence (4 ms)
[8/84 done]: unit/quit (1 seconds)
Testing unit/aofrw
[ok]: MULTI / EXEC is propagated correctly (multiple commands with SELECT) (102 ms)
[ok]: MULTI + LPUSH + EXPIRE + DEBUG SLEEP on blocked client, key already expired (301 ms)
[ok]: BLPOP when new key is moved into place (6 ms)
[ok]: BLPOP when result key is created by SORT..STORE (9 ms)
[ok]: BLMPOP_LEFT when new key is moved into place (3 ms)
[ok]: BLMPOP_LEFT when result key is created by SORT..STORE (4 ms)
[ok]: MULTI / EXEC is propagated correctly (empty transaction) (99 ms)
[ok]: BLPOP: with single empty list argument (4 ms)
[ok]: BLPOP: with negative timeout (4 ms)
[ok]: Very big payload random access (3828 ms)
[ok]: BLPOP: with non-integer timeout (2 ms)
[ok]: MULTI / EXEC is propagated correctly (read-only commands) (100 ms)
[ok]: MULTI / EXEC is propagated correctly (write command, no effect) (102 ms)
[ok]: MULTI / EXEC with REPLICAOF (103 ms)
[ok]: DISCARD should not fail during OOM (3 ms)
[ok]: FUZZ stresser with data model compr (600 ms)
[ok]: SETEX - Wait for the key to expire (1102 ms)
[ok]: SETEX - Wrong time parameter (1 ms)
[ok]: PERSIST can undo an EXPIRE (2 ms)
[ok]: PERSIST returns 0 against non existing or non volatile keys (0 ms)
[ok]: MULTI and script timeout (428 ms)
[ok]: FLUSHALL should not reset the dirty counter if we disable save (1 ms)
[ok]: FLUSHALL should reset the dirty counter to 0 if we enable save (11 ms)
[ok]: BLPOP: with zero timeout should block indefinitely (1006 ms)
[ok]: BLPOP: with 0.001 timeout should not block indefinitely (30 ms)
[ok]: BLPOP: second argument is not a list (2 ms)
[ok]: Consumer group last ID propagation to slave (NOACK=0) (826 ms)
[ok]: EXEC and script timeout (416 ms)
[ok]: BGSAVE (59 ms)
[ok]: SELECT an out of range DB (1 ms)
[ok]: MULTI-EXEC body and script timeout (417 ms)
[ok]: Hash fuzzing #1 - 512 fields (4281 ms)
[ok]: just EXEC and script timeout (416 ms)
[ok]: exec with write commands and state change (11 ms)
[ok]: exec with read commands and stale replica state change (5 ms)
[ok]: EXEC with only read commands should not be rejected when OOM (16 ms)
[ok]: EXEC with at least one use-memory command should fail (4 ms)
[ok]: Blocking commands ignores the timeout (5 ms)
[ok]: BLPOP: timeout (1044 ms)
[ok]: MULTI propagation of PUBLISH (70 ms)
[ok]: BLPOP: arguments are empty (9 ms)
[ok]: BRPOP: with single empty list argument (8 ms)
[ok]: BRPOP: with negative timeout (2 ms)
[ok]: BRPOP: with non-integer timeout (18 ms)
[ok]: Consumer group last ID propagation to slave (NOACK=1) (1036 ms)
[ok]: MULTI propagation of SCRIPT LOAD (113 ms)
[ok]: MULTI propagation of EVAL (103 ms)
[ok]: MULTI propagation of SCRIPT FLUSH (104 ms)
[ok]: MULTI propagation of XREADGROUP (107 ms)
[ok]: MULTI with SAVE (10 ms)
[ok]: MULTI with SHUTDOWN (1 ms)
[ok]: EXPIRE precision is now the millisecond (2005 ms)
[ok]: PSETEX can set sub-second expires (105 ms)
[ok]: MULTI with BGREWRITEAOF (211 ms)
[ok]: PEXPIRE can set sub-second expires (112 ms)
[ok]: MULTI with config set appendonly (183 ms)
[ok]: MULTI with config error (1 ms)
[ok]: Flushall while watching several keys by one client (1 ms)
[ok]: PEXPIREAT can set sub-second expires (203 ms)
[ok]: TTL returns time to live in seconds (1 ms)
[ok]: PTTL returns time to live in milliseconds (1 ms)
[ok]: TTL / PTTL / EXPIRETIME / PEXPIRETIME return -1 if key has no expire (1 ms)
[ok]: TTL / PTTL / EXPIRETIME / PEXPIRETIME return -2 if key does not exit (2 ms)
[ok]: EXPIRETIME returns absolute expiration time in seconds (0 ms)
[ok]: PEXPIRETIME returns absolute expiration time in milliseconds (1 ms)
[ok]: BRPOP: with zero timeout should block indefinitely (1003 ms)
[ok]: BRPOP: with 0.001 timeout should not block indefinitely (32 ms)
[ok]: BRPOP: second argument is not a list (1 ms)
[ok]: Replication tests of XCLAIM with deleted entries (autclaim=0) (831 ms)
[ok]: Replication tests of XCLAIM with deleted entries (autclaim=1) (14 ms)
[ok]: XADD mass insertion and XLEN (5988 ms)
[ok]: Redis should actively expire keys incrementally (608 ms)
[ok]: XADD with ID 0-0 (3 ms)
[ok]: XADD with LIMIT delete entries no more than limit (4 ms)
[ok]: XRANGE COUNT works as expected (0 ms)
[ok]: XREVRANGE COUNT works as expected (3 ms)
[ok]: MULTI with FLUSHALL and AOF (8 ms)
[ok]: BRPOP: timeout (1044 ms)
[ok]: BRPOP: arguments are empty (5 ms)
[ok]: BLMPOP_LEFT: with single empty list argument (2 ms)
[ok]: BLMPOP_LEFT: with negative timeout (2 ms)
[ok]: BLMPOP_LEFT: with non-integer timeout (5 ms)
[9/84 done]: unit/multi (6 seconds)
Testing unit/acl
[ok]: XRANGE can be used to iterate the whole stream (598 ms)
[ok]: Empty stream with no lastid can be rewrite into AOF correctly (58 ms)
[ok]: Connections start with the default user (1 ms)
[ok]: It is possible to create new users (0 ms)
[ok]: Usernames can not contain spaces or null characters (0 ms)
[ok]: New users start disabled (0 ms)
[ok]: Enabling the user allows the login (2 ms)
[ok]: Only the set of correct passwords work (7 ms)
[ok]: It is possible to remove passwords from the set of valid ones (0 ms)
[ok]: Test password hashes can be added (0 ms)
[ok]: Test password hashes validate input (0 ms)
[ok]: ACL GETUSER returns the password hash instead of the actual password (0 ms)
[ok]: Test hashed passwords removal (0 ms)
[ok]: By default users are not able to access any command (1 ms)
[ok]: By default users are not able to access any key (0 ms)
[ok]: It's possible to allow the access of a subset of keys (1 ms)
[ok]: By default, only default user is able to publish to any channel (4 ms)
[ok]: By default, only default user is not able to publish to any shard channel (4 ms)
[ok]: By default, only default user is able to subscribe to any channel (3 ms)
[ok]: By default, only default user is able to subscribe to any shard channel (5 ms)
[ok]: By default, only default user is able to subscribe to any pattern (5 ms)
[ok]: It's possible to allow publishing to a subset of channels (11 ms)
[ok]: It's possible to allow publishing to a subset of shard channels (0 ms)
[ok]: Validate subset of channels is prefixed with resetchannels flag (2 ms)
[ok]: In transaction queue publish/subscribe/psubscribe to unauthorized channel will fail (10 ms)
[ok]: It's possible to allow subscribing to a subset of channels (3 ms)
[ok]: It's possible to allow subscribing to a subset of shard channels (5 ms)
[ok]: It's possible to allow subscribing to a subset of channel patterns (1 ms)
[ok]: Subscribers are killed when revoked of channel permission (10 ms)
[ok]: Subscribers are killed when revoked of channel permission (2 ms)
[ok]: Subscribers are killed when revoked of pattern permission (6 ms)
[ok]: Subscribers are killed when revoked of allchannels permission (2 ms)
[ok]: Subscribers are pardoned if literal permissions are retained and/or gaining allchannels (9 ms)
[ok]: Users can be configured to authenticate with any password (1 ms)
[ok]: ACLs can exclude single commands (4 ms)
[ok]: ACLs can include or exclude whole classes of commands (7 ms)
[ok]: ACLs can include single subcommands (6 ms)
[ok]: ACLs can exclude single subcommands, case 1 (1 ms)
[ok]: ACLs can exclude single subcommands, case 2 (1 ms)
[ok]: ACLs cannot include a subcommand with a specific arg (0 ms)
[ok]: ACLs cannot exclude or include a container commands with a specific arg (1 ms)
[ok]: ACLs cannot exclude or include a container command with two args (2 ms)
[ok]: ACLs including of a type includes also subcommands (3 ms)
[ok]: ACLs can block SELECT of all but a specific DB (4 ms)
[ok]: ACLs can block all DEBUG subcommands except one (4 ms)
[ok]: ACLs set can include subcommands, if already full command exists (3 ms)
[ok]: ACLs set can exclude subcommands, if already full command exists (21 ms)
[ok]: ACL GETUSER is able to translate back command permissions (8 ms)
[ok]: Redis should lazy expire keys (1004 ms)
[ok]: ACL GETUSER provides reasonable results (56 ms)
[ok]: ACL CAT with illegal arguments (2 ms)
[ok]: ACL CAT without category - list all categories (0 ms)
[ok]: ACL CAT category - list all commands/subcommands that belong to category (1 ms)
[ok]: ACL requires explicit permission for scripting for EVAL_RO, EVALSHA_RO and FCALL_RO (1 ms)
[ok]: ACL #5998 regression: memory leaks adding / removing subcommands (1 ms)
[ok]: ACL LOG shows failed command executions at toplevel (4 ms)
[ok]: ACL LOG shows failed subcommand executions at toplevel (8 ms)
[ok]: ACL LOG is able to test similar events (14 ms)
[ok]: ACL LOG is able to log keys access violations and key name (1 ms)
[ok]: ACL LOG is able to log channel access violations and channel name (2 ms)
[ok]: ACL LOG RESET is able to flush the entries in the log (0 ms)
[ok]: ACL LOG can distinguish the transaction context (1) (8 ms)
[ok]: ACL LOG can distinguish the transaction context (2) (7 ms)
[ok]: ACL can log errors in the context of Lua scripting (1 ms)
[ok]: ACL LOG can accept a numerical argument to show less entries (3 ms)
[ok]: ACL LOG can log failed auth attempts (0 ms)
[ok]: ACL LOG entries are limited to a maximum amount (3 ms)
[ok]: Check consistency of different data types after a reload (3493 ms)
[ok]: When default user is off, new connections are not authenticated (7 ms)
[ok]: When default user has no command permission, hello command still works for other users (5 ms)
[ok]: ACL HELP should not have unexpected options (1 ms)
[ok]: Delete a user that the client doesn't use (1 ms)
[ok]: Delete a user that the client is using (2 ms)
[ok]: ACL GENPASS command failed test (3 ms)
[ok]: Default user can not be removed (1 ms)
[ok]: ACL load non-existing configured ACL file (0 ms)
[ok]: BLMPOP_LEFT: with zero timeout should block indefinitely (1004 ms)
[10/84 done]: unit/type/stream-cgroups (9 seconds)
Testing unit/acl-v2
[ok]: BLMPOP_LEFT: with 0.001 timeout should not block indefinitely (25 ms)
[ok]: BLMPOP_LEFT: second argument is not a list (1 ms)
[ok]: default: load from include file, can access any channels (3 ms)
[ok]: default: with config acl-pubsub-default allchannels after reset, can access any channels (2 ms)
[ok]: default: with config acl-pubsub-default resetchannels after reset, can not access any channels (2 ms)
[ok]: Alice: can execute all command (1 ms)
[ok]: Bob: just execute @set and acl command (1 ms)
[ok]: ACL load and save (4 ms)
[ok]: ACL load and save with restricted channels (7 ms)
[ok]: Same dataset digest if saving/reloading as AOF? (616 ms)
[ok]: Test basic multiple selectors (3 ms)
[ok]: Test ACL selectors by default have no permissions (0 ms)
[ok]: Test deleting selectors (1 ms)
[ok]: Test selector syntax error reports the error in the selector context (0 ms)
[ok]: Test flexible selector definition (2 ms)
[ok]: Test separate read permission (3 ms)
[ok]: Test separate write permission (1 ms)
[ok]: Test separate read and write permissions (1 ms)
[ok]: Test separate read and write permissions on different selectors are not additive (8 ms)
[ok]: Test SET with separate read permission (2 ms)
[ok]: Test SET with separate write permission (10 ms)
[ok]: Test SET with read and write permissions (4 ms)
[ok]: Test BITFIELD with separate read permission (2 ms)
[ok]: Stress tester for #3343-alike bugs comp: 2 (9132 ms)
[ok]: Test BITFIELD with separate write permission (8 ms)
[ok]: Test BITFIELD with read and write permissions (3 ms)
[ok]: EXPIRES after a reload (snapshot + append only file rewrite) (107 ms)
[ok]: Test ACL log correctly identifies the relevant item when selectors are used (5 ms)
[ok]: Test ACL GETUSER response information (1 ms)
[ok]: Test ACL list idempotency (7 ms)
[ok]: Test R+W is the same as all permissions (0 ms)
[ok]: Test basic dry run functionality (5 ms)
[ok]: Test various commands for command permissions (1 ms)
[ok]: Test various odd commands for key permissions (15 ms)
[ok]: Existence test commands are not marked as access (1 ms)
[ok]: Intersection cardinaltiy commands are access commands (5 ms)
[ok]: Test general keyspace commands require some type of permission to execute (13 ms)
[ok]: Cardinality commands require some type of permission to execute (14 ms)
[ok]: Test sharded channel permissions (3 ms)
[ok]: Test sort with ACL permissions (4 ms)
[ok]: Test DRYRUN with wrong number of arguments (6 ms)
[ok]: EXPIRE should not resurrect keys (issue #1026) (1005 ms)
[ok]: 5 keys in, 5 keys out (0 ms)
[ok]: EXPIRE with empty string as TTL should report an error (0 ms)
[ok]: SET with EX with big integer should report an error (1 ms)
[ok]: SET with EX with smallest integer should report an error (0 ms)
[ok]: GETEX with big integer should report an error (1 ms)
[ok]: GETEX with smallest integer should report an error (1 ms)
[ok]: EXPIRE with big integer overflows when converted to milliseconds (3 ms)
[ok]: PEXPIRE with big integer overflow when basetime is added (0 ms)
[ok]: EXPIRE with big negative integer (2 ms)
[ok]: PEXPIREAT with big integer works (0 ms)
[ok]: PEXPIREAT with big negative integer works (2 ms)
[ok]: ZDIFF fuzzing - listpack (9376 ms)
[ok]: ZPOPMIN with the count 0 returns an empty array (1 ms)
[ok]: ZPOPMIN with negative count (1 ms)
[ok]: ZPOPMAX with the count 0 returns an empty array (0 ms)
[ok]: ZPOPMAX with negative count (1 ms)
[ok]: Basic ZPOPMIN/ZPOPMAX with a single key - listpack (1 ms)
[ok]: ZPOPMIN/ZPOPMAX with count - listpack (1 ms)
[ok]: Basic ZMPOP_MIN/ZMPOP_MAX with a single key - listpack (3 ms)
[ok]: ZMPOP_MIN/ZMPOP_MAX with count - listpack (2 ms)
[ok]: BZPOPMIN/BZPOPMAX with a single existing sorted set - listpack (3 ms)
[ok]: BZPOPMIN/BZPOPMAX with multiple existing sorted sets - listpack (6 ms)
[ok]: BZPOPMIN/BZPOPMAX second sorted set has members - listpack (3 ms)
[ok]: BZMPOP_MIN/BZMPOP_MAX with a single existing sorted set - listpack (2 ms)
[ok]: BZMPOP_MIN/BZMPOP_MAX with multiple existing sorted sets - listpack (2 ms)
[ok]: BZMPOP_MIN/BZMPOP_MAX second sorted set has members - listpack (1 ms)
[ok]: Basic ZPOPMIN/ZPOPMAX - listpack RESP3 (1 ms)
[ok]: ZPOPMIN/ZPOPMAX with count - listpack RESP3 (1 ms)
[ok]: Basic ZMPOP_MIN/ZMPOP_MAX - listpack RESP3 (2 ms)
[ok]: ZMPOP_MIN/ZMPOP_MAX with count - listpack RESP3 (2 ms)
[ok]: BZPOPMIN/BZPOPMAX - listpack RESP3 (3 ms)
[ok]: BZMPOP_MIN/BZMPOP_MAX - listpack RESP3 (3 ms)
[ok]: Check encoding - skiplist (1 ms)
[ok]: ZSET basic ZADD and score update - skiplist (1 ms)
[ok]: ZSET element can't be set to NaN with ZADD - skiplist (0 ms)
[ok]: ZSET element can't be set to NaN with ZINCRBY - skiplist (1 ms)
[ok]: ZADD with options syntax error with incomplete pair - skiplist (0 ms)
[ok]: ZADD XX option without key - skiplist (1 ms)
[ok]: ZADD XX existing key - skiplist (0 ms)
[ok]: ZADD XX returns the number of elements actually added - skiplist (1 ms)
[ok]: ZADD XX updates existing elements score - skiplist (0 ms)
[ok]: ZADD GT updates existing elements when new scores are greater - skiplist (1 ms)
[ok]: ZADD LT updates existing elements when new scores are lower - skiplist (0 ms)
[ok]: ZADD GT XX updates existing elements when new scores are greater and skips new elements - skiplist (1 ms)
[ok]: ZADD LT XX updates existing elements when new scores are lower and skips new elements - skiplist (1 ms)
[ok]: ZADD XX and NX are not compatible - skiplist (1 ms)
[ok]: ZADD NX with non existing key - skiplist (0 ms)
[ok]: ZADD NX only add new elements without updating old ones - skiplist (1 ms)
[ok]: ZADD GT and NX are not compatible - skiplist (0 ms)
[ok]: ZADD LT and NX are not compatible - skiplist (1 ms)
[ok]: ZADD LT and GT are not compatible - skiplist (0 ms)
[ok]: ZADD INCR LT/GT replies with nill if score not updated - skiplist (1 ms)
[ok]: ZADD INCR LT/GT with inf - skiplist (3 ms)
[ok]: ZADD INCR works like ZINCRBY - skiplist (2 ms)
[ok]: ZADD INCR works with a single score-elemenet pair - skiplist (0 ms)
[ok]: ZADD CH option changes return value to all changed elements - skiplist (1 ms)
[ok]: ZINCRBY calls leading to NaN result in error - skiplist (0 ms)
[ok]: ZADD - Variadic version base case - $encoding (1 ms)
[ok]: Hash fuzzing #2 - 512 fields (4253 ms)
[ok]: ZADD - Return value is the number of actually added items - $encoding (0 ms)
[ok]: ZADD - Variadic version does not add nothing on single parsing err - $encoding (1 ms)
[ok]: ZADD - Variadic version will raise error on missing arg - $encoding (0 ms)
[ok]: ZINCRBY does not work variadic even if shares ZADD implementation - $encoding (0 ms)
[ok]: ZCARD basics - skiplist (1 ms)
[ok]: ZREM removes key after last element is removed - skiplist (2 ms)
[ok]: ZREM variadic version - skiplist (1 ms)
[ok]: ZREM variadic version -- remove elements after key deletion - skiplist (0 ms)
[ok]: ZRANGE basics - skiplist (2 ms)
[ok]: ZREVRANGE basics - skiplist (4 ms)
[ok]: ZRANK/ZREVRANK basics - skiplist (1 ms)
[ok]: ZRANK - after deletion - skiplist (0 ms)
[ok]: ZINCRBY - can create a new sorted set - skiplist (1 ms)
[ok]: ZINCRBY - increment and decrement - skiplist (0 ms)
[ok]: ZINCRBY return value - skiplist (0 ms)
[ok]: ZRANGEBYSCORE/ZREVRANGEBYSCORE/ZCOUNT basics - skiplist (8 ms)
[ok]: ZRANGEBYSCORE with WITHSCORES - skiplist (0 ms)
[ok]: ZRANGEBYSCORE with LIMIT - skiplist (5 ms)
[ok]: ZRANGEBYSCORE with LIMIT and WITHSCORES - skiplist (2 ms)
[ok]: ZRANGEBYSCORE with non-value min or max - skiplist (1 ms)
[ok]: ZRANGEBYLEX/ZREVRANGEBYLEX/ZLEXCOUNT basics - skiplist (2 ms)
[ok]: ZLEXCOUNT advanced - skiplist (5 ms)
[ok]: ZRANGEBYSLEX with LIMIT - skiplist (3 ms)
[ok]: ZRANGEBYLEX with invalid lex range specifiers - skiplist (0 ms)
[ok]: ZREMRANGEBYSCORE basics - skiplist (26 ms)
[ok]: ZREMRANGEBYSCORE with non-value min or max - skiplist (0 ms)
[ok]: ZREMRANGEBYRANK basics - skiplist (11 ms)
[ok]: ZUNIONSTORE against non-existing key doesn't set destination - skiplist (1 ms)
[ok]: ZUNION/ZINTER/ZINTERCARD/ZDIFF against non-existing key - skiplist (1 ms)
[ok]: ZUNIONSTORE with empty set - skiplist (1 ms)
[ok]: ZUNION/ZINTER/ZINTERCARD/ZDIFF with empty set - skiplist (1 ms)
[ok]: ZUNIONSTORE basics - skiplist (2 ms)
[ok]: ZUNION/ZINTER/ZINTERCARD/ZDIFF with integer members - skiplist (2 ms)
[ok]: ZUNIONSTORE with weights - skiplist (0 ms)
[ok]: ZUNION with weights - skiplist (1 ms)
[ok]: ZUNIONSTORE with a regular set and weights - skiplist (1 ms)
[ok]: ZUNIONSTORE with AGGREGATE MIN - skiplist (1 ms)
[ok]: ZUNION/ZINTER with AGGREGATE MIN - skiplist (1 ms)
[ok]: ZUNIONSTORE with AGGREGATE MAX - skiplist (1 ms)
[ok]: ZUNION/ZINTER with AGGREGATE MAX - skiplist (1 ms)
[ok]: ZINTERSTORE basics - skiplist (1 ms)
[ok]: ZINTER basics - skiplist (1 ms)
[ok]: ZINTERCARD with illegal arguments (0 ms)
[ok]: ZINTERCARD basics - skiplist (1 ms)
[ok]: ZINTER RESP3 - skiplist (0 ms)
[ok]: ZINTERSTORE with weights - skiplist (0 ms)
[ok]: ZINTER with weights - skiplist (1 ms)
[ok]: ZINTERSTORE with a regular set and weights - skiplist (2 ms)
[ok]: ZINTERSTORE with AGGREGATE MIN - skiplist (0 ms)
[ok]: ZINTERSTORE with AGGREGATE MAX - skiplist (1 ms)
[ok]: ZUNIONSTORE with +inf/-inf scores - skiplist (2 ms)
[ok]: ZUNIONSTORE with NaN weights - skiplist (0 ms)
[ok]: ZINTERSTORE with +inf/-inf scores - skiplist (4 ms)
[ok]: ZINTERSTORE with NaN weights - skiplist (0 ms)
[ok]: ZDIFFSTORE basics - skiplist (3 ms)
[ok]: ZDIFF basics - skiplist (1 ms)
[ok]: ZDIFFSTORE with a regular set - skiplist (2 ms)
[ok]: ZDIFF subtracting set from itself - skiplist (1 ms)
[ok]: ZDIFF algorithm 1 - skiplist (4 ms)
[ok]: ZDIFF algorithm 2 - skiplist (4 ms)
[ok]: Old Big Linked list: SORT BY key (202 ms)
[ok]: Old Big Linked list: SORT BY key with limit (3 ms)
[ok]: Default user has access to all channels irrespective of flag (3 ms)
[ok]: Update acl-pubsub-default, existing users shouldn't get affected (3 ms)
[ok]: Single channel is valid (2 ms)
[ok]: Single channel is not valid with allchannels (1 ms)
[ok]: BLMPOP_LEFT: timeout (1079 ms)
[ok]: Test behavior of loading ACLs (3 ms)
[ok]: BLMPOP_LEFT: arguments are empty (115 ms)
[ok]: XREVRANGE returns the reverse of XRANGE (2199 ms)
[ok]: XRANGE exclusive ranges (4 ms)
[ok]: XREAD with non empty stream (1 ms)
[ok]: Non blocking XREAD with empty streams (0 ms)
[ok]: Old Big Linked list: SORT BY hash field (360 ms)
[ok]: Intset: SORT BY key (1 ms)
[ok]: Intset: SORT BY key with limit (1 ms)
[ok]: Intset: SORT BY hash field (0 ms)
[ok]: BLMPOP_RIGHT: with single empty list argument (101 ms)
[ok]: BLMPOP_RIGHT: with negative timeout (1 ms)
[ok]: BLMPOP_RIGHT: with non-integer timeout (2 ms)
[11/84 done]: unit/acl-v2 (2 seconds)
Testing unit/latency-monitor
[ok]: Only default user has access to all channels irrespective of flag (1 ms)
[ok]: SDIFF fuzzing (10364 ms)
[ok]: SDIFF against non-set should throw error (2 ms)
[ok]: SDIFF should handle non existing key as empty (2 ms)
[ok]: SDIFFSTORE against non-set should throw error (2 ms)
[ok]: SDIFFSTORE should handle non existing key as empty (1 ms)
[ok]: SINTER against non-set should throw error (2 ms)
[ok]: SINTER should handle non existing key as empty (0 ms)
[ok]: SINTER with same integer elements but different encoding (1 ms)
[ok]: SINTERSTORE against non-set should throw error (3 ms)
[ok]: SINTERSTORE against non existing keys should delete dstkey (3 ms)
[ok]: SUNION against non-set should throw error (0 ms)
[ok]: SUNION should handle non existing key as empty (0 ms)
[ok]: SUNIONSTORE against non-set should throw error (2 ms)
[ok]: SUNIONSTORE should handle non existing key as empty (2 ms)
[ok]: SUNIONSTORE against non existing keys should delete dstkey (0 ms)
[ok]: SPOP basics - hashtable (1 ms)
[ok]: SPOP with <count>=1 - hashtable (1 ms)
[ok]: SRANDMEMBER - hashtable (14 ms)
[ok]: SPOP basics - intset (1 ms)
[ok]: SPOP with <count>=1 - intset (2 ms)
[ok]: Hash table: SORT BY key (5 ms)
[ok]: Hash table: SORT BY key with limit (1 ms)
[ok]: SRANDMEMBER - intset (20 ms)
[ok]: Hash table: SORT BY hash field (9 ms)
[ok]: SPOP with <count> (8 ms)
[ok]: SPOP with <count> (8 ms)
[ok]: SPOP using integers, testing Knuth's and Floyd's algorithm (9 ms)
[ok]: SPOP using integers with Knuth's algorithm (0 ms)
[ok]: LATENCY HISTOGRAM with empty histogram (1 ms)
[ok]: SPOP new implementation: code path #1 (6 ms)
[ok]: SPOP new implementation: code path #2 (4 ms)
[ok]: LATENCY HISTOGRAM all commands (8 ms)
[ok]: LATENCY HISTOGRAM sub commands (2 ms)
[ok]: SPOP new implementation: code path #3 (8 ms)
[ok]: LATENCY HISTOGRAM with a subset of commands (4 ms)
[ok]: SRANDMEMBER count of 0 is handled correctly (0 ms)
[ok]: SRANDMEMBER with <count> against non existing key (0 ms)
[ok]: SRANDMEMBER count overflow (1 ms)
[ok]: LATENCY HISTOGRAM command (5 ms)
[ok]: SRANDMEMBER count of 0 is handled correctly - emptyarray (0 ms)
[ok]: SRANDMEMBER with <count> against non existing key - emptyarray (1 ms)
[ok]: LATENCY HISTOGRAM with wrong command name skips the invalid one (3 ms)
[ok]: SRANDMEMBER with <count> - hashtable (39 ms)
[ok]: SRANDMEMBER with <count> - intset (40 ms)
[ok]: SRANDMEMBER histogram distribution - hashtable (150 ms)
[ok]: SRANDMEMBER histogram distribution - intset (96 ms)
[ok]: BLMPOP_RIGHT: with zero timeout should block indefinitely (1004 ms)
[ok]: BLMPOP_RIGHT: with 0.001 timeout should not block indefinitely (24 ms)
[ok]: BLMPOP_RIGHT: second argument is not a list (2 ms)
[ok]: EXPIRES after AOF reload (without rewrite) (2116 ms)
[ok]: default: load from config file, without channel permission default user can't access any channels (1 ms)
[ok]: All time-to-live(TTL) in commands are propagated as absolute timestamp in milliseconds in AOF (2036 ms)
[ok]: SET 10000 numeric keys and access all them in reverse order (8079 ms)
[ok]: DBSIZE should be 10000 now (1 ms)
[ok]: SETNX target key missing (6 ms)
[ok]: SETNX target key exists (1 ms)
[ok]: SETNX against not-expired volatile key (1 ms)
[ok]: default: load from config file with all channels permissions (1 ms)
[ok]: Stress test the hash ziplist -> hashtable encoding conversion (2473 ms)
[ok]: PIPELINING stresser (also a regression for the old epoll bug) (759 ms)
[ok]: APPEND basics (2 ms)
[ok]: APPEND basics, integer encoded values (2 ms)
[ok]: All TTL in commands are propagated as absolute timestamp in replication stream (63 ms)
[ok]: Hash ziplist of various encodings (102 ms)
[ok]: Hash ziplist of various encodings - sanitize dump (4 ms)
[ok]: HINCRBYFLOAT does not allow NaN or Infinity (1 ms)
[ok]: First server should have role slave after REPLICAOF (4 ms)
[ok]: BLMPOP_RIGHT: timeout (1061 ms)
[ok]: BLMPOP_RIGHT: arguments are empty (6 ms)
[ok]: BLPOP inside a transaction (3 ms)
[ok]: BLMPOP_LEFT inside a transaction (3 ms)
[12/84 done]: unit/type/hash (13 seconds)
Testing integration/block-repl
[ok]: Test loading an ACL file with duplicate users (65 ms)
[ok]: BLMPOP propagate as pop with count command to replica (191 ms)
[ok]: LPUSHX, RPUSHX - generic (0 ms)
[ok]: LPUSHX, RPUSHX - linkedlist (2 ms)
[ok]: LINSERT - linkedlist (8 ms)
[ok]: LPUSHX, RPUSHX - ziplist (8 ms)
[ok]: LINSERT - ziplist (4 ms)
[ok]: LINSERT raise error on bad syntax (0 ms)
[ok]: Test loading an ACL file with duplicate default user (71 ms)
[ok]: Test loading duplicate users in config on startup (97 ms)
[ok]: LINDEX consistency test - quicklist (326 ms)
[ok]: LINDEX random access - quicklist (161 ms)
[ok]: APPEND fuzzing (974 ms)
[ok]: FLUSHDB (49 ms)
[ok]: Perform a final SAVE to leave a clean DB on disk (1 ms)
[ok]: RESET clears client state (2 ms)
[ok]: RESET clears MONITOR state (3 ms)
[ok]: RESET clears and discards MULTI state (1 ms)
[ok]: RESET clears Pub/Sub state (1 ms)
[ok]: RESET clears authenticated state (2 ms)
[ok]: Subcommand syntax error crash (issue #10070) (2 ms)
[ok]: XREAD with non empty second stream (3046 ms)
[ok]: Blocking XREAD waiting new data (4 ms)
[ok]: Blocking XREAD waiting old data (1 ms)
[ok]: For all replicated TTL-related commands, absolute expire times are identical on primary and replica (936 ms)
[ok]: Blocking XREAD will not reply with an empty array (76 ms)
[ok]: Check if list is still ok after a DEBUG RELOAD - quicklist (301 ms)
[ok]: Blocking XREAD for stream that ran dry (issue #5299) (103 ms)
[ok]: XREAD: XADD + DEL should not awake client (3 ms)
[ok]: XREAD: XADD + DEL + LPUSH should not awake client (3 ms)
[ok]: XREAD with same stream name multiple times should work (2 ms)
[ok]: XREAD + multiple XADD inside transaction (3 ms)
[ok]: XDEL basic test (1 ms)
[ok]: expired key which is created in writeable replicas should be deleted by active expiry (303 ms)
[ok]: LINDEX consistency test - quicklist (460 ms)
[ok]: SET command will remove expire (1 ms)
[ok]: SET - use KEEPTTL option, TTL should not be removed (1 ms)
[ok]: LINDEX random access - quicklist (302 ms)
[ok]: ACL from config file and config rewrite (648 ms)
[ok]: Test latency events logging (3403 ms)
[ok]: LATENCY HISTORY output is ok (1 ms)
[ok]: LATENCY LATEST output is ok (1 ms)
[ok]: Don't rehash if redis has child process (651 ms)
[ok]: First server should have role slave after SLAVEOF (1002 ms)
[ok]: AOF rewrite during write load: RDB preamble=yes (10382 ms)
[13/84 done]: unit/acl (7 seconds)
Testing integration/replication
[ok]: Check if list is still ok after a DEBUG RELOAD - quicklist (825 ms)
[ok]: LLEN against non-list value error (1 ms)
[ok]: LLEN against non existing key (1 ms)
[ok]: LINDEX against non-list value error (1 ms)
[ok]: LINDEX against non existing key (11 ms)
[ok]: LPUSH against non-list value error (3 ms)
[ok]: RPUSH against non-list value error (0 ms)
[ok]: RPOPLPUSH base case - linkedlist (4 ms)
[ok]: LMOVE left left base case - linkedlist (2 ms)
[ok]: LMOVE left right base case - linkedlist (1 ms)
[ok]: LMOVE right left base case - linkedlist (8 ms)
[ok]: LMOVE right right base case - linkedlist (17 ms)
[ok]: RPOPLPUSH with the same list as src and dst - linkedlist (2 ms)
[ok]: LMOVE left left with the same list as src and dst - linkedlist (5 ms)
[ok]: LMOVE left right with the same list as src and dst - linkedlist (4 ms)
[ok]: LMOVE right left with the same list as src and dst - linkedlist (19 ms)
[ok]: LMOVE right right with the same list as src and dst - linkedlist (1 ms)
[ok]: RPOPLPUSH with linkedlist source and existing target linkedlist (2 ms)
[ok]: LMOVE left left with linkedlist source and existing target linkedlist (9 ms)
[ok]: LMOVE left right with linkedlist source and existing target linkedlist (11 ms)
[ok]: LMOVE right left with linkedlist source and existing target linkedlist (3 ms)
[ok]: LMOVE right right with linkedlist source and existing target linkedlist (15 ms)
[ok]: RPOPLPUSH with linkedlist source and existing target ziplist (15 ms)
[ok]: LMOVE left left with linkedlist source and existing target ziplist (3 ms)
[ok]: LMOVE left right with linkedlist source and existing target ziplist (2 ms)
[ok]: LMOVE right left with linkedlist source and existing target ziplist (8 ms)
[ok]: LMOVE right right with linkedlist source and existing target ziplist (16 ms)
[ok]: RPOPLPUSH base case - ziplist (3 ms)
[ok]: LMOVE left left base case - ziplist (6 ms)
[ok]: LMOVE left right base case - ziplist (15 ms)
[ok]: Process title set as expected (46 ms)
[ok]: LMOVE right left base case - ziplist (2 ms)
[ok]: LMOVE right right base case - ziplist (2 ms)
[ok]: RPOPLPUSH with the same list as src and dst - ziplist (4 ms)
[ok]: LMOVE left left with the same list as src and dst - ziplist (12 ms)
[ok]: LMOVE left right with the same list as src and dst - ziplist (2 ms)
[ok]: LMOVE right left with the same list as src and dst - ziplist (2 ms)
[ok]: LMOVE right right with the same list as src and dst - ziplist (12 ms)
[ok]: RPOPLPUSH with ziplist source and existing target linkedlist (3 ms)
[ok]: LMOVE left left with ziplist source and existing target linkedlist (2 ms)
[ok]: LMOVE left right with ziplist source and existing target linkedlist (6 ms)
[ok]: LMOVE right left with ziplist source and existing target linkedlist (2 ms)
[ok]: ZDIFF fuzzing - skiplist (5563 ms)
[ok]: ZPOPMIN with the count 0 returns an empty array (1 ms)
[ok]: LMOVE right right with ziplist source and existing target linkedlist (4 ms)
[ok]: ZPOPMIN with negative count (11 ms)
[ok]: ZPOPMAX with the count 0 returns an empty array (1 ms)
[ok]: ZPOPMAX with negative count (1 ms)
[ok]: Basic ZPOPMIN/ZPOPMAX with a single key - skiplist (2 ms)
[ok]: ZPOPMIN/ZPOPMAX with count - skiplist (1 ms)
[ok]: Basic ZMPOP_MIN/ZMPOP_MAX with a single key - skiplist (7 ms)
[ok]: RPOPLPUSH with ziplist source and existing target ziplist (21 ms)
[ok]: ZMPOP_MIN/ZMPOP_MAX with count - skiplist (1 ms)
[ok]: BZPOPMIN/BZPOPMAX with a single existing sorted set - skiplist (2 ms)
[ok]: LMOVE left left with ziplist source and existing target ziplist (4 ms)
[ok]: LMOVE left right with ziplist source and existing target ziplist (12 ms)
[ok]: BZPOPMIN/BZPOPMAX with multiple existing sorted sets - skiplist (11 ms)
[ok]: BZPOPMIN/BZPOPMAX second sorted set has members - skiplist (2 ms)
[ok]: BZMPOP_MIN/BZMPOP_MAX with a single existing sorted set - skiplist (1 ms)
[ok]: LMOVE right left with ziplist source and existing target ziplist (11 ms)
[ok]: BZMPOP_MIN/BZMPOP_MAX with multiple existing sorted sets - skiplist (12 ms)
[ok]: LMOVE right right with ziplist source and existing target ziplist (1 ms)
[ok]: RPOPLPUSH against non existing key (1 ms)
[ok]: BZMPOP_MIN/BZMPOP_MAX second sorted set has members - skiplist (2 ms)
[ok]: RPOPLPUSH against non list src key (0 ms)
[ok]: Basic ZPOPMIN/ZPOPMAX - skiplist RESP3 (1 ms)
[ok]: RPOPLPUSH against non list dst key (1 ms)
[ok]: RPOPLPUSH against non existing src key (0 ms)
[ok]: ZPOPMIN/ZPOPMAX with count - skiplist RESP3 (5 ms)
[ok]: Basic ZMPOP_MIN/ZMPOP_MAX - skiplist RESP3 (1 ms)
[ok]: Basic LPOP/RPOP/LMPOP - linkedlist (14 ms)
[ok]: ZMPOP_MIN/ZMPOP_MAX with count - skiplist RESP3 (7 ms)
[ok]: Basic LPOP/RPOP/LMPOP - ziplist (5 ms)
[ok]: LPOP/RPOP/LMPOP against empty list (1 ms)
[ok]: BZPOPMIN/BZPOPMAX - skiplist RESP3 (5 ms)
[ok]: LPOP/RPOP/LMPOP NON-BLOCK or BLOCK against non list value (4 ms)
[ok]: BZMPOP_MIN/BZMPOP_MAX - skiplist RESP3 (3 ms)
[ok]: ZPOP/ZMPOP against wrong type (5 ms)
[ok]: ZMPOP with illegal argument (7 ms)
[ok]: Slave enters handshake (1 ms)
[ok]: ZMPOP propagate as pop with count command to replica (134 ms)
[ok]: ZPOPMIN/ZPOPMAX readraw in RESP3 (5 ms)
[ok]: MIGRATE cached connections are released after some time (15002 ms)
[14/84 done]: unit/other (14 seconds)
Testing integration/replication-2
[ok]: Mass RPOP/LPOP - quicklist (301 ms)
[ok]: BZPOPMIN/BZPOPMAX readraw in RESP3 (189 ms)
[ok]: ZMPOP readraw in RESP3 (3 ms)
[ok]: BZMPOP readraw in RESP3 (204 ms)
[ok]: ZPOPMIN/ZPOPMAX readraw in RESP2 (4 ms)
[ok]: SET - use KEEPTTL option, TTL should not be removed after loadaof (2007 ms)
[ok]: GETEX use of PERSIST option should remove TTL (1 ms)
[ok]: SETNX against expired volatile key (4182 ms)
[ok]: GETEX EX option (0 ms)
[ok]: GETEX PX option (1 ms)
[ok]: GETEX EXAT option (0 ms)
[ok]: GETEX PXAT option (0 ms)
[ok]: GETEX PERSIST option (2 ms)
[ok]: GETEX no option (1 ms)
[ok]: GETEX syntax errors (0 ms)
[ok]: GETEX no arguments (0 ms)
[ok]: GETDEL command (2 ms)
[ok]: BZPOPMIN/BZPOPMAX readraw in RESP2 (193 ms)
[ok]: ZMPOP readraw in RESP2 (8 ms)
[ok]: Mass RPOP/LPOP - quicklist (468 ms)
[ok]: GETDEL propagate as DEL command to replica (67 ms)
[ok]: LMPOP with illegal argument (10 ms)
[ok]: LMPOP single existing list (25 ms)
[ok]: LMPOP multiple existing lists (28 ms)
[ok]: GETEX without argument does not propagate to replica (98 ms)
[ok]: MGET (14 ms)
[ok]: MGET against non existing key (0 ms)
[ok]: MGET against non-string key (1 ms)
[ok]: GETSET (set new value) (0 ms)
[ok]: GETSET (replace old value) (1 ms)
[ok]: MSET base case (1 ms)
[ok]: MSET/MSETNX wrong number of args (0 ms)
[ok]: MSETNX with already existent key (2 ms)
[ok]: MSETNX with not existing keys (1 ms)
[ok]: MSETNX with not existing keys - same key twice (0 ms)
[ok]: MSETNX with already existing keys - same key twice (0 ms)
[ok]: STRLEN against non-existing key (0 ms)
[ok]: STRLEN against integer-encoded value (0 ms)
[ok]: STRLEN against plain string (0 ms)
[ok]: SETBIT against non-existing key (0 ms)
[ok]: SETBIT against string-encoded key (1 ms)
[ok]: SETBIT against integer-encoded key (6 ms)
[ok]: SETBIT against key with wrong type (2 ms)
[ok]: SETBIT with out of range bit offset (2 ms)
[ok]: SETBIT with non-bit argument (2 ms)
[ok]: LMPOP propagate as pop with count command to replica (104 ms)
[ok]: LRANGE basics - linkedlist (11 ms)
[ok]: LRANGE inverted indexes - linkedlist (3 ms)
[ok]: LRANGE out of range indexes including the full list - linkedlist (9 ms)
[ok]: BZMPOP readraw in RESP2 (198 ms)
[ok]: LRANGE out of range negative end index - linkedlist (2 ms)
[ok]: ZINTERSTORE regression with two sets, intset+hashtable (3 ms)
[ok]: LRANGE basics - ziplist (4 ms)
[ok]: ZUNIONSTORE regression, should not create NaN in scores (4 ms)
[ok]: LRANGE inverted indexes - ziplist (4 ms)
[ok]: ZINTERSTORE #516 regression, mixed sets and ziplist zsets (5 ms)
[ok]: LRANGE out of range indexes including the full list - ziplist (5 ms)
[ok]: LRANGE out of range negative end index - ziplist (17 ms)
[ok]: LRANGE against non existing key (0 ms)
[ok]: LRANGE with start > end yields an empty array for backward compatibility (2 ms)
[ok]: MIGRATE is able to migrate a key between two instances (804 ms)
[ok]: LTRIM basics - linkedlist (62 ms)
[ok]: LTRIM out of range negative end index - linkedlist (4 ms)
[ok]: First server should have role slave after SLAVEOF (104 ms)
[ok]: ZUNIONSTORE result is sorted (142 ms)
[ok]: ZUNIONSTORE/ZINTERSTORE/ZDIFFSTORE error if using WITHSCORES  (9 ms)
[ok]: ZMSCORE retrieve (1 ms)
[ok]: ZMSCORE retrieve from empty set (1 ms)
[ok]: ZMSCORE retrieve with missing member (1 ms)
[ok]: ZMSCORE retrieve single member (7 ms)
[ok]: ZMSCORE retrieve requires one or more members (2 ms)
[ok]: ZSET commands don't accept the empty strings as valid score (1 ms)
[ok]: zunionInterDiffGenericCommand at least 1 input key (2 ms)
[ok]: LTRIM basics - ziplist (109 ms)
[ok]: LTRIM out of range negative end index - ziplist (21 ms)
[ok]: LSET - linkedlist (15 ms)
[ok]: LSET out of range index - linkedlist (0 ms)
[ok]: LSET - ziplist (1 ms)
[ok]: LSET out of range index - ziplist (1 ms)
[ok]: LSET against non existing key (0 ms)
[ok]: LSET against non list value (4 ms)
[ok]: LREM remove all the occurrences - linkedlist (21 ms)
[ok]: LREM remove the first occurrence - linkedlist (1 ms)
[ok]: LREM remove non existing element - linkedlist (1 ms)
[ok]: LREM starting from tail with negative count - linkedlist (7 ms)
[ok]: LREM starting from tail with negative count (2) - linkedlist (2 ms)
[ok]: LREM deleting objects that may be int encoded - linkedlist (13 ms)
[ok]: LREM remove all the occurrences - ziplist (2 ms)
[ok]: LREM remove the first occurrence - ziplist (0 ms)
[ok]: LREM remove non existing element - ziplist (1 ms)
[ok]: LREM starting from tail with negative count - ziplist (4 ms)
[ok]: LREM starting from tail with negative count (2) - ziplist (0 ms)
[ok]: ZSCORE - listpack (135 ms)
[ok]: LREM deleting objects that may be int encoded - ziplist (16 ms)
[ok]: ZMSCORE - listpack (126 ms)
[ok]: ZSCORE after a DEBUG RELOAD - listpack (106 ms)
[ok]: If min-slaves-to-write is honored, write is accepted (516 ms)
[ok]: No write if min-slaves-to-write is < attached slaves (1 ms)
[ok]: If min-slaves-to-write is honored, write is accepted (again) (1 ms)
[ok]: ZSET sorting stresser - listpack (107 ms)
[ok]: MIGRATE is able to copy a key between two instances (781 ms)
[ok]: XDEL fuzz test (4108 ms)
[ok]: Regression for bug 593 - chaining BRPOPLPUSH with other blocking cmds (1013 ms)
[ok]: client unblock tests (29 ms)
[ok]: client unblock tests (20 ms)
[ok]: List ziplist of various encodings (87 ms)
[ok]: List ziplist of various encodings - sanitize dump (8 ms)
[ok]: SETBIT fuzzing (1622 ms)
[ok]: GETBIT against non-existing key (4 ms)
[ok]: GETBIT against string-encoded key (1 ms)
[ok]: GETBIT against integer-encoded key (4 ms)
[ok]: SETRANGE against non-existing key (2 ms)
[ok]: SETRANGE against string-encoded key (1 ms)
[ok]: Big Hash table: SORT BY key (583 ms)
[ok]: SETRANGE against integer-encoded key (12 ms)
[ok]: SETRANGE against key with wrong type (4 ms)
[ok]: SETRANGE with out of range offset (1 ms)
[ok]: GETRANGE against non-existing key (0 ms)
[ok]: GETRANGE against string value (1 ms)
[ok]: GETRANGE against integer-encoded value (2 ms)
[ok]: Big Hash table: SORT BY key with limit (10 ms)
[ok]: MIGRATE will not overwrite existing keys, unless REPLACE is used (817 ms)
[ok]: GETEX use of PERSIST option should remove TTL after loadaof (2002 ms)
[ok]: GETEX propagate as to replica as PERSIST, DEL, or nothing (37 ms)
[ok]: EXPIRE with NX option on a key with ttl (1 ms)
[ok]: EXPIRE with NX option on a key without ttl (0 ms)
[ok]: EXPIRE with XX option on a key with ttl (1 ms)
[ok]: EXPIRE with XX option on a key without ttl (0 ms)
[ok]: EXPIRE with GT option on a key with lower ttl (0 ms)
[ok]: EXPIRE with GT option on a key with higher ttl (1 ms)
[ok]: EXPIRE with GT option on a key without ttl (3 ms)
[ok]: EXPIRE with LT option on a key with higher ttl (16 ms)
[ok]: EXPIRE with LT option on a key with lower ttl (1 ms)
[ok]: EXPIRE with LT option on a key without ttl (0 ms)
[15/84 done]: unit/type/list (18 seconds)
Testing integration/replication-3
[ok]: EXPIRE with LT and XX option on a key with ttl (21 ms)
[ok]: EXPIRE with LT and XX option on a key without ttl (2 ms)
[ok]: EXPIRE with conflicting options: LT GT (1 ms)
[ok]: EXPIRE with conflicting options: NX GT (0 ms)
[ok]: EXPIRE with conflicting options: NX LT (0 ms)
[ok]: EXPIRE with conflicting options: NX XX (0 ms)
[ok]: EXPIRE with unsupported options (0 ms)
[ok]: EXPIRE with unsupported options (0 ms)
[ok]: EXPIRE with negative expiry (2 ms)
[ok]: EXPIRE with negative expiry on a non-valitale key (10 ms)
[ok]: EXPIRE with non-existed key (6 ms)
[ok]: SCAN: Lazy-expire should not be wrapped in MULTI/EXEC (137 ms)
[ok]: RANDOMKEY: Lazy-expire should not be wrapped in MULTI/EXEC (120 ms)
[ok]: Big Hash table: SORT BY hash field (615 ms)
[ok]: SORT GET # (4 ms)
[ok]: SORT GET <const> (2 ms)
[ok]: SORT GET (key and hash) with sanity check (31 ms)
[ok]: SORT BY key STORE (2 ms)
[ok]: SORT BY hash field STORE (10 ms)
[ok]: SORT extracts STORE correctly (0 ms)
[ok]: SORT_RO get keys (2 ms)
[ok]: SORT extracts multiple STORE correctly (6 ms)
[ok]: SORT DESC (1 ms)
[ok]: SORT ALPHA against integer encoded strings (1 ms)
[ok]: SORT sorted set (7 ms)
[ok]: SORT sorted set BY nosort should retain ordering (9 ms)
[ok]: SORT sorted set BY nosort + LIMIT (3 ms)
[ok]: SORT sorted set BY nosort works as expected from scripts (4 ms)
[ok]: SORT sorted set: +inf and -inf handling (2 ms)
[ok]: SORT regression for issue #19, sorting floats (17 ms)
[ok]: SORT with STORE returns zero if result is empty (github issue 224) (1 ms)
[ok]: SORT with STORE does not create empty lists (github issue 224) (14 ms)
[ok]: SORT with STORE removes key if result is empty (github issue 227) (1 ms)
[ok]: SORT with BY <constant> and STORE should still order output (1 ms)
[ok]: SORT will complain with numerical sorting and bad doubles (1) (0 ms)
[ok]: SORT will complain with numerical sorting and bad doubles (2) (1 ms)
[ok]: SORT BY sub-sorts lexicographically if score is the same (1 ms)
[ok]: SORT GET with pattern ending with just -> does not get hash field (3 ms)
[ok]: SORT by nosort retains native order for lists (1 ms)
[ok]: SORT by nosort plus store retains native order for lists (1 ms)
[ok]: SORT by nosort with limit returns based on original list order (3 ms)
[ok]: SORT_RO - Successful case (1 ms)
[ok]: SORT_RO - Cannot run with STORE arg (3 ms)
[ok]: MIGRATE propagates TTL correctly (807 ms)
[16/84 done]: unit/expire (18 seconds)
Testing integration/replication-4
[ok]: SORT speed, 100 element list BY key, 100 times (113 ms)
[ok]: First server should have role slave after SLAVEOF (108 ms)
[ok]: SORT speed, 100 element list BY hash field, 100 times (116 ms)
[ok]: SORT speed, 100 element list directly, 100 times (109 ms)
[ok]: No write if min-slaves-max-lag is > of the slave lag (2367 ms)
[ok]: min-slaves-to-write is ignored by slaves (1 ms)
[ok]: SORT speed, 100 element list BY <const>, 100 times (79 ms)
[ok]: SETRANGE with huge offset (8 ms)
[ok]: Stress tester for #3343-alike bugs comp: 1 (10197 ms)
[17/84 done]: unit/sort (20 seconds)
Testing integration/replication-psync
[ok]: GETRANGE fuzzing (1845 ms)
[ok]: trim on SET with big value (53 ms)
[ok]: Extended SET can detect syntax errors (2 ms)
[ok]: Extended SET NX option (3 ms)
[ok]: Extended SET XX option (1 ms)
[ok]: Extended SET GET option (1 ms)
[ok]: Extended SET GET option with no previous value (2 ms)
[ok]: Extended SET GET option with XX (2 ms)
[ok]: Extended SET GET option with XX and no previous value (2 ms)
[ok]: Extended SET GET option with NX (3 ms)
[ok]: Extended SET GET option with NX and previous value (4 ms)
[ok]: Extended SET GET with incorrect type should result in wrong type error (2 ms)
[ok]: Extended SET EX option (1 ms)
[ok]: Extended SET PX option (5 ms)
[ok]: Extended SET EXAT option (1 ms)
[ok]: Extended SET PXAT option (1 ms)
[ok]: Extended SET using multiple options at once (2 ms)
[ok]: GETRANGE with huge ranges, Github issue #1844 (0 ms)
[ok]: LCS basic (3 ms)
[ok]: LCS len (3 ms)
[ok]: LCS indexes (1 ms)
[ok]: LCS indexes with match len (4 ms)
[ok]: LCS indexes with match len and minimum match len (0 ms)
[ok]: SETRANGE with huge offset (1 ms)
[ok]: LATENCY of expire events are correctly collected (5581 ms)
[ok]: LATENCY HISTORY / RESET with wrong event name is fine (0 ms)
[ok]: LATENCY DOCTOR produces some output (4 ms)
[ok]: LATENCY RESET is able to reset events (1 ms)
[ok]: LATENCY HELP should not have unexpected options (8 ms)
[18/84 done]: unit/type/string (21 seconds)
Testing integration/replication-buffer
[19/84 done]: unit/latency-monitor (10 seconds)
Testing integration/shutdown
[ok]: Slave should be able to synchronize with the master (208 ms)
[ok]: First server should have role slave after SLAVEOF (1009 ms)
[ok]: LTRIM stress testing - linkedlist (21165 ms)
[ok]: Detect write load to master (1004 ms)
[ok]: Test replication partial resync: no reconnection, just sync (diskless: no, disabled, reconnect: 0) (116 ms)
[ok]: All replicas share one global replication buffer (120 ms)
[ok]: Slave should be able to synchronize with the master (108 ms)
[ok]: Replication buffer will become smaller when no replica uses (539 ms)
[ok]: Detect write load to master (1002 ms)
[ok]: Shutting down master waits for replica to catch up (sigterm) (3737 ms)
[ok]: SCAN regression test for issue #4906 (23978 ms)
[20/84 done]: unit/scan (25 seconds)
Testing integration/aof
[ok]: Unfinished MULTI: Server should start if load-truncated is yes (36 ms)
[ok]: Slave is able to detect timeout during handshake (0 ms)
[ok]: Short read: Server should start if load-truncated is yes (40 ms)
[ok]: Truncated AOF loaded: we expect foo to be equal to 5 (5 ms)
[ok]: Append a new command after loading an incomplete AOF (1 ms)
[ok]: Test replication with parallel clients writing in different DBs (5198 ms)
[ok]: Short read + command: Server should start (40 ms)
[ok]: Truncated AOF loaded: we expect foo to be equal to 6 now (4 ms)
[ok]: Set instance A as slave of B (4 ms)
[ok]: Bad format: Server should have logged an error (29 ms)
[ok]: INCRBYFLOAT replication, should not remove expire (519 ms)
[ok]: GETSET replication (5 ms)
[ok]: BRPOPLPUSH replication, when blocking against empty list (7 ms)
[ok]: First server should have role slave after SLAVEOF (102 ms)
[ok]: With min-slaves-to-write (1,3): master should be writable (1 ms)
[ok]: With min-slaves-to-write (2,3): master should not be writable (1 ms)
[ok]: With min-slaves-to-write function without no-write flag (11 ms)
[ok]: With not enough good slaves, read in Lua script is still accepted (4 ms)
[ok]: Unfinished MULTI: Server should have logged an error (40 ms)
[ok]: Shutting down master waits for replica to catch up (shutdown) (3612 ms)
[ok]: Short read: Server should have logged an error (40 ms)
[ok]: Short read: Utility should confirm the AOF is not valid (38 ms)
[ok]: Short read: Utility should show the abnormal line num in AOF (36 ms)
[ok]: Short read: Utility should be able to fix the AOF (36 ms)
[ok]: Stress tester for #3343-alike bugs comp: 0 (8698 ms)
[ok]: BRPOPLPUSH replication, list exists (1009 ms)
[ok]: BLMOVE (left, left) replication, when blocking against empty list (7 ms)
[ok]: Fixed AOF: Server should have been started (36 ms)
[ok]: Fixed AOF: Keyspace should contain values that were parseable (3 ms)
[ok]: ZRANGEBYSCORE fuzzy test, 100 ranges in 128 element sorted set - listpack (11410 ms)
[ok]: ZRANGEBYLEX fuzzy test, 100 ranges in 128 element sorted set - listpack (286 ms)
[ok]: AOF+SPOP: Server should have been started (31 ms)
[ok]: AOF+SPOP: Set should have 1 member (5 ms)
[ok]: Replication backlog size can outgrow the backlog limit config (2908 ms)
[ok]: ZREMRANGEBYLEX fuzzy test, 100 ranges in 128 element sorted set - listpack (518 ms)
[ok]: BLMOVE (left, left) replication, list exists (1009 ms)
[ok]: BLMOVE (left, right) replication, when blocking against empty list (5 ms)
[ok]: ZSETs skiplist implementation backlink consistency test - listpack (99 ms)
[ok]: AOF+SPOP: Server should have been started (38 ms)
[ok]: AOF+SPOP: Set should have 1 member (4 ms)
[ok]: AOF+EXPIRE: Server should have been started (36 ms)
[ok]: AOF+EXPIRE: List should be empty (4 ms)
[ok]: Test replication partial resync: ok psync (diskless: no, disabled, reconnect: 1) (6212 ms)
[ok]: XRANGE fuzzing (12578 ms)
[ok]: XREVRANGE regression test for issue #5006 (5 ms)
[ok]: XREAD streamID edge (no-blocking) (5 ms)
[ok]: XREAD streamID edge (blocking) (5 ms)
[ok]: XADD streamID edge (1 ms)
[ok]: BLMOVE (left, right) replication, list exists (1005 ms)
[ok]: BLMOVE (right, left) replication, when blocking against empty list (8 ms)
[ok]: XTRIM with MAXLEN option basic test (293 ms)
[ok]: XADD with LIMIT consecutive calls (37 ms)
[ok]: XTRIM with ~ is limited (36 ms)
[ok]: XTRIM without ~ is not limited (36 ms)
[ok]: XTRIM without ~ and with LIMIT (38 ms)
[ok]: XTRIM with LIMIT delete entries no more than limit (2 ms)
[ok]: With min-slaves-to-write: master not writable with lagged slave (3310 ms)
[ok]: Redis should not try to convert DEL into EXPIREAT for EXPIRE -1 (0 ms)
[ok]: BLMOVE (right, left) replication, list exists (1009 ms)
[ok]: BLMOVE (right, right) replication, when blocking against empty list (5 ms)
[ok]: MASTER and SLAVE consistency with expire (12243 ms)
[ok]: Shutting down master waits for replica timeout (3732 ms)
[ok]: XADD with MAXLEN > xlen can propagate correctly (50 ms)
[ok]: Master can replicate command longer than client-query-buffer-limit on replica (131 ms)
[ok]: Slave should be able to synchronize with the master (105 ms)
[ok]: XADD with MINID > lastid can propagate correctly (38 ms)
[ok]: BLMOVE (right, right) replication, list exists (1009 ms)
[ok]: First server should have role slave after SLAVEOF (111 ms)
[ok]: BLPOP followed by role change, issue #2473 (109 ms)
[ok]: Replica could use replication buffer (beyond backlog config) for partial resynchronization (3682 ms)
[ok]: Detect write load to master (1002 ms)
[ok]: ZSETs ZRANK augmented skip list stress testing - listpack (3555 ms)
[ok]: BZPOPMIN, ZADD + DEL should not awake blocked client (3 ms)
[ok]: BZPOPMIN, ZADD + DEL + SET should not awake blocked client (3 ms)
[ok]: BZMPOP_MIN, ZADD + DEL should not awake blocked client (5 ms)
[ok]: BZMPOP_MIN, ZADD + DEL + SET should not awake blocked client (3 ms)
[ok]: BZPOPMIN with same key multiple times should work (4 ms)
[ok]: MULTI/EXEC is isolated from the point of view of BZPOPMIN (3 ms)
[ok]: XADD with ~ MAXLEN can propagate correctly (40 ms)
[ok]: Replication backlog memory will become smaller if disconnecting with replica (430 ms)
[ok]: BZPOPMIN with variadic ZADD (106 ms)
[ok]: XADD with ~ MAXLEN and LIMIT can propagate correctly (38 ms)
[ok]: Second server should have role master at first (1 ms)
[ok]: SLAVEOF should start with link status "down" (2 ms)
[ok]: The role should immediately be changed to "replica" (0 ms)
[ok]: Sync should have transferred keys from master (0 ms)
[ok]: The link status should be up (4 ms)
[ok]: BZPOPMIN with zero timeout should block indefinitely (1006 ms)
[ok]: MULTI/EXEC is isolated from the point of view of BZMPOP_MIN (5 ms)
[ok]: BZMPOP_MIN with variadic ZADD (6 ms)
[ok]: MASTER and SLAVE dataset should be identical after complex ops (14738 ms)
[ok]: Shutting down master waits for replica then fails (3080 ms)
[ok]: XADD with ~ MINID can propagate correctly (37 ms)
[ok]: SET on the master should immediately propagate (707 ms)
[21/84 done]: integration/replication-2 (19 seconds)
Testing integration/aof-multi-part
[ok]: Replication of an expired key does not delete the expired key (2377 ms)
[ok]: FLUSHDB / FLUSHALL should replicate (129 ms)
[ok]: ROLE in master reports master with a slave (3 ms)
[ok]: ROLE in slave reports slave in connected state (0 ms)
[ok]: BZMPOP_MIN with zero timeout should block indefinitely (1009 ms)
[ok]: ZSCORE - skiplist (36 ms)
[ok]: ZMSCORE - skiplist (36 ms)
[ok]: ZSCORE after a DEBUG RELOAD - skiplist (35 ms)
[ok]: ZSET sorting stresser - skiplist (44 ms)
[ok]: Multi Part AOF can't load data when some file missing (534 ms)
[ok]: XADD with ~ MINID and LIMIT can propagate correctly (42 ms)
[ok]: Multi Part AOF can't load data when the sequence not increase monotonically (515 ms)
[ok]: Shutting down master waits for replica then aborted (1381 ms)
[22/84 done]: integration/shutdown (15 seconds)
Testing integration/rdb
[ok]: First server should have role slave after SLAVEOF (1 ms)
[ok]: XTRIM with ~ MAXLEN can propagate correctly (37 ms)
[ok]: Multi Part AOF can't load data when there are blank lines in the manifest file (504 ms)
[ok]: test old version rdb file (1 ms)
[ok]: AOF rewrite during write load: RDB preamble=no (21782 ms)
[ok]: XADD can CREATE an empty stream (1 ms)
[ok]: XSETID can set a specific ID (1 ms)
[ok]: XSETID cannot SETID with smaller ID (2 ms)
[ok]: XSETID cannot SETID on non-existent key (1 ms)
[ok]: XSETID cannot run with an offset but without a maximal tombstone (0 ms)
[ok]: XSETID cannot run with a maximal tombstone but without an offset (1 ms)
[ok]: XSETID errors on negstive offset (0 ms)
[ok]: XSETID cannot set the maximal tombstone with larger ID (2 ms)
[ok]: XSETID cannot set the offset to less than the length (4 ms)
[ok]: Multi Part AOF can't load data when there is a duplicate base file (516 ms)
[ok]: MIGRATE can correctly transfer large values (18044 ms)
[ok]: RDB encoding loading test (31 ms)
[ok]: LTRIM stress testing - ziplist (16119 ms)
[ok]: XADD advances the entries-added counter and sets the recorded-first-entry-id (3 ms)
[ok]: XDEL/TRIM are reflected by recorded first entry (6 ms)
[ok]: Maxmimum XDEL ID behaves correctly (3 ms)
[ok]: Multi Part AOF can't load data when the manifest format is wrong (type unknown) (506 ms)
[23/84 done]: unit/type/list-2 (38 seconds)
Testing integration/corrupt-dump
[ok]: MIGRATE can correctly transfer hashes (607 ms)
[ok]: Slave is able to evict keys created in writable slaves (6007 ms)
[ok]: Server started empty with non-existing RDB file (0 ms)
[ok]: Writable replica doesn't return expired keys (103 ms)
[ok]: PFCOUNT updates cache on readonly replica (3 ms)
[ok]: PFCOUNT doesn't use expired key on readonly replica (115 ms)
[ok]: Multi Part AOF can't load data when the manifest format is wrong (missing key) (506 ms)
[ok]: AOF fsync always barrier issue (6484 ms)
[ok]: Empty stream can be rewrite into AOF correctly (61 ms)
[ok]: Stream can be rewrite into AOF correctly after XDEL lastid (114 ms)
[ok]: Turning off AOF kills the background writing child if any (109 ms)
[ok]: Server started empty with empty RDB file (2 ms)
[ok]: corrupt payload: #7445 - with sanitize (708 ms)
[ok]: Multi Part AOF can't load data when the manifest format is wrong (line too short) (340 ms)
[ok]: corrupt payload: hash with valid zip list header, invalid entry len (472 ms)
[ok]: Multi Part AOF can't load data when the manifest format is wrong (line too long) (395 ms)
[ok]: MIGRATE timeout actually works (1148 ms)
[ok]: XGROUP HELP should not have unexpected options (2 ms)
[ok]: XINFO HELP should not have unexpected options (1 ms)
[ok]: GETEX should not append to AOF (4 ms)
[ok]: AOF rewrite of list with quicklist encoding, string data (760 ms)
[24/84 done]: integration/replication-3 (21 seconds)
Testing integration/corrupt-dump-fuzzer
[ok]: Partial resynchronization is successful even client-output-buffer-limit is less than repl-backlog-size (4705 ms)
[25/84 done]: unit/type/stream (39 seconds)
Testing integration/convert-zipmap-hash-on-load
[ok]: Multi Part AOF can't load data when the manifest format is wrong (odd parameter) (507 ms)
[ok]: Test RDB stream encoding (552 ms)
[ok]: Test RDB stream encoding - sanitize dump (9 ms)
[ok]: ZRANGEBYSCORE fuzzy test, 100 ranges in 100 element sorted set - skiplist (4000 ms)
[ok]: corrupt payload: invalid zlbytes header (709 ms)
[ok]: AOF rewrite of list with quicklist encoding, int data (485 ms)
[ok]: MIGRATE can migrate multiple keys at once (684 ms)
[ok]: MIGRATE with multiple keys must have empty key arg (1 ms)
[ok]: Unknown command: Server should have logged an error (29 ms)
[ok]: ZRANGEBYLEX fuzzy test, 100 ranges in 100 element sorted set - skiplist (158 ms)
[ok]: AOF rewrite of set with intset encoding, string data (105 ms)
[ok]: RDB load zipmap hash: converts to listpack (3 ms)
[ok]: Multi Part AOF can't load data when the manifest file is empty (489 ms)
[ok]: ZREMRANGEBYLEX fuzzy test, 100 ranges in 100 element sorted set - skiplist (231 ms)
[ok]: ZSETs skiplist implementation backlink consistency test - skiplist (18 ms)
[ok]: Test replication with blocking lists and sorted sets operations (25114 ms)
[ok]: Server should not start if RDB is corrupted (38 ms)
[ok]: AOF+LMPOP/BLMPOP: pop elements from the list (104 ms)
[ok]: AOF rewrite of set with hashtable encoding, string data (504 ms)
[ok]: corrupt payload: valid zipped hash header, dup records (727 ms)
[ok]: AOF rewrite of set with intset encoding, int data (109 ms)
[ok]: MIGRATE with multiple keys migrate just existing ones (719 ms)
[ok]: RDB load zipmap hash: converts to hash table when hash-max-ziplist-entries is exceeded (5 ms)
[ok]: Multi Part AOF can start when no aof and no manifest (589 ms)
[ok]: The update of replBufBlock's repl_offset is ok - Regression test for #11666 (6 ms)
[26/84 done]: integration/block-repl (28 seconds)
Testing integration/convert-ziplist-hash-on-load
[ok]: AOF+LMPOP/BLMPOP: after pop elements from the list (4 ms)
[ok]: Test replication partial resync: no backlog (diskless: no, disabled, reconnect: 1) (7737 ms)
[ok]: AOF rewrite of set with hashtable encoding, int data (492 ms)
[ok]: Test FLUSHALL aborts bgsave (381 ms)
[ok]: MIGRATE with multiple keys: stress command rewriting (520 ms)
[ok]: AOF rewrite of hash with listpack encoding, string data (115 ms)
[ok]: corrupt payload: quicklist big ziplist prev len (661 ms)
[ok]: bgsave resets the change counter (103 ms)
[ok]: RDB load ziplist hash: converts to listpack when RDB loading (2 ms)
[ok]: Multi Part AOF can start when we have en empty AOF dir (594 ms)
[ok]: ziplist implementation: value encoding and backlink (12567 ms)
[ok]: RDB load zipmap hash: converts to hash table when hash-max-ziplist-value is exceeded (2 ms)
[ok]: AOF rewrite of hash with hashtable encoding, string data (428 ms)
[ok]: AOF+ZMPOP/BZMPOP: pop elements from the zset (104 ms)
[ok]: ZSETs ZRANK augmented skip list stress testing - skiplist (1442 ms)
[ok]: BZPOPMIN, ZADD + DEL should not awake blocked client (2 ms)
[ok]: BZPOPMIN, ZADD + DEL + SET should not awake blocked client (1 ms)
[ok]: BZMPOP_MIN, ZADD + DEL should not awake blocked client (6 ms)
[ok]: BZMPOP_MIN, ZADD + DEL + SET should not awake blocked client (2 ms)
[ok]: BZPOPMIN with same key multiple times should work (1 ms)
[ok]: corrupt payload: quicklist small ziplist prev len (477 ms)
[27/84 done]: integration/convert-zipmap-hash-on-load (2 seconds)
Testing integration/convert-ziplist-zset-on-load
[ok]: AOF rewrite of hash with listpack encoding, int data (114 ms)
[ok]: MULTI/EXEC is isolated from the point of view of BZPOPMIN (107 ms)
[ok]: BZPOPMIN with variadic ZADD (1 ms)
[ok]: MIGRATE with multiple keys: delete just ack keys (705 ms)
[ok]: Multi Part AOF can load data discontinuously increasing sequence (498 ms)
[ok]: RDB load ziplist hash: converts to hash table when hash-max-ziplist-entries is exceeded (1 ms)
[ok]: RDB load ziplist zset: converts to listpack when RDB loading (3 ms)
[ok]: AOF+ZMPOP/BZMPOP: after pop elements from the zset (5 ms)
[ok]: AOF rewrite of hash with hashtable encoding, int data (483 ms)
[ok]: Replica client-output-buffer size is limited to backlog_limit/16 when no replication data is pending (2764 ms)
[ok]: SRANDMEMBER with a dict containing long chain (30428 ms)
[28/84 done]: integration/replication-buffer (21 seconds)
Testing integration/logging
[ok]: SMOVE basics - from regular set to intset (11 ms)
[ok]: corrupt payload: quicklist ziplist wrong count (598 ms)
[29/84 done]: integration/convert-ziplist-hash-on-load (1 seconds)
Testing integration/psync2
[ok]: SMOVE basics - from intset to regular set (5 ms)
[ok]: SMOVE non existing key (12 ms)
[ok]: SMOVE non existing src set (2 ms)
[ok]: SMOVE from regular set to non existing destination set (4 ms)
[ok]: SMOVE from intset to non existing destination set (16 ms)
[ok]: SMOVE wrong src key type (0 ms)
[ok]: SMOVE wrong dst key type (4 ms)
[ok]: SMOVE with identical source and destination (1 ms)
[ok]: AOF rewrite of zset with listpack encoding, string data (120 ms)
[ok]: SMOVE only notify dstset when the addition is successful (3 ms)
[ok]: Slave should be able to synchronize with the master (103 ms)
[ok]: Multi Part AOF can load data when manifest add new k-v (585 ms)
[ok]: MIGRATE AUTH: correct and wrong password cases (727 ms)
[ok]: RDB load ziplist zset: converts to skiplist when zset-max-ziplist-entries is exceeded (1 ms)
[ok]: AOF rewrite of zset with skiplist encoding, string data (508 ms)
[ok]: BZPOPMIN with zero timeout should block indefinitely (1105 ms)
[ok]: MULTI/EXEC is isolated from the point of view of BZMPOP_MIN (3 ms)
[ok]: BZMPOP_MIN with variadic ZADD (4 ms)
[30/84 done]: unit/dump (43 seconds)
Testing integration/psync2-reg
[ok]: AOF rewrite of zset with listpack encoding, int data (69 ms)
[ok]: corrupt payload: #3080 - quicklist (703 ms)
[ok]: Multi Part AOF can load data when some AOFs are empty (586 ms)
[31/84 done]: integration/convert-ziplist-zset-on-load (2 seconds)
Testing integration/psync2-pingoff
[ok]: Generate timestamp annotations in AOF (865 ms)
[ok]: Server is able to generate a stack trace on selected systems (229 ms)
[ok]: Successfully load AOF which has timestamp annotations inside (7 ms)
[ok]: Detect write load to master (1006 ms)
[ok]: AOF rewrite of zset with skiplist encoding, int data (491 ms)
[ok]: AOF rewrite functions (114 ms)
[ok]: corrupt payload: quicklist with empty ziplist (641 ms)
[ok]: Multi Part AOF can load data from old version redis (rdb preamble no) (654 ms)
[ok]: BZMPOP_MIN with zero timeout should block indefinitely (1005 ms)
[ok]: BGREWRITEAOF is delayed if BGSAVE is in progress (363 ms)
[ok]: BZPOP/BZMPOP against wrong type (5 ms)
[ok]: BZMPOP with illegal argument (8 ms)
[ok]: BZMPOP with multiple blocked clients (24 ms)
[ok]: Crash report generated on SIGABRT (90 ms)
[ok]: BGREWRITEAOF is refused if already in progress (172 ms)
[ok]: BZMPOP propagate as pop with count command to replica (182 ms)
[ok]: BZMPOP should not blocks on non key arguments - #10762 (4 ms)
[ok]: PSYNC2: --- CYCLE 1 --- (0 ms)
[ok]: PSYNC2: [NEW LAYOUT] Set #2 as master (8 ms)
[ok]: PSYNC2: Set #0 to replicate from #2 (8 ms)
[ok]: corrupt payload: quicklist encoded_len is 0 (701 ms)
[ok]: Multi Part AOF can load data from old version redis (rdb preamble yes) (681 ms)
[32/84 done]: unit/aofrw (40 seconds)
Testing integration/psync2-master-restart
[ok]: client freed during loading (3108 ms)
[ok]: Crash report generated on DEBUG SEGFAULT (51 ms)
[ok]: PSYNC2 pingoff: setup (1004 ms)
[ok]: PSYNC2 pingoff: write and wait replication (1 ms)
[33/84 done]: integration/logging (2 seconds)
Testing integration/failover
[ok]: Multi Part AOF can continue the upgrade from the interrupted upgrade state (519 ms)
[ok]: PSYNC2 #3899 regression: setup (1007 ms)
[ok]: corrupt payload: quicklist listpack entry start with EOF (730 ms)
[ok]: Truncate AOF to specific timestamp (1828 ms)
[ok]: PSYNC2: Set #4 to replicate from #2 (0 ms)
[ok]: PSYNC2 #3899 regression: kill first replica (4 ms)
[ok]: Multi Part AOF can be loaded correctly when both server dir and aof dir contain old AOF (640 ms)
[ok]: corrupt payload: #3080 - ziplist (702 ms)
[ok]: failover command fails without connected replica (2 ms)
[ok]: PSYNC2: Partial resync after Master restart using RDB aux fields when offset is 0 (298 ms)
[ok]: Multi Part AOF can't load data when the manifest contains the old AOF file name but the file does not exist in server dir and aof dir (534 ms)
[ok]: setup replication for following tests (105 ms)
[ok]: failover command fails with invalid host (1 ms)
[ok]: failover command fails with invalid port (2 ms)
[ok]: failover command fails with just force and timeout (1 ms)
[ok]: failover command fails when sent to a replica (1 ms)
[ok]: failover command fails with force without timeout (1 ms)
[ok]: corrupt payload: load corrupted rdb with no CRC - #3505 (504 ms)
[ok]: PSYNC2: Set #1 to replicate from #4 (1 ms)
[ok]: PSYNC2 #3899 regression: kill first replica (0 ms)
[ok]: Test RDB load info (1759 ms)
[ok]: Multi Part AOF can upgrade when when two redis share the same server dir (redis1) (59 ms)
[ok]: PSYNC2 #3899 regression: kill chained replica (1 ms)
[ok]: Multi Part AOF can upgrade when when two redis share the same server dir (redis2) (117 ms)
[ok]: ZSET skiplist order consistency when elements are moved (2874 ms)
[ok]: ZRANGESTORE basic (3 ms)
[ok]: ZRANGESTORE RESP3 (1 ms)
[ok]: ZRANGESTORE range (2 ms)
[ok]: ZRANGESTORE BYLEX (1 ms)
[ok]: ZRANGESTORE BYSCORE (3 ms)
[ok]: ZRANGESTORE BYSCORE LIMIT (1 ms)
[ok]: ZRANGESTORE BYSCORE REV LIMIT (1 ms)
[ok]: ZRANGE BYSCORE REV LIMIT (0 ms)
[ok]: ZRANGESTORE - src key missing (1 ms)
[ok]: ZRANGESTORE - src key wrong type (3 ms)
[ok]: ZRANGESTORE - empty range (1 ms)
[ok]: ZRANGESTORE BYLEX - empty range (1 ms)
[ok]: ZRANGESTORE BYSCORE - empty range (0 ms)
[ok]: ZRANGE BYLEX (1 ms)
[ok]: ZRANGESTORE invalid syntax (4 ms)
[ok]: ZRANGESTORE with zset-max-listpack-entries 0 #10767 case (3 ms)
[ok]: ZRANGESTORE with zset-max-listpack-entries 1 dst key should use skiplist encoding (9 ms)
[ok]: ZRANGE invalid syntax (3 ms)
[ok]: ZRANDMEMBER - listpack (61 ms)
[ok]: ZRANDMEMBER - skiplist (50 ms)
[ok]: ZRANDMEMBER with RESP3 (10 ms)
[ok]: ZRANDMEMBER count of 0 is handled correctly (0 ms)
[ok]: ZRANDMEMBER with <count> against non existing key (2 ms)
[ok]: ZRANDMEMBER count overflow (2 ms)
[ok]: ZRANDMEMBER count of 0 is handled correctly - emptyarray (1 ms)
[ok]: ZRANDMEMBER with <count> against non existing key - emptyarray (1 ms)
[ok]: corrupt payload: load corrupted rdb with empty keys (1035 ms)
[ok]: PSYNC2: Set #3 to replicate from #4 (4 ms)
[ok]: failover command to specific replica works (1382 ms)
[ok]: Multi Part AOF can upgrade when when two redis share the same server dir (1489 ms)
[ok]: ZRANDMEMBER with <count> - skiplist (800 ms)
[ok]: EVAL timeout with slow verbatim Lua script from AOF (2676 ms)
[ok]: failover command to any replica works (706 ms)
[ok]: ZRANDMEMBER with <count> - listpack (284 ms)
[ok]: zset score double range (0 ms)
[ok]: Multi Part AOF can handle appendfilename contains whitespaces (755 ms)
[ok]: PSYNC2: cluster is consistent after failover (2 ms)
[ok]: PSYNC2 #3899 regression: kill first replica (1 ms)
[ok]: corrupt payload: load corrupted rdb with empty keys (1107 ms)
[34/84 done]: unit/type/zset (48 seconds)
Testing integration/redis-cli
[ok]: failover to a replica with force works (464 ms)
[ok]: EVAL can process writes from AOF in read-only replicas (642 ms)
[ok]: Test redis-check-aof for old style resp AOF (30 ms)
[ok]: Test redis-check-aof for old style rdb-preamble AOF (35 ms)
[ok]: Test redis-check-aof for Multi Part AOF with resp AOF base (27 ms)
[ok]: Test redis-check-aof for Multi Part AOF with rdb-preamble AOF base (64 ms)
[ok]: Multi Part AOF can create BASE (RDB format) when redis starts from empty (613 ms)
[ok]: Test redis-check-aof only truncates the last file for Multi Part AOF in fix mode (79 ms)
[ok]: Test redis-check-aof only truncates the last file for Multi Part AOF in truncate-to-timestamp mode (39 ms)
[ok]: Interactive CLI: INFO response should be printed raw (73 ms)
[ok]: Interactive CLI: Status reply (74 ms)
[ok]: PSYNC2 #3899 regression: kill first replica (0 ms)
[ok]: corrupt payload: listpack invalid size header (707 ms)
[ok]: Interactive CLI: Integer reply (72 ms)
[ok]: failover with timeout aborts if replica never catches up (627 ms)
[ok]: Interactive CLI: Bulk reply (73 ms)
[ok]: Test child sending info (1860 ms)
[ok]: FLUSHDB / FLUSHALL should persist in AOF (7 ms)
[ok]: failovers can be aborted (121 ms)
[ok]: Interactive CLI: Multi-bulk reply (75 ms)
[ok]: Multi Part AOF can create BASE (AOF format) when redis starts from empty (638 ms)
[35/84 done]: integration/aof (24 seconds)
Testing integration/redis-benchmark
[ok]: PSYNC2 pingoff: pause replica and promote it (5002 ms)
[ok]: corrupt payload: listpack too long entry len (676 ms)
[ok]: Interactive CLI: Parsing quotes (451 ms)
[ok]: Non-interactive TTY CLI: Status reply (40 ms)
[ok]: Non-interactive TTY CLI: Integer reply (44 ms)
[ok]: PSYNC2: Partial resync after Master restart using RDB aux fields with data (1413 ms)
[ok]: Non-interactive TTY CLI: Bulk reply (36 ms)
[ok]: Make sure aof manifest appendonly.aof.manifest not in aof directory (0 ms)
[ok]: Non-interactive TTY CLI: Multi-bulk reply (30 ms)
[ok]: failover aborts if target rejects sync request (665 ms)
[ok]: Fuzzer corrupt restore payloads - sanitize_dump: no (10471 ms)
[ok]: script won't load anymore if it's in rdb (1 ms)
[ok]: Non-interactive TTY CLI: Read last argument from pipe (133 ms)
[ok]: Non-interactive TTY CLI: Read last argument from file (77 ms)
[ok]: Replication: commands with many arguments (issue #1221) (13624 ms)
[ok]: AOF enable will create manifest file (431 ms)
[ok]: corrupt payload: listpack very long entry len (618 ms)
[ok]: Non-interactive TTY CLI: Escape character in JSON mode (303 ms)
[ok]: Non-interactive non-TTY CLI: Status reply (24 ms)
[ok]: benchmark: set,get (59 ms)
[ok]: Non-interactive non-TTY CLI: Integer reply (20 ms)
[ok]: benchmark: connecting using URI set,get (42 ms)
[ok]: Non-interactive non-TTY CLI: Bulk reply (39 ms)
[ok]: benchmark: connecting using URI with authentication set,get (53 ms)
[ok]: Non-interactive non-TTY CLI: Multi-bulk reply (64 ms)
[ok]: intsets implementation stress testing (8360 ms)
[ok]: Make the old master a replica of the new one and check conditions (1014 ms)
[ok]: Non-interactive non-TTY CLI: ASK redirect test (116 ms)
[ok]: Non-interactive non-TTY CLI: Quoted input arguments (32 ms)
[ok]: Non-interactive non-TTY CLI: No accidental unquoting of input arguments (69 ms)
[ok]: Non-interactive non-TTY CLI: Invalid quoted input arguments (67 ms)
[36/84 done]: unit/type/set (51 seconds)
Testing integration/dismiss-mem
[ok]: Non-interactive non-TTY CLI: Read last argument from pipe (124 ms)
[ok]: Non-interactive non-TTY CLI: Read last argument from file (77 ms)
[ok]: corrupt payload: listpack too long entry prev len (757 ms)
[ok]: failed bgsave prevents writes (446 ms)
[ok]: benchmark: full test suite (979 ms)
[37/84 done]: integration/rdb (15 seconds)
Testing unit/pubsub
[38/84 done]: integration/failover (8 seconds)
Testing unit/pubsubshard
[ok]: Replication of SPOP command -- alsoPropagate() API (1555 ms)
[ok]: corrupt payload: stream with duplicate consumers (721 ms)
[ok]: Pub/Sub PING (4 ms)
[ok]: PUBLISH/SUBSCRIBE basics (2 ms)
[ok]: PUBLISH/SUBSCRIBE with two clients (3 ms)
[ok]: PUBLISH/SUBSCRIBE after UNSUBSCRIBE without arguments (6 ms)
[ok]: SUBSCRIBE to one channel more than once (1 ms)
[ok]: UNSUBSCRIBE from non-subscribed channels (3 ms)
[ok]: PUBLISH/PSUBSCRIBE basics (3 ms)
[ok]: PUBLISH/PSUBSCRIBE with two clients (7 ms)
[ok]: PUBLISH/PSUBSCRIBE after PUNSUBSCRIBE without arguments (4 ms)
[ok]: PubSub messages with CLIENT REPLY OFF (95 ms)
[ok]: PUNSUBSCRIBE from non-subscribed channels (4 ms)
[ok]: NUMSUB returns numbers, not strings (#1561) (1 ms)
[ok]: NUMPATs returns the number of unique patterns (8 ms)
[ok]: Mix SUBSCRIBE and PSUBSCRIBE (1 ms)
[ok]: PUNSUBSCRIBE and UNSUBSCRIBE should always reply (1 ms)
[ok]: Keyspace notifications: we receive keyspace notifications (51 ms)
[ok]: Keyspace notifications: we receive keyevent notifications (46 ms)
[ok]: Keyspace notifications: we can receive both kind of events (10 ms)
[ok]: Keyspace notifications: we are able to mask events (2 ms)
[ok]: Keyspace notifications: general events test (6 ms)
[ok]: Keyspace notifications: list events test (4 ms)
[ok]: Keyspace notifications: set events test (6 ms)
[ok]: Keyspace notifications: zset events test (11 ms)
[ok]: Keyspace notifications: hash events test (5 ms)
[ok]: benchmark: multi-thread set,get (592 ms)
[ok]: Keyspace notifications: stream events test (9 ms)
[ok]: SPUBLISH/SSUBSCRIBE basics (11 ms)
[ok]: SPUBLISH/SSUBSCRIBE with two clients (11 ms)
[ok]: SPUBLISH/SSUBSCRIBE after UNSUBSCRIBE without arguments (5 ms)
[ok]: SSUBSCRIBE to one channel more than once (8 ms)
[ok]: SUNSUBSCRIBE from non-subscribed channels (4 ms)
[ok]: PUBSUB command basics (2 ms)
[ok]: SPUBLISH/SSUBSCRIBE with two clients (5 ms)
[ok]: SPUBLISH/SSUBSCRIBE with PUBLISH/SUBSCRIBE (13 ms)
[ok]: PubSubShard with CLIENT REPLY OFF (91 ms)
[ok]: Keyspace notifications: expired events (triggered expire) (208 ms)
[ok]: AOF multiple rewrite failures will open multiple INCR AOFs (2014 ms)
[ok]: Test replication partial resync: ok after delay (diskless: no, disabled, reconnect: 1) (9250 ms)
[ok]: Keyspace notifications: expired events (background expire) (201 ms)
[ok]: corrupt payload: hash ziplist with duplicate records (722 ms)
[ok]: Keyspace notifications: evicted events (5 ms)
[ok]: Keyspace notifications: test CONFIG GET/SET of event flags (1 ms)
[ok]: Keyspace notifications: new key test (5 ms)
[ok]: Connect multiple replicas at the same time (issue #141), master diskless=no, replica diskless=disabled (15305 ms)
[ok]: AOF rewrite doesn't open new aof when AOF turn off (415 ms)
[ok]: dismiss all data types memory (1486 ms)
[39/84 done]: unit/pubsub (2 seconds)
Testing unit/slowlog
[ok]: PSYNC2 #3899 regression: kill chained replica (2 ms)
[ok]: AOF enable/disable auto gc (215 ms)
[ok]: benchmark: pipelined full set,get (945 ms)
[ok]: AOF can produce consecutive sequence number after reload (92 ms)
[ok]: benchmark: arbitrary command (92 ms)
[ok]: PSYNC2 #3899 regression: kill first replica (17 ms)
[ok]: SLOWLOG - check that it starts with an empty log (1 ms)
[ok]: corrupt payload: hash listpack with duplicate records (684 ms)
[ok]: PSYNC2: generate load while killing replication links (5001 ms)
[ok]: PSYNC2: cluster is consistent after load (x = 12073) (6 ms)
[ok]: PSYNC2: total sum of full synchronizations is exactly 4 (4 ms)
[ok]: PSYNC2: --- CYCLE 2 --- (0 ms)
[ok]: PSYNC2: [NEW LAYOUT] Set #0 as master (2 ms)
[ok]: PSYNC2: Set #4 to replicate from #2 (0 ms)
[ok]: SLOWLOG - only logs commands taking more time than specified (203 ms)
[ok]: benchmark: keyspace length (260 ms)
[ok]: SLOWLOG - max entries is correctly handled (57 ms)
[ok]: SLOWLOG - GET optional argument to limit output len works (1 ms)
[ok]: SLOWLOG - RESET subcommand works (1 ms)
[ok]: benchmark: clients idle mode should return error when reached maxclients limit (49 ms)
[ok]: setup replication for following tests (106 ms)
[ok]: publish message to master and receive on replica (5 ms)
[ok]: AOF enable during BGSAVE will not write data util AOFRW finish (532 ms)
[ok]: PSYNC2: Partial resync after Master restart using RDB aux fields with expire (3740 ms)
[ok]: SLOWLOG - logged entry sanity check (201 ms)
[ok]: SLOWLOG - Certain commands are omitted that contain sensitive information (5 ms)
[ok]: PSYNC2 #3899 regression: kill first replica (1 ms)
[ok]: SLOWLOG - Some commands can redact sensitive fields (6 ms)
[ok]: SLOWLOG - Rewritten commands are logged as their original command (11 ms)
[ok]: SLOWLOG - commands with too many arguments are trimmed (1 ms)
[ok]: SLOWLOG - too long arguments are trimmed (0 ms)
[ok]: PSYNC2 #3899 regression: kill chained replica (0 ms)
[ok]: First server should have role slave after SLAVEOF (104 ms)
[ok]: corrupt payload: hash listpack with duplicate records - convert (641 ms)
[ok]: SLOWLOG - EXEC is not logged, just executed commands (205 ms)
[ok]: Slave should be able to synchronize with the master (107 ms)
[ok]: Dumping an RDB - functions only: no (2997 ms)
[40/84 done]: integration/redis-benchmark (5 seconds)
Testing unit/scripting
[ok]: SLOWLOG - can clean older entries (201 ms)
[ok]: PSYNC2: Set #1 to replicate from #4 (1 ms)
[ok]: corrupt payload: hash ziplist uneven record count (528 ms)
[ok]: EVAL - Does Lua interpreter replies to our requests? (0 ms)
[ok]: EVAL - Return _G (2 ms)
[ok]: EVAL - Return table with a metatable that raise error (0 ms)
[ok]: EVAL - Return table with a metatable that call redis (1 ms)
[ok]: EVAL - Lua integer -> Redis protocol type conversion (0 ms)
[ok]: EVAL - Lua string -> Redis protocol type conversion (0 ms)
[ok]: EVAL - Lua true boolean -> Redis protocol type conversion (0 ms)
[ok]: EVAL - Lua false boolean -> Redis protocol type conversion (0 ms)
[ok]: EVAL - Lua status code reply -> Redis protocol type conversion (0 ms)
[ok]: EVAL - Lua error reply -> Redis protocol type conversion (1 ms)
[ok]: EVAL - Lua table -> Redis protocol type conversion (2 ms)
[ok]: dismiss client output buffer (1710 ms)
[ok]: EVAL - Are the KEYS and ARGV arrays populated correctly? (0 ms)
[ok]: EVAL - is Lua able to call Redis API? (1 ms)
[ok]: EVAL - Redis integer -> Lua type conversion (1 ms)
[ok]: EVAL - Redis bulk -> Lua type conversion (0 ms)
[ok]: EVAL - Redis multi bulk -> Lua type conversion (0 ms)
[ok]: EVAL - Redis status reply -> Lua type conversion (1 ms)
[ok]: EVAL - Redis error reply -> Lua type conversion (0 ms)
[ok]: EVAL - Redis nil bulk reply -> Lua type conversion (0 ms)
[ok]: EVAL - Is the Lua client using the currently selected DB? (1 ms)
[ok]: EVAL - SELECT inside Lua should not affect the caller (0 ms)
[ok]: EVAL - Scripts can't run blpop command (1 ms)
[ok]: EVAL - Scripts can't run brpop command (3 ms)
[ok]: EVAL - Scripts can't run brpoplpush command (0 ms)
[ok]: EVAL - Scripts can't run blmove command (2 ms)
[ok]: EVAL - Scripts can't run bzpopmin command (0 ms)
[ok]: EVAL - Scripts can't run bzpopmax command (1 ms)
[ok]: SLOWLOG - can be disabled (404 ms)
[ok]: SLOWLOG - count must be >= -1 (1 ms)
[ok]: EVAL - Scripts can't run XREAD and XREADGROUP with BLOCK option (8 ms)
[ok]: SLOWLOG - get all slow logs (3 ms)
[ok]: EVAL - Scripts can run non-deterministic commands (0 ms)
[ok]: EVAL - No arguments to redis.call/pcall is considered an error (1 ms)
[ok]: EVAL - redis.call variant raises a Lua error on Redis cmd error (1) (0 ms)
[ok]: EVAL - redis.call variant raises a Lua error on Redis cmd error (1) (5 ms)
[ok]: EVAL - redis.call variant raises a Lua error on Redis cmd error (1) (3 ms)
[ok]: EVAL - JSON numeric decoding (1 ms)
[ok]: EVAL - JSON string decoding (1 ms)
[ok]: EVAL - JSON smoke test (1 ms)
[ok]: EVAL - cmsgpack can pack double? (1 ms)
[ok]: EVAL - cmsgpack can pack negative int64? (1 ms)
[ok]: Data divergence can happen under default conditions (742 ms)
[ok]: Data divergence is allowed on writable replicas (67 ms)
[ok]: dismiss client query buffer (215 ms)
[41/84 done]: unit/slowlog (2 seconds)
Testing unit/functions
[ok]: EVAL - cmsgpack pack/unpack smoke test (296 ms)
[ok]: EVAL - cmsgpack can pack and unpack circular references? (1 ms)
[ok]: EVAL - Numerical sanity check from bitop (0 ms)
[ok]: EVAL - Verify minimal bitop functionality (2 ms)
[ok]: EVAL - Able to parse trailing comments (3 ms)
[ok]: EVAL_RO - Successful case (4 ms)
[ok]: EVAL_RO - Cannot run write commands (4 ms)
[ok]: redis.sha1hex() implementation (1 ms)
[ok]: Globals protection reading an undeclared global variable (2 ms)
[ok]: Globals protection setting an undeclared global* (3 ms)
[ok]: Test an example script DECR_IF_GT (5 ms)
[ok]: AOF will trigger limit when AOFRW fails many times (1300 ms)
[ok]: Detect write load to master (1001 ms)
[ok]: corrupt payload: hash duplicate records (641 ms)
[ok]: Dumping an RDB - functions only: yes (988 ms)
[ok]: FUNCTION - Basic usage (1 ms)
[ok]: FUNCTION - Load with unknown argument (5 ms)
[ok]: FUNCTION - Create an already exiting library raise error (0 ms)
[ok]: FUNCTION - Create an already exiting library raise error (case insensitive) (0 ms)
[ok]: FUNCTION - Create a library with wrong name format (0 ms)
[ok]: FUNCTION - Create library with unexisting engine (0 ms)
[ok]: FUNCTION - Test uncompiled script (0 ms)
[ok]: FUNCTION - test replace argument (0 ms)
[ok]: FUNCTION - test function case insensitive (1 ms)
[ok]: FUNCTION - test replace argument with failure keeps old libraries (1 ms)
[ok]: FUNCTION - test function delete (1 ms)
[ok]: FUNCTION - test fcall bad arguments (0 ms)
[ok]: FUNCTION - test fcall bad number of keys arguments (1 ms)
[ok]: FUNCTION - test fcall negative number of keys (1 ms)
[ok]: FUNCTION - test delete on not exiting library (0 ms)
[ok]: FUNCTION - test function kill when function is not running (0 ms)
[ok]: FUNCTION - test wrong subcommand (1 ms)
[ok]: FUNCTION - test loading from rdb (2 ms)
[ok]: FUNCTION - test debug reload different options (1 ms)
[ok]: FUNCTION - test debug reload with nosave and noflush (6 ms)
[ok]: FUNCTION - test flushall and flushdb do not clean functions (1 ms)
[ok]: FUNCTION - test function dump and restore (8 ms)
[ok]: FUNCTION - test function dump and restore with flush argument (2 ms)
[ok]: FUNCTION - test function dump and restore with append argument (5 ms)
[ok]: FUNCTION - test function dump and restore with replace argument (4 ms)
[ok]: FUNCTION - test function restore with bad payload do not drop existing functions (1 ms)
[ok]: FUNCTION - test function restore with wrong number of arguments (4 ms)
[ok]: FUNCTION - test fcall_ro with write command (0 ms)
[ok]: FUNCTION - test fcall_ro with read only commands (0 ms)
[ok]: FUNCTION - test keys and argv (1 ms)
[ok]: FUNCTION - test command get keys on fcall (0 ms)
[ok]: FUNCTION - test command get keys on fcall_ro (0 ms)
[42/84 done]: integration/replication-4 (36 seconds)
Testing unit/maxmemory
[ok]: PSYNC2 #3899 regression: kill chained replica (0 ms)
[43/84 done]: unit/pubsubshard (3 seconds)
Testing unit/introspection
[ok]: PSYNC2: Set #2 to replicate from #0 (2 ms)
[ok]: Scan mode (360 ms)
[ok]: corrupt payload: hash empty zipmap (550 ms)
[ok]: EVAL does not leak in the Lua stack (773 ms)
[ok]: Call Redis command with many args from Lua (issue #1764) (1 ms)
[ok]: Number conversion precision test (issue #1118) (0 ms)
[ok]: String containing number precision test (regression of issue #1118) (1 ms)
[ok]: Verify negative arg count is error instead of crash (issue #1842) (0 ms)
[ok]: Scripts can handle commands with incorrect arity (1 ms)
[ok]: Correct handling of reused argv (issue #1939) (1 ms)
[ok]: Functions in the Redis namespace are able to report errors (0 ms)
[ok]: CLUSTER RESET can not be invoke from within a script (1 ms)
[ok]: Script with RESP3 map (1 ms)
[ok]: FUNCTION - test function kill (403 ms)
[ok]: Script return recursive object (44 ms)
[ok]: Script check unpack with massive arguments (3 ms)
[ok]: Script read key with expiration set (1 ms)
[ok]: Script del key with expiration set (1 ms)
[ok]: Script ACL check (1 ms)
[ok]: Binary code loading failed (0 ms)
[ok]: Try trick global protection 1 (1 ms)
[ok]: Try trick global protection 2 (0 ms)
[ok]: Try trick global protection 3 (0 ms)
[ok]: Try trick global protection 4 (0 ms)
[ok]: Try trick readonly table on redis table (0 ms)
[ok]: Try trick readonly table on json table (0 ms)
[ok]: Try trick readonly table on cmsgpack table (0 ms)
[ok]: Try trick readonly table on bit table (0 ms)
[ok]: Test loadfile are not available (1 ms)
[ok]: Test dofile are not available (0 ms)
[ok]: Test print are not available (1 ms)
[ok]: PING (1 ms)
[ok]: CLIENT LIST (1 ms)
[ok]: CLIENT LIST with IDs (0 ms)
[ok]: CLIENT INFO (0 ms)
[ok]: CLIENT KILL with illegal arguments (1 ms)
[ok]: CLIENT KILL SKIPME YES/NO will kill all clients (6 ms)
[ok]: CLIENT REPLY OFF/ON: disable all commands reply (42 ms)
[ok]: PSYNC2 #3899 regression: kill first replica (0 ms)
[ok]: eviction due to output buffers of many MGET clients, client eviction: false (135 ms)
[ok]: CLIENT REPLY SKIP: skip the next command reply (45 ms)
[ok]: CLIENT REPLY ON: unset SKIP flag (47 ms)
[ok]: MONITOR can log executed commands (2 ms)
[ok]: MONITOR can log commands issued by the scripting engine (3 ms)
[ok]: MONITOR can log commands issued by functions (7 ms)
[ok]: MONITOR supports redacting command arguments (5 ms)
[ok]: MONITOR correctly handles multi-exec cases (16 ms)
[ok]: CLIENT GETNAME should return NIL if name is not assigned (2 ms)
[ok]: CLIENT LIST shows empty fields for unassigned names (2 ms)
[ok]: CLIENT SETNAME does not accept spaces (4 ms)
[ok]: CLIENT SETNAME can assign a name to this connection (1 ms)
[ok]: CLIENT SETNAME can change the name of an existing connection (0 ms)
[ok]: After CLIENT SETNAME, connection can still be closed (3 ms)
[ok]: FUNCTION - test script kill not working on function (405 ms)
[ok]: corrupt payload: fuzzer findings - NPD in streamIteratorGetID (653 ms)
[ok]: eviction due to input buffer of a dead client, client eviction: false (522 ms)
[ok]: PSYNC2: Set #3 to replicate from #2 (1 ms)
[ok]: FUNCTION - test function kill not working on eval (417 ms)
[ok]: FUNCTION - test function flush (2 ms)
[ok]: FUNCTION - test function wrong argument (1 ms)
[ok]: dismiss replication backlog (1794 ms)
[ok]: PSYNC2: Full resync after Master restart when too many key expired (2904 ms)
[ok]: PSYNC2 #3899 regression: kill first replica (0 ms)
[44/84 done]: integration/dismiss-mem (6 seconds)
Testing unit/introspection-2
[ok]: Timedout read-only scripts can be killed by SCRIPT KILL (408 ms)
[ok]: corrupt payload: fuzzer findings - listpack NPD on invalid stream (655 ms)
[ok]: Timedout read-only scripts can be killed by SCRIPT KILL even when use pcall (235 ms)
[ok]: Timedout script does not cause a false dead client (140 ms)
[ok]: eviction due to output buffers of pubsub, client eviction: false (903 ms)
[ok]: PSYNC2: cluster is consistent after failover (2 ms)
[ok]: Timedout script link is still usable after Lua returns (204 ms)
[ok]: test various edge cases of repl topology changes with missing pings at the end (4140 ms)
[45/84 done]: integration/psync2-master-restart (13 seconds)
Testing unit/limits
[ok]: eviction due to output buffers of many MGET clients, client eviction: true (240 ms)
[ok]: corrupt payload: fuzzer findings - NPD in quicklistIndex (684 ms)
[ok]: Connect a replica to the master instance (12 ms)
[ok]: Connecting as a replica (2207 ms)
[ok]: Timedout scripts and unblocked command (272 ms)
[ok]: Timedout scripts that modified data can't be killed by SCRIPT KILL (216 ms)
[ok]: FUNCTION - creation is replicated to replica (320 ms)
[ok]: FUNCTION - call on replica (0 ms)
[ok]: FUNCTION - restore is replicated to replica (2 ms)
[ok]: FUNCTION - delete is replicated to replica (1 ms)
[ok]: SHUTDOWN NOSAVE can kill a timedout script anyway (27 ms)
[ok]: FUNCTION - flush is replicated to replica (4 ms)
[ok]: Disconnecting the replica from master instance (107 ms)
[ok]: FUNCTION - test replication to replica on rdb phase (1 ms)
[ok]: FUNCTION - test replication to replica on rdb phase info command (0 ms)
[ok]: FUNCTION - create on read only replica (0 ms)
[ok]: FUNCTION - delete on read only replica (0 ms)
[ok]: corrupt payload: fuzzer findings - encoded entry header reach outside the allocation (689 ms)
[ok]: eviction due to input buffer of a dead client, client eviction: true (810 ms)
[ok]: AOF will open a temporary INCR AOF to accumulate data until the first AOFRW success when AOF is dynamically enabled (3294 ms)
[ok]: Check if maxclients works refusing connections (930 ms)
[46/84 done]: unit/limits (2 seconds)
Testing unit/obuf-limits
[ok]: FUNCTION - function effect is replicated to replica (919 ms)
[ok]: FUNCTION - modify key space of read only replica (1 ms)
[ok]: corrupt payload: fuzzer findings - invalid ziplist encoding (706 ms)
[ok]: Before the replica connects we issue two EVAL commands (3 ms)
[ok]: eviction due to output buffers of pubsub, client eviction: true (675 ms)
[ok]: Connect a replica to the master instance (103 ms)
[47/84 done]: integration/aof-multi-part (24 seconds)
Testing unit/bitops
[ok]: CONFIG SET client-output-buffer-limit (6 ms)
[ok]: CONFIG save params special case handled properly (3379 ms)
[ok]: Replication of script multiple pushes to list with BLPOP (312 ms)
[ok]: Lua scripts using SELECT are replicated correctly (5 ms)
[ok]: CONFIG sanity (110 ms)
[ok]: corrupt payload: fuzzer findings - hash crash (497 ms)
[ok]: PSYNC2 #3899 regression: kill first replica (1 ms)
[ok]: Without maxmemory small integers are shared (2 ms)
[ok]: With maxmemory and non-LRU policy integers are still shared (0 ms)
[ok]: With maxmemory and LRU policy integers are not shared (9 ms)
[ok]: BITCOUNT returns 0 against non existing key (3 ms)
[ok]: BITCOUNT returns 0 with out of range indexes (1 ms)
[ok]: BITCOUNT returns 0 with negative indexes where start > end (1 ms)
[ok]: BITCOUNT against test vector #1 (0 ms)
[ok]: BITCOUNT against test vector #2 (1 ms)
[ok]: BITCOUNT against test vector #3 (0 ms)
[ok]: BITCOUNT against test vector #4 (1 ms)
[ok]: BITCOUNT against test vector #5 (8 ms)
[ok]: Fuzzer corrupt restore payloads - sanitize_dump: yes (9968 ms)
[48/84 done]: integration/corrupt-dump-fuzzer (21 seconds)
Testing unit/bitfield
[ok]: PSYNC2 #3899 regression: kill chained replica (0 ms)
[ok]: TTL, TYPE and EXISTS do not alter the last access time of a key (3003 ms)
[ok]: BITCOUNT fuzzing without start/end (500 ms)
[ok]: corrupt payload: fuzzer findings - uneven entry count in hash (640 ms)
[ok]: CONFIG REWRITE sanity (753 ms)
[ok]: PSYNC2 #3899 regression: kill chained replica (1 ms)
[ok]: BITFIELD signed SET and GET basics (2 ms)
[ok]: BITFIELD unsigned SET and GET basics (2 ms)
[ok]: BITFIELD signed SET and GET together (2 ms)
[ok]: BITFIELD unsigned with SET, GET and INCRBY arguments (3 ms)
[ok]: BITFIELD with only key as argument (1 ms)
[ok]: BITFIELD #<idx> form (2 ms)
[ok]: BITFIELD basic INCRBY form (3 ms)
[ok]: BITFIELD chaining of multiple commands (2 ms)
[ok]: BITFIELD unsigned overflow wrap (2 ms)
[ok]: BITFIELD unsigned overflow sat (3 ms)
[ok]: BITFIELD signed overflow wrap (4 ms)
[ok]: BITFIELD signed overflow sat (4 ms)
[ok]: maxmemory - is the memory limit honoured? (policy allkeys-random) (1126 ms)
[ok]: Piping raw protocol (3119 ms)
[ok]: corrupt payload: fuzzer findings - invalid read in lzf_decompress (704 ms)
[ok]: Options -X with illegal argument (148 ms)
[ok]: BITCOUNT fuzzing with start/end (907 ms)
[ok]: BITCOUNT with start, end (13 ms)
[ok]: BITCOUNT syntax error #1 (0 ms)
[ok]: BITCOUNT syntax error #2 (1 ms)
[ok]: BITCOUNT regression test for github issue #582 (3 ms)
[ok]: BITCOUNT misaligned prefix (2 ms)
[ok]: BITCOUNT misaligned prefix + full words + remainder (5 ms)
[ok]: BITOP NOT (empty string) (1 ms)
[ok]: BITOP NOT (known string) (3 ms)
[ok]: BITOP where dest and target are the same key (3 ms)
[ok]: BITOP AND|OR|XOR don't change the string with single input key (6 ms)
[ok]: BITOP missing key is considered a stream of zero (3 ms)
[ok]: BITOP shorter keys are zero-padded to the key with max length (16 ms)
[ok]: DUMP RESTORE with -x option (229 ms)
[ok]: FUNCTION can processes create, delete and flush commands in AOF when doing "debug loadaof" in read-only slaves (743 ms)
[ok]: DUMP RESTORE with -X option (210 ms)
[ok]: BITOP and fuzzing (384 ms)
[ok]: corrupt payload: fuzzer findings - leak in rdbloading due to dup entry in set (644 ms)
[ok]: LIBRARIES - test shared function can access default globals (2 ms)
[ok]: LIBRARIES - usage and code sharing (5 ms)
[ok]: LIBRARIES - test registration failure revert the entire load (4 ms)
[ok]: LIBRARIES - test registration function name collision (3 ms)
[ok]: LIBRARIES - test registration function name collision on same library (0 ms)
[ok]: LIBRARIES - test registration with no argument (1 ms)
[ok]: LIBRARIES - test registration with only name (2 ms)
[ok]: LIBRARIES - test registration with to many arguments (2 ms)
[ok]: LIBRARIES - test registration with no string name (1 ms)
[ok]: LIBRARIES - test registration with wrong name format (4 ms)
[ok]: LIBRARIES - test registration with empty name (2 ms)
[ok]: LIBRARIES - math.random from function load (0 ms)
[ok]: LIBRARIES - redis.call from function load (1 ms)
[ok]: LIBRARIES - redis.setresp from function load (1 ms)
[ok]: LIBRARIES - redis.set_repl from function load (1 ms)
[ok]: LIBRARIES - malicious access test (2 ms)
[ok]: LIBRARIES - delete removed all functions on library (2 ms)
[ok]: LIBRARIES - register function inside a function (4 ms)
[ok]: LIBRARIES - register library with no functions (2 ms)
[49/84 done]: integration/redis-cli (13 seconds)
Testing unit/geo
[ok]: Connect a replica to the master instance (107 ms)
[ok]: Redis.replicate_commands() can be issued anywhere now (1 ms)
[ok]: Redis.set_repl() can be issued before replicate_commands() now (1 ms)
[ok]: Redis.set_repl() don't accept invalid values (2 ms)
[ok]: BITOP or fuzzing (424 ms)
[ok]: PSYNC2 #3899 regression: kill chained replica (0 ms)
[ok]: Chained replicas disconnect when replica re-connect with the same master (1953 ms)
[ok]: Test selective replication of certain Redis commands from Lua (322 ms)
[ok]: PRNG is seeded randomly for command replication (1 ms)
[ok]: Using side effects is not a problem with command replication (3 ms)
[ok]: GEO with wrong type src key (7 ms)
[ok]: GEO with non existing src key (6 ms)
[ok]: GEO BYLONLAT with empty search (4 ms)
[ok]: GEO BYMEMBER with non existing member (3 ms)
[ok]: GEOADD create (0 ms)
[ok]: GEOADD update (0 ms)
[ok]: GEOADD update with CH option (1 ms)
[ok]: GEOADD update with NX option (4 ms)
[ok]: GEOADD update with XX option (2 ms)
[ok]: GEOADD update with CH NX option (1 ms)
[ok]: GEOADD update with CH XX option (1 ms)
[ok]: GEOADD update with XX NX option will return syntax error (1 ms)
[ok]: GEOADD update with invalid option (1 ms)
[ok]: GEOADD invalid coordinates (2 ms)
[ok]: GEOADD multi add (1 ms)
[ok]: Check geoset values (0 ms)
[ok]: GEORADIUS simple (sorted) (0 ms)
[ok]: GEOSEARCH simple (sorted) (1 ms)
[ok]: GEOSEARCH FROMLONLAT and FROMMEMBER cannot exist at the same time (1 ms)
[ok]: GEOSEARCH FROMLONLAT and FROMMEMBER one must exist (1 ms)
[ok]: GEOSEARCH BYRADIUS and BYBOX cannot exist at the same time (1 ms)
[ok]: GEOSEARCH BYRADIUS and BYBOX one must exist (0 ms)
[ok]: GEOSEARCH with STOREDIST option (1 ms)
[ok]: GEORADIUS withdist (sorted) (2 ms)
[ok]: GEOSEARCH withdist (sorted) (1 ms)
[ok]: GEORADIUS with COUNT (1 ms)
[ok]: GEORADIUS with ANY not sorted by default (1 ms)
[ok]: GEORADIUS with ANY sorted by ASC (0 ms)
[ok]: GEORADIUS with ANY but no COUNT (1 ms)
[ok]: GEORADIUS with COUNT but missing integer argument (1 ms)
[ok]: GEORADIUS with COUNT DESC (0 ms)
[ok]: GEORADIUS HUGE, issue #2767 (1 ms)
[ok]: GEORADIUSBYMEMBER simple (sorted) (1 ms)
[ok]: GEORADIUSBYMEMBER search areas contain satisfied points in oblique direction (5 ms)
[ok]: GEORADIUSBYMEMBER crossing pole search (2 ms)
[ok]: GEOSEARCH FROMMEMBER simple (sorted) (1 ms)
[ok]: GEOSEARCH vs GEORADIUS (3 ms)
[ok]: GEOSEARCH non square, long and narrow (7 ms)
[ok]: GEOSEARCH corner point test (3 ms)
[ok]: GEORADIUSBYMEMBER withdist (sorted) (1 ms)
[ok]: GEOHASH is able to return geohash strings (1 ms)
[ok]: corrupt payload: fuzzer findings - empty intset (638 ms)
[ok]: GEOPOS simple (2 ms)
[ok]: GEOPOS missing element (2 ms)
[ok]: GEODIST simple & unit (3 ms)
[ok]: GEODIST missing elements (3 ms)
[ok]: GEORADIUS STORE option: syntax error (1 ms)
[ok]: GEOSEARCHSTORE STORE option: syntax error (0 ms)
[ok]: PSYNC2 #3899 regression: kill first replica (0 ms)
[ok]: GEORANGE STORE option: incompatible options (8 ms)
[ok]: GEORANGE STORE option: plain usage (5 ms)
[ok]: GEORADIUSBYMEMBER STORE/STOREDIST option: plain usage (3 ms)
[ok]: LIBRARIES - load timeout (504 ms)
[ok]: LIBRARIES - verify global protection on the load run (0 ms)
[ok]: GEOSEARCHSTORE STORE option: plain usage (1 ms)
[ok]: GEORANGE STOREDIST option: plain usage (3 ms)
[ok]: LIBRARIES - named arguments (3 ms)
[ok]: GEOSEARCHSTORE STOREDIST option: plain usage (1 ms)
[ok]: LIBRARIES - named arguments, bad function name (1 ms)
[ok]: LIBRARIES - named arguments, bad callback type (1 ms)
[ok]: LIBRARIES - named arguments, bad description (3 ms)
[ok]: GEORANGE STOREDIST option: COUNT ASC and DESC (6 ms)
[ok]: LIBRARIES - named arguments, unknown argument (1 ms)
[ok]: LIBRARIES - named arguments, missing function name (1 ms)
[ok]: GEOSEARCH the box spans -180° or 180° (3 ms)
[ok]: LIBRARIES - named arguments, missing callback (1 ms)
[ok]: GEOSEARCH with small distance (2 ms)
[ok]: FUNCTION - test function restore with function name collision (12 ms)
[ok]: FUNCTION - test function list with code (2 ms)
[ok]: FUNCTION - test function list with pattern (3 ms)
[ok]: FUNCTION - test function list wrong argument (2 ms)
[ok]: FUNCTION - test function list with bad argument to library name (1 ms)
[ok]: FUNCTION - test function list withcode multiple times (1 ms)
[ok]: FUNCTION - test function list libraryname multiple times (1 ms)
[ok]: FUNCTION - verify OOM on function load and function restore (5 ms)
[ok]: FUNCTION - verify allow-omm allows running any command (3 ms)
[ok]: PSYNC2 #3899 regression: kill chained replica (1 ms)
[ok]: PSYNC2 #3899 regression: kill first replica (2 ms)
[ok]: BITFIELD overflow detection fuzzing (2090 ms)
[ok]: PSYNC2: generate load while killing replication links (5003 ms)
[ok]: PSYNC2: cluster is consistent after load (x = 15570) (5 ms)
[ok]: PSYNC2: total sum of full synchronizations is exactly 4 (5 ms)
[ok]: PSYNC2: --- CYCLE 3 --- (0 ms)
[ok]: PSYNC2: [NEW LAYOUT] Set #2 as master (2 ms)
[ok]: maxmemory - is the memory limit honoured? (policy allkeys-lru) (1694 ms)
[ok]: BITOP xor fuzzing (495 ms)
[ok]: PSYNC2: Set #4 to replicate from #0 (2 ms)
[ok]: BITOP NOT fuzzing (87 ms)
[ok]: BITOP with integer encoded source objects (14 ms)
[ok]: BITOP with non string source key (2 ms)
[ok]: BITOP with empty string after non empty string (issue #529) (1 ms)
[ok]: BITPOS bit=0 with empty key returns 0 (4 ms)
[ok]: BITPOS bit=1 with empty key returns -1 (1 ms)
[ok]: BITPOS bit=0 with string less than 1 word works (1 ms)
[ok]: BITPOS bit=1 with string less than 1 word works (0 ms)
[ok]: BITPOS bit=0 starting at unaligned address (1 ms)
[ok]: BITPOS bit=1 starting at unaligned address (1 ms)
[ok]: CONFIG REWRITE handles save and shutdown properly (2350 ms)
[ok]: CONFIG SET with multiple args (5 ms)
[ok]: CONFIG SET rollback on set error (4 ms)
[ok]: PSYNC2 #3899 regression: kill first replica (2 ms)
[ok]: BITPOS bit=0 unaligned+full word+reminder (19 ms)
[ok]: BITPOS bit=1 unaligned+full word+reminder (26 ms)
[ok]: CONFIG SET rollback on apply error (64 ms)
[ok]: CONFIG SET duplicate configs (2 ms)
[ok]: CONFIG SET set immutable (0 ms)
[ok]: CONFIG GET hidden configs (8 ms)
[ok]: CONFIG GET multiple args (4 ms)
[ok]: BITPOS bit=1 returns -1 if string is all 0 bits (67 ms)
[ok]: BITPOS bit=0 works with intervals (7 ms)
[ok]: BITPOS bit=1 works with intervals (3 ms)
[ok]: BITPOS bit=0 changes behavior if end is given (16 ms)
[ok]: SETBIT/BITFIELD only increase dirty when the value changed (5 ms)
[ok]: FUNCTION - wrong flags type named arguments (5 ms)
[ok]: FUNCTION - wrong flag type (1 ms)
[ok]: FUNCTION - unknown flag (2 ms)
[ok]: FUNCTION - write script on fcall_ro (4 ms)
[ok]: FUNCTION - write script with no-writes flag (5 ms)
[ok]: FUNCTION - deny oom (4 ms)
[ok]: FUNCTION - deny oom on no-writes function (2 ms)
[ok]: FUNCTION - allow stale (8 ms)
[ok]: FUNCTION - redis version api (3 ms)
[ok]: FUNCTION - function stats (10 ms)
[ok]: FUNCTION - function stats reloaded correctly from rdb (9 ms)
[ok]: FUNCTION - function stats delete library (3 ms)
[ok]: FUNCTION - test function stats on loading failure (4 ms)
[ok]: FUNCTION - function stats cleaned after flush (1 ms)
[ok]: FUNCTION - function test empty engine (2 ms)
[ok]: FUNCTION - function test unknown metadata value (0 ms)
[ok]: corrupt payload: fuzzer findings - zset ziplist entry lensize is 0 (707 ms)
[ok]: FUNCTION - function test no name (3 ms)
[ok]: FUNCTION - function test multiple names (3 ms)
[ok]: FUNCTION - function test name with quotes (4 ms)
[ok]: FUNCTION - trick global protection 1 (4 ms)
[ok]: FUNCTION - test getmetatable on script load (2 ms)
[ok]: PSYNC2 #3899 regression: kill chained replica (1 ms)
[ok]: redis-server command line arguments - error cases (444 ms)
[ok]: TOUCH alters the last access time of a key (3003 ms)
[ok]: TOUCH returns the number of existing keys specified (2 ms)
[ok]: command stats for GEOADD (3 ms)
[ok]: errors stats for GEOADD (6 ms)
[ok]: command stats for EXPIRE (7 ms)
[ok]: command stats for BRPOP (2 ms)
[ok]: command stats for MULTI (4 ms)
[ok]: command stats for scripts (1 ms)
[50/84 done]: unit/functions (8 seconds)
Testing unit/memefficiency
[ok]: COMMAND GETKEYS GET (0 ms)
[ok]: COMMAND GETKEYSANDFLAGS (4 ms)
[ok]: COMMAND GETKEYS MEMORY USAGE (3 ms)
[ok]: COMMAND GETKEYS XGROUP (0 ms)
[ok]: COMMAND GETKEYS EVAL with keys (1 ms)
[ok]: COMMAND GETKEYS EVAL without keys (1 ms)
[ok]: COMMAND GETKEYS LCS (0 ms)
[ok]: COMMAND GETKEYS MORE THAN 256 KEYS (3 ms)
[ok]: COMMAND LIST syntax error (3 ms)
[ok]: COMMAND LIST WITHOUT FILTERBY (2 ms)
[ok]: COMMAND LIST FILTERBY ACLCAT against non existing category (4 ms)
[ok]: COMMAND LIST FILTERBY ACLCAT - list all commands/subcommands (1 ms)
[ok]: COMMAND LIST FILTERBY PATTERN - list all commands/subcommands (6 ms)
[ok]: COMMAND LIST FILTERBY MODULE against non existing module (1 ms)
[ok]: COMMAND INFO of invalid subcommands (7 ms)
[ok]: SET command will not be marked with movablekeys (1 ms)
[ok]: GET command will not be marked with movablekeys (3 ms)
[ok]: MSET command will not be marked with movablekeys (3 ms)
[ok]: BITFIELD command will not be marked with movablekeys (2 ms)
[ok]: LMOVE command will not be marked with movablekeys (1 ms)
[ok]: LPOP command will not be marked with movablekeys (0 ms)
[ok]: BLPOP command will not be marked with movablekeys (3 ms)
[ok]: PING command will not be marked with movablekeys (1 ms)
[ok]: MEMORY command will not be marked with movablekeys (3 ms)
[ok]: MEMORY|USAGE command will not be marked with movablekeys (0 ms)
[ok]: RENAME command will not be marked with movablekeys (1 ms)
[ok]: GEORADIUS_RO command will not be marked with movablekeys (2 ms)
[ok]: ZUNIONSTORE command is marked with movablekeys (1 ms)
[ok]: XREAD command is marked with movablekeys (2 ms)
[ok]: EVAL command is marked with movablekeys (3 ms)
[ok]: SORT command is marked with movablekeys (0 ms)
[ok]: SORT_RO command is marked with movablekeys (1 ms)
[ok]: MIGRATE command is marked with movablekeys (1 ms)
[ok]: GEORADIUS command is marked with movablekeys (3 ms)
[51/84 done]: integration/psync2-pingoff (20 seconds)
Testing unit/hyperloglog
[ok]: PSYNC2: Set #0 to replicate from #2 (0 ms)
[ok]: redis-server command line arguments - allow passing option name and option value in the same arg (499 ms)
[52/84 done]: unit/introspection-2 (6 seconds)
Testing unit/lazyfree
[ok]: corrupt payload: fuzzer findings - valgrind ziplist prevlen reaches outside the ziplist (786 ms)
[ok]: maxmemory - is the memory limit honoured? (policy allkeys-lfu) (1576 ms)
[ok]: test RESP2/2 big number protocol parsing (2 ms)
[ok]: test RESP2/2 malformed big number protocol parsing (3 ms)
[ok]: test RESP2/2 map protocol parsing (2 ms)
[ok]: test RESP2/2 set protocol parsing (1 ms)
[ok]: test RESP2/2 double protocol parsing (3 ms)
[ok]: test RESP2/2 null protocol parsing (6 ms)
[ok]: test RESP2/2 verbatim protocol parsing (2 ms)
[ok]: test RESP2/2 true protocol parsing (2 ms)
[ok]: test RESP2/2 false protocol parsing (0 ms)
[ok]: test RESP2/3 big number protocol parsing (1 ms)
[ok]: test RESP2/3 malformed big number protocol parsing (2 ms)
[ok]: test RESP2/3 map protocol parsing (0 ms)
[ok]: test RESP2/3 set protocol parsing (1 ms)
[ok]: test RESP2/3 double protocol parsing (3 ms)
[ok]: test RESP2/3 null protocol parsing (1 ms)
[ok]: test RESP2/3 verbatim protocol parsing (4 ms)
[ok]: test RESP2/3 true protocol parsing (1 ms)
[ok]: test RESP2/3 false protocol parsing (1 ms)
[ok]: test RESP3/2 big number protocol parsing (2 ms)
[ok]: test RESP3/2 malformed big number protocol parsing (1 ms)
[ok]: test RESP3/2 map protocol parsing (2 ms)
[ok]: test RESP3/2 set protocol parsing (2 ms)
[ok]: test RESP3/2 double protocol parsing (1 ms)
[ok]: test RESP3/2 null protocol parsing (4 ms)
[ok]: test RESP3/2 verbatim protocol parsing (2 ms)
[ok]: test RESP3/2 true protocol parsing (0 ms)
[ok]: test RESP3/2 false protocol parsing (1 ms)
[ok]: test RESP3/3 big number protocol parsing (2 ms)
[ok]: test RESP3/3 malformed big number protocol parsing (1 ms)
[ok]: test RESP3/3 map protocol parsing (1 ms)
[ok]: redis-server command line arguments - wrong usage that we support anyway (527 ms)
[ok]: test RESP3/3 set protocol parsing (5 ms)
[ok]: test RESP3/3 double protocol parsing (3 ms)
[ok]: test RESP3/3 null protocol parsing (2 ms)
[ok]: test RESP3/3 verbatim protocol parsing (5 ms)
[ok]: test RESP3/3 true protocol parsing (3 ms)
[ok]: test RESP3/3 false protocol parsing (6 ms)
[ok]: test resp3 attribute protocol parsing (2 ms)
[ok]: Script block the time during execution (12 ms)
[ok]: Memory efficiency with values in range 32 (636 ms)
[ok]: Script delete the expired key (4 ms)
[ok]: PSYNC2 #3899 regression: kill first replica (0 ms)
[ok]: UNLINK can reclaim memory in background (450 ms)
[ok]: Test replication partial resync: backlog expired (diskless: no, disabled, reconnect: 1) (9265 ms)
[ok]: corrupt payload: fuzzer findings - valgrind - bad rdbLoadDoubleValue (769 ms)
[ok]: BITPOS bit=1 fuzzy testing using SETBIT (1720 ms)
[ok]: BITFIELD overflow wrap fuzzing (2036 ms)
[ok]: BITFIELD regression for #3221 (1 ms)
[ok]: BITFIELD regression for #3564 (3 ms)
[ok]: PSYNC2: Set #1 to replicate from #2 (1 ms)
[ok]: FLUSHDB ASYNC can reclaim memory in background (291 ms)
[ok]: redis-server command line arguments - allow option value to use the `--` prefix (520 ms)
[ok]: Memory efficiency with values in range 64 (534 ms)
[ok]: Script - disallow write on OOM (4 ms)
[ok]: EVAL - Does Lua interpreter replies to our requests? (0 ms)
[ok]: EVAL - Return _G (1 ms)
[ok]: EVAL - Return table with a metatable that raise error (3 ms)
[ok]: EVAL - Return table with a metatable that call redis (2 ms)
[ok]: EVAL - Lua integer -> Redis protocol type conversion (1 ms)
[ok]: EVAL - Lua string -> Redis protocol type conversion (0 ms)
[ok]: EVAL - Lua true boolean -> Redis protocol type conversion (1 ms)
[ok]: EVAL - Lua false boolean -> Redis protocol type conversion (1 ms)
[ok]: EVAL - Lua status code reply -> Redis protocol type conversion (1 ms)
[ok]: EVAL - Lua error reply -> Redis protocol type conversion (1 ms)
[ok]: EVAL - Lua table -> Redis protocol type conversion (1 ms)
[ok]: EVAL - Are the KEYS and ARGV arrays populated correctly? (0 ms)
[ok]: EVAL - is Lua able to call Redis API? (1 ms)
[ok]: EVALSHA - Can we call a SHA1 if already defined? (1 ms)
[ok]: EVALSHA - Can we call a SHA1 in uppercase? (0 ms)
[ok]: EVALSHA - Do we get an error on invalid SHA1? (1 ms)
[ok]: EVALSHA - Do we get an error on non defined SHA1? (2 ms)
[ok]: EVAL - Redis integer -> Lua type conversion (2 ms)
[ok]: EVAL - Redis bulk -> Lua type conversion (1 ms)
[ok]: EVAL - Redis multi bulk -> Lua type conversion (1 ms)
[ok]: EVAL - Redis status reply -> Lua type conversion (0 ms)
[ok]: EVAL - Redis error reply -> Lua type conversion (1 ms)
[ok]: EVAL - Redis nil bulk reply -> Lua type conversion (1 ms)
[ok]: EVAL - Is the Lua client using the currently selected DB? (5 ms)
[ok]: EVAL - SELECT inside Lua should not affect the caller (3 ms)
[ok]: EVAL - Scripts can't run blpop command (1 ms)
[ok]: EVAL - Scripts can't run brpop command (0 ms)
[ok]: EVAL - Scripts can't run brpoplpush command (1 ms)
[ok]: EVAL - Scripts can't run blmove command (0 ms)
[ok]: EVAL - Scripts can't run bzpopmin command (1 ms)
[ok]: EVAL - Scripts can't run bzpopmax command (0 ms)
[ok]: EVAL - Scripts can't run XREAD and XREADGROUP with BLOCK option (2 ms)
[ok]: EVAL - Scripts can run non-deterministic commands (0 ms)
[ok]: EVAL - No arguments to redis.call/pcall is considered an error (1 ms)
[ok]: EVAL - redis.call variant raises a Lua error on Redis cmd error (1) (0 ms)
[ok]: EVAL - redis.call variant raises a Lua error on Redis cmd error (1) (1 ms)
[ok]: EVAL - redis.call variant raises a Lua error on Redis cmd error (1) (3 ms)
[ok]: EVAL - JSON numeric decoding (1 ms)
[ok]: EVAL - JSON string decoding (0 ms)
[ok]: EVAL - JSON smoke test (0 ms)
[ok]: EVAL - cmsgpack can pack double? (1 ms)
[ok]: EVAL - cmsgpack can pack negative int64? (3 ms)
[ok]: PSYNC2 #3899 regression: verify consistency (32 ms)
[ok]: corrupt payload: fuzzer findings - valgrind ziplist prev too big (666 ms)
[ok]: HyperLogLog self test passes (1222 ms)
[ok]: PFADD without arguments creates an HLL value (0 ms)
[ok]: Approximated cardinality after creation is zero (1 ms)
[ok]: PFADD returns 1 when at least 1 reg was modified (0 ms)
[ok]: PFADD returns 0 when no reg was modified (1 ms)
[ok]: PFADD works with empty string (regression) (0 ms)
[ok]: PFCOUNT returns approximated cardinality of set (1 ms)
[ok]: BITPOS bit=0 fuzzy testing using SETBIT (744 ms)
[ok]: maxmemory - is the memory limit honoured? (policy volatile-lru) (1187 ms)
[ok]: lazy free a stream with all types of metadata (709 ms)
[ok]: lazy free a stream with deleted cgroup (2 ms)
[ok]: Memory efficiency with values in range 128 (619 ms)
[ok]: redis-server command line arguments - option name and option value in the same arg and `--` prefix (700 ms)
[ok]: EVAL - cmsgpack pack/unpack smoke test (462 ms)
[ok]: EVAL - cmsgpack can pack and unpack circular references? (5 ms)
[ok]: EVAL - Numerical sanity check from bitop (1 ms)
[ok]: EVAL - Verify minimal bitop functionality (0 ms)
[ok]: EVAL - Able to parse trailing comments (4 ms)
[ok]: EVAL_RO - Successful case (2 ms)
[ok]: EVAL_RO - Cannot run write commands (1 ms)
[ok]: SCRIPTING FLUSH - is able to clear the scripts cache? (28 ms)
[ok]: PSYNC2: Set #3 to replicate from #0 (1 ms)
[ok]: SCRIPTING FLUSH ASYNC (50 ms)
[ok]: SCRIPT EXISTS - can detect already defined scripts? (1 ms)
[ok]: SCRIPT LOAD - is able to register scripts in the scripting cache (3 ms)
[ok]: SORT is normally not alpha re-ordered for the scripting engine (2 ms)
[ok]: SORT BY <constant> output gets ordered for scripting (1 ms)
[ok]: SORT BY <constant> with GET gets ordered for scripting (3 ms)
[ok]: redis.sha1hex() implementation (0 ms)
[ok]: Globals protection reading an undeclared global variable (2 ms)
[ok]: Globals protection setting an undeclared global* (1 ms)
[ok]: Test an example script DECR_IF_GT (4 ms)
[ok]: BITPOS/BITCOUNT fuzzy testing using SETBIT (348 ms)
[ok]: random numbers are random now (0 ms)
[ok]: Scripting engine PRNG can be seeded correctly (1 ms)
[53/84 done]: unit/lazyfree (2 seconds)
Testing unit/wait
[ok]: BITFIELD: setup slave (103 ms)
[ok]: corrupt payload: fuzzer findings - lzf decompression fails, avoid valgrind invalid read (631 ms)
[ok]: Memory efficiency with values in range 1024 (416 ms)
[ok]: Slave should be able to synchronize with the master (105 ms)
[54/84 done]: unit/bitops (7 seconds)
Testing unit/pause
[ok]: EVAL does not leak in the Lua stack (569 ms)
[ok]: maxmemory - is the memory limit honoured? (policy volatile-lfu) (908 ms)
[ok]: SPOP: We can call scripts rewriting client->argv from Lua (36 ms)
[ok]: MGET: mget shouldn't be propagated in Lua (100 ms)
[ok]: Test read commands are not blocked by client pause (5 ms)
[ok]: Test write commands are paused by RO (5 ms)
[ok]: Test special commands are paused by RO (8 ms)
[ok]: Test read/admin mutli-execs are not blocked by pause RO (9 ms)
[ok]: Test write mutli-execs are blocked by pause RO (5 ms)
[ok]: EXPIRE: We can call scripts rewriting client->argv from Lua (98 ms)
[ok]: Test scripts are blocked by pause RO (6 ms)
[ok]: HyperLogLogs are promote from sparse to dense (1227 ms)
[ok]: Test RO scripts are not blocked by pause RO (11 ms)
[ok]: Test read-only scripts in mutli-exec are not blocked by pause RO (3 ms)
[ok]: BITFIELD: write on master, read on slave (718 ms)
[ok]: BITFIELD_RO with only key as argument (1 ms)
[ok]: BITFIELD_RO fails when write option is used (1 ms)
[ok]: Test write scripts in mutli-exec are blocked by pause RO (15 ms)
[ok]: Test may-replicate commands are rejected in RO scripts (3 ms)
[ok]: Test multiple clients can be queued up and unblocked (16 ms)
[ok]: Test clients with syntax errors will get responses immediately (2 ms)
[ok]: Setup slave (107 ms)
[55/84 done]: integration/psync2-reg (23 seconds)
Testing unit/querybuf
[ok]: corrupt payload: fuzzer findings - stream bad lp_count (739 ms)
[ok]: Test both active and passive expires are skipped during client pause (104 ms)
[ok]: Test that client pause starts at the end of a transaction (3 ms)
[ok]: PSYNC2: cluster is consistent after failover (5 ms)
[ok]: maxmemory - is the memory limit honoured? (policy volatile-random) (602 ms)
[ok]: Detect write load to master (1005 ms)
[ok]: Test replication partial resync: no reconnection, just sync (diskless: no, swapdb, reconnect: 0) (94 ms)
[ok]: corrupt payload: fuzzer findings - stream bad lp_count - unsanitized (509 ms)
[56/84 done]: unit/bitfield (7 seconds)
Testing unit/pendingquerybuf
[ok]: WAIT should acknowledge 1 additional copy of the data (645 ms)
[ok]: INCRBYFLOAT: We can call scripts expanding client->argv from Lua (747 ms)
[ok]: Call Redis command with many args from Lua (issue #1764) (2 ms)
[ok]: Number conversion precision test (issue #1118) (1 ms)
[ok]: String containing number precision test (regression of issue #1118) (1 ms)
[ok]: Verify negative arg count is error instead of crash (issue #1842) (0 ms)
[ok]: Scripts can handle commands with incorrect arity (2 ms)
[ok]: Correct handling of reused argv (issue #1939) (1 ms)
[ok]: Functions in the Redis namespace are able to report errors (1 ms)
[ok]: CLUSTER RESET can not be invoke from within a script (1 ms)
[ok]: Script with RESP3 map (5 ms)
[ok]: Script return recursive object (128 ms)
[ok]: Script check unpack with massive arguments (5 ms)
[ok]: Script read key with expiration set (6 ms)
[ok]: Script del key with expiration set (0 ms)
[ok]: Script ACL check (1 ms)
[ok]: Binary code loading failed (1 ms)
[ok]: Try trick global protection 1 (0 ms)
[ok]: Try trick global protection 2 (1 ms)
[ok]: Try trick global protection 3 (1 ms)
[ok]: Try trick global protection 4 (0 ms)
[ok]: Try trick readonly table on redis table (0 ms)
[ok]: Try trick readonly table on json table (1 ms)
[ok]: Try trick readonly table on cmsgpack table (1 ms)
[ok]: Try trick readonly table on bit table (1 ms)
[ok]: Test loadfile are not available (0 ms)
[ok]: Test dofile are not available (0 ms)
[ok]: Test print are not available (1 ms)
[ok]: maxmemory - is the memory limit honoured? (policy volatile-ttl) (596 ms)
[ok]: Memory efficiency with values in range 16384 (1747 ms)
[ok]: corrupt payload: fuzzer findings - stream integrity check issue (712 ms)
[ok]: Test when replica paused, offset would not grow (722 ms)
[ok]: Test replica offset would grow after unpause (3 ms)
[57/84 done]: unit/memefficiency (5 seconds)
Testing unit/tls
[ok]: maxmemory - only allkeys-* should remove non-volatile keys (allkeys-random) (723 ms)
[ok]: WAIT should not acknowledge 2 additional copies of the data (1002 ms)
[ok]: Connect multiple replicas at the same time (issue #141), master diskless=no, replica diskless=swapdb (11267 ms)
[ok]: corrupt payload: fuzzer findings - infinite loop (471 ms)
[ok]: Slave should be able to synchronize with the master (105 ms)
[58/84 done]: unit/pause (2 seconds)
Testing unit/tracking
[ok]: Timedout read-only scripts can be killed by SCRIPT KILL (409 ms)
[ok]: redis-server command line arguments - save with empty input (2972 ms)
[ok]: Timedout read-only scripts can be killed by SCRIPT KILL even when use pcall (80 ms)
[ok]: Timedout script does not cause a false dead client (82 ms)
[59/84 done]: unit/tls (0 seconds)
Testing unit/oom-score-adj
[ok]: Timedout script link is still usable after Lua returns (133 ms)
[ok]: corrupt payload: fuzzer findings - hash ziplist too long entry len (488 ms)
[ok]: Clients are able to enable tracking and redirect it (1 ms)
[ok]: The other connection is able to get invalidations (2 ms)
[ok]: The client is now able to disable tracking (1 ms)
[ok]: Clients can enable the BCAST mode with the empty prefix (0 ms)
[ok]: The connection gets invalidation messages about all the keys (1 ms)
[ok]: Clients can enable the BCAST mode with prefixes (3 ms)
[ok]: Adding prefixes to BCAST mode works (4 ms)
[ok]: Tracking NOLOOP mode in standard mode works (2 ms)
[ok]: Tracking NOLOOP mode in BCAST mode works (5 ms)
[ok]: redis-server command line arguments - take one bulk string with spaces for MULTI_ARG configs parsing (564 ms)
[ok]: Timedout scripts and unblocked command (288 ms)
[ok]: HyperLogLog sparse encoding stress test (2751 ms)
[ok]: Corrupted sparse HyperLogLogs are detected: Additional at tail (1 ms)
[ok]: Corrupted sparse HyperLogLogs are detected: Broken magic (1 ms)
[ok]: Corrupted sparse HyperLogLogs are detected: Invalid encoding (1 ms)
[ok]: Corrupted dense HyperLogLogs are detected: Wrong length (1 ms)
[ok]: Timedout scripts that modified data can't be killed by SCRIPT KILL (208 ms)
[ok]: SHUTDOWN NOSAVE can kill a timedout script anyway (19 ms)
[ok]: WAIT should not acknowledge 1 additional copy if slave is blocked (1091 ms)
[ok]: CONFIG SET oom-score-adj works as expected (156 ms)
[ok]: CONFIG SET oom-score-adj-values doesn't touch proc when disabled (5 ms)
[ok]: CONFIG SET oom score restored on disable (2 ms)
[ok]: CONFIG SET oom score relative and absolute (1 ms)
[ok]: CONFIG SET out-of-range oom score (0 ms)
[ok]: Detect write load to master (1002 ms)
[ok]: corrupt payload: OOM in rdbGenericLoadStringObject (740 ms)
[ok]: cannot modify protected configuration - no (1 ms)
[ok]: maxmemory - only allkeys-* should remove non-volatile keys (allkeys-lru) (1393 ms)
[ok]: Tracking gets notification of expired keys (1003 ms)
[ok]: query buffer resized correctly (2986 ms)
[ok]: Tracking gets notification of lazy expired keys (106 ms)
[ok]: HELLO 3 reply is correct (0 ms)
[ok]: HELLO without protover (9 ms)
[ok]: RESP3 based basic invalidation (2 ms)
[ok]: RESP3 tracking redirection (6 ms)
[ok]: Invalidations of previous keys can be redirected after switching to RESP3 (5 ms)
[ok]: Invalidations of new keys can be redirected after switching to RESP3 (4 ms)
[ok]: Invalid keys should not be tracked for scripts in NOLOOP mode (4 ms)
[ok]: Tracking only occurs for scripts when a command calls a read-only command (10 ms)
[ok]: RESP3 Client gets tracking-redir-broken push message after cached key changed when rediretion client is terminated (6 ms)
[ok]: Different clients can redirect to the same connection (3 ms)
[ok]: Different clients using different protocols can track the same key (11 ms)
[ok]: No invalidation message when using OPTIN option (3 ms)
[ok]: Invalidation message sent when using OPTIN option with CLIENT CACHING yes (10 ms)
[ok]: Invalidation message sent when using OPTOUT option (2 ms)
[ok]: No invalidation message when using OPTOUT option with CLIENT CACHING no (4 ms)
[ok]: Able to redirect to a RESP3 client (3 ms)
[ok]: After switching from normal tracking to BCAST mode, no invalidation message is produced for pre-BCAST keys (4 ms)
[ok]: BCAST with prefix collisions throw errors (8 ms)
[ok]: hdel deliver invalidate message after response in the same connection (3 ms)
[ok]: query buffer resized correctly when not idle (205 ms)
[ok]: Tracking invalidation message is not interleaved with multiple keys response (122 ms)
[ok]: Tracking invalidation message is not interleaved with transaction response (3 ms)
[ok]: Tracking invalidation message of eviction keys should be before response (10 ms)
[ok]: Unblocked BLMOVE gets notification after response (10 ms)
[ok]: corrupt payload: fuzzer findings - OOM in dictExpand (704 ms)
[ok]: Before the replica connects we issue two EVAL commands (2 ms)
[ok]: Tracking gets notification on tracking table key eviction (56 ms)
[ok]: Invalidation message received for flushall (6 ms)
[ok]: cannot modify protected configuration - local (41 ms)
[ok]: Invalidation message received for flushdb (12 ms)
[ok]: Test ASYNC flushall (11 ms)
[ok]: flushdb tracking invalidation message is not interleaved with transaction response (11 ms)
[ok]: Connect a replica to the master instance (106 ms)
[ok]: Now use EVALSHA against the master, with both SHAs (2 ms)
[ok]: WAIT implicitly blocks on client pause since ACKs aren't sent (1101 ms)
[60/84 done]: unit/querybuf (4 seconds)
Testing unit/shutdown
[61/84 done]: unit/oom-score-adj (2 seconds)
Testing unit/networking
[ok]: 'x' should be '4' for EVALSHA being replicated by effects (305 ms)
[ok]: Replication of script multiple pushes to list with BLPOP (2 ms)
[ok]: EVALSHA replication when first call is readonly (2 ms)
[ok]: Lua scripts using SELECT are replicated correctly (3 ms)
[ok]: Server is able to evacuate enough keys when num of keys surpasses limit by more than defined initial effort (471 ms)
[ok]: Tracking info is correct (18 ms)
[ok]: CLIENT GETREDIR provides correct client id (4 ms)
[ok]: CLIENT TRACKINGINFO provides reasonable results when tracking off (1 ms)
[ok]: CLIENT TRACKINGINFO provides reasonable results when tracking on (2 ms)
[ok]: CLIENT TRACKINGINFO provides reasonable results when tracking on with options (4 ms)
[ok]: CLIENT TRACKINGINFO provides reasonable results when tracking optin (4 ms)
[ok]: CLIENT TRACKINGINFO provides reasonable results when tracking optout (2 ms)
[ok]: CLIENT TRACKINGINFO provides reasonable results when tracking bcast mode (4 ms)
[ok]: CLIENT TRACKINGINFO provides reasonable results when tracking redir broken (13 ms)
[ok]: Regression test for #11715 (20 ms)
[ok]: RESP3 based basic invalidation with client reply off (13 ms)
[ok]: RESP2 based basic invalidation with client reply off (66 ms)
[ok]: RESP3 based basic redirect invalidation with client reply off (15 ms)
[ok]: RESP3 based basic tracking-redir-broken with client reply off (17 ms)
[ok]: corrupt payload: fuzzer findings - zset ziplist invalid tail offset (749 ms)
[62/84 done]: unit/wait (6 seconds)
Testing unit/cluster
[ok]: maxmemory - only allkeys-* should remove non-volatile keys (volatile-lru) (1654 ms)
[ok]: Temp rdb will be deleted if we use bg_unlink when shutdown (280 ms)
[63/84 done]: unit/tracking (3 seconds)
Testing unit/client-eviction
[ok]: CONFIG SET port number (730 ms)
[ok]: PSYNC2: generate load while killing replication links (5000 ms)
[ok]: PSYNC2: cluster is consistent after load (x = 24245) (7 ms)
[ok]: PSYNC2: total sum of full synchronizations is exactly 4 (2 ms)
[ok]: corrupt payload: fuzzer findings - negative reply length (671 ms)
[ok]: PSYNC2: --- CYCLE 4 --- (0 ms)
[ok]: PSYNC2: [NEW LAYOUT] Set #0 as master (1 ms)
[ok]: PSYNC2: Set #4 to replicate from #3 (1 ms)
[ok]: client evicted due to large argv (139 ms)
[ok]: client evicted due to large query buf (55 ms)
[ok]: SHUTDOWN ABORT can cancel SIGTERM (96 ms)
[ok]: client evicted due to percentage of maxmemory (22 ms)
[ok]: Temp rdb will be deleted in signal handle (99 ms)
[ok]: CONFIG SET bind address (723 ms)
[ok]: client evicted due to large multi buf (157 ms)
[ok]: corrupt payload: fuzzer findings - valgrind negative malloc (598 ms)
[ok]: pending querybuf: check size of pending_querybuf after set a big value (4405 ms)
[ok]: RDB save will be failed in shutdown (45 ms)
[ok]: SHUTDOWN will abort if rdb save failed on signal (72 ms)
[ok]: SHUTDOWN will abort if rdb save failed on shutdown command (2 ms)
[ok]: SHUTDOWN can proceed if shutdown command was with nosave (59 ms)
[ok]: PSYNC2: Set #1 to replicate from #0 (1 ms)
[ok]: PSYNC2: Set #2 to replicate from #0 (1 ms)
[ok]: Clean up rdb same named folder (34 ms)
[ok]: PSYNC2: Set #3 to replicate from #1 (1 ms)
[ok]: corrupt payload: fuzzer findings - valgrind invalid read (482 ms)
[ok]: maxmemory - only allkeys-* should remove non-volatile keys (volatile-random) (1531 ms)
[64/84 done]: unit/shutdown (2 seconds)
Testing unit/violations
[ok]: Connect a replica to the master instance (115 ms)
[ok]: Redis.replicate_commands() can be issued anywhere now (1 ms)
[ok]: Redis.set_repl() can be issued before replicate_commands() now (1 ms)
[ok]: Redis.set_repl() don't accept invalid values (1 ms)
[ok]: SORT adds integer field to list (5 ms)
[65/84 done]: unit/pendingquerybuf (6 seconds)
Testing unit/replybufsize
[ok]: config during loading (2665 ms)
[ok]: client evicted due to watched key list (1332 ms)
[ok]: Test selective replication of certain Redis commands from Lua (409 ms)
[ok]: PRNG is seeded randomly for command replication (0 ms)
[ok]: Using side effects is not a problem with command replication (4 ms)
[ok]: corrupt payload: fuzzer findings - empty hash ziplist (655 ms)
[66/84 done]: unit/violations (1 seconds)
Testing unit/cluster-scripting
[ok]: CONFIG SET bind-source-addr (1607 ms)
[ok]: PSYNC2: cluster is consistent after failover (2 ms)
[ok]: Create 3 node cluster (1751 ms)
[ok]: Run blocking command on cluster node3 (1 ms)
[ok]: Perform a Resharding (43 ms)
[ok]: ziplist implementation: encoding stress testing (32435 ms)
[ok]: Verify command got unblocked after resharding (56 ms)
[ok]: corrupt payload: fuzzer findings - stream with no records (660 ms)
[ok]: Wait for cluster to be stable (105 ms)
[ok]: Sanity test push cmd after resharding (9 ms)
[ok]: Run blocking command again on cluster node1 (4 ms)
[ok]: verify reply buffer limits (664 ms)
[67/84 done]: unit/type/list-3 (74 seconds)
Testing unit/cluster/misc
[ok]: CONFIG REWRITE handles rename-command properly (1227 ms)
[68/84 done]: unit/replybufsize (1 seconds)
Testing unit/cluster/links
[ok]: Default bind address configuration handling (573 ms)
[ok]: Protected mode works as expected (27 ms)
[ok]: maxmemory - only allkeys-* should remove non-volatile keys (volatile-ttl) (1961 ms)
[ok]: corrupt payload: fuzzer findings - quicklist ziplist tail followed by extra data which start with 0xff (709 ms)
Port 26124 was already busy, trying another port...
[69/84 done]: unit/networking (4 seconds)
[ok]: corrupt payload: fuzzer findings - dict init to huge size (505 ms)
[ok]: Test replication partial resync: ok psync (diskless: no, swapdb, reconnect: 1) (6254 ms)
[ok]: Eval scripts with shebangs and functions default to no cross slots (1 ms)
[ok]: Cross slot commands are allowed by default for eval scripts and with allow-cross-slot-keys flag (4 ms)
[ok]: Cross slot commands are also blocked if they disagree with pre-declared keys (0 ms)
[ok]: Kill a cluster node and wait for fail state (1690 ms)
[ok]: Test scripting debug protocol parsing (2 ms)
[ok]: Test scripting debug lua stack overflow (10 ms)
[ok]: Verify command got unblocked after cluster failure (87 ms)
[70/84 done]: unit/cluster-scripting (3 seconds)
[ok]: corrupt payload: fuzzer findings - huge string (754 ms)
[ok]: maxmemory - policy volatile-lru should only remove volatile keys. (1586 ms)
[ok]: corrupt payload: fuzzer findings - stream PEL without consumer (510 ms)
[ok]: test RESP2/2 big number protocol parsing (0 ms)
[ok]: test RESP2/2 malformed big number protocol parsing (2 ms)
[ok]: test RESP2/2 map protocol parsing (1 ms)
[ok]: test RESP2/2 set protocol parsing (1 ms)
[ok]: test RESP2/2 double protocol parsing (2 ms)
[ok]: test RESP2/2 null protocol parsing (2 ms)
[ok]: test RESP2/2 verbatim protocol parsing (1 ms)
[ok]: test RESP2/2 true protocol parsing (0 ms)
[ok]: test RESP2/2 false protocol parsing (6 ms)
[ok]: test RESP2/3 big number protocol parsing (0 ms)
[ok]: test RESP2/3 malformed big number protocol parsing (0 ms)
[ok]: test RESP2/3 map protocol parsing (1 ms)
[ok]: test RESP2/3 set protocol parsing (0 ms)
[ok]: test RESP2/3 double protocol parsing (1 ms)
[ok]: test RESP2/3 null protocol parsing (3 ms)
[ok]: test RESP2/3 verbatim protocol parsing (3 ms)
[ok]: test RESP2/3 true protocol parsing (0 ms)
[ok]: test RESP2/3 false protocol parsing (0 ms)
[ok]: test RESP3/2 big number protocol parsing (0 ms)
[ok]: test RESP3/2 malformed big number protocol parsing (0 ms)
[ok]: test RESP3/2 map protocol parsing (0 ms)
[ok]: test RESP3/2 set protocol parsing (1 ms)
[ok]: test RESP3/2 double protocol parsing (1 ms)
[ok]: test RESP3/2 null protocol parsing (1 ms)
[ok]: test RESP3/2 verbatim protocol parsing (0 ms)
[ok]: test RESP3/2 true protocol parsing (2 ms)
[ok]: test RESP3/2 false protocol parsing (0 ms)
[ok]: test RESP3/3 big number protocol parsing (2 ms)
[ok]: test RESP3/3 malformed big number protocol parsing (1 ms)
[ok]: test RESP3/3 map protocol parsing (1 ms)
[ok]: test RESP3/3 set protocol parsing (1 ms)
[ok]: test RESP3/3 double protocol parsing (0 ms)
[ok]: test RESP3/3 null protocol parsing (1 ms)
[ok]: test RESP3/3 verbatim protocol parsing (0 ms)
[ok]: test RESP3/3 true protocol parsing (1 ms)
[ok]: test RESP3/3 false protocol parsing (0 ms)
[ok]: test resp3 attribute protocol parsing (1 ms)
[ok]: Script block the time during execution (12 ms)
[ok]: Script delete the expired key (3 ms)
[ok]: CONFIG REWRITE handles alias config properly (2327 ms)
[71/84 done]: unit/introspection (21 seconds)
[ok]: Client output buffer hard limit is enforced (17295 ms)
[ok]: corrupt payload: fuzzer findings - stream listpack valgrind issue (472 ms)
[ok]: Slave should be able to synchronize with the master (106 ms)
[ok]: Shebang support for lua engine (1 ms)
[ok]: Unknown shebang option (0 ms)
[ok]: Unknown shebang flag (0 ms)
[ok]: allow-oom shebang flag (5 ms)
[ok]: no-writes shebang flag (1 ms)
[ok]: Key lazy expires during key migration (22 ms)
[ok]: Broadcast message across a cluster shard while a cluster link is down (122 ms)
[ok]: corrupt payload: fuzzer findings - stream with bad lpFirst (743 ms)
[ok]: Detect write load to master (1003 ms)
[ok]: no-writes shebang flag on replica (128 ms)
[ok]: maxmemory - policy volatile-lfu should only remove volatile keys. (1923 ms)
Port 27624 was already busy, trying another port...
[ok]: not enough good replicas (5 ms)
[ok]: corrupt payload: fuzzer findings - stream listpack lpPrev valgrind issue (679 ms)
[72/84 done]: unit/cluster/links (4 seconds)
[ok]: PSYNC2: generate load while killing replication links (5001 ms)
[ok]: PSYNC2: cluster is consistent after load (x = 30758) (10 ms)
[ok]: PSYNC2: total sum of full synchronizations is exactly 4 (2 ms)
[ok]: PSYNC2: --- CYCLE 5 --- (0 ms)
[ok]: PSYNC2: [NEW LAYOUT] Set #3 as master (2 ms)
[ok]: PSYNC2: Set #4 to replicate from #2 (3 ms)
[ok]: PSYNC2: Set #0 to replicate from #2 (0 ms)
[73/84 done]: unit/cluster/misc (5 seconds)
[ok]: corrupt payload: fuzzer findings - stream with non-integer entry id (760 ms)
[ok]: maxmemory - policy volatile-random should only remove volatile keys. (1233 ms)
[ok]: client evicted due to pubsub subscriptions (6264 ms)
[ok]: client evicted due to tracking redirection (47 ms)
[ok]: PSYNC2: Set #1 to replicate from #3 (0 ms)
[ok]: corrupt payload: fuzzer findings - empty quicklist (704 ms)
[ok]: maxmemory - policy volatile-ttl should only remove volatile keys. (460 ms)
[ok]: not enough good replicas state change during long script (1662 ms)
[ok]: allow-stale shebang flag (3 ms)
[ok]: reject script do not cause a Lua stack leak (12 ms)
[ok]: GEOSEARCH fuzzy test - byradius (17873 ms)
[ok]: corrupt payload: fuzzer findings - empty zset (740 ms)
[ok]: client evicted due to client tracking prefixes (978 ms)
[ok]: client evicted due to output buf (7 ms)
[ok]: client no-evict on (68 ms)
[ok]: PSYNC2: Set #2 to replicate from #3 (1 ms)
[ok]: client no-evict off (30 ms)
[ok]: Consistent eval error reporting (20 ms)
[ok]: LUA redis.error_reply API (1 ms)
[ok]: LUA redis.error_reply API with empty string (0 ms)
[ok]: LUA redis.status_reply API (2 ms)
[ok]: LUA test pcall (0 ms)
[ok]: LUA test pcall with error (0 ms)
[ok]: LUA test pcall with non string/integer arg (1 ms)
[74/84 done]: unit/scripting (27 seconds)
[ok]: corrupt payload: fuzzer findings - hash with len of 0 (728 ms)
[ok]: avoid client eviction when client is freed by output buffer limit (200 ms)
[ok]: PSYNC2: cluster is consistent after failover (1 ms)
[ok]: corrupt payload: fuzzer findings - hash listpack first element too long entry len (576 ms)
[ok]: Functions are added to new node on redis-cli cluster add-node (2942 ms)
[ok]: decrease maxmemory-clients causes client eviction (327 ms)
[ok]: corrupt payload: fuzzer findings - stream double free listpack when insert dup node to rax returns 0 (700 ms)
[ok]: Connect multiple replicas at the same time (issue #141), master diskless=yes, replica diskless=disabled (10370 ms)
[ok]: Client output buffer soft limit is enforced if time is overreached (6108 ms)
[ok]: evict clients only until below limit (129 ms)
[ok]: corrupt payload: fuzzer findings - LCS OOM (612 ms)
[ok]: evict clients in right order (large to small) (196 ms)
[ok]: corrupt payload: fuzzer findings - gcc asan reports false leak on assert (676 ms)
[ok]: corrupt payload: fuzzer findings - lpFind invalid access (396 ms)
[ok]: client total memory grows during client no-evict (165 ms)
[ok]: client total memory grows during maxmemory-clients disabled (160 ms)
[ok]: corrupt payload: fuzzer findings - invalid access in ziplist tail prevlen decoding (705 ms)
[75/84 done]: unit/client-eviction (14 seconds)
[ok]: corrupt payload: fuzzer findings - zset zslInsert with a NAN score (719 ms)
[ok]: Test replication partial resync: no backlog (diskless: no, swapdb, reconnect: 1) (7743 ms)
[ok]: corrupt payload: fuzzer findings - streamLastValidID panic (735 ms)
[ok]: PSYNC2: generate load while killing replication links (5000 ms)
[ok]: PSYNC2: cluster is consistent after load (x = 48640) (2 ms)
[ok]: PSYNC2: total sum of full synchronizations is exactly 4 (1 ms)
[ok]: PSYNC2: Bring the master back again for next test (1 ms)
[ok]: corrupt payload: fuzzer findings - valgrind fishy value warning (653 ms)
[76/84 done]: integration/corrupt-dump (49 seconds)
[ok]: PSYNC2: Partial resync after restart using RDB aux fields (460 ms)
[ok]: Slave should be able to synchronize with the master (105 ms)
[ok]: Detect write load to master (1005 ms)
[ok]: GEOSEARCH fuzzy test - bybox (8569 ms)
[77/84 done]: integration/psync2 (47 seconds)
[ok]: GEOSEARCH box edges fuzzy test (140 ms)
[78/84 done]: unit/geo (28 seconds)
[ok]: Client output buffer soft limit is not enforced too early and is enforced when no traffic (7055 ms)
[ok]: Migrate the last slot away from a node using redis-cli (6368 ms)
[ok]: No response for single command if client output buffer hard limit is enforced (156 ms)
[ok]: No response for multi commands in pipeline if client output buffer limit is enforced (1054 ms)
[ok]: Execute transactions completely even if client output buffer limit is enforced (100 ms)
[ok]: Obuf limit, HRANDFIELD with huge count stopped mid-run (23 ms)
[ok]: Obuf limit, KEYS stopped mid-run (42 ms)
Port 27636 was already busy, trying another port...
[79/84 done]: unit/obuf-limits (32 seconds)
[ok]: redis-cli --cluster create with cluster-port (1766 ms)
[ok]: redis-cli --cluster add-node with cluster-port (1290 ms)
[80/84 done]: unit/cluster (26 seconds)
[ok]: Connect multiple replicas at the same time (issue #141), master diskless=yes, replica diskless=swapdb (10156 ms)
[ok]: Test replication partial resync: ok after delay (diskless: no, swapdb, reconnect: 1) (9204 ms)
[ok]: Slave should be able to synchronize with the master (103 ms)
[ok]: Detect write load to master (1002 ms)
[ok]: slave buffer are counted correctly (23303 ms)
[ok]: Test replication partial resync: backlog expired (diskless: no, swapdb, reconnect: 1) (9226 ms)
[ok]: Slave should be able to synchronize with the master (1718 ms)
[ok]: Detect write load to master (0 ms)
[ok]: Test replication partial resync: no reconnection, just sync (diskless: yes, disabled, reconnect: 0) (270 ms)
[ok]: Fuzzing dense/sparse encoding: Redis should always detect errors (43488 ms)
[ok]: PFADD, PFCOUNT, PFMERGE type checking works (0 ms)
[ok]: PFMERGE results on the cardinality of union of sets (1 ms)
[ok]: Slave should be able to synchronize with the master (405 ms)
[ok]: Detect write load to master (0 ms)
[ok]: replica buffer don't induce eviction (11037 ms)
[ok]: Don't rehash if used memory exceeds maxmemory after rehash (99 ms)
[ok]: Master stream is correctly processed while the replica has a script in -BUSY state (20337 ms)
[ok]: PFCOUNT multiple-keys merge returns cardinality of union #1 (7600 ms)
[ok]: Test replication partial resync: ok psync (diskless: yes, disabled, reconnect: 1) (6199 ms)
[ok]: client tracking don't cause eviction feedback loop (1649 ms)
[ok]: propagation with eviction (42 ms)
[ok]: propagation with eviction in MULTI (83 ms)
[ok]: Diskless load swapdb (different replid): new database is exposed after swapping (1 ms)
[ok]: Slave should be able to synchronize with the master (512 ms)
[ok]: Detect write load to master (0 ms)
[81/84 done]: unit/maxmemory (67 seconds)
[ok]: Diskless load swapdb (different replid): replica enter loading (445 ms)
[ok]: Diskless load swapdb (different replid): old database is exposed after replication fails (2 ms)
[ok]: PFCOUNT multiple-keys merge returns cardinality of union #2 (3774 ms)
[ok]: PFDEBUG GETREG returns the HyperLogLog raw registers (283 ms)
[ok]: PFADD / PFCOUNT cache invalidation works (2 ms)
[82/84 done]: unit/hyperloglog (61 seconds)
[ok]: Diskless load swapdb (async_loading): new database is exposed after swapping (1 ms)
[ok]: Diskless load swapdb (async_loading): replica enter async_loading (442 ms)
[ok]: Test replication partial resync: no backlog (diskless: yes, disabled, reconnect: 1) (7716 ms)
[ok]: Diskless load swapdb (async_loading): old database is exposed while async replication is in progress (668 ms)
[ok]: Busy script during async loading (950 ms)
[ok]: Blocked commands and configs during async-loading (469 ms)
[ok]: Diskless load swapdb (async_loading): old database is exposed after async replication fails (1 ms)
[ok]: Slave should be able to synchronize with the master (1311 ms)
[ok]: Detect write load to master (1 ms)
Waiting for process 12699 to exit...
[ok]: Test replication partial resync: ok after delay (diskless: yes, disabled, reconnect: 1) (9236 ms)
[ok]: Slave should be able to synchronize with the master (1313 ms)
[ok]: Detect write load to master (0 ms)
[ok]: Test replication partial resync: backlog expired (diskless: yes, disabled, reconnect: 1) (9223 ms)
[ok]: Slave should be able to synchronize with the master (1310 ms)
[ok]: Detect write load to master (1 ms)
[ok]: Test replication partial resync: no reconnection, just sync (diskless: yes, swapdb, reconnect: 0) (467 ms)
[ok]: Slave should be able to synchronize with the master (304 ms)
[ok]: Detect write load to master (1 ms)
[ok]: Test replication partial resync: ok psync (diskless: yes, swapdb, reconnect: 1) (6197 ms)
[ok]: Slave should be able to synchronize with the master (307 ms)
[ok]: Detect write load to master (0 ms)
[ok]: Test replication partial resync: no backlog (diskless: yes, swapdb, reconnect: 1) (7706 ms)
[ok]: Slave should be able to synchronize with the master (1412 ms)
[ok]: Detect write load to master (0 ms)
[ok]: Test replication partial resync: ok after delay (diskless: yes, swapdb, reconnect: 1) (9248 ms)
[ok]: diskless loading short read (49713 ms)
[ok]: Slave should be able to synchronize with the master (1317 ms)
[ok]: Detect write load to master (1 ms)
[ok]: diskless no replicas drop during rdb pipe (8951 ms)
[ok]: Test replication partial resync: backlog expired (diskless: yes, swapdb, reconnect: 1) (9225 ms)
[83/84 done]: integration/replication-psync (179 seconds)
[ok]: diskless slow replicas drop during rdb pipe (4169 ms)
[ok]: diskless fast replicas drop during rdb pipe (6547 ms)
[ok]: diskless all replicas drop during rdb pipe (2343 ms)
[ok]: diskless timeout replicas drop during rdb pipe (7296 ms)
[ok]: diskless replication child being killed is collected (3101 ms)
[ok]: replication child dies when parent is killed - diskless: yes (2289 ms)
[ok]: replication child dies when parent is killed - diskless: no (2583 ms)
[ok]: diskless replication read pipe cleanup (2196 ms)
[ok]: replicaof right after disconnection (3739 ms)
[ok]: Kill rdb child process if its dumping RDB is not useful (2722 ms)
[ok]: Don't disconnect with replicas before loading transferred RDB when full sync (4 ms)
[ok]: Discard cache master before loading transferred RDB when full sync (108 ms)
[ok]: replica can handle EINTR if use diskless load (2035 ms)
[ok]: replica do not write the reply to the replication link - SYNC (_addReplyToBufferOrList) (137 ms)
[ok]: replica do not write the reply to the replication link - SYNC (addReplyDeferredLen) (127 ms)
[ok]: replica do not write the reply to the replication link - PSYNC (_addReplyToBufferOrList) (187 ms)
[ok]: replica do not write the reply to the replication link - PSYNC (addReplyDeferredLen) (114 ms)
[ok]: PSYNC with wrong offset should throw error (50 ms)
[84/84 done]: integration/replication (226 seconds)
Testing solo test
[ignore]: Test LPUSH and LPOP on plain nodes over 4GB: large memory flag not provided
[ignore]: Test LINDEX and LINSERT on plain nodes over 4GB: large memory flag not provided
[ignore]: Test LTRIM on plain nodes over 4GB: large memory flag not provided
[ignore]: Test LREM on plain nodes over 4GB: large memory flag not provided
[ignore]: Test LSET on plain nodes over 4GB: large memory flag not provided
[ignore]: Test LMOVE on plain nodes over 4GB: large memory flag not provided
[84/84 done]: list-large-memory (1 seconds)
Testing solo test
[ignore]: SADD, SCARD, SISMEMBER - large data: large memory flag not provided
[84/84 done]: set-large-memory (1 seconds)
Testing solo test
[ignore]: BIT pos larger than UINT_MAX: large memory flag not provided
[ignore]: SETBIT values larger than UINT32_MAX and lzf_compress/lzf_decompress correctly: large memory flag not provided
[84/84 done]: bitops-large-memory (1 seconds)
Testing solo test
[ok]: Active defrag (22465 ms)
[ok]: Active defrag eval scripts (3484 ms)
[ok]: Active defrag big keys (14948 ms)
[ok]: Active defrag big list (15190 ms)
[ok]: Active defrag edge case (19522 ms)
[84/84 done]: defrag (76 seconds)
Testing solo test
[ignore]: XADD one huge field: large memory flag not provided
[ignore]: XADD one huge field - 1: large memory flag not provided
[ignore]: several XADD big fields: large memory flag not provided
[ignore]: single XADD big fields: large memory flag not provided
[ignore]: hash with many big fields: large memory flag not provided
[ignore]: hash with one huge field: large memory flag not provided
[84/84 done]: violations (5 seconds)

                   The End

Execution time of different units:
  0 seconds - unit/info-command
  0 seconds - unit/type/incr
  0 seconds - unit/printver
  1 seconds - unit/info
  2 seconds - unit/protocol
  2 seconds - unit/keyspace
  3 seconds - unit/auth
  1 seconds - unit/quit
  6 seconds - unit/multi
  9 seconds - unit/type/stream-cgroups
  2 seconds - unit/acl-v2
  13 seconds - unit/type/hash
  7 seconds - unit/acl
  14 seconds - unit/other
  18 seconds - unit/type/list
  18 seconds - unit/expire
  20 seconds - unit/sort
  21 seconds - unit/type/string
  10 seconds - unit/latency-monitor
  25 seconds - unit/scan
  19 seconds - integration/replication-2
  15 seconds - integration/shutdown
  38 seconds - unit/type/list-2
  21 seconds - integration/replication-3
  39 seconds - unit/type/stream
  28 seconds - integration/block-repl
  2 seconds - integration/convert-zipmap-hash-on-load
  21 seconds - integration/replication-buffer
  1 seconds - integration/convert-ziplist-hash-on-load
  43 seconds - unit/dump
  2 seconds - integration/convert-ziplist-zset-on-load
  40 seconds - unit/aofrw
  2 seconds - integration/logging
  48 seconds - unit/type/zset
  24 seconds - integration/aof
  51 seconds - unit/type/set
  15 seconds - integration/rdb
  8 seconds - integration/failover
  2 seconds - unit/pubsub
  5 seconds - integration/redis-benchmark
  2 seconds - unit/slowlog
  36 seconds - integration/replication-4
  3 seconds - unit/pubsubshard
  6 seconds - integration/dismiss-mem
  13 seconds - integration/psync2-master-restart
  2 seconds - unit/limits
  24 seconds - integration/aof-multi-part
  21 seconds - integration/corrupt-dump-fuzzer
  13 seconds - integration/redis-cli
  8 seconds - unit/functions
  20 seconds - integration/psync2-pingoff
  6 seconds - unit/introspection-2
  2 seconds - unit/lazyfree
  7 seconds - unit/bitops
  23 seconds - integration/psync2-reg
  7 seconds - unit/bitfield
  5 seconds - unit/memefficiency
  2 seconds - unit/pause
  0 seconds - unit/tls
  4 seconds - unit/querybuf
  2 seconds - unit/oom-score-adj
  6 seconds - unit/wait
  3 seconds - unit/tracking
  2 seconds - unit/shutdown
  6 seconds - unit/pendingquerybuf
  1 seconds - unit/violations
  74 seconds - unit/type/list-3
  1 seconds - unit/replybufsize
  4 seconds - unit/networking
  3 seconds - unit/cluster-scripting
  21 seconds - unit/introspection
  4 seconds - unit/cluster/links
  5 seconds - unit/cluster/misc
  27 seconds - unit/scripting
  14 seconds - unit/client-eviction
  49 seconds - integration/corrupt-dump
  47 seconds - integration/psync2
  28 seconds - unit/geo
  32 seconds - unit/obuf-limits
  26 seconds - unit/cluster
  67 seconds - unit/maxmemory
  61 seconds - unit/hyperloglog
  179 seconds - integration/replication-psync
  226 seconds - integration/replication
  1 seconds - list-large-memory
  1 seconds - set-large-memory
  1 seconds - bitops-large-memory
  76 seconds - defrag
  5 seconds - violations

\o/ All tests passed without errors!

Cleanup: may take some time... OK
