Cleanup: may take some time... OK
Starting test server at port 21079
[ready]: 82
Testing unit/printver
[ready]: 83
Testing unit/dump
[ready]: 84
Testing unit/auth
[ready]: 85
Testing unit/protocol
[ready]: 86
Testing unit/keyspace
[ready]: 87
Testing unit/scan
[ready]: 88
Testing unit/info
[ready]: 89
Testing unit/info-command
[ready]: 90
Testing unit/type/string
[ready]: 91
Testing unit/type/incr
[ready]: 92
Testing unit/type/list
[ready]: 93
Testing unit/type/list-2
[ready]: 94
Testing unit/type/list-3
[ready]: 95
Testing unit/type/set
[ready]: 96
Testing unit/type/zset
[ready]: 97
Testing unit/type/hash
[ok]: SET and GET an item (1 ms)
[ok]: SET and GET an empty item (0 ms)
[ok]: AUTH fails if there is no password configured server side (1 ms)
[ok]: Arity check for auth command (0 ms)
[ok]: DUMP / RESTORE are able to serialize / unserialize a simple key (2 ms)
[ok]: RESTORE can set an arbitrary expire to the materialized key (0 ms)
[ok]: RESTORE can set an expire that overflows a 32 bit integer (1 ms)
[ok]: RESTORE can set an absolute expire (1 ms)
[ok]: RESTORE with ABSTTL in the past (1 ms)
[ok]: RESTORE can set LRU (1 ms)
[ok]: RESTORE can set LFU (1 ms)
[ok]: RESTORE returns an error of the key already exists (1 ms)
[ok]: RESTORE can overwrite an existing key with REPLACE (2 ms)
[ok]: RESTORE can detect a syntax error for unrecongized options (0 ms)
[ok]: DUMP of non existing key returns nil (1 ms)
[ok]: Check encoding - listpack (0 ms)
[ok]: ZSET basic ZADD and score update - listpack (1 ms)
[ok]: ZSET element can't be set to NaN with ZADD - listpack (0 ms)
[ok]: ZSET element can't be set to NaN with ZINCRBY - listpack (0 ms)
[ok]: HSET/HLEN - Small hash creation (4 ms)
[ok]: Is the small hash encoded with a listpack? (0 ms)
[ok]: ZADD with options syntax error with incomplete pair - listpack (0 ms)
[ok]: ZADD XX option without key - listpack (0 ms)
[ok]: Handle an empty query (46 ms)
[ok]: ZADD XX existing key - listpack (1 ms)
[ok]: ZADD XX returns the number of elements actually added - listpack (0 ms)
[ok]: ZADD XX updates existing elements score - listpack (0 ms)
[ok]: ZADD GT updates existing elements when new scores are greater - listpack (1 ms)
[ok]: ZADD LT updates existing elements when new scores are lower - listpack (0 ms)
[ok]: ZADD GT XX updates existing elements when new scores are greater and skips new elements - listpack (1 ms)
[ok]: ZADD LT XX updates existing elements when new scores are lower and skips new elements - listpack (1 ms)
[ok]: ZADD XX and NX are not compatible - listpack (0 ms)
[ok]: ZADD NX with non existing key - listpack (0 ms)
[ok]: ZADD NX only add new elements without updating old ones - listpack (0 ms)
[ok]: HRANDFIELD - listpack (11 ms)
[ok]: ZADD GT and NX are not compatible - listpack (0 ms)
[ok]: ZADD LT and NX are not compatible - listpack (3 ms)
[ok]: ZADD LT and GT are not compatible - listpack (0 ms)
[ok]: ZADD INCR LT/GT replies with nill if score not updated - listpack (1 ms)
[ok]: ZADD INCR LT/GT with inf - listpack (1 ms)
[ok]: ZADD INCR works like ZINCRBY - listpack (0 ms)
[ok]: ZADD INCR works with a single score-elemenet pair - listpack (0 ms)
[ok]: ZADD CH option changes return value to all changed elements - listpack (0 ms)
[ok]: ZINCRBY calls leading to NaN result in error - listpack (0 ms)
[ok]: ZADD - Variadic version base case - $encoding (0 ms)
[ok]: ZADD - Return value is the number of actually added items - $encoding (0 ms)
[ok]: ZADD - Variadic version does not add nothing on single parsing err - $encoding (0 ms)
[ok]: ZADD - Variadic version will raise error on missing arg - $encoding (1 ms)
[ok]: ZINCRBY does not work variadic even if shares ZADD implementation - $encoding (0 ms)
[ok]: ZCARD basics - listpack (4 ms)
[ok]: ZREM removes key after last element is removed - listpack (0 ms)
[ok]: ZREM variadic version - listpack (1 ms)
[ok]: ZREM variadic version -- remove elements after key deletion - listpack (0 ms)
[ok]: ZRANGE basics - listpack (5 ms)
[ok]: ZREVRANGE basics - listpack (3 ms)
[ok]: ZRANK/ZREVRANK basics - listpack (1 ms)
[ok]: ZRANK - after deletion - listpack (0 ms)
[ok]: ZINCRBY - can create a new sorted set - listpack (1 ms)
[ok]: ZINCRBY - increment and decrement - listpack (0 ms)
[ok]: HRANDFIELD - hashtable (17 ms)
[ok]: ZINCRBY return value - listpack (0 ms)
[ok]: HRANDFIELD with RESP3 (0 ms)
[ok]: HRANDFIELD count of 0 is handled correctly (1 ms)
[ok]: HRANDFIELD count overflow (0 ms)
[ok]: HRANDFIELD with <count> against non existing key (1 ms)
[ok]: HRANDFIELD count of 0 is handled correctly - emptyarray (0 ms)
[ok]: HRANDFIELD with <count> against non existing key - emptyarray (0 ms)
[ok]: ZRANGEBYSCORE/ZREVRANGEBYSCORE/ZCOUNT basics - listpack (13 ms)
[ok]: ZRANGEBYSCORE with WITHSCORES - listpack (3 ms)
[ok]: ZRANGEBYSCORE with LIMIT - listpack (2 ms)
[ok]: Negative multibulk length (46 ms)
[ok]: ZRANGEBYSCORE with LIMIT and WITHSCORES - listpack (2 ms)
[ok]: Out of range multibulk length (1 ms)
[ok]: Wrong multibulk payload header (1 ms)
[ok]: ZRANGEBYSCORE with non-value min or max - listpack (1 ms)
[ok]: Negative multibulk payload length (1 ms)
[ok]: Out of range multibulk payload length (2 ms)
[ok]: Non-number multibulk payload length (1 ms)
[ok]: Multi bulk request not followed by bulk arguments (1 ms)
[ok]: Generic wrong number of args (2 ms)
[ok]: ZRANGEBYLEX/ZREVRANGEBYLEX/ZLEXCOUNT basics - listpack (11 ms)
[ok]: Unbalanced number of quotes (1 ms)
[ok]: ZLEXCOUNT advanced - listpack (5 ms)
[ok]: ZRANGEBYSLEX with LIMIT - listpack (6 ms)
[ok]: ZRANGEBYLEX with invalid lex range specifiers - listpack (1 ms)
[ok]: ZREMRANGEBYSCORE basics - listpack (25 ms)
[ok]: ZREMRANGEBYSCORE with non-value min or max - listpack (1 ms)
[ok]: ZREMRANGEBYRANK basics - listpack (16 ms)
[ok]: ZUNIONSTORE against non-existing key doesn't set destination - listpack (1 ms)
[ok]: ZUNION/ZINTER/ZINTERCARD/ZDIFF against non-existing key - listpack (1 ms)
[ok]: ZUNIONSTORE with empty set - listpack (1 ms)
[ok]: Very big payload in GET/SET (156 ms)
[ok]: ZUNION/ZINTER/ZINTERCARD/ZDIFF with empty set - listpack (4 ms)
[ok]: ZUNIONSTORE basics - listpack (3 ms)
[ok]: DEL against a single item (1 ms)
[ok]: Vararg DEL (1 ms)
[ok]: ZUNION/ZINTER/ZINTERCARD/ZDIFF with integer members - listpack (8 ms)
[ok]: Untagged multi-key commands (1 ms)
[ok]: ZUNIONSTORE with weights - listpack (0 ms)
Testing Redis version 7.0.15 (00000000)
[ok]: ZUNION with weights - listpack (1 ms)
[ok]: KEYS with pattern (3 ms)
[ok]: ZUNIONSTORE with a regular set and weights - listpack (1 ms)
[ok]: KEYS to get all keys (0 ms)
[ok]: ZUNIONSTORE with AGGREGATE MIN - listpack (1 ms)
[ok]: ZUNION/ZINTER with AGGREGATE MIN - listpack (1 ms)
[ok]: DBSIZE (0 ms)
[ok]: DEL all keys (2 ms)
[ok]: INCR against non existing key (1 ms)
[ok]: ZUNIONSTORE with AGGREGATE MAX - listpack (1 ms)
[ok]: INCR against key created by incr itself (1 ms)
[ok]: ZUNION/ZINTER with AGGREGATE MAX - listpack (3 ms)
[ok]: Explicit regression for a list bug (3 ms)
[ok]: INCR against key originally set with SET (0 ms)
[ok]: ZINTERSTORE basics - listpack (3 ms)
[ok]: ZINTER basics - listpack (0 ms)
[ok]: ZINTERCARD with illegal arguments (2 ms)
[ok]: INCR over 32bit value (7 ms)
[ok]: ZINTERCARD basics - listpack (2 ms)
[ok]: INCRBY over 32bit value with over 32bit increment (1 ms)
[ok]: INCR fails against key with spaces (left) (0 ms)
[ok]: ZINTER RESP3 - listpack (2 ms)
[ok]: reg node check compression with insert and pop (10 ms)
[ok]: info command with at most one sub command (10 ms)
[ok]: INCR fails against key with spaces (right) (0 ms)
[ok]: reg node check compression combined with trim (2 ms)
[ok]: info command with one sub-section (1 ms)
[ok]: ZINTERSTORE with weights - listpack (2 ms)
[ok]: SADD, SCARD, SISMEMBER, SMISMEMBER, SMEMBERS basics - regular set (5 ms)
[ok]: reg node check compression with lset (1 ms)
[ok]: INCR fails against key with spaces (both) (0 ms)
[ok]: info command with multiple sub-sections (1 ms)
[ok]: ZINTER with weights - listpack (0 ms)
[ok]: plain node check compression (5 ms)
[ok]: DECRBY negation overflow (0 ms)
[ok]: ZINTERSTORE with a regular set and weights - listpack (2 ms)
[ok]: INCR fails against a key holding a list (0 ms)
[ok]: plain node check compression with ltrim (3 ms)
[ok]: ZINTERSTORE with AGGREGATE MIN - listpack (4 ms)
[ok]: plain node check compression using lset (6 ms)
[ok]: DECRBY over 32bit value with over 32bit increment, negative res (1 ms)
[ok]: SADD, SCARD, SISMEMBER, SMISMEMBER, SMEMBERS basics - intset (3 ms)
[ok]: INCR uses shared objects in the 0-9999 range (1 ms)
[ok]: ZINTERSTORE with AGGREGATE MAX - listpack (1 ms)
[ok]: SMISMEMBER against non set (0 ms)
[ok]: SMISMEMBER non existing key (1 ms)
[ok]: ZUNIONSTORE with +inf/-inf scores - listpack (8 ms)
[ok]: INCR can modify objects in-place (5 ms)
[ok]: ZUNIONSTORE with NaN weights - listpack (1 ms)
[ok]: INCRBYFLOAT against non existing key (0 ms)
[ok]: INCRBYFLOAT against key originally set with SET (0 ms)
[ok]: INCRBYFLOAT over 32bit value (0 ms)
[ok]: INCRBYFLOAT over 32bit value with over 32bit increment (1 ms)
[ok]: SMISMEMBER requires one or more members (4 ms)
[ok]: INCRBYFLOAT fails against key with spaces (left) (0 ms)
[ok]: SADD against non set (1 ms)
[ok]: SADD a non-integer against an intset (1 ms)
[ok]: INCRBYFLOAT fails against key with spaces (right) (1 ms)
[ok]: ZINTERSTORE with +inf/-inf scores - listpack (7 ms)
[ok]: SADD an integer larger than 64 bits (1 ms)
[ok]: INCRBYFLOAT fails against key with spaces (both) (1 ms)
[ok]: ZINTERSTORE with NaN weights - listpack (0 ms)
[ok]: INCRBYFLOAT fails against a key holding a list (1 ms)
[ok]: ZDIFFSTORE basics - listpack (1 ms)
[ok]: INCRBYFLOAT does not allow NaN or Infinity (1 ms)
[ok]: ZDIFF basics - listpack (1 ms)
[ok]: ZDIFFSTORE with a regular set - listpack (4 ms)
[ok]: INCRBYFLOAT decrement (1 ms)
[ok]: ZDIFF subtracting set from itself - listpack (0 ms)
[ok]: string to double with null terminator (4 ms)
[ok]: No negative zero (1 ms)
[ok]: ZDIFF algorithm 1 - listpack (5 ms)
[ok]: ZDIFF algorithm 2 - listpack (2 ms)
[ok]: HRANDFIELD with <count> - hashtable (170 ms)
[ok]: SCAN basic (93 ms)
[ok]: Regression for quicklist #3343 bug (137 ms)
[ok]: SADD overflows the maximum allowed integers in an intset (171 ms)
[ok]: Variadic SADD (1 ms)
[ok]: HRANDFIELD with <count> - listpack (154 ms)
[ok]: Check compression with recompress (92 ms)
[ok]: SCAN COUNT (149 ms)
[ok]: latencystats: disable/enable (6 ms)
[ok]: latencystats: configure percentiles (5 ms)
[ok]: latencystats: bad configure percentiles (5 ms)
[ok]: latencystats: blocking commands (7 ms)
[ok]: latencystats: subcommands (4 ms)
[1/84 done]: unit/info-command (0 seconds)
Testing unit/type/stream
[2/84 done]: unit/printver (0 seconds)
Testing unit/type/stream-cgroups
[3/84 done]: unit/type/incr (0 seconds)
Testing unit/sort
[ok]: latencystats: measure latency (60 ms)
[ok]: errorstats: failed call authentication error (2 ms)
[ok]: errorstats: failed call within MULTI/EXEC (5 ms)
[ok]: errorstats: failed call within LUA (6 ms)
[ok]: errorstats: failed call NOSCRIPT error (1 ms)
[ok]: errorstats: failed call NOGROUP error (2 ms)
[ok]: errorstats: rejected call unknown command (9 ms)
[ok]: errorstats: rejected call within MULTI/EXEC (5 ms)
[ok]: errorstats: rejected call due to wrong arity (4 ms)
[ok]: errorstats: rejected call by OOM error (3 ms)
[ok]: SCAN MATCH (167 ms)
[ok]: errorstats: rejected call by authorization error (19 ms)
[ok]: errorstats: blocking commands (5 ms)
[ok]: HSET/HLEN - Big hash creation (220 ms)
[ok]: Is the big hash encoded with an hash table? (0 ms)
[ok]: HGET against the small hash (3 ms)
[ok]: Crash due to wrongly recompress after lrem (232 ms)
[ok]: LINSERT correctly recompress full quicklistNode after inserting a element before it (48 ms)
[ok]: AUTH fails when a wrong password is given (0 ms)
[ok]: Arbitrary command gives an error when AUTH is required (0 ms)
[ok]: AUTH succeeds when the right password is given (0 ms)
[ok]: Once AUTH succeeded we can actually send commands to the server (0 ms)
[ok]: For unauthenticated clients multibulk and bulk length are limited (2 ms)
[ok]: MIGRATE is caching connections (728 ms)
[ok]: LINSERT correctly recompress full quicklistNode after inserting a element after it (46 ms)
[ok]: SCAN TYPE (213 ms)
[ok]: SSCAN with encoding intset (1 ms)
[ok]: SSCAN with encoding hashtable (2 ms)
[ok]: HSCAN with encoding listpack (0 ms)
[ok]: HGET against the big hash (207 ms)
[ok]: HGET against non existing key (4 ms)
[ok]: HSET in update and insert mode (3 ms)
[ok]: HSETNX target key missing - small hash (2 ms)
[ok]: HSETNX target key exists - small hash (1 ms)
[ok]: HSETNX target key missing - big hash (2 ms)
[ok]: HSETNX target key exists - big hash (2 ms)
[ok]: HSET/HMSET wrong number of args (1 ms)
[ok]: HMSET - small hash (2 ms)
[ok]: HSCAN with encoding hashtable (85 ms)
[ok]: ZSCAN with encoding listpack (3 ms)
[ok]: HMSET - big hash (58 ms)
[ok]: XADD wrong number of args (1 ms)
[ok]: XADD can add entries into a stream that XRANGE can fetch (1 ms)
[ok]: HMGET against non existing key and fields (3 ms)
[ok]: XADD IDs are incremental (1 ms)
[ok]: XGROUP CREATE: creation and duplicate group name detection (3 ms)
[ok]: XADD IDs are incremental when ms is the same as well (1 ms)
[ok]: HMGET against wrong type (2 ms)
[ok]: XADD IDs correctly report an error when overflowing (1 ms)
[ok]: XGROUP CREATE: automatic stream creation fails without MKSTREAM (2 ms)
[ok]: XADD auto-generated sequence is incremented for last ID (1 ms)
[ok]: HMGET - small hash (1 ms)
[ok]: Test LPUSH and LPOP on plain nodes (7 ms)
[ok]: XGROUP CREATE: automatic stream creation works with MKSTREAM (0 ms)
[ok]: XADD auto-generated sequence is zero for future timestamp ID (1 ms)
[ok]: XREADGROUP will return only new elements (1 ms)
[ok]: XREADGROUP can read the history of the elements we own (1 ms)
[ok]: XADD auto-generated sequence can't be smaller than last ID (1 ms)
[ok]: XPENDING is able to return pending items (1 ms)
[ok]: XADD auto-generated sequence can't overflow (0 ms)
[ok]: Test LINDEX and LINSERT on plain nodes (5 ms)
[ok]: XPENDING can return single consumer items (0 ms)
[ok]: Test LTRIM on plain nodes (3 ms)
[ok]: XADD 0-* should succeed (1 ms)
[ok]: XPENDING only group (1 ms)
[ok]: Test LREM on plain nodes (6 ms)
[ok]: Old Ziplist: SORT BY key (2 ms)
[ok]: Old Ziplist: SORT BY key with limit (0 ms)
[ok]: Old Ziplist: SORT BY hash field (0 ms)
[ok]: Test LPOS on plain nodes (3 ms)
[ok]: Test LMOVE on plain nodes (4 ms)
[ok]: XPENDING with IDLE (21 ms)
[ok]: XPENDING with exclusive range intervals works as expected (1 ms)
[ok]: XACK is able to remove items from the consumer/group PEL (3 ms)
[ok]: XACK can't remove the same item multiple times (1 ms)
[ok]: XACK is able to accept multiple arguments (0 ms)
[ok]: XACK should fail if got at least one invalid ID (3 ms)
[ok]: PEL NACK reassignment after XGROUP SETID event (3 ms)
[ok]: Protocol desync regression test #1 (861 ms)
[ok]: XREADGROUP will not report data on empty history. Bug #5577 (7 ms)
[ok]: XREADGROUP history reporting of deleted entries. Bug #5570 (3 ms)
[ok]: HMGET - big hash (51 ms)
[ok]: HKEYS - small hash (2 ms)
[ok]: HKEYS - big hash (4 ms)
[ok]: HVALS - small hash (0 ms)
[ok]: HVALS - big hash (1 ms)
[ok]: HGETALL - small hash (3 ms)
[ok]: ZSCAN with encoding skiplist (106 ms)
[ok]: HGETALL - big hash (19 ms)
[ok]: HDEL and return value (2 ms)
[ok]: HDEL - more than a single value (7 ms)
[ok]: HDEL - hash becomes empty before deleting all specified fields (1 ms)
[ok]: HEXISTS (2 ms)
[ok]: Is a ziplist encoded Hash promoted on big payload? (1 ms)
[ok]: HINCRBY against non existing database key (1 ms)
[ok]: HINCRBY against non existing hash key (2 ms)
[ok]: HINCRBY against hash key created by hincrby itself (4 ms)
[ok]: HINCRBY against hash key originally set with HSET (1 ms)
[ok]: HINCRBY over 32bit value (3 ms)
[ok]: HINCRBY over 32bit value with over 32bit increment (3 ms)
[ok]: HINCRBY fails against hash value with spaces (left) (7 ms)
[ok]: HINCRBY fails against hash value with spaces (right) (5 ms)
[ok]: HINCRBY can detect overflows (2 ms)
[ok]: HINCRBYFLOAT against non existing database key (1 ms)
[ok]: HINCRBYFLOAT against non existing hash key (6 ms)
[ok]: Blocking XREADGROUP will not reply with an empty array (106 ms)
[ok]: Blocking XREADGROUP: key deleted (2 ms)
[ok]: HINCRBYFLOAT against hash key created by hincrby itself (4 ms)
[ok]: Blocking XREADGROUP: key type changed with SET (6 ms)
[ok]: HINCRBYFLOAT against hash key originally set with HSET (4 ms)
[ok]: Blocking XREADGROUP: key type changed with transaction (3 ms)
[ok]: HINCRBYFLOAT over 32bit value (4 ms)
[ok]: Blocking XREADGROUP: flushed DB (3 ms)
[ok]: HINCRBYFLOAT over 32bit value with over 32bit increment (4 ms)
[ok]: SCAN guarantees check under write load (92 ms)
[ok]: SSCAN with integer encoded object (issue #1345) (2 ms)
[ok]: SSCAN with PATTERN (1 ms)
[ok]: HSCAN with PATTERN (1 ms)
[ok]: HINCRBYFLOAT fails against hash value with spaces (left) (5 ms)
[ok]: Blocking XREADGROUP: swapped DB, key doesn't exist (9 ms)
[ok]: ZSCAN with PATTERN (1 ms)
[ok]: HINCRBYFLOAT fails against hash value with spaces (right) (3 ms)
[ok]: HINCRBYFLOAT fails against hash value that contains a null-terminator in the middle (1 ms)
[ok]: Blocking XREADGROUP: swapped DB, key is not a stream (6 ms)
[ok]: HSTRLEN against the small hash (3 ms)
[ok]: Blocking XREAD: key deleted (6 ms)
[ok]: Blocking XREAD: key type changed with SET (3 ms)
[ok]: Test LSET with packed / plain combinations (189 ms)
[ok]: Test LSET with packed is split in the middle (6 ms)
[ok]: Set encoding after DEBUG RELOAD (777 ms)
[ok]: SREM basics - regular set (6 ms)
[ok]: Blocking XREADGROUP for stream that ran dry (issue #5299) (69 ms)
[4/84 done]: unit/info (1 seconds)
Testing unit/expire
[ok]: Blocking XREADGROUP will ignore BLOCK if ID is not > (13 ms)
[ok]: SREM basics - intset (21 ms)
[ok]: SREM with multiple arguments (3 ms)
[ok]: SREM variadic version with more args needed to destroy the key (4 ms)
[ok]: SINTERCARD with illegal arguments (2 ms)
[ok]: SINTERCARD against non-set should throw error (3 ms)
[ok]: SINTERCARD against non-existing key (2 ms)
[ok]: XGROUP DESTROY should unblock XREADGROUP with -NOGROUP (19 ms)
[ok]: RENAME can unblock XREADGROUP with data (4 ms)
[ok]: RENAME can unblock XREADGROUP with -NOGROUP (6 ms)
[ok]: DEL against expired key (1104 ms)
[ok]: EXISTS (1 ms)
[ok]: Zero length value in key. SET/GET/EXISTS (2 ms)
[ok]: Commands pipelining (1 ms)
[ok]: Non existing command (0 ms)
[ok]: RENAME basic usage (1 ms)
[ok]: RENAME source key should no longer exist (0 ms)
[ok]: RENAME against already existing key (1 ms)
[ok]: RENAMENX basic usage (2 ms)
[ok]: RENAMENX against already existing key (3 ms)
[ok]: RENAMENX against already existing key (2) (1 ms)
[ok]: RENAME against non existing source key (1 ms)
[ok]: RENAME where source and dest key are the same (existing) (3 ms)
[ok]: RENAMENX where source and dest key are the same (existing) (4 ms)
[ok]: RENAME where source and dest key are the same (non existing) (0 ms)
[ok]: RENAME with volatile key, should move the TTL as well (2 ms)
[ok]: ZSCAN scores: regression test for issue #2175 (214 ms)
[ok]: RENAME with volatile key, should not inherit TTL of target key (4 ms)
[ok]: DEL all keys again (DB 0) (2 ms)
[ok]: DEL all keys again (DB 1) (5 ms)
[ok]: COPY basic usage for string (4 ms)
[ok]: Test LSET with packed consist only one item (191 ms)
[ok]: COPY for string does not replace an existing key without REPLACE option (5 ms)
[ok]: Crash due to delete entry from a compress quicklist node (2 ms)
[ok]: COPY for string can replace an existing key with REPLACE option (1 ms)
[ok]: Crash due to split quicklist node wrongly (3 ms)
[ok]: COPY for string ensures that copied data is independent of copying data (5 ms)
[ok]: COPY for string does not copy data to no-integer DB (2 ms)
[ok]: COPY can copy key expire metadata as well (5 ms)
[ok]: COPY does not create an expire if it does not exist (3 ms)
[ok]: COPY basic usage for list (3 ms)
[ok]: COPY basic usage for intset set (5 ms)
[ok]: COPY basic usage for hashtable set (7 ms)
[ok]: COPY basic usage for listpack sorted set (18 ms)
[ok]: AUTH fails when binary password is wrong (1 ms)
[ok]: AUTH succeeds when binary password is correct (1 ms)
[ok]: EXPIRE - set timeouts multiple times (4 ms)
[ok]: EXPIRE - It should be still possible to read 'x' (1 ms)
[ok]: COPY basic usage for skiplist sorted set (75 ms)
[ok]: COPY basic usage for listpack hash (4 ms)
[ok]: XADD with MAXLEN option (539 ms)
[ok]: COPY basic usage for hashtable hash (44 ms)
[ok]: Generated sets must be encoded as hashtable (2 ms)
[ok]: SINTER with two sets - hashtable (0 ms)
[ok]: SINTERCARD with two sets - hashtable (3 ms)
[ok]: SINTERSTORE with two sets - hashtable (3 ms)
[ok]: SINTERSTORE with two sets, after a DEBUG RELOAD - hashtable (5 ms)
[ok]: SUNION with two sets - hashtable (6 ms)
[ok]: SUNIONSTORE with two sets - hashtable (10 ms)
[ok]: SINTER against three sets - hashtable (2 ms)
[ok]: SINTERCARD against three sets - hashtable (2 ms)
[ok]: SINTERSTORE with three sets - hashtable (1 ms)
[ok]: SUNION with non existing keys - hashtable (9 ms)
[ok]: SDIFF with two sets - hashtable (3 ms)
[ok]: SDIFF with three sets - hashtable (0 ms)
[ok]: SDIFFSTORE with three sets - hashtable (0 ms)
[ok]: SINTER/SUNION/SDIFF with three same sets - hashtable (7 ms)
[ok]: XCLAIM can claim PEL items from another consumer (610 ms)
[ok]: Generated sets must be encoded as intset (2 ms)
[ok]: SINTER with two sets - intset (0 ms)
[ok]: SINTERCARD with two sets - intset (7 ms)
[ok]: SINTERSTORE with two sets - intset (2 ms)
[ok]: HSTRLEN against the big hash (808 ms)
[ok]: SINTERSTORE with two sets, after a DEBUG RELOAD - intset (2 ms)
[ok]: HSTRLEN against non existing field (4 ms)
[ok]: SUNION with two sets - intset (8 ms)
[ok]: SUNIONSTORE with two sets - intset (11 ms)
[ok]: SINTER against three sets - intset (2 ms)
[ok]: SINTERCARD against three sets - intset (2 ms)
[ok]: SINTERSTORE with three sets - intset (0 ms)
[ok]: SUNION with non existing keys - intset (5 ms)
[ok]: SDIFF with two sets - intset (3 ms)
[ok]: SDIFF with three sets - intset (0 ms)
[ok]: SDIFFSTORE with three sets - intset (2 ms)
[ok]: SINTER/SUNION/SDIFF with three same sets - intset (7 ms)
[ok]: SDIFF with first set empty (2 ms)
[ok]: SDIFF with same set two times (1 ms)
[ok]: HSTRLEN corner cases (46 ms)
[ok]: HINCRBYFLOAT over hash-max-listpack-value encoded with a listpack (10 ms)
[ok]: Hash ziplist regression test for large keys (1 ms)
[ok]: COPY basic usage for stream (533 ms)
[ok]: COPY basic usage for stream-cgroups (22 ms)
[ok]: MOVE basic usage (10 ms)
[ok]: MOVE against key existing in the target DB (2 ms)
[ok]: MOVE against non-integer DB (#1428) (1 ms)
[ok]: MOVE can move key expire metadata as well (10 ms)
[ok]: Old Linked list: SORT BY key (6 ms)
[ok]: MOVE does not create an expire if it does not exist (11 ms)
[ok]: SET/GET keys in different DBs (4 ms)
[ok]: Old Linked list: SORT BY key with limit (1 ms)
[ok]: Old Linked list: SORT BY hash field (4 ms)
[ok]: XADD with MAXLEN option and the '=' argument (651 ms)
[ok]: LPOS basic usage (7 ms)
[ok]: LPOS RANK (positive, negative and zero rank) option (5 ms)
[ok]: LPOS COUNT option (5 ms)
[ok]: LPOS COUNT + RANK option (1 ms)
[ok]: LPOS non existing key (1 ms)
[ok]: LPOS no match (1 ms)
[ok]: LPOS MAXLEN (4 ms)
[ok]: LPOS when RANK is greater than matches (5 ms)
[ok]: LPUSH, RPUSH, LLENGTH, LINDEX, LPOP - ziplist (10 ms)
[ok]: LPUSH, RPUSH, LLENGTH, LINDEX, LPOP - regular list (16 ms)
[ok]: LPOP/RPOP with wrong number of arguments (2 ms)
[ok]: RPOP/LPOP with the optional count argument (7 ms)
[ok]: Hash fuzzing #1 - 10 fields (213 ms)
[ok]: RANDOMKEY (95 ms)
[ok]: LPOP/RPOP with the count 0 returns an empty array in RESP3 (3 ms)
[ok]: RANDOMKEY against empty DB (1 ms)
[ok]: LPOP/RPOP against non existing key in RESP3 (2 ms)
[ok]: RANDOMKEY regression 1 (2 ms)
[ok]: LPOP/RPOP with <count> against non existing key in RESP3 (3 ms)
[ok]: LPOP/RPOP with the count 0 returns an empty array in RESP2 (2 ms)
[ok]: KEYS * two times with long key, Github issue #1208 (4 ms)
[ok]: Regression for pattern matching long nested loops (2 ms)
[ok]: LPOP/RPOP against non existing key in RESP2 (5 ms)
[ok]: LPOP/RPOP with <count> against non existing key in RESP2 (0 ms)
[ok]: Variadic RPUSH/LPUSH (1 ms)
[ok]: DEL a list (2 ms)
[ok]: BLPOP: single existing list - linkedlist (10 ms)
[ok]: BLPOP: multiple existing lists - linkedlist (5 ms)
[ok]: BLPOP: second list has an entry - linkedlist (9 ms)
[ok]: XCLAIM without JUSTID increments delivery count (404 ms)
[ok]: BLMPOP_LEFT: single existing list - linkedlist (8 ms)
[ok]: BLMPOP_LEFT: multiple existing lists - linkedlist (5 ms)
[ok]: BLMPOP_LEFT: second list has an entry - linkedlist (7 ms)
[ok]: BRPOPLPUSH - linkedlist (5 ms)
[ok]: BLMOVE left left - linkedlist (24 ms)
[ok]: BLMOVE left right - linkedlist (6 ms)
[ok]: BLMOVE right left - linkedlist (3 ms)
[ok]: BLMOVE right right - linkedlist (5 ms)
[ok]: BLPOP: single existing list - ziplist (6 ms)
[ok]: BLPOP: multiple existing lists - ziplist (7 ms)
[ok]: BLPOP: second list has an entry - ziplist (3 ms)
[ok]: BLMPOP_LEFT: single existing list - ziplist (8 ms)
[ok]: BLMPOP_LEFT: multiple existing lists - ziplist (6 ms)
[ok]: BLMPOP_LEFT: second list has an entry - ziplist (5 ms)
[ok]: BRPOPLPUSH - ziplist (4 ms)
[ok]: Hash fuzzing #2 - 10 fields (152 ms)
[ok]: BLMOVE left left - ziplist (5 ms)
[ok]: BLMOVE left right - ziplist (5 ms)
[ok]: BLMOVE right left - ziplist (4 ms)
[ok]: BLMOVE right right - ziplist (9 ms)
[ok]: Protocol desync regression test #2 (1407 ms)
[ok]: XCLAIM same consumer (203 ms)
[ok]: BLPOP, LPUSH + DEL should not awake blocked client (104 ms)
[5/84 done]: unit/keyspace (2 seconds)
Testing unit/other
[ok]: BLPOP, LPUSH + DEL + SET should not awake blocked client (110 ms)
[ok]: XADD with MAXLEN option and the '~' argument (485 ms)
[ok]: XADD with NOMKSTREAM option (2 ms)
[ok]: MASTERAUTH test with binary password (790 ms)
[ok]: BLMPOP_LEFT, LPUSH + DEL should not awake blocked client (103 ms)
[ok]: BLMPOP_LEFT, LPUSH + DEL + SET should not awake blocked client (104 ms)
[ok]: BLPOP with same key multiple times should work (issue #801) (5 ms)
[ok]: MULTI/EXEC is isolated from the point of view of BLPOP (105 ms)
[ok]: BLPOP with variadic LPUSH (2 ms)
[ok]: XADD with MINID option (357 ms)
[ok]: XTRIM with MINID option (3 ms)
[ok]: XTRIM with MINID option, big delta from master record (1 ms)
[ok]: SAVE - make sure there are all the types as values (5 ms)
[ok]: MULTI/EXEC is isolated from the point of view of BLMPOP_LEFT (106 ms)
[ok]: BLMPOP_LEFT with variadic LPUSH (4 ms)
[ok]: BRPOPLPUSH with zero timeout should block indefinitely (6 ms)
[ok]: BLMOVE left left with zero timeout should block indefinitely (5 ms)
[ok]: BLMOVE left right with zero timeout should block indefinitely (5 ms)
[ok]: BLMOVE right left with zero timeout should block indefinitely (7 ms)
[ok]: BLMOVE right right with zero timeout should block indefinitely (2 ms)
[ok]: BLMOVE (left, left) with a client BLPOPing the target list (9 ms)
[ok]: XAUTOCLAIM can claim PEL items from another consumer (610 ms)
[ok]: BLMOVE (left, right) with a client BLPOPing the target list (12 ms)
[ok]: BLMOVE (right, left) with a client BLPOPing the target list (5 ms)
[ok]: BLMOVE (right, right) with a client BLPOPing the target list (5 ms)
[ok]: BRPOPLPUSH with wrong source type (2 ms)
[ok]: BRPOPLPUSH with wrong destination type (8 ms)
[ok]: BRPOPLPUSH maintains order of elements after failure (9 ms)
[ok]: BRPOPLPUSH with multiple blocked clients (3 ms)
[ok]: BLMPOP with multiple blocked clients (22 ms)
[ok]: Linked LMOVEs (7 ms)
[ok]: Circular BRPOPLPUSH (4 ms)
[ok]: Self-referential BRPOPLPUSH (6 ms)
[ok]: BRPOPLPUSH inside a transaction (3 ms)
[ok]: PUSH resulting from BRPOPLPUSH affect WATCH (5 ms)
[ok]: BRPOPLPUSH does not affect WATCH while still blocked (9 ms)
[ok]: XAUTOCLAIM as an iterator (207 ms)
[ok]: XAUTOCLAIM COUNT must be > 0 (1 ms)
[ok]: XCLAIM with XDEL (4 ms)
[ok]: XCLAIM with trimming (4 ms)
[ok]: XAUTOCLAIM with XDEL (5 ms)
[ok]: XAUTOCLAIM with XDEL and count (5 ms)
[ok]: XAUTOCLAIM with out of range count (0 ms)
[ok]: XCLAIM with trimming (9 ms)
[6/84 done]: unit/auth (3 seconds)
Testing unit/multi
[ok]: XINFO FULL output (11 ms)
[ok]: XGROUP CREATECONSUMER: create consumer if does not exist (7 ms)
[ok]: XGROUP CREATECONSUMER: group must exist (1 ms)
[ok]: EXPIRE - After 2.1 seconds the key should no longer be here (2101 ms)
[ok]: EXPIRE - write on expire should work (0 ms)
[ok]: EXPIREAT - Check for EXPIRE alike behavior (0 ms)
[ok]: SETEX - Set + Expire combo operation. Check for TTL (0 ms)
[ok]: SETEX - Check value (1 ms)
[ok]: SETEX - Overwrite old key (2 ms)
[ok]: MULTI / EXEC basics (6 ms)
[ok]: DISCARD (2 ms)
[ok]: XREADGROUP with NOACK creates consumer (10 ms)
[ok]: Nested MULTI are not allowed (2 ms)
[ok]: MULTI where commands alter argc/argv (4 ms)
[ok]: WATCH inside MULTI is not allowed (1 ms)
[ok]: EXEC fails if there are errors while queueing commands #1 (8 ms)
[ok]: EXEC fails if there are errors while queueing commands #2 (6 ms)
[ok]: If EXEC aborts, the client MULTI state is cleared (1 ms)
[ok]: EXEC works on WATCHed key not modified (1 ms)
[ok]: EXEC fail on WATCHed key modified (1 key of 1 watched) (4 ms)
[ok]: EXEC fail on WATCHed key modified (1 key of 5 watched) (1 ms)
[ok]: EXEC fail on WATCHed key modified by SORT with STORE even if the result is empty (4 ms)
[ok]: Consumer without PEL is present in AOF after AOFRW (65 ms)
[ok]: EXEC fail on lazy expired WATCHed key (104 ms)
[ok]: WATCH stale keys should not fail EXEC (4 ms)
[ok]: Delete WATCHed stale keys should not fail EXEC (10 ms)
[ok]: FLUSHDB while watching stale keys should not fail EXEC (3 ms)
[ok]: After successful EXEC key is no longer watched (5 ms)
[ok]: After failed EXEC key is no longer watched (1 ms)
[ok]: It is possible to UNWATCH (2 ms)
[ok]: UNWATCH when there is nothing watched works as expected (0 ms)
[ok]: FLUSHALL is able to touch the watched keys (2 ms)
[ok]: FLUSHALL does not touch non affected keys (5 ms)
[ok]: FLUSHDB is able to touch the watched keys (1 ms)
[ok]: FLUSHDB does not touch non affected keys (2 ms)
[ok]: SWAPDB is able to touch the watched keys that exist (2 ms)
[ok]: SWAPDB is able to touch the watched keys that do not exist (5 ms)
[ok]: SWAPDB does not touch watched stale keys (14 ms)
[ok]: SWAPDB does not touch non-existing key replaced with stale key (11 ms)
[ok]: SWAPDB does not touch stale key replaced with another stale key (6 ms)
[ok]: WATCH is able to remember the DB a key belongs to (3 ms)
[ok]: WATCH will consider touched keys target of EXPIRE (2 ms)
[ok]: BRPOPLPUSH timeout (1027 ms)
[ok]: SWAPDB awakes blocked client (6 ms)
[ok]: Consumer group read counter and lag in empty streams (3 ms)
[ok]: Consumer group read counter and lag sanity (8 ms)
[ok]: Consumer group lag with XDELs (12 ms)
[ok]: Loading from legacy (Redis <= v6.2.x, rdb_ver < 10) persistence (2 ms)
[ok]: FUZZ stresser with data model binary (1375 ms)
[ok]: SWAPDB wants to wake blocked client, but the key already expired (177 ms)
[ok]: Protocol desync regression test #3 (2259 ms)
[ok]: raw protocol response (1 ms)
[ok]: raw protocol response - deferred (1 ms)
[ok]: raw protocol response - multiline (0 ms)
[ok]: RESP3 attributes (4 ms)
[ok]: SETEX - Wait for the key to expire (1102 ms)
[ok]: RESP3 attributes readraw (2 ms)
[ok]: SETEX - Wrong time parameter (1 ms)
[ok]: RESP3 attributes on RESP2 (1 ms)
[ok]: PERSIST can undo an EXPIRE (3 ms)
[ok]: test big number parsing (1 ms)
[ok]: PERSIST returns 0 against non existing or non volatile keys (2 ms)
[ok]: test bool parsing (2 ms)
[ok]: test verbatim str parsing (1 ms)
[ok]: MULTI + LPUSH + EXPIRE + DEBUG SLEEP on blocked client, key already expired (303 ms)
[ok]: BLPOP when new key is moved into place (3 ms)
[ok]: BLPOP when result key is created by SORT..STORE (5 ms)
[ok]: test large number of args (27 ms)
[ok]: BLMPOP_LEFT when new key is moved into place (4 ms)
[ok]: test argument rewriting - issue 9598 (3 ms)
[ok]: BLMPOP_LEFT when result key is created by SORT..STORE (6 ms)
[ok]: BLPOP: with single empty list argument (4 ms)
[ok]: BLPOP: with negative timeout (3 ms)
[ok]: BLPOP: with non-integer timeout (2 ms)
[ok]: WATCH will consider touched expired keys (1119 ms)
[ok]: DISCARD should clear the WATCH dirty flag on the client (3 ms)
[ok]: DISCARD should UNWATCH all the keys (3 ms)
[ok]: MULTI / EXEC is not propagated (single write command) (113 ms)
[ok]: MULTI / EXEC is propagated correctly (multiple commands) (101 ms)
[ok]: MULTI / EXEC is propagated correctly (multiple commands with SELECT) (104 ms)
[ok]: MULTI / EXEC is propagated correctly (empty transaction) (97 ms)
[ok]: Consumer group last ID propagation to slave (NOACK=0) (824 ms)
[ok]: Regression for a crash with blocking ops and pipelining (3 ms)
[ok]: MULTI / EXEC is propagated correctly (read-only commands) (102 ms)
[ok]: MULTI / EXEC is propagated correctly (write command, no effect) (101 ms)
[ok]: FUZZ stresser with data model alpha (1340 ms)
[ok]: BLPOP: with zero timeout should block indefinitely (1006 ms)
[ok]: BLPOP: with 0.001 timeout should not block indefinitely (26 ms)
[ok]: BLPOP: second argument is not a list (4 ms)
[ok]: MULTI / EXEC with REPLICAOF (103 ms)
[ok]: DISCARD should not fail during OOM (4 ms)
[7/84 done]: unit/protocol (6 seconds)
Testing unit/quit
[ok]: Very big payload random access (5963 ms)
[ok]: MULTI and script timeout (408 ms)
[ok]: QUIT returns OK (0 ms)
[ok]: Pipelined commands after QUIT must not be executed (7 ms)
[ok]: Pipelined commands after QUIT that exceed read buffer size (2 ms)
[ok]: Consumer group last ID propagation to slave (NOACK=1) (922 ms)
[ok]: EXEC and script timeout (416 ms)
[8/84 done]: unit/quit (1 seconds)
Testing unit/aofrw
[ok]: EXPIRE precision is now the millisecond (2005 ms)
[ok]: PSETEX can set sub-second expires (103 ms)
[ok]: BLPOP: timeout (1047 ms)
[ok]: BLPOP: arguments are empty (11 ms)
[ok]: BRPOP: with single empty list argument (3 ms)
[ok]: BRPOP: with negative timeout (2 ms)
[ok]: BRPOP: with non-integer timeout (4 ms)
[ok]: PEXPIRE can set sub-second expires (104 ms)
[ok]: MULTI-EXEC body and script timeout (407 ms)
[ok]: PEXPIREAT can set sub-second expires (204 ms)
[ok]: TTL returns time to live in seconds (2 ms)
[ok]: PTTL returns time to live in milliseconds (2 ms)
[ok]: TTL / PTTL / EXPIRETIME / PEXPIRETIME return -1 if key has no expire (3 ms)
[ok]: TTL / PTTL / EXPIRETIME / PEXPIRETIME return -2 if key does not exit (3 ms)
[ok]: EXPIRETIME returns absolute expiration time in seconds (1 ms)
[ok]: PEXPIRETIME returns absolute expiration time in milliseconds (3 ms)
[ok]: FUZZ stresser with data model compr (1561 ms)
[ok]: just EXEC and script timeout (413 ms)
[ok]: exec with write commands and state change (6 ms)
[ok]: exec with read commands and stale replica state change (18 ms)
[ok]: EXEC with only read commands should not be rejected when OOM (3 ms)
[ok]: EXEC with at least one use-memory command should fail (7 ms)
[ok]: Blocking commands ignores the timeout (9 ms)
[ok]: MULTI propagation of PUBLISH (56 ms)
[ok]: MULTI propagation of SCRIPT LOAD (103 ms)
[ok]: FLUSHALL should not reset the dirty counter if we disable save (5 ms)
[ok]: FLUSHALL should reset the dirty counter to 0 if we enable save (5 ms)
[ok]: Redis should actively expire keys incrementally (614 ms)
[ok]: MULTI propagation of EVAL (101 ms)
[ok]: BRPOP: with zero timeout should block indefinitely (1003 ms)
[ok]: BRPOP: with 0.001 timeout should not block indefinitely (30 ms)
[ok]: MULTI propagation of SCRIPT FLUSH (106 ms)
[ok]: BRPOP: second argument is not a list (2 ms)
[ok]: MULTI propagation of XREADGROUP (113 ms)
[ok]: MULTI with SAVE (3 ms)
[ok]: MULTI with SHUTDOWN (5 ms)
[ok]: Replication tests of XCLAIM with deleted entries (autclaim=0) (831 ms)
[ok]: Replication tests of XCLAIM with deleted entries (autclaim=1) (10 ms)
[ok]: BGSAVE (118 ms)
[ok]: SELECT an out of range DB (0 ms)
[ok]: MULTI with BGREWRITEAOF (208 ms)
[ok]: MULTI with config set appendonly (185 ms)
[ok]: MULTI with config error (3 ms)
[ok]: Flushall while watching several keys by one client (5 ms)
[ok]: Redis should lazy expire keys (1009 ms)
[ok]: BRPOP: timeout (1055 ms)
[ok]: BRPOP: arguments are empty (5 ms)
[ok]: BLMPOP_LEFT: with single empty list argument (2 ms)
[ok]: BLMPOP_LEFT: with negative timeout (1 ms)
[ok]: BLMPOP_LEFT: with non-integer timeout (6 ms)
[ok]: Empty stream with no lastid can be rewrite into AOF correctly (65 ms)
[ok]: MULTI with FLUSHALL and AOF (10 ms)
[9/84 done]: unit/multi (7 seconds)
Testing unit/acl
[10/84 done]: unit/type/stream-cgroups (10 seconds)
Testing unit/acl-v2
[ok]: EXPIRE should not resurrect keys (issue #1026) (1005 ms)
[ok]: 5 keys in, 5 keys out (1 ms)
[ok]: EXPIRE with empty string as TTL should report an error (1 ms)
[ok]: SET with EX with big integer should report an error (2 ms)
[ok]: SET with EX with smallest integer should report an error (0 ms)
[ok]: GETEX with big integer should report an error (3 ms)
[ok]: GETEX with smallest integer should report an error (2 ms)
[ok]: EXPIRE with big integer overflows when converted to milliseconds (6 ms)
[ok]: PEXPIRE with big integer overflow when basetime is added (1 ms)
[ok]: EXPIRE with big negative integer (2 ms)
[ok]: PEXPIREAT with big integer works (1 ms)
[ok]: PEXPIREAT with big negative integer works (0 ms)
[ok]: BLMPOP_LEFT: with zero timeout should block indefinitely (1009 ms)
[ok]: BLMPOP_LEFT: with 0.001 timeout should not block indefinitely (26 ms)
[ok]: BLMPOP_LEFT: second argument is not a list (3 ms)
[ok]: Stress tester for #3343-alike bugs comp: 2 (9212 ms)
[ok]: Connections start with the default user (1 ms)
[ok]: It is possible to create new users (0 ms)
[ok]: Usernames can not contain spaces or null characters (1 ms)
[ok]: New users start disabled (2 ms)
[ok]: Enabling the user allows the login (0 ms)
[ok]: Only the set of correct passwords work (7 ms)
[ok]: It is possible to remove passwords from the set of valid ones (3 ms)
[ok]: Test password hashes can be added (1 ms)
[ok]: Test password hashes validate input (2 ms)
[ok]: ACL GETUSER returns the password hash instead of the actual password (0 ms)
[ok]: Test basic multiple selectors (3 ms)
[ok]: Test hashed passwords removal (2 ms)
[ok]: Test ACL selectors by default have no permissions (3 ms)
[ok]: By default users are not able to access any command (1 ms)
[ok]: By default users are not able to access any key (2 ms)
[ok]: Test deleting selectors (9 ms)
[ok]: It's possible to allow the access of a subset of keys (2 ms)
[ok]: By default, only default user is able to publish to any channel (5 ms)
[ok]: Test selector syntax error reports the error in the selector context (2 ms)
[ok]: By default, only default user is not able to publish to any shard channel (2 ms)
[ok]: Test flexible selector definition (6 ms)
[ok]: By default, only default user is able to subscribe to any channel (6 ms)
[ok]: By default, only default user is able to subscribe to any shard channel (7 ms)
[ok]: Test separate read permission (7 ms)
[ok]: Test separate write permission (4 ms)
[ok]: By default, only default user is able to subscribe to any pattern (4 ms)
[ok]: Test separate read and write permissions (8 ms)
[ok]: It's possible to allow publishing to a subset of channels (8 ms)
[ok]: It's possible to allow publishing to a subset of shard channels (8 ms)
[ok]: Test separate read and write permissions on different selectors are not additive (9 ms)
[ok]: Test SET with separate read permission (9 ms)
[ok]: Validate subset of channels is prefixed with resetchannels flag (14 ms)
[ok]: In transaction queue publish/subscribe/psubscribe to unauthorized channel will fail (3 ms)
[ok]: It's possible to allow subscribing to a subset of channels (5 ms)
[ok]: Test SET with separate write permission (9 ms)
[ok]: Test SET with read and write permissions (7 ms)
[ok]: It's possible to allow subscribing to a subset of shard channels (6 ms)
[ok]: It's possible to allow subscribing to a subset of channel patterns (10 ms)
[ok]: Test BITFIELD with separate read permission (10 ms)
[ok]: Test BITFIELD with separate write permission (3 ms)
[ok]: Test BITFIELD with read and write permissions (1 ms)
[ok]: Subscribers are killed when revoked of channel permission (6 ms)
[ok]: Subscribers are killed when revoked of channel permission (3 ms)
[ok]: Test ACL log correctly identifies the relevant item when selectors are used (5 ms)
[ok]: Subscribers are killed when revoked of pattern permission (4 ms)
[ok]: Test ACL GETUSER response information (4 ms)
[ok]: Test ACL list idempotency (8 ms)
[ok]: Subscribers are killed when revoked of allchannels permission (7 ms)
[ok]: Test R+W is the same as all permissions (0 ms)
[ok]: Test basic dry run functionality (3 ms)
[ok]: Test various commands for command permissions (1 ms)
[ok]: Subscribers are pardoned if literal permissions are retained and/or gaining allchannels (19 ms)
[ok]: Users can be configured to authenticate with any password (1 ms)
[ok]: ACLs can exclude single commands (1 ms)
[ok]: ACLs can include or exclude whole classes of commands (6 ms)
[ok]: Test various odd commands for key permissions (22 ms)
[ok]: Existence test commands are not marked as access (3 ms)
[ok]: ACLs can include single subcommands (10 ms)
[ok]: ACLs can exclude single subcommands, case 1 (3 ms)
[ok]: Intersection cardinaltiy commands are access commands (12 ms)
[ok]: ACLs can exclude single subcommands, case 2 (3 ms)
[ok]: Test general keyspace commands require some type of permission to execute (6 ms)
[ok]: ACLs cannot include a subcommand with a specific arg (5 ms)
[ok]: ACLs cannot exclude or include a container commands with a specific arg (4 ms)
[ok]: ACLs cannot exclude or include a container command with two args (2 ms)
[ok]: ACLs including of a type includes also subcommands (5 ms)
[ok]: ACLs can block SELECT of all but a specific DB (3 ms)
[ok]: Cardinality commands require some type of permission to execute (21 ms)
[ok]: Test sharded channel permissions (2 ms)
[ok]: ACLs can block all DEBUG subcommands except one (5 ms)
[ok]: ACLs set can include subcommands, if already full command exists (9 ms)
[ok]: Test sort with ACL permissions (11 ms)
[ok]: Test DRYRUN with wrong number of arguments (9 ms)
[ok]: ACLs set can exclude subcommands, if already full command exists (23 ms)
[ok]: ACL GETUSER is able to translate back command permissions (6 ms)
[ok]: ACL GETUSER provides reasonable results (116 ms)
[ok]: ACL CAT with illegal arguments (2 ms)
[ok]: ACL CAT without category - list all categories (3 ms)
[ok]: ACL CAT category - list all commands/subcommands that belong to category (11 ms)
[ok]: ACL requires explicit permission for scripting for EVAL_RO, EVALSHA_RO and FCALL_RO (3 ms)
[ok]: ACL #5998 regression: memory leaks adding / removing subcommands (1 ms)
[ok]: ACL LOG shows failed command executions at toplevel (5 ms)
[ok]: ACL LOG shows failed subcommand executions at toplevel (6 ms)
[ok]: ACL LOG is able to test similar events (2 ms)
[ok]: ACL LOG is able to log keys access violations and key name (6 ms)
[ok]: ACL LOG is able to log channel access violations and channel name (14 ms)
[ok]: ACL LOG RESET is able to flush the entries in the log (1 ms)
[ok]: ACL LOG can distinguish the transaction context (1) (4 ms)
[ok]: ACL LOG can distinguish the transaction context (2) (7 ms)
[ok]: ACL can log errors in the context of Lua scripting (10 ms)
[ok]: ACL LOG can accept a numerical argument to show less entries (4 ms)
[ok]: ACL LOG can log failed auth attempts (3 ms)
[ok]: ACL LOG entries are limited to a maximum amount (10 ms)
[ok]: When default user is off, new connections are not authenticated (12 ms)
[ok]: When default user has no command permission, hello command still works for other users (3 ms)
[ok]: ACL HELP should not have unexpected options (0 ms)
[ok]: Delete a user that the client doesn't use (1 ms)
[ok]: Delete a user that the client is using (3 ms)
[ok]: ACL GENPASS command failed test (3 ms)
[ok]: Default user can not be removed (3 ms)
[ok]: ACL load non-existing configured ACL file (1 ms)
[ok]: Test behavior of loading ACLs (4 ms)
[ok]: BLMPOP_LEFT: timeout (1054 ms)
[ok]: BLMPOP_LEFT: arguments are empty (19 ms)
[ok]: BLMPOP_RIGHT: with single empty list argument (1 ms)
[ok]: BLMPOP_RIGHT: with negative timeout (1 ms)
[ok]: BLMPOP_RIGHT: with non-integer timeout (1 ms)
[ok]: default: load from include file, can access any channels (4 ms)
[ok]: default: with config acl-pubsub-default allchannels after reset, can access any channels (3 ms)
[ok]: default: with config acl-pubsub-default resetchannels after reset, can not access any channels (3 ms)
[ok]: Alice: can execute all command (2 ms)
[ok]: Bob: just execute @set and acl command (2 ms)
[ok]: ACL load and save (10 ms)
[ok]: ACL load and save with restricted channels (8 ms)
[11/84 done]: unit/acl-v2 (1 seconds)
Testing unit/latency-monitor
[ok]: Hash fuzzing #1 - 512 fields (8990 ms)
[ok]: LATENCY HISTOGRAM with empty histogram (1 ms)
[ok]: LATENCY HISTOGRAM all commands (3 ms)
[ok]: LATENCY HISTOGRAM sub commands (3 ms)
[ok]: LATENCY HISTOGRAM with a subset of commands (5 ms)
[ok]: LATENCY HISTOGRAM command (5 ms)
[ok]: LATENCY HISTOGRAM with wrong command name skips the invalid one (4 ms)
[ok]: BLMPOP_RIGHT: with zero timeout should block indefinitely (1005 ms)
[ok]: All time-to-live(TTL) in commands are propagated as absolute timestamp in milliseconds in AOF (2033 ms)
[ok]: BLMPOP_RIGHT: with 0.001 timeout should not block indefinitely (28 ms)
[ok]: BLMPOP_RIGHT: second argument is not a list (2 ms)
[ok]: Default user has access to all channels irrespective of flag (1 ms)
[ok]: Update acl-pubsub-default, existing users shouldn't get affected (5 ms)
[ok]: Single channel is valid (2 ms)
[ok]: Single channel is not valid with allchannels (2 ms)
[ok]: All TTL in commands are propagated as absolute timestamp in replication stream (92 ms)
[ok]: AOF rewrite during write load: RDB preamble=yes (5476 ms)
[ok]: Only default user has access to all channels irrespective of flag (2 ms)
[ok]: First server should have role slave after REPLICAOF (8 ms)
[ok]: BLMPOP_RIGHT: timeout (1057 ms)
[ok]: BLMPOP_RIGHT: arguments are empty (7 ms)
[ok]: BLPOP inside a transaction (8 ms)
[ok]: BLMPOP_LEFT inside a transaction (4 ms)
[ok]: XADD mass insertion and XLEN (10439 ms)
[ok]: XADD with ID 0-0 (1 ms)
[ok]: XADD with LIMIT delete entries no more than limit (10 ms)
[ok]: XRANGE COUNT works as expected (4 ms)
[ok]: BLMPOP propagate as pop with count command to replica (294 ms)
[ok]: LPUSHX, RPUSHX - generic (2 ms)
[ok]: XREVRANGE COUNT works as expected (8 ms)
[ok]: LPUSHX, RPUSHX - linkedlist (3 ms)
[ok]: LINSERT - linkedlist (19 ms)
[ok]: LPUSHX, RPUSHX - ziplist (5 ms)
[ok]: LINSERT - ziplist (12 ms)
[ok]: LINSERT raise error on bad syntax (9 ms)
[ok]: For all replicated TTL-related commands, absolute expire times are identical on primary and replica (719 ms)
[ok]: default: load from config file, without channel permission default user can't access any channels (0 ms)
[ok]: expired key which is created in writeable replicas should be deleted by active expiry (297 ms)
[ok]: XRANGE can be used to iterate the whole stream (742 ms)
[ok]: LINDEX consistency test - quicklist (724 ms)
[ok]: SET command will remove expire (0 ms)
[ok]: SET - use KEEPTTL option, TTL should not be removed (1 ms)
[ok]: default: load from config file with all channels permissions (2 ms)
[ok]: LINDEX random access - quicklist (396 ms)
[ok]: Test latency events logging (3407 ms)
[ok]: LATENCY HISTORY output is ok (2 ms)
[ok]: LATENCY LATEST output is ok (1 ms)
[ok]: Test loading an ACL file with duplicate users (74 ms)
[ok]: Test loading an ACL file with duplicate default user (66 ms)
[ok]: Check consistency of different data types after a reload (7227 ms)
[ok]: Test loading duplicate users in config on startup (69 ms)
[ok]: Check if list is still ok after a DEBUG RELOAD - quicklist (900 ms)
[ok]: MIGRATE cached connections are released after some time (15003 ms)
[ok]: MIGRATE is able to migrate a key between two instances (537 ms)
[ok]: SET - use KEEPTTL option, TTL should not be removed after loadaof (2003 ms)
[ok]: GETEX use of PERSIST option should remove TTL (5 ms)
[ok]: ACL from config file and config rewrite (529 ms)
[12/84 done]: unit/acl (7 seconds)
Testing integration/block-repl
[ok]: Same dataset digest if saving/reloading as AOF? (1623 ms)
[ok]: MIGRATE is able to copy a key between two instances (740 ms)
[ok]: EXPIRES after a reload (snapshot + append only file rewrite) (74 ms)
[ok]: LINDEX consistency test - quicklist (1596 ms)
[ok]: XREVRANGE returns the reverse of XRANGE (3193 ms)
[ok]: XRANGE exclusive ranges (24 ms)
[ok]: XREAD with non empty stream (0 ms)
[ok]: Non blocking XREAD with empty streams (1 ms)
[ok]: MIGRATE will not overwrite existing keys, unless REPLACE is used (557 ms)
[ok]: LINDEX random access - quicklist (619 ms)
[ok]: GETEX use of PERSIST option should remove TTL after loadaof (2003 ms)
[ok]: GETEX propagate as to replica as PERSIST, DEL, or nothing (27 ms)
[ok]: EXPIRE with NX option on a key with ttl (1 ms)
[ok]: EXPIRE with NX option on a key without ttl (1 ms)
[ok]: EXPIRE with XX option on a key with ttl (1 ms)
[ok]: MIGRATE propagates TTL correctly (784 ms)
[ok]: EXPIRE with XX option on a key without ttl (2 ms)
[ok]: EXPIRE with GT option on a key with lower ttl (1 ms)
[ok]: EXPIRE with GT option on a key with higher ttl (1 ms)
[ok]: EXPIRE with GT option on a key without ttl (2 ms)
[ok]: EXPIRE with LT option on a key with higher ttl (3 ms)
[ok]: EXPIRE with LT option on a key with lower ttl (0 ms)
[ok]: EXPIRE with LT option on a key without ttl (1 ms)
[ok]: EXPIRE with LT and XX option on a key with ttl (6 ms)
[ok]: EXPIRE with LT and XX option on a key without ttl (5 ms)
[ok]: EXPIRE with conflicting options: LT GT (1 ms)
[ok]: EXPIRE with conflicting options: NX GT (1 ms)
[ok]: EXPIRE with conflicting options: NX LT (0 ms)
[ok]: EXPIRE with conflicting options: NX XX (2 ms)
[ok]: EXPIRE with unsupported options (1 ms)
[ok]: EXPIRE with unsupported options (0 ms)
[ok]: EXPIRE with negative expiry (2 ms)
[ok]: EXPIRE with negative expiry on a non-valitale key (1 ms)
[ok]: EXPIRE with non-existed key (4 ms)
[ok]: SCAN: Lazy-expire should not be wrapped in MULTI/EXEC (67 ms)
[ok]: RANDOMKEY: Lazy-expire should not be wrapped in MULTI/EXEC (101 ms)
[ok]: Check if list is still ok after a DEBUG RELOAD - quicklist (887 ms)
[ok]: LLEN against non-list value error (1 ms)
[ok]: LLEN against non existing key (0 ms)
[ok]: LINDEX against non-list value error (0 ms)
[ok]: LINDEX against non existing key (1 ms)
[ok]: LPUSH against non-list value error (0 ms)
[ok]: RPUSH against non-list value error (0 ms)
[ok]: RPOPLPUSH base case - linkedlist (5 ms)
[ok]: LMOVE left left base case - linkedlist (6 ms)
[ok]: LMOVE left right base case - linkedlist (7 ms)
[ok]: LMOVE right left base case - linkedlist (7 ms)
[ok]: LMOVE right right base case - linkedlist (5 ms)
[ok]: RPOPLPUSH with the same list as src and dst - linkedlist (4 ms)
[ok]: LMOVE left left with the same list as src and dst - linkedlist (4 ms)
[ok]: LMOVE left right with the same list as src and dst - linkedlist (4 ms)
[ok]: LMOVE right left with the same list as src and dst - linkedlist (3 ms)
[ok]: LMOVE right right with the same list as src and dst - linkedlist (5 ms)
[ok]: RPOPLPUSH with linkedlist source and existing target linkedlist (6 ms)
[ok]: LMOVE left left with linkedlist source and existing target linkedlist (4 ms)
[ok]: LMOVE left right with linkedlist source and existing target linkedlist (7 ms)
[ok]: LMOVE right left with linkedlist source and existing target linkedlist (5 ms)
[ok]: LMOVE right right with linkedlist source and existing target linkedlist (5 ms)
[ok]: RPOPLPUSH with linkedlist source and existing target ziplist (9 ms)
[ok]: LMOVE left left with linkedlist source and existing target ziplist (9 ms)
[ok]: LMOVE left right with linkedlist source and existing target ziplist (5 ms)
[ok]: LMOVE right left with linkedlist source and existing target ziplist (8 ms)
[ok]: LMOVE right right with linkedlist source and existing target ziplist (7 ms)
[ok]: RPOPLPUSH base case - ziplist (4 ms)
[ok]: LMOVE left left base case - ziplist (5 ms)
[ok]: LMOVE left right base case - ziplist (6 ms)
[ok]: LMOVE right left base case - ziplist (6 ms)
[ok]: LMOVE right right base case - ziplist (6 ms)
[ok]: RPOPLPUSH with the same list as src and dst - ziplist (6 ms)
[ok]: LMOVE left left with the same list as src and dst - ziplist (2 ms)
[ok]: LMOVE left right with the same list as src and dst - ziplist (5 ms)
[ok]: LMOVE right left with the same list as src and dst - ziplist (2 ms)
[ok]: LMOVE right right with the same list as src and dst - ziplist (2 ms)
[ok]: RPOPLPUSH with ziplist source and existing target linkedlist (7 ms)
[ok]: LMOVE left left with ziplist source and existing target linkedlist (7 ms)
[ok]: LMOVE left right with ziplist source and existing target linkedlist (6 ms)
[ok]: LMOVE right left with ziplist source and existing target linkedlist (9 ms)
[ok]: LMOVE right right with ziplist source and existing target linkedlist (5 ms)
[ok]: RPOPLPUSH with ziplist source and existing target ziplist (4 ms)
[ok]: LMOVE left left with ziplist source and existing target ziplist (8 ms)
[ok]: First server should have role slave after SLAVEOF (1005 ms)
[ok]: LMOVE left right with ziplist source and existing target ziplist (6 ms)
[ok]: LMOVE right left with ziplist source and existing target ziplist (7 ms)
[ok]: LMOVE right right with ziplist source and existing target ziplist (6 ms)
[ok]: RPOPLPUSH against non existing key (1 ms)
[ok]: RPOPLPUSH against non list src key (2 ms)
[ok]: RPOPLPUSH against non list dst key (5 ms)
[ok]: RPOPLPUSH against non existing src key (2 ms)
[ok]: Basic LPOP/RPOP/LMPOP - linkedlist (7 ms)
[ok]: Basic LPOP/RPOP/LMPOP - ziplist (7 ms)
[ok]: LPOP/RPOP/LMPOP against empty list (2 ms)
[ok]: LPOP/RPOP/LMPOP NON-BLOCK or BLOCK against non list value (5 ms)
[13/84 done]: unit/expire (18 seconds)
Testing integration/replication
[ok]: Mass RPOP/LPOP - quicklist (187 ms)
[ok]: EXPIRES after AOF reload (without rewrite) (2097 ms)
[ok]: Slave enters handshake (1 ms)
[ok]: AOF rewrite during write load: RDB preamble=no (6777 ms)
[ok]: Mass RPOP/LPOP - quicklist (610 ms)
[ok]: LMPOP with illegal argument (18 ms)
[ok]: LMPOP single existing list (33 ms)
[ok]: LMPOP multiple existing lists (31 ms)
[ok]: LMPOP propagate as pop with count command to replica (148 ms)
[ok]: LRANGE basics - linkedlist (9 ms)
[ok]: LRANGE inverted indexes - linkedlist (14 ms)
[ok]: LRANGE out of range indexes including the full list - linkedlist (5 ms)
[ok]: Stress tester for #3343-alike bugs comp: 1 (9985 ms)
[ok]: LRANGE out of range negative end index - linkedlist (10 ms)
[ok]: LRANGE basics - ziplist (11 ms)
[ok]: LRANGE inverted indexes - ziplist (9 ms)
[ok]: LRANGE out of range indexes including the full list - ziplist (7 ms)
[ok]: LRANGE out of range negative end index - ziplist (2 ms)
[ok]: LRANGE against non existing key (2 ms)
[ok]: PIPELINING stresser (also a regression for the old epoll bug) (834 ms)
[ok]: LRANGE with start > end yields an empty array for backward compatibility (10 ms)
[ok]: APPEND basics (6 ms)
[ok]: APPEND basics, integer encoded values (10 ms)
[ok]: LTRIM basics - linkedlist (101 ms)
[ok]: LTRIM out of range negative end index - linkedlist (16 ms)
[ok]: LTRIM basics - ziplist (103 ms)
[ok]: LTRIM out of range negative end index - ziplist (17 ms)
[ok]: LSET - linkedlist (6 ms)
[ok]: LSET out of range index - linkedlist (0 ms)
[ok]: LSET - ziplist (9 ms)
[ok]: LSET out of range index - ziplist (1 ms)
[ok]: LSET against non existing key (8 ms)
[ok]: LSET against non list value (1 ms)
[ok]: LREM remove all the occurrences - linkedlist (6 ms)
[ok]: LREM remove the first occurrence - linkedlist (2 ms)
[ok]: LREM remove non existing element - linkedlist (4 ms)
[ok]: LREM starting from tail with negative count - linkedlist (13 ms)
[ok]: LREM starting from tail with negative count (2) - linkedlist (1 ms)
[ok]: LREM deleting objects that may be int encoded - linkedlist (5 ms)
[ok]: LREM remove all the occurrences - ziplist (10 ms)
[ok]: LREM remove the first occurrence - ziplist (1 ms)
[ok]: LREM remove non existing element - ziplist (1 ms)
[ok]: LREM starting from tail with negative count - ziplist (9 ms)
[ok]: LREM starting from tail with negative count (2) - ziplist (2 ms)
[ok]: LREM deleting objects that may be int encoded - ziplist (8 ms)
[ok]: Turning off AOF kills the background writing child if any (127 ms)
[ok]: LATENCY of expire events are correctly collected (5819 ms)
[ok]: LATENCY HISTORY / RESET with wrong event name is fine (1 ms)
[ok]: LATENCY DOCTOR produces some output (1 ms)
[ok]: LATENCY RESET is able to reset events (3 ms)
[ok]: LATENCY HELP should not have unexpected options (0 ms)
[ok]: AOF rewrite of list with quicklist encoding, string data (619 ms)
[ok]: Regression for bug 593 - chaining BRPOPLPUSH with other blocking cmds (1010 ms)
[ok]: client unblock tests (27 ms)
[14/84 done]: unit/latency-monitor (10 seconds)
Testing integration/replication-2
[ok]: client unblock tests (19 ms)
[ok]: List ziplist of various encodings (67 ms)
[ok]: List ziplist of various encodings - sanitize dump (16 ms)
[15/84 done]: unit/type/list (22 seconds)
Testing integration/replication-3
[ok]: First server should have role slave after SLAVEOF (104 ms)
[ok]: Hash fuzzing #2 - 512 fields (10840 ms)
[ok]: AOF rewrite of list with quicklist encoding, int data (919 ms)
[ok]: AOF rewrite of set with intset encoding, string data (120 ms)
[ok]: If min-slaves-to-write is honored, write is accepted (512 ms)
[ok]: No write if min-slaves-to-write is < attached slaves (3 ms)
[ok]: If min-slaves-to-write is honored, write is accepted (again) (3 ms)
[ok]: First server should have role slave after SLAVEOF (109 ms)
[ok]: APPEND fuzzing (2996 ms)
[ok]: FLUSHDB (34 ms)
[ok]: Perform a final SAVE to leave a clean DB on disk (3 ms)
[ok]: RESET clears client state (4 ms)
[ok]: RESET clears MONITOR state (6 ms)
[ok]: RESET clears and discards MULTI state (4 ms)
[ok]: RESET clears Pub/Sub state (3 ms)
[ok]: RESET clears authenticated state (4 ms)
[ok]: Subcommand syntax error crash (issue #10070) (4 ms)
[ok]: AOF rewrite of set with hashtable encoding, string data (1007 ms)
[ok]: AOF rewrite of set with intset encoding, int data (121 ms)
[ok]: AOF rewrite of set with hashtable encoding, int data (1074 ms)
[ok]: AOF rewrite of hash with listpack encoding, string data (123 ms)
[ok]: No write if min-slaves-max-lag is > of the slave lag (2163 ms)
[ok]: min-slaves-to-write is ignored by slaves (4 ms)
[ok]: SET 10000 numeric keys and access all them in reverse order (19162 ms)
[ok]: DBSIZE should be 10000 now (1 ms)
[ok]: SETNX target key missing (3 ms)
[ok]: SETNX target key exists (5 ms)
[ok]: SETNX against not-expired volatile key (5 ms)
[ok]: Don't rehash if redis has child process (1673 ms)
[ok]: AOF rewrite of hash with hashtable encoding, string data (1084 ms)
[ok]: AOF rewrite of hash with listpack encoding, int data (120 ms)
[ok]: Process title set as expected (41 ms)
[ok]: SDIFF fuzzing (24861 ms)
[ok]: SDIFF against non-set should throw error (2 ms)
[ok]: SDIFF should handle non existing key as empty (2 ms)
[ok]: XREAD with non empty second stream (9440 ms)
[ok]: SDIFFSTORE against non-set should throw error (5 ms)
[ok]: Blocking XREAD waiting new data (6 ms)
[ok]: SDIFFSTORE should handle non existing key as empty (5 ms)
[ok]: SINTER against non-set should throw error (2 ms)
[ok]: Blocking XREAD waiting old data (4 ms)
[ok]: SINTER should handle non existing key as empty (1 ms)
[ok]: SINTER with same integer elements but different encoding (2 ms)
[16/84 done]: unit/other (25 seconds)
Testing integration/replication-4
[ok]: SINTERSTORE against non-set should throw error (9 ms)
[ok]: SINTERSTORE against non existing keys should delete dstkey (4 ms)
[ok]: SUNION against non-set should throw error (3 ms)
[ok]: SUNION should handle non existing key as empty (1 ms)
[ok]: Blocking XREAD will not reply with an empty array (28 ms)
[ok]: SUNIONSTORE against non-set should throw error (12 ms)
[ok]: AOF rewrite of hash with hashtable encoding, int data (1029 ms)
[ok]: SUNIONSTORE should handle non existing key as empty (14 ms)
[ok]: SUNIONSTORE against non existing keys should delete dstkey (5 ms)
[ok]: SPOP basics - hashtable (3 ms)
[ok]: SPOP with <count>=1 - hashtable (4 ms)
[ok]: SRANDMEMBER - hashtable (45 ms)
[ok]: AOF rewrite of zset with listpack encoding, string data (72 ms)
[ok]: SPOP basics - intset (12 ms)
[ok]: SPOP with <count>=1 - intset (7 ms)
[ok]: Blocking XREAD for stream that ran dry (issue #5299) (108 ms)
[ok]: XREAD: XADD + DEL should not awake client (13 ms)
[ok]: XREAD: XADD + DEL + LPUSH should not awake client (12 ms)
[ok]: XREAD with same stream name multiple times should work (6 ms)
[ok]: XREAD + multiple XADD inside transaction (11 ms)
[ok]: XDEL basic test (6 ms)
[ok]: SRANDMEMBER - intset (93 ms)
[ok]: SPOP with <count> (36 ms)
[ok]: SPOP with <count> (33 ms)
[ok]: SPOP using integers, testing Knuth's and Floyd's algorithm (33 ms)
[ok]: SPOP using integers with Knuth's algorithm (1 ms)
[ok]: SPOP new implementation: code path #1 (17 ms)
[ok]: SPOP new implementation: code path #2 (18 ms)
[ok]: SPOP new implementation: code path #3 (24 ms)
[ok]: SRANDMEMBER count of 0 is handled correctly (1 ms)
[ok]: SRANDMEMBER with <count> against non existing key (1 ms)
[ok]: SRANDMEMBER count overflow (1 ms)
[ok]: SRANDMEMBER count of 0 is handled correctly - emptyarray (1 ms)
[ok]: SRANDMEMBER with <count> against non existing key - emptyarray (1 ms)
[ok]: SRANDMEMBER with <count> - hashtable (120 ms)
[ok]: ZDIFF fuzzing - listpack (27228 ms)
[ok]: ZPOPMIN with the count 0 returns an empty array (6 ms)
[ok]: SRANDMEMBER with <count> - intset (126 ms)
[ok]: ZPOPMIN with negative count (6 ms)
[ok]: ZPOPMAX with the count 0 returns an empty array (3 ms)
[ok]: ZPOPMAX with negative count (6 ms)
[ok]: Basic ZPOPMIN/ZPOPMAX with a single key - listpack (13 ms)
[ok]: ZPOPMIN/ZPOPMAX with count - listpack (10 ms)
[ok]: Basic ZMPOP_MIN/ZMPOP_MAX with a single key - listpack (17 ms)
[ok]: ZMPOP_MIN/ZMPOP_MAX with count - listpack (11 ms)
[ok]: BZPOPMIN/BZPOPMAX with a single existing sorted set - listpack (14 ms)
[ok]: BZPOPMIN/BZPOPMAX with multiple existing sorted sets - listpack (18 ms)
[ok]: BZPOPMIN/BZPOPMAX second sorted set has members - listpack (13 ms)
[ok]: BZMPOP_MIN/BZMPOP_MAX with a single existing sorted set - listpack (13 ms)
[ok]: BZMPOP_MIN/BZMPOP_MAX with multiple existing sorted sets - listpack (16 ms)
[ok]: BZMPOP_MIN/BZMPOP_MAX second sorted set has members - listpack (11 ms)
[ok]: Basic ZPOPMIN/ZPOPMAX - listpack RESP3 (9 ms)
[ok]: ZPOPMIN/ZPOPMAX with count - listpack RESP3 (10 ms)
[ok]: Basic ZMPOP_MIN/ZMPOP_MAX - listpack RESP3 (11 ms)
[ok]: ZMPOP_MIN/ZMPOP_MAX with count - listpack RESP3 (13 ms)
[ok]: BZPOPMIN/BZPOPMAX - listpack RESP3 (13 ms)
[ok]: BZMPOP_MIN/BZMPOP_MAX - listpack RESP3 (13 ms)
[ok]: Check encoding - skiplist (3 ms)
[ok]: ZSET basic ZADD and score update - skiplist (6 ms)
[ok]: ZSET element can't be set to NaN with ZADD - skiplist (1 ms)
[ok]: ZSET element can't be set to NaN with ZINCRBY - skiplist (2 ms)
[ok]: ZADD with options syntax error with incomplete pair - skiplist (2 ms)
[ok]: ZADD XX option without key - skiplist (3 ms)
[ok]: ZADD XX existing key - skiplist (5 ms)
[ok]: ZADD XX returns the number of elements actually added - skiplist (4 ms)
[ok]: ZADD XX updates existing elements score - skiplist (7 ms)
[ok]: ZADD GT updates existing elements when new scores are greater - skiplist (5 ms)
[ok]: ZADD LT updates existing elements when new scores are lower - skiplist (8 ms)
[ok]: ZADD GT XX updates existing elements when new scores are greater and skips new elements - skiplist (9 ms)
[ok]: ZADD LT XX updates existing elements when new scores are lower and skips new elements - skiplist (5 ms)
[ok]: ZADD XX and NX are not compatible - skiplist (2 ms)
[ok]: ZADD NX with non existing key - skiplist (3 ms)
[ok]: ZADD NX only add new elements without updating old ones - skiplist (7 ms)
[ok]: ZADD GT and NX are not compatible - skiplist (2 ms)
[ok]: ZADD LT and NX are not compatible - skiplist (3 ms)
[ok]: ZADD LT and GT are not compatible - skiplist (2 ms)
[ok]: ZADD INCR LT/GT replies with nill if score not updated - skiplist (7 ms)
[ok]: ZADD INCR LT/GT with inf - skiplist (15 ms)
[ok]: ZADD INCR works like ZINCRBY - skiplist (5 ms)
[ok]: ZADD INCR works with a single score-elemenet pair - skiplist (3 ms)
[ok]: ZADD CH option changes return value to all changed elements - skiplist (6 ms)
[ok]: ZINCRBY calls leading to NaN result in error - skiplist (3 ms)
[ok]: ZADD - Variadic version base case - $encoding (3 ms)
[ok]: ZADD - Return value is the number of actually added items - $encoding (4 ms)
[ok]: ZADD - Variadic version does not add nothing on single parsing err - $encoding (4 ms)
[ok]: ZADD - Variadic version will raise error on missing arg - $encoding (2 ms)
[ok]: ZINCRBY does not work variadic even if shares ZADD implementation - $encoding (2 ms)
[ok]: ZCARD basics - skiplist (5 ms)
[ok]: ZREM removes key after last element is removed - skiplist (5 ms)
[ok]: ZREM variadic version - skiplist (6 ms)
[ok]: ZREM variadic version -- remove elements after key deletion - skiplist (4 ms)
[ok]: ZRANGE basics - skiplist (20 ms)
[ok]: ZREVRANGE basics - skiplist (19 ms)
[ok]: ZRANK/ZREVRANK basics - skiplist (14 ms)
[ok]: ZRANK - after deletion - skiplist (3 ms)
[ok]: ZINCRBY - can create a new sorted set - skiplist (3 ms)
[ok]: ZINCRBY - increment and decrement - skiplist (9 ms)
[ok]: ZINCRBY return value - skiplist (2 ms)
[ok]: ZRANGEBYSCORE/ZREVRANGEBYSCORE/ZCOUNT basics - skiplist (43 ms)
[ok]: ZRANGEBYSCORE with WITHSCORES - skiplist (11 ms)
[ok]: ZRANGEBYSCORE with LIMIT - skiplist (17 ms)
[ok]: ZRANGEBYSCORE with LIMIT and WITHSCORES - skiplist (10 ms)
[ok]: ZRANGEBYSCORE with non-value min or max - skiplist (4 ms)
[ok]: ZRANGEBYLEX/ZREVRANGEBYLEX/ZLEXCOUNT basics - skiplist (31 ms)
[ok]: AOF rewrite of zset with skiplist encoding, string data (1107 ms)
[ok]: ZLEXCOUNT advanced - skiplist (21 ms)
[ok]: ZRANGEBYSLEX with LIMIT - skiplist (16 ms)
[ok]: ZRANGEBYLEX with invalid lex range specifiers - skiplist (7 ms)
[ok]: SRANDMEMBER histogram distribution - hashtable (685 ms)
[ok]: AOF rewrite of zset with listpack encoding, int data (134 ms)
[ok]: ZREMRANGEBYSCORE basics - skiplist (123 ms)
[ok]: ZREMRANGEBYSCORE with non-value min or max - skiplist (4 ms)
[ok]: ZREMRANGEBYRANK basics - skiplist (61 ms)
[ok]: ZUNIONSTORE against non-existing key doesn't set destination - skiplist (3 ms)
[ok]: ZUNION/ZINTER/ZINTERCARD/ZDIFF against non-existing key - skiplist (7 ms)
[ok]: ZUNIONSTORE with empty set - skiplist (4 ms)
[ok]: ZUNION/ZINTER/ZINTERCARD/ZDIFF with empty set - skiplist (12 ms)
[ok]: ZUNIONSTORE basics - skiplist (7 ms)
[ok]: ZUNION/ZINTER/ZINTERCARD/ZDIFF with integer members - skiplist (13 ms)
[ok]: ZUNIONSTORE with weights - skiplist (3 ms)
[ok]: ZUNION with weights - skiplist (2 ms)
[ok]: ZUNIONSTORE with a regular set and weights - skiplist (7 ms)
[ok]: ZUNIONSTORE with AGGREGATE MIN - skiplist (3 ms)
[ok]: ZUNION/ZINTER with AGGREGATE MIN - skiplist (3 ms)
[ok]: ZUNIONSTORE with AGGREGATE MAX - skiplist (2 ms)
[ok]: ZUNION/ZINTER with AGGREGATE MAX - skiplist (2 ms)
[ok]: ZINTERSTORE basics - skiplist (3 ms)
[ok]: ZINTER basics - skiplist (1 ms)
[ok]: ZINTERCARD with illegal arguments (6 ms)
[ok]: ZINTERCARD basics - skiplist (5 ms)
[ok]: ZINTER RESP3 - skiplist (3 ms)
[ok]: ZINTERSTORE with weights - skiplist (2 ms)
[ok]: ZINTER with weights - skiplist (1 ms)
[ok]: ZINTERSTORE with a regular set and weights - skiplist (6 ms)
[ok]: ZINTERSTORE with AGGREGATE MIN - skiplist (2 ms)
[ok]: ZINTERSTORE with AGGREGATE MAX - skiplist (2 ms)
[ok]: ZUNIONSTORE with +inf/-inf scores - skiplist (20 ms)
[ok]: ZUNIONSTORE with NaN weights - skiplist (4 ms)
[ok]: ZINTERSTORE with +inf/-inf scores - skiplist (19 ms)
[ok]: ZINTERSTORE with NaN weights - skiplist (6 ms)
[ok]: ZDIFFSTORE basics - skiplist (2 ms)
[ok]: ZDIFF basics - skiplist (1 ms)
[ok]: ZDIFFSTORE with a regular set - skiplist (8 ms)
[ok]: ZDIFF subtracting set from itself - skiplist (2 ms)
[ok]: ZDIFF algorithm 1 - skiplist (9 ms)
[ok]: ZDIFF algorithm 2 - skiplist (10 ms)
[ok]: First server should have role slave after SLAVEOF (1005 ms)
[ok]: SRANDMEMBER histogram distribution - intset (732 ms)
[ok]: Stress test the hash ziplist -> hashtable encoding conversion (6977 ms)
[ok]: Hash ziplist of various encodings (125 ms)
[ok]: Hash ziplist of various encodings - sanitize dump (12 ms)
[ok]: HINCRBYFLOAT does not allow NaN or Infinity (4 ms)
[ok]: Slave is able to detect timeout during handshake (0 ms)
[17/84 done]: unit/type/hash (30 seconds)
Testing integration/replication-psync
[ok]: AOF rewrite of zset with skiplist encoding, int data (1535 ms)
[ok]: AOF rewrite functions (71 ms)
[ok]: Old Big Linked list: SORT BY key (525 ms)
[ok]: Old Big Linked list: SORT BY key with limit (10 ms)
[ok]: BGREWRITEAOF is delayed if BGSAVE is in progress (434 ms)
[ok]: BGREWRITEAOF is refused if already in progress (156 ms)
[ok]: Stress tester for #3343-alike bugs comp: 0 (10444 ms)
[ok]: Slave should be able to synchronize with the master (225 ms)
[ok]: Old Big Linked list: SORT BY hash field (508 ms)
[ok]: Intset: SORT BY key (3 ms)
[ok]: Intset: SORT BY key with limit (3 ms)
[ok]: Intset: SORT BY hash field (3 ms)
[18/84 done]: unit/aofrw (24 seconds)
Testing integration/replication-buffer
[ok]: Set instance A as slave of B (108 ms)
[ok]: INCRBYFLOAT replication, should not remove expire (312 ms)
[ok]: GETSET replication (8 ms)
[ok]: BRPOPLPUSH replication, when blocking against empty list (8 ms)
[ok]: Detect write load to master (1006 ms)
[ok]: Test replication partial resync: no reconnection, just sync (diskless: no, disabled, reconnect: 0) (114 ms)
[ok]: BRPOPLPUSH replication, list exists (1009 ms)
[ok]: BLMOVE (left, left) replication, when blocking against empty list (7 ms)
[ok]: Slave should be able to synchronize with the master (117 ms)
[ok]: BLMOVE (left, left) replication, list exists (1009 ms)
[ok]: BLMOVE (left, right) replication, when blocking against empty list (7 ms)
[ok]: All replicas share one global replication buffer (375 ms)
[ok]: Test replication with parallel clients writing in different DBs (5152 ms)
[ok]: Replication buffer will become smaller when no replica uses (241 ms)
[ok]: Hash table: SORT BY key (8 ms)
[ok]: Hash table: SORT BY key with limit (2 ms)
[ok]: Hash table: SORT BY hash field (13 ms)
[ok]: Detect write load to master (1003 ms)
[ok]: BLMOVE (left, right) replication, list exists (1012 ms)
[ok]: BLMOVE (right, left) replication, when blocking against empty list (5 ms)
[ok]: BLMOVE (right, left) replication, list exists (1011 ms)
[ok]: BLMOVE (right, right) replication, when blocking against empty list (6 ms)
[ok]: First server should have role slave after SLAVEOF (112 ms)
[ok]: With min-slaves-to-write (1,3): master should be writable (5 ms)
[ok]: With min-slaves-to-write (2,3): master should not be writable (6 ms)
[ok]: With min-slaves-to-write function without no-write flag (3 ms)
[ok]: With not enough good slaves, read in Lua script is still accepted (8 ms)
[ok]: XDEL fuzz test (9198 ms)
[ok]: BLMOVE (right, right) replication, list exists (1012 ms)
[ok]: BLPOP followed by role change, issue #2473 (213 ms)
[ok]: Second server should have role master at first (2 ms)
[ok]: SLAVEOF should start with link status "down" (3 ms)
[ok]: The role should immediately be changed to "replica" (2 ms)
[ok]: Sync should have transferred keys from master (1 ms)
[ok]: The link status should be up (0 ms)
[ok]: With min-slaves-to-write: master not writable with lagged slave (3253 ms)
[ok]: SET on the master should immediately propagate (607 ms)
[ok]: FLUSHDB / FLUSHALL should replicate (213 ms)
[ok]: ROLE in master reports master with a slave (1 ms)
[ok]: ROLE in slave reports slave in connected state (1 ms)
[ok]: SETNX against expired volatile key (13967 ms)
[ok]: GETEX EX option (5 ms)
[ok]: GETEX PX option (5 ms)
[ok]: GETEX EXAT option (5 ms)
[ok]: GETEX PXAT option (6 ms)
[ok]: GETEX PERSIST option (6 ms)
[ok]: GETEX no option (8 ms)
[ok]: GETEX syntax errors (1 ms)
[ok]: GETEX no arguments (2 ms)
[ok]: GETDEL command (7 ms)
[ok]: GETDEL propagate as DEL command to replica (80 ms)
[ok]: GETEX without argument does not propagate to replica (104 ms)
[ok]: MGET (11 ms)
[ok]: MGET against non existing key (3 ms)
[ok]: MGET against non-string key (3 ms)
[ok]: GETSET (set new value) (6 ms)
[ok]: GETSET (replace old value) (3 ms)
[ok]: MSET base case (3 ms)
[ok]: MSET/MSETNX wrong number of args (4 ms)
[ok]: MSETNX with already existent key (3 ms)
[ok]: MSETNX with not existing keys (4 ms)
[ok]: MSETNX with not existing keys - same key twice (4 ms)
[ok]: MSETNX with already existing keys - same key twice (3 ms)
[ok]: STRLEN against non-existing key (1 ms)
[ok]: STRLEN against integer-encoded value (2 ms)
[ok]: STRLEN against plain string (2 ms)
[ok]: SETBIT against non-existing key (4 ms)
[ok]: SETBIT against string-encoded key (4 ms)
[ok]: SETBIT against integer-encoded key (7 ms)
[ok]: SETBIT against key with wrong type (3 ms)
[ok]: SETBIT with out of range bit offset (3 ms)
[ok]: SETBIT with non-bit argument (8 ms)
[ok]: Test replication partial resync: ok psync (diskless: no, disabled, reconnect: 1) (6169 ms)
[ok]: First server should have role slave after SLAVEOF (105 ms)
[ok]: Slave should be able to synchronize with the master (215 ms)
[ok]: ziplist implementation: value encoding and backlink (11956 ms)
[ok]: SETBIT fuzzing (2798 ms)
[ok]: GETBIT against non-existing key (2 ms)
[ok]: GETBIT against string-encoded key (6 ms)
[ok]: GETBIT against integer-encoded key (11 ms)
[ok]: SETRANGE against non-existing key (12 ms)
[ok]: SETRANGE against string-encoded key (10 ms)
[ok]: SETRANGE against integer-encoded key (24 ms)
[ok]: SETRANGE against key with wrong type (5 ms)
[ok]: SETRANGE with out of range offset (9 ms)
[ok]: GETRANGE against non-existing key (1 ms)
[ok]: GETRANGE against string value (7 ms)
[ok]: GETRANGE against integer-encoded value (8 ms)
[ok]: Detect write load to master (1005 ms)
[ok]: Replication of an expired key does not delete the expired key (2431 ms)
[ok]: Test replication with blocking lists and sorted sets operations (25104 ms)
[ok]: First server should have role slave after SLAVEOF (14 ms)
[19/84 done]: integration/block-repl (28 seconds)
Testing integration/shutdown
[ok]: MASTER and SLAVE consistency with expire (22503 ms)
[ok]: Master can replicate command longer than client-query-buffer-limit on replica (238 ms)
[ok]: GETRANGE fuzzing (3436 ms)
[ok]: trim on SET with big value (49 ms)
[ok]: Extended SET can detect syntax errors (2 ms)
[ok]: Extended SET NX option (11 ms)
[ok]: Extended SET XX option (15 ms)
[ok]: Extended SET GET option (4 ms)
[ok]: Extended SET GET option with no previous value (6 ms)
[ok]: Extended SET GET option with XX (6 ms)
[ok]: Extended SET GET option with XX and no previous value (7 ms)
[ok]: Extended SET GET option with NX (5 ms)
[ok]: Extended SET GET option with NX and previous value (11 ms)
[ok]: Extended SET GET with incorrect type should result in wrong type error (2 ms)
[ok]: Extended SET EX option (6 ms)
[ok]: Extended SET PX option (4 ms)
[ok]: Extended SET EXAT option (8 ms)
[ok]: Extended SET PXAT option (8 ms)
[ok]: Extended SET using multiple options at once (3 ms)
[ok]: GETRANGE with huge ranges, Github issue #1844 (2 ms)
[ok]: LCS basic (7 ms)
[ok]: LCS len (9 ms)
[ok]: LCS indexes (2 ms)
[ok]: LCS indexes with match len (3 ms)
[ok]: LCS indexes with match len and minimum match len (1 ms)
[ok]: SETRANGE with huge offset (3 ms)
[20/84 done]: unit/type/string (46 seconds)
Testing integration/aof
[ok]: Unfinished MULTI: Server should start if load-truncated is yes (32 ms)
[ok]: Short read: Server should start if load-truncated is yes (37 ms)
[ok]: Truncated AOF loaded: we expect foo to be equal to 5 (6 ms)
[ok]: Append a new command after loading an incomplete AOF (4 ms)
[ok]: Connect multiple replicas at the same time (issue #141), master diskless=no, replica diskless=disabled (6425 ms)
[ok]: Short read + command: Server should start (17 ms)
[ok]: Truncated AOF loaded: we expect foo to be equal to 6 now (9 ms)
[ok]: LTRIM stress testing - linkedlist (48049 ms)
[ok]: Bad format: Server should have logged an error (31 ms)
[ok]: Unfinished MULTI: Server should have logged an error (48 ms)
[ok]: Shutting down master waits for replica to catch up (sigterm) (4702 ms)
[ok]: Short read: Server should have logged an error (36 ms)
[ok]: Short read: Utility should confirm the AOF is not valid (49 ms)
[ok]: Replication backlog size can outgrow the backlog limit config (12689 ms)
[ok]: Short read: Utility should show the abnormal line num in AOF (36 ms)
[ok]: Short read: Utility should be able to fix the AOF (37 ms)
[ok]: Fixed AOF: Server should have been started (35 ms)
[ok]: Fixed AOF: Keyspace should contain values that were parseable (12 ms)
[ok]: Test replication partial resync: no backlog (diskless: no, disabled, reconnect: 1) (7701 ms)
[ok]: AOF+SPOP: Server should have been started (35 ms)
[ok]: AOF+SPOP: Set should have 1 member (5 ms)
[ok]: AOF+SPOP: Server should have been started (41 ms)
[ok]: AOF+SPOP: Set should have 1 member (2 ms)
[ok]: Slave is able to evict keys created in writable slaves (6014 ms)
[ok]: Writable replica doesn't return expired keys (114 ms)
[ok]: PFCOUNT updates cache on readonly replica (26 ms)
[ok]: PFCOUNT doesn't use expired key on readonly replica (123 ms)
[ok]: AOF+EXPIRE: Server should have been started (41 ms)
[ok]: AOF+EXPIRE: List should be empty (5 ms)
[ok]: Slave should be able to synchronize with the master (112 ms)
[ok]: Redis should not try to convert DEL into EXPIREAT for EXPIRE -1 (2 ms)
[21/84 done]: integration/replication-3 (31 seconds)
Testing integration/aof-multi-part
[ok]: Detect write load to master (1014 ms)
[ok]: Multi Part AOF can't load data when some file missing (544 ms)
[ok]: Multi Part AOF can't load data when the sequence not increase monotonically (576 ms)
[ok]: Multi Part AOF can't load data when there are blank lines in the manifest file (526 ms)
[ok]: Multi Part AOF can't load data when there is a duplicate base file (516 ms)
[ok]: Shutting down master waits for replica to catch up (shutdown) (6294 ms)
[ok]: Multi Part AOF can't load data when the manifest format is wrong (type unknown) (606 ms)
[ok]: Multi Part AOF can't load data when the manifest format is wrong (missing key) (602 ms)
[ok]: XRANGE fuzzing (20199 ms)
[ok]: XREVRANGE regression test for issue #5006 (5 ms)
[ok]: XREAD streamID edge (no-blocking) (4 ms)
[ok]: XREAD streamID edge (blocking) (12 ms)
[ok]: XADD streamID edge (6 ms)
[ok]: Connect multiple replicas at the same time (issue #141), master diskless=no, replica diskless=swapdb (6224 ms)
[ok]: Multi Part AOF can't load data when the manifest format is wrong (line too short) (616 ms)
[ok]: XTRIM with MAXLEN option basic test (711 ms)
[ok]: XADD with LIMIT consecutive calls (66 ms)
[ok]: XTRIM with ~ is limited (72 ms)
[ok]: XTRIM without ~ is not limited (59 ms)
[ok]: Multi Part AOF can't load data when the manifest format is wrong (line too long) (472 ms)
[ok]: XTRIM without ~ and with LIMIT (69 ms)
[ok]: XTRIM with LIMIT delete entries no more than limit (5 ms)
[ok]: Multi Part AOF can't load data when the manifest format is wrong (odd parameter) (572 ms)
[ok]: XADD with MAXLEN > xlen can propagate correctly (93 ms)
[ok]: ZDIFF fuzzing - skiplist (29879 ms)
[ok]: ZPOPMIN with the count 0 returns an empty array (9 ms)
[ok]: ZPOPMIN with negative count (14 ms)
[ok]: ZPOPMAX with the count 0 returns an empty array (4 ms)
[ok]: ZPOPMAX with negative count (8 ms)
[ok]: Basic ZPOPMIN/ZPOPMAX with a single key - skiplist (23 ms)
[ok]: ZPOPMIN/ZPOPMAX with count - skiplist (13 ms)
[ok]: Basic ZMPOP_MIN/ZMPOP_MAX with a single key - skiplist (18 ms)
[ok]: ZMPOP_MIN/ZMPOP_MAX with count - skiplist (9 ms)
[ok]: Multi Part AOF can't load data when the manifest file is empty (508 ms)
[ok]: BZPOPMIN/BZPOPMAX with a single existing sorted set - skiplist (23 ms)
[ok]: BZPOPMIN/BZPOPMAX with multiple existing sorted sets - skiplist (27 ms)
[ok]: BZPOPMIN/BZPOPMAX second sorted set has members - skiplist (10 ms)
[ok]: BZMPOP_MIN/BZMPOP_MAX with a single existing sorted set - skiplist (20 ms)
[ok]: BZMPOP_MIN/BZMPOP_MAX with multiple existing sorted sets - skiplist (23 ms)
[ok]: BZMPOP_MIN/BZMPOP_MAX second sorted set has members - skiplist (20 ms)
[ok]: Basic ZPOPMIN/ZPOPMAX - skiplist RESP3 (13 ms)
[ok]: ZPOPMIN/ZPOPMAX with count - skiplist RESP3 (15 ms)
[ok]: Basic ZMPOP_MIN/ZMPOP_MAX - skiplist RESP3 (15 ms)
[ok]: ZMPOP_MIN/ZMPOP_MAX with count - skiplist RESP3 (9 ms)
[ok]: BZPOPMIN/BZPOPMAX - skiplist RESP3 (24 ms)
[ok]: BZMPOP_MIN/BZMPOP_MAX - skiplist RESP3 (24 ms)
[ok]: ZPOP/ZMPOP against wrong type (24 ms)
[ok]: ZMPOP with illegal argument (27 ms)
[ok]: ZMPOP propagate as pop with count command to replica (81 ms)
[ok]: ZPOPMIN/ZPOPMAX readraw in RESP3 (23 ms)
[ok]: BZPOPMIN/BZPOPMAX readraw in RESP3 (142 ms)
[ok]: ZMPOP readraw in RESP3 (33 ms)
[ok]: XADD with MINID > lastid can propagate correctly (104 ms)
[ok]: Multi Part AOF can start when no aof and no manifest (648 ms)
[ok]: BZMPOP readraw in RESP3 (168 ms)
[ok]: ZPOPMIN/ZPOPMAX readraw in RESP2 (18 ms)
[ok]: BZPOPMIN/BZPOPMAX readraw in RESP2 (168 ms)
[ok]: ZMPOP readraw in RESP2 (32 ms)
[ok]: Multi Part AOF can start when we have en empty AOF dir (400 ms)
[ok]: BZMPOP readraw in RESP2 (171 ms)
[ok]: ZINTERSTORE regression with two sets, intset+hashtable (5 ms)
[ok]: ZUNIONSTORE regression, should not create NaN in scores (6 ms)
[ok]: ZINTERSTORE #516 regression, mixed sets and ziplist zsets (5 ms)
[ok]: ZUNIONSTORE result is sorted (141 ms)
[ok]: ZUNIONSTORE/ZINTERSTORE/ZDIFFSTORE error if using WITHSCORES  (9 ms)
[ok]: ZMSCORE retrieve (10 ms)
[ok]: ZMSCORE retrieve from empty set (2 ms)
[ok]: ZMSCORE retrieve with missing member (3 ms)
[ok]: ZMSCORE retrieve single member (5 ms)
[ok]: ZMSCORE retrieve requires one or more members (3 ms)
[ok]: ZSET commands don't accept the empty strings as valid score (4 ms)
[ok]: zunionInterDiffGenericCommand at least 1 input key (14 ms)
[ok]: XADD with ~ MAXLEN can propagate correctly (127 ms)
[ok]: Multi Part AOF can load data discontinuously increasing sequence (495 ms)
[ok]: ZSCORE - listpack (314 ms)
[ok]: ZMSCORE - listpack (342 ms)
[ok]: Multi Part AOF can load data when manifest add new k-v (691 ms)
[ok]: XADD with ~ MAXLEN and LIMIT can propagate correctly (94 ms)
[ok]: ZSCORE after a DEBUG RELOAD - listpack (354 ms)
[ok]: ZSET sorting stresser - listpack (501 ms)
[ok]: Multi Part AOF can load data when some AOFs are empty (654 ms)
[ok]: XADD with ~ MINID can propagate correctly (82 ms)
[ok]: Multi Part AOF can load data from old version redis (rdb preamble no) (789 ms)
[ok]: Test replication partial resync: ok after delay (diskless: no, disabled, reconnect: 1) (9186 ms)
[ok]: XADD with ~ MINID and LIMIT can propagate correctly (123 ms)
[ok]: Replication: commands with many arguments (issue #1221) (18269 ms)
[ok]: Multi Part AOF can load data from old version redis (rdb preamble yes) (691 ms)
[ok]: Multi Part AOF can continue the upgrade from the interrupted upgrade state (635 ms)
[ok]: XTRIM with ~ MAXLEN can propagate correctly (127 ms)
[ok]: Multi Part AOF can be loaded correctly when both server dir and aof dir contain old AOF (643 ms)
[ok]: Shutting down master waits for replica timeout (8552 ms)
[ok]: XADD can CREATE an empty stream (2 ms)
[ok]: XSETID can set a specific ID (0 ms)
[ok]: XSETID cannot SETID with smaller ID (2 ms)
[ok]: XSETID cannot SETID on non-existent key (1 ms)
[ok]: XSETID cannot run with an offset but without a maximal tombstone (1 ms)
[ok]: XSETID cannot run with a maximal tombstone but without an offset (1 ms)
[ok]: XSETID errors on negstive offset (2 ms)
[ok]: XSETID cannot set the maximal tombstone with larger ID (4 ms)
[ok]: XSETID cannot set the offset to less than the length (3 ms)
[ok]: Replication of SPOP command -- alsoPropagate() API (1467 ms)
[ok]: Slave should be able to synchronize with the master (114 ms)
[ok]: Multi Part AOF can't load data when the manifest contains the old AOF file name but the file does not exist in server dir and aof dir (461 ms)
[ok]: XADD advances the entries-added counter and sets the recorded-first-entry-id (5 ms)
[ok]: XDEL/TRIM are reflected by recorded first entry (17 ms)
[ok]: Maxmimum XDEL ID behaves correctly (12 ms)
[ok]: Multi Part AOF can upgrade when when two redis share the same server dir (redis1) (63 ms)
[ok]: Multi Part AOF can upgrade when when two redis share the same server dir (redis2) (119 ms)
[ok]: Detect write load to master (1005 ms)
[ok]: Empty stream can be rewrite into AOF correctly (62 ms)
[ok]: Stream can be rewrite into AOF correctly after XDEL lastid (129 ms)
[ok]: Multi Part AOF can upgrade when when two redis share the same server dir (1271 ms)
[ok]: First server should have role slave after SLAVEOF (9 ms)
[ok]: XGROUP HELP should not have unexpected options (1 ms)
[ok]: XINFO HELP should not have unexpected options (1 ms)
[ok]: Multi Part AOF can handle appendfilename contains whitespaces (759 ms)
[ok]: Connect multiple replicas at the same time (issue #141), master diskless=yes, replica diskless=disabled (6748 ms)
[22/84 done]: unit/type/stream (67 seconds)
Testing integration/rdb
[ok]: Multi Part AOF can create BASE (RDB format) when redis starts from empty (624 ms)
[ok]: Shutting down master waits for replica then fails (3157 ms)
[ok]: Data divergence can happen under default conditions (831 ms)
[ok]: Data divergence is allowed on writable replicas (56 ms)
[ok]: test old version rdb file (3 ms)
[ok]: Multi Part AOF can create BASE (AOF format) when redis starts from empty (624 ms)
[23/84 done]: integration/replication-4 (41 seconds)
Testing integration/corrupt-dump
[ok]: RDB encoding loading test (55 ms)
[ok]: Make sure aof manifest appendonly.aof.manifest not in aof directory (0 ms)
[ok]: AOF fsync always barrier issue (14821 ms)
[ok]: Replica could use replication buffer (beyond backlog config) for partial resynchronization (18686 ms)
[ok]: corrupt payload: #7445 - with sanitize (718 ms)
[ok]: Replication backlog memory will become smaller if disconnecting with replica (324 ms)
[ok]: AOF enable will create manifest file (474 ms)
[ok]: Server started empty with non-existing RDB file (2 ms)
[ok]: Shutting down master waits for replica then aborted (1612 ms)
[24/84 done]: integration/shutdown (24 seconds)
Testing integration/corrupt-dump-fuzzer
[ok]: GETEX should not append to AOF (8 ms)
[ok]: Big Hash table: SORT BY key (403 ms)
[ok]: Big Hash table: SORT BY key with limit (10 ms)
[ok]: corrupt payload: hash with valid zip list header, invalid entry len (712 ms)
[ok]: Server started empty with empty RDB file (3 ms)
[ok]: Unknown command: Server should have logged an error (32 ms)
[ok]: Big Hash table: SORT BY hash field (485 ms)
[ok]: SORT GET # (3 ms)
[ok]: SORT GET <const> (7 ms)
[ok]: SORT GET (key and hash) with sanity check (33 ms)
[ok]: SORT BY key STORE (13 ms)
[ok]: SORT BY hash field STORE (6 ms)
[ok]: SORT extracts STORE correctly (3 ms)
[ok]: SORT_RO get keys (4 ms)
[ok]: SORT extracts multiple STORE correctly (1 ms)
[ok]: SORT DESC (2 ms)
[ok]: SORT ALPHA against integer encoded strings (13 ms)
[ok]: SORT sorted set (7 ms)
[ok]: SORT sorted set BY nosort should retain ordering (7 ms)
[ok]: SORT sorted set BY nosort + LIMIT (17 ms)
[ok]: SORT sorted set BY nosort works as expected from scripts (10 ms)
[ok]: SORT sorted set: +inf and -inf handling (14 ms)
[ok]: SORT regression for issue #19, sorting floats (27 ms)
[ok]: SORT with STORE returns zero if result is empty (github issue 224) (8 ms)
[ok]: SORT with STORE does not create empty lists (github issue 224) (3 ms)
[ok]: SORT with STORE removes key if result is empty (github issue 227) (6 ms)
[ok]: SORT with BY <constant> and STORE should still order output (9 ms)
[ok]: SORT will complain with numerical sorting and bad doubles (1) (4 ms)
[ok]: SORT will complain with numerical sorting and bad doubles (2) (4 ms)
[ok]: SORT BY sub-sorts lexicographically if score is the same (9 ms)
[ok]: SORT GET with pattern ending with just -> does not get hash field (5 ms)
[ok]: SORT by nosort retains native order for lists (3 ms)
[ok]: SORT by nosort plus store retains native order for lists (4 ms)
[ok]: SORT by nosort with limit returns based on original list order (2 ms)
[ok]: SORT_RO - Successful case (8 ms)
[ok]: SORT_RO - Cannot run with STORE arg (2 ms)
[ok]: corrupt payload: invalid zlbytes header (740 ms)
[ok]: AOF+LMPOP/BLMPOP: pop elements from the list (116 ms)
[ok]: SORT speed, 100 element list BY key, 100 times (113 ms)
[ok]: AOF multiple rewrite failures will open multiple INCR AOFs (1809 ms)
[ok]: SORT speed, 100 element list BY hash field, 100 times (128 ms)
[ok]: SORT speed, 100 element list directly, 100 times (121 ms)
[ok]: corrupt payload: valid zipped hash header, dup records (609 ms)
[ok]: SORT speed, 100 element list BY <const>, 100 times (88 ms)
[ok]: SETRANGE with huge offset (7 ms)
[ok]: AOF rewrite doesn't open new aof when AOF turn off (314 ms)
[ok]: AOF+LMPOP/BLMPOP: after pop elements from the list (13 ms)
[25/84 done]: unit/sort (71 seconds)
Testing integration/convert-zipmap-hash-on-load
[ok]: AOF enable/disable auto gc (233 ms)
[ok]: AOF can produce consecutive sequence number after reload (70 ms)
[ok]: Test RDB stream encoding (1022 ms)
[ok]: Test RDB stream encoding - sanitize dump (14 ms)
[ok]: corrupt payload: quicklist big ziplist prev len (743 ms)
[ok]: AOF+ZMPOP/BZMPOP: pop elements from the zset (113 ms)
[ok]: RDB load zipmap hash: converts to listpack (6 ms)
[ok]: Server should not start if RDB is corrupted (39 ms)
[ok]: AOF enable during BGSAVE will not write data util AOFRW finish (526 ms)
[ok]: AOF+ZMPOP/BZMPOP: after pop elements from the zset (6 ms)
[ok]: RDB load zipmap hash: converts to hash table when hash-max-ziplist-entries is exceeded (2 ms)
[ok]: corrupt payload: quicklist small ziplist prev len (788 ms)
[ok]: corrupt payload: quicklist ziplist wrong count (732 ms)
[ok]: RDB load zipmap hash: converts to hash table when hash-max-ziplist-value is exceeded (5 ms)
[ok]: AOF will trigger limit when AOFRW fails many times (1423 ms)
[26/84 done]: integration/convert-zipmap-hash-on-load (2 seconds)
Testing integration/convert-ziplist-hash-on-load
[ok]: Generate timestamp annotations in AOF (975 ms)
[ok]: Successfully load AOF which has timestamp annotations inside (10 ms)
[ok]: corrupt payload: #3080 - quicklist (763 ms)
[ok]: RDB load ziplist hash: converts to listpack when RDB loading (4 ms)
[ok]: Test replication partial resync: backlog expired (diskless: no, disabled, reconnect: 1) (9171 ms)
[ok]: Test FLUSHALL aborts bgsave (2277 ms)
[ok]: corrupt payload: quicklist with empty ziplist (700 ms)
[ok]: bgsave resets the change counter (110 ms)
[ok]: RDB load ziplist hash: converts to hash table when hash-max-ziplist-entries is exceeded (7 ms)
[27/84 done]: integration/convert-ziplist-hash-on-load (2 seconds)
Testing integration/convert-ziplist-zset-on-load
[ok]: corrupt payload: quicklist encoded_len is 0 (668 ms)
[ok]: RDB load ziplist zset: converts to listpack when RDB loading (12 ms)
[ok]: corrupt payload: quicklist listpack entry start with EOF (659 ms)
[ok]: MASTER and SLAVE dataset should be identical after complex ops (51142 ms)
[ok]: Truncate AOF to specific timestamp (1992 ms)
[ok]: Slave should be able to synchronize with the master (107 ms)
[ok]: AOF will open a temporary INCR AOF to accumulate data until the first AOFRW success when AOF is dynamically enabled (2518 ms)
[ok]: RDB load ziplist zset: converts to skiplist when zset-max-ziplist-entries is exceeded (11 ms)
[ok]: Partial resynchronization is successful even client-output-buffer-limit is less than repl-backlog-size (5927 ms)
[28/84 done]: integration/convert-ziplist-zset-on-load (1 seconds)
Testing integration/logging
[ok]: corrupt payload: #3080 - ziplist (701 ms)
[29/84 done]: integration/replication-2 (56 seconds)
Testing integration/psync2
[30/84 done]: integration/aof-multi-part (24 seconds)
Testing integration/psync2-reg
[ok]: Detect write load to master (1005 ms)
[ok]: Connect multiple replicas at the same time (issue #141), master diskless=yes, replica diskless=swapdb (7252 ms)
[ok]: Test replication partial resync: no reconnection, just sync (diskless: no, swapdb, reconnect: 0) (92 ms)
[ok]: corrupt payload: load corrupted rdb with no CRC - #3505 (557 ms)
[ok]: Server is able to generate a stack trace on selected systems (232 ms)
[ok]: The update of replBufBlock's repl_offset is ok - Regression test for #11666 (10 ms)
[ok]: corrupt payload: load corrupted rdb with empty keys (1016 ms)
[ok]: Crash report generated on SIGABRT (61 ms)
[ok]: EVAL timeout with slow verbatim Lua script from AOF (2560 ms)
[ok]: PSYNC2: --- CYCLE 1 --- (0 ms)
[ok]: PSYNC2: [NEW LAYOUT] Set #3 as master (9 ms)
[ok]: PSYNC2: Set #4 to replicate from #0 (2 ms)
[ok]: Slave should be able to synchronize with the master (113 ms)
[ok]: Crash report generated on DEBUG SEGFAULT (58 ms)
[31/84 done]: integration/logging (3 seconds)
Testing integration/psync2-pingoff
[ok]: Fuzzer corrupt restore payloads - sanitize_dump: no (9873 ms)
[ok]: PSYNC2 #3899 regression: setup (1021 ms)
[ok]: Replica client-output-buffer size is limited to backlog_limit/16 when no replication data is pending (2678 ms)
[32/84 done]: integration/replication-buffer (48 seconds)
Testing integration/psync2-master-restart
[ok]: corrupt payload: load corrupted rdb with empty keys (935 ms)
[ok]: EVAL can process writes from AOF in read-only replicas (692 ms)
[ok]: Test redis-check-aof for old style resp AOF (42 ms)
[ok]: Test redis-check-aof for old style rdb-preamble AOF (26 ms)
[ok]: Test redis-check-aof for Multi Part AOF with resp AOF base (26 ms)
[ok]: Test redis-check-aof for Multi Part AOF with rdb-preamble AOF base (62 ms)
[ok]: Test redis-check-aof only truncates the last file for Multi Part AOF in fix mode (66 ms)
[ok]: Test redis-check-aof only truncates the last file for Multi Part AOF in truncate-to-timestamp mode (50 ms)
[ok]: PSYNC2 #3899 regression: kill first replica (1 ms)
[ok]: PSYNC2: Set #0 to replicate from #3 (1 ms)
[ok]: Detect write load to master (1007 ms)
[ok]: corrupt payload: listpack invalid size header (717 ms)
[ok]: FLUSHDB / FLUSHALL should persist in AOF (28 ms)
[33/84 done]: integration/aof (34 seconds)
Testing integration/failover
Waiting for process 5151 to exit...
[ok]: PSYNC2 pingoff: setup (1009 ms)
[ok]: PSYNC2 pingoff: write and wait replication (5 ms)
[ok]: corrupt payload: listpack too long entry len (739 ms)
[ok]: PSYNC2: Set #1 to replicate from #3 (1 ms)
[ok]: PSYNC2 #3899 regression: kill first replica (0 ms)
[ok]: PSYNC2 #3899 regression: kill first replica (1 ms)
[ok]: corrupt payload: listpack very long entry len (686 ms)
[ok]: failover command fails without connected replica (6 ms)
[ok]: setup replication for following tests (107 ms)
[ok]: failover command fails with invalid host (2 ms)
[ok]: failover command fails with invalid port (2 ms)
[ok]: failover command fails with just force and timeout (1 ms)
[ok]: failover command fails when sent to a replica (3 ms)
[ok]: failover command fails with force without timeout (1 ms)
[ok]: PSYNC2: Set #2 to replicate from #0 (5 ms)
[ok]: PSYNC2: Partial resync after Master restart using RDB aux fields when offset is 0 (1547 ms)
[ok]: corrupt payload: listpack too long entry prev len (778 ms)
[ok]: PSYNC2 #3899 regression: kill first replica (1 ms)
[ok]: PSYNC2 #3899 regression: kill chained replica (0 ms)
[ok]: PSYNC2 #3899 regression: kill chained replica (1 ms)
[ok]: PSYNC2: cluster is consistent after failover (6 ms)
[ok]: corrupt payload: stream with duplicate consumers (882 ms)
[ok]: PSYNC2 #3899 regression: kill chained replica (1 ms)
[ok]: failover command to specific replica works (1679 ms)
[ok]: corrupt payload: hash ziplist with duplicate records (757 ms)
[ok]: failover command to any replica works (515 ms)
[ok]: failover to a replica with force works (377 ms)
[ok]: PSYNC2 #3899 regression: kill first replica (1 ms)
[ok]: corrupt payload: hash listpack with duplicate records (758 ms)
[ok]: failover with timeout aborts if replica never catches up (659 ms)
[ok]: PSYNC2 #3899 regression: kill chained replica (1 ms)
[ok]: failovers can be aborted (120 ms)
[ok]: corrupt payload: hash listpack with duplicate records - convert (721 ms)
[ok]: client freed during loading (10355 ms)
[ok]: PSYNC2 #3899 regression: kill chained replica (1 ms)
[ok]: PSYNC2 pingoff: pause replica and promote it (5007 ms)
[ok]: failover aborts if target rejects sync request (694 ms)
[ok]: corrupt payload: hash ziplist uneven record count (740 ms)
[ok]: Test replication partial resync: ok psync (diskless: no, swapdb, reconnect: 1) (6167 ms)
[ok]: PSYNC2 #3899 regression: kill chained replica (2 ms)
[ok]: PSYNC2 #3899 regression: kill chained replica (2 ms)
[ok]: PSYNC2 #3899 regression: kill first replica (1 ms)
[ok]: Make the old master a replica of the new one and check conditions (1022 ms)
[ok]: PSYNC2 #3899 regression: kill chained replica (0 ms)
[ok]: corrupt payload: hash duplicate records (760 ms)
[ok]: PSYNC2 #3899 regression: kill first replica (2 ms)
[ok]: PSYNC2 #3899 regression: kill chained replica (3 ms)
[ok]: Slave should be able to synchronize with the master (113 ms)
[34/84 done]: integration/failover (7 seconds)
Testing integration/redis-cli
[ok]: corrupt payload: hash empty zipmap (759 ms)
[ok]: PSYNC2: generate load while killing replication links (5001 ms)
[ok]: PSYNC2: cluster is consistent after load (x = 3117) (9 ms)
[ok]: PSYNC2: total sum of full synchronizations is exactly 4 (7 ms)
[ok]: PSYNC2: --- CYCLE 2 --- (0 ms)
[ok]: PSYNC2: [NEW LAYOUT] Set #4 as master (5 ms)
[ok]: PSYNC2: Set #0 to replicate from #4 (2 ms)
[ok]: Interactive CLI: INFO response should be printed raw (71 ms)
[ok]: Interactive CLI: Status reply (72 ms)
[ok]: Interactive CLI: Integer reply (72 ms)
[ok]: corrupt payload: fuzzer findings - NPD in streamIteratorGetID (694 ms)
[ok]: Interactive CLI: Bulk reply (70 ms)
[ok]: Detect write load to master (1009 ms)
[ok]: Interactive CLI: Multi-bulk reply (89 ms)
[ok]: Test RDB load info (2916 ms)
[ok]: PSYNC2 #3899 regression: kill first replica (1 ms)
[ok]: Interactive CLI: Parsing quotes (447 ms)
[ok]: corrupt payload: fuzzer findings - listpack NPD on invalid stream (640 ms)
[ok]: Non-interactive TTY CLI: Status reply (39 ms)
[ok]: Non-interactive TTY CLI: Integer reply (59 ms)
[ok]: PSYNC2: Set #1 to replicate from #4 (2 ms)
[ok]: Non-interactive TTY CLI: Bulk reply (44 ms)
[ok]: Fuzzer corrupt restore payloads - sanitize_dump: yes (9921 ms)
[35/84 done]: integration/corrupt-dump-fuzzer (20 seconds)
Testing integration/redis-benchmark
[ok]: Non-interactive TTY CLI: Multi-bulk reply (60 ms)
[ok]: PSYNC2 #3899 regression: kill chained replica (1 ms)
[ok]: Non-interactive TTY CLI: Read last argument from pipe (137 ms)
[ok]: Non-interactive TTY CLI: Read last argument from file (84 ms)
[ok]: PSYNC2: Partial resync after Master restart using RDB aux fields with data (1487 ms)
[ok]: corrupt payload: fuzzer findings - NPD in quicklistIndex (497 ms)
[ok]: Non-interactive TTY CLI: Escape character in JSON mode (419 ms)
[ok]: Non-interactive non-TTY CLI: Status reply (46 ms)
[ok]: Non-interactive non-TTY CLI: Integer reply (34 ms)
[ok]: Non-interactive non-TTY CLI: Bulk reply (35 ms)
[ok]: Non-interactive non-TTY CLI: Multi-bulk reply (49 ms)
[ok]: benchmark: set,get (66 ms)
[ok]: PSYNC2 #3899 regression: kill chained replica (1 ms)
[ok]: PSYNC2: Set #2 to replicate from #0 (1 ms)
[ok]: benchmark: connecting using URI set,get (61 ms)
[ok]: Non-interactive non-TTY CLI: ASK redirect test (140 ms)
[ok]: PSYNC2 #3899 regression: kill first replica (1 ms)
[ok]: Non-interactive non-TTY CLI: Quoted input arguments (43 ms)
[ok]: benchmark: connecting using URI with authentication set,get (78 ms)
[ok]: Non-interactive non-TTY CLI: No accidental unquoting of input arguments (98 ms)
[ok]: corrupt payload: fuzzer findings - encoded entry header reach outside the allocation (783 ms)
[ok]: Non-interactive non-TTY CLI: Invalid quoted input arguments (89 ms)
[ok]: PSYNC2 #3899 regression: kill chained replica (2 ms)
[ok]: Non-interactive non-TTY CLI: Read last argument from pipe (173 ms)
[ok]: Non-interactive non-TTY CLI: Read last argument from file (93 ms)
[ok]: corrupt payload: fuzzer findings - invalid ziplist encoding (777 ms)
[ok]: PSYNC2: Set #3 to replicate from #0 (1 ms)
[ok]: PSYNC2 #3899 regression: kill chained replica (0 ms)
[ok]: benchmark: full test suite (1323 ms)
[ok]: corrupt payload: fuzzer findings - hash crash (610 ms)
[ok]: benchmark: multi-thread set,get (566 ms)
[ok]: PSYNC2: cluster is consistent after failover (12 ms)
[ok]: corrupt payload: fuzzer findings - uneven entry count in hash (789 ms)
[ok]: test various edge cases of repl topology changes with missing pings at the end (3595 ms)
[ok]: ZRANGEBYSCORE fuzzy test, 100 ranges in 128 element sorted set - listpack (31386 ms)
[ok]: corrupt payload: fuzzer findings - invalid read in lzf_decompress (547 ms)
[ok]: PSYNC2: Partial resync after Master restart using RDB aux fields with expire (4019 ms)
[ok]: SCAN regression test for issue #4906 (92051 ms)
[ok]: corrupt payload: fuzzer findings - leak in rdbloading due to dup entry in set (792 ms)
[ok]: ZRANGEBYLEX fuzzy test, 100 ranges in 128 element sorted set - listpack (967 ms)
[36/84 done]: unit/scan (94 seconds)
Testing integration/dismiss-mem
[ok]: corrupt payload: fuzzer findings - empty intset (552 ms)
[ok]: benchmark: pipelined full set,get (2320 ms)
[ok]: benchmark: arbitrary command (173 ms)
[ok]: benchmark: keyspace length (553 ms)
[ok]: benchmark: clients idle mode should return error when reached maxclients limit (46 ms)
[ok]: ZREMRANGEBYLEX fuzzy test, 100 ranges in 128 element sorted set - listpack (1246 ms)
[ok]: corrupt payload: fuzzer findings - zset ziplist entry lensize is 0 (891 ms)
[ok]: ZSETs skiplist implementation backlink consistency test - listpack (333 ms)
[37/84 done]: integration/redis-benchmark (6 seconds)
Testing unit/pubsub
[ok]: Dumping an RDB - functions only: no (5293 ms)
[ok]: PSYNC2 #3899 regression: kill first replica (0 ms)
[ok]: corrupt payload: fuzzer findings - valgrind ziplist prevlen reaches outside the ziplist (908 ms)
[ok]: Test replication partial resync: no backlog (diskless: no, swapdb, reconnect: 1) (7711 ms)
[ok]: Pub/Sub PING (11 ms)
[ok]: PUBLISH/SUBSCRIBE basics (19 ms)
[ok]: PUBLISH/SUBSCRIBE with two clients (11 ms)
[ok]: PUBLISH/SUBSCRIBE after UNSUBSCRIBE without arguments (11 ms)
[ok]: SUBSCRIBE to one channel more than once (8 ms)
[ok]: UNSUBSCRIBE from non-subscribed channels (6 ms)
[ok]: PSYNC2 #3899 regression: kill first replica (0 ms)
[ok]: PUBLISH/PSUBSCRIBE basics (18 ms)
[ok]: PUBLISH/PSUBSCRIBE with two clients (20 ms)
[ok]: PUBLISH/PSUBSCRIBE after PUNSUBSCRIBE without arguments (9 ms)
[ok]: dismiss all data types memory (2187 ms)
[ok]: PubSub messages with CLIENT REPLY OFF (104 ms)
[ok]: PUNSUBSCRIBE from non-subscribed channels (9 ms)
[ok]: NUMSUB returns numbers, not strings (#1561) (1 ms)
[ok]: NUMPATs returns the number of unique patterns (12 ms)
[ok]: Mix SUBSCRIBE and PSUBSCRIBE (10 ms)
[ok]: PUNSUBSCRIBE and UNSUBSCRIBE should always reply (1 ms)
[ok]: Keyspace notifications: we receive keyspace notifications (54 ms)
[ok]: Keyspace notifications: we receive keyevent notifications (44 ms)
[ok]: Keyspace notifications: we can receive both kind of events (12 ms)
[ok]: Keyspace notifications: we are able to mask events (6 ms)
[ok]: Keyspace notifications: general events test (14 ms)
[ok]: Keyspace notifications: list events test (9 ms)
[ok]: Keyspace notifications: set events test (14 ms)
[ok]: Keyspace notifications: zset events test (14 ms)
[ok]: Keyspace notifications: hash events test (8 ms)
[ok]: Keyspace notifications: stream events test (21 ms)
[ok]: Keyspace notifications: expired events (triggered expire) (114 ms)
[ok]: corrupt payload: fuzzer findings - valgrind - bad rdbLoadDoubleValue (776 ms)
[ok]: Keyspace notifications: expired events (background expire) (170 ms)
[ok]: Keyspace notifications: evicted events (23 ms)
[ok]: Keyspace notifications: test CONFIG GET/SET of event flags (11 ms)
[ok]: Keyspace notifications: new key test (16 ms)
[ok]: PSYNC2: generate load while killing replication links (5000 ms)
[ok]: PSYNC2: cluster is consistent after load (x = 6946) (12 ms)
[ok]: PSYNC2: total sum of full synchronizations is exactly 4 (7 ms)
[ok]: PSYNC2: --- CYCLE 3 --- (0 ms)
[ok]: PSYNC2: [NEW LAYOUT] Set #2 as master (3 ms)
[ok]: PSYNC2: Set #4 to replicate from #0 (0 ms)
[38/84 done]: unit/pubsub (2 seconds)
Testing unit/pubsubshard
[ok]: Chained replicas disconnect when replica re-connect with the same master (1959 ms)
[ok]: corrupt payload: fuzzer findings - valgrind ziplist prev too big (648 ms)
[ok]: Dumping an RDB - functions only: yes (1722 ms)
[ok]: SPUBLISH/SSUBSCRIBE basics (17 ms)
[ok]: SPUBLISH/SSUBSCRIBE with two clients (14 ms)
[ok]: SPUBLISH/SSUBSCRIBE after UNSUBSCRIBE without arguments (11 ms)
[ok]: SSUBSCRIBE to one channel more than once (10 ms)
[ok]: SUNSUBSCRIBE from non-subscribed channels (5 ms)
[ok]: PUBSUB command basics (2 ms)
[ok]: SPUBLISH/SSUBSCRIBE with two clients (13 ms)
[ok]: SPUBLISH/SSUBSCRIBE with PUBLISH/SUBSCRIBE (9 ms)
[ok]: PubSubShard with CLIENT REPLY OFF (97 ms)
[ok]: Slave should be able to synchronize with the master (120 ms)
[ok]: Scan mode (498 ms)
[ok]: PSYNC2: Set #0 to replicate from #2 (1 ms)
[ok]: PSYNC2: Set #1 to replicate from #2 (2 ms)
[ok]: PSYNC2: Set #3 to replicate from #1 (4 ms)
[ok]: PSYNC2: cluster is consistent after failover (6 ms)
[ok]: corrupt payload: fuzzer findings - lzf decompression fails, avoid valgrind invalid read (758 ms)
[ok]: Detect write load to master (1004 ms)
[ok]: setup replication for following tests (8 ms)
[ok]: publish message to master and receive on replica (2 ms)
[ok]: corrupt payload: fuzzer findings - stream bad lp_count (737 ms)
[ok]: dismiss client output buffer (2675 ms)
[39/84 done]: integration/psync2-pingoff (20 seconds)
Testing unit/slowlog
[ok]: dismiss client query buffer (214 ms)
[ok]: PSYNC2 #3899 regression: verify consistency (49 ms)
[ok]: SLOWLOG - check that it starts with an empty log (2 ms)
[ok]: corrupt payload: fuzzer findings - stream bad lp_count - unsanitized (713 ms)
[ok]: SLOWLOG - only logs commands taking more time than specified (206 ms)
[ok]: SLOWLOG - max entries is correctly handled (74 ms)
[ok]: SLOWLOG - GET optional argument to limit output len works (1 ms)
[ok]: SLOWLOG - RESET subcommand works (3 ms)
[ok]: SLOWLOG - logged entry sanity check (202 ms)
[ok]: SLOWLOG - Certain commands are omitted that contain sensitive information (5 ms)
[ok]: SLOWLOG - Some commands can redact sensitive fields (4 ms)
[ok]: SLOWLOG - Rewritten commands are logged as their original command (18 ms)
[ok]: SLOWLOG - commands with too many arguments are trimmed (3 ms)
[ok]: SLOWLOG - too long arguments are trimmed (2 ms)
[ok]: PSYNC2: Full resync after Master restart when too many key expired (6859 ms)
[ok]: Connecting as a replica (2212 ms)
[ok]: SLOWLOG - EXEC is not logged, just executed commands (205 ms)
[ok]: corrupt payload: fuzzer findings - stream integrity check issue (764 ms)
[ok]: SLOWLOG - can clean older entries (207 ms)
[40/84 done]: unit/pubsubshard (3 seconds)
Testing unit/scripting
[ok]: SLOWLOG - can be disabled (413 ms)
[ok]: SLOWLOG - count must be >= -1 (1 ms)
[ok]: SLOWLOG - get all slow logs (6 ms)
[ok]: dismiss replication backlog (1707 ms)
[ok]: EVAL - Does Lua interpreter replies to our requests? (6 ms)
[ok]: EVAL - Return _G (3 ms)
[ok]: EVAL - Return table with a metatable that raise error (3 ms)
[ok]: EVAL - Return table with a metatable that call redis (5 ms)
[ok]: EVAL - Lua integer -> Redis protocol type conversion (1 ms)
[ok]: EVAL - Lua string -> Redis protocol type conversion (3 ms)
[ok]: EVAL - Lua true boolean -> Redis protocol type conversion (3 ms)
[ok]: EVAL - Lua false boolean -> Redis protocol type conversion (3 ms)
[ok]: EVAL - Lua status code reply -> Redis protocol type conversion (4 ms)
[ok]: EVAL - Lua error reply -> Redis protocol type conversion (3 ms)
[ok]: EVAL - Lua table -> Redis protocol type conversion (1 ms)
[ok]: EVAL - Are the KEYS and ARGV arrays populated correctly? (1 ms)
[ok]: EVAL - is Lua able to call Redis API? (4 ms)
[ok]: EVAL - Redis integer -> Lua type conversion (5 ms)
[ok]: EVAL - Redis bulk -> Lua type conversion (5 ms)
[ok]: EVAL - Redis multi bulk -> Lua type conversion (6 ms)
[ok]: EVAL - Redis status reply -> Lua type conversion (4 ms)
[ok]: EVAL - Redis error reply -> Lua type conversion (4 ms)
[ok]: EVAL - Redis nil bulk reply -> Lua type conversion (2 ms)
[ok]: EVAL - Is the Lua client using the currently selected DB? (7 ms)
[ok]: EVAL - SELECT inside Lua should not affect the caller (6 ms)
[ok]: EVAL - Scripts can't run blpop command (2 ms)
[ok]: corrupt payload: fuzzer findings - infinite loop (638 ms)
[ok]: EVAL - Scripts can't run brpop command (4 ms)
[ok]: EVAL - Scripts can't run brpoplpush command (2 ms)
[ok]: EVAL - Scripts can't run blmove command (1 ms)
[ok]: EVAL - Scripts can't run bzpopmin command (2 ms)
[ok]: EVAL - Scripts can't run bzpopmax command (2 ms)
[41/84 done]: integration/psync2-master-restart (22 seconds)
Testing unit/functions
[ok]: EVAL - Scripts can't run XREAD and XREADGROUP with BLOCK option (15 ms)
[ok]: EVAL - Scripts can run non-deterministic commands (2 ms)
[ok]: EVAL - No arguments to redis.call/pcall is considered an error (2 ms)
[ok]: EVAL - redis.call variant raises a Lua error on Redis cmd error (1) (2 ms)
[42/84 done]: unit/slowlog (2 seconds)
Testing unit/maxmemory
[ok]: EVAL - redis.call variant raises a Lua error on Redis cmd error (1) (6 ms)
[ok]: EVAL - redis.call variant raises a Lua error on Redis cmd error (1) (3 ms)
[ok]: EVAL - JSON numeric decoding (4 ms)
[ok]: EVAL - JSON string decoding (3 ms)
[ok]: EVAL - JSON smoke test (2 ms)
[ok]: EVAL - cmsgpack can pack double? (3 ms)
[ok]: EVAL - cmsgpack can pack negative int64? (4 ms)
[43/84 done]: integration/dismiss-mem (7 seconds)
Testing unit/introspection
[44/84 done]: integration/psync2-reg (24 seconds)
Testing unit/introspection-2
[ok]: PING (7 ms)
[ok]: CLIENT LIST (3 ms)
[ok]: CLIENT LIST with IDs (1 ms)
[ok]: CLIENT INFO (0 ms)
[ok]: CLIENT KILL with illegal arguments (3 ms)
[ok]: CLIENT KILL SKIPME YES/NO will kill all clients (13 ms)
[ok]: EVAL - cmsgpack pack/unpack smoke test (377 ms)
[ok]: EVAL - cmsgpack can pack and unpack circular references? (4 ms)
[ok]: EVAL - Numerical sanity check from bitop (2 ms)
[ok]: FUNCTION - Basic usage (9 ms)
[ok]: EVAL - Verify minimal bitop functionality (2 ms)
[ok]: FUNCTION - Load with unknown argument (0 ms)
[ok]: FUNCTION - Create an already exiting library raise error (0 ms)
[ok]: EVAL - Able to parse trailing comments (3 ms)
[ok]: FUNCTION - Create an already exiting library raise error (case insensitive) (0 ms)
[ok]: EVAL_RO - Successful case (4 ms)
[ok]: FUNCTION - Create a library with wrong name format (1 ms)
[ok]: FUNCTION - Create library with unexisting engine (1 ms)
[ok]: FUNCTION - Test uncompiled script (1 ms)
[ok]: EVAL_RO - Cannot run write commands (4 ms)
[ok]: FUNCTION - test replace argument (1 ms)
[ok]: redis.sha1hex() implementation (4 ms)
[ok]: Globals protection reading an undeclared global variable (1 ms)
[ok]: FUNCTION - test function case insensitive (2 ms)
[ok]: CLIENT REPLY OFF/ON: disable all commands reply (46 ms)
[ok]: Test child sending info (11962 ms)
[ok]: FUNCTION - test replace argument with failure keeps old libraries (2 ms)
[ok]: Globals protection setting an undeclared global* (3 ms)
[ok]: FUNCTION - test function delete (2 ms)
[ok]: FUNCTION - test fcall bad arguments (2 ms)
[ok]: FUNCTION - test fcall bad number of keys arguments (1 ms)
[ok]: FUNCTION - test fcall negative number of keys (1 ms)
[ok]: Test an example script DECR_IF_GT (14 ms)
[ok]: FUNCTION - test delete on not exiting library (2 ms)
[ok]: FUNCTION - test function kill when function is not running (2 ms)
[ok]: FUNCTION - test wrong subcommand (2 ms)
[ok]: FUNCTION - test loading from rdb (6 ms)
[ok]: FUNCTION - test debug reload different options (5 ms)
[ok]: FUNCTION - test debug reload with nosave and noflush (13 ms)
[ok]: FUNCTION - test flushall and flushdb do not clean functions (9 ms)
[ok]: CLIENT REPLY SKIP: skip the next command reply (47 ms)
[ok]: FUNCTION - test function dump and restore (12 ms)
[ok]: FUNCTION - test function dump and restore with flush argument (12 ms)
[ok]: FUNCTION - test function dump and restore with append argument (10 ms)
[ok]: FUNCTION - test function dump and restore with replace argument (9 ms)
[ok]: FUNCTION - test function restore with bad payload do not drop existing functions (8 ms)
[ok]: FUNCTION - test function restore with wrong number of arguments (1 ms)
[ok]: FUNCTION - test fcall_ro with write command (3 ms)
[ok]: CLIENT REPLY ON: unset SKIP flag (45 ms)
[ok]: MONITOR can log executed commands (4 ms)
[ok]: FUNCTION - test fcall_ro with read only commands (9 ms)
[ok]: FUNCTION - test keys and argv (2 ms)
[ok]: MONITOR can log commands issued by the scripting engine (8 ms)
[ok]: FUNCTION - test command get keys on fcall (2 ms)
[ok]: FUNCTION - test command get keys on fcall_ro (0 ms)
[ok]: MONITOR can log commands issued by functions (9 ms)
[ok]: MONITOR supports redacting command arguments (16 ms)
[ok]: MONITOR correctly handles multi-exec cases (17 ms)
[ok]: CLIENT GETNAME should return NIL if name is not assigned (3 ms)
[ok]: CLIENT LIST shows empty fields for unassigned names (1 ms)
[ok]: CLIENT SETNAME does not accept spaces (1 ms)
[ok]: CLIENT SETNAME can assign a name to this connection (4 ms)
[ok]: CLIENT SETNAME can change the name of an existing connection (1 ms)
[ok]: After CLIENT SETNAME, connection can still be closed (9 ms)
[ok]: eviction due to output buffers of many MGET clients, client eviction: false (220 ms)
[ok]: corrupt payload: fuzzer findings - hash ziplist too long entry len (776 ms)
[ok]: FUNCTION - test function kill (427 ms)
[ok]: script won't load anymore if it's in rdb (4 ms)
[ok]: ZSETs ZRANK augmented skip list stress testing - listpack (6957 ms)
[ok]: corrupt payload: OOM in rdbGenericLoadStringObject (560 ms)
[ok]: FUNCTION - test script kill not working on function (419 ms)
[ok]: BZPOPMIN, ZADD + DEL should not awake blocked client (117 ms)
[ok]: BZPOPMIN, ZADD + DEL + SET should not awake blocked client (18 ms)
[ok]: BZMPOP_MIN, ZADD + DEL should not awake blocked client (15 ms)
[ok]: BZMPOP_MIN, ZADD + DEL + SET should not awake blocked client (16 ms)
[ok]: BZPOPMIN with same key multiple times should work (16 ms)
[ok]: MULTI/EXEC is isolated from the point of view of BZPOPMIN (14 ms)
[ok]: BZPOPMIN with variadic ZADD (12 ms)
[ok]: FUNCTION - test function kill not working on eval (419 ms)
[ok]: FUNCTION - test function flush (9 ms)
[ok]: FUNCTION - test function wrong argument (1 ms)
[ok]: PSYNC2: generate load while killing replication links (5003 ms)
[ok]: PSYNC2: cluster is consistent after load (x = 11186) (5 ms)
[ok]: PSYNC2: total sum of full synchronizations is exactly 4 (5 ms)
[ok]: PSYNC2: --- CYCLE 4 --- (0 ms)
[ok]: PSYNC2: [NEW LAYOUT] Set #2 as master (3 ms)
[ok]: PSYNC2: Set #0 to replicate from #3 (2 ms)
[ok]: PSYNC2: Set #4 to replicate from #2 (1 ms)
[ok]: PSYNC2: Set #1 to replicate from #3 (1 ms)
[ok]: PSYNC2: Set #3 to replicate from #2 (1 ms)
[ok]: corrupt payload: fuzzer findings - OOM in dictExpand (772 ms)
[ok]: PSYNC2: cluster is consistent after failover (6 ms)
[ok]: BZPOPMIN with zero timeout should block indefinitely (1006 ms)
[ok]: MULTI/EXEC is isolated from the point of view of BZMPOP_MIN (17 ms)
[ok]: BZMPOP_MIN with variadic ZADD (9 ms)
[ok]: Piping raw protocol (3563 ms)
[ok]: corrupt payload: fuzzer findings - zset ziplist invalid tail offset (747 ms)
[ok]: Options -X with illegal argument (158 ms)
[ok]: Connect a replica to the master instance (9 ms)
[ok]: DUMP RESTORE with -x option (273 ms)
[ok]: failed bgsave prevents writes (1163 ms)
[ok]: FUNCTION - creation is replicated to replica (414 ms)
[ok]: FUNCTION - call on replica (0 ms)
[ok]: FUNCTION - restore is replicated to replica (9 ms)
[ok]: FUNCTION - delete is replicated to replica (1 ms)
[ok]: FUNCTION - flush is replicated to replica (3 ms)
[ok]: DUMP RESTORE with -X option (246 ms)
[ok]: Disconnecting the replica from master instance (108 ms)
[ok]: FUNCTION - test replication to replica on rdb phase (1 ms)
[ok]: FUNCTION - test replication to replica on rdb phase info command (0 ms)
[ok]: FUNCTION - create on read only replica (1 ms)
[ok]: FUNCTION - delete on read only replica (1 ms)
[ok]: TTL, TYPE and EXISTS do not alter the last access time of a key (3004 ms)
[45/84 done]: integration/rdb (37 seconds)
Testing unit/limits
[ok]: BZMPOP_MIN with zero timeout should block indefinitely (1010 ms)
[ok]: corrupt payload: fuzzer findings - negative reply length (713 ms)
[ok]: CONFIG save params special case handled properly (2949 ms)
[46/84 done]: integration/redis-cli (18 seconds)
Testing unit/obuf-limits
[ok]: CONFIG sanity (121 ms)
[ok]: ZSCORE - skiplist (149 ms)
[ok]: ZMSCORE - skiplist (196 ms)
[ok]: corrupt payload: fuzzer findings - valgrind negative malloc (530 ms)
[ok]: ZSCORE after a DEBUG RELOAD - skiplist (189 ms)
[ok]: CONFIG SET client-output-buffer-limit (14 ms)
[ok]: eviction due to input buffer of a dead client, client eviction: false (3516 ms)
[ok]: FUNCTION - function effect is replicated to replica (922 ms)
[ok]: FUNCTION - modify key space of read only replica (0 ms)
[ok]: ZSET sorting stresser - skiplist (293 ms)
[ok]: CONFIG REWRITE sanity (750 ms)
[ok]: Check if maxclients works refusing connections (947 ms)
[ok]: corrupt payload: fuzzer findings - valgrind invalid read (720 ms)
[47/84 done]: unit/limits (2 seconds)
Testing unit/bitops
[ok]: BITCOUNT returns 0 against non existing key (2 ms)
[ok]: BITCOUNT returns 0 with out of range indexes (5 ms)
[ok]: BITCOUNT returns 0 with negative indexes where start > end (1 ms)
[ok]: BITCOUNT against test vector #1 (4 ms)
[ok]: BITCOUNT against test vector #2 (1 ms)
[ok]: BITCOUNT against test vector #3 (3 ms)
[ok]: BITCOUNT against test vector #4 (1 ms)
[ok]: corrupt payload: fuzzer findings - empty hash ziplist (524 ms)
[ok]: BITCOUNT against test vector #5 (2 ms)
[ok]: eviction due to output buffers of pubsub, client eviction: false (1245 ms)
[ok]: eviction due to output buffers of many MGET clients, client eviction: true (184 ms)
[ok]: BITCOUNT fuzzing without start/end (675 ms)
[ok]: corrupt payload: fuzzer findings - stream with no records (679 ms)
[ok]: TOUCH alters the last access time of a key (3003 ms)
[ok]: TOUCH returns the number of existing keys specified (5 ms)
[ok]: command stats for GEOADD (6 ms)
[ok]: errors stats for GEOADD (3 ms)
[ok]: command stats for EXPIRE (4 ms)
[ok]: command stats for BRPOP (6 ms)
[ok]: command stats for MULTI (11 ms)
[ok]: command stats for scripts (8 ms)
[ok]: COMMAND GETKEYS GET (0 ms)
[ok]: COMMAND GETKEYSANDFLAGS (3 ms)
[ok]: COMMAND GETKEYS MEMORY USAGE (2 ms)
[ok]: COMMAND GETKEYS XGROUP (2 ms)
[ok]: COMMAND GETKEYS EVAL with keys (3 ms)
[ok]: COMMAND GETKEYS EVAL without keys (2 ms)
[ok]: COMMAND GETKEYS LCS (0 ms)
[ok]: COMMAND GETKEYS MORE THAN 256 KEYS (3 ms)
[ok]: COMMAND LIST syntax error (7 ms)
[ok]: COMMAND LIST WITHOUT FILTERBY (2 ms)
[ok]: COMMAND LIST FILTERBY ACLCAT against non existing category (5 ms)
[ok]: COMMAND LIST FILTERBY ACLCAT - list all commands/subcommands (3 ms)
[ok]: COMMAND LIST FILTERBY PATTERN - list all commands/subcommands (6 ms)
[ok]: COMMAND LIST FILTERBY MODULE against non existing module (0 ms)
[ok]: COMMAND INFO of invalid subcommands (2 ms)
[ok]: SET command will not be marked with movablekeys (2 ms)
[ok]: GET command will not be marked with movablekeys (3 ms)
[ok]: MSET command will not be marked with movablekeys (2 ms)
[ok]: BITFIELD command will not be marked with movablekeys (1 ms)
[ok]: LMOVE command will not be marked with movablekeys (0 ms)
[ok]: LPOP command will not be marked with movablekeys (0 ms)
[ok]: BLPOP command will not be marked with movablekeys (2 ms)
[ok]: PING command will not be marked with movablekeys (2 ms)
[ok]: MEMORY command will not be marked with movablekeys (1 ms)
[ok]: MEMORY|USAGE command will not be marked with movablekeys (3 ms)
[ok]: RENAME command will not be marked with movablekeys (1 ms)
[ok]: GEORADIUS_RO command will not be marked with movablekeys (1 ms)
[ok]: ZUNIONSTORE command is marked with movablekeys (2 ms)
[ok]: XREAD command is marked with movablekeys (3 ms)
[ok]: EVAL command is marked with movablekeys (1 ms)
[ok]: SORT command is marked with movablekeys (2 ms)
[ok]: SORT_RO command is marked with movablekeys (3 ms)
[ok]: MIGRATE command is marked with movablekeys (3 ms)
[ok]: GEORADIUS command is marked with movablekeys (5 ms)
[ok]: corrupt payload: fuzzer findings - quicklist ziplist tail followed by extra data which start with 0xff (729 ms)
[ok]: FUNCTION can processes create, delete and flush commands in AOF when doing "debug loadaof" in read-only slaves (855 ms)
[48/84 done]: unit/introspection-2 (7 seconds)
Testing unit/bitfield
[ok]: CONFIG REWRITE handles save and shutdown properly (2521 ms)
[ok]: CONFIG SET with multiple args (9 ms)
[ok]: CONFIG SET rollback on set error (20 ms)
[ok]: LIBRARIES - test shared function can access default globals (6 ms)
[ok]: LIBRARIES - usage and code sharing (3 ms)
[ok]: Test replication partial resync: ok after delay (diskless: no, swapdb, reconnect: 1) (9173 ms)
[ok]: LIBRARIES - test registration failure revert the entire load (5 ms)
[ok]: LIBRARIES - test registration function name collision (3 ms)
[ok]: LIBRARIES - test registration function name collision on same library (2 ms)
[ok]: LIBRARIES - test registration with no argument (1 ms)
[ok]: LIBRARIES - test registration with only name (2 ms)
[ok]: LIBRARIES - test registration with to many arguments (1 ms)
[ok]: LIBRARIES - test registration with no string name (3 ms)
[ok]: LIBRARIES - test registration with wrong name format (2 ms)
[ok]: LIBRARIES - test registration with empty name (2 ms)
[ok]: LIBRARIES - math.random from function load (9 ms)
[ok]: LIBRARIES - redis.call from function load (1 ms)
[ok]: LIBRARIES - redis.setresp from function load (0 ms)
[ok]: LIBRARIES - redis.set_repl from function load (0 ms)
[ok]: LIBRARIES - malicious access test (6 ms)
[ok]: LIBRARIES - delete removed all functions on library (1 ms)
[ok]: LIBRARIES - register function inside a function (1 ms)
[ok]: LIBRARIES - register library with no functions (5 ms)
[ok]: CONFIG SET rollback on apply error (63 ms)
[ok]: CONFIG SET duplicate configs (0 ms)
[ok]: CONFIG SET set immutable (2 ms)
[ok]: CONFIG GET hidden configs (9 ms)
[ok]: CONFIG GET multiple args (1 ms)
[ok]: BITCOUNT fuzzing with start/end (1083 ms)
[ok]: BITCOUNT with start, end (8 ms)
[ok]: BITCOUNT syntax error #1 (1 ms)
[ok]: PSYNC2: generate load while killing replication links (5002 ms)
[ok]: BITCOUNT syntax error #2 (0 ms)
[ok]: PSYNC2: cluster is consistent after load (x = 13770) (5 ms)
[ok]: BITCOUNT regression test for github issue #582 (2 ms)
[ok]: BITCOUNT misaligned prefix (4 ms)
[ok]: BITCOUNT misaligned prefix + full words + remainder (2 ms)
[ok]: BITOP NOT (empty string) (2 ms)
[ok]: BITOP NOT (known string) (2 ms)
[ok]: BITOP where dest and target are the same key (3 ms)
[ok]: BITOP AND|OR|XOR don't change the string with single input key (5 ms)
[ok]: PSYNC2: total sum of full synchronizations is exactly 4 (4 ms)
[ok]: BITOP missing key is considered a stream of zero (7 ms)
[ok]: BITOP shorter keys are zero-padded to the key with max length (5 ms)
[ok]: PSYNC2: --- CYCLE 5 --- (0 ms)
[ok]: PSYNC2: [NEW LAYOUT] Set #2 as master (5 ms)
[ok]: PSYNC2: Set #4 to replicate from #2 (0 ms)
[ok]: PSYNC2: Set #0 to replicate from #2 (4 ms)
[ok]: PSYNC2: Set #1 to replicate from #2 (1 ms)
[ok]: PSYNC2: Set #3 to replicate from #2 (2 ms)
[ok]: PSYNC2: cluster is consistent after failover (10 ms)
[ok]: corrupt payload: fuzzer findings - dict init to huge size (499 ms)
[ok]: BITFIELD signed SET and GET basics (7 ms)
[ok]: BITFIELD unsigned SET and GET basics (3 ms)
[ok]: BITFIELD signed SET and GET together (2 ms)
[ok]: BITFIELD unsigned with SET, GET and INCRBY arguments (2 ms)
[ok]: BITFIELD with only key as argument (2 ms)
[ok]: BITFIELD #<idx> form (4 ms)
[ok]: BITFIELD basic INCRBY form (4 ms)
[ok]: BITFIELD chaining of multiple commands (5 ms)
[ok]: BITFIELD unsigned overflow wrap (6 ms)
[ok]: BITFIELD unsigned overflow sat (5 ms)
[ok]: BITFIELD signed overflow wrap (5 ms)
[ok]: BITFIELD signed overflow sat (5 ms)
[ok]: BITOP and fuzzing (312 ms)
[ok]: redis-server command line arguments - error cases (378 ms)
[ok]: LIBRARIES - load timeout (503 ms)
[ok]: LIBRARIES - verify global protection on the load run (6 ms)
[ok]: LIBRARIES - named arguments (3 ms)
[ok]: LIBRARIES - named arguments, bad function name (1 ms)
[ok]: LIBRARIES - named arguments, bad callback type (0 ms)
[ok]: LIBRARIES - named arguments, bad description (2 ms)
[ok]: LIBRARIES - named arguments, unknown argument (2 ms)
[ok]: LIBRARIES - named arguments, missing function name (2 ms)
[ok]: LIBRARIES - named arguments, missing callback (1 ms)
[ok]: FUNCTION - test function restore with function name collision (25 ms)
[ok]: FUNCTION - test function list with code (3 ms)
[ok]: FUNCTION - test function list with pattern (3 ms)
[ok]: FUNCTION - test function list wrong argument (1 ms)
[ok]: FUNCTION - test function list with bad argument to library name (1 ms)
[ok]: FUNCTION - test function list withcode multiple times (3 ms)
[ok]: FUNCTION - test function list libraryname multiple times (6 ms)
[ok]: FUNCTION - verify OOM on function load and function restore (16 ms)
[ok]: FUNCTION - verify allow-omm allows running any command (4 ms)
[ok]: BITOP or fuzzing (309 ms)
[ok]: corrupt payload: fuzzer findings - huge string (736 ms)
[ok]: BITOP xor fuzzing (307 ms)
[ok]: BITOP NOT fuzzing (65 ms)
[ok]: BITOP with integer encoded source objects (4 ms)
[ok]: BITOP with non string source key (1 ms)
[ok]: BITOP with empty string after non empty string (issue #529) (5 ms)
[ok]: BITPOS bit=0 with empty key returns 0 (1 ms)
[ok]: BITPOS bit=1 with empty key returns -1 (1 ms)
[ok]: BITPOS bit=0 with string less than 1 word works (3 ms)
[ok]: BITPOS bit=1 with string less than 1 word works (3 ms)
[ok]: BITPOS bit=0 starting at unaligned address (2 ms)
[ok]: BITPOS bit=1 starting at unaligned address (5 ms)
[ok]: BITPOS bit=0 unaligned+full word+reminder (7 ms)
[ok]: BITPOS bit=1 unaligned+full word+reminder (13 ms)
[ok]: redis-server command line arguments - allow passing option name and option value in the same arg (762 ms)
[ok]: BITPOS bit=1 returns -1 if string is all 0 bits (52 ms)
[ok]: BITPOS bit=0 works with intervals (8 ms)
[ok]: BITPOS bit=1 works with intervals (16 ms)
[ok]: BITPOS bit=0 changes behavior if end is given (2 ms)
[ok]: SETBIT/BITFIELD only increase dirty when the value changed (21 ms)
[ok]: FUNCTION - wrong flags type named arguments (5 ms)
[ok]: FUNCTION - wrong flag type (2 ms)
[ok]: FUNCTION - unknown flag (5 ms)
[ok]: FUNCTION - write script on fcall_ro (2 ms)
[ok]: FUNCTION - write script with no-writes flag (2 ms)
[ok]: FUNCTION - deny oom (2 ms)
[ok]: FUNCTION - deny oom on no-writes function (6 ms)
[ok]: FUNCTION - allow stale (9 ms)
[ok]: FUNCTION - redis version api (5 ms)
[ok]: FUNCTION - function stats (2 ms)
[ok]: FUNCTION - function stats reloaded correctly from rdb (3 ms)
[ok]: FUNCTION - function stats delete library (8 ms)
[ok]: FUNCTION - test function stats on loading failure (3 ms)
[ok]: FUNCTION - function stats cleaned after flush (1 ms)
[ok]: FUNCTION - function test empty engine (1 ms)
[ok]: FUNCTION - function test unknown metadata value (2 ms)
[ok]: FUNCTION - function test no name (1 ms)
[ok]: FUNCTION - function test multiple names (0 ms)
[ok]: FUNCTION - function test name with quotes (2 ms)
[ok]: FUNCTION - trick global protection 1 (3 ms)
[ok]: FUNCTION - test getmetatable on script load (1 ms)
[ok]: corrupt payload: fuzzer findings - stream PEL without consumer (730 ms)
[49/84 done]: unit/functions (9 seconds)
Testing unit/geo
[ok]: Slave should be able to synchronize with the master (112 ms)
[ok]: redis-server command line arguments - wrong usage that we support anyway (720 ms)
[ok]: GEO with wrong type src key (10 ms)
[ok]: GEO with non existing src key (12 ms)
[ok]: GEO BYLONLAT with empty search (4 ms)
[ok]: GEO BYMEMBER with non existing member (9 ms)
[ok]: GEOADD create (0 ms)
[ok]: GEOADD update (2 ms)
[ok]: GEOADD update with CH option (3 ms)
[ok]: GEOADD update with NX option (4 ms)
[ok]: GEOADD update with XX option (1 ms)
[ok]: GEOADD update with CH NX option (2 ms)
[ok]: GEOADD update with CH XX option (2 ms)
[ok]: GEOADD update with XX NX option will return syntax error (5 ms)
[ok]: GEOADD update with invalid option (1 ms)
[ok]: GEOADD invalid coordinates (1 ms)
[ok]: GEOADD multi add (3 ms)
[ok]: Check geoset values (1 ms)
[ok]: GEORADIUS simple (sorted) (1 ms)
[ok]: GEOSEARCH simple (sorted) (3 ms)
[ok]: GEOSEARCH FROMLONLAT and FROMMEMBER cannot exist at the same time (3 ms)
[ok]: GEOSEARCH FROMLONLAT and FROMMEMBER one must exist (2 ms)
[ok]: GEOSEARCH BYRADIUS and BYBOX cannot exist at the same time (2 ms)
[ok]: GEOSEARCH BYRADIUS and BYBOX one must exist (4 ms)
[ok]: GEOSEARCH with STOREDIST option (0 ms)
[ok]: GEORADIUS withdist (sorted) (1 ms)
[ok]: GEOSEARCH withdist (sorted) (5 ms)
[ok]: GEORADIUS with COUNT (2 ms)
[ok]: GEORADIUS with ANY not sorted by default (2 ms)
[ok]: GEORADIUS with ANY sorted by ASC (1 ms)
[ok]: GEORADIUS with ANY but no COUNT (0 ms)
[ok]: GEORADIUS with COUNT but missing integer argument (2 ms)
[ok]: GEORADIUS with COUNT DESC (6 ms)
[ok]: GEORADIUS HUGE, issue #2767 (2 ms)
[ok]: GEORADIUSBYMEMBER simple (sorted) (1 ms)
[ok]: GEORADIUSBYMEMBER search areas contain satisfied points in oblique direction (8 ms)
[ok]: GEORADIUSBYMEMBER crossing pole search (4 ms)
[ok]: GEOSEARCH FROMMEMBER simple (sorted) (4 ms)
[ok]: GEOSEARCH vs GEORADIUS (8 ms)
[ok]: GEOSEARCH non square, long and narrow (4 ms)
[ok]: GEOSEARCH corner point test (5 ms)
[ok]: GEORADIUSBYMEMBER withdist (sorted) (5 ms)
[ok]: GEOHASH is able to return geohash strings (2 ms)
[ok]: GEOPOS simple (7 ms)
[ok]: GEOPOS missing element (4 ms)
[ok]: GEODIST simple & unit (8 ms)
[ok]: GEODIST missing elements (7 ms)
[ok]: GEORADIUS STORE option: syntax error (2 ms)
[ok]: corrupt payload: fuzzer findings - stream listpack valgrind issue (670 ms)
[ok]: GEOSEARCHSTORE STORE option: syntax error (0 ms)
[ok]: GEORANGE STORE option: incompatible options (6 ms)
[ok]: GEORANGE STORE option: plain usage (6 ms)
[ok]: GEORADIUSBYMEMBER STORE/STOREDIST option: plain usage (9 ms)
[ok]: GEOSEARCHSTORE STORE option: plain usage (1 ms)
[ok]: GEORANGE STOREDIST option: plain usage (4 ms)
[ok]: GEOSEARCHSTORE STOREDIST option: plain usage (3 ms)
[ok]: GEORANGE STOREDIST option: COUNT ASC and DESC (12 ms)
[ok]: GEOSEARCH the box spans -180° or 180° (7 ms)
[ok]: GEOSEARCH with small distance (2 ms)
[ok]: redis-server command line arguments - allow option value to use the `--` prefix (715 ms)
[ok]: BITFIELD overflow detection fuzzing (2420 ms)
[ok]: Detect write load to master (1010 ms)
[ok]: corrupt payload: fuzzer findings - stream with bad lpFirst (550 ms)
[ok]: redis-server command line arguments - option name and option value in the same arg and `--` prefix (753 ms)
[ok]: corrupt payload: fuzzer findings - stream listpack lpPrev valgrind issue (726 ms)
[ok]: corrupt payload: fuzzer findings - stream with non-integer entry id (508 ms)
[ok]: BITPOS bit=1 fuzzy testing using SETBIT (3311 ms)
[ok]: corrupt payload: fuzzer findings - empty quicklist (739 ms)
[ok]: eviction due to input buffer of a dead client, client eviction: true (6504 ms)
[ok]: PSYNC2: generate load while killing replication links (5001 ms)
[ok]: PSYNC2: cluster is consistent after load (x = 16528) (8 ms)
[ok]: LTRIM stress testing - ziplist (65045 ms)
[ok]: PSYNC2: total sum of full synchronizations is exactly 4 (11 ms)
[ok]: PSYNC2: --- CYCLE 6 --- (0 ms)
[ok]: PSYNC2: [NEW LAYOUT] Set #2 as master (4 ms)
[ok]: PSYNC2: Set #0 to replicate from #4 (1 ms)
[ok]: PSYNC2: Set #4 to replicate from #2 (1 ms)
[ok]: PSYNC2: Set #1 to replicate from #2 (2 ms)
[ok]: PSYNC2: Set #3 to replicate from #0 (3 ms)
[ok]: PSYNC2: cluster is consistent after failover (14 ms)
[ok]: BITFIELD overflow wrap fuzzing (2696 ms)
[ok]: BITFIELD regression for #3221 (0 ms)
[ok]: BITFIELD regression for #3564 (7 ms)
[50/84 done]: unit/type/list-2 (113 seconds)
Testing unit/memefficiency
[ok]: corrupt payload: fuzzer findings - empty zset (738 ms)
[ok]: corrupt payload: fuzzer findings - hash with len of 0 (566 ms)
[ok]: BITFIELD: setup slave (8 ms)
[ok]: redis-server command line arguments - save with empty input (3396 ms)
[ok]: corrupt payload: fuzzer findings - hash listpack first element too long entry len (723 ms)
[ok]: eviction due to output buffers of pubsub, client eviction: true (1820 ms)
[ok]: BITFIELD: write on master, read on slave (739 ms)
[ok]: BITFIELD_RO with only key as argument (2 ms)
[ok]: BITFIELD_RO fails when write option is used (3 ms)
[ok]: redis-server command line arguments - take one bulk string with spaces for MULTI_ARG configs parsing (525 ms)
[ok]: corrupt payload: fuzzer findings - stream double free listpack when insert dup node to rax returns 0 (526 ms)
[ok]: Without maxmemory small integers are shared (6 ms)
[ok]: With maxmemory and non-LRU policy integers are still shared (5 ms)
[ok]: BITPOS bit=0 fuzzy testing using SETBIT (3164 ms)
[ok]: With maxmemory and LRU policy integers are not shared (11 ms)
[51/84 done]: unit/bitfield (8 seconds)
Testing unit/hyperloglog
[ok]: corrupt payload: fuzzer findings - LCS OOM (515 ms)
[ok]: cannot modify protected configuration - no (3 ms)
[ok]: EVAL does not leak in the Lua stack (15150 ms)
[ok]: corrupt payload: fuzzer findings - gcc asan reports false leak on assert (656 ms)
[ok]: Call Redis command with many args from Lua (issue #1764) (3 ms)
[ok]: Number conversion precision test (issue #1118) (6 ms)
[ok]: String containing number precision test (regression of issue #1118) (2 ms)
[ok]: Verify negative arg count is error instead of crash (issue #1842) (4 ms)
[ok]: Scripts can handle commands with incorrect arity (5 ms)
[ok]: Correct handling of reused argv (issue #1939) (7 ms)
[ok]: Functions in the Redis namespace are able to report errors (5 ms)
[ok]: CLUSTER RESET can not be invoke from within a script (4 ms)
[ok]: Script with RESP3 map (17 ms)
[ok]: cannot modify protected configuration - local (43 ms)
[ok]: Script return recursive object (188 ms)
[ok]: Script check unpack with massive arguments (5 ms)
[ok]: Script read key with expiration set (7 ms)
[ok]: Script del key with expiration set (4 ms)
[ok]: Script ACL check (25 ms)
[ok]: Binary code loading failed (3 ms)
[ok]: Try trick global protection 1 (4 ms)
[ok]: Try trick global protection 2 (2 ms)
[ok]: Try trick global protection 3 (3 ms)
[ok]: Try trick global protection 4 (3 ms)
[ok]: Try trick readonly table on redis table (4 ms)
[ok]: Try trick readonly table on json table (3 ms)
[ok]: Try trick readonly table on cmsgpack table (4 ms)
[ok]: Try trick readonly table on bit table (5 ms)
[ok]: Test loadfile are not available (4 ms)
[ok]: Test dofile are not available (4 ms)
[ok]: Test print are not available (3 ms)
[ok]: corrupt payload: fuzzer findings - lpFind invalid access (575 ms)
[ok]: maxmemory - is the memory limit honoured? (policy allkeys-random) (1525 ms)
[ok]: HyperLogLog self test passes (1718 ms)
[ok]: PFADD without arguments creates an HLL value (2 ms)
[ok]: Approximated cardinality after creation is zero (3 ms)
[ok]: PFADD returns 1 when at least 1 reg was modified (1 ms)
[ok]: PFADD returns 0 when no reg was modified (2 ms)
[ok]: PFADD works with empty string (regression) (0 ms)
[ok]: PFCOUNT returns approximated cardinality of set (5 ms)
[ok]: corrupt payload: fuzzer findings - invalid access in ziplist tail prevlen decoding (723 ms)
[ok]: Timedout read-only scripts can be killed by SCRIPT KILL (428 ms)
[ok]: Timedout read-only scripts can be killed by SCRIPT KILL even when use pcall (120 ms)
[ok]: PSYNC2: generate load while killing replication links (5000 ms)
[ok]: PSYNC2: cluster is consistent after load (x = 18952) (13 ms)
[ok]: PSYNC2: total sum of full synchronizations is exactly 4 (7 ms)
[ok]: Timedout script does not cause a false dead client (119 ms)
[ok]: PSYNC2: --- CYCLE 7 --- (0 ms)
[ok]: PSYNC2: [NEW LAYOUT] Set #3 as master (2 ms)
[ok]: PSYNC2: Set #0 to replicate from #4 (1 ms)
[ok]: Timedout script link is still usable after Lua returns (156 ms)
[ok]: corrupt payload: fuzzer findings - zset zslInsert with a NAN score (673 ms)
[ok]: Timedout scripts and unblocked command (545 ms)
[ok]: corrupt payload: fuzzer findings - streamLastValidID panic (523 ms)
[ok]: Timedout scripts that modified data can't be killed by SCRIPT KILL (211 ms)
[ok]: SHUTDOWN NOSAVE can kill a timedout script anyway (20 ms)
[ok]: Memory efficiency with values in range 32 (5419 ms)
[ok]: PSYNC2: Set #4 to replicate from #3 (1 ms)
[ok]: BITPOS/BITCOUNT fuzzy testing using SETBIT (3852 ms)
[ok]: maxmemory - is the memory limit honoured? (policy allkeys-lru) (2366 ms)
[ok]: corrupt payload: fuzzer findings - valgrind fishy value warning (620 ms)
[52/84 done]: integration/corrupt-dump (52 seconds)
Testing unit/lazyfree
[53/84 done]: unit/bitops (14 seconds)
Testing unit/wait
[ok]: Test replication partial resync: backlog expired (diskless: no, swapdb, reconnect: 1) (9182 ms)
[ok]: Before the replica connects we issue two EVAL commands (4 ms)
[ok]: Connect a replica to the master instance (11 ms)
[ok]: UNLINK can reclaim memory in background (399 ms)
[ok]: PSYNC2: Set #1 to replicate from #2 (5 ms)
[ok]: PSYNC2: Set #2 to replicate from #0 (1 ms)
[ok]: Replication of script multiple pushes to list with BLPOP (522 ms)
[ok]: Lua scripts using SELECT are replicated correctly (13 ms)
[ok]: FLUSHDB ASYNC can reclaim memory in background (327 ms)
[ok]: Setup slave (107 ms)
[ok]: HyperLogLogs are promote from sparse to dense (3228 ms)
[ok]: maxmemory - is the memory limit honoured? (policy allkeys-lfu) (1398 ms)
[ok]: WAIT should acknowledge 1 additional copy of the data (626 ms)
[ok]: PSYNC2: cluster is consistent after failover (11 ms)
[ok]: lazy free a stream with all types of metadata (879 ms)
[ok]: lazy free a stream with deleted cgroup (8 ms)
[ok]: Slave should be able to synchronize with the master (522 ms)
[54/84 done]: unit/lazyfree (2 seconds)
Testing unit/pause
Waiting for process 9742 to exit...
[ok]: Test read commands are not blocked by client pause (6 ms)
[ok]: WAIT should not acknowledge 2 additional copies of the data (1006 ms)
[ok]: Test write commands are paused by RO (6 ms)
[ok]: Test special commands are paused by RO (12 ms)
[ok]: Test read/admin mutli-execs are not blocked by pause RO (13 ms)
[ok]: Test write mutli-execs are blocked by pause RO (6 ms)
[ok]: Test scripts are blocked by pause RO (5 ms)
[ok]: Test RO scripts are not blocked by pause RO (11 ms)
[ok]: Test read-only scripts in mutli-exec are not blocked by pause RO (11 ms)
[ok]: maxmemory - is the memory limit honoured? (policy volatile-lru) (1352 ms)
[ok]: Test write scripts in mutli-exec are blocked by pause RO (16 ms)
[ok]: Test may-replicate commands are rejected in RO scripts (5 ms)
[ok]: Test multiple clients can be queued up and unblocked (11 ms)
[ok]: Test clients with syntax errors will get responses immediately (4 ms)
[ok]: Test both active and passive expires are skipped during client pause (114 ms)
[ok]: Test that client pause starts at the end of a transaction (10 ms)
[ok]: Connect a replica to the master instance (112 ms)
[ok]: Redis.replicate_commands() can be issued anywhere now (3 ms)
[ok]: Redis.set_repl() can be issued before replicate_commands() now (2 ms)
[ok]: Redis.set_repl() don't accept invalid values (3 ms)
[ok]: Detect write load to master (1004 ms)
[ok]: Test replication partial resync: no reconnection, just sync (diskless: yes, disabled, reconnect: 0) (102 ms)
[ok]: Test selective replication of certain Redis commands from Lua (517 ms)
[ok]: PRNG is seeded randomly for command replication (4 ms)
[ok]: Using side effects is not a problem with command replication (9 ms)
[ok]: WAIT should not acknowledge 1 additional copy if slave is blocked (1101 ms)
[ok]: Test when replica paused, offset would not grow (737 ms)
[ok]: Test replica offset would grow after unpause (12 ms)
[ok]: maxmemory - is the memory limit honoured? (policy volatile-lfu) (1633 ms)
[55/84 done]: unit/pause (2 seconds)
Testing unit/querybuf
[ok]: WAIT implicitly blocks on client pause since ACKs aren't sent (1101 ms)
[ok]: Slave should be able to synchronize with the master (325 ms)
[ok]: test RESP2/2 big number protocol parsing (6 ms)
[ok]: test RESP2/2 malformed big number protocol parsing (1 ms)
[ok]: test RESP2/2 map protocol parsing (1 ms)
[ok]: test RESP2/2 set protocol parsing (1 ms)
[ok]: test RESP2/2 double protocol parsing (1 ms)
[ok]: test RESP2/2 null protocol parsing (2 ms)
[ok]: test RESP2/2 verbatim protocol parsing (1 ms)
[ok]: test RESP2/2 true protocol parsing (2 ms)
[ok]: test RESP2/2 false protocol parsing (0 ms)
[ok]: test RESP2/3 big number protocol parsing (3 ms)
[ok]: test RESP2/3 malformed big number protocol parsing (2 ms)
[ok]: test RESP2/3 map protocol parsing (1 ms)
[ok]: test RESP2/3 set protocol parsing (4 ms)
[ok]: test RESP2/3 double protocol parsing (0 ms)
[ok]: test RESP2/3 null protocol parsing (2 ms)
[ok]: test RESP2/3 verbatim protocol parsing (1 ms)
[ok]: test RESP2/3 true protocol parsing (2 ms)
[ok]: test RESP2/3 false protocol parsing (3 ms)
[ok]: test RESP3/2 big number protocol parsing (3 ms)
[ok]: test RESP3/2 malformed big number protocol parsing (2 ms)
[ok]: test RESP3/2 map protocol parsing (3 ms)
[ok]: test RESP3/2 set protocol parsing (1 ms)
[ok]: test RESP3/2 double protocol parsing (3 ms)
[ok]: test RESP3/2 null protocol parsing (4 ms)
[ok]: test RESP3/2 verbatim protocol parsing (3 ms)
[ok]: test RESP3/2 true protocol parsing (1 ms)
[ok]: test RESP3/2 false protocol parsing (1 ms)
[ok]: test RESP3/3 big number protocol parsing (1 ms)
[ok]: test RESP3/3 malformed big number protocol parsing (10 ms)
[ok]: test RESP3/3 map protocol parsing (1 ms)
[ok]: test RESP3/3 set protocol parsing (0 ms)
[ok]: test RESP3/3 double protocol parsing (1 ms)
[ok]: test RESP3/3 null protocol parsing (3 ms)
[ok]: test RESP3/3 verbatim protocol parsing (0 ms)
[ok]: test RESP3/3 true protocol parsing (3 ms)
[ok]: test RESP3/3 false protocol parsing (4 ms)
[ok]: test resp3 attribute protocol parsing (2 ms)
[ok]: Script block the time during execution (17 ms)
[ok]: Script delete the expired key (10 ms)
[56/84 done]: unit/wait (5 seconds)
Testing unit/pendingquerybuf
[ok]: Script - disallow write on OOM (9 ms)
[ok]: EVAL - Does Lua interpreter replies to our requests? (0 ms)
[ok]: EVAL - Return _G (0 ms)
[ok]: EVAL - Return table with a metatable that raise error (3 ms)
[ok]: EVAL - Return table with a metatable that call redis (2 ms)
[ok]: EVAL - Lua integer -> Redis protocol type conversion (1 ms)
[ok]: EVAL - Lua string -> Redis protocol type conversion (1 ms)
[ok]: EVAL - Lua true boolean -> Redis protocol type conversion (1 ms)
[ok]: EVAL - Lua false boolean -> Redis protocol type conversion (3 ms)
[ok]: EVAL - Lua status code reply -> Redis protocol type conversion (3 ms)
[ok]: EVAL - Lua error reply -> Redis protocol type conversion (3 ms)
[ok]: EVAL - Lua table -> Redis protocol type conversion (0 ms)
[ok]: EVAL - Are the KEYS and ARGV arrays populated correctly? (1 ms)
[ok]: EVAL - is Lua able to call Redis API? (1 ms)
[ok]: EVALSHA - Can we call a SHA1 if already defined? (1 ms)
[ok]: EVALSHA - Can we call a SHA1 in uppercase? (4 ms)
[ok]: EVALSHA - Do we get an error on invalid SHA1? (1 ms)
[ok]: EVALSHA - Do we get an error on non defined SHA1? (1 ms)
[ok]: EVAL - Redis integer -> Lua type conversion (0 ms)
[ok]: EVAL - Redis bulk -> Lua type conversion (1 ms)
[ok]: EVAL - Redis multi bulk -> Lua type conversion (2 ms)
[ok]: EVAL - Redis status reply -> Lua type conversion (1 ms)
[ok]: EVAL - Redis error reply -> Lua type conversion (5 ms)
[ok]: EVAL - Redis nil bulk reply -> Lua type conversion (8 ms)
[ok]: EVAL - Is the Lua client using the currently selected DB? (2 ms)
[ok]: EVAL - SELECT inside Lua should not affect the caller (4 ms)
[ok]: EVAL - Scripts can't run blpop command (1 ms)
[ok]: EVAL - Scripts can't run brpop command (0 ms)
[ok]: EVAL - Scripts can't run brpoplpush command (1 ms)
[ok]: EVAL - Scripts can't run blmove command (1 ms)
[ok]: EVAL - Scripts can't run bzpopmin command (0 ms)
[ok]: Detect write load to master (1008 ms)
[ok]: EVAL - Scripts can't run bzpopmax command (2 ms)
[ok]: EVAL - Scripts can't run XREAD and XREADGROUP with BLOCK option (9 ms)
[ok]: EVAL - Scripts can run non-deterministic commands (0 ms)
[ok]: EVAL - No arguments to redis.call/pcall is considered an error (1 ms)
[ok]: EVAL - redis.call variant raises a Lua error on Redis cmd error (1) (1 ms)
[ok]: EVAL - redis.call variant raises a Lua error on Redis cmd error (1) (1 ms)
[ok]: EVAL - redis.call variant raises a Lua error on Redis cmd error (1) (3 ms)
[ok]: EVAL - JSON numeric decoding (2 ms)
[ok]: EVAL - JSON string decoding (2 ms)
[ok]: EVAL - JSON smoke test (0 ms)
[ok]: EVAL - cmsgpack can pack double? (2 ms)
[ok]: EVAL - cmsgpack can pack negative int64? (1 ms)
[ok]: Memory efficiency with values in range 64 (6588 ms)
[ok]: EVAL - cmsgpack pack/unpack smoke test (593 ms)
[ok]: EVAL - cmsgpack can pack and unpack circular references? (1 ms)
[ok]: EVAL - Numerical sanity check from bitop (1 ms)
[ok]: EVAL - Verify minimal bitop functionality (1 ms)
[ok]: EVAL - Able to parse trailing comments (2 ms)
[ok]: EVAL_RO - Successful case (2 ms)
[ok]: EVAL_RO - Cannot run write commands (2 ms)
[ok]: PSYNC2: generate load while killing replication links (5000 ms)
[ok]: SCRIPTING FLUSH - is able to clear the scripts cache? (48 ms)
[ok]: PSYNC2: cluster is consistent after load (x = 21703) (7 ms)
[ok]: PSYNC2: total sum of full synchronizations is exactly 4 (10 ms)
[ok]: SCRIPTING FLUSH ASYNC (52 ms)
[ok]: SCRIPT EXISTS - can detect already defined scripts? (2 ms)
[ok]: PSYNC2: Bring the master back again for next test (10 ms)
[ok]: SCRIPT LOAD - is able to register scripts in the scripting cache (7 ms)
[ok]: SORT is normally not alpha re-ordered for the scripting engine (3 ms)
[ok]: SORT BY <constant> output gets ordered for scripting (2 ms)
[ok]: SORT BY <constant> with GET gets ordered for scripting (6 ms)
[ok]: redis.sha1hex() implementation (2 ms)
[ok]: Globals protection reading an undeclared global variable (2 ms)
[ok]: Globals protection setting an undeclared global* (1 ms)
[ok]: Test an example script DECR_IF_GT (4 ms)
[ok]: random numbers are random now (3 ms)
[ok]: Scripting engine PRNG can be seeded correctly (3 ms)
Waiting for process 9742 to exit...
[ok]: PSYNC2: Partial resync after restart using RDB aux fields (486 ms)
[ok]: config during loading (10568 ms)
[ok]: query buffer resized correctly (2956 ms)
[ok]: query buffer resized correctly when not idle (208 ms)
[ok]: maxmemory - is the memory limit honoured? (policy volatile-random) (3850 ms)
[ok]: Master stream is correctly processed while the replica has a script in -BUSY state (48781 ms)
[57/84 done]: unit/querybuf (4 seconds)
Testing unit/tls
[ok]: ZRANGEBYSCORE fuzzy test, 100 ranges in 100 element sorted set - skiplist (23038 ms)
[58/84 done]: integration/psync2 (51 seconds)
Testing unit/tracking
[ok]: CONFIG REWRITE handles rename-command properly (1100 ms)
[59/84 done]: unit/tls (1 seconds)
Testing unit/oom-score-adj
[ok]: ZRANGEBYLEX fuzzy test, 100 ranges in 100 element sorted set - skiplist (519 ms)
[ok]: Clients are able to enable tracking and redirect it (2 ms)
[ok]: The other connection is able to get invalidations (3 ms)
[ok]: The client is now able to disable tracking (3 ms)
[ok]: Clients can enable the BCAST mode with the empty prefix (1 ms)
[ok]: The connection gets invalidation messages about all the keys (3 ms)
[ok]: Clients can enable the BCAST mode with prefixes (12 ms)
[ok]: Adding prefixes to BCAST mode works (4 ms)
[ok]: Tracking NOLOOP mode in standard mode works (5 ms)
[ok]: Tracking NOLOOP mode in BCAST mode works (4 ms)
[ok]: CONFIG SET oom-score-adj works as expected (188 ms)
[ok]: CONFIG SET oom-score-adj-values doesn't touch proc when disabled (1 ms)
[ok]: CONFIG SET oom score restored on disable (2 ms)
[ok]: CONFIG SET oom score relative and absolute (2 ms)
[ok]: CONFIG SET out-of-range oom score (1 ms)
[ok]: ZREMRANGEBYLEX fuzzy test, 100 ranges in 100 element sorted set - skiplist (918 ms)
[ok]: ZSETs skiplist implementation backlink consistency test - skiplist (226 ms)
[ok]: Tracking gets notification of expired keys (1007 ms)
[ok]: Tracking gets notification of lazy expired keys (105 ms)
[ok]: HELLO 3 reply is correct (0 ms)
[ok]: HELLO without protover (9 ms)
[ok]: RESP3 based basic invalidation (7 ms)
[ok]: RESP3 tracking redirection (8 ms)
[ok]: Invalidations of previous keys can be redirected after switching to RESP3 (6 ms)
[ok]: Invalidations of new keys can be redirected after switching to RESP3 (2 ms)
[ok]: Invalid keys should not be tracked for scripts in NOLOOP mode (13 ms)
[ok]: Tracking only occurs for scripts when a command calls a read-only command (8 ms)
[ok]: RESP3 Client gets tracking-redir-broken push message after cached key changed when rediretion client is terminated (17 ms)
[ok]: Different clients can redirect to the same connection (9 ms)
[ok]: Different clients using different protocols can track the same key (12 ms)
[ok]: No invalidation message when using OPTIN option (11 ms)
[ok]: Invalidation message sent when using OPTIN option with CLIENT CACHING yes (12 ms)
[ok]: Invalidation message sent when using OPTOUT option (3 ms)
[ok]: No invalidation message when using OPTOUT option with CLIENT CACHING no (6 ms)
[ok]: Able to redirect to a RESP3 client (9 ms)
[ok]: After switching from normal tracking to BCAST mode, no invalidation message is produced for pre-BCAST keys (12 ms)
[ok]: BCAST with prefix collisions throw errors (10 ms)
[ok]: hdel deliver invalidate message after response in the same connection (6 ms)
[ok]: Tracking invalidation message is not interleaved with multiple keys response (125 ms)
[ok]: Tracking invalidation message is not interleaved with transaction response (5 ms)
[ok]: Tracking invalidation message of eviction keys should be before response (18 ms)
[ok]: Unblocked BLMOVE gets notification after response (6 ms)
[ok]: Tracking gets notification on tracking table key eviction (84 ms)
[ok]: Invalidation message received for flushall (17 ms)
[ok]: Invalidation message received for flushdb (14 ms)
[ok]: Test ASYNC flushall (26 ms)
[ok]: flushdb tracking invalidation message is not interleaved with transaction response (13 ms)
[60/84 done]: unit/oom-score-adj (2 seconds)
Testing unit/shutdown
[ok]: Diskless load swapdb (different replid): new database is exposed after swapping (2 ms)
[ok]: Server is able to evacuate enough keys when num of keys surpasses limit by more than defined initial effort (636 ms)
[ok]: Tracking info is correct (15 ms)
[ok]: CLIENT GETREDIR provides correct client id (6 ms)
[ok]: CLIENT TRACKINGINFO provides reasonable results when tracking off (1 ms)
[ok]: CLIENT TRACKINGINFO provides reasonable results when tracking on (2 ms)
[ok]: CLIENT TRACKINGINFO provides reasonable results when tracking on with options (2 ms)
[ok]: CLIENT TRACKINGINFO provides reasonable results when tracking optin (8 ms)
[ok]: CLIENT TRACKINGINFO provides reasonable results when tracking optout (3 ms)
[ok]: CLIENT TRACKINGINFO provides reasonable results when tracking bcast mode (8 ms)
[ok]: CONFIG REWRITE handles alias config properly (2608 ms)
[61/84 done]: unit/introspection (30 seconds)
Testing unit/networking
[ok]: CLIENT TRACKINGINFO provides reasonable results when tracking redir broken (23 ms)
[ok]: Regression test for #11715 (7 ms)
[ok]: RESP3 based basic invalidation with client reply off (12 ms)
[ok]: RESP2 based basic invalidation with client reply off (53 ms)
[ok]: RESP3 based basic redirect invalidation with client reply off (22 ms)
[ok]: RESP3 based basic tracking-redir-broken with client reply off (10 ms)
[ok]: Temp rdb will be deleted if we use bg_unlink when shutdown (324 ms)
[62/84 done]: unit/tracking (4 seconds)
Testing unit/cluster
[ok]: CONFIG SET port number (511 ms)
[ok]: Test replication partial resync: ok psync (diskless: yes, disabled, reconnect: 1) (6179 ms)
[ok]: maxmemory - is the memory limit honoured? (policy volatile-ttl) (4143 ms)
[ok]: SHUTDOWN ABORT can cancel SIGTERM (102 ms)
[ok]: HyperLogLog sparse encoding stress test (11464 ms)
[ok]: Temp rdb will be deleted in signal handle (180 ms)
[ok]: Corrupted sparse HyperLogLogs are detected: Additional at tail (7 ms)
[ok]: Corrupted sparse HyperLogLogs are detected: Broken magic (2 ms)
[ok]: Corrupted sparse HyperLogLogs are detected: Invalid encoding (4 ms)
[ok]: Corrupted dense HyperLogLogs are detected: Wrong length (1 ms)
[ok]: CONFIG SET bind address (549 ms)
[ok]: pending querybuf: check size of pending_querybuf after set a big value (6702 ms)
[ok]: RDB save will be failed in shutdown (68 ms)
[ok]: SHUTDOWN will abort if rdb save failed on signal (68 ms)
[ok]: SHUTDOWN will abort if rdb save failed on shutdown command (5 ms)
[ok]: SHUTDOWN can proceed if shutdown command was with nosave (54 ms)
[ok]: Clean up rdb same named folder (40 ms)
[ok]: GEOSEARCH fuzzy test - byradius (22637 ms)
[63/84 done]: unit/shutdown (2 seconds)
Testing unit/client-eviction
[ok]: Memory efficiency with values in range 128 (7285 ms)
[ok]: Diskless load swapdb (different replid): replica enter loading (492 ms)
[ok]: Diskless load swapdb (different replid): old database is exposed after replication fails (4 ms)
[ok]: client evicted due to large argv (153 ms)
[ok]: client evicted due to large query buf (67 ms)
[64/84 done]: unit/pendingquerybuf (9 seconds)
Testing unit/violations
[ok]: client evicted due to percentage of maxmemory (36 ms)
[ok]: Slave should be able to synchronize with the master (317 ms)
[ok]: CONFIG SET bind-source-addr (1578 ms)
[ok]: client evicted due to large multi buf (329 ms)
[ok]: SORT adds integer field to list (9 ms)
[65/84 done]: unit/violations (0 seconds)
Testing unit/replybufsize
[ok]: Create 3 node cluster (1770 ms)
[ok]: Run blocking command on cluster node3 (0 ms)
[ok]: Perform a Resharding (68 ms)
[ok]: Verify command got unblocked after resharding (39 ms)
[ok]: Wait for cluster to be stable (150 ms)
[ok]: Sanity test push cmd after resharding (3 ms)
[ok]: Run blocking command again on cluster node1 (1 ms)
[ok]: Detect write load to master (1007 ms)
[ok]: Default bind address configuration handling (777 ms)
[ok]: Protected mode works as expected (31 ms)
[ok]: EVAL does not leak in the Lua stack (8704 ms)
[ok]: SPOP: We can call scripts rewriting client->argv from Lua (46 ms)
[ok]: MGET: mget shouldn't be propagated in Lua (95 ms)
[ok]: EXPIRE: We can call scripts rewriting client->argv from Lua (98 ms)
[66/84 done]: unit/networking (4 seconds)
Testing unit/cluster-scripting
[ok]: verify reply buffer limits (678 ms)
[67/84 done]: unit/replybufsize (2 seconds)
Testing unit/cluster/misc
[ok]: maxmemory - only allkeys-* should remove non-volatile keys (allkeys-random) (4118 ms)
[ok]: ZSETs ZRANK augmented skip list stress testing - skiplist (6224 ms)
[ok]: BZPOPMIN, ZADD + DEL should not awake blocked client (10 ms)
[ok]: BZPOPMIN, ZADD + DEL + SET should not awake blocked client (9 ms)
[ok]: BZMPOP_MIN, ZADD + DEL should not awake blocked client (2 ms)
[ok]: BZMPOP_MIN, ZADD + DEL + SET should not awake blocked client (5 ms)
[ok]: BZPOPMIN with same key multiple times should work (9 ms)
[ok]: MULTI/EXEC is isolated from the point of view of BZPOPMIN (7 ms)
[ok]: BZPOPMIN with variadic ZADD (6 ms)
[ok]: INCRBYFLOAT: We can call scripts expanding client->argv from Lua (856 ms)
[ok]: Call Redis command with many args from Lua (issue #1764) (2 ms)
[ok]: Number conversion precision test (issue #1118) (5 ms)
[ok]: String containing number precision test (regression of issue #1118) (2 ms)
[ok]: Verify negative arg count is error instead of crash (issue #1842) (3 ms)
[ok]: Scripts can handle commands with incorrect arity (3 ms)
[ok]: Correct handling of reused argv (issue #1939) (4 ms)
[ok]: Functions in the Redis namespace are able to report errors (1 ms)
[ok]: CLUSTER RESET can not be invoke from within a script (3 ms)
[ok]: Script with RESP3 map (11 ms)
[ok]: Kill a cluster node and wait for fail state (1642 ms)
[ok]: Script return recursive object (137 ms)
[ok]: Script check unpack with massive arguments (14 ms)
[ok]: Script read key with expiration set (2 ms)
[ok]: Script del key with expiration set (2 ms)
[ok]: Script ACL check (8 ms)
[ok]: Binary code loading failed (1 ms)
[ok]: Try trick global protection 1 (2 ms)
[ok]: Try trick global protection 2 (2 ms)
[ok]: Try trick global protection 3 (2 ms)
[ok]: Try trick global protection 4 (4 ms)
[ok]: Try trick readonly table on redis table (7 ms)
[ok]: Try trick readonly table on json table (2 ms)
[ok]: Verify command got unblocked after cluster failure (88 ms)
[ok]: Try trick readonly table on cmsgpack table (3 ms)
[ok]: Try trick readonly table on bit table (4 ms)
[ok]: Test loadfile are not available (1 ms)
[ok]: Test dofile are not available (3 ms)
[ok]: Test print are not available (0 ms)
[ok]: client evicted due to watched key list (3153 ms)
[ok]: BZPOPMIN with zero timeout should block indefinitely (1006 ms)
[ok]: MULTI/EXEC is isolated from the point of view of BZMPOP_MIN (13 ms)
[ok]: BZMPOP_MIN with variadic ZADD (10 ms)
[ok]: Eval scripts with shebangs and functions default to no cross slots (1 ms)
[ok]: Timedout read-only scripts can be killed by SCRIPT KILL (426 ms)
[ok]: Cross slot commands are allowed by default for eval scripts and with allow-cross-slot-keys flag (0 ms)
[ok]: Cross slot commands are also blocked if they disagree with pre-declared keys (0 ms)
[ok]: Timedout read-only scripts can be killed by SCRIPT KILL even when use pcall (68 ms)
[ok]: Memory efficiency with values in range 1024 (4682 ms)
[ok]: Timedout script does not cause a false dead client (159 ms)
[68/84 done]: unit/cluster-scripting (3 seconds)
Testing unit/cluster/links
[ok]: Timedout script link is still usable after Lua returns (149 ms)
[ok]: BZMPOP_MIN with zero timeout should block indefinitely (1010 ms)
[ok]: BZPOP/BZMPOP against wrong type (13 ms)
[ok]: BZMPOP with illegal argument (26 ms)
[ok]: BZMPOP with multiple blocked clients (25 ms)
[ok]: Timedout scripts and unblocked command (320 ms)
[ok]: BZMPOP propagate as pop with count command to replica (145 ms)
[ok]: BZMPOP should not blocks on non key arguments - #10762 (26 ms)
[ok]: Timedout scripts that modified data can't be killed by SCRIPT KILL (214 ms)
[ok]: SHUTDOWN NOSAVE can kill a timedout script anyway (26 ms)
[ok]: Diskless load swapdb (async_loading): new database is exposed after swapping (4 ms)
[ok]: Before the replica connects we issue two EVAL commands (6 ms)
[ok]: Key lazy expires during key migration (23 ms)
[ok]: Connect a replica to the master instance (107 ms)
[ok]: Now use EVALSHA against the master, with both SHAs (1 ms)
[ok]: maxmemory - only allkeys-* should remove non-volatile keys (allkeys-lru) (3504 ms)
[ok]: 'x' should be '4' for EVALSHA being replicated by effects (509 ms)
[ok]: ziplist implementation: encoding stress testing (97648 ms)
[ok]: Replication of script multiple pushes to list with BLPOP (13 ms)
[ok]: EVALSHA replication when first call is readonly (8 ms)
[ok]: Lua scripts using SELECT are replicated correctly (5 ms)
[69/84 done]: unit/type/list-3 (140 seconds)
[70/84 done]: unit/cluster/misc (5 seconds)
[ok]: Broadcast message across a cluster shard while a cluster link is down (110 ms)
[ok]: maxmemory - only allkeys-* should remove non-volatile keys (volatile-lru) (2140 ms)
[ok]: Diskless load swapdb (async_loading): replica enter async_loading (487 ms)
[71/84 done]: unit/cluster/links (4 seconds)
[ok]: Connect a replica to the master instance (9 ms)
[ok]: Redis.replicate_commands() can be issued anywhere now (2 ms)
[ok]: Redis.set_repl() can be issued before replicate_commands() now (2 ms)
[ok]: Redis.set_repl() don't accept invalid values (1 ms)
[ok]: Functions are added to new node on redis-cli cluster add-node (3011 ms)
[ok]: Test replication partial resync: no backlog (diskless: yes, disabled, reconnect: 1) (7692 ms)
[ok]: Test selective replication of certain Redis commands from Lua (312 ms)
[ok]: PRNG is seeded randomly for command replication (1 ms)
[ok]: Using side effects is not a problem with command replication (7 ms)
[ok]: Diskless load swapdb (async_loading): old database is exposed while async replication is in progress (946 ms)
[ok]: MIGRATE can correctly transfer large values (124751 ms)
[ok]: Busy script during async loading (706 ms)
[ok]: Blocked commands and configs during async-loading (1 ms)
[ok]: MIGRATE can correctly transfer hashes (536 ms)
[ok]: maxmemory - only allkeys-* should remove non-volatile keys (volatile-random) (1958 ms)
[ok]: Diskless load swapdb (async_loading): old database is exposed after async replication fails (1 ms)
[ok]: MIGRATE timeout actually works (1018 ms)
[ok]: ZSET skiplist order consistency when elements are moved (6385 ms)
[ok]: ZRANGESTORE basic (2 ms)
[ok]: ZRANGESTORE RESP3 (1 ms)
[ok]: ZRANGESTORE range (1 ms)
[ok]: ZRANGESTORE BYLEX (1 ms)
[ok]: ZRANGESTORE BYSCORE (1 ms)
[ok]: ZRANGESTORE BYSCORE LIMIT (1 ms)
[ok]: ZRANGESTORE BYSCORE REV LIMIT (2 ms)
[ok]: ZRANGE BYSCORE REV LIMIT (0 ms)
[ok]: ZRANGESTORE - src key missing (1 ms)
[ok]: ZRANGESTORE - src key wrong type (1 ms)
[ok]: ZRANGESTORE - empty range (1 ms)
[ok]: ZRANGESTORE BYLEX - empty range (1 ms)
[ok]: ZRANGESTORE BYSCORE - empty range (0 ms)
[ok]: ZRANGE BYLEX (1 ms)
[ok]: ZRANGESTORE invalid syntax (1 ms)
[ok]: ZRANGESTORE with zset-max-listpack-entries 0 #10767 case (1 ms)
[ok]: ZRANGESTORE with zset-max-listpack-entries 1 dst key should use skiplist encoding (2 ms)
[ok]: ZRANGE invalid syntax (3 ms)
[ok]: ZRANDMEMBER - listpack (32 ms)
[ok]: ZRANDMEMBER - skiplist (34 ms)
[ok]: ZRANDMEMBER with RESP3 (2 ms)
[ok]: ZRANDMEMBER count of 0 is handled correctly (0 ms)
[ok]: ZRANDMEMBER with <count> against non existing key (1 ms)
[ok]: ZRANDMEMBER count overflow (2 ms)
[ok]: ZRANDMEMBER count of 0 is handled correctly - emptyarray (0 ms)
[ok]: ZRANDMEMBER with <count> against non existing key - emptyarray (1 ms)
[ok]: Test scripting debug protocol parsing (6 ms)
[ok]: Test scripting debug lua stack overflow (8 ms)
[ok]: MIGRATE can migrate multiple keys at once (738 ms)
[ok]: MIGRATE with multiple keys must have empty key arg (1 ms)
[ok]: maxmemory - only allkeys-* should remove non-volatile keys (volatile-ttl) (1789 ms)
[ok]: Memory efficiency with values in range 16384 (7644 ms)
[ok]: Slave should be able to synchronize with the master (1536 ms)
[ok]: Detect write load to master (1 ms)
[ok]: ZRANDMEMBER with <count> - skiplist (797 ms)
[72/84 done]: unit/memefficiency (33 seconds)
[ok]: test RESP2/2 big number protocol parsing (3 ms)
[ok]: test RESP2/2 malformed big number protocol parsing (3 ms)
[ok]: test RESP2/2 map protocol parsing (0 ms)
[ok]: test RESP2/2 set protocol parsing (1 ms)
[ok]: test RESP2/2 double protocol parsing (1 ms)
[ok]: test RESP2/2 null protocol parsing (1 ms)
[ok]: test RESP2/2 verbatim protocol parsing (2 ms)
[ok]: test RESP2/2 true protocol parsing (1 ms)
[ok]: test RESP2/2 false protocol parsing (1 ms)
[ok]: test RESP2/3 big number protocol parsing (2 ms)
[ok]: test RESP2/3 malformed big number protocol parsing (1 ms)
[ok]: test RESP2/3 map protocol parsing (1 ms)
[ok]: test RESP2/3 set protocol parsing (1 ms)
[ok]: test RESP2/3 double protocol parsing (1 ms)
[ok]: test RESP2/3 null protocol parsing (1 ms)
[ok]: test RESP2/3 verbatim protocol parsing (1 ms)
[ok]: test RESP2/3 true protocol parsing (2 ms)
[ok]: test RESP2/3 false protocol parsing (1 ms)
[ok]: test RESP3/2 big number protocol parsing (2 ms)
[ok]: test RESP3/2 malformed big number protocol parsing (1 ms)
[ok]: test RESP3/2 map protocol parsing (2 ms)
[ok]: test RESP3/2 set protocol parsing (1 ms)
[ok]: test RESP3/2 double protocol parsing (2 ms)
[ok]: test RESP3/2 null protocol parsing (1 ms)
[ok]: test RESP3/2 verbatim protocol parsing (2 ms)
[ok]: test RESP3/2 true protocol parsing (0 ms)
[ok]: test RESP3/2 false protocol parsing (2 ms)
[ok]: test RESP3/3 big number protocol parsing (2 ms)
[ok]: test RESP3/3 malformed big number protocol parsing (1 ms)
[ok]: test RESP3/3 map protocol parsing (3 ms)
[ok]: test RESP3/3 set protocol parsing (1 ms)
[ok]: test RESP3/3 double protocol parsing (1 ms)
[ok]: test RESP3/3 null protocol parsing (1 ms)
[ok]: test RESP3/3 verbatim protocol parsing (1 ms)
[ok]: test RESP3/3 true protocol parsing (2 ms)
[ok]: test RESP3/3 false protocol parsing (1 ms)
[ok]: test resp3 attribute protocol parsing (2 ms)
[ok]: Script block the time during execution (11 ms)
[ok]: Script delete the expired key (7 ms)
[ok]: MIGRATE with multiple keys migrate just existing ones (730 ms)
[ok]: ZRANDMEMBER with <count> - listpack (787 ms)
[ok]: zset score double range (2 ms)
[ok]: Shebang support for lua engine (2 ms)
[ok]: Unknown shebang option (1 ms)
[ok]: Unknown shebang flag (1 ms)
[ok]: MIGRATE with multiple keys: stress command rewriting (748 ms)
[ok]: allow-oom shebang flag (14 ms)
[ok]: no-writes shebang flag (0 ms)
[73/84 done]: unit/type/zset (147 seconds)
[ok]: MIGRATE with multiple keys: delete just ack keys (476 ms)
[ok]: no-writes shebang flag on replica (131 ms)
[ok]: maxmemory - policy volatile-lru should only remove volatile keys. (2079 ms)
[ok]: not enough good replicas (5 ms)
[ok]: MIGRATE AUTH: correct and wrong password cases (538 ms)
[74/84 done]: unit/dump (148 seconds)
Waiting for process 11784 to exit...
[ok]: GEOSEARCH fuzzy test - bybox (15608 ms)
[ok]: GEOSEARCH box edges fuzzy test (179 ms)
[75/84 done]: unit/geo (39 seconds)
[ok]: not enough good replicas state change during long script (1985 ms)
[ok]: allow-stale shebang flag (9 ms)
[ok]: reject script do not cause a Lua stack leak (52 ms)
[ok]: client evicted due to pubsub subscriptions (13023 ms)
[ok]: client evicted due to tracking redirection (58 ms)
[ok]: Migrate the last slot away from a node using redis-cli (6309 ms)
[ok]: maxmemory - policy volatile-lfu should only remove volatile keys. (2821 ms)
[ok]: Consistent eval error reporting (42 ms)
[ok]: LUA redis.error_reply API (4 ms)
[ok]: LUA redis.error_reply API with empty string (2 ms)
[ok]: LUA redis.status_reply API (2 ms)
[ok]: LUA test pcall (1 ms)
[ok]: LUA test pcall with error (0 ms)
[ok]: LUA test pcall with non string/integer arg (2 ms)
[76/84 done]: unit/scripting (51 seconds)
[ok]: maxmemory - policy volatile-random should only remove volatile keys. (1997 ms)
[ok]: client evicted due to client tracking prefixes (3459 ms)
[ok]: client evicted due to output buf (20 ms)
[ok]: client no-evict on (108 ms)
[ok]: client no-evict off (62 ms)
[ok]: redis-cli --cluster create with cluster-port (1773 ms)
[ok]: maxmemory - policy volatile-ttl should only remove volatile keys. (2209 ms)
[ok]: Test replication partial resync: ok after delay (diskless: yes, disabled, reconnect: 1) (9188 ms)
[ok]: avoid client eviction when client is freed by output buffer limit (162 ms)
[ok]: redis-cli --cluster add-node with cluster-port (1103 ms)
[ok]: decrease maxmemory-clients causes client eviction (407 ms)
[77/84 done]: unit/cluster (25 seconds)
[ok]: evict clients only until below limit (250 ms)
[ok]: Slave should be able to synchronize with the master (1531 ms)
[ok]: Detect write load to master (1 ms)
[ok]: evict clients in right order (large to small) (251 ms)
[ok]: client total memory grows during client no-evict (164 ms)
[ok]: client total memory grows during maxmemory-clients disabled (160 ms)
[78/84 done]: unit/client-eviction (26 seconds)
[ok]: Test replication partial resync: backlog expired (diskless: yes, disabled, reconnect: 1) (9181 ms)
[ok]: SRANDMEMBER with a dict containing long chain (138139 ms)
[ok]: SMOVE basics - from regular set to intset (9 ms)
[ok]: SMOVE basics - from intset to regular set (4 ms)
[ok]: SMOVE non existing key (4 ms)
[ok]: SMOVE non existing src set (5 ms)
[ok]: SMOVE from regular set to non existing destination set (7 ms)
[ok]: SMOVE from intset to non existing destination set (7 ms)
[ok]: SMOVE wrong src key type (1 ms)
[ok]: SMOVE wrong dst key type (1 ms)
[ok]: SMOVE with identical source and destination (2 ms)
[ok]: SMOVE only notify dstset when the addition is successful (4 ms)
[ok]: Slave should be able to synchronize with the master (1324 ms)
[ok]: Detect write load to master (1 ms)
[ok]: Test replication partial resync: no reconnection, just sync (diskless: yes, swapdb, reconnect: 0) (439 ms)
[ok]: intsets implementation stress testing (5183 ms)
[79/84 done]: unit/type/set (173 seconds)
[ok]: Slave should be able to synchronize with the master (1225 ms)
[ok]: Detect write load to master (1 ms)
[ok]: Fuzzing dense/sparse encoding: Redis should always detect errors (46622 ms)
[ok]: PFADD, PFCOUNT, PFMERGE type checking works (6 ms)
[ok]: PFMERGE results on the cardinality of union of sets (3 ms)
[ok]: Test replication partial resync: ok psync (diskless: yes, swapdb, reconnect: 1) (6156 ms)
[ok]: Client output buffer hard limit is enforced (74796 ms)
[ok]: Slave should be able to synchronize with the master (1329 ms)
[ok]: Detect write load to master (3 ms)
[ok]: Client output buffer soft limit is enforced if time is overreached (6769 ms)
[ok]: Test replication partial resync: no backlog (diskless: yes, swapdb, reconnect: 1) (7940 ms)
[ok]: Slave should be able to synchronize with the master (1432 ms)
[ok]: Detect write load to master (0 ms)
[ok]: Client output buffer soft limit is not enforced too early and is enforced when no traffic (8052 ms)
[ok]: No response for single command if client output buffer hard limit is enforced (199 ms)
[ok]: No response for multi commands in pipeline if client output buffer limit is enforced (1048 ms)
[ok]: Execute transactions completely even if client output buffer limit is enforced (98 ms)
[ok]: Obuf limit, HRANDFIELD with huge count stopped mid-run (13 ms)
[ok]: Obuf limit, KEYS stopped mid-run (194 ms)
[ok]: PFCOUNT multiple-keys merge returns cardinality of union #1 (17392 ms)
[80/84 done]: unit/obuf-limits (92 seconds)
[ok]: Test replication partial resync: ok after delay (diskless: yes, swapdb, reconnect: 1) (9191 ms)
[ok]: Slave should be able to synchronize with the master (1424 ms)
[ok]: Detect write load to master (1 ms)
[ok]: PFCOUNT multiple-keys merge returns cardinality of union #2 (12412 ms)
[ok]: PFDEBUG GETREG returns the HyperLogLog raw registers (384 ms)
[ok]: PFADD / PFCOUNT cache invalidation works (3 ms)
[81/84 done]: unit/hyperloglog (93 seconds)
[ok]: diskless loading short read (62893 ms)
[ok]: Test replication partial resync: backlog expired (diskless: yes, swapdb, reconnect: 1) (10197 ms)
[82/84 done]: integration/replication-psync (186 seconds)
[ok]: diskless no replicas drop during rdb pipe (9884 ms)
[ok]: diskless slow replicas drop during rdb pipe (5873 ms)
[ok]: diskless fast replicas drop during rdb pipe (6834 ms)
[ok]: diskless all replicas drop during rdb pipe (2376 ms)
[ok]: diskless timeout replicas drop during rdb pipe (9109 ms)
[ok]: diskless replication child being killed is collected (3632 ms)
[ok]: replication child dies when parent is killed - diskless: yes (1784 ms)
[ok]: replication child dies when parent is killed - diskless: no (2080 ms)
[ok]: diskless replication read pipe cleanup (1943 ms)
[ok]: replicaof right after disconnection (2916 ms)
[ok]: Kill rdb child process if its dumping RDB is not useful (2236 ms)
[ok]: Don't disconnect with replicas before loading transferred RDB when full sync (1 ms)
[ok]: Discard cache master before loading transferred RDB when full sync (114 ms)
[ok]: replica can handle EINTR if use diskless load (1719 ms)
[ok]: replica do not write the reply to the replication link - SYNC (_addReplyToBufferOrList) (160 ms)
[ok]: replica do not write the reply to the replication link - SYNC (addReplyDeferredLen) (112 ms)
[ok]: replica do not write the reply to the replication link - PSYNC (_addReplyToBufferOrList) (156 ms)
[ok]: replica do not write the reply to the replication link - PSYNC (addReplyDeferredLen) (145 ms)
[ok]: PSYNC with wrong offset should throw error (37 ms)
[83/84 done]: integration/replication (252 seconds)
[ok]: slave buffer are counted correctly (203718 ms)
[ok]: replica buffer don't induce eviction (29583 ms)
[ok]: Don't rehash if used memory exceeds maxmemory after rehash (640 ms)
[ok]: client tracking don't cause eviction feedback loop (1775 ms)
[ok]: propagation with eviction (111 ms)
[ok]: propagation with eviction in MULTI (96 ms)
[84/84 done]: unit/maxmemory (296 seconds)
Testing solo test
[ignore]: Test LPUSH and LPOP on plain nodes over 4GB: large memory flag not provided
[ignore]: Test LINDEX and LINSERT on plain nodes over 4GB: large memory flag not provided
[ignore]: Test LTRIM on plain nodes over 4GB: large memory flag not provided
[ignore]: Test LREM on plain nodes over 4GB: large memory flag not provided
[ignore]: Test LSET on plain nodes over 4GB: large memory flag not provided
[ignore]: Test LMOVE on plain nodes over 4GB: large memory flag not provided
[84/84 done]: list-large-memory (1 seconds)
Testing solo test
[ignore]: BIT pos larger than UINT_MAX: large memory flag not provided
[ignore]: SETBIT values larger than UINT32_MAX and lzf_compress/lzf_decompress correctly: large memory flag not provided
[84/84 done]: bitops-large-memory (1 seconds)
Testing solo test
[ignore]: XADD one huge field: large memory flag not provided
[ignore]: XADD one huge field - 1: large memory flag not provided
[ignore]: several XADD big fields: large memory flag not provided
[ignore]: single XADD big fields: large memory flag not provided
[ignore]: hash with many big fields: large memory flag not provided
[ignore]: hash with one huge field: large memory flag not provided
[84/84 done]: violations (5 seconds)
Testing solo test
[ok]: Active defrag (229145 ms)
[ok]: Active defrag eval scripts (30481 ms)
[ok]: Active defrag big keys (153327 ms)
[ok]: Active defrag big list (165459 ms)
[ok]: Active defrag edge case (194587 ms)
[84/84 done]: defrag (773 seconds)
Testing solo test
[ignore]: SADD, SCARD, SISMEMBER - large data: large memory flag not provided
[84/84 done]: set-large-memory (1 seconds)

                   The End

Execution time of different units:
  0 seconds - unit/info-command
  0 seconds - unit/printver
  0 seconds - unit/type/incr
  1 seconds - unit/info
  2 seconds - unit/keyspace
  3 seconds - unit/auth
  6 seconds - unit/protocol
  1 seconds - unit/quit
  7 seconds - unit/multi
  10 seconds - unit/type/stream-cgroups
  1 seconds - unit/acl-v2
  7 seconds - unit/acl
  18 seconds - unit/expire
  10 seconds - unit/latency-monitor
  22 seconds - unit/type/list
  25 seconds - unit/other
  30 seconds - unit/type/hash
  24 seconds - unit/aofrw
  28 seconds - integration/block-repl
  46 seconds - unit/type/string
  31 seconds - integration/replication-3
  67 seconds - unit/type/stream
  41 seconds - integration/replication-4
  24 seconds - integration/shutdown
  71 seconds - unit/sort
  2 seconds - integration/convert-zipmap-hash-on-load
  2 seconds - integration/convert-ziplist-hash-on-load
  1 seconds - integration/convert-ziplist-zset-on-load
  56 seconds - integration/replication-2
  24 seconds - integration/aof-multi-part
  3 seconds - integration/logging
  48 seconds - integration/replication-buffer
  34 seconds - integration/aof
  7 seconds - integration/failover
  20 seconds - integration/corrupt-dump-fuzzer
  94 seconds - unit/scan
  6 seconds - integration/redis-benchmark
  2 seconds - unit/pubsub
  20 seconds - integration/psync2-pingoff
  3 seconds - unit/pubsubshard
  22 seconds - integration/psync2-master-restart
  2 seconds - unit/slowlog
  7 seconds - integration/dismiss-mem
  24 seconds - integration/psync2-reg
  37 seconds - integration/rdb
  18 seconds - integration/redis-cli
  2 seconds - unit/limits
  7 seconds - unit/introspection-2
  9 seconds - unit/functions
  113 seconds - unit/type/list-2
  8 seconds - unit/bitfield
  52 seconds - integration/corrupt-dump
  14 seconds - unit/bitops
  2 seconds - unit/lazyfree
  2 seconds - unit/pause
  5 seconds - unit/wait
  4 seconds - unit/querybuf
  51 seconds - integration/psync2
  1 seconds - unit/tls
  2 seconds - unit/oom-score-adj
  30 seconds - unit/introspection
  4 seconds - unit/tracking
  2 seconds - unit/shutdown
  9 seconds - unit/pendingquerybuf
  0 seconds - unit/violations
  4 seconds - unit/networking
  2 seconds - unit/replybufsize
  3 seconds - unit/cluster-scripting
  140 seconds - unit/type/list-3
  5 seconds - unit/cluster/misc
  4 seconds - unit/cluster/links
  33 seconds - unit/memefficiency
  147 seconds - unit/type/zset
  148 seconds - unit/dump
  39 seconds - unit/geo
  51 seconds - unit/scripting
  25 seconds - unit/cluster
  26 seconds - unit/client-eviction
  173 seconds - unit/type/set
  92 seconds - unit/obuf-limits
  93 seconds - unit/hyperloglog
  186 seconds - integration/replication-psync
  252 seconds - integration/replication
  296 seconds - unit/maxmemory
  1 seconds - list-large-memory
  1 seconds - bitops-large-memory
  5 seconds - violations
  773 seconds - defrag
  1 seconds - set-large-memory

\o/ All tests passed without errors!

Cleanup: may take some time... OK
