Cleanup: may take some time... OK
Starting test server at port 21079
[ready]: 81
Testing unit/printver
[ready]: 82
Testing unit/dump
[ready]: 83
Testing unit/auth
[ready]: 84
Testing unit/protocol
[ready]: 85
Testing unit/keyspace
[ready]: 86
Testing unit/scan
[ready]: 87
Testing unit/info
[ready]: 88
Testing unit/info-command
[ready]: 89
Testing unit/type/string
[ready]: 90
Testing unit/type/incr
[ready]: 91
Testing unit/type/list
[ready]: 92
Testing unit/type/list-2
[ready]: 93
Testing unit/type/list-3
[ready]: 94
Testing unit/type/set
[ready]: 95
Testing unit/type/zset
[ready]: 96
Testing unit/type/hash
[ok]: info command with at most one sub command (1 ms)
[ok]: info command with one sub-section (0 ms)
[ok]: info command with multiple sub-sections (1 ms)
[ok]: Explicit regression for a list bug (2 ms)
[ok]: DUMP / RESTORE are able to serialize / unserialize a simple key (2 ms)
[ok]: HSET/HLEN - Small hash creation (3 ms)
[ok]: Is the small hash encoded with a listpack? (0 ms)
[ok]: RESTORE can set an arbitrary expire to the materialized key (1 ms)
[ok]: reg node check compression with insert and pop (3 ms)
[ok]: RESTORE can set an expire that overflows a 32 bit integer (1 ms)
[ok]: SADD, SCARD, SISMEMBER, SMISMEMBER, SMEMBERS basics - regular set (5 ms)
[ok]: RESTORE can set an absolute expire (1 ms)
[ok]: reg node check compression combined with trim (1 ms)
[ok]: RESTORE with ABSTTL in the past (1 ms)
[ok]: RESTORE can set LRU (2 ms)
[ok]: reg node check compression with lset (5 ms)
[ok]: RESTORE can set LFU (2 ms)
[ok]: RESTORE returns an error of the key already exists (1 ms)
[ok]: SADD, SCARD, SISMEMBER, SMISMEMBER, SMEMBERS basics - intset (7 ms)
[ok]: SMISMEMBER against non set (1 ms)
[ok]: RESTORE can overwrite an existing key with REPLACE (2 ms)
[ok]: SMISMEMBER non existing key (1 ms)
[ok]: RESTORE can detect a syntax error for unrecongized options (0 ms)
[ok]: SMISMEMBER requires one or more members (4 ms)
[ok]: plain node check compression (6 ms)
[ok]: DUMP of non existing key returns nil (1 ms)
[ok]: SADD against non set (0 ms)
[ok]: plain node check compression with ltrim (2 ms)
[ok]: SADD a non-integer against an intset (2 ms)
[ok]: SADD an integer larger than 64 bits (2 ms)
[ok]: plain node check compression using lset (3 ms)
[ok]: HRANDFIELD - listpack (25 ms)
[ok]: HRANDFIELD - hashtable (18 ms)
[ok]: SCAN basic (70 ms)
[ok]: HRANDFIELD with RESP3 (1 ms)
[ok]: HRANDFIELD count of 0 is handled correctly (0 ms)
[ok]: HRANDFIELD count overflow (0 ms)
[ok]: HRANDFIELD with <count> against non existing key (0 ms)
[ok]: HRANDFIELD count of 0 is handled correctly - emptyarray (0 ms)
[ok]: HRANDFIELD with <count> against non existing key - emptyarray (0 ms)
[ok]: SET and GET an item (1 ms)
Testing Redis version 7.0.15 (00000000)
[ok]: SET and GET an empty item (1 ms)
[ok]: AUTH fails if there is no password configured server side (4 ms)
[ok]: DEL against a single item (2 ms)
[ok]: INCR against non existing key (5 ms)
[ok]: Arity check for auth command (0 ms)
[ok]: Vararg DEL (3 ms)
[ok]: INCR against key created by incr itself (1 ms)
[ok]: Untagged multi-key commands (2 ms)
[ok]: INCR against key originally set with SET (3 ms)
[ok]: INCR over 32bit value (0 ms)
[ok]: KEYS with pattern (3 ms)
[ok]: SCAN COUNT (78 ms)
[ok]: KEYS to get all keys (3 ms)
[ok]: DBSIZE (1 ms)
[ok]: Check encoding - listpack (2 ms)
[ok]: DEL all keys (4 ms)
[ok]: ZSET basic ZADD and score update - listpack (3 ms)
[ok]: ZSET element can't be set to NaN with ZADD - listpack (0 ms)
[ok]: INCRBY over 32bit value with over 32bit increment (10 ms)
[ok]: ZSET element can't be set to NaN with ZINCRBY - listpack (0 ms)
[ok]: Regression for quicklist #3343 bug (137 ms)
[ok]: INCR fails against key with spaces (left) (0 ms)
[ok]: ZADD with options syntax error with incomplete pair - listpack (1 ms)
[ok]: INCR fails against key with spaces (right) (0 ms)
[ok]: INCR fails against key with spaces (both) (0 ms)
[ok]: ZADD XX option without key - listpack (1 ms)
[ok]: DECRBY negation overflow (2 ms)
[ok]: INCR fails against a key holding a list (1 ms)
[ok]: SADD overflows the maximum allowed integers in an intset (121 ms)
[ok]: ZADD XX existing key - listpack (7 ms)
[ok]: Variadic SADD (1 ms)
[ok]: DECRBY over 32bit value with over 32bit increment, negative res (0 ms)
[ok]: ZADD XX returns the number of elements actually added - listpack (1 ms)
[ok]: INCR uses shared objects in the 0-9999 range (2 ms)
[ok]: ZADD XX updates existing elements score - listpack (2 ms)
[ok]: INCR can modify objects in-place (1 ms)
[ok]: ZADD GT updates existing elements when new scores are greater - listpack (2 ms)
[ok]: INCRBYFLOAT against non existing key (1 ms)
[ok]: INCRBYFLOAT against key originally set with SET (0 ms)
[ok]: INCRBYFLOAT over 32bit value (0 ms)
[ok]: INCRBYFLOAT over 32bit value with over 32bit increment (1 ms)
[ok]: INCRBYFLOAT fails against key with spaces (left) (0 ms)
[ok]: ZADD LT updates existing elements when new scores are lower - listpack (3 ms)
[ok]: INCRBYFLOAT fails against key with spaces (right) (0 ms)
[ok]: INCRBYFLOAT fails against key with spaces (both) (0 ms)
[ok]: INCRBYFLOAT fails against a key holding a list (2 ms)
[ok]: INCRBYFLOAT does not allow NaN or Infinity (0 ms)
[ok]: INCRBYFLOAT decrement (1 ms)
[ok]: string to double with null terminator (3 ms)
[ok]: ZADD GT XX updates existing elements when new scores are greater and skips new elements - listpack (4 ms)
[ok]: No negative zero (1 ms)
[ok]: Handle an empty query (46 ms)
[ok]: ZADD LT XX updates existing elements when new scores are lower and skips new elements - listpack (2 ms)
[ok]: ZADD XX and NX are not compatible - listpack (4 ms)
[ok]: ZADD NX with non existing key - listpack (0 ms)
[ok]: ZADD NX only add new elements without updating old ones - listpack (4 ms)
[ok]: ZADD GT and NX are not compatible - listpack (0 ms)
[ok]: ZADD LT and NX are not compatible - listpack (1 ms)
[ok]: ZADD LT and GT are not compatible - listpack (0 ms)
[ok]: ZADD INCR LT/GT replies with nill if score not updated - listpack (2 ms)
[ok]: SCAN MATCH (53 ms)
[ok]: ZADD INCR LT/GT with inf - listpack (9 ms)
[ok]: ZADD INCR works like ZINCRBY - listpack (4 ms)
[ok]: ZADD INCR works with a single score-elemenet pair - listpack (2 ms)
[ok]: ZADD CH option changes return value to all changed elements - listpack (2 ms)
[ok]: ZINCRBY calls leading to NaN result in error - listpack (3 ms)
[ok]: ZADD - Variadic version base case - $encoding (1 ms)
[ok]: ZADD - Return value is the number of actually added items - $encoding (1 ms)
[ok]: ZADD - Variadic version does not add nothing on single parsing err - $encoding (0 ms)
[ok]: ZADD - Variadic version will raise error on missing arg - $encoding (0 ms)
[ok]: ZINCRBY does not work variadic even if shares ZADD implementation - $encoding (1 ms)
[ok]: ZCARD basics - listpack (1 ms)
[ok]: ZREM removes key after last element is removed - listpack (1 ms)
[ok]: ZREM variadic version - listpack (1 ms)
[ok]: Negative multibulk length (48 ms)
[ok]: ZREM variadic version -- remove elements after key deletion - listpack (0 ms)
[1/84 done]: unit/info-command (0 seconds)
Testing unit/type/stream
[ok]: Out of range multibulk length (1 ms)
[ok]: ZRANGE basics - listpack (4 ms)
[ok]: Wrong multibulk payload header (2 ms)
[ok]: Negative multibulk payload length (1 ms)
[ok]: Out of range multibulk payload length (1 ms)
[ok]: Non-number multibulk payload length (2 ms)
[ok]: Multi bulk request not followed by bulk arguments (1 ms)
[ok]: ZREVRANGE basics - listpack (9 ms)
[ok]: Generic wrong number of args (2 ms)
[ok]: Unbalanced number of quotes (1 ms)
[ok]: ZRANK/ZREVRANK basics - listpack (8 ms)
[ok]: Check compression with recompress (90 ms)
[ok]: ZRANK - after deletion - listpack (1 ms)
[ok]: ZINCRBY - can create a new sorted set - listpack (6 ms)
[ok]: ZINCRBY - increment and decrement - listpack (10 ms)
[ok]: ZINCRBY return value - listpack (1 ms)
[ok]: Very big payload in GET/SET (141 ms)
[ok]: ZRANGEBYSCORE/ZREVRANGEBYSCORE/ZCOUNT basics - listpack (20 ms)
[ok]: ZRANGEBYSCORE with WITHSCORES - listpack (2 ms)
[ok]: ZRANGEBYSCORE with LIMIT - listpack (5 ms)
[ok]: ZRANGEBYSCORE with LIMIT and WITHSCORES - listpack (2 ms)
[ok]: ZRANGEBYSCORE with non-value min or max - listpack (0 ms)
[ok]: ZRANGEBYLEX/ZREVRANGEBYLEX/ZLEXCOUNT basics - listpack (7 ms)
[ok]: ZLEXCOUNT advanced - listpack (6 ms)
[ok]: ZRANGEBYSLEX with LIMIT - listpack (6 ms)
[ok]: ZRANGEBYLEX with invalid lex range specifiers - listpack (0 ms)
[ok]: ZREMRANGEBYSCORE basics - listpack (23 ms)
[ok]: ZREMRANGEBYSCORE with non-value min or max - listpack (1 ms)
[ok]: Protocol desync regression test #1 (105 ms)
[ok]: SCAN TYPE (152 ms)
[ok]: SSCAN with encoding intset (1 ms)
[ok]: SSCAN with encoding hashtable (2 ms)
[ok]: HRANDFIELD with <count> - hashtable (285 ms)
[ok]: HSCAN with encoding listpack (2 ms)
[ok]: ZREMRANGEBYRANK basics - listpack (17 ms)
[ok]: ZUNIONSTORE against non-existing key doesn't set destination - listpack (1 ms)
[ok]: ZUNION/ZINTER/ZINTERCARD/ZDIFF against non-existing key - listpack (1 ms)
[ok]: ZUNIONSTORE with empty set - listpack (3 ms)
[ok]: ZUNION/ZINTER/ZINTERCARD/ZDIFF with empty set - listpack (1 ms)
[ok]: ZUNIONSTORE basics - listpack (1 ms)
[ok]: ZUNION/ZINTER/ZINTERCARD/ZDIFF with integer members - listpack (4 ms)
[ok]: ZUNIONSTORE with weights - listpack (0 ms)
[2/84 done]: unit/printver (0 seconds)
Testing unit/type/stream-cgroups
[ok]: ZUNION with weights - listpack (1 ms)
[ok]: ZUNIONSTORE with a regular set and weights - listpack (3 ms)
[ok]: ZUNIONSTORE with AGGREGATE MIN - listpack (0 ms)
[ok]: ZUNION/ZINTER with AGGREGATE MIN - listpack (1 ms)
[ok]: ZUNIONSTORE with AGGREGATE MAX - listpack (1 ms)
[ok]: ZUNION/ZINTER with AGGREGATE MAX - listpack (1 ms)
[ok]: ZINTERSTORE basics - listpack (0 ms)
[ok]: ZINTER basics - listpack (0 ms)
[ok]: ZINTERCARD with illegal arguments (1 ms)
[ok]: ZINTERCARD basics - listpack (1 ms)
[ok]: ZINTER RESP3 - listpack (3 ms)
[ok]: ZINTERSTORE with weights - listpack (1 ms)
[ok]: ZINTER with weights - listpack (0 ms)
[ok]: ZINTERSTORE with a regular set and weights - listpack (1 ms)
[ok]: ZINTERSTORE with AGGREGATE MIN - listpack (1 ms)
[ok]: ZINTERSTORE with AGGREGATE MAX - listpack (1 ms)
[ok]: ZUNIONSTORE with +inf/-inf scores - listpack (2 ms)
[ok]: ZUNIONSTORE with NaN weights - listpack (1 ms)
[ok]: ZINTERSTORE with +inf/-inf scores - listpack (2 ms)
[ok]: ZINTERSTORE with NaN weights - listpack (0 ms)
[ok]: ZDIFFSTORE basics - listpack (1 ms)
[ok]: ZDIFF basics - listpack (0 ms)
[ok]: ZDIFFSTORE with a regular set - listpack (1 ms)
[ok]: ZDIFF subtracting set from itself - listpack (1 ms)
[ok]: ZDIFF algorithm 1 - listpack (2 ms)
[ok]: ZDIFF algorithm 2 - listpack (1 ms)
[ok]: Protocol desync regression test #2 (83 ms)
[ok]: HSCAN with encoding hashtable (101 ms)
[ok]: ZSCAN with encoding listpack (3 ms)
[ok]: Crash due to wrongly recompress after lrem (226 ms)
[3/84 done]: unit/type/incr (0 seconds)
Testing unit/sort
[ok]: Protocol desync regression test #3 (82 ms)
[ok]: raw protocol response (1 ms)
[ok]: raw protocol response - deferred (0 ms)
[ok]: LINSERT correctly recompress full quicklistNode after inserting a element before it (44 ms)
[ok]: raw protocol response - multiline (1 ms)
[ok]: RESP3 attributes (1 ms)
[ok]: RESP3 attributes readraw (1 ms)
[ok]: RESP3 attributes on RESP2 (3 ms)
[ok]: test big number parsing (0 ms)
[ok]: test bool parsing (2 ms)
[ok]: test verbatim str parsing (1 ms)
[ok]: HRANDFIELD with <count> - listpack (173 ms)
[ok]: test large number of args (21 ms)
[ok]: ZSCAN with encoding skiplist (89 ms)
[ok]: test argument rewriting - issue 9598 (3 ms)
[ok]: LINSERT correctly recompress full quicklistNode after inserting a element after it (46 ms)
[ok]: latencystats: disable/enable (2 ms)
[ok]: latencystats: configure percentiles (7 ms)
[ok]: latencystats: bad configure percentiles (3 ms)
[ok]: latencystats: blocking commands (3 ms)
[ok]: latencystats: subcommands (2 ms)
[ok]: SCAN guarantees check under write load (45 ms)
[ok]: SSCAN with integer encoded object (issue #1345) (1 ms)
[ok]: SSCAN with PATTERN (1 ms)
[ok]: HSCAN with PATTERN (0 ms)
[ok]: ZSCAN with PATTERN (0 ms)
[ok]: Set encoding after DEBUG RELOAD (444 ms)
[ok]: SREM basics - regular set (2 ms)
[ok]: SREM basics - intset (2 ms)
[ok]: SREM with multiple arguments (1 ms)
[ok]: SREM variadic version with more args needed to destroy the key (1 ms)
[ok]: XADD wrong number of args (2 ms)
[ok]: XADD can add entries into a stream that XRANGE can fetch (1 ms)
[ok]: SINTERCARD with illegal arguments (6 ms)
[ok]: XADD IDs are incremental (0 ms)
[ok]: SINTERCARD against non-set should throw error (1 ms)
[ok]: XADD IDs are incremental when ms is the same as well (1 ms)
[ok]: SINTERCARD against non-existing key (1 ms)
[ok]: XADD IDs correctly report an error when overflowing (1 ms)
[ok]: XADD auto-generated sequence is incremented for last ID (1 ms)
[ok]: XADD auto-generated sequence is zero for future timestamp ID (1 ms)
[ok]: XADD auto-generated sequence can't be smaller than last ID (1 ms)
[ok]: XADD auto-generated sequence can't overflow (1 ms)
[ok]: XADD 0-* should succeed (0 ms)
[ok]: HSET/HLEN - Big hash creation (101 ms)
[ok]: Is the big hash encoded with an hash table? (0 ms)
[ok]: HGET against the small hash (1 ms)
[ok]: latencystats: measure latency (53 ms)
[ok]: errorstats: failed call authentication error (11 ms)
[ok]: errorstats: failed call within MULTI/EXEC (4 ms)
[ok]: errorstats: failed call within LUA (6 ms)
[ok]: errorstats: failed call NOSCRIPT error (3 ms)
[ok]: errorstats: failed call NOGROUP error (5 ms)
[ok]: errorstats: rejected call unknown command (5 ms)
[ok]: errorstats: rejected call within MULTI/EXEC (4 ms)
[ok]: errorstats: rejected call due to wrong arity (3 ms)
[ok]: errorstats: rejected call by OOM error (7 ms)
[ok]: errorstats: rejected call by authorization error (10 ms)
[ok]: errorstats: blocking commands (6 ms)
[ok]: HGET against the big hash (79 ms)
[ok]: HGET against non existing key (0 ms)
[ok]: HSET in update and insert mode (1 ms)
[ok]: MIGRATE is caching connections (679 ms)
[ok]: HSETNX target key missing - small hash (0 ms)
[ok]: HSETNX target key exists - small hash (1 ms)
[ok]: HSETNX target key missing - big hash (0 ms)
[ok]: HSETNX target key exists - big hash (0 ms)
[ok]: HSET/HMSET wrong number of args (1 ms)
[ok]: HMSET - small hash (0 ms)
[ok]: ZSCAN scores: regression test for issue #2175 (138 ms)
[ok]: Generated sets must be encoded as hashtable (1 ms)
[ok]: SINTER with two sets - hashtable (1 ms)
[ok]: SINTERCARD with two sets - hashtable (1 ms)
[ok]: SINTERSTORE with two sets - hashtable (1 ms)
[ok]: SINTERSTORE with two sets, after a DEBUG RELOAD - hashtable (2 ms)
[ok]: SUNION with two sets - hashtable (4 ms)
[ok]: HMSET - big hash (50 ms)
[ok]: HMGET against non existing key and fields (0 ms)
[ok]: HMGET against wrong type (1 ms)
[ok]: HMGET - small hash (1 ms)
[ok]: SUNIONSTORE with two sets - hashtable (6 ms)
[ok]: SINTER against three sets - hashtable (2 ms)
[ok]: SINTERCARD against three sets - hashtable (1 ms)
[ok]: SINTERSTORE with three sets - hashtable (0 ms)
[ok]: SUNION with non existing keys - hashtable (4 ms)
[ok]: SDIFF with two sets - hashtable (1 ms)
[ok]: SDIFF with three sets - hashtable (1 ms)
[ok]: SDIFFSTORE with three sets - hashtable (0 ms)
[ok]: SINTER/SUNION/SDIFF with three same sets - hashtable (5 ms)
[ok]: XGROUP CREATE: creation and duplicate group name detection (2 ms)
[ok]: XGROUP CREATE: automatic stream creation fails without MKSTREAM (0 ms)
[ok]: XGROUP CREATE: automatic stream creation works with MKSTREAM (1 ms)
[ok]: XREADGROUP will return only new elements (1 ms)
[ok]: Test LPUSH and LPOP on plain nodes (6 ms)
[ok]: XREADGROUP can read the history of the elements we own (1 ms)
[ok]: XPENDING is able to return pending items (0 ms)
[ok]: XPENDING can return single consumer items (1 ms)
[ok]: XPENDING only group (0 ms)
[ok]: Test LINDEX and LINSERT on plain nodes (3 ms)
[ok]: Test LTRIM on plain nodes (3 ms)
[ok]: Test LREM on plain nodes (4 ms)
[ok]: Test LPOS on plain nodes (2 ms)
[ok]: Test LMOVE on plain nodes (4 ms)
[ok]: XPENDING with IDLE (22 ms)
[ok]: XPENDING with exclusive range intervals works as expected (1 ms)
[ok]: HMGET - big hash (50 ms)
[ok]: XACK is able to remove items from the consumer/group PEL (1 ms)
[ok]: XACK can't remove the same item multiple times (1 ms)
[ok]: XACK is able to accept multiple arguments (1 ms)
[ok]: HKEYS - small hash (3 ms)
[ok]: XACK should fail if got at least one invalid ID (2 ms)
[ok]: PEL NACK reassignment after XGROUP SETID event (8 ms)
[ok]: XREADGROUP will not report data on empty history. Bug #5577 (3 ms)
[ok]: HKEYS - big hash (12 ms)
[ok]: XREADGROUP history reporting of deleted entries. Bug #5570 (3 ms)
[ok]: HVALS - small hash (0 ms)
[ok]: HVALS - big hash (3 ms)
[ok]: HGETALL - small hash (1 ms)
[ok]: HGETALL - big hash (15 ms)
[ok]: HDEL and return value (3 ms)
[ok]: HDEL - more than a single value (1 ms)
[ok]: HDEL - hash becomes empty before deleting all specified fields (2 ms)
[ok]: HEXISTS (1 ms)
[ok]: Is a ziplist encoded Hash promoted on big payload? (1 ms)
[ok]: HINCRBY against non existing database key (1 ms)
[ok]: HINCRBY against non existing hash key (1 ms)
[ok]: HINCRBY against hash key created by hincrby itself (1 ms)
[ok]: HINCRBY against hash key originally set with HSET (0 ms)
[ok]: HINCRBY over 32bit value (1 ms)
[ok]: HINCRBY over 32bit value with over 32bit increment (2 ms)
[ok]: HINCRBY fails against hash value with spaces (left) (1 ms)
[ok]: HINCRBY fails against hash value with spaces (right) (1 ms)
[ok]: HINCRBY can detect overflows (1 ms)
[ok]: HINCRBYFLOAT against non existing database key (1 ms)
[ok]: HINCRBYFLOAT against non existing hash key (1 ms)
[ok]: HINCRBYFLOAT against hash key created by hincrby itself (1 ms)
[ok]: HINCRBYFLOAT against hash key originally set with HSET (1 ms)
[ok]: HINCRBYFLOAT over 32bit value (1 ms)
[ok]: HINCRBYFLOAT over 32bit value with over 32bit increment (1 ms)
[ok]: HINCRBYFLOAT fails against hash value with spaces (left) (1 ms)
[ok]: HINCRBYFLOAT fails against hash value with spaces (right) (0 ms)
[ok]: HINCRBYFLOAT fails against hash value that contains a null-terminator in the middle (1 ms)
[ok]: HSTRLEN against the small hash (1 ms)
[ok]: Old Ziplist: SORT BY key (0 ms)
[ok]: Old Ziplist: SORT BY key with limit (0 ms)
[ok]: Old Ziplist: SORT BY hash field (1 ms)
[ok]: Blocking XREADGROUP will not reply with an empty array (90 ms)
[ok]: Generated sets must be encoded as intset (2 ms)
[ok]: SINTER with two sets - intset (0 ms)
[ok]: Blocking XREADGROUP: key deleted (4 ms)
[ok]: SINTERCARD with two sets - intset (2 ms)
[ok]: AUTH fails when a wrong password is given (2 ms)
[ok]: SINTERSTORE with two sets - intset (2 ms)
[ok]: Arbitrary command gives an error when AUTH is required (2 ms)
[ok]: Blocking XREADGROUP: key type changed with SET (5 ms)
[ok]: AUTH succeeds when the right password is given (0 ms)
[ok]: SINTERSTORE with two sets, after a DEBUG RELOAD - intset (4 ms)
[ok]: Once AUTH succeeded we can actually send commands to the server (2 ms)
[ok]: For unauthenticated clients multibulk and bulk length are limited (4 ms)
[ok]: Test LSET with packed / plain combinations (132 ms)
[ok]: Blocking XREADGROUP: key type changed with transaction (5 ms)
[ok]: SUNION with two sets - intset (6 ms)
[ok]: Blocking XREADGROUP: flushed DB (3 ms)
[ok]: Test LSET with packed is split in the middle (4 ms)
[ok]: XADD with MAXLEN option (320 ms)
[ok]: Blocking XREADGROUP: swapped DB, key doesn't exist (4 ms)
[ok]: SUNIONSTORE with two sets - intset (8 ms)
[ok]: Blocking XREADGROUP: swapped DB, key is not a stream (5 ms)
[ok]: SINTER against three sets - intset (2 ms)
[ok]: SINTERCARD against three sets - intset (2 ms)
[ok]: SINTERSTORE with three sets - intset (2 ms)
[ok]: Blocking XREAD: key deleted (3 ms)
[ok]: Blocking XREAD: key type changed with SET (3 ms)
[ok]: SUNION with non existing keys - intset (5 ms)
[ok]: SDIFF with two sets - intset (2 ms)
[ok]: SDIFF with three sets - intset (1 ms)
[ok]: SDIFFSTORE with three sets - intset (1 ms)
[ok]: SINTER/SUNION/SDIFF with three same sets - intset (6 ms)
[ok]: SDIFF with first set empty (2 ms)
[ok]: SDIFF with same set two times (2 ms)
[ok]: Blocking XREADGROUP for stream that ran dry (issue #5299) (71 ms)
[ok]: Blocking XREADGROUP will ignore BLOCK if ID is not > (8 ms)
[ok]: XGROUP DESTROY should unblock XREADGROUP with -NOGROUP (6 ms)
[ok]: RENAME can unblock XREADGROUP with data (4 ms)
[ok]: RENAME can unblock XREADGROUP with -NOGROUP (10 ms)
[ok]: HSTRLEN against the big hash (175 ms)
[ok]: HSTRLEN against non existing field (1 ms)
[ok]: HSTRLEN corner cases (4 ms)
[ok]: HINCRBYFLOAT over hash-max-listpack-value encoded with a listpack (3 ms)
[ok]: Hash ziplist regression test for large keys (1 ms)
[ok]: Hash fuzzing #1 - 10 fields (39 ms)
[ok]: Test LSET with packed consist only one item (188 ms)
[ok]: Crash due to delete entry from a compress quicklist node (4 ms)
[ok]: Crash due to split quicklist node wrongly (3 ms)
[ok]: Hash fuzzing #2 - 10 fields (34 ms)
[ok]: XADD with MAXLEN option and the '=' argument (265 ms)
[ok]: Regression for a crash with blocking ops and pipelining (2 ms)
[ok]: DEL against expired key (1101 ms)
[ok]: EXISTS (1 ms)
[ok]: Zero length value in key. SET/GET/EXISTS (1 ms)
[ok]: Commands pipelining (1 ms)
[ok]: Non existing command (0 ms)
[ok]: RENAME basic usage (4 ms)
[ok]: RENAME source key should no longer exist (0 ms)
[ok]: RENAME against already existing key (1 ms)
[ok]: RENAMENX basic usage (2 ms)
[ok]: RENAMENX against already existing key (1 ms)
[ok]: RENAMENX against already existing key (2) (1 ms)
[ok]: RENAME against non existing source key (0 ms)
[ok]: RENAME where source and dest key are the same (existing) (1 ms)
[ok]: RENAMENX where source and dest key are the same (existing) (1 ms)
[ok]: RENAME where source and dest key are the same (non existing) (2 ms)
[ok]: RENAME with volatile key, should move the TTL as well (3 ms)
[ok]: RENAME with volatile key, should not inherit TTL of target key (2 ms)
[ok]: DEL all keys again (DB 0) (1 ms)
[ok]: DEL all keys again (DB 1) (5 ms)
[ok]: COPY basic usage for string (4 ms)
[ok]: COPY for string does not replace an existing key without REPLACE option (0 ms)
[ok]: COPY for string can replace an existing key with REPLACE option (1 ms)
[ok]: COPY for string ensures that copied data is independent of copying data (6 ms)
[ok]: COPY for string does not copy data to no-integer DB (1 ms)
[ok]: COPY can copy key expire metadata as well (3 ms)
[ok]: COPY does not create an expire if it does not exist (1 ms)
[ok]: COPY basic usage for list (3 ms)
[ok]: COPY basic usage for intset set (3 ms)
[ok]: COPY basic usage for hashtable set (4 ms)
[ok]: COPY basic usage for listpack sorted set (13 ms)
[ok]: COPY basic usage for skiplist sorted set (60 ms)
[ok]: COPY basic usage for listpack hash (3 ms)
[4/84 done]: unit/info (1 seconds)
Testing unit/expire
[ok]: COPY basic usage for hashtable hash (40 ms)
[ok]: XADD with MAXLEN option and the '~' argument (251 ms)
[ok]: XADD with NOMKSTREAM option (3 ms)
[5/84 done]: unit/protocol (2 seconds)
Testing unit/other
[ok]: AUTH fails when binary password is wrong (1 ms)
[ok]: AUTH succeeds when binary password is correct (1 ms)
[ok]: XCLAIM can claim PEL items from another consumer (613 ms)
[ok]: XADD with MINID option (299 ms)
[ok]: XTRIM with MINID option (4 ms)
[ok]: XTRIM with MINID option, big delta from master record (2 ms)
[ok]: Old Linked list: SORT BY key (4 ms)
[ok]: Old Linked list: SORT BY key with limit (1 ms)
[ok]: Old Linked list: SORT BY hash field (7 ms)
[ok]: COPY basic usage for stream (392 ms)
[ok]: EXPIRE - set timeouts multiple times (4 ms)
[ok]: EXPIRE - It should be still possible to read 'x' (0 ms)
[ok]: LPOS basic usage (4 ms)
[ok]: LPOS RANK (positive, negative and zero rank) option (5 ms)
[ok]: COPY basic usage for stream-cgroups (19 ms)
[ok]: LPOS COUNT option (1 ms)
[ok]: MOVE basic usage (2 ms)
[ok]: LPOS COUNT + RANK option (1 ms)
[ok]: MOVE against key existing in the target DB (1 ms)
[ok]: LPOS non existing key (1 ms)
[ok]: MOVE against non-integer DB (#1428) (0 ms)
[ok]: LPOS no match (2 ms)
[ok]: LPOS MAXLEN (2 ms)
[ok]: LPOS when RANK is greater than matches (1 ms)
[ok]: MOVE can move key expire metadata as well (4 ms)
[ok]: MOVE does not create an expire if it does not exist (3 ms)
[ok]: SET/GET keys in different DBs (4 ms)
[ok]: LPUSH, RPUSH, LLENGTH, LINDEX, LPOP - ziplist (8 ms)
[ok]: LPUSH, RPUSH, LLENGTH, LINDEX, LPOP - regular list (10 ms)
[ok]: LPOP/RPOP with wrong number of arguments (0 ms)
[ok]: RPOP/LPOP with the optional count argument (3 ms)
[ok]: LPOP/RPOP with the count 0 returns an empty array in RESP3 (1 ms)
[ok]: LPOP/RPOP against non existing key in RESP3 (1 ms)
[ok]: LPOP/RPOP with <count> against non existing key in RESP3 (2 ms)
[ok]: LPOP/RPOP with the count 0 returns an empty array in RESP2 (1 ms)
[ok]: LPOP/RPOP against non existing key in RESP2 (2 ms)
[ok]: LPOP/RPOP with <count> against non existing key in RESP2 (2 ms)
[ok]: Variadic RPUSH/LPUSH (1 ms)
[ok]: DEL a list (1 ms)
[ok]: RANDOMKEY (36 ms)
[ok]: RANDOMKEY against empty DB (2 ms)
[ok]: BLPOP: single existing list - linkedlist (10 ms)
[ok]: RANDOMKEY regression 1 (1 ms)
[ok]: KEYS * two times with long key, Github issue #1208 (2 ms)
[ok]: Regression for pattern matching long nested loops (1 ms)
[ok]: BLPOP: multiple existing lists - linkedlist (14 ms)
[ok]: BLPOP: second list has an entry - linkedlist (6 ms)
[ok]: BLMPOP_LEFT: single existing list - linkedlist (5 ms)
[ok]: BLMPOP_LEFT: multiple existing lists - linkedlist (10 ms)
[ok]: BLMPOP_LEFT: second list has an entry - linkedlist (11 ms)
[ok]: BRPOPLPUSH - linkedlist (5 ms)
[ok]: BLMOVE left left - linkedlist (5 ms)
[ok]: BLMOVE left right - linkedlist (6 ms)
[ok]: BLMOVE right left - linkedlist (8 ms)
[ok]: BLMOVE right right - linkedlist (11 ms)
[ok]: BLPOP: single existing list - ziplist (5 ms)
[ok]: BLPOP: multiple existing lists - ziplist (8 ms)
[ok]: SAVE - make sure there are all the types as values (6 ms)
[ok]: BLPOP: second list has an entry - ziplist (7 ms)
[ok]: BLMPOP_LEFT: single existing list - ziplist (12 ms)
[ok]: BLMPOP_LEFT: multiple existing lists - ziplist (14 ms)
[ok]: BLMPOP_LEFT: second list has an entry - ziplist (5 ms)
[ok]: BRPOPLPUSH - ziplist (8 ms)
[ok]: BLMOVE left left - ziplist (15 ms)
[ok]: BLMOVE left right - ziplist (9 ms)
[ok]: BLMOVE right left - ziplist (6 ms)
[ok]: BLMOVE right right - ziplist (9 ms)
[ok]: XCLAIM without JUSTID increments delivery count (405 ms)
[ok]: BLPOP, LPUSH + DEL should not awake blocked client (105 ms)
[6/84 done]: unit/keyspace (2 seconds)
Testing unit/multi
[ok]: XCLAIM same consumer (203 ms)
[ok]: BLPOP, LPUSH + DEL + SET should not awake blocked client (108 ms)
[ok]: BLMPOP_LEFT, LPUSH + DEL should not awake blocked client (104 ms)
[ok]: BLMPOP_LEFT, LPUSH + DEL + SET should not awake blocked client (108 ms)
[ok]: BLPOP with same key multiple times should work (issue #801) (5 ms)
[ok]: MULTI/EXEC is isolated from the point of view of BLPOP (106 ms)
[ok]: BLPOP with variadic LPUSH (3 ms)
[ok]: MULTI / EXEC basics (3 ms)
[ok]: DISCARD (3 ms)
[ok]: Nested MULTI are not allowed (2 ms)
[ok]: MULTI where commands alter argc/argv (2 ms)
[ok]: WATCH inside MULTI is not allowed (1 ms)
[ok]: EXEC fails if there are errors while queueing commands #1 (3 ms)
[ok]: EXEC fails if there are errors while queueing commands #2 (6 ms)
[ok]: If EXEC aborts, the client MULTI state is cleared (2 ms)
[ok]: EXEC works on WATCHed key not modified (2 ms)
[ok]: EXEC fail on WATCHed key modified (1 key of 1 watched) (3 ms)
[ok]: EXEC fail on WATCHed key modified (1 key of 5 watched) (3 ms)
[ok]: EXEC fail on WATCHed key modified by SORT with STORE even if the result is empty (2 ms)
[ok]: MULTI/EXEC is isolated from the point of view of BLMPOP_LEFT (104 ms)
[ok]: BLMPOP_LEFT with variadic LPUSH (2 ms)
[ok]: BRPOPLPUSH with zero timeout should block indefinitely (3 ms)
[ok]: BLMOVE left left with zero timeout should block indefinitely (3 ms)
[ok]: BLMOVE left right with zero timeout should block indefinitely (3 ms)
[ok]: BLMOVE right left with zero timeout should block indefinitely (3 ms)
[ok]: BLMOVE right right with zero timeout should block indefinitely (3 ms)
[ok]: BLMOVE (left, left) with a client BLPOPing the target list (5 ms)
[ok]: EXEC fail on lazy expired WATCHed key (105 ms)
[ok]: BLMOVE (left, right) with a client BLPOPing the target list (12 ms)
[ok]: FUZZ stresser with data model binary (759 ms)
[ok]: WATCH stale keys should not fail EXEC (5 ms)
[ok]: BLMOVE (right, left) with a client BLPOPing the target list (5 ms)
[ok]: BLMOVE (right, right) with a client BLPOPing the target list (5 ms)
[ok]: Delete WATCHed stale keys should not fail EXEC (7 ms)
[ok]: BRPOPLPUSH with wrong source type (3 ms)
[ok]: FLUSHDB while watching stale keys should not fail EXEC (6 ms)
[ok]: BRPOPLPUSH with wrong destination type (8 ms)
[ok]: After successful EXEC key is no longer watched (4 ms)
[ok]: BRPOPLPUSH maintains order of elements after failure (4 ms)
[ok]: After failed EXEC key is no longer watched (4 ms)
[ok]: BRPOPLPUSH with multiple blocked clients (4 ms)
[ok]: It is possible to UNWATCH (5 ms)
[ok]: UNWATCH when there is nothing watched works as expected (1 ms)
[ok]: FLUSHALL is able to touch the watched keys (1 ms)
[ok]: FLUSHALL does not touch non affected keys (2 ms)
[ok]: FLUSHDB is able to touch the watched keys (2 ms)
[ok]: FLUSHDB does not touch non affected keys (2 ms)
[ok]: SWAPDB is able to touch the watched keys that exist (7 ms)
[ok]: BLMPOP with multiple blocked clients (20 ms)
[ok]: SWAPDB is able to touch the watched keys that do not exist (4 ms)
[ok]: Linked LMOVEs (6 ms)
[ok]: SWAPDB does not touch watched stale keys (8 ms)
[ok]: Circular BRPOPLPUSH (6 ms)
[ok]: SWAPDB does not touch non-existing key replaced with stale key (6 ms)
[ok]: Self-referential BRPOPLPUSH (5 ms)
[ok]: BRPOPLPUSH inside a transaction (3 ms)
[ok]: SWAPDB does not touch stale key replaced with another stale key (7 ms)
[ok]: WATCH is able to remember the DB a key belongs to (4 ms)
[ok]: PUSH resulting from BRPOPLPUSH affect WATCH (8 ms)
[ok]: WATCH will consider touched keys target of EXPIRE (6 ms)
[ok]: BRPOPLPUSH does not affect WATCH while still blocked (6 ms)
[ok]: XAUTOCLAIM can claim PEL items from another consumer (608 ms)
[ok]: MASTERAUTH test with binary password (994 ms)
[ok]: XAUTOCLAIM as an iterator (205 ms)
[ok]: XAUTOCLAIM COUNT must be > 0 (0 ms)
[ok]: XCLAIM with XDEL (4 ms)
[ok]: XCLAIM with trimming (5 ms)
[ok]: XAUTOCLAIM with XDEL (5 ms)
[ok]: XAUTOCLAIM with XDEL and count (3 ms)
[ok]: Hash fuzzing #1 - 512 fields (1951 ms)
[ok]: XAUTOCLAIM with out of range count (0 ms)
[ok]: XCLAIM with trimming (5 ms)
[ok]: XINFO FULL output (21 ms)
[ok]: XGROUP CREATECONSUMER: create consumer if does not exist (6 ms)
[ok]: XGROUP CREATECONSUMER: group must exist (1 ms)
[ok]: Very big payload random access (3003 ms)
[ok]: FUZZ stresser with data model alpha (592 ms)
[ok]: XREADGROUP with NOACK creates consumer (5 ms)
[7/84 done]: unit/auth (4 seconds)
Testing unit/quit
[ok]: Consumer without PEL is present in AOF after AOFRW (61 ms)
[ok]: BRPOPLPUSH timeout (1023 ms)
[ok]: SWAPDB awakes blocked client (5 ms)
[ok]: EXPIRE - After 2.1 seconds the key should no longer be here (2102 ms)
[ok]: EXPIRE - write on expire should work (2 ms)
[ok]: EXPIREAT - Check for EXPIRE alike behavior (1 ms)
[ok]: SETEX - Set + Expire combo operation. Check for TTL (1 ms)
[ok]: SETEX - Check value (0 ms)
[ok]: SETEX - Overwrite old key (1 ms)
[ok]: WATCH will consider touched expired keys (1117 ms)
[ok]: DISCARD should clear the WATCH dirty flag on the client (3 ms)
[ok]: DISCARD should UNWATCH all the keys (3 ms)
[ok]: QUIT returns OK (2 ms)
[ok]: Pipelined commands after QUIT must not be executed (5 ms)
[ok]: Pipelined commands after QUIT that exceed read buffer size (3 ms)
[ok]: Consumer group read counter and lag in empty streams (4 ms)
[ok]: Consumer group read counter and lag sanity (8 ms)
[ok]: FUZZ stresser with data model compr (663 ms)
[ok]: Consumer group lag with XDELs (13 ms)
[ok]: Loading from legacy (Redis <= v6.2.x, rdb_ver < 10) persistence (1 ms)
[ok]: MULTI / EXEC is not propagated (single write command) (99 ms)
[ok]: SWAPDB wants to wake blocked client, but the key already expired (218 ms)
[ok]: MULTI / EXEC is propagated correctly (multiple commands) (102 ms)
[8/84 done]: unit/quit (0 seconds)
Testing unit/aofrw
[ok]: MULTI / EXEC is propagated correctly (multiple commands with SELECT) (102 ms)
[ok]: MULTI / EXEC is propagated correctly (empty transaction) (99 ms)
[ok]: MULTI + LPUSH + EXPIRE + DEBUG SLEEP on blocked client, key already expired (299 ms)
[ok]: BLPOP when new key is moved into place (2 ms)
[ok]: BLPOP when result key is created by SORT..STORE (2 ms)
[ok]: BLMPOP_LEFT when new key is moved into place (2 ms)
[ok]: BLMPOP_LEFT when result key is created by SORT..STORE (6 ms)
[ok]: BLPOP: with single empty list argument (2 ms)
[ok]: BLPOP: with negative timeout (1 ms)
[ok]: BLPOP: with non-integer timeout (1 ms)
[ok]: FLUSHALL should not reset the dirty counter if we disable save (2 ms)
[ok]: FLUSHALL should reset the dirty counter to 0 if we enable save (2 ms)
[ok]: MULTI / EXEC is propagated correctly (read-only commands) (101 ms)
[ok]: MULTI / EXEC is propagated correctly (write command, no effect) (100 ms)
[ok]: Hash fuzzing #2 - 512 fields (1528 ms)
[ok]: MULTI / EXEC with REPLICAOF (103 ms)
[ok]: DISCARD should not fail during OOM (3 ms)
[ok]: BGSAVE (112 ms)
[ok]: SELECT an out of range DB (0 ms)
[ok]: SETEX - Wait for the key to expire (1107 ms)
[ok]: SETEX - Wrong time parameter (0 ms)
[ok]: PERSIST can undo an EXPIRE (1 ms)
[ok]: PERSIST returns 0 against non existing or non volatile keys (1 ms)
[ok]: MULTI and script timeout (417 ms)
[ok]: Consumer group last ID propagation to slave (NOACK=0) (835 ms)
[ok]: BLPOP: with zero timeout should block indefinitely (1008 ms)
[ok]: BLPOP: with 0.001 timeout should not block indefinitely (25 ms)
[ok]: BLPOP: second argument is not a list (11 ms)
[ok]: EXEC and script timeout (423 ms)
[ok]: MULTI-EXEC body and script timeout (418 ms)
[ok]: Consumer group last ID propagation to slave (NOACK=1) (942 ms)
[ok]: just EXEC and script timeout (424 ms)
[ok]: exec with write commands and state change (2 ms)
[ok]: exec with read commands and stale replica state change (9 ms)
[ok]: EXEC with only read commands should not be rejected when OOM (4 ms)
[ok]: EXEC with at least one use-memory command should fail (16 ms)
[ok]: Blocking commands ignores the timeout (7 ms)
[ok]: MULTI propagation of PUBLISH (63 ms)
[ok]: BLPOP: timeout (1058 ms)
[ok]: BLPOP: arguments are empty (2 ms)
[ok]: XADD mass insertion and XLEN (4744 ms)
[ok]: XADD with ID 0-0 (2 ms)
[ok]: BRPOP: with single empty list argument (8 ms)
[ok]: BRPOP: with negative timeout (3 ms)
[ok]: XADD with LIMIT delete entries no more than limit (17 ms)
[ok]: BRPOP: with non-integer timeout (3 ms)
[ok]: XRANGE COUNT works as expected (1 ms)
[ok]: XREVRANGE COUNT works as expected (0 ms)
[ok]: MULTI propagation of SCRIPT LOAD (100 ms)
[ok]: MULTI propagation of EVAL (109 ms)
[ok]: MULTI propagation of SCRIPT FLUSH (96 ms)
[ok]: MULTI propagation of XREADGROUP (107 ms)
[ok]: MULTI with SAVE (16 ms)
[ok]: MULTI with SHUTDOWN (4 ms)
[ok]: EXPIRE precision is now the millisecond (2003 ms)
[ok]: MULTI with BGREWRITEAOF (210 ms)
[ok]: XRANGE can be used to iterate the whole stream (571 ms)
[ok]: PSETEX can set sub-second expires (106 ms)
[ok]: PEXPIRE can set sub-second expires (108 ms)
[ok]: MULTI with config set appendonly (196 ms)
[ok]: MULTI with config error (2 ms)
[ok]: Flushall while watching several keys by one client (15 ms)
[ok]: PEXPIREAT can set sub-second expires (204 ms)
[ok]: TTL returns time to live in seconds (6 ms)
[ok]: PTTL returns time to live in milliseconds (0 ms)
[ok]: TTL / PTTL / EXPIRETIME / PEXPIRETIME return -1 if key has no expire (9 ms)
[ok]: TTL / PTTL / EXPIRETIME / PEXPIRETIME return -2 if key does not exit (4 ms)
[ok]: EXPIRETIME returns absolute expiration time in seconds (2 ms)
[ok]: PEXPIRETIME returns absolute expiration time in milliseconds (13 ms)
[ok]: BRPOP: with zero timeout should block indefinitely (1017 ms)
[ok]: BRPOP: with 0.001 timeout should not block indefinitely (27 ms)
[ok]: BRPOP: second argument is not a list (5 ms)
[ok]: Replication tests of XCLAIM with deleted entries (autclaim=0) (813 ms)
[ok]: Replication tests of XCLAIM with deleted entries (autclaim=1) (4 ms)
[ok]: Check consistency of different data types after a reload (2966 ms)
[ok]: Stress test the hash ziplist -> hashtable encoding conversion (3353 ms)
[ok]: Redis should actively expire keys incrementally (614 ms)
[ok]: Hash ziplist of various encodings (94 ms)
[ok]: Hash ziplist of various encodings - sanitize dump (13 ms)
[ok]: HINCRBYFLOAT does not allow NaN or Infinity (2 ms)
[ok]: MULTI with FLUSHALL and AOF (11 ms)
[9/84 done]: unit/type/hash (8 seconds)
Testing unit/acl
[10/84 done]: unit/multi (6 seconds)
Testing unit/acl-v2
[ok]: BRPOP: timeout (1043 ms)
[ok]: Same dataset digest if saving/reloading as AOF? (780 ms)
[ok]: BRPOP: arguments are empty (15 ms)
[ok]: BLMPOP_LEFT: with single empty list argument (4 ms)
[ok]: BLMPOP_LEFT: with negative timeout (15 ms)
[ok]: BLMPOP_LEFT: with non-integer timeout (1 ms)
[ok]: Empty stream with no lastid can be rewrite into AOF correctly (60 ms)
[ok]: EXPIRES after a reload (snapshot + append only file rewrite) (64 ms)
[ok]: Old Big Linked list: SORT BY key (605 ms)
[ok]: Old Big Linked list: SORT BY key with limit (3 ms)
[ok]: Connections start with the default user (5 ms)
[ok]: It is possible to create new users (1 ms)
[ok]: Usernames can not contain spaces or null characters (1 ms)
[ok]: New users start disabled (4 ms)
[ok]: Enabling the user allows the login (1 ms)
[ok]: Only the set of correct passwords work (1 ms)
[ok]: It is possible to remove passwords from the set of valid ones (1 ms)
[ok]: Test password hashes can be added (0 ms)
[ok]: Test password hashes validate input (1 ms)
[ok]: ACL GETUSER returns the password hash instead of the actual password (0 ms)
[ok]: Test hashed passwords removal (1 ms)
[ok]: By default users are not able to access any command (0 ms)
[ok]: By default users are not able to access any key (4 ms)
[ok]: It's possible to allow the access of a subset of keys (1 ms)
[ok]: By default, only default user is able to publish to any channel (7 ms)
[ok]: By default, only default user is not able to publish to any shard channel (3 ms)
[ok]: By default, only default user is able to subscribe to any channel (6 ms)
[ok]: By default, only default user is able to subscribe to any shard channel (5 ms)
[ok]: By default, only default user is able to subscribe to any pattern (3 ms)
[ok]: It's possible to allow publishing to a subset of channels (10 ms)
[ok]: It's possible to allow publishing to a subset of shard channels (0 ms)
[ok]: Validate subset of channels is prefixed with resetchannels flag (6 ms)
[ok]: In transaction queue publish/subscribe/psubscribe to unauthorized channel will fail (8 ms)
[ok]: It's possible to allow subscribing to a subset of channels (8 ms)
[ok]: It's possible to allow subscribing to a subset of shard channels (3 ms)
[ok]: It's possible to allow subscribing to a subset of channel patterns (11 ms)
[ok]: Subscribers are killed when revoked of channel permission (3 ms)
[ok]: Subscribers are killed when revoked of channel permission (3 ms)
[ok]: Subscribers are killed when revoked of pattern permission (7 ms)
[ok]: Subscribers are killed when revoked of allchannels permission (4 ms)
[ok]: Subscribers are pardoned if literal permissions are retained and/or gaining allchannels (11 ms)
[ok]: Users can be configured to authenticate with any password (2 ms)
[ok]: ACLs can exclude single commands (1 ms)
[ok]: ACLs can include or exclude whole classes of commands (2 ms)
[ok]: ACLs can include single subcommands (2 ms)
[ok]: ACLs can exclude single subcommands, case 1 (2 ms)
[ok]: ACLs can exclude single subcommands, case 2 (3 ms)
[ok]: ACLs cannot include a subcommand with a specific arg (1 ms)
[ok]: ACLs cannot exclude or include a container commands with a specific arg (1 ms)
[ok]: ACLs cannot exclude or include a container command with two args (2 ms)
[ok]: ACLs including of a type includes also subcommands (1 ms)
[ok]: ACLs can block SELECT of all but a specific DB (1 ms)
[ok]: ACLs can block all DEBUG subcommands except one (3 ms)
[ok]: ACLs set can include subcommands, if already full command exists (10 ms)
[ok]: SDIFF fuzzing (7952 ms)
[ok]: ACLs set can exclude subcommands, if already full command exists (26 ms)
[ok]: ACL GETUSER is able to translate back command permissions (2 ms)
[ok]: SDIFF against non-set should throw error (4 ms)
[ok]: SDIFF should handle non existing key as empty (3 ms)
[ok]: SDIFFSTORE against non-set should throw error (3 ms)
[ok]: SDIFFSTORE should handle non existing key as empty (2 ms)
[ok]: SINTER against non-set should throw error (1 ms)
[ok]: SINTER should handle non existing key as empty (1 ms)
[ok]: SINTER with same integer elements but different encoding (0 ms)
[ok]: SINTERSTORE against non-set should throw error (2 ms)
[ok]: SINTERSTORE against non existing keys should delete dstkey (2 ms)
[ok]: SUNION against non-set should throw error (2 ms)
[ok]: SUNION should handle non existing key as empty (1 ms)
[ok]: SUNIONSTORE against non-set should throw error (3 ms)
[ok]: SUNIONSTORE should handle non existing key as empty (5 ms)
[ok]: SUNIONSTORE against non existing keys should delete dstkey (1 ms)
[ok]: SPOP basics - hashtable (2 ms)
[ok]: SPOP with <count>=1 - hashtable (1 ms)
[ok]: SRANDMEMBER - hashtable (19 ms)
[ok]: SPOP basics - intset (4 ms)
[ok]: SPOP with <count>=1 - intset (4 ms)
[ok]: Test basic multiple selectors (1 ms)
[ok]: Test ACL selectors by default have no permissions (1 ms)
[ok]: Test deleting selectors (3 ms)
[ok]: Test selector syntax error reports the error in the selector context (1 ms)
[ok]: Test flexible selector definition (5 ms)
[ok]: Test separate read permission (1 ms)
[ok]: Test separate write permission (1 ms)
[ok]: Test separate read and write permissions (2 ms)
[ok]: Test separate read and write permissions on different selectors are not additive (2 ms)
[ok]: Test SET with separate read permission (10 ms)
[ok]: Test SET with separate write permission (3 ms)
[ok]: SRANDMEMBER - intset (34 ms)
[ok]: SPOP with <count> (12 ms)
[ok]: Test SET with read and write permissions (13 ms)
[ok]: ACL GETUSER provides reasonable results (113 ms)
[ok]: Test BITFIELD with separate read permission (1 ms)
[ok]: ACL CAT with illegal arguments (0 ms)
[ok]: ACL CAT without category - list all categories (1 ms)
[ok]: SPOP with <count> (12 ms)
[ok]: ACL CAT category - list all commands/subcommands that belong to category (11 ms)
[ok]: Test BITFIELD with separate write permission (13 ms)
[ok]: Test BITFIELD with read and write permissions (1 ms)
[ok]: SPOP using integers, testing Knuth's and Floyd's algorithm (6 ms)
[ok]: SPOP using integers with Knuth's algorithm (1 ms)
[ok]: Test ACL log correctly identifies the relevant item when selectors are used (7 ms)
[ok]: ACL requires explicit permission for scripting for EVAL_RO, EVALSHA_RO and FCALL_RO (4 ms)
[ok]: SPOP new implementation: code path #1 (7 ms)
[ok]: ACL #5998 regression: memory leaks adding / removing subcommands (0 ms)
[ok]: Test ACL GETUSER response information (5 ms)
[ok]: SPOP new implementation: code path #2 (5 ms)
[ok]: ACL LOG shows failed command executions at toplevel (2 ms)
[ok]: ACL LOG shows failed subcommand executions at toplevel (10 ms)
[ok]: SPOP new implementation: code path #3 (5 ms)
[ok]: ACL LOG is able to test similar events (5 ms)
[ok]: Test ACL list idempotency (11 ms)
[ok]: SRANDMEMBER count of 0 is handled correctly (0 ms)
[ok]: Test R+W is the same as all permissions (0 ms)
[ok]: ACL LOG is able to log keys access violations and key name (4 ms)
[ok]: SRANDMEMBER with <count> against non existing key (0 ms)
[ok]: Test basic dry run functionality (1 ms)
[ok]: Test various commands for command permissions (1 ms)
[ok]: ACL LOG is able to log channel access violations and channel name (4 ms)
[ok]: SRANDMEMBER count overflow (1 ms)
[ok]: ACL LOG RESET is able to flush the entries in the log (0 ms)
[ok]: SRANDMEMBER count of 0 is handled correctly - emptyarray (0 ms)
[ok]: ACL LOG can distinguish the transaction context (1) (1 ms)
[ok]: SRANDMEMBER with <count> against non existing key - emptyarray (0 ms)
[ok]: Test various odd commands for key permissions (13 ms)
[ok]: Existence test commands are not marked as access (3 ms)
[ok]: ACL LOG can distinguish the transaction context (2) (14 ms)
[ok]: ACL can log errors in the context of Lua scripting (4 ms)
[ok]: ACL LOG can accept a numerical argument to show less entries (2 ms)
[ok]: Intersection cardinaltiy commands are access commands (2 ms)
[ok]: SRANDMEMBER with <count> - hashtable (32 ms)
[ok]: ACL LOG can log failed auth attempts (0 ms)
[ok]: Test general keyspace commands require some type of permission to execute (6 ms)
[ok]: ACL LOG entries are limited to a maximum amount (16 ms)
[ok]: When default user is off, new connections are not authenticated (1 ms)
[ok]: When default user has no command permission, hello command still works for other users (1 ms)
[ok]: ACL HELP should not have unexpected options (0 ms)
[ok]: Delete a user that the client doesn't use (1 ms)
[ok]: Redis should lazy expire keys (1003 ms)
[ok]: Delete a user that the client is using (0 ms)
[ok]: ACL GENPASS command failed test (1 ms)
[ok]: Cardinality commands require some type of permission to execute (12 ms)
[ok]: Default user can not be removed (2 ms)
[ok]: ACL load non-existing configured ACL file (2 ms)
[ok]: Test sharded channel permissions (5 ms)
[ok]: Test sort with ACL permissions (2 ms)
[ok]: Test DRYRUN with wrong number of arguments (1 ms)
[ok]: SRANDMEMBER with <count> - intset (47 ms)
[ok]: Old Big Linked list: SORT BY hash field (564 ms)
[ok]: Intset: SORT BY key (0 ms)
[ok]: Intset: SORT BY key with limit (0 ms)
[ok]: Intset: SORT BY hash field (5 ms)
[ok]: SRANDMEMBER histogram distribution - hashtable (206 ms)
[11/84 done]: unit/type/stream-cgroups (9 seconds)
Testing unit/latency-monitor
[ok]: SRANDMEMBER histogram distribution - intset (209 ms)
[ok]: XREVRANGE returns the reverse of XRANGE (2497 ms)
[ok]: XRANGE exclusive ranges (10 ms)
[ok]: XREAD with non empty stream (1 ms)
[ok]: Stress tester for #3343-alike bugs comp: 2 (9049 ms)
[ok]: Non blocking XREAD with empty streams (0 ms)
[ok]: BLMPOP_LEFT: with zero timeout should block indefinitely (1004 ms)
[ok]: BLMPOP_LEFT: with 0.001 timeout should not block indefinitely (21 ms)
[ok]: BLMPOP_LEFT: second argument is not a list (2 ms)
[ok]: default: load from include file, can access any channels (2 ms)
[ok]: default: with config acl-pubsub-default allchannels after reset, can access any channels (2 ms)
[ok]: default: with config acl-pubsub-default resetchannels after reset, can not access any channels (2 ms)
[ok]: Alice: can execute all command (1 ms)
[ok]: Bob: just execute @set and acl command (1 ms)
[ok]: ACL load and save (6 ms)
[ok]: ACL load and save with restricted channels (6 ms)
[ok]: LATENCY HISTOGRAM with empty histogram (1 ms)
[ok]: LATENCY HISTOGRAM all commands (2 ms)
[ok]: LATENCY HISTOGRAM sub commands (2 ms)
[ok]: LATENCY HISTOGRAM with a subset of commands (2 ms)
[ok]: LATENCY HISTOGRAM command (1 ms)
[ok]: LATENCY HISTOGRAM with wrong command name skips the invalid one (3 ms)
[ok]: Hash table: SORT BY key (6 ms)
[ok]: Hash table: SORT BY key with limit (1 ms)
[ok]: Hash table: SORT BY hash field (5 ms)
[ok]: ZDIFF fuzzing - listpack (9615 ms)
[ok]: ZPOPMIN with the count 0 returns an empty array (1 ms)
[ok]: ZPOPMIN with negative count (1 ms)
[ok]: ZPOPMAX with the count 0 returns an empty array (1 ms)
[ok]: ZPOPMAX with negative count (3 ms)
[ok]: Test behavior of loading ACLs (2 ms)
[ok]: Basic ZPOPMIN/ZPOPMAX with a single key - listpack (3 ms)
[ok]: ZPOPMIN/ZPOPMAX with count - listpack (2 ms)
[ok]: Basic ZMPOP_MIN/ZMPOP_MAX with a single key - listpack (5 ms)
[ok]: ZMPOP_MIN/ZMPOP_MAX with count - listpack (2 ms)
[ok]: BZPOPMIN/BZPOPMAX with a single existing sorted set - listpack (4 ms)
[ok]: BZPOPMIN/BZPOPMAX with multiple existing sorted sets - listpack (5 ms)
[ok]: BZPOPMIN/BZPOPMAX second sorted set has members - listpack (3 ms)
[ok]: BZMPOP_MIN/BZMPOP_MAX with a single existing sorted set - listpack (3 ms)
[ok]: BZMPOP_MIN/BZMPOP_MAX with multiple existing sorted sets - listpack (5 ms)
[ok]: BZMPOP_MIN/BZMPOP_MAX second sorted set has members - listpack (3 ms)
[ok]: Basic ZPOPMIN/ZPOPMAX - listpack RESP3 (3 ms)
[ok]: ZPOPMIN/ZPOPMAX with count - listpack RESP3 (3 ms)
[ok]: Basic ZMPOP_MIN/ZMPOP_MAX - listpack RESP3 (3 ms)
[ok]: ZMPOP_MIN/ZMPOP_MAX with count - listpack RESP3 (2 ms)
[ok]: BZPOPMIN/BZPOPMAX - listpack RESP3 (4 ms)
[ok]: BZMPOP_MIN/BZMPOP_MAX - listpack RESP3 (5 ms)
[ok]: Check encoding - skiplist (1 ms)
[ok]: ZSET basic ZADD and score update - skiplist (2 ms)
[ok]: ZSET element can't be set to NaN with ZADD - skiplist (0 ms)
[ok]: ZSET element can't be set to NaN with ZINCRBY - skiplist (1 ms)
[ok]: ZADD with options syntax error with incomplete pair - skiplist (1 ms)
[ok]: ZADD XX option without key - skiplist (1 ms)
[ok]: ZADD XX existing key - skiplist (1 ms)
[ok]: ZADD XX returns the number of elements actually added - skiplist (1 ms)
[ok]: ZADD XX updates existing elements score - skiplist (1 ms)
[ok]: ZADD GT updates existing elements when new scores are greater - skiplist (2 ms)
[ok]: ZADD LT updates existing elements when new scores are lower - skiplist (1 ms)
[ok]: ZADD GT XX updates existing elements when new scores are greater and skips new elements - skiplist (2 ms)
[ok]: ZADD LT XX updates existing elements when new scores are lower and skips new elements - skiplist (3 ms)
[ok]: ZADD XX and NX are not compatible - skiplist (0 ms)
[ok]: ZADD NX with non existing key - skiplist (1 ms)
[ok]: ZADD NX only add new elements without updating old ones - skiplist (2 ms)
[ok]: ZADD GT and NX are not compatible - skiplist (0 ms)
[ok]: ZADD LT and NX are not compatible - skiplist (0 ms)
[ok]: ZADD LT and GT are not compatible - skiplist (1 ms)
[ok]: ZADD INCR LT/GT replies with nill if score not updated - skiplist (1 ms)
[ok]: ZADD INCR LT/GT with inf - skiplist (6 ms)
[ok]: ZADD INCR works like ZINCRBY - skiplist (1 ms)
[ok]: ZADD INCR works with a single score-elemenet pair - skiplist (1 ms)
[ok]: ZADD CH option changes return value to all changed elements - skiplist (1 ms)
[ok]: ZINCRBY calls leading to NaN result in error - skiplist (1 ms)
[ok]: ZADD - Variadic version base case - $encoding (0 ms)
[ok]: ZADD - Return value is the number of actually added items - $encoding (1 ms)
[ok]: ZADD - Variadic version does not add nothing on single parsing err - $encoding (1 ms)
[ok]: ZADD - Variadic version will raise error on missing arg - $encoding (1 ms)
[ok]: ZINCRBY does not work variadic even if shares ZADD implementation - $encoding (1 ms)
[ok]: ZCARD basics - skiplist (1 ms)
[ok]: ZREM removes key after last element is removed - skiplist (2 ms)
[ok]: ZREM variadic version - skiplist (1 ms)
[ok]: ZREM variadic version -- remove elements after key deletion - skiplist (1 ms)
[ok]: EXPIRE should not resurrect keys (issue #1026) (1002 ms)
[ok]: 5 keys in, 5 keys out (2 ms)
[ok]: ZRANGE basics - skiplist (6 ms)
[ok]: EXPIRE with empty string as TTL should report an error (1 ms)
[ok]: SET with EX with big integer should report an error (0 ms)
[ok]: SET with EX with smallest integer should report an error (1 ms)
[ok]: GETEX with big integer should report an error (0 ms)
[ok]: GETEX with smallest integer should report an error (1 ms)
[ok]: EXPIRE with big integer overflows when converted to milliseconds (1 ms)
[ok]: ZREVRANGE basics - skiplist (6 ms)
[ok]: PEXPIRE with big integer overflow when basetime is added (0 ms)
[ok]: EXPIRE with big negative integer (1 ms)
[ok]: PEXPIREAT with big integer works (1 ms)
[ok]: PEXPIREAT with big negative integer works (2 ms)
[ok]: ZRANK/ZREVRANK basics - skiplist (3 ms)
[ok]: ZRANK - after deletion - skiplist (1 ms)
[ok]: ZINCRBY - can create a new sorted set - skiplist (1 ms)
[ok]: ZINCRBY - increment and decrement - skiplist (4 ms)
[ok]: ZINCRBY return value - skiplist (0 ms)
[ok]: ZRANGEBYSCORE/ZREVRANGEBYSCORE/ZCOUNT basics - skiplist (10 ms)
[ok]: ZRANGEBYSCORE with WITHSCORES - skiplist (3 ms)
[ok]: ZRANGEBYSCORE with LIMIT - skiplist (4 ms)
[ok]: ZRANGEBYSCORE with LIMIT and WITHSCORES - skiplist (3 ms)
[ok]: ZRANGEBYSCORE with non-value min or max - skiplist (1 ms)
[ok]: ZRANGEBYLEX/ZREVRANGEBYLEX/ZLEXCOUNT basics - skiplist (7 ms)
[ok]: ZLEXCOUNT advanced - skiplist (6 ms)
[ok]: ZRANGEBYSLEX with LIMIT - skiplist (4 ms)
[ok]: ZRANGEBYLEX with invalid lex range specifiers - skiplist (1 ms)
[ok]: SET 10000 numeric keys and access all them in reverse order (6903 ms)
[ok]: DBSIZE should be 10000 now (0 ms)
[ok]: SETNX target key missing (1 ms)
[ok]: SETNX target key exists (4 ms)
[ok]: SETNX against not-expired volatile key (1 ms)
[ok]: ZREMRANGEBYSCORE basics - skiplist (29 ms)
[ok]: ZREMRANGEBYSCORE with non-value min or max - skiplist (0 ms)
[ok]: ZREMRANGEBYRANK basics - skiplist (11 ms)
[ok]: ZUNIONSTORE against non-existing key doesn't set destination - skiplist (0 ms)
[ok]: ZUNION/ZINTER/ZINTERCARD/ZDIFF against non-existing key - skiplist (2 ms)
[ok]: ZUNIONSTORE with empty set - skiplist (2 ms)
[ok]: ZUNION/ZINTER/ZINTERCARD/ZDIFF with empty set - skiplist (3 ms)
[ok]: ZUNIONSTORE basics - skiplist (3 ms)
[ok]: ZUNION/ZINTER/ZINTERCARD/ZDIFF with integer members - skiplist (2 ms)
[ok]: ZUNIONSTORE with weights - skiplist (2 ms)
[ok]: ZUNION with weights - skiplist (0 ms)
[ok]: ZUNIONSTORE with a regular set and weights - skiplist (2 ms)
[ok]: ZUNIONSTORE with AGGREGATE MIN - skiplist (1 ms)
[ok]: ZUNION/ZINTER with AGGREGATE MIN - skiplist (1 ms)
[ok]: ZUNIONSTORE with AGGREGATE MAX - skiplist (0 ms)
[ok]: ZUNION/ZINTER with AGGREGATE MAX - skiplist (0 ms)
[ok]: ZINTERSTORE basics - skiplist (1 ms)
[ok]: ZINTER basics - skiplist (1 ms)
[ok]: ZINTERCARD with illegal arguments (2 ms)
[ok]: ZINTERCARD basics - skiplist (1 ms)
[ok]: ZINTER RESP3 - skiplist (1 ms)
[ok]: ZINTERSTORE with weights - skiplist (1 ms)
[ok]: ZINTER with weights - skiplist (1 ms)
[ok]: ZINTERSTORE with a regular set and weights - skiplist (1 ms)
[ok]: ZINTERSTORE with AGGREGATE MIN - skiplist (1 ms)
[ok]: ZINTERSTORE with AGGREGATE MAX - skiplist (4 ms)
[ok]: ZUNIONSTORE with +inf/-inf scores - skiplist (4 ms)
[ok]: ZUNIONSTORE with NaN weights - skiplist (2 ms)
[ok]: ZINTERSTORE with +inf/-inf scores - skiplist (4 ms)
[ok]: ZINTERSTORE with NaN weights - skiplist (1 ms)
[ok]: ZDIFFSTORE basics - skiplist (1 ms)
[ok]: ZDIFF basics - skiplist (1 ms)
[ok]: ZDIFFSTORE with a regular set - skiplist (2 ms)
[ok]: ZDIFF subtracting set from itself - skiplist (1 ms)
[ok]: ZDIFF algorithm 1 - skiplist (2 ms)
[ok]: ZDIFF algorithm 2 - skiplist (2 ms)
[12/84 done]: unit/acl-v2 (1 seconds)
Testing integration/block-repl
[ok]: Default user has access to all channels irrespective of flag (2 ms)
[ok]: Update acl-pubsub-default, existing users shouldn't get affected (2 ms)
[ok]: Single channel is valid (1 ms)
[ok]: Single channel is not valid with allchannels (1 ms)
[ok]: BLMPOP_LEFT: timeout (1048 ms)
[ok]: BLMPOP_LEFT: arguments are empty (5 ms)
[ok]: BLMPOP_RIGHT: with single empty list argument (2 ms)
[ok]: BLMPOP_RIGHT: with negative timeout (0 ms)
[ok]: BLMPOP_RIGHT: with non-integer timeout (1 ms)
[ok]: EXPIRES after AOF reload (without rewrite) (2123 ms)
[ok]: XREAD with non empty second stream (1400 ms)
[ok]: Blocking XREAD waiting new data (1 ms)
[ok]: Blocking XREAD waiting old data (0 ms)
[ok]: Blocking XREAD will not reply with an empty array (56 ms)
[ok]: Blocking XREAD for stream that ran dry (issue #5299) (102 ms)
[ok]: XREAD: XADD + DEL should not awake client (3 ms)
[ok]: XREAD: XADD + DEL + LPUSH should not awake client (3 ms)
[ok]: XREAD with same stream name multiple times should work (2 ms)
[ok]: XREAD + multiple XADD inside transaction (2 ms)
[ok]: XDEL basic test (1 ms)
[ok]: Only default user has access to all channels irrespective of flag (1 ms)
[ok]: PIPELINING stresser (also a regression for the old epoll bug) (688 ms)
[ok]: APPEND basics (4 ms)
[ok]: APPEND basics, integer encoded values (2 ms)
[ok]: BLMPOP_RIGHT: with zero timeout should block indefinitely (1003 ms)
[ok]: BLMPOP_RIGHT: with 0.001 timeout should not block indefinitely (24 ms)
[ok]: BLMPOP_RIGHT: second argument is not a list (2 ms)
[ok]: First server should have role slave after SLAVEOF (1002 ms)
[ok]: default: load from config file, without channel permission default user can't access any channels (0 ms)
[ok]: APPEND fuzzing (933 ms)
[ok]: FLUSHDB (38 ms)
[ok]: Perform a final SAVE to leave a clean DB on disk (2 ms)
[ok]: RESET clears client state (1 ms)
[ok]: RESET clears MONITOR state (2 ms)
[ok]: RESET clears and discards MULTI state (1 ms)
[ok]: RESET clears Pub/Sub state (1 ms)
[ok]: RESET clears authenticated state (1 ms)
[ok]: Subcommand syntax error crash (issue #10070) (1 ms)
[ok]: All time-to-live(TTL) in commands are propagated as absolute timestamp in milliseconds in AOF (2023 ms)
[ok]: BLMPOP_RIGHT: timeout (1071 ms)
[ok]: default: load from config file with all channels permissions (0 ms)
[ok]: BLMPOP_RIGHT: arguments are empty (4 ms)
[ok]: BLPOP inside a transaction (2 ms)
[ok]: BLMPOP_LEFT inside a transaction (2 ms)
[ok]: All TTL in commands are propagated as absolute timestamp in replication stream (110 ms)
[ok]: LTRIM stress testing - linkedlist (12888 ms)
[ok]: XDEL fuzz test (1950 ms)
[ok]: BLMPOP propagate as pop with count command to replica (301 ms)
[ok]: LPUSHX, RPUSHX - generic (2 ms)
[ok]: LPUSHX, RPUSHX - linkedlist (2 ms)
[ok]: LINSERT - linkedlist (8 ms)
[ok]: LPUSHX, RPUSHX - ziplist (2 ms)
[ok]: LINSERT - ziplist (4 ms)
[ok]: LINSERT raise error on bad syntax (0 ms)
[ok]: Test latency events logging (3410 ms)
[ok]: LATENCY HISTORY output is ok (2 ms)
[ok]: LATENCY LATEST output is ok (0 ms)
[ok]: First server should have role slave after REPLICAOF (3 ms)
[ok]: LINDEX consistency test - quicklist (392 ms)
[ok]: LINDEX random access - quicklist (206 ms)
[ok]: Don't rehash if redis has child process (575 ms)
[ok]: Test loading an ACL file with duplicate users (79 ms)
[ok]: Test loading an ACL file with duplicate default user (77 ms)
[ok]: Test loading duplicate users in config on startup (75 ms)
[ok]: Check if list is still ok after a DEBUG RELOAD - quicklist (414 ms)
[ok]: For all replicated TTL-related commands, absolute expire times are identical on primary and replica (725 ms)
[ok]: expired key which is created in writeable replicas should be deleted by active expiry (297 ms)
[ok]: SETNX against expired volatile key (4353 ms)
[ok]: GETEX EX option (1 ms)
[ok]: GETEX PX option (2 ms)
[ok]: GETEX EXAT option (1 ms)
[ok]: GETEX PXAT option (1 ms)
[ok]: GETEX PERSIST option (3 ms)
[ok]: GETEX no option (1 ms)
[ok]: GETEX syntax errors (0 ms)
[ok]: GETEX no arguments (1 ms)
[ok]: GETDEL command (2 ms)
[ok]: Process title set as expected (40 ms)
[ok]: GETDEL propagate as DEL command to replica (54 ms)
[ok]: ZDIFF fuzzing - skiplist (4414 ms)
[ok]: ZPOPMIN with the count 0 returns an empty array (2 ms)
[ok]: ZPOPMIN with negative count (1 ms)
[ok]: ZPOPMAX with the count 0 returns an empty array (1 ms)
[ok]: ZPOPMAX with negative count (0 ms)
[ok]: Basic ZPOPMIN/ZPOPMAX with a single key - skiplist (1 ms)
[ok]: ZPOPMIN/ZPOPMAX with count - skiplist (1 ms)
[ok]: Basic ZMPOP_MIN/ZMPOP_MAX with a single key - skiplist (1 ms)
[ok]: ZMPOP_MIN/ZMPOP_MAX with count - skiplist (1 ms)
[ok]: BZPOPMIN/BZPOPMAX with a single existing sorted set - skiplist (3 ms)
[ok]: BZPOPMIN/BZPOPMAX with multiple existing sorted sets - skiplist (3 ms)
[ok]: BZPOPMIN/BZPOPMAX second sorted set has members - skiplist (2 ms)
[ok]: BZMPOP_MIN/BZMPOP_MAX with a single existing sorted set - skiplist (2 ms)
[ok]: BZMPOP_MIN/BZMPOP_MAX with multiple existing sorted sets - skiplist (2 ms)
[ok]: BZMPOP_MIN/BZMPOP_MAX second sorted set has members - skiplist (5 ms)
[ok]: GETEX without argument does not propagate to replica (101 ms)
[ok]: Basic ZPOPMIN/ZPOPMAX - skiplist RESP3 (5 ms)
[ok]: ZPOPMIN/ZPOPMAX with count - skiplist RESP3 (2 ms)
[ok]: MGET (7 ms)
[ok]: LINDEX consistency test - quicklist (546 ms)
[ok]: MGET against non existing key (1 ms)
[ok]: MGET against non-string key (1 ms)
[ok]: Basic ZMPOP_MIN/ZMPOP_MAX - skiplist RESP3 (4 ms)
[ok]: GETSET (set new value) (2 ms)
[ok]: GETSET (replace old value) (1 ms)
[ok]: ZMPOP_MIN/ZMPOP_MAX with count - skiplist RESP3 (4 ms)
[ok]: MSET base case (1 ms)
[ok]: MSET/MSETNX wrong number of args (1 ms)
[ok]: MSETNX with already existent key (1 ms)
[ok]: MSETNX with not existing keys (1 ms)
[ok]: MSETNX with not existing keys - same key twice (1 ms)
[ok]: MSETNX with already existing keys - same key twice (1 ms)
[ok]: STRLEN against non-existing key (1 ms)
[ok]: BZPOPMIN/BZPOPMAX - skiplist RESP3 (6 ms)
[ok]: STRLEN against integer-encoded value (1 ms)
[ok]: STRLEN against plain string (1 ms)
[ok]: SETBIT against non-existing key (1 ms)
[ok]: SETBIT against string-encoded key (1 ms)
[ok]: BZMPOP_MIN/BZMPOP_MAX - skiplist RESP3 (5 ms)
[ok]: SETBIT against integer-encoded key (3 ms)
[ok]: SETBIT against key with wrong type (1 ms)
[ok]: SETBIT with out of range bit offset (1 ms)
[ok]: ZPOP/ZMPOP against wrong type (4 ms)
[ok]: SETBIT with non-bit argument (2 ms)
[ok]: ZMPOP with illegal argument (6 ms)
[ok]: SET command will remove expire (1 ms)
[ok]: SET - use KEEPTTL option, TTL should not be removed (1 ms)
[ok]: ZMPOP propagate as pop with count command to replica (49 ms)
[ok]: ZPOPMIN/ZPOPMAX readraw in RESP3 (3 ms)
[13/84 done]: unit/other (13 seconds)
Testing integration/replication
[ok]: BZPOPMIN/BZPOPMAX readraw in RESP3 (192 ms)
[ok]: ZMPOP readraw in RESP3 (5 ms)
[ok]: LINDEX random access - quicklist (352 ms)
[ok]: ACL from config file and config rewrite (446 ms)
[ok]: BZMPOP readraw in RESP3 (195 ms)
[ok]: ZPOPMIN/ZPOPMAX readraw in RESP2 (2 ms)
[ok]: Big Hash table: SORT BY key (444 ms)
[ok]: SETBIT fuzzing (487 ms)
[ok]: GETBIT against non-existing key (1 ms)
[ok]: Big Hash table: SORT BY key with limit (6 ms)
[ok]: GETBIT against string-encoded key (1 ms)
[ok]: GETBIT against integer-encoded key (3 ms)
[ok]: SETRANGE against non-existing key (1 ms)
[ok]: SETRANGE against string-encoded key (1 ms)
[ok]: SETRANGE against integer-encoded key (1 ms)
[ok]: SETRANGE against key with wrong type (0 ms)
[ok]: SETRANGE with out of range offset (0 ms)
[ok]: GETRANGE against non-existing key (0 ms)
[ok]: GETRANGE against string value (1 ms)
[ok]: GETRANGE against integer-encoded value (1 ms)
[ok]: BZPOPMIN/BZPOPMAX readraw in RESP2 (195 ms)
[ok]: ZMPOP readraw in RESP2 (4 ms)
[14/84 done]: unit/acl (7 seconds)
Testing integration/replication-2
[ok]: Slave enters handshake (0 ms)
[ok]: BZMPOP readraw in RESP2 (197 ms)
[ok]: ZINTERSTORE regression with two sets, intset+hashtable (1 ms)
[ok]: ZUNIONSTORE regression, should not create NaN in scores (1 ms)
[ok]: ZINTERSTORE #516 regression, mixed sets and ziplist zsets (0 ms)
[ok]: Check if list is still ok after a DEBUG RELOAD - quicklist (628 ms)
[ok]: LLEN against non-list value error (1 ms)
[ok]: LLEN against non existing key (0 ms)
[ok]: LINDEX against non-list value error (0 ms)
[ok]: LINDEX against non existing key (0 ms)
[ok]: LPUSH against non-list value error (4 ms)
[ok]: MIGRATE cached connections are released after some time (15003 ms)
[ok]: RPUSH against non-list value error (0 ms)
[ok]: RPOPLPUSH base case - linkedlist (3 ms)
[ok]: LMOVE left left base case - linkedlist (2 ms)
[ok]: LMOVE left right base case - linkedlist (9 ms)
[ok]: Big Hash table: SORT BY hash field (492 ms)
[ok]: LMOVE right left base case - linkedlist (6 ms)
[ok]: LMOVE right right base case - linkedlist (2 ms)
[ok]: RPOPLPUSH with the same list as src and dst - linkedlist (1 ms)
[ok]: LMOVE left left with the same list as src and dst - linkedlist (1 ms)
[ok]: LMOVE left right with the same list as src and dst - linkedlist (1 ms)
[ok]: ZUNIONSTORE result is sorted (124 ms)
[ok]: ZUNIONSTORE/ZINTERSTORE/ZDIFFSTORE error if using WITHSCORES  (3 ms)
[ok]: LMOVE right left with the same list as src and dst - linkedlist (7 ms)
[ok]: ZMSCORE retrieve (0 ms)
[ok]: ZMSCORE retrieve from empty set (1 ms)
[ok]: ZMSCORE retrieve with missing member (1 ms)
[ok]: ZMSCORE retrieve single member (1 ms)
[ok]: ZMSCORE retrieve requires one or more members (1 ms)
[ok]: ZSET commands don't accept the empty strings as valid score (1 ms)
[ok]: zunionInterDiffGenericCommand at least 1 input key (2 ms)
[ok]: LMOVE right right with the same list as src and dst - linkedlist (6 ms)
[ok]: RPOPLPUSH with linkedlist source and existing target linkedlist (2 ms)
[ok]: SORT GET # (6 ms)
[ok]: LMOVE left left with linkedlist source and existing target linkedlist (8 ms)
[ok]: SORT GET <const> (0 ms)
[ok]: LMOVE left right with linkedlist source and existing target linkedlist (3 ms)
[ok]: SORT GET (key and hash) with sanity check (9 ms)
[ok]: SORT BY key STORE (1 ms)
[ok]: LMOVE right left with linkedlist source and existing target linkedlist (8 ms)
[ok]: LMOVE right right with linkedlist source and existing target linkedlist (2 ms)
[ok]: SORT BY hash field STORE (8 ms)
[ok]: RPOPLPUSH with linkedlist source and existing target ziplist (8 ms)
[ok]: SORT extracts STORE correctly (0 ms)
[ok]: SORT_RO get keys (0 ms)
[ok]: SORT extracts multiple STORE correctly (1 ms)
[ok]: SORT DESC (0 ms)
[ok]: SORT ALPHA against integer encoded strings (2 ms)
[ok]: LMOVE left left with linkedlist source and existing target ziplist (4 ms)
[ok]: LMOVE left right with linkedlist source and existing target ziplist (2 ms)
[ok]: SORT sorted set (5 ms)
[ok]: LMOVE right left with linkedlist source and existing target ziplist (2 ms)
[ok]: SORT sorted set BY nosort should retain ordering (2 ms)
[ok]: LMOVE right right with linkedlist source and existing target ziplist (4 ms)
[ok]: SORT sorted set BY nosort + LIMIT (5 ms)
[ok]: SORT sorted set BY nosort works as expected from scripts (6 ms)
[ok]: SORT sorted set: +inf and -inf handling (1 ms)
[ok]: RPOPLPUSH base case - ziplist (8 ms)
[ok]: LMOVE left left base case - ziplist (1 ms)
[ok]: LMOVE left right base case - ziplist (2 ms)
[ok]: ZSCORE - listpack (62 ms)
[ok]: LMOVE right left base case - ziplist (6 ms)
[ok]: SORT regression for issue #19, sorting floats (12 ms)
[ok]: SORT with STORE returns zero if result is empty (github issue 224) (1 ms)
[ok]: SORT with STORE does not create empty lists (github issue 224) (1 ms)
[ok]: SORT with STORE removes key if result is empty (github issue 227) (1 ms)
[ok]: SORT with BY <constant> and STORE should still order output (2 ms)
[ok]: LMOVE right right base case - ziplist (9 ms)
[ok]: SORT will complain with numerical sorting and bad doubles (1) (0 ms)
[ok]: SORT will complain with numerical sorting and bad doubles (2) (2 ms)
[ok]: SORT BY sub-sorts lexicographically if score is the same (0 ms)
[ok]: SORT GET with pattern ending with just -> does not get hash field (2 ms)
[ok]: RPOPLPUSH with the same list as src and dst - ziplist (4 ms)
[ok]: SORT by nosort retains native order for lists (0 ms)
[ok]: LMOVE left left with the same list as src and dst - ziplist (3 ms)
[ok]: SORT by nosort plus store retains native order for lists (0 ms)
[ok]: LMOVE left right with the same list as src and dst - ziplist (1 ms)
[ok]: SORT by nosort with limit returns based on original list order (0 ms)
[ok]: LMOVE right left with the same list as src and dst - ziplist (1 ms)
[ok]: SORT_RO - Successful case (0 ms)
[ok]: SORT_RO - Cannot run with STORE arg (0 ms)
[ok]: LMOVE right right with the same list as src and dst - ziplist (12 ms)
[ok]: RPOPLPUSH with ziplist source and existing target linkedlist (2 ms)
[ok]: LMOVE left left with ziplist source and existing target linkedlist (1 ms)
[ok]: LMOVE left right with ziplist source and existing target linkedlist (2 ms)
[ok]: LMOVE right left with ziplist source and existing target linkedlist (2 ms)
[ok]: ZMSCORE - listpack (49 ms)
[ok]: LMOVE right right with ziplist source and existing target linkedlist (13 ms)
[ok]: RPOPLPUSH with ziplist source and existing target ziplist (2 ms)
[ok]: LMOVE left left with ziplist source and existing target ziplist (5 ms)
[ok]: LMOVE left right with ziplist source and existing target ziplist (2 ms)
[ok]: LMOVE right left with ziplist source and existing target ziplist (2 ms)
[ok]: LMOVE right right with ziplist source and existing target ziplist (4 ms)
[ok]: RPOPLPUSH against non existing key (1 ms)
[ok]: RPOPLPUSH against non list src key (1 ms)
[ok]: RPOPLPUSH against non list dst key (8 ms)
[ok]: RPOPLPUSH against non existing src key (1 ms)
[ok]: Basic LPOP/RPOP/LMPOP - linkedlist (2 ms)
[ok]: Basic LPOP/RPOP/LMPOP - ziplist (9 ms)
[ok]: LPOP/RPOP/LMPOP against empty list (1 ms)
[ok]: LPOP/RPOP/LMPOP NON-BLOCK or BLOCK against non list value (5 ms)
[ok]: ZSCORE after a DEBUG RELOAD - listpack (51 ms)
[ok]: SORT speed, 100 element list BY key, 100 times (44 ms)
[ok]: ZSET sorting stresser - listpack (58 ms)
[ok]: SORT speed, 100 element list BY hash field, 100 times (45 ms)
[ok]: Mass RPOP/LPOP - quicklist (132 ms)
[ok]: SORT speed, 100 element list directly, 100 times (51 ms)
[ok]: First server should have role slave after SLAVEOF (107 ms)
[ok]: GETRANGE fuzzing (862 ms)
[ok]: SORT speed, 100 element list BY <const>, 100 times (60 ms)
[ok]: SETRANGE with huge offset (3 ms)
[ok]: Mass RPOP/LPOP - quicklist (149 ms)
[ok]: LMPOP with illegal argument (3 ms)
[ok]: LMPOP single existing list (4 ms)
[ok]: trim on SET with big value (92 ms)
[ok]: Extended SET can detect syntax errors (1 ms)
[ok]: Extended SET NX option (1 ms)
[ok]: Extended SET XX option (1 ms)
[ok]: LMPOP multiple existing lists (6 ms)
[ok]: Extended SET GET option (2 ms)
[ok]: Extended SET GET option with no previous value (1 ms)
[ok]: Extended SET GET option with XX (0 ms)
[ok]: Extended SET GET option with XX and no previous value (0 ms)
[ok]: Extended SET GET option with NX (1 ms)
[ok]: Extended SET GET option with NX and previous value (0 ms)
[ok]: Extended SET GET with incorrect type should result in wrong type error (1 ms)
[ok]: Extended SET EX option (1 ms)
[ok]: Extended SET PX option (1 ms)
[ok]: Extended SET EXAT option (1 ms)
[ok]: Extended SET PXAT option (0 ms)
[ok]: Extended SET using multiple options at once (1 ms)
[ok]: GETRANGE with huge ranges, Github issue #1844 (0 ms)
[ok]: LCS basic (1 ms)
[ok]: LCS len (1 ms)
[ok]: LCS indexes (1 ms)
[ok]: LCS indexes with match len (0 ms)
[ok]: LCS indexes with match len and minimum match len (1 ms)
[ok]: SETRANGE with huge offset (1 ms)
[ok]: LMPOP propagate as pop with count command to replica (71 ms)
[ok]: LRANGE basics - linkedlist (3 ms)
[ok]: LRANGE inverted indexes - linkedlist (2 ms)
[ok]: LRANGE out of range indexes including the full list - linkedlist (1 ms)
[ok]: LRANGE out of range negative end index - linkedlist (1 ms)
[ok]: LRANGE basics - ziplist (2 ms)
[ok]: LRANGE inverted indexes - ziplist (2 ms)
[ok]: LRANGE out of range indexes including the full list - ziplist (1 ms)
[ok]: LRANGE out of range negative end index - ziplist (2 ms)
[ok]: LRANGE against non existing key (0 ms)
[ok]: LRANGE with start > end yields an empty array for backward compatibility (2 ms)
[ok]: LTRIM basics - linkedlist (17 ms)
[ok]: LTRIM out of range negative end index - linkedlist (3 ms)
[ok]: LTRIM basics - ziplist (16 ms)
[ok]: LTRIM out of range negative end index - ziplist (2 ms)
[ok]: LSET - linkedlist (1 ms)
[ok]: LSET out of range index - linkedlist (0 ms)
[ok]: LSET - ziplist (2 ms)
[ok]: LSET out of range index - ziplist (0 ms)
[ok]: LSET against non existing key (1 ms)
[ok]: LSET against non list value (0 ms)
[ok]: LREM remove all the occurrences - linkedlist (2 ms)
[ok]: AOF rewrite during write load: RDB preamble=yes (11648 ms)
[ok]: LREM remove the first occurrence - linkedlist (1 ms)
[ok]: LREM remove non existing element - linkedlist (0 ms)
[ok]: LREM starting from tail with negative count - linkedlist (2 ms)
[ok]: LREM starting from tail with negative count (2) - linkedlist (0 ms)
[ok]: LREM deleting objects that may be int encoded - linkedlist (1 ms)
[ok]: LREM remove all the occurrences - ziplist (2 ms)
[ok]: LREM remove the first occurrence - ziplist (0 ms)
[ok]: LREM remove non existing element - ziplist (1 ms)
[ok]: LREM starting from tail with negative count - ziplist (2 ms)
[ok]: LREM starting from tail with negative count (2) - ziplist (0 ms)
[ok]: LREM deleting objects that may be int encoded - ziplist (1 ms)
[ok]: MIGRATE is able to migrate a key between two instances (745 ms)
[15/84 done]: unit/sort (16 seconds)
Testing integration/replication-3
[16/84 done]: unit/type/string (16 seconds)
Testing integration/replication-4
[ok]: SCAN regression test for issue #4906 (15793 ms)
[ok]: If min-slaves-to-write is honored, write is accepted (612 ms)
[ok]: No write if min-slaves-to-write is < attached slaves (0 ms)
[ok]: If min-slaves-to-write is honored, write is accepted (again) (0 ms)
[ok]: SET - use KEEPTTL option, TTL should not be removed after loadaof (2005 ms)
[ok]: GETEX use of PERSIST option should remove TTL (1 ms)
[17/84 done]: unit/scan (17 seconds)
Testing integration/replication-psync
[ok]: LATENCY of expire events are correctly collected (3740 ms)
[ok]: LATENCY HISTORY / RESET with wrong event name is fine (0 ms)
[ok]: LATENCY DOCTOR produces some output (1 ms)
[ok]: LATENCY RESET is able to reset events (1 ms)
[ok]: LATENCY HELP should not have unexpected options (0 ms)
[ok]: MIGRATE is able to copy a key between two instances (584 ms)
[ok]: First server should have role slave after SLAVEOF (107 ms)
[18/84 done]: unit/latency-monitor (8 seconds)
Testing integration/replication-buffer
[ok]: Regression for bug 593 - chaining BRPOPLPUSH with other blocking cmds (1005 ms)
[ok]: client unblock tests (17 ms)
[ok]: client unblock tests (10 ms)
[ok]: List ziplist of various encodings (60 ms)
[ok]: List ziplist of various encodings - sanitize dump (8 ms)
[ok]: MIGRATE will not overwrite existing keys, unless REPLACE is used (552 ms)
[ok]: Slave should be able to synchronize with the master (110 ms)
[19/84 done]: unit/type/list (18 seconds)
Testing integration/shutdown
[ok]: First server should have role slave after SLAVEOF (1003 ms)
[ok]: MIGRATE propagates TTL correctly (745 ms)
[ok]: Stress tester for #3343-alike bugs comp: 1 (9109 ms)
[ok]: Detect write load to master (1006 ms)
[ok]: GETEX use of PERSIST option should remove TTL after loadaof (2003 ms)
[ok]: GETEX propagate as to replica as PERSIST, DEL, or nothing (47 ms)
[ok]: EXPIRE with NX option on a key with ttl (1 ms)
[ok]: EXPIRE with NX option on a key without ttl (3 ms)
[ok]: EXPIRE with XX option on a key with ttl (2 ms)
[ok]: EXPIRE with XX option on a key without ttl (1 ms)
[ok]: EXPIRE with GT option on a key with lower ttl (2 ms)
[ok]: Test replication partial resync: no reconnection, just sync (diskless: no, disabled, reconnect: 0) (107 ms)
[ok]: EXPIRE with GT option on a key with higher ttl (3 ms)
[ok]: EXPIRE with GT option on a key without ttl (3 ms)
[ok]: EXPIRE with LT option on a key with higher ttl (3 ms)
[ok]: EXPIRE with LT option on a key with lower ttl (2 ms)
[ok]: EXPIRE with LT option on a key without ttl (5 ms)
[ok]: EXPIRE with LT and XX option on a key with ttl (4 ms)
[ok]: EXPIRE with LT and XX option on a key without ttl (5 ms)
[ok]: EXPIRE with conflicting options: LT GT (1 ms)
[ok]: EXPIRE with conflicting options: NX GT (0 ms)
[ok]: EXPIRE with conflicting options: NX LT (1 ms)
[ok]: EXPIRE with conflicting options: NX XX (1 ms)
[ok]: EXPIRE with unsupported options (0 ms)
[ok]: EXPIRE with unsupported options (0 ms)
[ok]: EXPIRE with negative expiry (1 ms)
[ok]: EXPIRE with negative expiry on a non-valitale key (1 ms)
[ok]: EXPIRE with non-existed key (0 ms)
[ok]: SCAN: Lazy-expire should not be wrapped in MULTI/EXEC (54 ms)
[ok]: RANDOMKEY: Lazy-expire should not be wrapped in MULTI/EXEC (103 ms)
[20/84 done]: unit/expire (18 seconds)
Testing integration/aof
[ok]: Unfinished MULTI: Server should start if load-truncated is yes (48 ms)
[ok]: No write if min-slaves-max-lag is > of the slave lag (3268 ms)
[ok]: min-slaves-to-write is ignored by slaves (12 ms)
[ok]: Slave should be able to synchronize with the master (111 ms)
[ok]: Short read: Server should start if load-truncated is yes (40 ms)
[ok]: Truncated AOF loaded: we expect foo to be equal to 5 (3 ms)
[ok]: Append a new command after loading an incomplete AOF (1 ms)
[ok]: All replicas share one global replication buffer (197 ms)
[ok]: Replication buffer will become smaller when no replica uses (23 ms)
[ok]: Short read + command: Server should start (44 ms)
[ok]: Truncated AOF loaded: we expect foo to be equal to 6 now (2 ms)
[ok]: Detect write load to master (1007 ms)
[ok]: Bad format: Server should have logged an error (23 ms)
[ok]: Shutting down master waits for replica to catch up (sigterm) (4071 ms)
[ok]: Unfinished MULTI: Server should have logged an error (28 ms)
[ok]: Short read: Server should have logged an error (16 ms)
[ok]: Short read: Utility should confirm the AOF is not valid (38 ms)
[ok]: Short read: Utility should show the abnormal line num in AOF (33 ms)
[ok]: Short read: Utility should be able to fix the AOF (33 ms)
[ok]: Fixed AOF: Server should have been started (36 ms)
[ok]: Fixed AOF: Keyspace should contain values that were parseable (3 ms)
[ok]: ZRANGEBYSCORE fuzzy test, 100 ranges in 128 element sorted set - listpack (7341 ms)
[ok]: Test replication with parallel clients writing in different DBs (5178 ms)
[ok]: AOF+SPOP: Server should have been started (20 ms)
[ok]: AOF+SPOP: Set should have 1 member (3 ms)
[ok]: ZRANGEBYLEX fuzzy test, 100 ranges in 128 element sorted set - listpack (537 ms)
[ok]: AOF+SPOP: Server should have been started (40 ms)
[ok]: AOF+SPOP: Set should have 1 member (1 ms)
[ok]: First server should have role slave after SLAVEOF (104 ms)
[ok]: With min-slaves-to-write (1,3): master should be writable (3 ms)
[ok]: With min-slaves-to-write (2,3): master should not be writable (4 ms)
[ok]: With min-slaves-to-write function without no-write flag (3 ms)
[ok]: With not enough good slaves, read in Lua script is still accepted (3 ms)
[ok]: ZREMRANGEBYLEX fuzzy test, 100 ranges in 128 element sorted set - listpack (909 ms)
[ok]: ZSETs skiplist implementation backlink consistency test - listpack (123 ms)
[ok]: AOF+EXPIRE: Server should have been started (34 ms)
[ok]: AOF+EXPIRE: List should be empty (6 ms)
[ok]: Shutting down master waits for replica to catch up (shutdown) (3694 ms)
[ok]: Slave is able to detect timeout during handshake (0 ms)
[ok]: Redis should not try to convert DEL into EXPIREAT for EXPIRE -1 (1 ms)
[ok]: Replication backlog size can outgrow the backlog limit config (2869 ms)
[ok]: XRANGE fuzzing (13480 ms)
[ok]: XREVRANGE regression test for issue #5006 (3 ms)
[ok]: XREAD streamID edge (no-blocking) (1 ms)
[ok]: XREAD streamID edge (blocking) (5 ms)
[ok]: XADD streamID edge (2 ms)
[ok]: XTRIM with MAXLEN option basic test (433 ms)
[ok]: XADD with LIMIT consecutive calls (40 ms)
[ok]: XTRIM with ~ is limited (39 ms)
[ok]: Set instance A as slave of B (106 ms)
[ok]: XTRIM without ~ is not limited (39 ms)
[ok]: XTRIM without ~ and with LIMIT (50 ms)
[ok]: XTRIM with LIMIT delete entries no more than limit (3 ms)
[ok]: INCRBYFLOAT replication, should not remove expire (317 ms)
[ok]: GETSET replication (21 ms)
[ok]: BRPOPLPUSH replication, when blocking against empty list (9 ms)
[ok]: Test replication partial resync: ok psync (diskless: no, disabled, reconnect: 1) (6196 ms)
[ok]: XADD with MAXLEN > xlen can propagate correctly (64 ms)
[ok]: With min-slaves-to-write: master not writable with lagged slave (3508 ms)
[ok]: BRPOPLPUSH replication, list exists (1005 ms)
[ok]: BLMOVE (left, left) replication, when blocking against empty list (9 ms)
[ok]: ZSETs ZRANK augmented skip list stress testing - listpack (3776 ms)
[ok]: BZPOPMIN, ZADD + DEL should not awake blocked client (7 ms)
[ok]: BZPOPMIN, ZADD + DEL + SET should not awake blocked client (3 ms)
[ok]: BZMPOP_MIN, ZADD + DEL should not awake blocked client (1 ms)
[ok]: BZMPOP_MIN, ZADD + DEL + SET should not awake blocked client (3 ms)
[ok]: BZPOPMIN with same key multiple times should work (3 ms)
[ok]: MULTI/EXEC is isolated from the point of view of BZPOPMIN (3 ms)
[ok]: BZPOPMIN with variadic ZADD (5 ms)
[ok]: XADD with MINID > lastid can propagate correctly (38 ms)
[ok]: Stress tester for #3343-alike bugs comp: 0 (9982 ms)
[ok]: Replica could use replication buffer (beyond backlog config) for partial resynchronization (3206 ms)
[ok]: Shutting down master waits for replica timeout (3831 ms)
[ok]: XADD with ~ MAXLEN can propagate correctly (50 ms)
[ok]: BLMOVE (left, left) replication, list exists (1009 ms)
[ok]: BLMOVE (left, right) replication, when blocking against empty list (8 ms)
[ok]: First server should have role slave after SLAVEOF (104 ms)
[ok]: Slave should be able to synchronize with the master (209 ms)
[ok]: Replication backlog memory will become smaller if disconnecting with replica (431 ms)
[ok]: BZPOPMIN with zero timeout should block indefinitely (1004 ms)
[ok]: MULTI/EXEC is isolated from the point of view of BZMPOP_MIN (2 ms)
[ok]: BZMPOP_MIN with variadic ZADD (3 ms)
[ok]: MASTER and SLAVE consistency with expire (12692 ms)
[ok]: Master can replicate command longer than client-query-buffer-limit on replica (44 ms)
[ok]: XADD with ~ MAXLEN and LIMIT can propagate correctly (34 ms)
[ok]: BLMOVE (left, right) replication, list exists (1006 ms)
[ok]: BLMOVE (right, left) replication, when blocking against empty list (4 ms)
[ok]: Detect write load to master (1002 ms)
[ok]: BZMPOP_MIN with zero timeout should block indefinitely (1008 ms)
[ok]: ZSCORE - skiplist (54 ms)
[ok]: ZMSCORE - skiplist (61 ms)
[ok]: ZSCORE after a DEBUG RELOAD - skiplist (72 ms)
[ok]: XADD with ~ MINID can propagate correctly (38 ms)
[ok]: ZSET sorting stresser - skiplist (96 ms)
[ok]: MASTER and SLAVE dataset should be identical after complex ops (11207 ms)
[ok]: LTRIM stress testing - ziplist (18471 ms)
[ok]: BLMOVE (right, left) replication, list exists (1005 ms)
[ok]: BLMOVE (right, right) replication, when blocking against empty list (3 ms)
[ok]: XADD with ~ MINID and LIMIT can propagate correctly (31 ms)
[21/84 done]: unit/type/list-2 (32 seconds)
Testing integration/aof-multi-part
[22/84 done]: integration/replication-2 (17 seconds)
Testing integration/rdb
[ok]: Replication of an expired key does not delete the expired key (2359 ms)
[ok]: test old version rdb file (1 ms)
[ok]: Multi Part AOF can't load data when some file missing (549 ms)
[ok]: Shutting down master waits for replica then fails (3200 ms)
[ok]: BLMOVE (right, right) replication, list exists (1007 ms)
[ok]: AOF fsync always barrier issue (5923 ms)
[ok]: XTRIM with ~ MAXLEN can propagate correctly (34 ms)
[ok]: BLPOP followed by role change, issue #2473 (216 ms)
[ok]: Multi Part AOF can't load data when the sequence not increase monotonically (528 ms)
[ok]: RDB encoding loading test (18 ms)
[ok]: XADD can CREATE an empty stream (2 ms)
[ok]: GETEX should not append to AOF (3 ms)
[ok]: XSETID can set a specific ID (1 ms)
[ok]: XSETID cannot SETID with smaller ID (2 ms)
[ok]: XSETID cannot SETID on non-existent key (0 ms)
[ok]: XSETID cannot run with an offset but without a maximal tombstone (1 ms)
[ok]: XSETID cannot run with a maximal tombstone but without an offset (1 ms)
[ok]: XSETID errors on negstive offset (0 ms)
[ok]: XSETID cannot set the maximal tombstone with larger ID (2 ms)
[ok]: XSETID cannot set the offset to less than the length (1 ms)
[ok]: Multi Part AOF can't load data when there are blank lines in the manifest file (327 ms)
[ok]: First server should have role slave after SLAVEOF (2 ms)
[ok]: Unknown command: Server should have logged an error (26 ms)
[ok]: Multi Part AOF can't load data when there is a duplicate base file (564 ms)
[ok]: Server started empty with non-existing RDB file (0 ms)
[ok]: XADD advances the entries-added counter and sets the recorded-first-entry-id (1 ms)
[ok]: XDEL/TRIM are reflected by recorded first entry (1 ms)
[ok]: Maxmimum XDEL ID behaves correctly (6 ms)
[ok]: Second server should have role master at first (0 ms)
[ok]: SLAVEOF should start with link status "down" (1 ms)
[ok]: The role should immediately be changed to "replica" (1 ms)
[ok]: Sync should have transferred keys from master (1 ms)
[ok]: The link status should be up (0 ms)
[ok]: Shutting down master waits for replica then aborted (1643 ms)
[23/84 done]: integration/shutdown (16 seconds)
Testing integration/corrupt-dump
[ok]: AOF+LMPOP/BLMPOP: pop elements from the list (112 ms)
[ok]: Multi Part AOF can't load data when the manifest format is wrong (type unknown) (528 ms)
[ok]: MIGRATE can correctly transfer large values (16144 ms)
[ok]: Server started empty with empty RDB file (0 ms)
[ok]: ZRANGEBYSCORE fuzzy test, 100 ranges in 100 element sorted set - skiplist (3598 ms)
[ok]: ZRANGEBYLEX fuzzy test, 100 ranges in 100 element sorted set - skiplist (111 ms)
[ok]: Empty stream can be rewrite into AOF correctly (157 ms)
[ok]: AOF rewrite during write load: RDB preamble=no (18439 ms)
[ok]: Multi Part AOF can't load data when the manifest format is wrong (missing key) (516 ms)
[ok]: Stream can be rewrite into AOF correctly after XDEL lastid (109 ms)
[ok]: AOF+LMPOP/BLMPOP: after pop elements from the list (2 ms)
[ok]: SET on the master should immediately propagate (808 ms)
[ok]: MIGRATE can correctly transfer hashes (483 ms)
[ok]: corrupt payload: #7445 - with sanitize (737 ms)
[ok]: ZREMRANGEBYLEX fuzzy test, 100 ranges in 100 element sorted set - skiplist (280 ms)
[ok]: ZSETs skiplist implementation backlink consistency test - skiplist (54 ms)
[ok]: FLUSHDB / FLUSHALL should replicate (98 ms)
[ok]: ROLE in master reports master with a slave (0 ms)
[ok]: ROLE in slave reports slave in connected state (0 ms)
[ok]: Test RDB stream encoding (189 ms)
[ok]: Test RDB stream encoding - sanitize dump (3 ms)
[ok]: Multi Part AOF can't load data when the manifest format is wrong (line too short) (491 ms)
[ok]: corrupt payload: hash with valid zip list header, invalid entry len (481 ms)
[ok]: Partial resynchronization is successful even client-output-buffer-limit is less than repl-backlog-size (4679 ms)
[ok]: AOF+ZMPOP/BZMPOP: pop elements from the zset (109 ms)
[ok]: XGROUP HELP should not have unexpected options (0 ms)
[ok]: XINFO HELP should not have unexpected options (1 ms)
[ok]: Server should not start if RDB is corrupted (28 ms)
[ok]: Multi Part AOF can't load data when the manifest format is wrong (line too long) (513 ms)
[24/84 done]: unit/type/stream (36 seconds)
Testing integration/corrupt-dump-fuzzer
[ok]: Slave is able to evict keys created in writable slaves (6007 ms)
[ok]: MIGRATE timeout actually works (1144 ms)
[ok]: Writable replica doesn't return expired keys (109 ms)
[ok]: PFCOUNT updates cache on readonly replica (8 ms)
[ok]: corrupt payload: invalid zlbytes header (689 ms)
[ok]: AOF+ZMPOP/BZMPOP: after pop elements from the zset (5 ms)
[ok]: PFCOUNT doesn't use expired key on readonly replica (102 ms)
[ok]: Multi Part AOF can't load data when the manifest format is wrong (odd parameter) (515 ms)
[ok]: Turning off AOF kills the background writing child if any (106 ms)
[ok]: Test FLUSHALL aborts bgsave (288 ms)
[ok]: bgsave resets the change counter (214 ms)
[ok]: The update of replBufBlock's repl_offset is ok - Regression test for #11666 (1 ms)
[ok]: MIGRATE can migrate multiple keys at once (695 ms)
[ok]: AOF rewrite of list with quicklist encoding, string data (360 ms)
[ok]: MIGRATE with multiple keys must have empty key arg (1 ms)
[ok]: corrupt payload: valid zipped hash header, dup records (709 ms)
[ok]: Multi Part AOF can't load data when the manifest file is empty (514 ms)
[ok]: ZSETs ZRANK augmented skip list stress testing - skiplist (1949 ms)
[ok]: AOF rewrite of list with quicklist encoding, int data (191 ms)
[ok]: Test replication with blocking lists and sorted sets operations (25108 ms)
[ok]: BZPOPMIN, ZADD + DEL should not awake blocked client (103 ms)
[ok]: BZPOPMIN, ZADD + DEL + SET should not awake blocked client (3 ms)
[ok]: AOF rewrite of set with intset encoding, string data (108 ms)
[ok]: BZMPOP_MIN, ZADD + DEL should not awake blocked client (3 ms)
[ok]: BZMPOP_MIN, ZADD + DEL + SET should not awake blocked client (3 ms)
[ok]: BZPOPMIN with same key multiple times should work (3 ms)
[ok]: MULTI/EXEC is isolated from the point of view of BZPOPMIN (103 ms)
[ok]: BZPOPMIN with variadic ZADD (3 ms)
[25/84 done]: integration/replication-3 (21 seconds)
Testing integration/convert-zipmap-hash-on-load
[ok]: Generate timestamp annotations in AOF (849 ms)
[ok]: AOF rewrite of set with hashtable encoding, string data (337 ms)
[ok]: Multi Part AOF can start when no aof and no manifest (594 ms)
[ok]: AOF rewrite of set with intset encoding, int data (64 ms)
[ok]: MIGRATE with multiple keys migrate just existing ones (776 ms)
[ok]: corrupt payload: quicklist big ziplist prev len (734 ms)
[ok]: Successfully load AOF which has timestamp annotations inside (2 ms)
[ok]: RDB load zipmap hash: converts to listpack (1 ms)
[ok]: AOF rewrite of set with hashtable encoding, int data (220 ms)
[26/84 done]: integration/block-repl (28 seconds)
Testing integration/convert-ziplist-hash-on-load
[ok]: AOF rewrite of hash with listpack encoding, string data (107 ms)
[ok]: Multi Part AOF can start when we have en empty AOF dir (585 ms)
[ok]: MIGRATE with multiple keys: stress command rewriting (477 ms)
[ok]: Replica client-output-buffer size is limited to backlog_limit/16 when no replication data is pending (2593 ms)
[27/84 done]: integration/replication-buffer (21 seconds)
Testing integration/convert-ziplist-zset-on-load
[ok]: AOF rewrite of hash with hashtable encoding, string data (299 ms)
[ok]: RDB load ziplist hash: converts to listpack when RDB loading (1 ms)
[ok]: AOF rewrite of hash with listpack encoding, int data (110 ms)
[ok]: BZPOPMIN with zero timeout should block indefinitely (1105 ms)
[ok]: MULTI/EXEC is isolated from the point of view of BZMPOP_MIN (2 ms)
[ok]: BZMPOP_MIN with variadic ZADD (2 ms)
[ok]: corrupt payload: quicklist small ziplist prev len (746 ms)
[ok]: Test replication partial resync: no backlog (diskless: no, disabled, reconnect: 1) (7818 ms)
[ok]: AOF rewrite of hash with hashtable encoding, int data (290 ms)
[ok]: RDB load zipmap hash: converts to hash table when hash-max-ziplist-entries is exceeded (1 ms)
[ok]: RDB load ziplist zset: converts to listpack when RDB loading (2 ms)
[ok]: AOF rewrite of zset with listpack encoding, string data (109 ms)
[ok]: Multi Part AOF can load data discontinuously increasing sequence (637 ms)
[ok]: MIGRATE with multiple keys: delete just ack keys (738 ms)
[ok]: RDB load ziplist hash: converts to hash table when hash-max-ziplist-entries is exceeded (1 ms)
[ok]: AOF rewrite of zset with skiplist encoding, string data (293 ms)
[ok]: corrupt payload: quicklist ziplist wrong count (683 ms)
[ok]: AOF rewrite of zset with listpack encoding, int data (118 ms)
[ok]: RDB load zipmap hash: converts to hash table when hash-max-ziplist-value is exceeded (1 ms)
[ok]: RDB load ziplist zset: converts to skiplist when zset-max-ziplist-entries is exceeded (1 ms)
[28/84 done]: integration/convert-ziplist-hash-on-load (1 seconds)
Testing integration/logging
[ok]: ziplist implementation: value encoding and backlink (10510 ms)
[ok]: Multi Part AOF can load data when manifest add new k-v (635 ms)
[ok]: BZMPOP_MIN with zero timeout should block indefinitely (1003 ms)
[ok]: BZPOP/BZMPOP against wrong type (3 ms)
[ok]: BZMPOP with illegal argument (4 ms)
[ok]: BZMPOP with multiple blocked clients (18 ms)
[29/84 done]: integration/convert-ziplist-zset-on-load (1 seconds)
Testing integration/psync2
[ok]: MIGRATE AUTH: correct and wrong password cases (641 ms)
[30/84 done]: integration/convert-zipmap-hash-on-load (2 seconds)
Testing integration/psync2-reg
[ok]: AOF rewrite of zset with skiplist encoding, int data (490 ms)
[ok]: BZMPOP propagate as pop with count command to replica (226 ms)
[ok]: BZMPOP should not blocks on non key arguments - #10762 (9 ms)
[ok]: AOF rewrite functions (121 ms)
[ok]: corrupt payload: #3080 - quicklist (709 ms)
[ok]: client freed during loading (2802 ms)
[31/84 done]: unit/dump (40 seconds)
Testing integration/psync2-pingoff
[ok]: Truncate AOF to specific timestamp (1968 ms)
[ok]: Multi Part AOF can load data when some AOFs are empty (631 ms)
[ok]: BGREWRITEAOF is delayed if BGSAVE is in progress (339 ms)
[ok]: Slave should be able to synchronize with the master (105 ms)
[ok]: Server is able to generate a stack trace on selected systems (233 ms)
[ok]: BGREWRITEAOF is refused if already in progress (133 ms)
[ok]: corrupt payload: quicklist with empty ziplist (696 ms)
[32/84 done]: unit/aofrw (37 seconds)
Testing integration/psync2-master-restart
[ok]: Multi Part AOF can load data from old version redis (rdb preamble no) (842 ms)
[ok]: PSYNC2: --- CYCLE 1 --- (0 ms)
[ok]: Crash report generated on SIGABRT (89 ms)
[ok]: PSYNC2: [NEW LAYOUT] Set #0 as master (1 ms)
[ok]: PSYNC2: Set #4 to replicate from #0 (1 ms)
[ok]: corrupt payload: quicklist encoded_len is 0 (551 ms)
[ok]: Detect write load to master (1004 ms)
[ok]: PSYNC2 #3899 regression: setup (1023 ms)
[ok]: PSYNC2 pingoff: setup (1006 ms)
[ok]: PSYNC2 pingoff: write and wait replication (2 ms)
[ok]: corrupt payload: quicklist listpack entry start with EOF (503 ms)
[ok]: Crash report generated on DEBUG SEGFAULT (46 ms)
[ok]: Multi Part AOF can load data from old version redis (rdb preamble yes) (870 ms)
[33/84 done]: integration/logging (3 seconds)
Testing integration/failover
[ok]: PSYNC2: Set #1 to replicate from #3 (0 ms)
[ok]: corrupt payload: #3080 - ziplist (748 ms)
[ok]: Test RDB load info (2395 ms)
[ok]: Multi Part AOF can continue the upgrade from the interrupted upgrade state (776 ms)
[ok]: failover command fails without connected replica (2 ms)
[ok]: corrupt payload: load corrupted rdb with no CRC - #3505 (609 ms)
[ok]: setup replication for following tests (108 ms)
[ok]: failover command fails with invalid host (1 ms)
[ok]: failover command fails with invalid port (1 ms)
[ok]: failover command fails with just force and timeout (0 ms)
[ok]: failover command fails when sent to a replica (2 ms)
[ok]: failover command fails with force without timeout (0 ms)
[ok]: EVAL timeout with slow verbatim Lua script from AOF (3066 ms)
[ok]: PSYNC2: Set #2 to replicate from #0 (0 ms)
[ok]: Multi Part AOF can be loaded correctly when both server dir and aof dir contain old AOF (660 ms)
[ok]: SRANDMEMBER with a dict containing long chain (33710 ms)
[ok]: SMOVE basics - from regular set to intset (16 ms)
[ok]: SMOVE basics - from intset to regular set (11 ms)
[ok]: SMOVE non existing key (4 ms)
[ok]: SMOVE non existing src set (6 ms)
[ok]: SMOVE from regular set to non existing destination set (4 ms)
[ok]: SMOVE from intset to non existing destination set (7 ms)
[ok]: SMOVE wrong src key type (0 ms)
[ok]: SMOVE wrong dst key type (1 ms)
[ok]: SMOVE with identical source and destination (2 ms)
[ok]: SMOVE only notify dstset when the addition is successful (9 ms)
[ok]: Multi Part AOF can't load data when the manifest contains the old AOF file name but the file does not exist in server dir and aof dir (455 ms)
[ok]: EVAL can process writes from AOF in read-only replicas (746 ms)
[ok]: corrupt payload: load corrupted rdb with empty keys (862 ms)
[ok]: Test redis-check-aof for old style resp AOF (56 ms)
[ok]: Test redis-check-aof for old style rdb-preamble AOF (54 ms)
[ok]: Test redis-check-aof for Multi Part AOF with resp AOF base (35 ms)
[ok]: Test redis-check-aof for Multi Part AOF with rdb-preamble AOF base (72 ms)
[ok]: PSYNC2: Set #3 to replicate from #0 (0 ms)
[ok]: Test redis-check-aof only truncates the last file for Multi Part AOF in fix mode (109 ms)
[ok]: Test redis-check-aof only truncates the last file for Multi Part AOF in truncate-to-timestamp mode (37 ms)
[ok]: PSYNC2: Partial resync after Master restart using RDB aux fields when offset is 0 (1307 ms)
[ok]: ZSET skiplist order consistency when elements are moved (4614 ms)
[ok]: ZRANGESTORE basic (6 ms)
[ok]: ZRANGESTORE RESP3 (1 ms)
[ok]: ZRANGESTORE range (1 ms)
[ok]: ZRANGESTORE BYLEX (0 ms)
[ok]: ZRANGESTORE BYSCORE (1 ms)
[ok]: ZRANGESTORE BYSCORE LIMIT (0 ms)
[ok]: ZRANGESTORE BYSCORE REV LIMIT (1 ms)
[ok]: ZRANGE BYSCORE REV LIMIT (1 ms)
[ok]: ZRANGESTORE - src key missing (0 ms)
[ok]: ZRANGESTORE - src key wrong type (2 ms)
[ok]: ZRANGESTORE - empty range (0 ms)
[ok]: ZRANGESTORE BYLEX - empty range (0 ms)
[ok]: ZRANGESTORE BYSCORE - empty range (3 ms)
[ok]: ZRANGE BYLEX (1 ms)
[ok]: ZRANGESTORE invalid syntax (1 ms)
[ok]: ZRANGESTORE with zset-max-listpack-entries 0 #10767 case (3 ms)
[ok]: ZRANGESTORE with zset-max-listpack-entries 1 dst key should use skiplist encoding (7 ms)
[ok]: ZRANGE invalid syntax (2 ms)
[ok]: ZRANDMEMBER - listpack (48 ms)
[ok]: ZRANDMEMBER - skiplist (44 ms)
[ok]: ZRANDMEMBER with RESP3 (3 ms)
[ok]: ZRANDMEMBER count of 0 is handled correctly (0 ms)
[ok]: ZRANDMEMBER with <count> against non existing key (1 ms)
[ok]: ZRANDMEMBER count overflow (2 ms)
[ok]: ZRANDMEMBER count of 0 is handled correctly - emptyarray (1 ms)
[ok]: ZRANDMEMBER with <count> against non existing key - emptyarray (0 ms)
[ok]: Multi Part AOF can upgrade when when two redis share the same server dir (redis1) (113 ms)
[ok]: FLUSHDB / FLUSHALL should persist in AOF (6 ms)
[ok]: failover command to specific replica works (1672 ms)
[ok]: Multi Part AOF can upgrade when when two redis share the same server dir (redis2) (112 ms)
[ok]: corrupt payload: load corrupted rdb with empty keys (1105 ms)
[34/84 done]: integration/aof (26 seconds)
Testing integration/redis-cli
[ok]: PSYNC2: cluster is consistent after failover (4 ms)
[ok]: Test child sending info (1933 ms)
[ok]: ZRANDMEMBER with <count> - skiplist (715 ms)
[ok]: failover command to any replica works (519 ms)
[ok]: Interactive CLI: INFO response should be printed raw (85 ms)
[ok]: Multi Part AOF can upgrade when when two redis share the same server dir (1626 ms)
[ok]: Interactive CLI: Status reply (71 ms)
[ok]: Interactive CLI: Integer reply (72 ms)
[ok]: Interactive CLI: Bulk reply (73 ms)
[ok]: failover to a replica with force works (430 ms)
[ok]: Interactive CLI: Multi-bulk reply (76 ms)
[ok]: corrupt payload: listpack invalid size header (737 ms)
[ok]: PSYNC2 #3899 regression: kill chained replica (2 ms)
[ok]: ZRANDMEMBER with <count> - listpack (728 ms)
[ok]: zset score double range (1 ms)
[ok]: script won't load anymore if it's in rdb (0 ms)
[ok]: Multi Part AOF can handle appendfilename contains whitespaces (766 ms)
[ok]: Interactive CLI: Parsing quotes (447 ms)
[ok]: Non-interactive TTY CLI: Status reply (48 ms)
[ok]: Non-interactive TTY CLI: Integer reply (39 ms)
[ok]: Non-interactive TTY CLI: Bulk reply (35 ms)
[35/84 done]: unit/type/zset (46 seconds)
Testing integration/redis-benchmark
[ok]: failover with timeout aborts if replica never catches up (626 ms)
[ok]: Non-interactive TTY CLI: Multi-bulk reply (45 ms)
[ok]: corrupt payload: listpack too long entry len (681 ms)
[ok]: Fuzzer corrupt restore payloads - sanitize_dump: no (10217 ms)
[ok]: failovers can be aborted (115 ms)
[ok]: Non-interactive TTY CLI: Read last argument from pipe (159 ms)
[ok]: Multi Part AOF can create BASE (RDB format) when redis starts from empty (392 ms)
[ok]: Non-interactive TTY CLI: Read last argument from file (58 ms)
[ok]: PSYNC2 pingoff: pause replica and promote it (5005 ms)
[ok]: PSYNC2 #3899 regression: kill chained replica (1 ms)
[ok]: Non-interactive TTY CLI: Escape character in JSON mode (326 ms)
[ok]: Non-interactive non-TTY CLI: Status reply (41 ms)
[ok]: Non-interactive non-TTY CLI: Integer reply (35 ms)
[ok]: Non-interactive non-TTY CLI: Bulk reply (53 ms)
[ok]: benchmark: set,get (54 ms)
[ok]: Non-interactive non-TTY CLI: Multi-bulk reply (40 ms)
[ok]: corrupt payload: listpack very long entry len (660 ms)
[ok]: benchmark: connecting using URI set,get (65 ms)
[ok]: failover aborts if target rejects sync request (639 ms)
[ok]: Multi Part AOF can create BASE (AOF format) when redis starts from empty (591 ms)
[ok]: benchmark: connecting using URI with authentication set,get (55 ms)
[ok]: Non-interactive non-TTY CLI: ASK redirect test (123 ms)
[ok]: failed bgsave prevents writes (405 ms)
[ok]: Non-interactive non-TTY CLI: Quoted input arguments (36 ms)
[ok]: PSYNC2: Partial resync after Master restart using RDB aux fields with data (1476 ms)
[ok]: Non-interactive non-TTY CLI: No accidental unquoting of input arguments (74 ms)
[ok]: Replication: commands with many arguments (issue #1221) (13908 ms)
[ok]: Non-interactive non-TTY CLI: Invalid quoted input arguments (73 ms)
[ok]: Non-interactive non-TTY CLI: Read last argument from pipe (135 ms)
[36/84 done]: integration/rdb (15 seconds)
Testing integration/dismiss-mem
[ok]: Make sure aof manifest appendonly.aof.manifest not in aof directory (0 ms)
[ok]: Non-interactive non-TTY CLI: Read last argument from file (77 ms)
[ok]: Make the old master a replica of the new one and check conditions (1007 ms)
[ok]: corrupt payload: listpack too long entry prev len (733 ms)
[ok]: AOF enable will create manifest file (296 ms)
[ok]: benchmark: full test suite (892 ms)
[ok]: corrupt payload: stream with duplicate consumers (763 ms)
[ok]: benchmark: multi-thread set,get (608 ms)
[ok]: PSYNC2 #3899 regression: kill chained replica (2 ms)
[ok]: Replication of SPOP command -- alsoPropagate() API (1662 ms)
[37/84 done]: integration/failover (7 seconds)
Testing unit/pubsub
[ok]: PSYNC2 #3899 regression: kill chained replica (1 ms)
[ok]: corrupt payload: hash ziplist with duplicate records (789 ms)
[ok]: dismiss all data types memory (1499 ms)
[ok]: Pub/Sub PING (5 ms)
[ok]: PUBLISH/SUBSCRIBE basics (4 ms)
[ok]: PUBLISH/SUBSCRIBE with two clients (3 ms)
[ok]: PUBLISH/SUBSCRIBE after UNSUBSCRIBE without arguments (6 ms)
[ok]: SUBSCRIBE to one channel more than once (1 ms)
[ok]: UNSUBSCRIBE from non-subscribed channels (1 ms)
[ok]: PUBLISH/PSUBSCRIBE basics (6 ms)
[ok]: benchmark: pipelined full set,get (831 ms)
[ok]: PUBLISH/PSUBSCRIBE with two clients (5 ms)
[ok]: PUBLISH/PSUBSCRIBE after PUNSUBSCRIBE without arguments (1 ms)
[ok]: PubSub messages with CLIENT REPLY OFF (93 ms)
[ok]: PUNSUBSCRIBE from non-subscribed channels (6 ms)
[ok]: NUMSUB returns numbers, not strings (#1561) (0 ms)
[ok]: NUMPATs returns the number of unique patterns (16 ms)
[ok]: Mix SUBSCRIBE and PSUBSCRIBE (2 ms)
[ok]: benchmark: arbitrary command (127 ms)
[ok]: PUNSUBSCRIBE and UNSUBSCRIBE should always reply (3 ms)
[ok]: Keyspace notifications: we receive keyspace notifications (45 ms)
[ok]: Keyspace notifications: we receive keyevent notifications (47 ms)
[ok]: Keyspace notifications: we can receive both kind of events (5 ms)
[ok]: Keyspace notifications: we are able to mask events (4 ms)
[ok]: Keyspace notifications: general events test (5 ms)
[ok]: Keyspace notifications: list events test (15 ms)
[ok]: Keyspace notifications: set events test (7 ms)
[ok]: Keyspace notifications: zset events test (8 ms)
[ok]: Keyspace notifications: hash events test (2 ms)
[ok]: Keyspace notifications: stream events test (15 ms)
[ok]: Keyspace notifications: expired events (triggered expire) (114 ms)
[ok]: benchmark: keyspace length (333 ms)
[ok]: benchmark: clients idle mode should return error when reached maxclients limit (43 ms)
[ok]: Keyspace notifications: expired events (background expire) (192 ms)
[ok]: Keyspace notifications: evicted events (8 ms)
[ok]: Keyspace notifications: test CONFIG GET/SET of event flags (7 ms)
[ok]: Keyspace notifications: new key test (2 ms)
[ok]: corrupt payload: hash listpack with duplicate records (742 ms)
[ok]: PSYNC2: generate load while killing replication links (5000 ms)
[ok]: PSYNC2: cluster is consistent after load (x = 10483) (0 ms)
[ok]: PSYNC2: total sum of full synchronizations is exactly 4 (5 ms)
[ok]: PSYNC2: --- CYCLE 2 --- (0 ms)
[ok]: PSYNC2: [NEW LAYOUT] Set #1 as master (1 ms)
[ok]: AOF multiple rewrite failures will open multiple INCR AOFs (2341 ms)
[ok]: PSYNC2: Set #0 to replicate from #2 (3 ms)
[ok]: PSYNC2 #3899 regression: kill chained replica (3 ms)
[ok]: Test replication partial resync: ok after delay (diskless: no, disabled, reconnect: 1) (9238 ms)
[38/84 done]: unit/pubsub (1 seconds)
Testing unit/pubsubshard
[ok]: AOF rewrite doesn't open new aof when AOF turn off (321 ms)
[39/84 done]: integration/redis-benchmark (4 seconds)
Testing unit/slowlog
[ok]: AOF enable/disable auto gc (214 ms)
[ok]: SPUBLISH/SSUBSCRIBE basics (6 ms)
[ok]: SPUBLISH/SSUBSCRIBE with two clients (6 ms)
[ok]: SPUBLISH/SSUBSCRIBE after UNSUBSCRIBE without arguments (2 ms)
[ok]: SSUBSCRIBE to one channel more than once (3 ms)
[ok]: SUNSUBSCRIBE from non-subscribed channels (3 ms)
[ok]: PUBSUB command basics (0 ms)
[ok]: SPUBLISH/SSUBSCRIBE with two clients (2 ms)
[ok]: SPUBLISH/SSUBSCRIBE with PUBLISH/SUBSCRIBE (8 ms)
[ok]: corrupt payload: hash listpack with duplicate records - convert (691 ms)
[ok]: AOF can produce consecutive sequence number after reload (87 ms)
[ok]: PubSubShard with CLIENT REPLY OFF (88 ms)
[ok]: PSYNC2: Partial resync after Master restart using RDB aux fields with expire (3653 ms)
[ok]: SLOWLOG - check that it starts with an empty log (4 ms)
[ok]: First server should have role slave after SLAVEOF (104 ms)
[ok]: dismiss client output buffer (1710 ms)
[ok]: PSYNC2: Set #4 to replicate from #2 (3 ms)
[ok]: PSYNC2: Set #2 to replicate from #1 (2 ms)
[ok]: intsets implementation stress testing (7683 ms)
[ok]: PSYNC2: Set #3 to replicate from #2 (3 ms)
[ok]: AOF enable during BGSAVE will not write data util AOFRW finish (421 ms)
[ok]: SLOWLOG - only logs commands taking more time than specified (204 ms)
[ok]: SLOWLOG - max entries is correctly handled (25 ms)
[ok]: SLOWLOG - GET optional argument to limit output len works (0 ms)
[ok]: SLOWLOG - RESET subcommand works (4 ms)
[ok]: corrupt payload: hash ziplist uneven record count (526 ms)
[ok]: dismiss client query buffer (208 ms)
[ok]: Dumping an RDB - functions only: no (3790 ms)
[ok]: SLOWLOG - logged entry sanity check (200 ms)
[ok]: SLOWLOG - Certain commands are omitted that contain sensitive information (2 ms)
[ok]: SLOWLOG - Some commands can redact sensitive fields (4 ms)
[40/84 done]: unit/type/set (51 seconds)
Testing unit/scripting
[ok]: SLOWLOG - Rewritten commands are logged as their original command (14 ms)
[ok]: SLOWLOG - commands with too many arguments are trimmed (1 ms)
[ok]: SLOWLOG - too long arguments are trimmed (0 ms)
[ok]: SLOWLOG - EXEC is not logged, just executed commands (201 ms)
[ok]: Data divergence can happen under default conditions (735 ms)
[ok]: Data divergence is allowed on writable replicas (43 ms)
[ok]: corrupt payload: hash duplicate records (500 ms)
[ok]: Connect multiple replicas at the same time (issue #141), master diskless=no, replica diskless=disabled (14396 ms)
[ok]: SLOWLOG - can clean older entries (201 ms)
[ok]: EVAL - Does Lua interpreter replies to our requests? (3 ms)
[ok]: EVAL - Return _G (1 ms)
[ok]: EVAL - Return table with a metatable that raise error (1 ms)
[ok]: EVAL - Return table with a metatable that call redis (1 ms)
[ok]: EVAL - Lua integer -> Redis protocol type conversion (1 ms)
[ok]: EVAL - Lua string -> Redis protocol type conversion (1 ms)
[ok]: EVAL - Lua true boolean -> Redis protocol type conversion (1 ms)
[ok]: EVAL - Lua false boolean -> Redis protocol type conversion (1 ms)
[ok]: EVAL - Lua status code reply -> Redis protocol type conversion (1 ms)
[ok]: EVAL - Lua error reply -> Redis protocol type conversion (1 ms)
[ok]: EVAL - Lua table -> Redis protocol type conversion (1 ms)
[ok]: EVAL - Are the KEYS and ARGV arrays populated correctly? (2 ms)
[ok]: EVAL - is Lua able to call Redis API? (2 ms)
[ok]: EVAL - Redis integer -> Lua type conversion (1 ms)
[ok]: EVAL - Redis bulk -> Lua type conversion (1 ms)
[ok]: EVAL - Redis multi bulk -> Lua type conversion (2 ms)
[ok]: EVAL - Redis status reply -> Lua type conversion (2 ms)
[ok]: EVAL - Redis error reply -> Lua type conversion (3 ms)
[ok]: EVAL - Redis nil bulk reply -> Lua type conversion (1 ms)
[ok]: EVAL - Is the Lua client using the currently selected DB? (2 ms)
[ok]: EVAL - SELECT inside Lua should not affect the caller (3 ms)
[ok]: EVAL - Scripts can't run blpop command (0 ms)
[ok]: EVAL - Scripts can't run brpop command (5 ms)
[ok]: EVAL - Scripts can't run brpoplpush command (2 ms)
[ok]: EVAL - Scripts can't run blmove command (2 ms)
[ok]: EVAL - Scripts can't run bzpopmin command (0 ms)
[ok]: EVAL - Scripts can't run bzpopmax command (0 ms)
[ok]: EVAL - Scripts can't run XREAD and XREADGROUP with BLOCK option (4 ms)
[ok]: EVAL - Scripts can run non-deterministic commands (1 ms)
[ok]: EVAL - No arguments to redis.call/pcall is considered an error (1 ms)
[ok]: EVAL - redis.call variant raises a Lua error on Redis cmd error (1) (1 ms)
[ok]: EVAL - redis.call variant raises a Lua error on Redis cmd error (1) (2 ms)
[ok]: EVAL - redis.call variant raises a Lua error on Redis cmd error (1) (1 ms)
[ok]: EVAL - JSON numeric decoding (2 ms)
[ok]: EVAL - JSON string decoding (1 ms)
[ok]: EVAL - JSON smoke test (1 ms)
[ok]: EVAL - cmsgpack can pack double? (2 ms)
[ok]: EVAL - cmsgpack can pack negative int64? (1 ms)
[ok]: Slave should be able to synchronize with the master (105 ms)
[ok]: setup replication for following tests (105 ms)
[ok]: publish message to master and receive on replica (13 ms)
[ok]: Dumping an RDB - functions only: yes (795 ms)
[ok]: PSYNC2: cluster is consistent after failover (2 ms)
[ok]: SLOWLOG - can be disabled (405 ms)
[ok]: SLOWLOG - count must be >= -1 (1 ms)
[ok]: SLOWLOG - get all slow logs (3 ms)
[ok]: AOF will trigger limit when AOFRW fails many times (1106 ms)
[41/84 done]: integration/replication-4 (36 seconds)
Testing unit/functions
[ok]: PSYNC2 #3899 regression: kill first replica (1 ms)
[ok]: EVAL - cmsgpack pack/unpack smoke test (549 ms)
[ok]: EVAL - cmsgpack can pack and unpack circular references? (4 ms)
[ok]: EVAL - Numerical sanity check from bitop (1 ms)
[ok]: EVAL - Verify minimal bitop functionality (2 ms)
[ok]: EVAL - Able to parse trailing comments (2 ms)
[ok]: EVAL_RO - Successful case (2 ms)
[ok]: EVAL_RO - Cannot run write commands (3 ms)
[ok]: redis.sha1hex() implementation (8 ms)
[ok]: Globals protection reading an undeclared global variable (1 ms)
[ok]: Globals protection setting an undeclared global* (2 ms)
[ok]: Test an example script DECR_IF_GT (3 ms)
[ok]: Scan mode (377 ms)
[42/84 done]: unit/slowlog (2 seconds)
Testing unit/maxmemory
[ok]: corrupt payload: hash empty zipmap (734 ms)
[ok]: FUNCTION - Basic usage (2 ms)
[ok]: FUNCTION - Load with unknown argument (0 ms)
[ok]: FUNCTION - Create an already exiting library raise error (0 ms)
[ok]: FUNCTION - Create an already exiting library raise error (case insensitive) (1 ms)
[ok]: FUNCTION - Create a library with wrong name format (1 ms)
[ok]: FUNCTION - Create library with unexisting engine (0 ms)
[ok]: FUNCTION - Test uncompiled script (1 ms)
[ok]: FUNCTION - test replace argument (3 ms)
[ok]: FUNCTION - test function case insensitive (0 ms)
[ok]: FUNCTION - test replace argument with failure keeps old libraries (1 ms)
[ok]: FUNCTION - test function delete (0 ms)
[ok]: FUNCTION - test fcall bad arguments (1 ms)
[ok]: FUNCTION - test fcall bad number of keys arguments (2 ms)
[ok]: FUNCTION - test fcall negative number of keys (0 ms)
[ok]: FUNCTION - test delete on not exiting library (2 ms)
[ok]: FUNCTION - test function kill when function is not running (0 ms)
[ok]: FUNCTION - test wrong subcommand (0 ms)
[ok]: FUNCTION - test loading from rdb (2 ms)
[ok]: FUNCTION - test debug reload different options (1 ms)
[ok]: FUNCTION - test debug reload with nosave and noflush (6 ms)
[ok]: FUNCTION - test flushall and flushdb do not clean functions (3 ms)
[ok]: FUNCTION - test function dump and restore (2 ms)
[ok]: FUNCTION - test function dump and restore with flush argument (1 ms)
[ok]: FUNCTION - test function dump and restore with append argument (3 ms)
[ok]: FUNCTION - test function dump and restore with replace argument (4 ms)
[ok]: FUNCTION - test function restore with bad payload do not drop existing functions (2 ms)
[ok]: FUNCTION - test function restore with wrong number of arguments (0 ms)
[ok]: FUNCTION - test fcall_ro with write command (2 ms)
[ok]: FUNCTION - test fcall_ro with read only commands (1 ms)
[ok]: FUNCTION - test keys and argv (1 ms)
[ok]: FUNCTION - test command get keys on fcall (0 ms)
[ok]: FUNCTION - test command get keys on fcall_ro (1 ms)
[ok]: Detect write load to master (1006 ms)
[ok]: eviction due to output buffers of many MGET clients, client eviction: false (168 ms)
[ok]: dismiss replication backlog (1830 ms)
[ok]: PSYNC2 #3899 regression: kill chained replica (0 ms)
[ok]: corrupt payload: fuzzer findings - NPD in streamIteratorGetID (672 ms)
[ok]: FUNCTION - test function kill (407 ms)
[43/84 done]: integration/dismiss-mem (6 seconds)
Testing unit/introspection
[ok]: EVAL does not leak in the Lua stack (1118 ms)
[ok]: Call Redis command with many args from Lua (issue #1764) (1 ms)
[ok]: Number conversion precision test (issue #1118) (1 ms)
[ok]: String containing number precision test (regression of issue #1118) (2 ms)
[ok]: Verify negative arg count is error instead of crash (issue #1842) (1 ms)
[ok]: Scripts can handle commands with incorrect arity (5 ms)
[ok]: Correct handling of reused argv (issue #1939) (1 ms)
[ok]: Functions in the Redis namespace are able to report errors (0 ms)
[ok]: CLUSTER RESET can not be invoke from within a script (1 ms)
[ok]: Script with RESP3 map (2 ms)
[ok]: PSYNC2 #3899 regression: kill chained replica (1 ms)
[ok]: corrupt payload: fuzzer findings - listpack NPD on invalid stream (472 ms)
[ok]: FUNCTION - test script kill not working on function (413 ms)
[ok]: PSYNC2: Full resync after Master restart when too many key expired (2859 ms)
[ok]: Script return recursive object (109 ms)
[ok]: Script check unpack with massive arguments (7 ms)
[ok]: PSYNC2 #3899 regression: kill chained replica (1 ms)
[ok]: Script read key with expiration set (11 ms)
[ok]: Script del key with expiration set (1 ms)
[ok]: Script ACL check (4 ms)
[ok]: Binary code loading failed (3 ms)
[ok]: Try trick global protection 1 (1 ms)
[ok]: Try trick global protection 2 (2 ms)
[ok]: Try trick global protection 3 (1 ms)
[ok]: Try trick global protection 4 (3 ms)
[ok]: Try trick readonly table on redis table (1 ms)
[ok]: Try trick readonly table on json table (1 ms)
[ok]: Try trick readonly table on cmsgpack table (1 ms)
[ok]: Try trick readonly table on bit table (3 ms)
[ok]: Test loadfile are not available (0 ms)
[ok]: Test dofile are not available (1 ms)
[ok]: Test print are not available (0 ms)
[ok]: eviction due to input buffer of a dead client, client eviction: false (692 ms)
[ok]: PING (3 ms)
[ok]: CLIENT LIST (1 ms)
[ok]: CLIENT LIST with IDs (2 ms)
[ok]: CLIENT INFO (1 ms)
[ok]: CLIENT KILL with illegal arguments (3 ms)
[ok]: CLIENT KILL SKIPME YES/NO will kill all clients (6 ms)
[ok]: PSYNC2 #3899 regression: kill chained replica (1 ms)
[44/84 done]: unit/pubsubshard (4 seconds)
Testing unit/introspection-2
[ok]: CLIENT REPLY OFF/ON: disable all commands reply (50 ms)
[ok]: CLIENT REPLY SKIP: skip the next command reply (51 ms)
[ok]: FUNCTION - test function kill not working on eval (413 ms)
[ok]: CLIENT REPLY ON: unset SKIP flag (45 ms)
[ok]: FUNCTION - test function flush (5 ms)
[ok]: MONITOR can log executed commands (7 ms)
[ok]: FUNCTION - test function wrong argument (0 ms)
[ok]: MONITOR can log commands issued by the scripting engine (5 ms)
[ok]: MONITOR can log commands issued by functions (3 ms)
[ok]: MONITOR supports redacting command arguments (5 ms)
[ok]: MONITOR correctly handles multi-exec cases (3 ms)
[ok]: CLIENT GETNAME should return NIL if name is not assigned (1 ms)
[ok]: CLIENT LIST shows empty fields for unassigned names (0 ms)
[ok]: CLIENT SETNAME does not accept spaces (0 ms)
[ok]: CLIENT SETNAME can assign a name to this connection (1 ms)
[ok]: CLIENT SETNAME can change the name of an existing connection (0 ms)
[ok]: After CLIENT SETNAME, connection can still be closed (2 ms)
[ok]: corrupt payload: fuzzer findings - NPD in quicklistIndex (721 ms)
[ok]: test various edge cases of repl topology changes with missing pings at the end (4346 ms)
[45/84 done]: integration/psync2-master-restart (13 seconds)
Testing unit/limits
[ok]: Connecting as a replica (2232 ms)
[ok]: corrupt payload: fuzzer findings - encoded entry header reach outside the allocation (602 ms)
[ok]: Timedout read-only scripts can be killed by SCRIPT KILL (420 ms)
[ok]: eviction due to output buffers of pubsub, client eviction: false (1228 ms)
[ok]: Connect a replica to the master instance (109 ms)
[ok]: Timedout read-only scripts can be killed by SCRIPT KILL even when use pcall (96 ms)
[ok]: eviction due to output buffers of many MGET clients, client eviction: true (139 ms)
[ok]: Timedout script does not cause a false dead client (87 ms)
[ok]: Timedout script link is still usable after Lua returns (143 ms)
[ok]: FUNCTION - creation is replicated to replica (407 ms)
[ok]: corrupt payload: fuzzer findings - invalid ziplist encoding (525 ms)
[ok]: FUNCTION - call on replica (5 ms)
[ok]: FUNCTION - restore is replicated to replica (7 ms)
[ok]: FUNCTION - delete is replicated to replica (4 ms)
[ok]: FUNCTION - flush is replicated to replica (3 ms)
[ok]: Disconnecting the replica from master instance (105 ms)
[ok]: FUNCTION - test replication to replica on rdb phase (1 ms)
[ok]: FUNCTION - test replication to replica on rdb phase info command (10 ms)
[ok]: FUNCTION - create on read only replica (4 ms)
[ok]: FUNCTION - delete on read only replica (0 ms)
[ok]: Timedout scripts and unblocked command (276 ms)
[ok]: Check if maxclients works refusing connections (918 ms)
[ok]: Timedout scripts that modified data can't be killed by SCRIPT KILL (215 ms)
[ok]: eviction due to input buffer of a dead client, client eviction: true (652 ms)
[ok]: SHUTDOWN NOSAVE can kill a timedout script anyway (15 ms)
[46/84 done]: unit/limits (2 seconds)
Testing unit/obuf-limits
[ok]: corrupt payload: fuzzer findings - hash crash (503 ms)
[ok]: AOF will open a temporary INCR AOF to accumulate data until the first AOFRW success when AOF is dynamically enabled (3329 ms)
[ok]: PSYNC2 #3899 regression: kill first replica (1 ms)
[ok]: CONFIG SET client-output-buffer-limit (10 ms)
[ok]: PSYNC2 #3899 regression: kill chained replica (0 ms)
[ok]: FUNCTION - function effect is replicated to replica (915 ms)
[ok]: FUNCTION - modify key space of read only replica (1 ms)
[ok]: eviction due to output buffers of pubsub, client eviction: true (696 ms)
[47/84 done]: integration/aof-multi-part (24 seconds)
Testing unit/bitops
[ok]: corrupt payload: fuzzer findings - uneven entry count in hash (684 ms)
[ok]: Before the replica connects we issue two EVAL commands (2 ms)
[ok]: Connect a replica to the master instance (117 ms)
[ok]: BITCOUNT returns 0 against non existing key (2 ms)
[ok]: BITCOUNT returns 0 with out of range indexes (4 ms)
[ok]: BITCOUNT returns 0 with negative indexes where start > end (2 ms)
[ok]: BITCOUNT against test vector #1 (10 ms)
[ok]: BITCOUNT against test vector #2 (1 ms)
[ok]: BITCOUNT against test vector #3 (1 ms)
[ok]: BITCOUNT against test vector #4 (1 ms)
[ok]: BITCOUNT against test vector #5 (2 ms)
[ok]: PSYNC2 #3899 regression: kill first replica (0 ms)
[ok]: Piping raw protocol (2320 ms)
[ok]: Fuzzer corrupt restore payloads - sanitize_dump: yes (10708 ms)
[48/84 done]: integration/corrupt-dump-fuzzer (21 seconds)
Testing unit/bitfield
[ok]: PSYNC2: generate load while killing replication links (5001 ms)
[ok]: PSYNC2: cluster is consistent after load (x = 22523) (2 ms)
[ok]: PSYNC2: total sum of full synchronizations is exactly 4 (5 ms)
[ok]: PSYNC2: --- CYCLE 3 --- (0 ms)
[ok]: PSYNC2: [NEW LAYOUT] Set #1 as master (1 ms)
[ok]: Options -X with illegal argument (146 ms)
[ok]: PSYNC2: Set #4 to replicate from #3 (1 ms)
[ok]: PSYNC2: Set #0 to replicate from #1 (0 ms)
[ok]: PSYNC2: Set #2 to replicate from #0 (0 ms)
[ok]: PSYNC2: Set #3 to replicate from #0 (0 ms)
[ok]: Replication of script multiple pushes to list with BLPOP (419 ms)
[ok]: PSYNC2: cluster is consistent after failover (5 ms)
[ok]: Lua scripts using SELECT are replicated correctly (7 ms)
[ok]: Without maxmemory small integers are shared (1 ms)
[ok]: With maxmemory and non-LRU policy integers are still shared (1 ms)
[ok]: CONFIG save params special case handled properly (3229 ms)
[ok]: With maxmemory and LRU policy integers are not shared (3 ms)
[ok]: TTL, TYPE and EXISTS do not alter the last access time of a key (3002 ms)
[ok]: corrupt payload: fuzzer findings - invalid read in lzf_decompress (709 ms)
[ok]: CONFIG sanity (88 ms)
[ok]: DUMP RESTORE with -x option (261 ms)
[ok]: BITCOUNT fuzzing without start/end (574 ms)
[ok]: BITFIELD signed SET and GET basics (6 ms)
[ok]: BITFIELD unsigned SET and GET basics (2 ms)
[ok]: BITFIELD signed SET and GET together (0 ms)
[ok]: BITFIELD unsigned with SET, GET and INCRBY arguments (0 ms)
[ok]: BITFIELD with only key as argument (1 ms)
[ok]: BITFIELD #<idx> form (2 ms)
[ok]: BITFIELD basic INCRBY form (2 ms)
[ok]: BITFIELD chaining of multiple commands (3 ms)
[ok]: BITFIELD unsigned overflow wrap (2 ms)
[ok]: BITFIELD unsigned overflow sat (2 ms)
[ok]: BITFIELD signed overflow wrap (3 ms)
[ok]: BITFIELD signed overflow sat (3 ms)
[ok]: DUMP RESTORE with -X option (271 ms)
[49/84 done]: integration/redis-cli (13 seconds)
Testing unit/geo
[ok]: PSYNC2 #3899 regression: kill first replica (1 ms)
[ok]: corrupt payload: fuzzer findings - leak in rdbloading due to dup entry in set (718 ms)
[ok]: maxmemory - is the memory limit honoured? (policy allkeys-random) (834 ms)
[ok]: CONFIG REWRITE sanity (804 ms)
[ok]: BITCOUNT fuzzing with start/end (811 ms)
[ok]: BITCOUNT with start, end (4 ms)
[ok]: BITCOUNT syntax error #1 (1 ms)
[ok]: BITCOUNT syntax error #2 (0 ms)
[ok]: BITCOUNT regression test for github issue #582 (5 ms)
[ok]: BITCOUNT misaligned prefix (1 ms)
[ok]: BITCOUNT misaligned prefix + full words + remainder (2 ms)
[ok]: BITOP NOT (empty string) (6 ms)
[ok]: BITOP NOT (known string) (2 ms)
[ok]: BITOP where dest and target are the same key (1 ms)
[ok]: BITOP AND|OR|XOR don't change the string with single input key (6 ms)
[ok]: BITOP missing key is considered a stream of zero (2 ms)
[ok]: BITOP shorter keys are zero-padded to the key with max length (4 ms)
[ok]: GEO with wrong type src key (16 ms)
[ok]: GEO with non existing src key (2 ms)
[ok]: GEO BYLONLAT with empty search (5 ms)
[ok]: GEO BYMEMBER with non existing member (2 ms)
[ok]: GEOADD create (0 ms)
[ok]: GEOADD update (0 ms)
[ok]: GEOADD update with CH option (1 ms)
[ok]: GEOADD update with NX option (0 ms)
[ok]: PSYNC2 #3899 regression: kill chained replica (0 ms)
[ok]: GEOADD update with XX option (7 ms)
[ok]: GEOADD update with CH NX option (0 ms)
[ok]: GEOADD update with CH XX option (1 ms)
[ok]: GEOADD update with XX NX option will return syntax error (1 ms)
[ok]: GEOADD update with invalid option (1 ms)
[ok]: GEOADD invalid coordinates (3 ms)
[ok]: GEOADD multi add (0 ms)
[ok]: Check geoset values (1 ms)
[ok]: GEORADIUS simple (sorted) (1 ms)
[ok]: GEOSEARCH simple (sorted) (1 ms)
[ok]: GEOSEARCH FROMLONLAT and FROMMEMBER cannot exist at the same time (1 ms)
[ok]: GEOSEARCH FROMLONLAT and FROMMEMBER one must exist (0 ms)
[ok]: GEOSEARCH BYRADIUS and BYBOX cannot exist at the same time (1 ms)
[ok]: GEOSEARCH BYRADIUS and BYBOX one must exist (1 ms)
[ok]: GEOSEARCH with STOREDIST option (1 ms)
[ok]: GEORADIUS withdist (sorted) (3 ms)
[ok]: GEOSEARCH withdist (sorted) (3 ms)
[ok]: GEORADIUS with COUNT (1 ms)
[ok]: GEORADIUS with ANY not sorted by default (1 ms)
[ok]: GEORADIUS with ANY sorted by ASC (2 ms)
[ok]: GEORADIUS with ANY but no COUNT (0 ms)
[ok]: GEORADIUS with COUNT but missing integer argument (4 ms)
[ok]: GEORADIUS with COUNT DESC (1 ms)
[ok]: GEORADIUS HUGE, issue #2767 (0 ms)
[ok]: GEORADIUSBYMEMBER simple (sorted) (6 ms)
[ok]: GEORADIUSBYMEMBER search areas contain satisfied points in oblique direction (9 ms)
[ok]: GEORADIUSBYMEMBER crossing pole search (1 ms)
[ok]: GEOSEARCH FROMMEMBER simple (sorted) (0 ms)
[ok]: GEOSEARCH vs GEORADIUS (4 ms)
[ok]: GEOSEARCH non square, long and narrow (7 ms)
[ok]: GEOSEARCH corner point test (3 ms)
[ok]: GEORADIUSBYMEMBER withdist (sorted) (0 ms)
[ok]: GEOHASH is able to return geohash strings (1 ms)
[ok]: GEOPOS simple (1 ms)
[ok]: GEOPOS missing element (8 ms)
[ok]: GEODIST simple & unit (1 ms)
[ok]: GEODIST missing elements (4 ms)
[ok]: GEORADIUS STORE option: syntax error (2 ms)
[ok]: GEOSEARCHSTORE STORE option: syntax error (0 ms)
[ok]: GEORANGE STORE option: incompatible options (8 ms)
[ok]: GEORANGE STORE option: plain usage (4 ms)
[ok]: GEORADIUSBYMEMBER STORE/STOREDIST option: plain usage (9 ms)
[ok]: GEOSEARCHSTORE STORE option: plain usage (3 ms)
[ok]: GEORANGE STOREDIST option: plain usage (1 ms)
[ok]: GEOSEARCHSTORE STOREDIST option: plain usage (5 ms)
[ok]: GEORANGE STOREDIST option: COUNT ASC and DESC (5 ms)
[ok]: GEOSEARCH the box spans -180° or 180° (5 ms)
[ok]: GEOSEARCH with small distance (1 ms)
[ok]: BITOP and fuzzing (389 ms)
[ok]: corrupt payload: fuzzer findings - empty intset (767 ms)
[ok]: FUNCTION can processes create, delete and flush commands in AOF when doing "debug loadaof" in read-only slaves (905 ms)
[ok]: BITOP or fuzzing (301 ms)
[ok]: BITFIELD overflow detection fuzzing (1551 ms)
[ok]: Chained replicas disconnect when replica re-connect with the same master (2067 ms)
[ok]: maxmemory - is the memory limit honoured? (policy allkeys-lru) (1086 ms)
[ok]: LIBRARIES - test shared function can access default globals (2 ms)
[ok]: LIBRARIES - usage and code sharing (10 ms)
[ok]: LIBRARIES - test registration failure revert the entire load (3 ms)
[ok]: LIBRARIES - test registration function name collision (3 ms)
[ok]: LIBRARIES - test registration function name collision on same library (0 ms)
[ok]: LIBRARIES - test registration with no argument (1 ms)
[ok]: corrupt payload: fuzzer findings - zset ziplist entry lensize is 0 (509 ms)
[ok]: LIBRARIES - test registration with only name (0 ms)
[ok]: LIBRARIES - test registration with to many arguments (0 ms)
[ok]: LIBRARIES - test registration with no string name (2 ms)
[ok]: LIBRARIES - test registration with wrong name format (0 ms)
[ok]: LIBRARIES - test registration with empty name (0 ms)
[ok]: LIBRARIES - math.random from function load (0 ms)
[ok]: LIBRARIES - redis.call from function load (0 ms)
[ok]: LIBRARIES - redis.setresp from function load (1 ms)
[ok]: LIBRARIES - redis.set_repl from function load (0 ms)
[ok]: LIBRARIES - malicious access test (6 ms)
[ok]: LIBRARIES - delete removed all functions on library (2 ms)
[ok]: LIBRARIES - register function inside a function (2 ms)
[ok]: LIBRARIES - register library with no functions (1 ms)
[ok]: BITOP xor fuzzing (325 ms)
[ok]: BITOP NOT fuzzing (63 ms)
[ok]: BITOP with integer encoded source objects (2 ms)
[ok]: BITOP with non string source key (3 ms)
[ok]: BITOP with empty string after non empty string (issue #529) (2 ms)
[ok]: BITPOS bit=0 with empty key returns 0 (1 ms)
[ok]: BITPOS bit=1 with empty key returns -1 (0 ms)
[ok]: BITPOS bit=0 with string less than 1 word works (1 ms)
[ok]: BITPOS bit=1 with string less than 1 word works (1 ms)
[ok]: BITPOS bit=0 starting at unaligned address (5 ms)
[ok]: BITPOS bit=1 starting at unaligned address (1 ms)
[ok]: BITPOS bit=0 unaligned+full word+reminder (13 ms)
[ok]: Connect a replica to the master instance (10 ms)
[ok]: Redis.replicate_commands() can be issued anywhere now (2 ms)
[ok]: Redis.set_repl() can be issued before replicate_commands() now (4 ms)
[ok]: Redis.set_repl() don't accept invalid values (2 ms)
[ok]: BITPOS bit=1 unaligned+full word+reminder (28 ms)
[ok]: BITPOS bit=1 returns -1 if string is all 0 bits (38 ms)
[ok]: BITPOS bit=0 works with intervals (4 ms)
[ok]: BITPOS bit=1 works with intervals (3 ms)
[ok]: BITPOS bit=0 changes behavior if end is given (7 ms)
[ok]: SETBIT/BITFIELD only increase dirty when the value changed (8 ms)
[ok]: LIBRARIES - load timeout (502 ms)
[ok]: LIBRARIES - verify global protection on the load run (0 ms)
[ok]: LIBRARIES - named arguments (0 ms)
[ok]: LIBRARIES - named arguments, bad function name (1 ms)
[ok]: LIBRARIES - named arguments, bad callback type (1 ms)
[ok]: LIBRARIES - named arguments, bad description (0 ms)
[ok]: LIBRARIES - named arguments, unknown argument (1 ms)
[ok]: LIBRARIES - named arguments, missing function name (1 ms)
[ok]: LIBRARIES - named arguments, missing callback (0 ms)
[ok]: FUNCTION - test function restore with function name collision (12 ms)
[ok]: FUNCTION - test function list with code (2 ms)
[ok]: FUNCTION - test function list with pattern (1 ms)
[ok]: FUNCTION - test function list wrong argument (1 ms)
[ok]: FUNCTION - test function list with bad argument to library name (3 ms)
[ok]: FUNCTION - test function list withcode multiple times (0 ms)
[ok]: FUNCTION - test function list libraryname multiple times (0 ms)
[ok]: FUNCTION - verify OOM on function load and function restore (9 ms)
[ok]: FUNCTION - verify allow-omm allows running any command (4 ms)
[ok]: Test selective replication of certain Redis commands from Lua (514 ms)
[ok]: PRNG is seeded randomly for command replication (8 ms)
[ok]: Using side effects is not a problem with command replication (7 ms)
[ok]: PSYNC2 #3899 regression: kill first replica (1 ms)
[ok]: corrupt payload: fuzzer findings - valgrind ziplist prevlen reaches outside the ziplist (732 ms)
[ok]: TOUCH alters the last access time of a key (3002 ms)
[ok]: TOUCH returns the number of existing keys specified (2 ms)
[ok]: command stats for GEOADD (4 ms)
[ok]: errors stats for GEOADD (2 ms)
[ok]: command stats for EXPIRE (11 ms)
[ok]: command stats for BRPOP (4 ms)
[ok]: command stats for MULTI (16 ms)
[ok]: command stats for scripts (7 ms)
[ok]: COMMAND GETKEYS GET (0 ms)
[ok]: COMMAND GETKEYSANDFLAGS (1 ms)
[ok]: COMMAND GETKEYS MEMORY USAGE (0 ms)
[ok]: COMMAND GETKEYS XGROUP (0 ms)
[ok]: COMMAND GETKEYS EVAL with keys (0 ms)
[ok]: COMMAND GETKEYS EVAL without keys (0 ms)
[ok]: COMMAND GETKEYS LCS (0 ms)
[ok]: COMMAND GETKEYS MORE THAN 256 KEYS (10 ms)
[ok]: COMMAND LIST syntax error (3 ms)
[ok]: COMMAND LIST WITHOUT FILTERBY (9 ms)
[ok]: COMMAND LIST FILTERBY ACLCAT against non existing category (3 ms)
[ok]: COMMAND LIST FILTERBY ACLCAT - list all commands/subcommands (1 ms)
[ok]: COMMAND LIST FILTERBY PATTERN - list all commands/subcommands (4 ms)
[ok]: COMMAND LIST FILTERBY MODULE against non existing module (1 ms)
[ok]: COMMAND INFO of invalid subcommands (0 ms)
[ok]: SET command will not be marked with movablekeys (8 ms)
[ok]: GET command will not be marked with movablekeys (3 ms)
[ok]: MSET command will not be marked with movablekeys (0 ms)
[ok]: BITFIELD command will not be marked with movablekeys (1 ms)
[ok]: LMOVE command will not be marked with movablekeys (0 ms)
[ok]: LPOP command will not be marked with movablekeys (1 ms)
[ok]: BLPOP command will not be marked with movablekeys (0 ms)
[ok]: PING command will not be marked with movablekeys (0 ms)
[ok]: MEMORY command will not be marked with movablekeys (1 ms)
[ok]: MEMORY|USAGE command will not be marked with movablekeys (0 ms)
[ok]: RENAME command will not be marked with movablekeys (0 ms)
[ok]: GEORADIUS_RO command will not be marked with movablekeys (0 ms)
[ok]: ZUNIONSTORE command is marked with movablekeys (2 ms)
[ok]: XREAD command is marked with movablekeys (1 ms)
[ok]: EVAL command is marked with movablekeys (2 ms)
[ok]: SORT command is marked with movablekeys (0 ms)
[ok]: SORT_RO command is marked with movablekeys (4 ms)
[ok]: MIGRATE command is marked with movablekeys (2 ms)
[ok]: GEORADIUS command is marked with movablekeys (1 ms)
[50/84 done]: integration/psync2-pingoff (20 seconds)
Testing unit/memefficiency
[ok]: corrupt payload: fuzzer findings - valgrind - bad rdbLoadDoubleValue (530 ms)
[ok]: FUNCTION - wrong flags type named arguments (1 ms)
[ok]: FUNCTION - wrong flag type (0 ms)
[ok]: FUNCTION - unknown flag (1 ms)
[ok]: FUNCTION - write script on fcall_ro (7 ms)
[ok]: FUNCTION - write script with no-writes flag (1 ms)
[ok]: FUNCTION - deny oom (5 ms)
[ok]: FUNCTION - deny oom on no-writes function (1 ms)
[ok]: FUNCTION - allow stale (11 ms)
[ok]: FUNCTION - redis version api (2 ms)
[ok]: FUNCTION - function stats (6 ms)
[51/84 done]: unit/introspection-2 (7 seconds)
Testing unit/hyperloglog
[ok]: FUNCTION - function stats reloaded correctly from rdb (5 ms)
[ok]: FUNCTION - function stats delete library (1 ms)
[ok]: FUNCTION - test function stats on loading failure (2 ms)
[ok]: FUNCTION - function stats cleaned after flush (0 ms)
[ok]: FUNCTION - function test empty engine (0 ms)
[ok]: FUNCTION - function test unknown metadata value (1 ms)
[ok]: FUNCTION - function test no name (0 ms)
[ok]: FUNCTION - function test multiple names (8 ms)
[ok]: FUNCTION - function test name with quotes (2 ms)
[ok]: FUNCTION - trick global protection 1 (1 ms)
[ok]: FUNCTION - test getmetatable on script load (9 ms)
[ok]: PSYNC2 #3899 regression: kill first replica (0 ms)
[ok]: PSYNC2 #3899 regression: kill chained replica (0 ms)
[ok]: CONFIG REWRITE handles save and shutdown properly (2689 ms)
[ok]: CONFIG SET with multiple args (7 ms)
[ok]: CONFIG SET rollback on set error (4 ms)
[ok]: BITPOS bit=1 fuzzy testing using SETBIT (1336 ms)
[ok]: maxmemory - is the memory limit honoured? (policy allkeys-lfu) (1689 ms)
[ok]: CONFIG SET rollback on apply error (62 ms)
[ok]: CONFIG SET duplicate configs (2 ms)
[ok]: CONFIG SET set immutable (0 ms)
[ok]: CONFIG GET hidden configs (9 ms)
[ok]: CONFIG GET multiple args (3 ms)
[52/84 done]: unit/functions (9 seconds)
Testing unit/lazyfree
[ok]: corrupt payload: fuzzer findings - valgrind ziplist prev too big (780 ms)
[ok]: redis-server command line arguments - error cases (443 ms)
[ok]: BITFIELD overflow wrap fuzzing (2401 ms)
[ok]: BITFIELD regression for #3221 (1 ms)
[ok]: BITFIELD regression for #3564 (21 ms)
[ok]: PSYNC2 #3899 regression: verify consistency (23 ms)
[ok]: Memory efficiency with values in range 32 (725 ms)
[ok]: UNLINK can reclaim memory in background (499 ms)
[ok]: corrupt payload: fuzzer findings - lzf decompression fails, avoid valgrind invalid read (528 ms)
[ok]: test RESP2/2 big number protocol parsing (2 ms)
[ok]: test RESP2/2 malformed big number protocol parsing (9 ms)
[ok]: test RESP2/2 map protocol parsing (1 ms)
[ok]: test RESP2/2 set protocol parsing (3 ms)
[ok]: test RESP2/2 double protocol parsing (1 ms)
[ok]: test RESP2/2 null protocol parsing (4 ms)
[ok]: test RESP2/2 verbatim protocol parsing (1 ms)
[ok]: test RESP2/2 true protocol parsing (2 ms)
[ok]: test RESP2/2 false protocol parsing (0 ms)
[ok]: test RESP2/3 big number protocol parsing (1 ms)
[ok]: test RESP2/3 malformed big number protocol parsing (1 ms)
[ok]: test RESP2/3 map protocol parsing (1 ms)
[ok]: test RESP2/3 set protocol parsing (0 ms)
[ok]: test RESP2/3 double protocol parsing (1 ms)
[ok]: test RESP2/3 null protocol parsing (3 ms)
[ok]: test RESP2/3 verbatim protocol parsing (2 ms)
[ok]: test RESP2/3 true protocol parsing (4 ms)
[ok]: test RESP2/3 false protocol parsing (3 ms)
[ok]: test RESP3/2 big number protocol parsing (1 ms)
[ok]: test RESP3/2 malformed big number protocol parsing (1 ms)
[ok]: test RESP3/2 map protocol parsing (2 ms)
[ok]: Test replication partial resync: backlog expired (diskless: no, disabled, reconnect: 1) (9231 ms)
[ok]: test RESP3/2 set protocol parsing (1 ms)
[ok]: test RESP3/2 double protocol parsing (2 ms)
[ok]: test RESP3/2 null protocol parsing (1 ms)
[ok]: FLUSHDB ASYNC can reclaim memory in background (395 ms)
[ok]: test RESP3/2 verbatim protocol parsing (2 ms)
[ok]: test RESP3/2 true protocol parsing (3 ms)
[ok]: test RESP3/2 false protocol parsing (3 ms)
[ok]: test RESP3/3 big number protocol parsing (2 ms)
[ok]: test RESP3/3 malformed big number protocol parsing (1 ms)
[ok]: test RESP3/3 map protocol parsing (1 ms)
[ok]: test RESP3/3 set protocol parsing (1 ms)
[ok]: test RESP3/3 double protocol parsing (10 ms)
[ok]: redis-server command line arguments - allow passing option name and option value in the same arg (767 ms)
[ok]: test RESP3/3 null protocol parsing (1 ms)
[ok]: test RESP3/3 verbatim protocol parsing (1 ms)
[ok]: test RESP3/3 true protocol parsing (2 ms)
[ok]: test RESP3/3 false protocol parsing (7 ms)
[ok]: test resp3 attribute protocol parsing (5 ms)
[ok]: PSYNC2: generate load while killing replication links (5001 ms)
[ok]: PSYNC2: cluster is consistent after load (x = 29045) (3 ms)
[ok]: Script block the time during execution (12 ms)
[ok]: Script delete the expired key (3 ms)
[ok]: Memory efficiency with values in range 64 (587 ms)
[ok]: PSYNC2: total sum of full synchronizations is exactly 4 (12 ms)
[ok]: PSYNC2: --- CYCLE 4 --- (0 ms)
[ok]: PSYNC2: [NEW LAYOUT] Set #4 as master (3 ms)
[ok]: BITPOS bit=0 fuzzy testing using SETBIT (1382 ms)
[ok]: PSYNC2: Set #0 to replicate from #4 (2 ms)
[ok]: BITFIELD: setup slave (103 ms)
[ok]: maxmemory - is the memory limit honoured? (policy volatile-lru) (1641 ms)
[ok]: HyperLogLog self test passes (1578 ms)
[ok]: PFADD without arguments creates an HLL value (1 ms)
[ok]: Approximated cardinality after creation is zero (0 ms)
[ok]: PFADD returns 1 when at least 1 reg was modified (0 ms)
[ok]: PFADD returns 0 when no reg was modified (0 ms)
[ok]: PFADD works with empty string (regression) (0 ms)
[ok]: PFCOUNT returns approximated cardinality of set (1 ms)
[ok]: lazy free a stream with all types of metadata (493 ms)
[ok]: lazy free a stream with deleted cgroup (4 ms)
[ok]: corrupt payload: fuzzer findings - stream bad lp_count (736 ms)
[ok]: redis-server command line arguments - wrong usage that we support anyway (493 ms)
[ok]: Memory efficiency with values in range 128 (464 ms)
[ok]: Script - disallow write on OOM (1 ms)
[ok]: EVAL - Does Lua interpreter replies to our requests? (1 ms)
[ok]: EVAL - Return _G (0 ms)
[ok]: EVAL - Return table with a metatable that raise error (0 ms)
[ok]: EVAL - Return table with a metatable that call redis (2 ms)
[ok]: EVAL - Lua integer -> Redis protocol type conversion (1 ms)
[ok]: EVAL - Lua string -> Redis protocol type conversion (0 ms)
[ok]: EVAL - Lua true boolean -> Redis protocol type conversion (6 ms)
[ok]: EVAL - Lua false boolean -> Redis protocol type conversion (1 ms)
[ok]: EVAL - Lua status code reply -> Redis protocol type conversion (2 ms)
[ok]: EVAL - Lua error reply -> Redis protocol type conversion (1 ms)
[ok]: EVAL - Lua table -> Redis protocol type conversion (4 ms)
[ok]: EVAL - Are the KEYS and ARGV arrays populated correctly? (1 ms)
[ok]: EVAL - is Lua able to call Redis API? (0 ms)
[ok]: EVALSHA - Can we call a SHA1 if already defined? (1 ms)
[ok]: EVALSHA - Can we call a SHA1 in uppercase? (2 ms)
[ok]: EVALSHA - Do we get an error on invalid SHA1? (1 ms)
[ok]: EVALSHA - Do we get an error on non defined SHA1? (0 ms)
[ok]: EVAL - Redis integer -> Lua type conversion (1 ms)
[ok]: EVAL - Redis bulk -> Lua type conversion (0 ms)
[ok]: EVAL - Redis multi bulk -> Lua type conversion (9 ms)
[ok]: EVAL - Redis status reply -> Lua type conversion (1 ms)
[ok]: EVAL - Redis error reply -> Lua type conversion (1 ms)
[ok]: EVAL - Redis nil bulk reply -> Lua type conversion (1 ms)
[ok]: EVAL - Is the Lua client using the currently selected DB? (3 ms)
[ok]: EVAL - SELECT inside Lua should not affect the caller (1 ms)
[ok]: EVAL - Scripts can't run blpop command (0 ms)
[ok]: EVAL - Scripts can't run brpop command (1 ms)
[ok]: EVAL - Scripts can't run brpoplpush command (5 ms)
[ok]: EVAL - Scripts can't run blmove command (2 ms)
[53/84 done]: unit/lazyfree (2 seconds)
Testing unit/wait
[ok]: EVAL - Scripts can't run bzpopmin command (0 ms)
[ok]: EVAL - Scripts can't run bzpopmax command (1 ms)
[ok]: EVAL - Scripts can't run XREAD and XREADGROUP with BLOCK option (3 ms)
[ok]: EVAL - Scripts can run non-deterministic commands (0 ms)
[ok]: EVAL - No arguments to redis.call/pcall is considered an error (1 ms)
[ok]: EVAL - redis.call variant raises a Lua error on Redis cmd error (1) (0 ms)
[ok]: EVAL - redis.call variant raises a Lua error on Redis cmd error (1) (3 ms)
[ok]: EVAL - redis.call variant raises a Lua error on Redis cmd error (1) (3 ms)
[ok]: EVAL - JSON numeric decoding (1 ms)
[ok]: EVAL - JSON string decoding (1 ms)
[ok]: EVAL - JSON smoke test (1 ms)
[ok]: EVAL - cmsgpack can pack double? (1 ms)
[ok]: EVAL - cmsgpack can pack negative int64? (1 ms)
[ok]: HyperLogLogs are promote from sparse to dense (416 ms)
[54/84 done]: integration/psync2-reg (24 seconds)
Testing unit/pause
[ok]: BITPOS/BITCOUNT fuzzy testing using SETBIT (829 ms)
[ok]: Memory efficiency with values in range 1024 (496 ms)
[ok]: PSYNC2: Set #1 to replicate from #0 (1 ms)
[ok]: PSYNC2: Set #2 to replicate from #4 (0 ms)
[ok]: corrupt payload: fuzzer findings - stream bad lp_count - unsanitized (655 ms)
[ok]: EVAL - cmsgpack pack/unpack smoke test (398 ms)
[ok]: EVAL - cmsgpack can pack and unpack circular references? (1 ms)
[ok]: EVAL - Numerical sanity check from bitop (0 ms)
[ok]: EVAL - Verify minimal bitop functionality (1 ms)
[ok]: EVAL - Able to parse trailing comments (1 ms)
[ok]: EVAL_RO - Successful case (1 ms)
[ok]: EVAL_RO - Cannot run write commands (1 ms)
[ok]: redis-server command line arguments - allow option value to use the `--` prefix (711 ms)
[ok]: SCRIPTING FLUSH - is able to clear the scripts cache? (21 ms)
[ok]: SCRIPTING FLUSH ASYNC (21 ms)
[ok]: SCRIPT EXISTS - can detect already defined scripts? (1 ms)
[ok]: SCRIPT LOAD - is able to register scripts in the scripting cache (0 ms)
[ok]: SORT is normally not alpha re-ordered for the scripting engine (1 ms)
[ok]: SORT BY <constant> output gets ordered for scripting (4 ms)
[ok]: SORT BY <constant> with GET gets ordered for scripting (0 ms)
[ok]: redis.sha1hex() implementation (1 ms)
[ok]: Globals protection reading an undeclared global variable (0 ms)
[ok]: Globals protection setting an undeclared global* (0 ms)
[ok]: Test an example script DECR_IF_GT (1 ms)
[ok]: BITFIELD: write on master, read on slave (925 ms)
[ok]: random numbers are random now (0 ms)
[ok]: BITFIELD_RO with only key as argument (0 ms)
[ok]: Scripting engine PRNG can be seeded correctly (1 ms)
[ok]: BITFIELD_RO fails when write option is used (1 ms)
[ok]: Test read commands are not blocked by client pause (9 ms)
[ok]: Test write commands are paused by RO (1 ms)
[ok]: Test special commands are paused by RO (3 ms)
[ok]: Test read/admin mutli-execs are not blocked by pause RO (9 ms)
[ok]: Test write mutli-execs are blocked by pause RO (1 ms)
[ok]: Test scripts are blocked by pause RO (1 ms)
[55/84 done]: unit/bitops (7 seconds)
Testing unit/querybuf
[ok]: Test RO scripts are not blocked by pause RO (7 ms)
[ok]: Test read-only scripts in mutli-exec are not blocked by pause RO (2 ms)
[ok]: Test write scripts in mutli-exec are blocked by pause RO (131 ms)
[ok]: maxmemory - is the memory limit honoured? (policy volatile-lfu) (1067 ms)
[ok]: Test may-replicate commands are rejected in RO scripts (16 ms)
[ok]: Test multiple clients can be queued up and unblocked (9 ms)
[ok]: Test clients with syntax errors will get responses immediately (0 ms)
[ok]: Slave should be able to synchronize with the master (146 ms)
[ok]: Test both active and passive expires are skipped during client pause (104 ms)
[ok]: Test that client pause starts at the end of a transaction (2 ms)
[ok]: EVAL does not leak in the Lua stack (479 ms)
[ok]: corrupt payload: fuzzer findings - stream integrity check issue (642 ms)
[ok]: Setup slave (103 ms)
[ok]: SPOP: We can call scripts rewriting client->argv from Lua (107 ms)
[56/84 done]: unit/bitfield (7 seconds)
Testing unit/pendingquerybuf
[ok]: MGET: mget shouldn't be propagated in Lua (97 ms)
[ok]: redis-server command line arguments - option name and option value in the same arg and `--` prefix (732 ms)
[ok]: EXPIRE: We can call scripts rewriting client->argv from Lua (102 ms)
[ok]: PSYNC2: Set #3 to replicate from #4 (1 ms)
[ok]: maxmemory - is the memory limit honoured? (policy volatile-random) (859 ms)
[ok]: WAIT should acknowledge 1 additional copy of the data (606 ms)
[ok]: corrupt payload: fuzzer findings - infinite loop (702 ms)
[ok]: Detect write load to master (1001 ms)
[ok]: Test replication partial resync: no reconnection, just sync (diskless: no, swapdb, reconnect: 0) (95 ms)
[ok]: Test when replica paused, offset would not grow (625 ms)
[ok]: Test replica offset would grow after unpause (4 ms)
[ok]: INCRBYFLOAT: We can call scripts expanding client->argv from Lua (721 ms)
[ok]: Call Redis command with many args from Lua (issue #1764) (1 ms)
[ok]: Number conversion precision test (issue #1118) (0 ms)
[ok]: String containing number precision test (regression of issue #1118) (2 ms)
[ok]: Verify negative arg count is error instead of crash (issue #1842) (1 ms)
[ok]: Scripts can handle commands with incorrect arity (5 ms)
[ok]: Correct handling of reused argv (issue #1939) (0 ms)
[ok]: Functions in the Redis namespace are able to report errors (1 ms)
[ok]: CLUSTER RESET can not be invoke from within a script (1 ms)
[ok]: Script with RESP3 map (2 ms)
[ok]: HyperLogLog sparse encoding stress test (1983 ms)
[ok]: Corrupted sparse HyperLogLogs are detected: Additional at tail (2 ms)
[ok]: Corrupted sparse HyperLogLogs are detected: Broken magic (1 ms)
[ok]: Corrupted sparse HyperLogLogs are detected: Invalid encoding (0 ms)
[ok]: Corrupted dense HyperLogLogs are detected: Wrong length (1 ms)
[ok]: Memory efficiency with values in range 16384 (1805 ms)
[ok]: maxmemory - is the memory limit honoured? (policy volatile-ttl) (543 ms)
[ok]: Script return recursive object (94 ms)
[ok]: Script check unpack with massive arguments (8 ms)
[ok]: Script read key with expiration set (1 ms)
[ok]: Script del key with expiration set (1 ms)
[ok]: Script ACL check (4 ms)
[ok]: Binary code loading failed (0 ms)
[ok]: Try trick global protection 1 (1 ms)
[ok]: Try trick global protection 2 (0 ms)
[ok]: Try trick global protection 3 (1 ms)
[ok]: Try trick global protection 4 (0 ms)
[ok]: Try trick readonly table on redis table (1 ms)
[ok]: Try trick readonly table on json table (0 ms)
[ok]: Try trick readonly table on cmsgpack table (0 ms)
[ok]: Try trick readonly table on bit table (0 ms)
[ok]: Test loadfile are not available (0 ms)
[ok]: Test dofile are not available (3 ms)
[ok]: Test print are not available (0 ms)
[ok]: corrupt payload: fuzzer findings - hash ziplist too long entry len (622 ms)
[57/84 done]: unit/memefficiency (5 seconds)
Testing unit/tls
[ok]: PSYNC2: cluster is consistent after failover (1 ms)
[ok]: maxmemory - only allkeys-* should remove non-volatile keys (allkeys-random) (382 ms)
[ok]: WAIT should not acknowledge 2 additional copies of the data (1002 ms)
[58/84 done]: unit/pause (3 seconds)
Testing unit/tracking
[59/84 done]: unit/tls (1 seconds)
Testing unit/oom-score-adj
[ok]: corrupt payload: OOM in rdbGenericLoadStringObject (707 ms)
[ok]: Timedout read-only scripts can be killed by SCRIPT KILL (407 ms)
[ok]: maxmemory - only allkeys-* should remove non-volatile keys (allkeys-lru) (661 ms)
[ok]: Clients are able to enable tracking and redirect it (1 ms)
[ok]: The other connection is able to get invalidations (1 ms)
[ok]: The client is now able to disable tracking (1 ms)
[ok]: Clients can enable the BCAST mode with the empty prefix (5 ms)
[ok]: The connection gets invalidation messages about all the keys (0 ms)
[ok]: Clients can enable the BCAST mode with prefixes (6 ms)
[ok]: Adding prefixes to BCAST mode works (1 ms)
[ok]: Timedout read-only scripts can be killed by SCRIPT KILL even when use pcall (55 ms)
[ok]: Tracking NOLOOP mode in standard mode works (5 ms)
[ok]: Tracking NOLOOP mode in BCAST mode works (1 ms)
[ok]: Timedout script does not cause a false dead client (76 ms)
[ok]: Timedout script link is still usable after Lua returns (126 ms)
[ok]: Slave should be able to synchronize with the master (202 ms)
[ok]: CONFIG SET oom-score-adj works as expected (102 ms)
[ok]: CONFIG SET oom-score-adj-values doesn't touch proc when disabled (2 ms)
[ok]: CONFIG SET oom score restored on disable (5 ms)
[ok]: CONFIG SET oom score relative and absolute (1 ms)
[ok]: CONFIG SET out-of-range oom score (0 ms)
[ok]: maxmemory - only allkeys-* should remove non-volatile keys (volatile-lru) (422 ms)
[ok]: query buffer resized correctly (2883 ms)
[ok]: corrupt payload: fuzzer findings - OOM in dictExpand (727 ms)
[ok]: WAIT should not acknowledge 1 additional copy if slave is blocked (1140 ms)
[ok]: Timedout scripts and unblocked command (491 ms)
[ok]: query buffer resized correctly when not idle (200 ms)
[ok]: maxmemory - only allkeys-* should remove non-volatile keys (volatile-random) (456 ms)
[ok]: Timedout scripts that modified data can't be killed by SCRIPT KILL (207 ms)
[ok]: ziplist implementation: encoding stress testing (27726 ms)
[ok]: SHUTDOWN NOSAVE can kill a timedout script anyway (19 ms)
[ok]: Tracking gets notification of expired keys (1002 ms)
[60/84 done]: unit/querybuf (4 seconds)
Testing unit/shutdown
[ok]: Connect multiple replicas at the same time (issue #141), master diskless=no, replica diskless=swapdb (11027 ms)
[ok]: Tracking gets notification of lazy expired keys (102 ms)
[ok]: HELLO 3 reply is correct (2 ms)
[ok]: HELLO without protover (1 ms)
[ok]: RESP3 based basic invalidation (1 ms)
[ok]: RESP3 tracking redirection (1 ms)
[ok]: Invalidations of previous keys can be redirected after switching to RESP3 (2 ms)
[ok]: Invalidations of new keys can be redirected after switching to RESP3 (1 ms)
[ok]: Invalid keys should not be tracked for scripts in NOLOOP mode (3 ms)
[ok]: Tracking only occurs for scripts when a command calls a read-only command (5 ms)
[ok]: RESP3 Client gets tracking-redir-broken push message after cached key changed when rediretion client is terminated (2 ms)
[ok]: Different clients can redirect to the same connection (4 ms)
[ok]: Different clients using different protocols can track the same key (6 ms)
[ok]: No invalidation message when using OPTIN option (2 ms)
[ok]: Invalidation message sent when using OPTIN option with CLIENT CACHING yes (2 ms)
[ok]: Invalidation message sent when using OPTOUT option (1 ms)
[ok]: No invalidation message when using OPTOUT option with CLIENT CACHING no (2 ms)
[ok]: Able to redirect to a RESP3 client (3 ms)
[ok]: After switching from normal tracking to BCAST mode, no invalidation message is produced for pre-BCAST keys (2 ms)
[ok]: BCAST with prefix collisions throw errors (3 ms)
[ok]: hdel deliver invalidate message after response in the same connection (1 ms)
[61/84 done]: unit/type/list-3 (67 seconds)
Testing unit/networking
[ok]: Tracking invalidation message is not interleaved with multiple keys response (113 ms)
[ok]: Detect write load to master (1002 ms)
[ok]: Tracking invalidation message is not interleaved with transaction response (8 ms)
[ok]: Tracking invalidation message of eviction keys should be before response (14 ms)
[ok]: corrupt payload: fuzzer findings - zset ziplist invalid tail offset (687 ms)
[ok]: Unblocked BLMOVE gets notification after response (7 ms)
[ok]: Tracking gets notification on tracking table key eviction (10 ms)
[ok]: Invalidation message received for flushall (14 ms)
[ok]: Invalidation message received for flushdb (10 ms)
[ok]: Test ASYNC flushall (9 ms)
[ok]: flushdb tracking invalidation message is not interleaved with transaction response (4 ms)
[ok]: redis-server command line arguments - save with empty input (3456 ms)
[ok]: maxmemory - only allkeys-* should remove non-volatile keys (volatile-ttl) (652 ms)
[62/84 done]: unit/oom-score-adj (2 seconds)
Testing unit/cluster
[ok]: WAIT implicitly blocks on client pause since ACKs aren't sent (1083 ms)
[ok]: Temp rdb will be deleted if we use bg_unlink when shutdown (337 ms)
[ok]: CONFIG SET port number (604 ms)
[ok]: Server is able to evacuate enough keys when num of keys surpasses limit by more than defined initial effort (472 ms)
[ok]: Tracking info is correct (24 ms)
[ok]: CLIENT GETREDIR provides correct client id (2 ms)
[ok]: CLIENT TRACKINGINFO provides reasonable results when tracking off (3 ms)
[ok]: CLIENT TRACKINGINFO provides reasonable results when tracking on (2 ms)
[ok]: CLIENT TRACKINGINFO provides reasonable results when tracking on with options (1 ms)
[ok]: CLIENT TRACKINGINFO provides reasonable results when tracking optin (4 ms)
[ok]: CLIENT TRACKINGINFO provides reasonable results when tracking optout (2 ms)
[ok]: CLIENT TRACKINGINFO provides reasonable results when tracking bcast mode (2 ms)
[ok]: CLIENT TRACKINGINFO provides reasonable results when tracking redir broken (17 ms)
[ok]: Regression test for #11715 (20 ms)
[ok]: RESP3 based basic invalidation with client reply off (8 ms)
[ok]: Before the replica connects we issue two EVAL commands (2 ms)
[ok]: corrupt payload: fuzzer findings - negative reply length (645 ms)
[ok]: RESP2 based basic invalidation with client reply off (51 ms)
[ok]: RESP3 based basic redirect invalidation with client reply off (15 ms)
[ok]: RESP3 based basic tracking-redir-broken with client reply off (10 ms)
[ok]: pending querybuf: check size of pending_querybuf after set a big value (3161 ms)
[ok]: Connect a replica to the master instance (116 ms)
[ok]: Now use EVALSHA against the master, with both SHAs (1 ms)
[ok]: redis-server command line arguments - take one bulk string with spaces for MULTI_ARG configs parsing (620 ms)
[63/84 done]: unit/wait (5 seconds)
Testing unit/client-eviction
[64/84 done]: unit/tracking (2 seconds)
Testing unit/violations
[ok]: 'x' should be '4' for EVALSHA being replicated by effects (311 ms)
[ok]: SHUTDOWN ABORT can cancel SIGTERM (80 ms)
[ok]: Replication of script multiple pushes to list with BLPOP (10 ms)
[ok]: EVALSHA replication when first call is readonly (7 ms)
[ok]: Lua scripts using SELECT are replicated correctly (7 ms)
[ok]: CONFIG SET bind address (608 ms)
[ok]: corrupt payload: fuzzer findings - valgrind negative malloc (528 ms)
[ok]: Temp rdb will be deleted in signal handle (102 ms)
[ok]: SORT adds integer field to list (4 ms)
[ok]: client evicted due to large argv (123 ms)
[65/84 done]: unit/pendingquerybuf (5 seconds)
Testing unit/replybufsize
[ok]: cannot modify protected configuration - no (2 ms)
[ok]: client evicted due to large query buf (60 ms)
[ok]: client evicted due to percentage of maxmemory (17 ms)
[ok]: maxmemory - policy volatile-lru should only remove volatile keys. (1366 ms)
[ok]: client evicted due to large multi buf (172 ms)
[66/84 done]: unit/violations (1 seconds)
Testing unit/cluster-scripting
[ok]: RDB save will be failed in shutdown (25 ms)
[ok]: corrupt payload: fuzzer findings - valgrind invalid read (610 ms)
[ok]: SHUTDOWN will abort if rdb save failed on signal (175 ms)
[ok]: SHUTDOWN will abort if rdb save failed on shutdown command (3 ms)
[ok]: SHUTDOWN can proceed if shutdown command was with nosave (39 ms)
[ok]: Clean up rdb same named folder (37 ms)
[67/84 done]: unit/shutdown (2 seconds)
Testing unit/cluster/misc
[ok]: cannot modify protected configuration - local (44 ms)
[ok]: corrupt payload: fuzzer findings - empty hash ziplist (737 ms)
[ok]: verify reply buffer limits (656 ms)
[ok]: CONFIG SET bind-source-addr (1497 ms)
[ok]: maxmemory - policy volatile-lfu should only remove volatile keys. (1188 ms)
[ok]: client evicted due to watched key list (1037 ms)
[68/84 done]: unit/replybufsize (1 seconds)
Testing unit/cluster/links
[ok]: PSYNC2: generate load while killing replication links (5003 ms)
[ok]: PSYNC2: cluster is consistent after load (x = 39911) (1 ms)
[ok]: PSYNC2: total sum of full synchronizations is exactly 4 (5 ms)
[ok]: PSYNC2: --- CYCLE 5 --- (0 ms)
[ok]: PSYNC2: [NEW LAYOUT] Set #3 as master (1 ms)
[ok]: PSYNC2: Set #4 to replicate from #2 (1 ms)
[ok]: Connect a replica to the master instance (104 ms)
[ok]: Redis.replicate_commands() can be issued anywhere now (0 ms)
[ok]: Redis.set_repl() can be issued before replicate_commands() now (0 ms)
[ok]: Redis.set_repl() don't accept invalid values (1 ms)
[ok]: corrupt payload: fuzzer findings - stream with no records (745 ms)
[ok]: Create 3 node cluster (1983 ms)
[ok]: Run blocking command on cluster node3 (1 ms)
[ok]: Perform a Resharding (45 ms)
[ok]: Verify command got unblocked after resharding (4 ms)
[ok]: Wait for cluster to be stable (129 ms)
[ok]: Sanity test push cmd after resharding (3 ms)
[ok]: Run blocking command again on cluster node1 (1 ms)
[ok]: Default bind address configuration handling (559 ms)
[ok]: Protected mode works as expected (11 ms)
[ok]: Test selective replication of certain Redis commands from Lua (511 ms)
[ok]: PRNG is seeded randomly for command replication (0 ms)
[ok]: Using side effects is not a problem with command replication (3 ms)
[69/84 done]: unit/networking (4 seconds)
[ok]: Eval scripts with shebangs and functions default to no cross slots (1 ms)
[ok]: PSYNC2: Set #0 to replicate from #3 (1 ms)
[ok]: maxmemory - policy volatile-random should only remove volatile keys. (1209 ms)
[ok]: Cross slot commands are allowed by default for eval scripts and with allow-cross-slot-keys flag (3 ms)
[ok]: Cross slot commands are also blocked if they disagree with pre-declared keys (7 ms)
[ok]: corrupt payload: fuzzer findings - quicklist ziplist tail followed by extra data which start with 0xff (727 ms)
[70/84 done]: unit/cluster-scripting (3 seconds)
[ok]: config during loading (2207 ms)
[ok]: corrupt payload: fuzzer findings - dict init to huge size (771 ms)
[ok]: maxmemory - policy volatile-ttl should only remove volatile keys. (847 ms)
[ok]: PSYNC2: Set #1 to replicate from #2 (1 ms)
[ok]: Kill a cluster node and wait for fail state (1713 ms)
[ok]: Verify command got unblocked after cluster failure (59 ms)
[ok]: Key lazy expires during key migration (13 ms)
[ok]: corrupt payload: fuzzer findings - huge string (726 ms)
[ok]: GEOSEARCH fuzzy test - byradius (14633 ms)
[ok]: Broadcast message across a cluster shard while a cluster link is down (108 ms)
[ok]: PSYNC2: Set #2 to replicate from #3 (0 ms)
[ok]: CONFIG REWRITE handles rename-command properly (1314 ms)
[ok]: Test replication partial resync: ok psync (diskless: no, swapdb, reconnect: 1) (6189 ms)
[ok]: corrupt payload: fuzzer findings - stream PEL without consumer (711 ms)
[ok]: Test scripting debug protocol parsing (2 ms)
[ok]: Test scripting debug lua stack overflow (3 ms)
[ok]: client evicted due to pubsub subscriptions (4166 ms)
[ok]: corrupt payload: fuzzer findings - stream listpack valgrind issue (729 ms)
[ok]: PSYNC2: cluster is consistent after failover (1 ms)
[ok]: test RESP2/2 big number protocol parsing (1 ms)
[ok]: test RESP2/2 malformed big number protocol parsing (0 ms)
[ok]: test RESP2/2 map protocol parsing (1 ms)
[ok]: test RESP2/2 set protocol parsing (0 ms)
[ok]: test RESP2/2 double protocol parsing (0 ms)
[ok]: test RESP2/2 null protocol parsing (0 ms)
[ok]: test RESP2/2 verbatim protocol parsing (1 ms)
[ok]: test RESP2/2 true protocol parsing (0 ms)
[ok]: test RESP2/2 false protocol parsing (1 ms)
[ok]: test RESP2/3 big number protocol parsing (0 ms)
[ok]: test RESP2/3 malformed big number protocol parsing (1 ms)
[ok]: test RESP2/3 map protocol parsing (0 ms)
[ok]: test RESP2/3 set protocol parsing (5 ms)
[ok]: test RESP2/3 double protocol parsing (2 ms)
[ok]: test RESP2/3 null protocol parsing (0 ms)
[ok]: test RESP2/3 verbatim protocol parsing (0 ms)
[ok]: test RESP2/3 true protocol parsing (3 ms)
[ok]: test RESP2/3 false protocol parsing (0 ms)
[ok]: test RESP3/2 big number protocol parsing (1 ms)
[ok]: test RESP3/2 malformed big number protocol parsing (1 ms)
[ok]: test RESP3/2 map protocol parsing (0 ms)
[ok]: test RESP3/2 set protocol parsing (2 ms)
[ok]: test RESP3/2 double protocol parsing (2 ms)
[ok]: test RESP3/2 null protocol parsing (0 ms)
[ok]: test RESP3/2 verbatim protocol parsing (1 ms)
[ok]: test RESP3/2 true protocol parsing (3 ms)
[ok]: test RESP3/2 false protocol parsing (0 ms)
[ok]: test RESP3/3 big number protocol parsing (1 ms)
[ok]: test RESP3/3 malformed big number protocol parsing (1 ms)
[ok]: test RESP3/3 map protocol parsing (1 ms)
[71/84 done]: unit/cluster/misc (5 seconds)
[ok]: test RESP3/3 set protocol parsing (1 ms)
[ok]: test RESP3/3 double protocol parsing (0 ms)
[ok]: test RESP3/3 null protocol parsing (0 ms)
[ok]: test RESP3/3 verbatim protocol parsing (1 ms)
[ok]: test RESP3/3 true protocol parsing (3 ms)
[ok]: test RESP3/3 false protocol parsing (1 ms)
[ok]: test resp3 attribute protocol parsing (0 ms)
[72/84 done]: unit/cluster/links (4 seconds)
[ok]: Script block the time during execution (11 ms)
[ok]: Script delete the expired key (3 ms)
[ok]: client evicted due to tracking redirection (126 ms)
[ok]: corrupt payload: fuzzer findings - stream with bad lpFirst (769 ms)
[ok]: Shebang support for lua engine (2 ms)
[ok]: Unknown shebang option (1 ms)
[ok]: Unknown shebang flag (0 ms)
[ok]: allow-oom shebang flag (9 ms)
[ok]: no-writes shebang flag (0 ms)
[ok]: Slave should be able to synchronize with the master (107 ms)
[ok]: no-writes shebang flag on replica (123 ms)
[ok]: corrupt payload: fuzzer findings - stream listpack lpPrev valgrind issue (732 ms)
[ok]: CONFIG REWRITE handles alias config properly (2477 ms)
[73/84 done]: unit/introspection (23 seconds)
[ok]: not enough good replicas (2 ms)
[ok]: Detect write load to master (1002 ms)
[ok]: corrupt payload: fuzzer findings - stream with non-integer entry id (748 ms)
[ok]: corrupt payload: fuzzer findings - empty quicklist (822 ms)
[ok]: not enough good replicas state change during long script (1495 ms)
[ok]: allow-stale shebang flag (12 ms)
[ok]: reject script do not cause a Lua stack leak (25 ms)
[ok]: corrupt payload: fuzzer findings - empty zset (836 ms)
[ok]: Consistent eval error reporting (54 ms)
[ok]: LUA redis.error_reply API (1 ms)
[ok]: LUA redis.error_reply API with empty string (1 ms)
[ok]: LUA redis.status_reply API (3 ms)
[ok]: LUA test pcall (1 ms)
[ok]: LUA test pcall with error (6 ms)
[ok]: LUA test pcall with non string/integer arg (1 ms)
[74/84 done]: unit/scripting (28 seconds)
[ok]: corrupt payload: fuzzer findings - hash with len of 0 (781 ms)
[ok]: Functions are added to new node on redis-cli cluster add-node (3328 ms)
[ok]: PSYNC2: generate load while killing replication links (5000 ms)
[ok]: PSYNC2: cluster is consistent after load (x = 47907) (1 ms)
[ok]: PSYNC2: total sum of full synchronizations is exactly 4 (6 ms)
[ok]: PSYNC2: --- CYCLE 6 --- (0 ms)
[ok]: PSYNC2: [NEW LAYOUT] Set #3 as master (1 ms)
[ok]: PSYNC2: Set #0 to replicate from #1 (1 ms)
[ok]: PSYNC2: Set #4 to replicate from #3 (1 ms)
[ok]: PSYNC2: Set #1 to replicate from #3 (1 ms)
[ok]: PSYNC2: Set #2 to replicate from #4 (0 ms)
[ok]: PSYNC2: cluster is consistent after failover (2 ms)
[ok]: client evicted due to client tracking prefixes (4945 ms)
[ok]: client evicted due to output buf (18 ms)
[ok]: client no-evict on (33 ms)
[ok]: client no-evict off (34 ms)
[ok]: corrupt payload: fuzzer findings - hash listpack first element too long entry len (512 ms)
[ok]: corrupt payload: fuzzer findings - stream double free listpack when insert dup node to rax returns 0 (514 ms)
[ok]: avoid client eviction when client is freed by output buffer limit (216 ms)
[ok]: corrupt payload: fuzzer findings - LCS OOM (486 ms)
[ok]: corrupt payload: fuzzer findings - gcc asan reports false leak on assert (489 ms)
[ok]: decrease maxmemory-clients causes client eviction (357 ms)
[ok]: corrupt payload: fuzzer findings - lpFind invalid access (573 ms)
[ok]: evict clients only until below limit (171 ms)
[ok]: corrupt payload: fuzzer findings - invalid access in ziplist tail prevlen decoding (514 ms)
[ok]: corrupt payload: fuzzer findings - zset zslInsert with a NAN score (754 ms)
[ok]: evict clients in right order (large to small) (252 ms)
[ok]: corrupt payload: fuzzer findings - streamLastValidID panic (743 ms)
[ok]: client total memory grows during client no-evict (164 ms)
[ok]: client total memory grows during maxmemory-clients disabled (170 ms)
[ok]: Test replication partial resync: no backlog (diskless: no, swapdb, reconnect: 1) (7779 ms)
[75/84 done]: unit/client-eviction (16 seconds)
[ok]: corrupt payload: fuzzer findings - valgrind fishy value warning (747 ms)
[76/84 done]: integration/corrupt-dump (50 seconds)
[ok]: PSYNC2: generate load while killing replication links (5000 ms)
[ok]: PSYNC2: cluster is consistent after load (x = 64398) (1 ms)
[ok]: PSYNC2: total sum of full synchronizations is exactly 4 (1 ms)
[ok]: PSYNC2: Bring the master back again for next test (2 ms)
[ok]: PSYNC2: Partial resync after restart using RDB aux fields (451 ms)
[ok]: Client output buffer hard limit is enforced (29346 ms)
[ok]: Slave should be able to synchronize with the master (102 ms)
[ok]: GEOSEARCH fuzzy test - bybox (12802 ms)
[ok]: GEOSEARCH box edges fuzzy test (65 ms)
[ok]: Connect multiple replicas at the same time (issue #141), master diskless=yes, replica diskless=disabled (14687 ms)
[77/84 done]: unit/geo (28 seconds)
[78/84 done]: integration/psync2 (47 seconds)
[ok]: Detect write load to master (1002 ms)
[ok]: Migrate the last slot away from a node using redis-cli (6269 ms)
[ok]: Client output buffer soft limit is enforced if time is overreached (3994 ms)
[ok]: redis-cli --cluster create with cluster-port (1772 ms)
[ok]: redis-cli --cluster add-node with cluster-port (1290 ms)
[79/84 done]: unit/cluster (26 seconds)
[ok]: Client output buffer soft limit is not enforced too early and is enforced when no traffic (6042 ms)
[ok]: No response for single command if client output buffer hard limit is enforced (146 ms)
[ok]: Test replication partial resync: ok after delay (diskless: no, swapdb, reconnect: 1) (9342 ms)
[ok]: No response for multi commands in pipeline if client output buffer limit is enforced (1046 ms)
[ok]: Execute transactions completely even if client output buffer limit is enforced (11 ms)
[ok]: Obuf limit, HRANDFIELD with huge count stopped mid-run (8 ms)
[ok]: Obuf limit, KEYS stopped mid-run (22 ms)
[80/84 done]: unit/obuf-limits (41 seconds)
[ok]: Slave should be able to synchronize with the master (104 ms)
[ok]: Detect write load to master (1003 ms)
[ok]: slave buffer are counted correctly (26387 ms)
[ok]: Connect multiple replicas at the same time (issue #141), master diskless=yes, replica diskless=swapdb (9745 ms)
[ok]: Test replication partial resync: backlog expired (diskless: no, swapdb, reconnect: 1) (9227 ms)
[ok]: Fuzzing dense/sparse encoding: Redis should always detect errors (42762 ms)
[ok]: PFADD, PFCOUNT, PFMERGE type checking works (0 ms)
[ok]: PFMERGE results on the cardinality of union of sets (1 ms)
[ok]: Slave should be able to synchronize with the master (1212 ms)
[ok]: Detect write load to master (1 ms)
[ok]: Test replication partial resync: no reconnection, just sync (diskless: yes, disabled, reconnect: 0) (490 ms)
[ok]: replica buffer don't induce eviction (11433 ms)
[ok]: PFCOUNT multiple-keys merge returns cardinality of union #1 (4882 ms)
[ok]: Slave should be able to synchronize with the master (408 ms)
[ok]: Detect write load to master (1 ms)
[ok]: Don't rehash if used memory exceeds maxmemory after rehash (134 ms)
[ok]: PFCOUNT multiple-keys merge returns cardinality of union #2 (1877 ms)
[ok]: PFDEBUG GETREG returns the HyperLogLog raw registers (414 ms)
[ok]: PFADD / PFCOUNT cache invalidation works (2 ms)
[81/84 done]: unit/hyperloglog (54 seconds)
[ok]: client tracking don't cause eviction feedback loop (1552 ms)
[ok]: propagation with eviction (92 ms)
[ok]: propagation with eviction in MULTI (21 ms)
[82/84 done]: unit/maxmemory (66 seconds)
[ok]: Test replication partial resync: ok psync (diskless: yes, disabled, reconnect: 1) (6197 ms)
[ok]: Slave should be able to synchronize with the master (304 ms)
[ok]: Detect write load to master (0 ms)
[ok]: Master stream is correctly processed while the replica has a script in -BUSY state (19877 ms)
[ok]: Diskless load swapdb (different replid): new database is exposed after swapping (0 ms)
[ok]: Diskless load swapdb (different replid): replica enter loading (436 ms)
[ok]: Diskless load swapdb (different replid): old database is exposed after replication fails (0 ms)
[ok]: Test replication partial resync: no backlog (diskless: yes, disabled, reconnect: 1) (7709 ms)
[ok]: Diskless load swapdb (async_loading): new database is exposed after swapping (1 ms)
[ok]: Slave should be able to synchronize with the master (1315 ms)
[ok]: Detect write load to master (0 ms)
[ok]: Diskless load swapdb (async_loading): replica enter async_loading (439 ms)
[ok]: Diskless load swapdb (async_loading): old database is exposed while async replication is in progress (884 ms)
[ok]: Busy script during async loading (891 ms)
[ok]: Blocked commands and configs during async-loading (440 ms)
[ok]: Diskless load swapdb (async_loading): old database is exposed after async replication fails (0 ms)
Waiting for process 12785 to exit...
[ok]: Test replication partial resync: ok after delay (diskless: yes, disabled, reconnect: 1) (9233 ms)
[ok]: Slave should be able to synchronize with the master (1312 ms)
[ok]: Detect write load to master (0 ms)
[ok]: Test replication partial resync: backlog expired (diskless: yes, disabled, reconnect: 1) (9218 ms)
[ok]: Slave should be able to synchronize with the master (1311 ms)
[ok]: Detect write load to master (0 ms)
[ok]: Test replication partial resync: no reconnection, just sync (diskless: yes, swapdb, reconnect: 0) (476 ms)
[ok]: Slave should be able to synchronize with the master (304 ms)
[ok]: Detect write load to master (0 ms)
[ok]: Test replication partial resync: ok psync (diskless: yes, swapdb, reconnect: 1) (6202 ms)
[ok]: Slave should be able to synchronize with the master (507 ms)
[ok]: Detect write load to master (0 ms)
[ok]: Test replication partial resync: no backlog (diskless: yes, swapdb, reconnect: 1) (7719 ms)
[ok]: Slave should be able to synchronize with the master (1313 ms)
[ok]: Detect write load to master (0 ms)
[ok]: Test replication partial resync: ok after delay (diskless: yes, swapdb, reconnect: 1) (9230 ms)
[ok]: Slave should be able to synchronize with the master (1312 ms)
[ok]: Detect write load to master (1 ms)
[ok]: diskless loading short read (49346 ms)
[ok]: Test replication partial resync: backlog expired (diskless: yes, swapdb, reconnect: 1) (9435 ms)
[83/84 done]: integration/replication-psync (181 seconds)
[ok]: diskless no replicas drop during rdb pipe (8689 ms)
[ok]: diskless slow replicas drop during rdb pipe (4320 ms)
[ok]: diskless fast replicas drop during rdb pipe (6799 ms)
[ok]: diskless all replicas drop during rdb pipe (2472 ms)
[ok]: diskless timeout replicas drop during rdb pipe (8330 ms)
[ok]: diskless replication child being killed is collected (3113 ms)
[ok]: replication child dies when parent is killed - diskless: yes (2328 ms)
[ok]: replication child dies when parent is killed - diskless: no (2603 ms)
[ok]: diskless replication read pipe cleanup (1968 ms)
[ok]: replicaof right after disconnection (3735 ms)
[ok]: Kill rdb child process if its dumping RDB is not useful (2968 ms)
[ok]: Don't disconnect with replicas before loading transferred RDB when full sync (1 ms)
[ok]: Discard cache master before loading transferred RDB when full sync (113 ms)
[ok]: replica can handle EINTR if use diskless load (2110 ms)
[ok]: replica do not write the reply to the replication link - SYNC (_addReplyToBufferOrList) (135 ms)
[ok]: replica do not write the reply to the replication link - SYNC (addReplyDeferredLen) (117 ms)
[ok]: replica do not write the reply to the replication link - PSYNC (_addReplyToBufferOrList) (189 ms)
[ok]: replica do not write the reply to the replication link - PSYNC (addReplyDeferredLen) (107 ms)
[ok]: PSYNC with wrong offset should throw error (49 ms)
[84/84 done]: integration/replication (230 seconds)
Testing solo test
[ignore]: Test LPUSH and LPOP on plain nodes over 4GB: large memory flag not provided
[ignore]: Test LINDEX and LINSERT on plain nodes over 4GB: large memory flag not provided
[ignore]: Test LTRIM on plain nodes over 4GB: large memory flag not provided
[ignore]: Test LREM on plain nodes over 4GB: large memory flag not provided
[ignore]: Test LSET on plain nodes over 4GB: large memory flag not provided
[ignore]: Test LMOVE on plain nodes over 4GB: large memory flag not provided
[84/84 done]: list-large-memory (1 seconds)
Testing solo test
[ignore]: SADD, SCARD, SISMEMBER - large data: large memory flag not provided
[84/84 done]: set-large-memory (1 seconds)
Testing solo test
[ignore]: BIT pos larger than UINT_MAX: large memory flag not provided
[ignore]: SETBIT values larger than UINT32_MAX and lzf_compress/lzf_decompress correctly: large memory flag not provided
[84/84 done]: bitops-large-memory (0 seconds)
Testing solo test
[ok]: Active defrag (21292 ms)
[ok]: Active defrag eval scripts (4230 ms)
[ok]: Active defrag big keys (14885 ms)
[ok]: Active defrag big list (14727 ms)
[ok]: Active defrag edge case (18646 ms)
[84/84 done]: defrag (75 seconds)
Testing solo test
[ignore]: XADD one huge field: large memory flag not provided
[ignore]: XADD one huge field - 1: large memory flag not provided
[ignore]: several XADD big fields: large memory flag not provided
[ignore]: single XADD big fields: large memory flag not provided
[ignore]: hash with many big fields: large memory flag not provided
[ignore]: hash with one huge field: large memory flag not provided
[84/84 done]: violations (5 seconds)

                   The End

Execution time of different units:
  0 seconds - unit/info-command
  0 seconds - unit/printver
  0 seconds - unit/type/incr
  1 seconds - unit/info
  2 seconds - unit/protocol
  2 seconds - unit/keyspace
  4 seconds - unit/auth
  0 seconds - unit/quit
  8 seconds - unit/type/hash
  6 seconds - unit/multi
  9 seconds - unit/type/stream-cgroups
  1 seconds - unit/acl-v2
  13 seconds - unit/other
  7 seconds - unit/acl
  16 seconds - unit/sort
  16 seconds - unit/type/string
  17 seconds - unit/scan
  8 seconds - unit/latency-monitor
  18 seconds - unit/type/list
  18 seconds - unit/expire
  32 seconds - unit/type/list-2
  17 seconds - integration/replication-2
  16 seconds - integration/shutdown
  36 seconds - unit/type/stream
  21 seconds - integration/replication-3
  28 seconds - integration/block-repl
  21 seconds - integration/replication-buffer
  1 seconds - integration/convert-ziplist-hash-on-load
  1 seconds - integration/convert-ziplist-zset-on-load
  2 seconds - integration/convert-zipmap-hash-on-load
  40 seconds - unit/dump
  37 seconds - unit/aofrw
  3 seconds - integration/logging
  26 seconds - integration/aof
  46 seconds - unit/type/zset
  15 seconds - integration/rdb
  7 seconds - integration/failover
  1 seconds - unit/pubsub
  4 seconds - integration/redis-benchmark
  51 seconds - unit/type/set
  36 seconds - integration/replication-4
  2 seconds - unit/slowlog
  6 seconds - integration/dismiss-mem
  4 seconds - unit/pubsubshard
  13 seconds - integration/psync2-master-restart
  2 seconds - unit/limits
  24 seconds - integration/aof-multi-part
  21 seconds - integration/corrupt-dump-fuzzer
  13 seconds - integration/redis-cli
  20 seconds - integration/psync2-pingoff
  7 seconds - unit/introspection-2
  9 seconds - unit/functions
  2 seconds - unit/lazyfree
  24 seconds - integration/psync2-reg
  7 seconds - unit/bitops
  7 seconds - unit/bitfield
  5 seconds - unit/memefficiency
  3 seconds - unit/pause
  1 seconds - unit/tls
  4 seconds - unit/querybuf
  67 seconds - unit/type/list-3
  2 seconds - unit/oom-score-adj
  5 seconds - unit/wait
  2 seconds - unit/tracking
  5 seconds - unit/pendingquerybuf
  1 seconds - unit/violations
  2 seconds - unit/shutdown
  1 seconds - unit/replybufsize
  4 seconds - unit/networking
  3 seconds - unit/cluster-scripting
  5 seconds - unit/cluster/misc
  4 seconds - unit/cluster/links
  23 seconds - unit/introspection
  28 seconds - unit/scripting
  16 seconds - unit/client-eviction
  50 seconds - integration/corrupt-dump
  28 seconds - unit/geo
  47 seconds - integration/psync2
  26 seconds - unit/cluster
  41 seconds - unit/obuf-limits
  54 seconds - unit/hyperloglog
  66 seconds - unit/maxmemory
  181 seconds - integration/replication-psync
  230 seconds - integration/replication
  1 seconds - list-large-memory
  1 seconds - set-large-memory
  0 seconds - bitops-large-memory
  75 seconds - defrag
  5 seconds - violations

\o/ All tests passed without errors!

Cleanup: may take some time... OK
