Cleanup: may take some time... OK
Starting test server at port 21079
[ready]: 75
Testing unit/printver
[ready]: 76
Testing unit/dump
[ready]: 77
Testing unit/auth
[ready]: 79
Testing unit/protocol
[ready]: 78
Testing unit/keyspace
[ready]: 80
Testing unit/scan
[ready]: 81
Testing unit/info
[ready]: 83
Testing unit/info-command
[ready]: 82
Testing unit/type/string
[ready]: 84
Testing unit/type/incr
[ready]: 85
Testing unit/type/list
[ready]: 86
Testing unit/type/list-2
[ready]: 87
Testing unit/type/list-3
[ready]: 88
Testing unit/type/set
[ready]: 89
Testing unit/type/zset
[ready]: 90
Testing unit/type/hash
[ok]: AUTH fails if there is no password configured server side (1 ms)
[ok]: Arity check for auth command (1 ms)
[ok]: DEL against a single item (1 ms)
[ok]: Vararg DEL (2 ms)
[ok]: Untagged multi-key commands (0 ms)
[ok]: KEYS with pattern (2 ms)
[ok]: KEYS to get all keys (1 ms)
[ok]: DBSIZE (0 ms)
[ok]: DEL all keys (1 ms)
Testing Redis version 7.0.15 (00000000)
[ok]: DUMP / RESTORE are able to serialize / unserialize a simple key (1 ms)
[ok]: RESTORE can set an arbitrary expire to the materialized key (2 ms)
[ok]: RESTORE can set an expire that overflows a 32 bit integer (0 ms)
[ok]: RESTORE can set an absolute expire (1 ms)
[ok]: RESTORE with ABSTTL in the past (0 ms)
[ok]: RESTORE can set LRU (1 ms)
[ok]: RESTORE can set LFU (0 ms)
[ok]: RESTORE returns an error of the key already exists (0 ms)
[ok]: RESTORE can overwrite an existing key with REPLACE (1 ms)
[ok]: RESTORE can detect a syntax error for unrecongized options (0 ms)
[ok]: DUMP of non existing key returns nil (1 ms)
[1/84 done]: unit/printver (0 seconds)
Testing unit/type/stream
[ok]: info command with at most one sub command (7 ms)
[ok]: info command with one sub-section (4 ms)
[ok]: info command with multiple sub-sections (5 ms)
[ok]: reg node check compression with insert and pop (13 ms)
[ok]: HSET/HLEN - Small hash creation (3 ms)
[ok]: Check encoding - listpack (0 ms)
[ok]: SET and GET an item (2 ms)
[ok]: INCR against non existing key (1 ms)
[ok]: reg node check compression combined with trim (1 ms)
[ok]: Explicit regression for a list bug (2 ms)
[ok]: INCR against key created by incr itself (1 ms)
[ok]: SET and GET an empty item (5 ms)
[ok]: Is the small hash encoded with a listpack? (0 ms)
[ok]: ZSET basic ZADD and score update - listpack (1 ms)
[ok]: reg node check compression with lset (0 ms)
[ok]: INCR against key originally set with SET (1 ms)
[ok]: ZSET element can't be set to NaN with ZADD - listpack (1 ms)
[ok]: plain node check compression (5 ms)
[ok]: INCR over 32bit value (0 ms)
[ok]: ZSET element can't be set to NaN with ZINCRBY - listpack (0 ms)
[ok]: INCRBY over 32bit value with over 32bit increment (1 ms)
[ok]: ZADD with options syntax error with incomplete pair - listpack (1 ms)
[ok]: plain node check compression with ltrim (9 ms)
[ok]: INCR fails against key with spaces (left) (0 ms)
[ok]: ZADD XX option without key - listpack (0 ms)
[ok]: INCR fails against key with spaces (right) (0 ms)
[ok]: ZADD XX existing key - listpack (1 ms)
[ok]: INCR fails against key with spaces (both) (1 ms)
[ok]: ZADD XX returns the number of elements actually added - listpack (1 ms)
[ok]: plain node check compression using lset (2 ms)
[ok]: DECRBY negation overflow (0 ms)
[ok]: SADD, SCARD, SISMEMBER, SMISMEMBER, SMEMBERS basics - regular set (15 ms)
[ok]: ZADD XX updates existing elements score - listpack (0 ms)
[ok]: INCR fails against a key holding a list (0 ms)
[ok]: ZADD GT updates existing elements when new scores are greater - listpack (1 ms)
[ok]: DECRBY over 32bit value with over 32bit increment, negative res (1 ms)
[ok]: ZADD LT updates existing elements when new scores are lower - listpack (0 ms)
[ok]: INCR uses shared objects in the 0-9999 range (1 ms)
[ok]: INCR can modify objects in-place (4 ms)
[ok]: ZADD GT XX updates existing elements when new scores are greater and skips new elements - listpack (2 ms)
[ok]: INCRBYFLOAT against non existing key (1 ms)
[ok]: ZADD LT XX updates existing elements when new scores are lower and skips new elements - listpack (1 ms)
[ok]: INCRBYFLOAT against key originally set with SET (0 ms)
[ok]: ZADD XX and NX are not compatible - listpack (0 ms)
[ok]: INCRBYFLOAT over 32bit value (0 ms)
[ok]: ZADD NX with non existing key - listpack (1 ms)
[ok]: latencystats: disable/enable (8 ms)
[ok]: Handle an empty query (48 ms)
[ok]: INCRBYFLOAT over 32bit value with over 32bit increment (1 ms)
[ok]: ZADD NX only add new elements without updating old ones - listpack (1 ms)
[ok]: INCRBYFLOAT fails against key with spaces (left) (0 ms)
[ok]: ZADD GT and NX are not compatible - listpack (0 ms)
[ok]: INCRBYFLOAT fails against key with spaces (right) (0 ms)
[ok]: ZADD LT and NX are not compatible - listpack (0 ms)
[ok]: SADD, SCARD, SISMEMBER, SMISMEMBER, SMEMBERS basics - intset (11 ms)
[ok]: SMISMEMBER against non set (1 ms)
[ok]: INCRBYFLOAT fails against key with spaces (both) (1 ms)
[ok]: ZADD LT and GT are not compatible - listpack (1 ms)
[ok]: SMISMEMBER non existing key (1 ms)
[ok]: latencystats: configure percentiles (3 ms)
[ok]: INCRBYFLOAT fails against a key holding a list (1 ms)
[ok]: ZADD INCR LT/GT replies with nill if score not updated - listpack (1 ms)
[ok]: INCRBYFLOAT does not allow NaN or Infinity (1 ms)
[ok]: latencystats: bad configure percentiles (3 ms)
[ok]: ZADD INCR LT/GT with inf - listpack (3 ms)
[ok]: INCRBYFLOAT decrement (1 ms)
[ok]: ZADD INCR works like ZINCRBY - listpack (0 ms)
[ok]: HRANDFIELD - listpack (31 ms)
[ok]: string to double with null terminator (0 ms)
[ok]: SMISMEMBER requires one or more members (5 ms)
[ok]: ZADD INCR works with a single score-elemenet pair - listpack (1 ms)
[ok]: No negative zero (1 ms)
[ok]: ZADD CH option changes return value to all changed elements - listpack (2 ms)
[ok]: SADD against non set (2 ms)
[ok]: latencystats: blocking commands (5 ms)
[ok]: ZINCRBY calls leading to NaN result in error - listpack (3 ms)
[ok]: ZADD - Variadic version base case - $encoding (0 ms)
[ok]: latencystats: subcommands (2 ms)
[ok]: SADD a non-integer against an intset (2 ms)
[ok]: ZADD - Return value is the number of actually added items - $encoding (0 ms)
[ok]: ZADD - Variadic version does not add nothing on single parsing err - $encoding (2 ms)
[ok]: ZADD - Variadic version will raise error on missing arg - $encoding (0 ms)
[ok]: ZINCRBY does not work variadic even if shares ZADD implementation - $encoding (1 ms)
[ok]: SCAN basic (62 ms)
[ok]: ZCARD basics - listpack (1 ms)
[ok]: ZREM removes key after last element is removed - listpack (3 ms)
[ok]: ZREM variadic version - listpack (1 ms)
[ok]: SADD an integer larger than 64 bits (5 ms)
[ok]: ZREM variadic version -- remove elements after key deletion - listpack (1 ms)
[ok]: ZRANGE basics - listpack (5 ms)
[ok]: ZREVRANGE basics - listpack (4 ms)
[ok]: ZRANK/ZREVRANK basics - listpack (4 ms)
[ok]: ZRANK - after deletion - listpack (0 ms)
[ok]: ZINCRBY - can create a new sorted set - listpack (1 ms)
[ok]: ZINCRBY - increment and decrement - listpack (0 ms)
[ok]: ZINCRBY return value - listpack (1 ms)
[ok]: ZRANGEBYSCORE/ZREVRANGEBYSCORE/ZCOUNT basics - listpack (4 ms)
[ok]: ZRANGEBYSCORE with WITHSCORES - listpack (1 ms)
[ok]: HRANDFIELD - hashtable (18 ms)
[ok]: ZRANGEBYSCORE with LIMIT - listpack (2 ms)
[ok]: HRANDFIELD with RESP3 (1 ms)
[ok]: ZRANGEBYSCORE with LIMIT and WITHSCORES - listpack (1 ms)
[ok]: HRANDFIELD count of 0 is handled correctly (0 ms)
[ok]: ZRANGEBYSCORE with non-value min or max - listpack (1 ms)
[ok]: HRANDFIELD count overflow (0 ms)
[ok]: ZRANGEBYLEX/ZREVRANGEBYLEX/ZLEXCOUNT basics - listpack (2 ms)
[ok]: HRANDFIELD with <count> against non existing key (0 ms)
[ok]: ZLEXCOUNT advanced - listpack (1 ms)
[ok]: HRANDFIELD count of 0 is handled correctly - emptyarray (0 ms)
[ok]: ZRANGEBYSLEX with LIMIT - listpack (2 ms)
[ok]: HRANDFIELD with <count> against non existing key - emptyarray (0 ms)
[ok]: ZRANGEBYLEX with invalid lex range specifiers - listpack (1 ms)
[ok]: ZREMRANGEBYSCORE basics - listpack (10 ms)
[ok]: ZREMRANGEBYSCORE with non-value min or max - listpack (0 ms)
[ok]: Negative multibulk length (48 ms)
[ok]: Out of range multibulk length (1 ms)
[ok]: ZREMRANGEBYRANK basics - listpack (6 ms)
[ok]: Wrong multibulk payload header (0 ms)
[ok]: ZUNIONSTORE against non-existing key doesn't set destination - listpack (0 ms)
[ok]: Negative multibulk payload length (1 ms)
[ok]: ZUNION/ZINTER/ZINTERCARD/ZDIFF against non-existing key - listpack (0 ms)
[ok]: ZUNIONSTORE with empty set - listpack (1 ms)
[ok]: ZUNION/ZINTER/ZINTERCARD/ZDIFF with empty set - listpack (1 ms)
[ok]: ZUNIONSTORE basics - listpack (2 ms)
[ok]: Out of range multibulk payload length (5 ms)
[ok]: Non-number multibulk payload length (1 ms)
[ok]: ZUNION/ZINTER/ZINTERCARD/ZDIFF with integer members - listpack (2 ms)
[ok]: ZUNIONSTORE with weights - listpack (0 ms)
[ok]: ZUNION with weights - listpack (0 ms)
[ok]: ZUNIONSTORE with a regular set and weights - listpack (1 ms)
[ok]: Multi bulk request not followed by bulk arguments (2 ms)
[ok]: ZUNIONSTORE with AGGREGATE MIN - listpack (0 ms)
[2/84 done]: unit/info-command (1 seconds)
Testing unit/type/stream-cgroups
[ok]: ZUNION/ZINTER with AGGREGATE MIN - listpack (1 ms)
[ok]: ZUNIONSTORE with AGGREGATE MAX - listpack (0 ms)
[ok]: Generic wrong number of args (4 ms)
[ok]: ZUNION/ZINTER with AGGREGATE MAX - listpack (0 ms)
[ok]: ZINTERSTORE basics - listpack (1 ms)
[ok]: ZINTER basics - listpack (0 ms)
[ok]: ZINTERCARD with illegal arguments (1 ms)
[ok]: Unbalanced number of quotes (4 ms)
[3/84 done]: unit/type/incr (1 seconds)
Testing unit/sort
[ok]: latencystats: measure latency (55 ms)
[ok]: ZINTERCARD basics - listpack (0 ms)
[ok]: ZINTER RESP3 - listpack (0 ms)
[ok]: ZINTERSTORE with weights - listpack (0 ms)
[ok]: errorstats: failed call authentication error (5 ms)
[ok]: ZINTER with weights - listpack (0 ms)
[ok]: ZINTERSTORE with a regular set and weights - listpack (2 ms)
[ok]: ZINTERSTORE with AGGREGATE MIN - listpack (0 ms)
[ok]: ZINTERSTORE with AGGREGATE MAX - listpack (0 ms)
[ok]: ZUNIONSTORE with +inf/-inf scores - listpack (2 ms)
[ok]: errorstats: failed call within MULTI/EXEC (10 ms)
[ok]: SCAN COUNT (67 ms)
[ok]: ZUNIONSTORE with NaN weights - listpack (1 ms)
[ok]: ZINTERSTORE with +inf/-inf scores - listpack (5 ms)
[ok]: AUTH fails when a wrong password is given (3 ms)
[ok]: errorstats: failed call within LUA (6 ms)
[ok]: ZINTERSTORE with NaN weights - listpack (2 ms)
[ok]: Arbitrary command gives an error when AUTH is required (2 ms)
[ok]: ZDIFFSTORE basics - listpack (0 ms)
[ok]: AUTH succeeds when the right password is given (0 ms)
[ok]: Once AUTH succeeded we can actually send commands to the server (1 ms)
[ok]: ZDIFF basics - listpack (0 ms)
[ok]: For unauthenticated clients multibulk and bulk length are limited (4 ms)
[ok]: ZDIFFSTORE with a regular set - listpack (6 ms)
[ok]: errorstats: failed call NOSCRIPT error (6 ms)
[ok]: Very big payload in GET/SET (112 ms)
[ok]: ZDIFF subtracting set from itself - listpack (2 ms)
[ok]: errorstats: failed call NOGROUP error (2 ms)
[ok]: ZDIFF algorithm 1 - listpack (2 ms)
[ok]: ZDIFF algorithm 2 - listpack (4 ms)
[ok]: XADD wrong number of args (2 ms)
[ok]: XADD can add entries into a stream that XRANGE can fetch (0 ms)
[ok]: XADD IDs are incremental (1 ms)
[ok]: errorstats: rejected call unknown command (5 ms)
[ok]: MIGRATE is caching connections (166 ms)
[ok]: XADD IDs are incremental when ms is the same as well (2 ms)
[ok]: XADD IDs correctly report an error when overflowing (0 ms)
[ok]: XADD auto-generated sequence is incremented for last ID (0 ms)
[ok]: XADD auto-generated sequence is zero for future timestamp ID (1 ms)
[ok]: XADD auto-generated sequence can't be smaller than last ID (1 ms)
[ok]: XADD auto-generated sequence can't overflow (0 ms)
[ok]: errorstats: rejected call within MULTI/EXEC (5 ms)
[ok]: XADD 0-* should succeed (1 ms)
[ok]: Regression for quicklist #3343 bug (131 ms)
[ok]: errorstats: rejected call due to wrong arity (2 ms)
[ok]: errorstats: rejected call by OOM error (3 ms)
[ok]: errorstats: rejected call by authorization error (2 ms)
[ok]: errorstats: blocking commands (4 ms)
[ok]: SCAN MATCH (38 ms)
[ok]: SADD overflows the maximum allowed integers in an intset (139 ms)
[ok]: Variadic SADD (1 ms)
[ok]: Protocol desync regression test #1 (104 ms)
[ok]: SCAN TYPE (56 ms)
[ok]: SSCAN with encoding intset (2 ms)
[ok]: SSCAN with encoding hashtable (4 ms)
[ok]: HSCAN with encoding listpack (2 ms)
[ok]: Check compression with recompress (88 ms)
[ok]: XGROUP CREATE: creation and duplicate group name detection (1 ms)
[ok]: XGROUP CREATE: automatic stream creation fails without MKSTREAM (3 ms)
[ok]: XGROUP CREATE: automatic stream creation works with MKSTREAM (0 ms)
[ok]: XREADGROUP will return only new elements (0 ms)
[ok]: XREADGROUP can read the history of the elements we own (1 ms)
[ok]: XPENDING is able to return pending items (1 ms)
[ok]: XPENDING can return single consumer items (1 ms)
[ok]: XPENDING only group (0 ms)
[ok]: XADD with MAXLEN option (109 ms)
[ok]: Test LPUSH and LPOP on plain nodes (6 ms)
[ok]: Old Ziplist: SORT BY key (1 ms)
[ok]: Old Ziplist: SORT BY key with limit (0 ms)
[ok]: Old Ziplist: SORT BY hash field (1 ms)
[ok]: Test LINDEX and LINSERT on plain nodes (2 ms)
[ok]: Test LTRIM on plain nodes (1 ms)
[ok]: Test LREM on plain nodes (3 ms)
[ok]: Test LPOS on plain nodes (2 ms)
[ok]: XPENDING with IDLE (22 ms)
[ok]: XPENDING with exclusive range intervals works as expected (1 ms)
[ok]: Test LMOVE on plain nodes (6 ms)
[ok]: XACK is able to remove items from the consumer/group PEL (2 ms)
[ok]: XACK can't remove the same item multiple times (0 ms)
[ok]: XACK is able to accept multiple arguments (0 ms)
[4/84 done]: unit/info (1 seconds)
Testing unit/expire
[ok]: XACK should fail if got at least one invalid ID (4 ms)
[ok]: PEL NACK reassignment after XGROUP SETID event (6 ms)
[ok]: XREADGROUP will not report data on empty history. Bug #5577 (5 ms)
[ok]: XREADGROUP history reporting of deleted entries. Bug #5570 (5 ms)
[ok]: HRANDFIELD with <count> - hashtable (234 ms)
[ok]: Protocol desync regression test #2 (94 ms)
[ok]: HSCAN with encoding hashtable (85 ms)
[ok]: ZSCAN with encoding listpack (1 ms)
[ok]: Blocking XREADGROUP will not reply with an empty array (29 ms)
[ok]: Blocking XREADGROUP: key deleted (1 ms)
[ok]: Blocking XREADGROUP: key type changed with SET (2 ms)
[ok]: Blocking XREADGROUP: key type changed with transaction (2 ms)
[ok]: Blocking XREADGROUP: flushed DB (2 ms)
[ok]: Blocking XREADGROUP: swapped DB, key doesn't exist (2 ms)
[ok]: Protocol desync regression test #3 (39 ms)
[ok]: raw protocol response (0 ms)
[ok]: Blocking XREADGROUP: swapped DB, key is not a stream (2 ms)
[ok]: raw protocol response - deferred (0 ms)
[ok]: raw protocol response - multiline (2 ms)
[ok]: RESP3 attributes (1 ms)
[ok]: Blocking XREAD: key deleted (4 ms)
[ok]: RESP3 attributes readraw (1 ms)
[ok]: RESP3 attributes on RESP2 (1 ms)
[ok]: Blocking XREAD: key type changed with SET (1 ms)
[ok]: test big number parsing (0 ms)
[ok]: test bool parsing (2 ms)
[ok]: test verbatim str parsing (0 ms)
[ok]: test large number of args (19 ms)
[ok]: AUTH fails when binary password is wrong (1 ms)
[ok]: AUTH succeeds when binary password is correct (2 ms)
[ok]: test argument rewriting - issue 9598 (2 ms)
[ok]: ZSCAN with encoding skiplist (92 ms)
[ok]: Test LSET with packed / plain combinations (146 ms)
[ok]: Test LSET with packed is split in the middle (3 ms)
[ok]: EXPIRE - set timeouts multiple times (1 ms)
[ok]: XADD with MAXLEN option and the '=' argument (170 ms)
[ok]: EXPIRE - It should be still possible to read 'x' (0 ms)
[ok]: Blocking XREADGROUP for stream that ran dry (issue #5299) (85 ms)
[ok]: Regression for a crash with blocking ops and pipelining (3 ms)
[ok]: Blocking XREADGROUP will ignore BLOCK if ID is not > (7 ms)
[ok]: HRANDFIELD with <count> - listpack (139 ms)
[ok]: XGROUP DESTROY should unblock XREADGROUP with -NOGROUP (6 ms)
[ok]: RENAME can unblock XREADGROUP with data (4 ms)
[ok]: RENAME can unblock XREADGROUP with -NOGROUP (1 ms)
[ok]: Crash due to wrongly recompress after lrem (219 ms)
[ok]: SCAN guarantees check under write load (56 ms)
[ok]: SSCAN with integer encoded object (issue #1345) (1 ms)
[ok]: SSCAN with PATTERN (1 ms)
[ok]: HSCAN with PATTERN (1 ms)
[ok]: ZSCAN with PATTERN (1 ms)
[ok]: LINSERT correctly recompress full quicklistNode after inserting a element before it (46 ms)
[5/84 done]: unit/protocol (1 seconds)
Testing unit/other
[ok]: HSET/HLEN - Big hash creation (106 ms)
[ok]: Is the big hash encoded with an hash table? (0 ms)
[ok]: HGET against the small hash (3 ms)
[ok]: LINSERT correctly recompress full quicklistNode after inserting a element after it (48 ms)
[ok]: XADD with MAXLEN option and the '~' argument (137 ms)
[ok]: XADD with NOMKSTREAM option (0 ms)
[ok]: Set encoding after DEBUG RELOAD (389 ms)
[ok]: SREM basics - regular set (2 ms)
[ok]: ZSCAN scores: regression test for issue #2175 (127 ms)
[ok]: SREM basics - intset (2 ms)
[ok]: SREM with multiple arguments (2 ms)
[ok]: SREM variadic version with more args needed to destroy the key (2 ms)
[ok]: SINTERCARD with illegal arguments (4 ms)
[ok]: SINTERCARD against non-set should throw error (2 ms)
[ok]: SINTERCARD against non-existing key (1 ms)
[ok]: Test LSET with packed consist only one item (193 ms)
[ok]: Crash due to delete entry from a compress quicklist node (3 ms)
[ok]: Crash due to split quicklist node wrongly (2 ms)
[ok]: HGET against the big hash (107 ms)
[ok]: HGET against non existing key (1 ms)
[ok]: HSET in update and insert mode (2 ms)
[ok]: HSETNX target key missing - small hash (0 ms)
[ok]: HSETNX target key exists - small hash (1 ms)
[ok]: HSETNX target key missing - big hash (0 ms)
[ok]: HSETNX target key exists - big hash (0 ms)
[ok]: XADD with MINID option (107 ms)
[ok]: HSET/HMSET wrong number of args (2 ms)
[ok]: XTRIM with MINID option (1 ms)
[ok]: HMSET - small hash (0 ms)
[ok]: XTRIM with MINID option, big delta from master record (1 ms)
[ok]: SAVE - make sure there are all the types as values (6 ms)
[ok]: HMSET - big hash (50 ms)
[ok]: HMGET against non existing key and fields (1 ms)
[ok]: HMGET against wrong type (0 ms)
[ok]: HMGET - small hash (1 ms)
[ok]: HMGET - big hash (48 ms)
[ok]: Generated sets must be encoded as hashtable (1 ms)
[ok]: SINTER with two sets - hashtable (0 ms)
[ok]: SINTERCARD with two sets - hashtable (2 ms)
[ok]: HKEYS - small hash (6 ms)
[ok]: SINTERSTORE with two sets - hashtable (0 ms)
[ok]: SINTERSTORE with two sets, after a DEBUG RELOAD - hashtable (2 ms)
[ok]: HKEYS - big hash (4 ms)
[ok]: SUNION with two sets - hashtable (5 ms)
[ok]: HVALS - small hash (0 ms)
[ok]: HVALS - big hash (0 ms)
[ok]: SUNIONSTORE with two sets - hashtable (5 ms)
[ok]: SINTER against three sets - hashtable (1 ms)
[ok]: SINTERCARD against three sets - hashtable (1 ms)
[ok]: SINTERSTORE with three sets - hashtable (0 ms)
[ok]: HGETALL - small hash (7 ms)
[ok]: SUNION with non existing keys - hashtable (7 ms)
[ok]: SDIFF with two sets - hashtable (0 ms)
[ok]: SDIFF with three sets - hashtable (0 ms)
[ok]: SDIFFSTORE with three sets - hashtable (1 ms)
[ok]: SINTER/SUNION/SDIFF with three same sets - hashtable (5 ms)
[ok]: LPOS basic usage (3 ms)
[ok]: LPOS RANK (positive, negative and zero rank) option (1 ms)
[ok]: LPOS COUNT option (1 ms)
[ok]: LPOS COUNT + RANK option (1 ms)
[ok]: LPOS non existing key (0 ms)
[ok]: LPOS no match (1 ms)
[ok]: LPOS MAXLEN (1 ms)
[ok]: LPOS when RANK is greater than matches (2 ms)
[ok]: HGETALL - big hash (25 ms)
[ok]: HDEL and return value (5 ms)
[ok]: HDEL - more than a single value (0 ms)
[ok]: HDEL - hash becomes empty before deleting all specified fields (1 ms)
[ok]: LPUSH, RPUSH, LLENGTH, LINDEX, LPOP - ziplist (8 ms)
[ok]: HEXISTS (1 ms)
[ok]: Is a ziplist encoded Hash promoted on big payload? (1 ms)
[ok]: HINCRBY against non existing database key (1 ms)
[ok]: HINCRBY against non existing hash key (2 ms)
[ok]: HINCRBY against hash key created by hincrby itself (1 ms)
[ok]: HINCRBY against hash key originally set with HSET (2 ms)
[ok]: LPUSH, RPUSH, LLENGTH, LINDEX, LPOP - regular list (7 ms)
[ok]: HINCRBY over 32bit value (1 ms)
[ok]: LPOP/RPOP with wrong number of arguments (1 ms)
[ok]: HINCRBY over 32bit value with over 32bit increment (1 ms)
[ok]: RPOP/LPOP with the optional count argument (2 ms)
[ok]: HINCRBY fails against hash value with spaces (left) (1 ms)
[ok]: LPOP/RPOP with the count 0 returns an empty array in RESP3 (1 ms)
[ok]: HINCRBY fails against hash value with spaces (right) (2 ms)
[ok]: LPOP/RPOP against non existing key in RESP3 (1 ms)
[ok]: HINCRBY can detect overflows (1 ms)
[ok]: HINCRBYFLOAT against non existing database key (1 ms)
[ok]: LPOP/RPOP with <count> against non existing key in RESP3 (2 ms)
[ok]: HINCRBYFLOAT against non existing hash key (2 ms)
[ok]: LPOP/RPOP with the count 0 returns an empty array in RESP2 (1 ms)
[ok]: LPOP/RPOP against non existing key in RESP2 (1 ms)
[ok]: HINCRBYFLOAT against hash key created by hincrby itself (1 ms)
[ok]: HINCRBYFLOAT against hash key originally set with HSET (1 ms)
[ok]: LPOP/RPOP with <count> against non existing key in RESP2 (2 ms)
[ok]: HINCRBYFLOAT over 32bit value (1 ms)
[ok]: Variadic RPUSH/LPUSH (2 ms)
[ok]: HINCRBYFLOAT over 32bit value with over 32bit increment (2 ms)
[ok]: HINCRBYFLOAT fails against hash value with spaces (left) (1 ms)
[ok]: DEL a list (1 ms)
[ok]: HINCRBYFLOAT fails against hash value with spaces (right) (1 ms)
[ok]: HINCRBYFLOAT fails against hash value that contains a null-terminator in the middle (1 ms)
[ok]: HSTRLEN against the small hash (3 ms)
[ok]: BLPOP: single existing list - linkedlist (7 ms)
[ok]: BLPOP: multiple existing lists - linkedlist (8 ms)
[ok]: BLPOP: second list has an entry - linkedlist (5 ms)
[ok]: BLMPOP_LEFT: single existing list - linkedlist (6 ms)
[ok]: BLMPOP_LEFT: multiple existing lists - linkedlist (6 ms)
[ok]: BLMPOP_LEFT: second list has an entry - linkedlist (5 ms)
[ok]: BRPOPLPUSH - linkedlist (5 ms)
[ok]: Generated sets must be encoded as intset (1 ms)
[ok]: SINTER with two sets - intset (1 ms)
[ok]: SINTERCARD with two sets - intset (1 ms)
[ok]: SINTERSTORE with two sets - intset (1 ms)
[ok]: BLMOVE left left - linkedlist (5 ms)
[ok]: SINTERSTORE with two sets, after a DEBUG RELOAD - intset (2 ms)
[ok]: BLMOVE left right - linkedlist (6 ms)
[ok]: SUNION with two sets - intset (6 ms)
[ok]: BLMOVE right left - linkedlist (5 ms)
[ok]: SUNIONSTORE with two sets - intset (6 ms)
[ok]: SINTER against three sets - intset (1 ms)
[ok]: SINTERCARD against three sets - intset (1 ms)
[ok]: SINTERSTORE with three sets - intset (0 ms)
[ok]: BLMOVE right right - linkedlist (6 ms)
[ok]: SUNION with non existing keys - intset (5 ms)
[ok]: SDIFF with two sets - intset (1 ms)
[ok]: SDIFF with three sets - intset (0 ms)
[ok]: SDIFFSTORE with three sets - intset (0 ms)
[ok]: BLPOP: single existing list - ziplist (7 ms)
[ok]: SINTER/SUNION/SDIFF with three same sets - intset (5 ms)
[ok]: SDIFF with first set empty (1 ms)
[ok]: SDIFF with same set two times (1 ms)
[ok]: BLPOP: multiple existing lists - ziplist (7 ms)
[ok]: BLPOP: second list has an entry - ziplist (4 ms)
[ok]: BLMPOP_LEFT: single existing list - ziplist (13 ms)
[ok]: Old Linked list: SORT BY key (12 ms)
[ok]: Old Linked list: SORT BY key with limit (6 ms)
[ok]: BLMPOP_LEFT: multiple existing lists - ziplist (9 ms)
[ok]: Old Linked list: SORT BY hash field (6 ms)
[ok]: BLMPOP_LEFT: second list has an entry - ziplist (4 ms)
[ok]: BRPOPLPUSH - ziplist (6 ms)
[ok]: BLMOVE left left - ziplist (6 ms)
[ok]: BLMOVE left right - ziplist (6 ms)
[ok]: BLMOVE right left - ziplist (6 ms)
[ok]: BLMOVE right right - ziplist (6 ms)
[ok]: DEL against expired key (1102 ms)
[ok]: EXISTS (2 ms)
[ok]: Zero length value in key. SET/GET/EXISTS (2 ms)
[ok]: Commands pipelining (0 ms)
[ok]: Non existing command (0 ms)
[ok]: RENAME basic usage (2 ms)
[ok]: RENAME source key should no longer exist (0 ms)
[ok]: RENAME against already existing key (2 ms)
[ok]: RENAMENX basic usage (2 ms)
[ok]: RENAMENX against already existing key (1 ms)
[ok]: RENAMENX against already existing key (2) (0 ms)
[ok]: RENAME against non existing source key (1 ms)
[ok]: RENAME where source and dest key are the same (existing) (1 ms)
[ok]: RENAMENX where source and dest key are the same (existing) (1 ms)
[ok]: RENAME where source and dest key are the same (non existing) (1 ms)
[ok]: RENAME with volatile key, should move the TTL as well (3 ms)
[ok]: RENAME with volatile key, should not inherit TTL of target key (3 ms)
[ok]: DEL all keys again (DB 0) (2 ms)
[ok]: DEL all keys again (DB 1) (1 ms)
[ok]: COPY basic usage for string (3 ms)
[ok]: COPY for string does not replace an existing key without REPLACE option (1 ms)
[ok]: COPY for string can replace an existing key with REPLACE option (1 ms)
[ok]: COPY for string ensures that copied data is independent of copying data (5 ms)
[ok]: COPY for string does not copy data to no-integer DB (1 ms)
[ok]: COPY can copy key expire metadata as well (2 ms)
[ok]: COPY does not create an expire if it does not exist (2 ms)
[ok]: COPY basic usage for list (3 ms)
[ok]: COPY basic usage for intset set (3 ms)
[ok]: COPY basic usage for hashtable set (4 ms)
[ok]: XCLAIM can claim PEL items from another consumer (604 ms)
[ok]: COPY basic usage for listpack sorted set (4 ms)
[ok]: BLPOP, LPUSH + DEL should not awake blocked client (107 ms)
[ok]: COPY basic usage for skiplist sorted set (45 ms)
[ok]: COPY basic usage for listpack hash (4 ms)
[ok]: COPY basic usage for hashtable hash (34 ms)
[ok]: HSTRLEN against the big hash (326 ms)
[ok]: HSTRLEN against non existing field (1 ms)
[ok]: HSTRLEN corner cases (7 ms)
[ok]: HINCRBYFLOAT over hash-max-listpack-value encoded with a listpack (4 ms)
[ok]: Hash ziplist regression test for large keys (2 ms)
[ok]: BLPOP, LPUSH + DEL + SET should not awake blocked client (105 ms)
[ok]: Hash fuzzing #1 - 10 fields (57 ms)
[ok]: BLMPOP_LEFT, LPUSH + DEL should not awake blocked client (104 ms)
[ok]: Hash fuzzing #2 - 10 fields (71 ms)
[ok]: COPY basic usage for stream (213 ms)
[ok]: COPY basic usage for stream-cgroups (17 ms)
[ok]: MOVE basic usage (4 ms)
[ok]: MOVE against key existing in the target DB (0 ms)
[ok]: MOVE against non-integer DB (#1428) (1 ms)
[ok]: MOVE can move key expire metadata as well (3 ms)
[ok]: MOVE does not create an expire if it does not exist (2 ms)
[ok]: SET/GET keys in different DBs (2 ms)
[ok]: RANDOMKEY (20 ms)
[ok]: RANDOMKEY against empty DB (0 ms)
[ok]: RANDOMKEY regression 1 (1 ms)
[ok]: BLMPOP_LEFT, LPUSH + DEL + SET should not awake blocked client (109 ms)
[ok]: KEYS * two times with long key, Github issue #1208 (1 ms)
[ok]: Regression for pattern matching long nested loops (2 ms)
[ok]: BLPOP with same key multiple times should work (issue #801) (4 ms)
[ok]: MASTERAUTH test with binary password (920 ms)
[ok]: XCLAIM without JUSTID increments delivery count (407 ms)
[6/84 done]: unit/keyspace (2 seconds)
Testing unit/multi
[ok]: MULTI/EXEC is isolated from the point of view of BLPOP (111 ms)
[ok]: BLPOP with variadic LPUSH (9 ms)
[7/84 done]: unit/auth (2 seconds)
Testing unit/quit
[ok]: MULTI/EXEC is isolated from the point of view of BLMPOP_LEFT (104 ms)
[ok]: BLMPOP_LEFT with variadic LPUSH (3 ms)
[ok]: FUZZ stresser with data model binary (952 ms)
[ok]: BRPOPLPUSH with zero timeout should block indefinitely (3 ms)
[ok]: BLMOVE left left with zero timeout should block indefinitely (4 ms)
[ok]: BLMOVE left right with zero timeout should block indefinitely (3 ms)
[ok]: BLMOVE right left with zero timeout should block indefinitely (3 ms)
[ok]: BLMOVE right right with zero timeout should block indefinitely (3 ms)
[ok]: MULTI / EXEC basics (6 ms)
[ok]: BLMOVE (left, left) with a client BLPOPing the target list (6 ms)
[ok]: XCLAIM same consumer (203 ms)
[ok]: DISCARD (5 ms)
[ok]: Nested MULTI are not allowed (2 ms)
[ok]: BLMOVE (left, right) with a client BLPOPing the target list (4 ms)
[ok]: MULTI where commands alter argc/argv (2 ms)
[ok]: WATCH inside MULTI is not allowed (1 ms)
[ok]: BLMOVE (right, left) with a client BLPOPing the target list (5 ms)
[ok]: EXEC fails if there are errors while queueing commands #1 (3 ms)
[ok]: BLMOVE (right, right) with a client BLPOPing the target list (3 ms)
[ok]: BRPOPLPUSH with wrong source type (2 ms)
[ok]: EXEC fails if there are errors while queueing commands #2 (5 ms)
[ok]: If EXEC aborts, the client MULTI state is cleared (2 ms)
[ok]: BRPOPLPUSH with wrong destination type (6 ms)
[ok]: EXEC works on WATCHed key not modified (3 ms)
[ok]: BRPOPLPUSH maintains order of elements after failure (3 ms)
[ok]: EXEC fail on WATCHed key modified (1 key of 1 watched) (4 ms)
[ok]: EXEC fail on WATCHed key modified (1 key of 5 watched) (2 ms)
[ok]: BRPOPLPUSH with multiple blocked clients (4 ms)
[ok]: EXEC fail on WATCHed key modified by SORT with STORE even if the result is empty (3 ms)
[ok]: BLMPOP with multiple blocked clients (8 ms)
[ok]: Linked LMOVEs (5 ms)
[ok]: Circular BRPOPLPUSH (5 ms)
[ok]: Self-referential BRPOPLPUSH (3 ms)
[ok]: BRPOPLPUSH inside a transaction (3 ms)
[ok]: QUIT returns OK (3 ms)
[ok]: Pipelined commands after QUIT must not be executed (3 ms)
[ok]: PUSH resulting from BRPOPLPUSH affect WATCH (6 ms)
[ok]: Pipelined commands after QUIT that exceed read buffer size (4 ms)
[ok]: BRPOPLPUSH does not affect WATCH while still blocked (4 ms)
[ok]: EXEC fail on lazy expired WATCHed key (104 ms)
[ok]: WATCH stale keys should not fail EXEC (4 ms)
[ok]: Delete WATCHed stale keys should not fail EXEC (4 ms)
[ok]: FLUSHDB while watching stale keys should not fail EXEC (6 ms)
[8/84 done]: unit/quit (0 seconds)
Testing unit/aofrw
[ok]: After successful EXEC key is no longer watched (4 ms)
[ok]: After failed EXEC key is no longer watched (2 ms)
[ok]: It is possible to UNWATCH (3 ms)
[ok]: UNWATCH when there is nothing watched works as expected (2 ms)
[ok]: FLUSHALL is able to touch the watched keys (1 ms)
[ok]: FLUSHALL does not touch non affected keys (1 ms)
[ok]: FLUSHDB is able to touch the watched keys (1 ms)
[ok]: FLUSHDB does not touch non affected keys (0 ms)
[ok]: SWAPDB is able to touch the watched keys that exist (2 ms)
[ok]: SWAPDB is able to touch the watched keys that do not exist (2 ms)
[ok]: SWAPDB does not touch watched stale keys (5 ms)
[ok]: SWAPDB does not touch non-existing key replaced with stale key (6 ms)
[ok]: SWAPDB does not touch stale key replaced with another stale key (6 ms)
[ok]: WATCH is able to remember the DB a key belongs to (3 ms)
[ok]: WATCH will consider touched keys target of EXPIRE (2 ms)
[ok]: XAUTOCLAIM can claim PEL items from another consumer (611 ms)
[ok]: XAUTOCLAIM as an iterator (209 ms)
[ok]: XAUTOCLAIM COUNT must be > 0 (0 ms)
[ok]: XCLAIM with XDEL (2 ms)
[ok]: XCLAIM with trimming (3 ms)
[ok]: XAUTOCLAIM with XDEL (10 ms)
[ok]: XAUTOCLAIM with XDEL and count (5 ms)
[ok]: XAUTOCLAIM with out of range count (1 ms)
[ok]: XCLAIM with trimming (2 ms)
[ok]: FUZZ stresser with data model alpha (873 ms)
[ok]: XINFO FULL output (8 ms)
[ok]: EXPIRE - After 2.1 seconds the key should no longer be here (2102 ms)
[ok]: EXPIRE - write on expire should work (1 ms)
[ok]: XGROUP CREATECONSUMER: create consumer if does not exist (6 ms)
[ok]: XGROUP CREATECONSUMER: group must exist (2 ms)
[ok]: EXPIREAT - Check for EXPIRE alike behavior (8 ms)
[ok]: SETEX - Set + Expire combo operation. Check for TTL (8 ms)
[ok]: SETEX - Check value (0 ms)
[ok]: SETEX - Overwrite old key (1 ms)
[ok]: BRPOPLPUSH timeout (1102 ms)
[ok]: SWAPDB awakes blocked client (2 ms)
[ok]: XREADGROUP with NOACK creates consumer (20 ms)
[ok]: WATCH will consider touched expired keys (1026 ms)
[ok]: DISCARD should clear the WATCH dirty flag on the client (1 ms)
[ok]: DISCARD should UNWATCH all the keys (2 ms)
[ok]: Consumer without PEL is present in AOF after AOFRW (56 ms)
[ok]: MULTI / EXEC is not propagated (single write command) (86 ms)
[ok]: SWAPDB wants to wake blocked client, but the key already expired (205 ms)
[ok]: Consumer group read counter and lag in empty streams (5 ms)
[ok]: MULTI / EXEC is propagated correctly (multiple commands) (100 ms)
[ok]: Consumer group read counter and lag sanity (9 ms)
[ok]: Very big payload random access (2957 ms)
[ok]: Consumer group lag with XDELs (22 ms)
[ok]: Loading from legacy (Redis <= v6.2.x, rdb_ver < 10) persistence (1 ms)
[ok]: MULTI / EXEC is propagated correctly (multiple commands with SELECT) (101 ms)
[ok]: MULTI / EXEC is propagated correctly (empty transaction) (105 ms)
[ok]: MULTI + LPUSH + EXPIRE + DEBUG SLEEP on blocked client, key already expired (317 ms)
[ok]: BLPOP when new key is moved into place (22 ms)
[ok]: MULTI / EXEC is propagated correctly (read-only commands) (101 ms)
[ok]: BLPOP when result key is created by SORT..STORE (14 ms)
[ok]: BLMPOP_LEFT when new key is moved into place (7 ms)
[ok]: BLMPOP_LEFT when result key is created by SORT..STORE (7 ms)
[ok]: BLPOP: with single empty list argument (13 ms)
[ok]: BLPOP: with negative timeout (2 ms)
[ok]: BLPOP: with non-integer timeout (4 ms)
[ok]: MULTI / EXEC is propagated correctly (write command, no effect) (102 ms)
[ok]: MULTI / EXEC with REPLICAOF (110 ms)
[ok]: DISCARD should not fail during OOM (9 ms)
[ok]: SETEX - Wait for the key to expire (1101 ms)
[ok]: SETEX - Wrong time parameter (0 ms)
[ok]: PERSIST can undo an EXPIRE (1 ms)
[ok]: PERSIST returns 0 against non existing or non volatile keys (0 ms)
[ok]: MULTI and script timeout (424 ms)
[ok]: FUZZ stresser with data model compr (1703 ms)
[ok]: Consumer group last ID propagation to slave (NOACK=0) (939 ms)
[ok]: XADD mass insertion and XLEN (3699 ms)
[ok]: XADD with ID 0-0 (1 ms)
[ok]: XADD with LIMIT delete entries no more than limit (1 ms)
[ok]: XRANGE COUNT works as expected (1 ms)
[ok]: XREVRANGE COUNT works as expected (2 ms)
[ok]: FLUSHALL should not reset the dirty counter if we disable save (3 ms)
[ok]: FLUSHALL should reset the dirty counter to 0 if we enable save (5 ms)
[ok]: BLPOP: with zero timeout should block indefinitely (1005 ms)
[ok]: EXEC and script timeout (423 ms)
[ok]: BLPOP: with 0.001 timeout should not block indefinitely (22 ms)
[ok]: BLPOP: second argument is not a list (4 ms)
[ok]: BGSAVE (114 ms)
[ok]: SELECT an out of range DB (1 ms)
[ok]: XRANGE can be used to iterate the whole stream (423 ms)
[ok]: MULTI-EXEC body and script timeout (418 ms)
[ok]: Consumer group last ID propagation to slave (NOACK=1) (1042 ms)
[ok]: just EXEC and script timeout (421 ms)
[ok]: exec with write commands and state change (10 ms)
[ok]: exec with read commands and stale replica state change (14 ms)
[ok]: EXEC with only read commands should not be rejected when OOM (7 ms)
[ok]: EXEC with at least one use-memory command should fail (6 ms)
[ok]: Blocking commands ignores the timeout (5 ms)
[ok]: MULTI propagation of PUBLISH (65 ms)
[ok]: MULTI propagation of SCRIPT LOAD (96 ms)
[ok]: BLPOP: timeout (1095 ms)
[ok]: BLPOP: arguments are empty (18 ms)
[ok]: BRPOP: with single empty list argument (2 ms)
[ok]: BRPOP: with negative timeout (4 ms)
[ok]: BRPOP: with non-integer timeout (9 ms)
[ok]: MULTI propagation of EVAL (104 ms)
[ok]: EXPIRE precision is now the millisecond (2010 ms)
[ok]: MULTI propagation of SCRIPT FLUSH (100 ms)
[ok]: PSETEX can set sub-second expires (103 ms)
[ok]: MULTI propagation of XREADGROUP (113 ms)
[ok]: MULTI with SAVE (4 ms)
[ok]: MULTI with SHUTDOWN (4 ms)
[ok]: PEXPIRE can set sub-second expires (108 ms)
[ok]: Hash fuzzing #1 - 512 fields (4640 ms)
[ok]: MULTI with BGREWRITEAOF (220 ms)
[ok]: PEXPIREAT can set sub-second expires (205 ms)
[ok]: TTL returns time to live in seconds (1 ms)
[ok]: PTTL returns time to live in milliseconds (1 ms)
[ok]: TTL / PTTL / EXPIRETIME / PEXPIRETIME return -1 if key has no expire (1 ms)
[ok]: TTL / PTTL / EXPIRETIME / PEXPIRETIME return -2 if key does not exit (16 ms)
[ok]: EXPIRETIME returns absolute expiration time in seconds (1 ms)
[ok]: PEXPIRETIME returns absolute expiration time in milliseconds (1 ms)
[ok]: MULTI with config set appendonly (172 ms)
[ok]: MULTI with config error (2 ms)
[ok]: Flushall while watching several keys by one client (7 ms)
[ok]: Replication tests of XCLAIM with deleted entries (autclaim=0) (930 ms)
[ok]: Replication tests of XCLAIM with deleted entries (autclaim=1) (21 ms)
[ok]: MULTI with FLUSHALL and AOF (18 ms)
[ok]: BRPOP: with zero timeout should block indefinitely (1003 ms)
[ok]: BRPOP: with 0.001 timeout should not block indefinitely (34 ms)
[9/84 done]: unit/multi (5 seconds)
Testing unit/acl
[ok]: BRPOP: second argument is not a list (9 ms)
[ok]: Redis should actively expire keys incrementally (620 ms)
[ok]: Connections start with the default user (0 ms)
[ok]: It is possible to create new users (0 ms)
[ok]: Usernames can not contain spaces or null characters (0 ms)
[ok]: New users start disabled (1 ms)
[ok]: Enabling the user allows the login (2 ms)
[ok]: Only the set of correct passwords work (3 ms)
[ok]: It is possible to remove passwords from the set of valid ones (3 ms)
[ok]: Test password hashes can be added (1 ms)
[ok]: Test password hashes validate input (0 ms)
[ok]: ACL GETUSER returns the password hash instead of the actual password (1 ms)
[ok]: Test hashed passwords removal (5 ms)
[ok]: By default users are not able to access any command (4 ms)
[ok]: By default users are not able to access any key (2 ms)
[ok]: It's possible to allow the access of a subset of keys (3 ms)
[ok]: By default, only default user is able to publish to any channel (3 ms)
[ok]: By default, only default user is not able to publish to any shard channel (0 ms)
[ok]: By default, only default user is able to subscribe to any channel (2 ms)
[ok]: By default, only default user is able to subscribe to any shard channel (12 ms)
[ok]: By default, only default user is able to subscribe to any pattern (6 ms)
[ok]: Empty stream with no lastid can be rewrite into AOF correctly (114 ms)
[ok]: It's possible to allow publishing to a subset of channels (8 ms)
[ok]: It's possible to allow publishing to a subset of shard channels (3 ms)
[ok]: Validate subset of channels is prefixed with resetchannels flag (7 ms)
[ok]: In transaction queue publish/subscribe/psubscribe to unauthorized channel will fail (5 ms)
[ok]: It's possible to allow subscribing to a subset of channels (9 ms)
[ok]: It's possible to allow subscribing to a subset of shard channels (9 ms)
[ok]: It's possible to allow subscribing to a subset of channel patterns (4 ms)
[ok]: Subscribers are killed when revoked of channel permission (5 ms)
[ok]: Subscribers are killed when revoked of channel permission (5 ms)
[ok]: Subscribers are killed when revoked of pattern permission (14 ms)
[ok]: Subscribers are killed when revoked of allchannels permission (6 ms)
[ok]: Subscribers are pardoned if literal permissions are retained and/or gaining allchannels (10 ms)
[ok]: Users can be configured to authenticate with any password (1 ms)
[ok]: ACLs can exclude single commands (1 ms)
[ok]: ACLs can include or exclude whole classes of commands (9 ms)
[ok]: ACLs can include single subcommands (3 ms)
[ok]: ACLs can exclude single subcommands, case 1 (2 ms)
[ok]: ACLs can exclude single subcommands, case 2 (16 ms)
[ok]: ACLs cannot include a subcommand with a specific arg (1 ms)
[ok]: ACLs cannot exclude or include a container commands with a specific arg (2 ms)
[ok]: ACLs cannot exclude or include a container command with two args (5 ms)
[ok]: ACLs including of a type includes also subcommands (1 ms)
[ok]: ACLs can block SELECT of all but a specific DB (5 ms)
[ok]: ACLs can block all DEBUG subcommands except one (7 ms)
[ok]: ACLs set can include subcommands, if already full command exists (12 ms)
[ok]: ACLs set can exclude subcommands, if already full command exists (13 ms)
[ok]: ACL GETUSER is able to translate back command permissions (2 ms)
[10/84 done]: unit/type/stream-cgroups (6 seconds)
Testing unit/acl-v2
[ok]: ACL GETUSER provides reasonable results (83 ms)
[ok]: ACL CAT with illegal arguments (1 ms)
[ok]: XREVRANGE returns the reverse of XRANGE (2338 ms)
[ok]: ACL CAT without category - list all categories (2 ms)
[ok]: XRANGE exclusive ranges (4 ms)
[ok]: ACL CAT category - list all commands/subcommands that belong to category (3 ms)
[ok]: XREAD with non empty stream (0 ms)
[ok]: Non blocking XREAD with empty streams (1 ms)
[ok]: ACL requires explicit permission for scripting for EVAL_RO, EVALSHA_RO and FCALL_RO (2 ms)
[ok]: ACL #5998 regression: memory leaks adding / removing subcommands (1 ms)
[ok]: ACL LOG shows failed command executions at toplevel (3 ms)
[ok]: ACL LOG shows failed subcommand executions at toplevel (3 ms)
[ok]: ACL LOG is able to test similar events (3 ms)
[ok]: ACL LOG is able to log keys access violations and key name (2 ms)
[ok]: ACL LOG is able to log channel access violations and channel name (2 ms)
[ok]: ACL LOG RESET is able to flush the entries in the log (2 ms)
[ok]: ACL LOG can distinguish the transaction context (1) (2 ms)
[ok]: ACL LOG can distinguish the transaction context (2) (5 ms)
[ok]: ACL can log errors in the context of Lua scripting (2 ms)
[ok]: ACL LOG can accept a numerical argument to show less entries (3 ms)
[ok]: ACL LOG can log failed auth attempts (1 ms)
[ok]: ACL LOG entries are limited to a maximum amount (8 ms)
[ok]: When default user is off, new connections are not authenticated (4 ms)
[ok]: When default user has no command permission, hello command still works for other users (2 ms)
[ok]: ACL HELP should not have unexpected options (0 ms)
[ok]: Delete a user that the client doesn't use (2 ms)
[ok]: Delete a user that the client is using (1 ms)
[ok]: ACL GENPASS command failed test (1 ms)
[ok]: Default user can not be removed (1 ms)
[ok]: ACL load non-existing configured ACL file (0 ms)
[ok]: Test basic multiple selectors (3 ms)
[ok]: Test ACL selectors by default have no permissions (1 ms)
[ok]: Test deleting selectors (3 ms)
[ok]: Test selector syntax error reports the error in the selector context (0 ms)
[ok]: Test flexible selector definition (5 ms)
[ok]: Test separate read permission (2 ms)
[ok]: Test separate write permission (3 ms)
[ok]: Test separate read and write permissions (2 ms)
[ok]: Test separate read and write permissions on different selectors are not additive (3 ms)
[ok]: Test SET with separate read permission (3 ms)
[ok]: Test SET with separate write permission (2 ms)
[ok]: Test SET with read and write permissions (6 ms)
[ok]: Test BITFIELD with separate read permission (3 ms)
[ok]: Test BITFIELD with separate write permission (3 ms)
[ok]: Test BITFIELD with read and write permissions (3 ms)
[ok]: Test ACL log correctly identifies the relevant item when selectors are used (5 ms)
[ok]: Test ACL GETUSER response information (2 ms)
[ok]: Test ACL list idempotency (6 ms)
[ok]: Test R+W is the same as all permissions (2 ms)
[ok]: Test basic dry run functionality (2 ms)
[ok]: Test various commands for command permissions (2 ms)
[ok]: Test various odd commands for key permissions (11 ms)
[ok]: Existence test commands are not marked as access (3 ms)
[ok]: Intersection cardinaltiy commands are access commands (4 ms)
[ok]: Test general keyspace commands require some type of permission to execute (7 ms)
[ok]: Cardinality commands require some type of permission to execute (17 ms)
[ok]: Test sharded channel permissions (3 ms)
[ok]: Test sort with ACL permissions (8 ms)
[ok]: Test DRYRUN with wrong number of arguments (1 ms)
[ok]: Check consistency of different data types after a reload (2790 ms)
[ok]: default: load from include file, can access any channels (4 ms)
[ok]: default: with config acl-pubsub-default allchannels after reset, can access any channels (3 ms)
[ok]: default: with config acl-pubsub-default resetchannels after reset, can not access any channels (2 ms)
[ok]: Test behavior of loading ACLs (3 ms)
[ok]: Alice: can execute all command (3 ms)
[ok]: Bob: just execute @set and acl command (3 ms)
[ok]: ACL load and save (7 ms)
[ok]: ACL load and save with restricted channels (5 ms)
[11/84 done]: unit/acl-v2 (1 seconds)
Testing unit/latency-monitor
[ok]: BRPOP: timeout (1024 ms)
[ok]: BRPOP: arguments are empty (4 ms)
[ok]: BLMPOP_LEFT: with single empty list argument (11 ms)
[ok]: BLMPOP_LEFT: with negative timeout (2 ms)
[ok]: Default user has access to all channels irrespective of flag (1 ms)
[ok]: Update acl-pubsub-default, existing users shouldn't get affected (2 ms)
[ok]: Single channel is valid (1 ms)
[ok]: BLMPOP_LEFT: with non-integer timeout (9 ms)
[ok]: Single channel is not valid with allchannels (4 ms)
[ok]: LATENCY HISTOGRAM with empty histogram (1 ms)
[ok]: LATENCY HISTOGRAM all commands (7 ms)
[ok]: Redis should lazy expire keys (1006 ms)
[ok]: LATENCY HISTOGRAM sub commands (3 ms)
[ok]: LATENCY HISTOGRAM with a subset of commands (3 ms)
[ok]: LATENCY HISTOGRAM command (1 ms)
[ok]: LATENCY HISTOGRAM with wrong command name skips the invalid one (3 ms)
[ok]: Same dataset digest if saving/reloading as AOF? (479 ms)
[ok]: Only default user has access to all channels irrespective of flag (6 ms)
[ok]: EXPIRES after a reload (snapshot + append only file rewrite) (108 ms)
[ok]: ZDIFF fuzzing - listpack (7897 ms)
[ok]: ZPOPMIN with the count 0 returns an empty array (1 ms)
[ok]: ZPOPMIN with negative count (2 ms)
[ok]: ZPOPMAX with the count 0 returns an empty array (1 ms)
[ok]: ZPOPMAX with negative count (3 ms)
[ok]: Basic ZPOPMIN/ZPOPMAX with a single key - listpack (4 ms)
[ok]: ZPOPMIN/ZPOPMAX with count - listpack (3 ms)
[ok]: Basic ZMPOP_MIN/ZMPOP_MAX with a single key - listpack (4 ms)
[ok]: ZMPOP_MIN/ZMPOP_MAX with count - listpack (2 ms)
[ok]: BZPOPMIN/BZPOPMAX with a single existing sorted set - listpack (6 ms)
[ok]: BZPOPMIN/BZPOPMAX with multiple existing sorted sets - listpack (7 ms)
[ok]: BZPOPMIN/BZPOPMAX second sorted set has members - listpack (4 ms)
[ok]: BZMPOP_MIN/BZMPOP_MAX with a single existing sorted set - listpack (2 ms)
[ok]: BZMPOP_MIN/BZMPOP_MAX with multiple existing sorted sets - listpack (7 ms)
[ok]: BZMPOP_MIN/BZMPOP_MAX second sorted set has members - listpack (4 ms)
[ok]: Basic ZPOPMIN/ZPOPMAX - listpack RESP3 (2 ms)
[ok]: ZPOPMIN/ZPOPMAX with count - listpack RESP3 (3 ms)
[ok]: Basic ZMPOP_MIN/ZMPOP_MAX - listpack RESP3 (2 ms)
[ok]: ZMPOP_MIN/ZMPOP_MAX with count - listpack RESP3 (4 ms)
[ok]: BZPOPMIN/BZPOPMAX - listpack RESP3 (4 ms)
[ok]: BZMPOP_MIN/BZMPOP_MAX - listpack RESP3 (4 ms)
[ok]: Check encoding - skiplist (1 ms)
[ok]: ZSET basic ZADD and score update - skiplist (2 ms)
[ok]: ZSET element can't be set to NaN with ZADD - skiplist (0 ms)
[ok]: ZSET element can't be set to NaN with ZINCRBY - skiplist (1 ms)
[ok]: ZADD with options syntax error with incomplete pair - skiplist (0 ms)
[ok]: ZADD XX option without key - skiplist (1 ms)
[ok]: ZADD XX existing key - skiplist (1 ms)
[ok]: ZADD XX returns the number of elements actually added - skiplist (1 ms)
[ok]: ZADD XX updates existing elements score - skiplist (1 ms)
[ok]: ZADD GT updates existing elements when new scores are greater - skiplist (2 ms)
[ok]: ZADD LT updates existing elements when new scores are lower - skiplist (2 ms)
[ok]: ZADD GT XX updates existing elements when new scores are greater and skips new elements - skiplist (1 ms)
[ok]: ZADD LT XX updates existing elements when new scores are lower and skips new elements - skiplist (2 ms)
[ok]: ZADD XX and NX are not compatible - skiplist (1 ms)
[ok]: ZADD NX with non existing key - skiplist (1 ms)
[ok]: ZADD NX only add new elements without updating old ones - skiplist (1 ms)
[ok]: ZADD GT and NX are not compatible - skiplist (0 ms)
[ok]: ZADD LT and NX are not compatible - skiplist (1 ms)
[ok]: ZADD LT and GT are not compatible - skiplist (1 ms)
[ok]: ZADD INCR LT/GT replies with nill if score not updated - skiplist (1 ms)
[ok]: ZADD INCR LT/GT with inf - skiplist (5 ms)
[ok]: ZADD INCR works like ZINCRBY - skiplist (1 ms)
[ok]: ZADD INCR works with a single score-elemenet pair - skiplist (1 ms)
[ok]: ZADD CH option changes return value to all changed elements - skiplist (1 ms)
[ok]: ZINCRBY calls leading to NaN result in error - skiplist (0 ms)
[ok]: ZADD - Variadic version base case - $encoding (1 ms)
[ok]: ZADD - Return value is the number of actually added items - $encoding (0 ms)
[ok]: ZADD - Variadic version does not add nothing on single parsing err - $encoding (1 ms)
[ok]: ZADD - Variadic version will raise error on missing arg - $encoding (1 ms)
[ok]: ZINCRBY does not work variadic even if shares ZADD implementation - $encoding (0 ms)
[ok]: ZCARD basics - skiplist (1 ms)
[ok]: ZREM removes key after last element is removed - skiplist (1 ms)
[ok]: ZREM variadic version - skiplist (1 ms)
[ok]: ZREM variadic version -- remove elements after key deletion - skiplist (0 ms)
[ok]: ZRANGE basics - skiplist (4 ms)
[ok]: ZREVRANGE basics - skiplist (4 ms)
[ok]: ZRANK/ZREVRANK basics - skiplist (3 ms)
[ok]: ZRANK - after deletion - skiplist (1 ms)
[ok]: ZINCRBY - can create a new sorted set - skiplist (1 ms)
[ok]: ZINCRBY - increment and decrement - skiplist (2 ms)
[ok]: ZINCRBY return value - skiplist (0 ms)
[ok]: ZRANGEBYSCORE/ZREVRANGEBYSCORE/ZCOUNT basics - skiplist (9 ms)
[ok]: ZRANGEBYSCORE with WITHSCORES - skiplist (2 ms)
[ok]: ZRANGEBYSCORE with LIMIT - skiplist (3 ms)
[ok]: ZRANGEBYSCORE with LIMIT and WITHSCORES - skiplist (3 ms)
[ok]: ZRANGEBYSCORE with non-value min or max - skiplist (1 ms)
[ok]: ZRANGEBYLEX/ZREVRANGEBYLEX/ZLEXCOUNT basics - skiplist (8 ms)
[ok]: ZLEXCOUNT advanced - skiplist (7 ms)
[ok]: ZRANGEBYSLEX with LIMIT - skiplist (6 ms)
[ok]: ZRANGEBYLEX with invalid lex range specifiers - skiplist (1 ms)
[ok]: default: load from config file, without channel permission default user can't access any channels (0 ms)
[ok]: ZREMRANGEBYSCORE basics - skiplist (28 ms)
[ok]: ZREMRANGEBYSCORE with non-value min or max - skiplist (1 ms)
[ok]: ZREMRANGEBYRANK basics - skiplist (13 ms)
[ok]: ZUNIONSTORE against non-existing key doesn't set destination - skiplist (0 ms)
[ok]: ZUNION/ZINTER/ZINTERCARD/ZDIFF against non-existing key - skiplist (1 ms)
[ok]: ZUNIONSTORE with empty set - skiplist (1 ms)
[ok]: ZUNION/ZINTER/ZINTERCARD/ZDIFF with empty set - skiplist (3 ms)
[ok]: ZUNIONSTORE basics - skiplist (2 ms)
[ok]: ZUNION/ZINTER/ZINTERCARD/ZDIFF with integer members - skiplist (2 ms)
[ok]: ZUNIONSTORE with weights - skiplist (0 ms)
[ok]: ZUNION with weights - skiplist (1 ms)
[ok]: ZUNIONSTORE with a regular set and weights - skiplist (2 ms)
[ok]: ZUNIONSTORE with AGGREGATE MIN - skiplist (0 ms)
[ok]: ZUNION/ZINTER with AGGREGATE MIN - skiplist (1 ms)
[ok]: ZUNIONSTORE with AGGREGATE MAX - skiplist (1 ms)
[ok]: ZUNION/ZINTER with AGGREGATE MAX - skiplist (1 ms)
[ok]: ZINTERSTORE basics - skiplist (1 ms)
[ok]: ZINTER basics - skiplist (0 ms)
[ok]: ZINTERCARD with illegal arguments (3 ms)
[ok]: ZINTERCARD basics - skiplist (1 ms)
[ok]: ZINTER RESP3 - skiplist (1 ms)
[ok]: ZINTERSTORE with weights - skiplist (1 ms)
[ok]: ZINTER with weights - skiplist (0 ms)
[ok]: ZINTERSTORE with a regular set and weights - skiplist (1 ms)
[ok]: ZINTERSTORE with AGGREGATE MIN - skiplist (1 ms)
[ok]: ZINTERSTORE with AGGREGATE MAX - skiplist (1 ms)
[ok]: ZUNIONSTORE with +inf/-inf scores - skiplist (4 ms)
[ok]: ZUNIONSTORE with NaN weights - skiplist (1 ms)
[ok]: ZINTERSTORE with +inf/-inf scores - skiplist (4 ms)
[ok]: ZINTERSTORE with NaN weights - skiplist (1 ms)
[ok]: ZDIFFSTORE basics - skiplist (1 ms)
[ok]: ZDIFF basics - skiplist (0 ms)
[ok]: ZDIFFSTORE with a regular set - skiplist (2 ms)
[ok]: ZDIFF subtracting set from itself - skiplist (0 ms)
[ok]: ZDIFF algorithm 1 - skiplist (1 ms)
[ok]: ZDIFF algorithm 2 - skiplist (4 ms)
[ok]: default: load from config file with all channels permissions (2 ms)
[ok]: XREAD with non empty second stream (1533 ms)
[ok]: Blocking XREAD waiting new data (3 ms)
[ok]: Blocking XREAD waiting old data (2 ms)
[ok]: BLMPOP_LEFT: with zero timeout should block indefinitely (1004 ms)
[ok]: Test loading an ACL file with duplicate users (9 ms)
[ok]: Hash fuzzing #2 - 512 fields (2743 ms)
[ok]: Test loading an ACL file with duplicate default user (13 ms)
[ok]: BLMPOP_LEFT: with 0.001 timeout should not block indefinitely (23 ms)
[ok]: BLMPOP_LEFT: second argument is not a list (3 ms)
[ok]: EXPIRE should not resurrect keys (issue #1026) (1004 ms)
[ok]: 5 keys in, 5 keys out (4 ms)
[ok]: Test loading duplicate users in config on startup (14 ms)
[ok]: EXPIRE with empty string as TTL should report an error (1 ms)
[ok]: SET with EX with big integer should report an error (1 ms)
[ok]: SET with EX with smallest integer should report an error (0 ms)
[ok]: GETEX with big integer should report an error (1 ms)
[ok]: GETEX with smallest integer should report an error (1 ms)
[ok]: EXPIRE with big integer overflows when converted to milliseconds (2 ms)
[ok]: PEXPIRE with big integer overflow when basetime is added (1 ms)
[ok]: EXPIRE with big negative integer (2 ms)
[ok]: PEXPIREAT with big integer works (1 ms)
[ok]: PEXPIREAT with big negative integer works (0 ms)
[ok]: Blocking XREAD will not reply with an empty array (82 ms)
[ok]: Blocking XREAD for stream that ran dry (issue #5299) (111 ms)
[ok]: XREAD: XADD + DEL should not awake client (4 ms)
[ok]: XREAD: XADD + DEL + LPUSH should not awake client (4 ms)
[ok]: XREAD with same stream name multiple times should work (3 ms)
[ok]: XREAD + multiple XADD inside transaction (1 ms)
[ok]: XDEL basic test (2 ms)
[ok]: ACL from config file and config rewrite (235 ms)
[ok]: SDIFF fuzzing (8322 ms)
[ok]: SDIFF against non-set should throw error (2 ms)
[ok]: SDIFF should handle non existing key as empty (1 ms)
[ok]: SDIFFSTORE against non-set should throw error (2 ms)
[ok]: SDIFFSTORE should handle non existing key as empty (1 ms)
[ok]: SINTER against non-set should throw error (1 ms)
[ok]: SINTER should handle non existing key as empty (1 ms)
[ok]: SINTER with same integer elements but different encoding (1 ms)
[ok]: SINTERSTORE against non-set should throw error (3 ms)
[ok]: SINTERSTORE against non existing keys should delete dstkey (1 ms)
[ok]: SUNION against non-set should throw error (1 ms)
[ok]: SUNION should handle non existing key as empty (1 ms)
[ok]: SUNIONSTORE against non-set should throw error (2 ms)
[ok]: SUNIONSTORE should handle non existing key as empty (1 ms)
[ok]: SUNIONSTORE against non existing keys should delete dstkey (0 ms)
[ok]: SPOP basics - hashtable (1 ms)
[ok]: SPOP with <count>=1 - hashtable (2 ms)
[ok]: SRANDMEMBER - hashtable (10 ms)
[ok]: SPOP basics - intset (1 ms)
[ok]: SPOP with <count>=1 - intset (1 ms)
[ok]: SRANDMEMBER - intset (10 ms)
[ok]: SPOP with <count> (4 ms)
[ok]: SPOP with <count> (3 ms)
[12/84 done]: unit/acl (3 seconds)
Testing integration/block-repl
[ok]: SPOP using integers, testing Knuth's and Floyd's algorithm (3 ms)
[ok]: SPOP using integers with Knuth's algorithm (0 ms)
[ok]: SPOP new implementation: code path #1 (2 ms)
[ok]: SPOP new implementation: code path #2 (2 ms)
[ok]: SPOP new implementation: code path #3 (3 ms)
[ok]: SRANDMEMBER count of 0 is handled correctly (0 ms)
[ok]: SRANDMEMBER with <count> against non existing key (1 ms)
[ok]: SRANDMEMBER count overflow (0 ms)
[ok]: SRANDMEMBER count of 0 is handled correctly - emptyarray (0 ms)
[ok]: SRANDMEMBER with <count> against non existing key - emptyarray (0 ms)
[ok]: SRANDMEMBER with <count> - hashtable (22 ms)
[ok]: SRANDMEMBER with <count> - intset (21 ms)
[ok]: Old Big Linked list: SORT BY key (336 ms)
[ok]: Old Big Linked list: SORT BY key with limit (5 ms)
[ok]: SET 10000 numeric keys and access all them in reverse order (6302 ms)
[ok]: DBSIZE should be 10000 now (1 ms)
[ok]: SETNX target key missing (5 ms)
[ok]: SETNX target key exists (1 ms)
[ok]: SETNX against not-expired volatile key (0 ms)
[ok]: SRANDMEMBER histogram distribution - hashtable (82 ms)
[ok]: SRANDMEMBER histogram distribution - intset (80 ms)
[ok]: Old Big Linked list: SORT BY hash field (297 ms)
[ok]: Intset: SORT BY key (0 ms)
[ok]: Intset: SORT BY key with limit (1 ms)
[ok]: Intset: SORT BY hash field (0 ms)
[ok]: Stress tester for #3343-alike bugs comp: 2 (9138 ms)
[ok]: BLMPOP_LEFT: timeout (1046 ms)
[ok]: BLMPOP_LEFT: arguments are empty (105 ms)
[ok]: BLMPOP_RIGHT: with single empty list argument (2 ms)
[ok]: BLMPOP_RIGHT: with negative timeout (1 ms)
[ok]: BLMPOP_RIGHT: with non-integer timeout (2 ms)
[ok]: Hash table: SORT BY key (7 ms)
[ok]: Hash table: SORT BY key with limit (2 ms)
[ok]: Hash table: SORT BY hash field (7 ms)
[ok]: EXPIRES after AOF reload (without rewrite) (2061 ms)
[ok]: First server should have role slave after SLAVEOF (1004 ms)
[ok]: PIPELINING stresser (also a regression for the old epoll bug) (620 ms)
[ok]: APPEND basics (1 ms)
[ok]: APPEND basics, integer encoded values (2 ms)
[ok]: Stress test the hash ziplist -> hashtable encoding conversion (2009 ms)
[ok]: Hash ziplist of various encodings (98 ms)
[ok]: Hash ziplist of various encodings - sanitize dump (6 ms)
[ok]: HINCRBYFLOAT does not allow NaN or Infinity (2 ms)
[ok]: BLMPOP_RIGHT: with zero timeout should block indefinitely (1003 ms)
[13/84 done]: unit/type/hash (11 seconds)
Testing integration/replication
[ok]: BLMPOP_RIGHT: with 0.001 timeout should not block indefinitely (26 ms)
[ok]: BLMPOP_RIGHT: second argument is not a list (2 ms)
[ok]: All time-to-live(TTL) in commands are propagated as absolute timestamp in milliseconds in AOF (2034 ms)
[ok]: All TTL in commands are propagated as absolute timestamp in replication stream (97 ms)
[ok]: Test latency events logging (3405 ms)
[ok]: LATENCY HISTORY output is ok (0 ms)
[ok]: LATENCY LATEST output is ok (1 ms)
[ok]: Slave enters handshake (2 ms)
[ok]: XDEL fuzz test (2298 ms)
[ok]: First server should have role slave after REPLICAOF (0 ms)
[ok]: For all replicated TTL-related commands, absolute expire times are identical on primary and replica (35 ms)
[ok]: APPEND fuzzing (759 ms)
[ok]: FLUSHDB (37 ms)
[ok]: Perform a final SAVE to leave a clean DB on disk (1 ms)
[ok]: RESET clears client state (6 ms)
[ok]: RESET clears MONITOR state (1 ms)
[ok]: RESET clears and discards MULTI state (1 ms)
[ok]: RESET clears Pub/Sub state (1 ms)
[ok]: RESET clears authenticated state (1 ms)
[ok]: Subcommand syntax error crash (issue #10070) (1 ms)
[ok]: expired key which is created in writeable replicas should be deleted by active expiry (256 ms)
[ok]: SET command will remove expire (1 ms)
[ok]: SET - use KEEPTTL option, TTL should not be removed (1 ms)
[ok]: BLMPOP_RIGHT: timeout (1062 ms)
[ok]: BLMPOP_RIGHT: arguments are empty (4 ms)
[ok]: BLPOP inside a transaction (1 ms)
[ok]: BLMPOP_LEFT inside a transaction (2 ms)
[ok]: BLMPOP propagate as pop with count command to replica (296 ms)
[ok]: LPUSHX, RPUSHX - generic (1 ms)
[ok]: LPUSHX, RPUSHX - linkedlist (2 ms)
[ok]: Don't rehash if redis has child process (503 ms)
[ok]: LINSERT - linkedlist (3 ms)
[ok]: LPUSHX, RPUSHX - ziplist (1 ms)
[ok]: LINSERT - ziplist (6 ms)
[ok]: LINSERT raise error on bad syntax (1 ms)
[ok]: LINDEX consistency test - quicklist (133 ms)
[ok]: Process title set as expected (5 ms)
[14/84 done]: unit/other (12 seconds)
Testing integration/replication-2
[ok]: LINDEX random access - quicklist (125 ms)
[ok]: Check if list is still ok after a DEBUG RELOAD - quicklist (314 ms)
[ok]: First server should have role slave after SLAVEOF (102 ms)
[ok]: LTRIM stress testing - linkedlist (12979 ms)
[ok]: SETNX against expired volatile key (3691 ms)
[ok]: GETEX EX option (0 ms)
[ok]: GETEX PX option (0 ms)
[ok]: GETEX EXAT option (1 ms)
[ok]: GETEX PXAT option (1 ms)
[ok]: GETEX PERSIST option (1 ms)
[ok]: GETEX no option (0 ms)
[ok]: GETEX syntax errors (0 ms)
[ok]: GETEX no arguments (0 ms)
[ok]: GETDEL command (1 ms)
[ok]: LINDEX consistency test - quicklist (229 ms)
[ok]: GETDEL propagate as DEL command to replica (113 ms)
[ok]: LINDEX random access - quicklist (151 ms)
[ok]: GETEX without argument does not propagate to replica (105 ms)
[ok]: MGET (4 ms)
[ok]: MGET against non existing key (1 ms)
[ok]: MGET against non-string key (2 ms)
[ok]: GETSET (set new value) (8 ms)
[ok]: GETSET (replace old value) (1 ms)
[ok]: MSET base case (0 ms)
[ok]: MSET/MSETNX wrong number of args (1 ms)
[ok]: MSETNX with already existent key (0 ms)
[ok]: MSETNX with not existing keys (0 ms)
[ok]: MSETNX with not existing keys - same key twice (0 ms)
[ok]: MSETNX with already existing keys - same key twice (0 ms)
[ok]: STRLEN against non-existing key (0 ms)
[ok]: STRLEN against integer-encoded value (1 ms)
[ok]: STRLEN against plain string (0 ms)
[ok]: SETBIT against non-existing key (0 ms)
[ok]: SETBIT against string-encoded key (1 ms)
[ok]: SETBIT against integer-encoded key (0 ms)
[ok]: SETBIT against key with wrong type (3 ms)
[ok]: SETBIT with out of range bit offset (2 ms)
[ok]: SETBIT with non-bit argument (2 ms)
[ok]: Check if list is still ok after a DEBUG RELOAD - quicklist (204 ms)
[ok]: LLEN against non-list value error (0 ms)
[ok]: LLEN against non existing key (0 ms)
[ok]: LINDEX against non-list value error (0 ms)
[ok]: LINDEX against non existing key (1 ms)
[ok]: LPUSH against non-list value error (0 ms)
[ok]: RPUSH against non-list value error (0 ms)
[ok]: RPOPLPUSH base case - linkedlist (1 ms)
[ok]: LMOVE left left base case - linkedlist (4 ms)
[ok]: LMOVE left right base case - linkedlist (1 ms)
[ok]: LMOVE right left base case - linkedlist (0 ms)
[ok]: LMOVE right right base case - linkedlist (2 ms)
[ok]: RPOPLPUSH with the same list as src and dst - linkedlist (1 ms)
[ok]: LMOVE left left with the same list as src and dst - linkedlist (1 ms)
[ok]: LMOVE left right with the same list as src and dst - linkedlist (0 ms)
[ok]: LMOVE right left with the same list as src and dst - linkedlist (2 ms)
[ok]: LMOVE right right with the same list as src and dst - linkedlist (1 ms)
[ok]: RPOPLPUSH with linkedlist source and existing target linkedlist (3 ms)
[ok]: LMOVE left left with linkedlist source and existing target linkedlist (1 ms)
[ok]: LMOVE left right with linkedlist source and existing target linkedlist (1 ms)
[ok]: LMOVE right left with linkedlist source and existing target linkedlist (1 ms)
[ok]: LMOVE right right with linkedlist source and existing target linkedlist (1 ms)
[ok]: RPOPLPUSH with linkedlist source and existing target ziplist (2 ms)
[ok]: LMOVE left left with linkedlist source and existing target ziplist (2 ms)
[ok]: LMOVE left right with linkedlist source and existing target ziplist (1 ms)
[ok]: LMOVE right left with linkedlist source and existing target ziplist (1 ms)
[ok]: LMOVE right right with linkedlist source and existing target ziplist (1 ms)
[ok]: RPOPLPUSH base case - ziplist (1 ms)
[ok]: LMOVE left left base case - ziplist (2 ms)
[ok]: LMOVE left right base case - ziplist (1 ms)
[ok]: LMOVE right left base case - ziplist (1 ms)
[ok]: LMOVE right right base case - ziplist (1 ms)
[ok]: RPOPLPUSH with the same list as src and dst - ziplist (1 ms)
[ok]: LMOVE left left with the same list as src and dst - ziplist (1 ms)
[ok]: LMOVE left right with the same list as src and dst - ziplist (1 ms)
[ok]: LMOVE right left with the same list as src and dst - ziplist (1 ms)
[ok]: LMOVE right right with the same list as src and dst - ziplist (2 ms)
[ok]: RPOPLPUSH with ziplist source and existing target linkedlist (2 ms)
[ok]: LMOVE left left with ziplist source and existing target linkedlist (2 ms)
[ok]: LMOVE left right with ziplist source and existing target linkedlist (1 ms)
[ok]: LMOVE right left with ziplist source and existing target linkedlist (2 ms)
[ok]: LMOVE right right with ziplist source and existing target linkedlist (0 ms)
[ok]: RPOPLPUSH with ziplist source and existing target ziplist (2 ms)
[ok]: LMOVE left left with ziplist source and existing target ziplist (2 ms)
[ok]: LMOVE left right with ziplist source and existing target ziplist (1 ms)
[ok]: LMOVE right left with ziplist source and existing target ziplist (1 ms)
[ok]: LMOVE right right with ziplist source and existing target ziplist (2 ms)
[ok]: RPOPLPUSH against non existing key (0 ms)
[ok]: RPOPLPUSH against non list src key (1 ms)
[ok]: RPOPLPUSH against non list dst key (1 ms)
[ok]: RPOPLPUSH against non existing src key (0 ms)
[ok]: Basic LPOP/RPOP/LMPOP - linkedlist (1 ms)
[ok]: Basic LPOP/RPOP/LMPOP - ziplist (2 ms)
[ok]: LPOP/RPOP/LMPOP against empty list (2 ms)
[ok]: LPOP/RPOP/LMPOP NON-BLOCK or BLOCK against non list value (1 ms)
[ok]: Mass RPOP/LPOP - quicklist (41 ms)
[ok]: SET - use KEEPTTL option, TTL should not be removed after loadaof (2004 ms)
[ok]: GETEX use of PERSIST option should remove TTL (1 ms)
[ok]: If min-slaves-to-write is honored, write is accepted (705 ms)
[ok]: No write if min-slaves-to-write is < attached slaves (6 ms)
[ok]: If min-slaves-to-write is honored, write is accepted (again) (0 ms)
[ok]: Mass RPOP/LPOP - quicklist (80 ms)
[ok]: LMPOP with illegal argument (3 ms)
[ok]: LMPOP single existing list (4 ms)
[ok]: LMPOP multiple existing lists (2 ms)
[ok]: LMPOP propagate as pop with count command to replica (25 ms)
[ok]: LRANGE basics - linkedlist (2 ms)
[ok]: LRANGE inverted indexes - linkedlist (2 ms)
[ok]: LRANGE out of range indexes including the full list - linkedlist (2 ms)
[ok]: LRANGE out of range negative end index - linkedlist (1 ms)
[ok]: LRANGE basics - ziplist (1 ms)
[ok]: LRANGE inverted indexes - ziplist (1 ms)
[ok]: LRANGE out of range indexes including the full list - ziplist (1 ms)
[ok]: LRANGE out of range negative end index - ziplist (0 ms)
[ok]: LRANGE against non existing key (1 ms)
[ok]: LRANGE with start > end yields an empty array for backward compatibility (0 ms)
[ok]: LTRIM basics - linkedlist (11 ms)
[ok]: LTRIM out of range negative end index - linkedlist (3 ms)
[ok]: LTRIM basics - ziplist (9 ms)
[ok]: LTRIM out of range negative end index - ziplist (1 ms)
[ok]: LSET - linkedlist (0 ms)
[ok]: LSET out of range index - linkedlist (0 ms)
[ok]: LSET - ziplist (3 ms)
[ok]: LSET out of range index - ziplist (1 ms)
[ok]: LSET against non existing key (0 ms)
[ok]: LSET against non list value (0 ms)
[ok]: LREM remove all the occurrences - linkedlist (2 ms)
[ok]: LREM remove the first occurrence - linkedlist (0 ms)
[ok]: LREM remove non existing element - linkedlist (1 ms)
[ok]: LREM starting from tail with negative count - linkedlist (1 ms)
[ok]: LREM starting from tail with negative count (2) - linkedlist (1 ms)
[ok]: LREM deleting objects that may be int encoded - linkedlist (0 ms)
[ok]: LREM remove all the occurrences - ziplist (3 ms)
[ok]: LREM remove the first occurrence - ziplist (1 ms)
[ok]: LREM remove non existing element - ziplist (1 ms)
[ok]: LREM starting from tail with negative count - ziplist (1 ms)
[ok]: LREM starting from tail with negative count (2) - ziplist (0 ms)
[ok]: LREM deleting objects that may be int encoded - ziplist (1 ms)
[ok]: Big Hash table: SORT BY key (429 ms)
[ok]: Big Hash table: SORT BY key with limit (4 ms)
[ok]: SETBIT fuzzing (717 ms)
[ok]: GETBIT against non-existing key (1 ms)
[ok]: GETBIT against string-encoded key (2 ms)
[ok]: GETBIT against integer-encoded key (5 ms)
[ok]: SETRANGE against non-existing key (1 ms)
[ok]: SETRANGE against string-encoded key (2 ms)
[ok]: SETRANGE against integer-encoded key (5 ms)
[ok]: SETRANGE against key with wrong type (1 ms)
[ok]: SETRANGE with out of range offset (1 ms)
[ok]: GETRANGE against non-existing key (0 ms)
[ok]: GETRANGE against string value (2 ms)
[ok]: GETRANGE against integer-encoded value (2 ms)
[ok]: Big Hash table: SORT BY hash field (351 ms)
[ok]: SORT GET # (2 ms)
[ok]: SORT GET <const> (0 ms)
[ok]: SORT GET (key and hash) with sanity check (4 ms)
[ok]: SORT BY key STORE (0 ms)
[ok]: SORT BY hash field STORE (1 ms)
[ok]: SORT extracts STORE correctly (0 ms)
[ok]: SORT_RO get keys (0 ms)
[ok]: SORT extracts multiple STORE correctly (0 ms)
[ok]: SORT DESC (0 ms)
[ok]: SORT ALPHA against integer encoded strings (0 ms)
[ok]: SORT sorted set (0 ms)
[ok]: SORT sorted set BY nosort should retain ordering (2 ms)
[ok]: SORT sorted set BY nosort + LIMIT (1 ms)
[ok]: SORT sorted set BY nosort works as expected from scripts (3 ms)
[ok]: SORT sorted set: +inf and -inf handling (0 ms)
[ok]: SORT regression for issue #19, sorting floats (7 ms)
[ok]: SORT with STORE returns zero if result is empty (github issue 224) (1 ms)
[ok]: SORT with STORE does not create empty lists (github issue 224) (0 ms)
[ok]: SORT with STORE removes key if result is empty (github issue 227) (0 ms)
[ok]: SORT with BY <constant> and STORE should still order output (0 ms)
[ok]: SORT will complain with numerical sorting and bad doubles (1) (1 ms)
[ok]: SORT will complain with numerical sorting and bad doubles (2) (0 ms)
[ok]: SORT BY sub-sorts lexicographically if score is the same (0 ms)
[ok]: SORT GET with pattern ending with just -> does not get hash field (0 ms)
[ok]: SORT by nosort retains native order for lists (0 ms)
[ok]: SORT by nosort plus store retains native order for lists (0 ms)
[ok]: SORT by nosort with limit returns based on original list order (0 ms)
[ok]: SORT_RO - Successful case (0 ms)
[ok]: SORT_RO - Cannot run with STORE arg (0 ms)
[ok]: SORT speed, 100 element list BY key, 100 times (17 ms)
[ok]: SORT speed, 100 element list BY hash field, 100 times (25 ms)
[ok]: SORT speed, 100 element list directly, 100 times (15 ms)
[ok]: SORT speed, 100 element list BY <const>, 100 times (20 ms)
[ok]: SETRANGE with huge offset (2 ms)
[15/84 done]: unit/sort (14 seconds)
Testing integration/replication-3
[ok]: First server should have role slave after SLAVEOF (101 ms)
[ok]: Regression for bug 593 - chaining BRPOPLPUSH with other blocking cmds (1005 ms)
[ok]: client unblock tests (20 ms)
[ok]: AOF rewrite during write load: RDB preamble=yes (12704 ms)
[ok]: client unblock tests (9 ms)
[ok]: List ziplist of various encodings (101 ms)
[ok]: List ziplist of various encodings - sanitize dump (6 ms)
[16/84 done]: unit/type/list (15 seconds)
Testing integration/replication-4
[ok]: LATENCY of expire events are correctly collected (3939 ms)
[ok]: LATENCY HISTORY / RESET with wrong event name is fine (1 ms)
[ok]: LATENCY DOCTOR produces some output (1 ms)
[ok]: LATENCY RESET is able to reset events (2 ms)
[ok]: LATENCY HELP should not have unexpected options (2 ms)
[ok]: MIGRATE cached connections are released after some time (15003 ms)
[17/84 done]: unit/latency-monitor (8 seconds)
Testing integration/replication-psync
[ok]: GETRANGE fuzzing (1325 ms)
[ok]: trim on SET with big value (54 ms)
[ok]: Extended SET can detect syntax errors (1 ms)
[ok]: Extended SET NX option (3 ms)
[ok]: Extended SET XX option (2 ms)
[ok]: Extended SET GET option (1 ms)
[ok]: Extended SET GET option with no previous value (1 ms)
[ok]: Extended SET GET option with XX (2 ms)
[ok]: Extended SET GET option with XX and no previous value (1 ms)
[ok]: Extended SET GET option with NX (1 ms)
[ok]: Extended SET GET option with NX and previous value (7 ms)
[ok]: Extended SET GET with incorrect type should result in wrong type error (3 ms)
[ok]: Extended SET EX option (2 ms)
[ok]: Extended SET PX option (0 ms)
[ok]: Extended SET EXAT option (2 ms)
[ok]: Extended SET PXAT option (1 ms)
[ok]: MIGRATE is able to migrate a key between two instances (354 ms)
[ok]: Extended SET using multiple options at once (2 ms)
[ok]: GETRANGE with huge ranges, Github issue #1844 (1 ms)
[ok]: LCS basic (1 ms)
[ok]: LCS len (1 ms)
[ok]: LCS indexes (1 ms)
[ok]: LCS indexes with match len (1 ms)
[ok]: LCS indexes with match len and minimum match len (2 ms)
[ok]: SETRANGE with huge offset (5 ms)
[18/84 done]: unit/type/string (16 seconds)
Testing integration/replication-buffer
[ok]: Slave should be able to synchronize with the master (106 ms)
[ok]: GETEX use of PERSIST option should remove TTL after loadaof (2003 ms)
[ok]: GETEX propagate as to replica as PERSIST, DEL, or nothing (81 ms)
[ok]: EXPIRE with NX option on a key with ttl (1 ms)
[ok]: EXPIRE with NX option on a key without ttl (2 ms)
[ok]: EXPIRE with XX option on a key with ttl (2 ms)
[ok]: EXPIRE with XX option on a key without ttl (2 ms)
[ok]: EXPIRE with GT option on a key with lower ttl (3 ms)
[ok]: EXPIRE with GT option on a key with higher ttl (1 ms)
[ok]: EXPIRE with GT option on a key without ttl (1 ms)
[ok]: EXPIRE with LT option on a key with higher ttl (2 ms)
[ok]: EXPIRE with LT option on a key with lower ttl (0 ms)
[ok]: EXPIRE with LT option on a key without ttl (2 ms)
[ok]: EXPIRE with LT and XX option on a key with ttl (5 ms)
[ok]: EXPIRE with LT and XX option on a key without ttl (4 ms)
[ok]: EXPIRE with conflicting options: LT GT (2 ms)
[ok]: EXPIRE with conflicting options: NX GT (1 ms)
[ok]: EXPIRE with conflicting options: NX LT (0 ms)
[ok]: EXPIRE with conflicting options: NX XX (1 ms)
[ok]: EXPIRE with unsupported options (0 ms)
[ok]: EXPIRE with unsupported options (3 ms)
[ok]: EXPIRE with negative expiry (1 ms)
[ok]: EXPIRE with negative expiry on a non-valitale key (1 ms)
[ok]: EXPIRE with non-existed key (3 ms)
[ok]: MIGRATE is able to copy a key between two instances (288 ms)
[ok]: SCAN: Lazy-expire should not be wrapped in MULTI/EXEC (67 ms)
[ok]: RANDOMKEY: Lazy-expire should not be wrapped in MULTI/EXEC (91 ms)
[ok]: MIGRATE will not overwrite existing keys, unless REPLACE is used (168 ms)
[19/84 done]: unit/expire (15 seconds)
Testing integration/shutdown
[ok]: MIGRATE propagates TTL correctly (180 ms)
[ok]: First server should have role slave after SLAVEOF (1004 ms)
[ok]: Detect write load to master (1003 ms)
[ok]: Test replication partial resync: no reconnection, just sync (diskless: no, disabled, reconnect: 0) (36 ms)
[ok]: No write if min-slaves-max-lag is > of the slave lag (3138 ms)
[ok]: min-slaves-to-write is ignored by slaves (3 ms)
[ok]: ZDIFF fuzzing - skiplist (8695 ms)
[ok]: ZPOPMIN with the count 0 returns an empty array (2 ms)
[ok]: ZPOPMIN with negative count (3 ms)
[ok]: ZPOPMAX with the count 0 returns an empty array (2 ms)
[ok]: ZPOPMAX with negative count (0 ms)
[ok]: Basic ZPOPMIN/ZPOPMAX with a single key - skiplist (3 ms)
[ok]: ZPOPMIN/ZPOPMAX with count - skiplist (1 ms)
[ok]: Basic ZMPOP_MIN/ZMPOP_MAX with a single key - skiplist (10 ms)
[ok]: ZMPOP_MIN/ZMPOP_MAX with count - skiplist (5 ms)
[ok]: BZPOPMIN/BZPOPMAX with a single existing sorted set - skiplist (4 ms)
[ok]: BZPOPMIN/BZPOPMAX with multiple existing sorted sets - skiplist (8 ms)
[ok]: BZPOPMIN/BZPOPMAX second sorted set has members - skiplist (8 ms)
[ok]: BZMPOP_MIN/BZMPOP_MAX with a single existing sorted set - skiplist (3 ms)
[ok]: BZMPOP_MIN/BZMPOP_MAX with multiple existing sorted sets - skiplist (15 ms)
[ok]: BZMPOP_MIN/BZMPOP_MAX second sorted set has members - skiplist (3 ms)
[ok]: Basic ZPOPMIN/ZPOPMAX - skiplist RESP3 (3 ms)
[ok]: ZPOPMIN/ZPOPMAX with count - skiplist RESP3 (1 ms)
[ok]: Basic ZMPOP_MIN/ZMPOP_MAX - skiplist RESP3 (4 ms)
[ok]: ZMPOP_MIN/ZMPOP_MAX with count - skiplist RESP3 (4 ms)
[ok]: BZPOPMIN/BZPOPMAX - skiplist RESP3 (7 ms)
[ok]: BZMPOP_MIN/BZMPOP_MAX - skiplist RESP3 (9 ms)
[ok]: ZPOP/ZMPOP against wrong type (7 ms)
[ok]: ZMPOP with illegal argument (4 ms)
[ok]: ZMPOP propagate as pop with count command to replica (123 ms)
[ok]: ZPOPMIN/ZPOPMAX readraw in RESP3 (2 ms)
[ok]: All replicas share one global replication buffer (102 ms)
[ok]: Slave should be able to synchronize with the master (125 ms)
[ok]: BZPOPMIN/BZPOPMAX readraw in RESP3 (190 ms)
[ok]: ZMPOP readraw in RESP3 (10 ms)
[ok]: BZMPOP readraw in RESP3 (187 ms)
[ok]: ZPOPMIN/ZPOPMAX readraw in RESP2 (2 ms)
[ok]: BZPOPMIN/BZPOPMAX readraw in RESP2 (203 ms)
[ok]: ZMPOP readraw in RESP2 (12 ms)
[ok]: Replication buffer will become smaller when no replica uses (733 ms)
[ok]: BZMPOP readraw in RESP2 (182 ms)
[ok]: ZINTERSTORE regression with two sets, intset+hashtable (1 ms)
[ok]: ZUNIONSTORE regression, should not create NaN in scores (2 ms)
[ok]: ZINTERSTORE #516 regression, mixed sets and ziplist zsets (6 ms)
[ok]: ZUNIONSTORE result is sorted (133 ms)
[ok]: ZUNIONSTORE/ZINTERSTORE/ZDIFFSTORE error if using WITHSCORES  (16 ms)
[ok]: ZMSCORE retrieve (2 ms)
[ok]: ZMSCORE retrieve from empty set (1 ms)
[ok]: ZMSCORE retrieve with missing member (2 ms)
[ok]: ZMSCORE retrieve single member (2 ms)
[ok]: ZMSCORE retrieve requires one or more members (2 ms)
[ok]: ZSET commands don't accept the empty strings as valid score (1 ms)
[ok]: zunionInterDiffGenericCommand at least 1 input key (7 ms)
[ok]: Detect write load to master (1002 ms)
[ok]: ZSCORE - listpack (146 ms)
[ok]: ZMSCORE - listpack (149 ms)
[ok]: ZSCORE after a DEBUG RELOAD - listpack (186 ms)
[ok]: ZSET sorting stresser - listpack (171 ms)
[ok]: Shutting down master waits for replica to catch up (sigterm) (3050 ms)
[ok]: SCAN regression test for issue #4906 (19101 ms)
[20/84 done]: unit/scan (20 seconds)
Testing integration/aof
[ok]: Unfinished MULTI: Server should start if load-truncated is yes (8 ms)
[ok]: Stress tester for #3343-alike bugs comp: 1 (10374 ms)
[ok]: Short read: Server should start if load-truncated is yes (2 ms)
[ok]: Truncated AOF loaded: we expect foo to be equal to 5 (109 ms)
[ok]: Append a new command after loading an incomplete AOF (0 ms)
[ok]: Short read + command: Server should start (3 ms)
[ok]: Truncated AOF loaded: we expect foo to be equal to 6 now (4 ms)
[ok]: Bad format: Server should have logged an error (7 ms)
[ok]: Unfinished MULTI: Server should have logged an error (3 ms)
[ok]: Short read: Server should have logged an error (5 ms)
[ok]: Short read: Utility should confirm the AOF is not valid (13 ms)
[ok]: Short read: Utility should show the abnormal line num in AOF (13 ms)
[ok]: Short read: Utility should be able to fix the AOF (10 ms)
[ok]: Slave is able to detect timeout during handshake (0 ms)
[ok]: Fixed AOF: Server should have been started (9 ms)
[ok]: Fixed AOF: Keyspace should contain values that were parseable (2 ms)
[ok]: AOF+SPOP: Server should have been started (9 ms)
[ok]: Test replication with parallel clients writing in different DBs (5090 ms)
[ok]: AOF+SPOP: Set should have 1 member (110 ms)
[ok]: AOF+SPOP: Server should have been started (2 ms)
[ok]: AOF+SPOP: Set should have 1 member (2 ms)
[ok]: Set instance A as slave of B (106 ms)
[ok]: First server should have role slave after SLAVEOF (102 ms)
[ok]: With min-slaves-to-write (1,3): master should be writable (1 ms)
[ok]: With min-slaves-to-write (2,3): master should not be writable (1 ms)
[ok]: With min-slaves-to-write function without no-write flag (1 ms)
[ok]: With not enough good slaves, read in Lua script is still accepted (1 ms)
[ok]: AOF+EXPIRE: Server should have been started (5 ms)
[ok]: AOF+EXPIRE: List should be empty (3 ms)
[ok]: Shutting down master waits for replica to catch up (shutdown) (2980 ms)
[ok]: XRANGE fuzzing (10981 ms)
[ok]: XREVRANGE regression test for issue #5006 (8 ms)
[ok]: XREAD streamID edge (no-blocking) (2 ms)
[ok]: XREAD streamID edge (blocking) (12 ms)
[ok]: XADD streamID edge (1 ms)
[ok]: Redis should not try to convert DEL into EXPIREAT for EXPIRE -1 (0 ms)
[ok]: Replication backlog size can outgrow the backlog limit config (2605 ms)
[ok]: XTRIM with MAXLEN option basic test (392 ms)
[ok]: INCRBYFLOAT replication, should not remove expire (718 ms)
[ok]: GETSET replication (4 ms)
[ok]: BRPOPLPUSH replication, when blocking against empty list (7 ms)
[ok]: XADD with LIMIT consecutive calls (36 ms)
[ok]: XTRIM with ~ is limited (34 ms)
[ok]: XTRIM without ~ is not limited (46 ms)
[ok]: XTRIM without ~ and with LIMIT (35 ms)
[ok]: XTRIM with LIMIT delete entries no more than limit (1 ms)
[ok]: XADD with MAXLEN > xlen can propagate correctly (21 ms)
[ok]: XADD with MINID > lastid can propagate correctly (31 ms)
[ok]: XADD with ~ MAXLEN can propagate correctly (31 ms)
[ok]: BRPOPLPUSH replication, list exists (1005 ms)
[ok]: BLMOVE (left, left) replication, when blocking against empty list (3 ms)
[ok]: XADD with ~ MAXLEN and LIMIT can propagate correctly (28 ms)
[ok]: XADD with ~ MINID can propagate correctly (42 ms)
[ok]: XADD with ~ MINID and LIMIT can propagate correctly (40 ms)
[ok]: Test replication partial resync: ok psync (diskless: no, disabled, reconnect: 1) (6115 ms)
[ok]: XTRIM with ~ MAXLEN can propagate correctly (45 ms)
[ok]: XADD can CREATE an empty stream (2 ms)
[ok]: XSETID can set a specific ID (6 ms)
[ok]: XSETID cannot SETID with smaller ID (1 ms)
[ok]: XSETID cannot SETID on non-existent key (0 ms)
[ok]: XSETID cannot run with an offset but without a maximal tombstone (0 ms)
[ok]: XSETID cannot run with a maximal tombstone but without an offset (1 ms)
[ok]: XSETID errors on negstive offset (2 ms)
[ok]: XSETID cannot set the maximal tombstone with larger ID (2 ms)
[ok]: XSETID cannot set the offset to less than the length (1 ms)
[ok]: BLMOVE (left, left) replication, list exists (1006 ms)
[ok]: BLMOVE (left, right) replication, when blocking against empty list (4 ms)
[ok]: With min-slaves-to-write: master not writable with lagged slave (2725 ms)
[ok]: XADD advances the entries-added counter and sets the recorded-first-entry-id (9 ms)
[ok]: XDEL/TRIM are reflected by recorded first entry (12 ms)
[ok]: Maxmimum XDEL ID behaves correctly (8 ms)
[ok]: Slave should be able to synchronize with the master (105 ms)
[ok]: MASTER and SLAVE consistency with expire (10309 ms)
[ok]: Master can replicate command longer than client-query-buffer-limit on replica (85 ms)
[ok]: Shutting down master waits for replica timeout (2972 ms)
[ok]: Empty stream can be rewrite into AOF correctly (111 ms)
[ok]: Stream can be rewrite into AOF correctly after XDEL lastid (65 ms)
[ok]: First server should have role slave after SLAVEOF (104 ms)
[ok]: Replica could use replication buffer (beyond backlog config) for partial resynchronization (3036 ms)
[ok]: XGROUP HELP should not have unexpected options (0 ms)
[ok]: XINFO HELP should not have unexpected options (1 ms)
[21/84 done]: unit/type/stream (26 seconds)
Testing integration/aof-multi-part
[ok]: BLMOVE (left, right) replication, list exists (1007 ms)
[ok]: BLMOVE (right, left) replication, when blocking against empty list (5 ms)
[ok]: Replication backlog memory will become smaller if disconnecting with replica (361 ms)
[ok]: Multi Part AOF can't load data when some file missing (164 ms)
[ok]: Replication of an expired key does not delete the expired key (524 ms)
[ok]: Detect write load to master (1010 ms)
[ok]: Multi Part AOF can't load data when the sequence not increase monotonically (172 ms)
[ok]: ZRANGEBYSCORE fuzzy test, 100 ranges in 128 element sorted set - listpack (7196 ms)
[ok]: Multi Part AOF can't load data when there are blank lines in the manifest file (158 ms)
[ok]: Multi Part AOF can't load data when there is a duplicate base file (97 ms)
[ok]: Multi Part AOF can't load data when the manifest format is wrong (type unknown) (145 ms)
[ok]: First server should have role slave after SLAVEOF (2 ms)
[ok]: ZRANGEBYLEX fuzzy test, 100 ranges in 128 element sorted set - listpack (338 ms)
[ok]: Multi Part AOF can't load data when the manifest format is wrong (missing key) (169 ms)
[ok]: BLMOVE (right, left) replication, list exists (1006 ms)
[ok]: BLMOVE (right, right) replication, when blocking against empty list (8 ms)
[ok]: Multi Part AOF can't load data when the manifest format is wrong (line too short) (178 ms)
[ok]: Multi Part AOF can't load data when the manifest format is wrong (line too long) (168 ms)
[ok]: ZREMRANGEBYLEX fuzzy test, 100 ranges in 128 element sorted set - listpack (499 ms)
[ok]: ZSETs skiplist implementation backlink consistency test - listpack (83 ms)
[ok]: Multi Part AOF can't load data when the manifest format is wrong (odd parameter) (172 ms)
[ok]: Multi Part AOF can't load data when the manifest file is empty (74 ms)
[ok]: LTRIM stress testing - ziplist (14260 ms)
[22/84 done]: unit/type/list-2 (28 seconds)
Testing integration/rdb
[ok]: Multi Part AOF can start when no aof and no manifest (265 ms)
[ok]: Shutting down master waits for replica then fails (2324 ms)
[ok]: test old version rdb file (2 ms)
[ok]: Multi Part AOF can start when we have en empty AOF dir (251 ms)
[ok]: BLMOVE (right, right) replication, list exists (1006 ms)
[ok]: RDB encoding loading test (17 ms)
[ok]: BLPOP followed by role change, issue #2473 (209 ms)
[ok]: Server started empty with non-existing RDB file (1 ms)
[ok]: Multi Part AOF can load data discontinuously increasing sequence (261 ms)
[ok]: Shutting down master waits for replica then aborted (550 ms)
[23/84 done]: integration/shutdown (12 seconds)
Testing integration/corrupt-dump
[ok]: Server started empty with empty RDB file (0 ms)
[ok]: Multi Part AOF can load data when manifest add new k-v (256 ms)
[ok]: corrupt payload: #7445 - with sanitize (258 ms)
[ok]: Second server should have role master at first (2 ms)
[ok]: SLAVEOF should start with link status "down" (3 ms)
[ok]: The role should immediately be changed to "replica" (1 ms)
[ok]: AOF fsync always barrier issue (5784 ms)
[ok]: Sync should have transferred keys from master (1 ms)
[ok]: The link status should be up (1 ms)
[ok]: Multi Part AOF can load data when some AOFs are empty (251 ms)
[ok]: corrupt payload: hash with valid zip list header, invalid entry len (254 ms)
[ok]: GETEX should not append to AOF (2 ms)
[ok]: corrupt payload: invalid zlbytes header (264 ms)
[ok]: Test RDB stream encoding (377 ms)
[ok]: Multi Part AOF can load data from old version redis (rdb preamble no) (373 ms)
[ok]: Test RDB stream encoding - sanitize dump (11 ms)
[ok]: Unknown command: Server should have logged an error (6 ms)
[ok]: corrupt payload: valid zipped hash header, dup records (243 ms)
[ok]: Server should not start if RDB is corrupted (4 ms)
[ok]: AOF+LMPOP/BLMPOP: pop elements from the list (119 ms)
[ok]: Multi Part AOF can load data from old version redis (rdb preamble yes) (366 ms)
[ok]: SET on the master should immediately propagate (812 ms)
[ok]: corrupt payload: quicklist big ziplist prev len (256 ms)
[ok]: FLUSHDB / FLUSHALL should replicate (74 ms)
[ok]: ROLE in master reports master with a slave (1 ms)
[ok]: ROLE in slave reports slave in connected state (1 ms)
[ok]: Stress tester for #3343-alike bugs comp: 0 (9205 ms)
[ok]: AOF+LMPOP/BLMPOP: after pop elements from the list (3 ms)
[ok]: Multi Part AOF can continue the upgrade from the interrupted upgrade state (268 ms)
[ok]: Test FLUSHALL aborts bgsave (308 ms)
[ok]: corrupt payload: quicklist small ziplist prev len (275 ms)
[ok]: bgsave resets the change counter (106 ms)
[ok]: Multi Part AOF can be loaded correctly when both server dir and aof dir contain old AOF (182 ms)
[ok]: AOF+ZMPOP/BZMPOP: pop elements from the zset (111 ms)
[ok]: Multi Part AOF can't load data when the manifest contains the old AOF file name but the file does not exist in server dir and aof dir (172 ms)
[ok]: corrupt payload: quicklist ziplist wrong count (261 ms)
[ok]: AOF+ZMPOP/BZMPOP: after pop elements from the zset (7 ms)
[ok]: corrupt payload: #3080 - quicklist (266 ms)
[ok]: Multi Part AOF can upgrade when when two redis share the same server dir (redis1) (58 ms)
[ok]: ZSETs ZRANK augmented skip list stress testing - listpack (3049 ms)
[ok]: BZPOPMIN, ZADD + DEL should not awake blocked client (8 ms)
[ok]: BZPOPMIN, ZADD + DEL + SET should not awake blocked client (6 ms)
[ok]: BZMPOP_MIN, ZADD + DEL should not awake blocked client (11 ms)
[ok]: BZMPOP_MIN, ZADD + DEL + SET should not awake blocked client (8 ms)
[ok]: BZPOPMIN with same key multiple times should work (6 ms)
[ok]: MULTI/EXEC is isolated from the point of view of BZPOPMIN (5 ms)
[ok]: BZPOPMIN with variadic ZADD (2 ms)
[ok]: Multi Part AOF can upgrade when when two redis share the same server dir (redis2) (115 ms)
[ok]: corrupt payload: quicklist with empty ziplist (149 ms)
[ok]: Multi Part AOF can upgrade when when two redis share the same server dir (574 ms)
[ok]: Generate timestamp annotations in AOF (277 ms)
[ok]: corrupt payload: quicklist encoded_len is 0 (273 ms)
[ok]: Successfully load AOF which has timestamp annotations inside (4 ms)
[ok]: Partial resynchronization is successful even client-output-buffer-limit is less than repl-backlog-size (4253 ms)
[ok]: corrupt payload: quicklist listpack entry start with EOF (255 ms)
[ok]: Multi Part AOF can handle appendfilename contains whitespaces (380 ms)
[ok]: corrupt payload: #3080 - ziplist (261 ms)
[ok]: Multi Part AOF can create BASE (RDB format) when redis starts from empty (268 ms)
[ok]: Slave is able to evict keys created in writable slaves (6010 ms)
[ok]: corrupt payload: load corrupted rdb with no CRC - #3505 (101 ms)
[ok]: BZPOPMIN with zero timeout should block indefinitely (1004 ms)
[ok]: MULTI/EXEC is isolated from the point of view of BZMPOP_MIN (11 ms)
[ok]: BZMPOP_MIN with variadic ZADD (2 ms)
[ok]: Writable replica doesn't return expired keys (110 ms)
[ok]: Multi Part AOF can create BASE (AOF format) when redis starts from empty (169 ms)
[ok]: PFCOUNT updates cache on readonly replica (6 ms)
[ok]: corrupt payload: load corrupted rdb with empty keys (164 ms)
[ok]: PFCOUNT doesn't use expired key on readonly replica (107 ms)
[ok]: Make sure aof manifest appendonly.aof.manifest not in aof directory (0 ms)
[ok]: Truncate AOF to specific timestamp (841 ms)
[ok]: corrupt payload: load corrupted rdb with empty keys (271 ms)
[ok]: client freed during loading (1865 ms)
[24/84 done]: integration/replication-3 (17 seconds)
Testing integration/corrupt-dump-fuzzer
[ok]: The update of replBufBlock's repl_offset is ok - Regression test for #11666 (15 ms)
[ok]: corrupt payload: listpack invalid size header (268 ms)
[ok]: AOF enable will create manifest file (457 ms)
[ok]: corrupt payload: listpack too long entry len (183 ms)
[ok]: corrupt payload: listpack very long entry len (80 ms)
[ok]: BZMPOP_MIN with zero timeout should block indefinitely (1008 ms)
[ok]: ZSCORE - skiplist (103 ms)
[ok]: corrupt payload: listpack too long entry prev len (268 ms)
[ok]: ZMSCORE - skiplist (105 ms)
[ok]: ZSCORE after a DEBUG RELOAD - skiplist (96 ms)
[ok]: ZSET sorting stresser - skiplist (74 ms)
[ok]: corrupt payload: stream with duplicate consumers (259 ms)
[ok]: corrupt payload: hash ziplist with duplicate records (269 ms)
[ok]: Replica client-output-buffer size is limited to backlog_limit/16 when no replication data is pending (2293 ms)
[25/84 done]: integration/replication-buffer (17 seconds)
Testing integration/convert-zipmap-hash-on-load
[ok]: corrupt payload: hash listpack with duplicate records (169 ms)
[ok]: Test RDB load info (1322 ms)
[ok]: RDB load zipmap hash: converts to listpack (2 ms)
[ok]: corrupt payload: hash listpack with duplicate records - convert (202 ms)
[ok]: RDB load zipmap hash: converts to hash table when hash-max-ziplist-entries is exceeded (1 ms)
[ok]: corrupt payload: hash ziplist uneven record count (264 ms)
[ok]: AOF multiple rewrite failures will open multiple INCR AOFs (1848 ms)
[ok]: RDB load zipmap hash: converts to hash table when hash-max-ziplist-value is exceeded (1 ms)
[ok]: Test replication partial resync: no backlog (diskless: no, disabled, reconnect: 1) (7754 ms)
[26/84 done]: integration/convert-zipmap-hash-on-load (1 seconds)
Testing integration/convert-ziplist-hash-on-load
[ok]: corrupt payload: hash duplicate records (275 ms)
[ok]: RDB load ziplist hash: converts to listpack when RDB loading (0 ms)
[ok]: EVAL timeout with slow verbatim Lua script from AOF (2537 ms)
[ok]: corrupt payload: hash empty zipmap (281 ms)
[ok]: corrupt payload: fuzzer findings - NPD in streamIteratorGetID (76 ms)
[ok]: AOF rewrite doesn't open new aof when AOF turn off (518 ms)
[ok]: RDB load ziplist hash: converts to hash table when hash-max-ziplist-entries is exceeded (4 ms)
[ok]: corrupt payload: fuzzer findings - listpack NPD on invalid stream (166 ms)
[27/84 done]: integration/convert-ziplist-hash-on-load (1 seconds)
Testing integration/convert-ziplist-zset-on-load
[ok]: EVAL can process writes from AOF in read-only replicas (288 ms)
[ok]: Test redis-check-aof for old style resp AOF (5 ms)
[ok]: Test redis-check-aof for old style rdb-preamble AOF (13 ms)
[ok]: Test redis-check-aof for Multi Part AOF with resp AOF base (11 ms)
[ok]: Test redis-check-aof for Multi Part AOF with rdb-preamble AOF base (23 ms)
[ok]: RDB load ziplist zset: converts to listpack when RDB loading (1 ms)
[ok]: AOF enable/disable auto gc (223 ms)
[ok]: Test redis-check-aof only truncates the last file for Multi Part AOF in fix mode (29 ms)
[ok]: Test redis-check-aof only truncates the last file for Multi Part AOF in truncate-to-timestamp mode (4 ms)
[ok]: Slave should be able to synchronize with the master (109 ms)
[ok]: FLUSHDB / FLUSHALL should persist in AOF (8 ms)
[ok]: MASTER and SLAVE dataset should be identical after complex ops (17727 ms)
[ok]: corrupt payload: fuzzer findings - NPD in quicklistIndex (261 ms)
[28/84 done]: integration/aof (15 seconds)
Testing integration/logging
[ok]: AOF can produce consecutive sequence number after reload (210 ms)
[ok]: RDB load ziplist zset: converts to skiplist when zset-max-ziplist-entries is exceeded (3 ms)
[29/84 done]: integration/replication-2 (22 seconds)
Testing integration/psync2
[30/84 done]: integration/convert-ziplist-zset-on-load (0 seconds)
Testing integration/psync2-reg
[ok]: corrupt payload: fuzzer findings - encoded entry header reach outside the allocation (257 ms)
[ok]: AOF enable during BGSAVE will not write data util AOFRW finish (403 ms)
[ok]: Server is able to generate a stack trace on selected systems (204 ms)
[ok]: corrupt payload: fuzzer findings - invalid ziplist encoding (257 ms)
[ok]: Test child sending info (1960 ms)
[ok]: Crash report generated on SIGABRT (15 ms)
[ok]: corrupt payload: fuzzer findings - hash crash (257 ms)
[ok]: PSYNC2: --- CYCLE 1 --- (0 ms)
[ok]: PSYNC2: [NEW LAYOUT] Set #1 as master (1 ms)
[ok]: PSYNC2: Set #4 to replicate from #3 (2 ms)
[ok]: Detect write load to master (1003 ms)
[ok]: script won't load anymore if it's in rdb (1 ms)
[ok]: Crash report generated on DEBUG SEGFAULT (8 ms)
[31/84 done]: integration/logging (1 seconds)
Testing integration/psync2-pingoff
[ok]: corrupt payload: fuzzer findings - uneven entry count in hash (251 ms)
[ok]: Test replication with blocking lists and sorted sets operations (25010 ms)
[32/84 done]: integration/block-repl (26 seconds)
Testing integration/psync2-master-restart
[ok]: corrupt payload: fuzzer findings - invalid read in lzf_decompress (254 ms)
[ok]: AOF will trigger limit when AOFRW fails many times (920 ms)
[ok]: corrupt payload: fuzzer findings - leak in rdbloading due to dup entry in set (246 ms)
[ok]: failed bgsave prevents writes (312 ms)
[33/84 done]: integration/rdb (9 seconds)
Testing integration/failover
[ok]: PSYNC2 #3899 regression: setup (1018 ms)
[ok]: corrupt payload: fuzzer findings - empty intset (259 ms)
[ok]: PSYNC2: Set #0 to replicate from #1 (4 ms)
[ok]: PSYNC2: Set #2 to replicate from #4 (2 ms)
[ok]: failover command fails without connected replica (2 ms)
[ok]: corrupt payload: fuzzer findings - zset ziplist entry lensize is 0 (174 ms)
[ok]: setup replication for following tests (102 ms)
[ok]: failover command fails with invalid host (2 ms)
[ok]: failover command fails with invalid port (1 ms)
[ok]: failover command fails with just force and timeout (0 ms)
[ok]: failover command fails when sent to a replica (1 ms)
[ok]: failover command fails with force without timeout (0 ms)
[ok]: PSYNC2 #3899 regression: kill chained replica (1 ms)
[ok]: PSYNC2 #3899 regression: kill first replica (1 ms)
[ok]: corrupt payload: fuzzer findings - valgrind ziplist prevlen reaches outside the ziplist (255 ms)
[ok]: MIGRATE can correctly transfer large values (20726 ms)
[ok]: PSYNC2 pingoff: setup (1007 ms)
[ok]: PSYNC2 pingoff: write and wait replication (1 ms)
[ok]: corrupt payload: fuzzer findings - valgrind - bad rdbLoadDoubleValue (163 ms)
[ok]: MIGRATE can correctly transfer hashes (270 ms)
[ok]: corrupt payload: fuzzer findings - valgrind ziplist prev too big (260 ms)
[ok]: PSYNC2: Set #3 to replicate from #0 (4 ms)
[ok]: corrupt payload: fuzzer findings - lzf decompression fails, avoid valgrind invalid read (262 ms)
[ok]: corrupt payload: fuzzer findings - stream bad lp_count (262 ms)
[ok]: MIGRATE timeout actually works (694 ms)
[ok]: PSYNC2: Partial resync after Master restart using RDB aux fields when offset is 0 (1057 ms)
[ok]: corrupt payload: fuzzer findings - stream bad lp_count - unsanitized (198 ms)
[ok]: MIGRATE can migrate multiple keys at once (144 ms)
[ok]: MIGRATE with multiple keys must have empty key arg (1 ms)
[ok]: corrupt payload: fuzzer findings - stream integrity check issue (153 ms)
[ok]: corrupt payload: fuzzer findings - infinite loop (188 ms)
[ok]: MIGRATE with multiple keys migrate just existing ones (257 ms)
[ok]: corrupt payload: fuzzer findings - hash ziplist too long entry len (164 ms)
[ok]: PSYNC2: cluster is consistent after failover (3 ms)
[ok]: MIGRATE with multiple keys: stress command rewriting (271 ms)
[ok]: corrupt payload: OOM in rdbGenericLoadStringObject (155 ms)
[ok]: MIGRATE with multiple keys: delete just ack keys (172 ms)
[ok]: corrupt payload: fuzzer findings - OOM in dictExpand (152 ms)
[ok]: AOF will open a temporary INCR AOF to accumulate data until the first AOFRW success when AOF is dynamically enabled (2657 ms)
[ok]: failover command to specific replica works (2220 ms)
[34/84 done]: integration/aof-multi-part (13 seconds)
Testing integration/redis-cli
[ok]: MIGRATE AUTH: correct and wrong password cases (271 ms)
[ok]: corrupt payload: fuzzer findings - zset ziplist invalid tail offset (269 ms)
[ok]: corrupt payload: fuzzer findings - negative reply length (75 ms)
[ok]: Interactive CLI: INFO response should be printed raw (72 ms)
[35/84 done]: unit/dump (39 seconds)
Testing integration/redis-benchmark
[ok]: Interactive CLI: Status reply (75 ms)
[ok]: Interactive CLI: Integer reply (72 ms)
[ok]: Interactive CLI: Bulk reply (75 ms)
[ok]: corrupt payload: fuzzer findings - valgrind negative malloc (266 ms)
[ok]: PSYNC2 #3899 regression: kill chained replica (0 ms)
[ok]: Interactive CLI: Multi-bulk reply (67 ms)
[ok]: benchmark: set,get (30 ms)
[ok]: benchmark: connecting using URI set,get (26 ms)
[ok]: failover command to any replica works (719 ms)
[ok]: benchmark: connecting using URI with authentication set,get (30 ms)
[ok]: PSYNC2 #3899 regression: kill first replica (0 ms)
[ok]: corrupt payload: fuzzer findings - valgrind invalid read (269 ms)
[ok]: Interactive CLI: Parsing quotes (440 ms)
[ok]: Non-interactive TTY CLI: Status reply (8 ms)
[ok]: Non-interactive TTY CLI: Integer reply (12 ms)
[ok]: Non-interactive TTY CLI: Bulk reply (10 ms)
[ok]: corrupt payload: fuzzer findings - empty hash ziplist (262 ms)
[ok]: Non-interactive TTY CLI: Multi-bulk reply (15 ms)
[ok]: failover to a replica with force works (409 ms)
[ok]: Non-interactive TTY CLI: Read last argument from pipe (30 ms)
[ok]: Non-interactive TTY CLI: Read last argument from file (25 ms)
[ok]: benchmark: full test suite (439 ms)
[ok]: Non-interactive TTY CLI: Escape character in JSON mode (79 ms)
[ok]: Non-interactive non-TTY CLI: Status reply (12 ms)
[ok]: Non-interactive non-TTY CLI: Integer reply (14 ms)
[ok]: Non-interactive non-TTY CLI: Bulk reply (10 ms)
[ok]: corrupt payload: fuzzer findings - stream with no records (186 ms)
[ok]: Non-interactive non-TTY CLI: Multi-bulk reply (14 ms)
[ok]: Non-interactive non-TTY CLI: ASK redirect test (83 ms)
[ok]: Non-interactive non-TTY CLI: Quoted input arguments (7 ms)
[ok]: Non-interactive non-TTY CLI: No accidental unquoting of input arguments (18 ms)
[ok]: Non-interactive non-TTY CLI: Invalid quoted input arguments (21 ms)
[ok]: Non-interactive non-TTY CLI: Read last argument from pipe (21 ms)
[ok]: ziplist implementation: value encoding and backlink (10913 ms)
[ok]: Non-interactive non-TTY CLI: Read last argument from file (19 ms)
[ok]: corrupt payload: fuzzer findings - quicklist ziplist tail followed by extra data which start with 0xff (175 ms)
[ok]: PSYNC2: Partial resync after Master restart using RDB aux fields with data (1159 ms)
[ok]: benchmark: multi-thread set,get (537 ms)
[ok]: corrupt payload: fuzzer findings - dict init to huge size (260 ms)
[ok]: failover with timeout aborts if replica never catches up (647 ms)
[ok]: failovers can be aborted (123 ms)
[ok]: corrupt payload: fuzzer findings - huge string (257 ms)
[ok]: failover aborts if target rejects sync request (325 ms)
[ok]: corrupt payload: fuzzer findings - stream PEL without consumer (296 ms)
[ok]: benchmark: pipelined full set,get (595 ms)
[ok]: benchmark: arbitrary command (48 ms)
[ok]: ZRANGEBYSCORE fuzzy test, 100 ranges in 100 element sorted set - skiplist (8600 ms)
[ok]: corrupt payload: fuzzer findings - stream listpack valgrind issue (209 ms)
[ok]: Fuzzer corrupt restore payloads - sanitize_dump: no (9620 ms)
[ok]: benchmark: keyspace length (178 ms)
[ok]: Replication: commands with many arguments (issue #1221) (14892 ms)
[ok]: benchmark: clients idle mode should return error when reached maxclients limit (16 ms)
[ok]: ZRANGEBYLEX fuzzy test, 100 ranges in 100 element sorted set - skiplist (250 ms)
[36/84 done]: integration/redis-benchmark (3 seconds)
Testing integration/dismiss-mem
[ok]: corrupt payload: fuzzer findings - stream with bad lpFirst (260 ms)
[ok]: PSYNC2 #3899 regression: kill first replica (0 ms)
[ok]: ZREMRANGEBYLEX fuzzy test, 100 ranges in 100 element sorted set - skiplist (292 ms)
[ok]: ZSETs skiplist implementation backlink consistency test - skiplist (48 ms)
[ok]: corrupt payload: fuzzer findings - stream listpack lpPrev valgrind issue (199 ms)
[ok]: PSYNC2 pingoff: pause replica and promote it (5004 ms)
[ok]: corrupt payload: fuzzer findings - stream with non-integer entry id (254 ms)
[37/84 done]: integration/failover (6 seconds)
Testing unit/pubsub
[ok]: AOF rewrite during write load: RDB preamble=no (27410 ms)
[ok]: corrupt payload: fuzzer findings - empty quicklist (255 ms)
[ok]: Replication of SPOP command -- alsoPropagate() API (924 ms)
[ok]: PSYNC2 #3899 regression: kill first replica (1 ms)
[ok]: Pub/Sub PING (4 ms)
[ok]: PUBLISH/SUBSCRIBE basics (6 ms)
[ok]: PUBLISH/SUBSCRIBE with two clients (4 ms)
[ok]: PUBLISH/SUBSCRIBE after UNSUBSCRIBE without arguments (3 ms)
[ok]: SUBSCRIBE to one channel more than once (3 ms)
[ok]: UNSUBSCRIBE from non-subscribed channels (2 ms)
[ok]: PUBLISH/PSUBSCRIBE basics (7 ms)
[ok]: PUBLISH/PSUBSCRIBE with two clients (6 ms)
[ok]: PUBLISH/PSUBSCRIBE after PUNSUBSCRIBE without arguments (3 ms)
[ok]: PubSub messages with CLIENT REPLY OFF (96 ms)
[ok]: PUNSUBSCRIBE from non-subscribed channels (3 ms)
[ok]: NUMSUB returns numbers, not strings (#1561) (1 ms)
[ok]: NUMPATs returns the number of unique patterns (7 ms)
[ok]: Mix SUBSCRIBE and PSUBSCRIBE (7 ms)
[ok]: PUNSUBSCRIBE and UNSUBSCRIBE should always reply (2 ms)
[ok]: corrupt payload: fuzzer findings - empty zset (262 ms)
[ok]: Keyspace notifications: we receive keyspace notifications (50 ms)
[ok]: Keyspace notifications: we receive keyevent notifications (48 ms)
[ok]: SRANDMEMBER with a dict containing long chain (33002 ms)
[ok]: Keyspace notifications: we can receive both kind of events (9 ms)
[ok]: Keyspace notifications: we are able to mask events (6 ms)
[ok]: SMOVE basics - from regular set to intset (12 ms)
[ok]: Keyspace notifications: general events test (5 ms)
[ok]: SMOVE basics - from intset to regular set (5 ms)
[ok]: Keyspace notifications: list events test (8 ms)
[ok]: Keyspace notifications: set events test (10 ms)
[ok]: Keyspace notifications: zset events test (4 ms)
[ok]: SMOVE non existing key (22 ms)
[ok]: Keyspace notifications: hash events test (5 ms)
[ok]: SMOVE non existing src set (6 ms)
[ok]: SMOVE from regular set to non existing destination set (2 ms)
[ok]: SMOVE from intset to non existing destination set (3 ms)
[ok]: SMOVE wrong src key type (0 ms)
[ok]: SMOVE wrong dst key type (1 ms)
[ok]: SMOVE with identical source and destination (1 ms)
[ok]: Keyspace notifications: stream events test (14 ms)
[ok]: SMOVE only notify dstset when the addition is successful (3 ms)
[ok]: corrupt payload: fuzzer findings - hash with len of 0 (184 ms)
[ok]: Keyspace notifications: expired events (triggered expire) (104 ms)
[ok]: PSYNC2 #3899 regression: kill chained replica (0 ms)
[ok]: dismiss all data types memory (1248 ms)
[ok]: Keyspace notifications: expired events (background expire) (163 ms)
[ok]: Keyspace notifications: evicted events (5 ms)
[ok]: Keyspace notifications: test CONFIG GET/SET of event flags (8 ms)
[ok]: Keyspace notifications: new key test (3 ms)
[ok]: corrupt payload: fuzzer findings - hash listpack first element too long entry len (270 ms)
[ok]: Make the old master a replica of the new one and check conditions (1016 ms)
[38/84 done]: unit/pubsub (0 seconds)
Testing unit/pubsubshard
[ok]: First server should have role slave after SLAVEOF (6 ms)
[ok]: PSYNC2 #3899 regression: kill chained replica (1 ms)
[ok]: corrupt payload: fuzzer findings - stream double free listpack when insert dup node to rax returns 0 (260 ms)
[ok]: SPUBLISH/SSUBSCRIBE basics (14 ms)
[ok]: SPUBLISH/SSUBSCRIBE with two clients (9 ms)
[ok]: SPUBLISH/SSUBSCRIBE after UNSUBSCRIBE without arguments (10 ms)
[ok]: SSUBSCRIBE to one channel more than once (4 ms)
[ok]: PSYNC2: Partial resync after Master restart using RDB aux fields with expire (2874 ms)
[ok]: SUNSUBSCRIBE from non-subscribed channels (10 ms)
[ok]: PUBSUB command basics (0 ms)
[ok]: SPUBLISH/SSUBSCRIBE with two clients (5 ms)
[ok]: SPUBLISH/SSUBSCRIBE with PUBLISH/SUBSCRIBE (15 ms)
[ok]: PubSubShard with CLIENT REPLY OFF (99 ms)
[ok]: PSYNC2: generate load while killing replication links (5003 ms)
[ok]: PSYNC2: cluster is consistent after load (x = 9319) (1 ms)
[ok]: PSYNC2: total sum of full synchronizations is exactly 4 (1 ms)
[ok]: PSYNC2: --- CYCLE 2 --- (0 ms)
[ok]: PSYNC2: [NEW LAYOUT] Set #0 as master (1 ms)
[ok]: PSYNC2: Set #4 to replicate from #2 (1 ms)
[ok]: corrupt payload: fuzzer findings - LCS OOM (276 ms)
[ok]: corrupt payload: fuzzer findings - gcc asan reports false leak on assert (194 ms)
[ok]: corrupt payload: fuzzer findings - lpFind invalid access (177 ms)
[ok]: setup replication for following tests (103 ms)
[ok]: publish message to master and receive on replica (4 ms)
[ok]: PSYNC2 #3899 regression: kill chained replica (3 ms)
[ok]: Turning off AOF kills the background writing child if any (114 ms)
[ok]: Data divergence can happen under default conditions (991 ms)
[ok]: Data divergence is allowed on writable replicas (7 ms)
[ok]: corrupt payload: fuzzer findings - invalid access in ziplist tail prevlen decoding (267 ms)
[39/84 done]: integration/replication-4 (30 seconds)
Testing unit/slowlog
[ok]: SLOWLOG - check that it starts with an empty log (2 ms)
[ok]: corrupt payload: fuzzer findings - zset zslInsert with a NAN score (248 ms)
[ok]: AOF rewrite of list with quicklist encoding, string data (378 ms)
[ok]: ZSETs ZRANK augmented skip list stress testing - skiplist (2739 ms)
[ok]: BZPOPMIN, ZADD + DEL should not awake blocked client (2 ms)
[ok]: PSYNC2: Set #1 to replicate from #0 (1 ms)
[ok]: PSYNC2: Set #2 to replicate from #0 (1 ms)
[ok]: BZPOPMIN, ZADD + DEL + SET should not awake blocked client (103 ms)
[ok]: BZMPOP_MIN, ZADD + DEL should not awake blocked client (5 ms)
[ok]: BZMPOP_MIN, ZADD + DEL + SET should not awake blocked client (5 ms)
[ok]: SLOWLOG - only logs commands taking more time than specified (204 ms)
[ok]: BZPOPMIN with same key multiple times should work (5 ms)
[ok]: MULTI/EXEC is isolated from the point of view of BZPOPMIN (4 ms)
[ok]: BZPOPMIN with variadic ZADD (3 ms)
[ok]: SLOWLOG - max entries is correctly handled (36 ms)
[ok]: SLOWLOG - GET optional argument to limit output len works (0 ms)
[ok]: SLOWLOG - RESET subcommand works (1 ms)
[ok]: Test replication partial resync: ok after delay (diskless: no, disabled, reconnect: 1) (9162 ms)
[ok]: corrupt payload: fuzzer findings - streamLastValidID panic (281 ms)
[ok]: Dumping an RDB - functions only: no (4444 ms)
[ok]: dismiss client output buffer (1928 ms)
[ok]: SLOWLOG - logged entry sanity check (206 ms)
[ok]: AOF rewrite of list with quicklist encoding, int data (395 ms)
[ok]: SLOWLOG - Certain commands are omitted that contain sensitive information (4 ms)
[ok]: SLOWLOG - Some commands can redact sensitive fields (6 ms)
[ok]: SLOWLOG - Rewritten commands are logged as their original command (9 ms)
[ok]: SLOWLOG - commands with too many arguments are trimmed (2 ms)
[ok]: SLOWLOG - too long arguments are trimmed (3 ms)
[ok]: corrupt payload: fuzzer findings - valgrind fishy value warning (253 ms)
[40/84 done]: integration/corrupt-dump (17 seconds)
Testing unit/scripting
[ok]: AOF rewrite of set with intset encoding, string data (113 ms)
[ok]: dismiss client query buffer (205 ms)
[ok]: SLOWLOG - EXEC is not logged, just executed commands (203 ms)
[ok]: EVAL - Does Lua interpreter replies to our requests? (1 ms)
[ok]: EVAL - Return _G (0 ms)
[ok]: EVAL - Return table with a metatable that raise error (1 ms)
[ok]: EVAL - Return table with a metatable that call redis (1 ms)
[ok]: EVAL - Lua integer -> Redis protocol type conversion (1 ms)
[ok]: EVAL - Lua string -> Redis protocol type conversion (2 ms)
[ok]: EVAL - Lua true boolean -> Redis protocol type conversion (1 ms)
[ok]: EVAL - Lua false boolean -> Redis protocol type conversion (7 ms)
[ok]: EVAL - Lua status code reply -> Redis protocol type conversion (0 ms)
[ok]: EVAL - Lua error reply -> Redis protocol type conversion (1 ms)
[ok]: EVAL - Lua table -> Redis protocol type conversion (1 ms)
[ok]: EVAL - Are the KEYS and ARGV arrays populated correctly? (7 ms)
[ok]: EVAL - is Lua able to call Redis API? (2 ms)
[ok]: EVAL - Redis integer -> Lua type conversion (1 ms)
[ok]: EVAL - Redis bulk -> Lua type conversion (0 ms)
[ok]: EVAL - Redis multi bulk -> Lua type conversion (2 ms)
[ok]: EVAL - Redis status reply -> Lua type conversion (2 ms)
[ok]: EVAL - Redis error reply -> Lua type conversion (2 ms)
[ok]: EVAL - Redis nil bulk reply -> Lua type conversion (1 ms)
[ok]: EVAL - Is the Lua client using the currently selected DB? (2 ms)
[ok]: EVAL - SELECT inside Lua should not affect the caller (4 ms)
[ok]: EVAL - Scripts can't run blpop command (1 ms)
[ok]: EVAL - Scripts can't run brpop command (2 ms)
[ok]: EVAL - Scripts can't run brpoplpush command (1 ms)
[ok]: EVAL - Scripts can't run blmove command (2 ms)
[ok]: EVAL - Scripts can't run bzpopmin command (1 ms)
[ok]: EVAL - Scripts can't run bzpopmax command (2 ms)
[ok]: EVAL - Scripts can't run XREAD and XREADGROUP with BLOCK option (5 ms)
[ok]: EVAL - Scripts can run non-deterministic commands (1 ms)
[ok]: EVAL - No arguments to redis.call/pcall is considered an error (3 ms)
[ok]: EVAL - redis.call variant raises a Lua error on Redis cmd error (1) (1 ms)
[ok]: EVAL - redis.call variant raises a Lua error on Redis cmd error (1) (3 ms)
[ok]: EVAL - redis.call variant raises a Lua error on Redis cmd error (1) (1 ms)
[ok]: EVAL - JSON numeric decoding (1 ms)
[ok]: EVAL - JSON string decoding (3 ms)
[ok]: EVAL - JSON smoke test (1 ms)
[ok]: EVAL - cmsgpack can pack double? (2 ms)
[ok]: EVAL - cmsgpack can pack negative int64? (6 ms)
[ok]: Slave should be able to synchronize with the master (112 ms)
[ok]: SLOWLOG - can clean older entries (202 ms)
Waiting for process 8826 to exit...
[ok]: AOF rewrite of set with hashtable encoding, string data (393 ms)
[ok]: AOF rewrite of set with intset encoding, int data (110 ms)
[ok]: PSYNC2: Set #3 to replicate from #1 (0 ms)
[ok]: Connect multiple replicas at the same time (issue #141), master diskless=no, replica diskless=disabled (15489 ms)
[ok]: EVAL - cmsgpack pack/unpack smoke test (395 ms)
[ok]: EVAL - cmsgpack can pack and unpack circular references? (2 ms)
[ok]: EVAL - Numerical sanity check from bitop (3 ms)
[ok]: EVAL - Verify minimal bitop functionality (1 ms)
[ok]: EVAL - Able to parse trailing comments (2 ms)
[ok]: EVAL_RO - Successful case (2 ms)
[ok]: EVAL_RO - Cannot run write commands (1 ms)
[ok]: redis.sha1hex() implementation (1 ms)
[ok]: Globals protection reading an undeclared global variable (1 ms)
[ok]: Globals protection setting an undeclared global* (1 ms)
[ok]: Test an example script DECR_IF_GT (2 ms)
[ok]: BZPOPMIN with zero timeout should block indefinitely (1004 ms)
[ok]: MULTI/EXEC is isolated from the point of view of BZMPOP_MIN (4 ms)
[ok]: BZMPOP_MIN with variadic ZADD (3 ms)
[ok]: SLOWLOG - can be disabled (412 ms)
[ok]: SLOWLOG - count must be >= -1 (0 ms)
[ok]: SLOWLOG - get all slow logs (10 ms)
[41/84 done]: unit/pubsubshard (3 seconds)
Testing unit/functions
[ok]: AOF rewrite of set with hashtable encoding, int data (292 ms)
[ok]: FUNCTION - Basic usage (1 ms)
[ok]: FUNCTION - Load with unknown argument (0 ms)
[ok]: FUNCTION - Create an already exiting library raise error (1 ms)
[ok]: FUNCTION - Create an already exiting library raise error (case insensitive) (1 ms)
[ok]: FUNCTION - Create a library with wrong name format (1 ms)
[ok]: FUNCTION - Create library with unexisting engine (0 ms)
[ok]: FUNCTION - Test uncompiled script (0 ms)
[ok]: FUNCTION - test replace argument (1 ms)
[ok]: FUNCTION - test function case insensitive (1 ms)
[ok]: FUNCTION - test replace argument with failure keeps old libraries (4 ms)
[ok]: FUNCTION - test function delete (1 ms)
[ok]: FUNCTION - test fcall bad arguments (0 ms)
[ok]: FUNCTION - test fcall bad number of keys arguments (0 ms)
[ok]: FUNCTION - test fcall negative number of keys (1 ms)
[ok]: FUNCTION - test delete on not exiting library (0 ms)
[ok]: FUNCTION - test function kill when function is not running (0 ms)
[ok]: FUNCTION - test wrong subcommand (0 ms)
[ok]: FUNCTION - test loading from rdb (2 ms)
[ok]: FUNCTION - test debug reload different options (4 ms)
[ok]: FUNCTION - test debug reload with nosave and noflush (2 ms)
[ok]: FUNCTION - test flushall and flushdb do not clean functions (1 ms)
[ok]: FUNCTION - test function dump and restore (7 ms)
[ok]: FUNCTION - test function dump and restore with flush argument (2 ms)
[ok]: FUNCTION - test function dump and restore with append argument (10 ms)
[ok]: FUNCTION - test function dump and restore with replace argument (2 ms)
[ok]: FUNCTION - test function restore with bad payload do not drop existing functions (1 ms)
[ok]: FUNCTION - test function restore with wrong number of arguments (0 ms)
[ok]: FUNCTION - test fcall_ro with write command (1 ms)
[ok]: FUNCTION - test fcall_ro with read only commands (0 ms)
[ok]: FUNCTION - test keys and argv (3 ms)
[ok]: FUNCTION - test command get keys on fcall (0 ms)
[ok]: FUNCTION - test command get keys on fcall_ro (1 ms)
[42/84 done]: unit/slowlog (1 seconds)
Testing unit/maxmemory
[ok]: Dumping an RDB - functions only: yes (1120 ms)
[ok]: AOF rewrite of hash with listpack encoding, string data (105 ms)
[ok]: eviction due to output buffers of many MGET clients, client eviction: false (145 ms)
[ok]: Scan mode (214 ms)
[ok]: Detect write load to master (1003 ms)
[ok]: FUNCTION - test function kill (413 ms)
[ok]: PSYNC2: Full resync after Master restart when too many key expired (2974 ms)
[ok]: AOF rewrite of hash with hashtable encoding, string data (427 ms)
[ok]: PSYNC2 #3899 regression: kill chained replica (0 ms)
[ok]: AOF rewrite of hash with listpack encoding, int data (62 ms)
[ok]: EVAL does not leak in the Lua stack (826 ms)
[ok]: Call Redis command with many args from Lua (issue #1764) (1 ms)
[ok]: Number conversion precision test (issue #1118) (0 ms)
[ok]: String containing number precision test (regression of issue #1118) (3 ms)
[ok]: Verify negative arg count is error instead of crash (issue #1842) (1 ms)
[ok]: Scripts can handle commands with incorrect arity (2 ms)
[ok]: Correct handling of reused argv (issue #1939) (1 ms)
[ok]: Functions in the Redis namespace are able to report errors (0 ms)
[ok]: CLUSTER RESET can not be invoke from within a script (3 ms)
[ok]: Script with RESP3 map (10 ms)
[ok]: dismiss replication backlog (1417 ms)
[ok]: PSYNC2: cluster is consistent after failover (1 ms)
[43/84 done]: integration/psync2-master-restart (11 seconds)
Testing unit/introspection
[ok]: eviction due to input buffer of a dead client, client eviction: false (470 ms)
[ok]: Script return recursive object (126 ms)
[ok]: Script check unpack with massive arguments (12 ms)
[ok]: Script read key with expiration set (6 ms)
[ok]: Script del key with expiration set (2 ms)
[44/84 done]: integration/dismiss-mem (5 seconds)
Testing unit/introspection-2
[ok]: Script ACL check (8 ms)
[ok]: Binary code loading failed (2 ms)
[ok]: Try trick global protection 1 (2 ms)
[ok]: Try trick global protection 2 (1 ms)
[ok]: Try trick global protection 3 (2 ms)
[ok]: Try trick global protection 4 (0 ms)
[ok]: Try trick readonly table on redis table (2 ms)
[ok]: Try trick readonly table on json table (2 ms)
[ok]: Try trick readonly table on cmsgpack table (1 ms)
[ok]: Try trick readonly table on bit table (2 ms)
[ok]: Test loadfile are not available (1 ms)
[ok]: Test dofile are not available (2 ms)
[ok]: Test print are not available (1 ms)
[ok]: BZMPOP_MIN with zero timeout should block indefinitely (1005 ms)
[ok]: BZPOP/BZMPOP against wrong type (3 ms)
[ok]: FUNCTION - test script kill not working on function (408 ms)
[ok]: BZMPOP with illegal argument (5 ms)
[ok]: BZMPOP with multiple blocked clients (18 ms)
[ok]: PING (2 ms)
[ok]: CLIENT LIST (6 ms)
[ok]: CLIENT LIST with IDs (1 ms)
[ok]: CLIENT INFO (1 ms)
[ok]: CLIENT KILL with illegal arguments (2 ms)
[ok]: CLIENT KILL SKIPME YES/NO will kill all clients (7 ms)
[ok]: AOF rewrite of hash with hashtable encoding, int data (354 ms)
[ok]: CLIENT REPLY OFF/ON: disable all commands reply (50 ms)
[ok]: CLIENT REPLY SKIP: skip the next command reply (47 ms)
[ok]: AOF rewrite of zset with listpack encoding, string data (67 ms)
[ok]: CLIENT REPLY ON: unset SKIP flag (44 ms)
[ok]: MONITOR can log executed commands (1 ms)
[ok]: MONITOR can log commands issued by the scripting engine (1 ms)
[ok]: MONITOR can log commands issued by functions (4 ms)
[ok]: MONITOR supports redacting command arguments (4 ms)
[ok]: MONITOR correctly handles multi-exec cases (8 ms)
[ok]: CLIENT GETNAME should return NIL if name is not assigned (1 ms)
[ok]: CLIENT LIST shows empty fields for unassigned names (2 ms)
[ok]: CLIENT SETNAME does not accept spaces (0 ms)
[ok]: CLIENT SETNAME can assign a name to this connection (1 ms)
[ok]: CLIENT SETNAME can change the name of an existing connection (3 ms)
[ok]: After CLIENT SETNAME, connection can still be closed (3 ms)
[ok]: eviction due to output buffers of pubsub, client eviction: false (396 ms)
[ok]: BZMPOP propagate as pop with count command to replica (263 ms)
[ok]: BZMPOP should not blocks on non key arguments - #10762 (19 ms)
[ok]: PSYNC2 #3899 regression: kill chained replica (7 ms)
[ok]: FUNCTION - test function kill not working on eval (404 ms)
[ok]: FUNCTION - test function flush (8 ms)
[ok]: FUNCTION - test function wrong argument (1 ms)
[ok]: eviction due to output buffers of many MGET clients, client eviction: true (122 ms)
[ok]: Timedout read-only scripts can be killed by SCRIPT KILL (409 ms)
[ok]: AOF rewrite of zset with skiplist encoding, string data (517 ms)
[ok]: AOF rewrite of zset with listpack encoding, int data (115 ms)
[ok]: Timedout read-only scripts can be killed by SCRIPT KILL even when use pcall (184 ms)
[ok]: eviction due to input buffer of a dead client, client eviction: true (511 ms)
[ok]: Connect a replica to the master instance (105 ms)
[ok]: Timedout script does not cause a false dead client (210 ms)
[ok]: Timedout script link is still usable after Lua returns (122 ms)
[ok]: eviction due to output buffers of pubsub, client eviction: true (250 ms)
[ok]: AOF rewrite of zset with skiplist encoding, int data (418 ms)
[ok]: PSYNC2 #3899 regression: kill first replica (1 ms)
[ok]: AOF rewrite functions (64 ms)
[ok]: Without maxmemory small integers are shared (3 ms)
[ok]: With maxmemory and non-LRU policy integers are still shared (5 ms)
[ok]: PSYNC2 #3899 regression: kill first replica (4 ms)
[ok]: With maxmemory and LRU policy integers are not shared (6 ms)
[ok]: CONFIG save params special case handled properly (1263 ms)
[ok]: CONFIG sanity (59 ms)
[ok]: BGREWRITEAOF is delayed if BGSAVE is in progress (282 ms)
[ok]: Connecting as a replica (2150 ms)
[ok]: BGREWRITEAOF is refused if already in progress (87 ms)
[ok]: test various edge cases of repl topology changes with missing pings at the end (4442 ms)
[ok]: FUNCTION - creation is replicated to replica (710 ms)
[45/84 done]: unit/aofrw (47 seconds)
Testing unit/limits
[ok]: FUNCTION - call on replica (0 ms)
[ok]: FUNCTION - restore is replicated to replica (3 ms)
[ok]: FUNCTION - delete is replicated to replica (1 ms)
[ok]: Timedout scripts and unblocked command (520 ms)
[ok]: FUNCTION - flush is replicated to replica (6 ms)
[ok]: Disconnecting the replica from master instance (105 ms)
[ok]: FUNCTION - test replication to replica on rdb phase (1 ms)
[ok]: FUNCTION - test replication to replica on rdb phase info command (1 ms)
[ok]: FUNCTION - create on read only replica (2 ms)
[ok]: FUNCTION - delete on read only replica (1 ms)
[ok]: Timedout scripts that modified data can't be killed by SCRIPT KILL (207 ms)
[ok]: SHUTDOWN NOSAVE can kill a timedout script anyway (7 ms)
[ok]: CONFIG REWRITE sanity (353 ms)
[ok]: Before the replica connects we issue two EVAL commands (4 ms)
[ok]: Connect a replica to the master instance (106 ms)
[ok]: maxmemory - is the memory limit honoured? (policy allkeys-random) (910 ms)
[ok]: FUNCTION - function effect is replicated to replica (917 ms)
[ok]: FUNCTION - modify key space of read only replica (0 ms)
[ok]: Check if maxclients works refusing connections (923 ms)
[ok]: CONFIG REWRITE handles save and shutdown properly (924 ms)
[ok]: CONFIG SET with multiple args (5 ms)
[ok]: CONFIG SET rollback on set error (6 ms)
[ok]: CONFIG SET rollback on apply error (14 ms)
[ok]: CONFIG SET duplicate configs (0 ms)
[ok]: CONFIG SET set immutable (2 ms)
[46/84 done]: unit/limits (1 seconds)
Testing unit/obuf-limits
[ok]: CONFIG GET hidden configs (6 ms)
[ok]: CONFIG GET multiple args (0 ms)
[ok]: redis-server command line arguments - error cases (92 ms)
[ok]: CONFIG SET client-output-buffer-limit (4 ms)
[ok]: Replication of script multiple pushes to list with BLPOP (715 ms)
[ok]: Lua scripts using SELECT are replicated correctly (5 ms)
[ok]: redis-server command line arguments - allow passing option name and option value in the same arg (144 ms)
[ok]: TTL, TYPE and EXISTS do not alter the last access time of a key (3003 ms)
[ok]: PSYNC2 #3899 regression: kill first replica (1 ms)
[ok]: redis-server command line arguments - wrong usage that we support anyway (245 ms)
[ok]: redis-server command line arguments - allow option value to use the `--` prefix (262 ms)
[ok]: intsets implementation stress testing (7704 ms)
[ok]: maxmemory - is the memory limit honoured? (policy allkeys-lru) (1409 ms)
[47/84 done]: unit/type/set (51 seconds)
Testing unit/bitops
[ok]: redis-server command line arguments - option name and option value in the same arg and `--` prefix (267 ms)
[ok]: PSYNC2 #3899 regression: kill chained replica (3 ms)
[ok]: Piping raw protocol (2393 ms)
[ok]: Options -X with illegal argument (34 ms)
[ok]: DUMP RESTORE with -x option (65 ms)
[ok]: BITCOUNT returns 0 against non existing key (1 ms)
[ok]: BITCOUNT returns 0 with out of range indexes (3 ms)
[ok]: BITCOUNT returns 0 with negative indexes where start > end (1 ms)
[ok]: BITCOUNT against test vector #1 (2 ms)
[ok]: BITCOUNT against test vector #2 (2 ms)
[ok]: BITCOUNT against test vector #3 (2 ms)
[ok]: BITCOUNT against test vector #4 (2 ms)
[ok]: BITCOUNT against test vector #5 (1 ms)
[ok]: FUNCTION can processes create, delete and flush commands in AOF when doing "debug loadaof" in read-only slaves (377 ms)
[ok]: DUMP RESTORE with -X option (69 ms)
[48/84 done]: integration/redis-cli (12 seconds)
Testing unit/bitfield
[ok]: LIBRARIES - test shared function can access default globals (1 ms)
[ok]: LIBRARIES - usage and code sharing (2 ms)
[ok]: LIBRARIES - test registration failure revert the entire load (2 ms)
[ok]: LIBRARIES - test registration function name collision (3 ms)
[ok]: LIBRARIES - test registration function name collision on same library (0 ms)
[ok]: LIBRARIES - test registration with no argument (0 ms)
[ok]: LIBRARIES - test registration with only name (1 ms)
[ok]: LIBRARIES - test registration with to many arguments (0 ms)
[ok]: LIBRARIES - test registration with no string name (1 ms)
[ok]: LIBRARIES - test registration with wrong name format (2 ms)
[ok]: LIBRARIES - test registration with empty name (0 ms)
[ok]: LIBRARIES - math.random from function load (1 ms)
[ok]: LIBRARIES - redis.call from function load (0 ms)
[ok]: LIBRARIES - redis.setresp from function load (2 ms)
[ok]: LIBRARIES - redis.set_repl from function load (1 ms)
[ok]: LIBRARIES - malicious access test (2 ms)
[ok]: LIBRARIES - delete removed all functions on library (2 ms)
[ok]: LIBRARIES - register function inside a function (1 ms)
[ok]: LIBRARIES - register library with no functions (1 ms)
[ok]: BITFIELD signed SET and GET basics (3 ms)
[ok]: BITFIELD unsigned SET and GET basics (2 ms)
[ok]: BITFIELD signed SET and GET together (0 ms)
[ok]: BITFIELD unsigned with SET, GET and INCRBY arguments (0 ms)
[ok]: BITFIELD with only key as argument (0 ms)
[ok]: BITFIELD #<idx> form (2 ms)
[ok]: BITFIELD basic INCRBY form (2 ms)
[ok]: BITFIELD chaining of multiple commands (1 ms)
[ok]: BITFIELD unsigned overflow wrap (2 ms)
[ok]: BITFIELD unsigned overflow sat (2 ms)
[ok]: BITFIELD signed overflow wrap (2 ms)
[ok]: BITFIELD signed overflow sat (1 ms)
[ok]: Connect a replica to the master instance (110 ms)
[ok]: Redis.replicate_commands() can be issued anywhere now (1 ms)
[ok]: Redis.set_repl() can be issued before replicate_commands() now (0 ms)
[ok]: Redis.set_repl() don't accept invalid values (6 ms)
[ok]: ZSET skiplist order consistency when elements are moved (4312 ms)
[ok]: ZRANGESTORE basic (4 ms)
[ok]: ZRANGESTORE RESP3 (2 ms)
[ok]: ZRANGESTORE range (2 ms)
[ok]: ZRANGESTORE BYLEX (2 ms)
[ok]: ZRANGESTORE BYSCORE (1 ms)
[ok]: ZRANGESTORE BYSCORE LIMIT (1 ms)
[ok]: ZRANGESTORE BYSCORE REV LIMIT (1 ms)
[ok]: ZRANGE BYSCORE REV LIMIT (2 ms)
[ok]: ZRANGESTORE - src key missing (0 ms)
[ok]: ZRANGESTORE - src key wrong type (1 ms)
[ok]: ZRANGESTORE - empty range (2 ms)
[ok]: ZRANGESTORE BYLEX - empty range (0 ms)
[ok]: ZRANGESTORE BYSCORE - empty range (4 ms)
[ok]: ZRANGE BYLEX (0 ms)
[ok]: ZRANGESTORE invalid syntax (0 ms)
[ok]: ZRANGESTORE with zset-max-listpack-entries 0 #10767 case (3 ms)
[ok]: ZRANGESTORE with zset-max-listpack-entries 1 dst key should use skiplist encoding (2 ms)
[ok]: Fuzzer corrupt restore payloads - sanitize_dump: yes (9971 ms)
[ok]: ZRANGE invalid syntax (3 ms)
[49/84 done]: integration/corrupt-dump-fuzzer (20 seconds)
Testing unit/geo
[ok]: ZRANDMEMBER - listpack (50 ms)
[ok]: BITCOUNT fuzzing without start/end (602 ms)
[ok]: ZRANDMEMBER - skiplist (43 ms)
[ok]: ZRANDMEMBER with RESP3 (2 ms)
[ok]: ZRANDMEMBER count of 0 is handled correctly (0 ms)
[ok]: ZRANDMEMBER with <count> against non existing key (1 ms)
[ok]: ZRANDMEMBER count overflow (2 ms)
[ok]: ZRANDMEMBER count of 0 is handled correctly - emptyarray (0 ms)
[ok]: ZRANDMEMBER with <count> against non existing key - emptyarray (0 ms)
[ok]: LIBRARIES - load timeout (504 ms)
[ok]: LIBRARIES - verify global protection on the load run (1 ms)
[ok]: LIBRARIES - named arguments (0 ms)
[ok]: LIBRARIES - named arguments, bad function name (0 ms)
[ok]: LIBRARIES - named arguments, bad callback type (1 ms)
[ok]: LIBRARIES - named arguments, bad description (3 ms)
[ok]: LIBRARIES - named arguments, unknown argument (1 ms)
[ok]: LIBRARIES - named arguments, missing function name (1 ms)
[ok]: LIBRARIES - named arguments, missing callback (2 ms)
[ok]: FUNCTION - test function restore with function name collision (6 ms)
[ok]: FUNCTION - test function list with code (4 ms)
[ok]: FUNCTION - test function list with pattern (2 ms)
[ok]: FUNCTION - test function list wrong argument (0 ms)
[ok]: FUNCTION - test function list with bad argument to library name (1 ms)
[ok]: FUNCTION - test function list withcode multiple times (0 ms)
[ok]: FUNCTION - test function list libraryname multiple times (0 ms)
[ok]: FUNCTION - verify OOM on function load and function restore (4 ms)
[ok]: FUNCTION - verify allow-omm allows running any command (3 ms)
[ok]: GEO with wrong type src key (4 ms)
[ok]: GEO with non existing src key (4 ms)
[ok]: GEO BYLONLAT with empty search (3 ms)
[ok]: GEO BYMEMBER with non existing member (3 ms)
[ok]: GEOADD create (1 ms)
[ok]: GEOADD update (1 ms)
[ok]: GEOADD update with CH option (2 ms)
[ok]: GEOADD update with NX option (2 ms)
[ok]: GEOADD update with XX option (2 ms)
[ok]: GEOADD update with CH NX option (0 ms)
[ok]: GEOADD update with CH XX option (0 ms)
[ok]: GEOADD update with XX NX option will return syntax error (0 ms)
[ok]: PSYNC2: generate load while killing replication links (5000 ms)
[ok]: GEOADD update with invalid option (1 ms)
[ok]: GEOADD invalid coordinates (0 ms)
[ok]: GEOADD multi add (3 ms)
[ok]: PSYNC2: cluster is consistent after load (x = 18278) (1 ms)
[ok]: Check geoset values (1 ms)
[ok]: GEORADIUS simple (sorted) (1 ms)
[ok]: GEOSEARCH simple (sorted) (0 ms)
[ok]: GEOSEARCH FROMLONLAT and FROMMEMBER cannot exist at the same time (1 ms)
[ok]: GEOSEARCH FROMLONLAT and FROMMEMBER one must exist (1 ms)
[ok]: GEOSEARCH BYRADIUS and BYBOX cannot exist at the same time (1 ms)
[ok]: GEOSEARCH BYRADIUS and BYBOX one must exist (0 ms)
[ok]: GEOSEARCH with STOREDIST option (0 ms)
[ok]: GEORADIUS withdist (sorted) (1 ms)
[ok]: GEOSEARCH withdist (sorted) (0 ms)
[ok]: GEORADIUS with COUNT (0 ms)
[ok]: GEORADIUS with ANY not sorted by default (1 ms)
[ok]: GEORADIUS with ANY sorted by ASC (3 ms)
[ok]: GEORADIUS with ANY but no COUNT (1 ms)
[ok]: GEORADIUS with COUNT but missing integer argument (1 ms)
[ok]: PSYNC2: total sum of full synchronizations is exactly 4 (4 ms)
[ok]: GEORADIUS with COUNT DESC (1 ms)
[ok]: GEORADIUS HUGE, issue #2767 (2 ms)
[ok]: GEORADIUSBYMEMBER simple (sorted) (0 ms)
[ok]: GEORADIUSBYMEMBER search areas contain satisfied points in oblique direction (2 ms)
[ok]: GEORADIUSBYMEMBER crossing pole search (1 ms)
[ok]: GEOSEARCH FROMMEMBER simple (sorted) (1 ms)
[ok]: PSYNC2: --- CYCLE 3 --- (0 ms)
[ok]: GEOSEARCH vs GEORADIUS (4 ms)
[ok]: PSYNC2: [NEW LAYOUT] Set #1 as master (2 ms)
[ok]: GEOSEARCH non square, long and narrow (2 ms)
[ok]: GEOSEARCH corner point test (6 ms)
[ok]: GEORADIUSBYMEMBER withdist (sorted) (1 ms)
[ok]: GEOHASH is able to return geohash strings (2 ms)
[ok]: GEOPOS simple (0 ms)
[ok]: GEOPOS missing element (1 ms)
[ok]: GEODIST simple & unit (4 ms)
[ok]: PSYNC2: Set #4 to replicate from #2 (1 ms)
[ok]: GEODIST missing elements (7 ms)
[ok]: GEORADIUS STORE option: syntax error (1 ms)
[ok]: GEOSEARCHSTORE STORE option: syntax error (0 ms)
[ok]: GEORANGE STORE option: incompatible options (1 ms)
[ok]: GEORANGE STORE option: plain usage (1 ms)
[ok]: GEORADIUSBYMEMBER STORE/STOREDIST option: plain usage (3 ms)
[ok]: GEOSEARCHSTORE STORE option: plain usage (0 ms)
[ok]: GEORANGE STOREDIST option: plain usage (1 ms)
[ok]: GEOSEARCHSTORE STOREDIST option: plain usage (2 ms)
[ok]: GEORANGE STOREDIST option: COUNT ASC and DESC (1 ms)
[ok]: GEOSEARCH the box spans -180° or 180° (3 ms)
[ok]: GEOSEARCH with small distance (4 ms)
[ok]: maxmemory - is the memory limit honoured? (policy allkeys-lfu) (1346 ms)
[ok]: FUNCTION - wrong flags type named arguments (2 ms)
[ok]: FUNCTION - wrong flag type (1 ms)
[ok]: FUNCTION - unknown flag (0 ms)
[ok]: FUNCTION - write script on fcall_ro (6 ms)
[ok]: FUNCTION - write script with no-writes flag (1 ms)
[ok]: FUNCTION - deny oom (1 ms)
[ok]: FUNCTION - deny oom on no-writes function (1 ms)
[ok]: FUNCTION - allow stale (4 ms)
[ok]: FUNCTION - redis version api (2 ms)
[ok]: FUNCTION - function stats (1 ms)
[ok]: FUNCTION - function stats reloaded correctly from rdb (5 ms)
[ok]: FUNCTION - function stats delete library (0 ms)
[ok]: FUNCTION - test function stats on loading failure (1 ms)
[ok]: FUNCTION - function stats cleaned after flush (0 ms)
[ok]: FUNCTION - function test empty engine (2 ms)
[ok]: FUNCTION - function test unknown metadata value (1 ms)
[ok]: FUNCTION - function test no name (1 ms)
[ok]: FUNCTION - function test multiple names (1 ms)
[ok]: FUNCTION - function test name with quotes (0 ms)
[ok]: FUNCTION - trick global protection 1 (1 ms)
[ok]: Test selective replication of certain Redis commands from Lua (611 ms)
[ok]: FUNCTION - test getmetatable on script load (6 ms)
[ok]: PRNG is seeded randomly for command replication (1 ms)
[ok]: Using side effects is not a problem with command replication (1 ms)
[ok]: BITFIELD overflow detection fuzzing (720 ms)
[50/84 done]: unit/functions (6 seconds)
Testing unit/memefficiency
[ok]: redis-server command line arguments - save with empty input (1322 ms)
[ok]: redis-server command line arguments - take one bulk string with spaces for MULTI_ARG configs parsing (254 ms)
[ok]: BITCOUNT fuzzing with start/end (814 ms)
[ok]: BITCOUNT with start, end (11 ms)
[ok]: BITCOUNT syntax error #1 (0 ms)
[ok]: BITCOUNT syntax error #2 (0 ms)
[ok]: BITCOUNT regression test for github issue #582 (1 ms)
[ok]: BITCOUNT misaligned prefix (0 ms)
[ok]: BITCOUNT misaligned prefix + full words + remainder (0 ms)
[ok]: BITOP NOT (empty string) (1 ms)
[ok]: BITOP NOT (known string) (1 ms)
[ok]: BITOP where dest and target are the same key (0 ms)
[ok]: BITOP AND|OR|XOR don't change the string with single input key (8 ms)
[ok]: BITOP missing key is considered a stream of zero (1 ms)
[ok]: BITOP shorter keys are zero-padded to the key with max length (0 ms)
[ok]: ZRANDMEMBER with <count> - skiplist (855 ms)
[ok]: cannot modify protected configuration - no (1 ms)
[ok]: Chained replicas disconnect when replica re-connect with the same master (2942 ms)
[ok]: Memory efficiency with values in range 32 (443 ms)
[ok]: BITOP and fuzzing (337 ms)
[ok]: BITFIELD overflow wrap fuzzing (722 ms)
[ok]: BITFIELD regression for #3221 (0 ms)
[ok]: BITFIELD regression for #3564 (4 ms)
[ok]: PSYNC2: Set #0 to replicate from #1 (0 ms)
[ok]: cannot modify protected configuration - local (8 ms)
[ok]: TOUCH alters the last access time of a key (3002 ms)
[ok]: TOUCH returns the number of existing keys specified (1 ms)
[ok]: command stats for GEOADD (1 ms)
[ok]: errors stats for GEOADD (3 ms)
[ok]: command stats for EXPIRE (2 ms)
[ok]: command stats for BRPOP (2 ms)
[ok]: command stats for MULTI (5 ms)
[ok]: command stats for scripts (7 ms)
[ok]: COMMAND GETKEYS GET (0 ms)
[ok]: COMMAND GETKEYSANDFLAGS (6 ms)
[ok]: COMMAND GETKEYS MEMORY USAGE (3 ms)
[ok]: COMMAND GETKEYS XGROUP (1 ms)
[ok]: COMMAND GETKEYS EVAL with keys (1 ms)
[ok]: COMMAND GETKEYS EVAL without keys (0 ms)
[ok]: COMMAND GETKEYS LCS (1 ms)
[ok]: COMMAND GETKEYS MORE THAN 256 KEYS (1 ms)
[ok]: COMMAND LIST syntax error (4 ms)
[ok]: COMMAND LIST WITHOUT FILTERBY (2 ms)
[ok]: COMMAND LIST FILTERBY ACLCAT against non existing category (1 ms)
[ok]: COMMAND LIST FILTERBY ACLCAT - list all commands/subcommands (2 ms)
[ok]: COMMAND LIST FILTERBY PATTERN - list all commands/subcommands (3 ms)
[ok]: COMMAND LIST FILTERBY MODULE against non existing module (1 ms)
[ok]: COMMAND INFO of invalid subcommands (1 ms)
[ok]: SET command will not be marked with movablekeys (0 ms)
[ok]: GET command will not be marked with movablekeys (7 ms)
[ok]: MSET command will not be marked with movablekeys (1 ms)
[ok]: BITFIELD command will not be marked with movablekeys (0 ms)
[ok]: LMOVE command will not be marked with movablekeys (1 ms)
[ok]: LPOP command will not be marked with movablekeys (1 ms)
[ok]: BLPOP command will not be marked with movablekeys (0 ms)
[ok]: PING command will not be marked with movablekeys (1 ms)
[ok]: MEMORY command will not be marked with movablekeys (0 ms)
[ok]: MEMORY|USAGE command will not be marked with movablekeys (0 ms)
[ok]: RENAME command will not be marked with movablekeys (1 ms)
[ok]: GEORADIUS_RO command will not be marked with movablekeys (0 ms)
[ok]: ZUNIONSTORE command is marked with movablekeys (1 ms)
[ok]: XREAD command is marked with movablekeys (2 ms)
[ok]: EVAL command is marked with movablekeys (1 ms)
[ok]: SORT command is marked with movablekeys (1 ms)
[ok]: SORT_RO command is marked with movablekeys (1 ms)
[ok]: MIGRATE command is marked with movablekeys (2 ms)
[ok]: GEORADIUS command is marked with movablekeys (1 ms)
[ok]: Memory efficiency with values in range 64 (419 ms)
[51/84 done]: unit/introspection-2 (6 seconds)
Testing unit/hyperloglog
[ok]: BITOP or fuzzing (358 ms)
[ok]: maxmemory - is the memory limit honoured? (policy volatile-lru) (1304 ms)
[ok]: BITFIELD: setup slave (107 ms)
[ok]: BITFIELD: write on master, read on slave (7 ms)
[ok]: BITFIELD_RO with only key as argument (0 ms)
[ok]: BITFIELD_RO fails when write option is used (0 ms)
[ok]: test RESP2/2 big number protocol parsing (0 ms)
[ok]: test RESP2/2 malformed big number protocol parsing (1 ms)
[ok]: test RESP2/2 map protocol parsing (3 ms)
[ok]: test RESP2/2 set protocol parsing (4 ms)
[ok]: test RESP2/2 double protocol parsing (0 ms)
[ok]: test RESP2/2 null protocol parsing (1 ms)
[ok]: test RESP2/2 verbatim protocol parsing (0 ms)
[ok]: test RESP2/2 true protocol parsing (0 ms)
[ok]: test RESP2/2 false protocol parsing (0 ms)
[ok]: test RESP2/3 big number protocol parsing (0 ms)
[ok]: test RESP2/3 malformed big number protocol parsing (11 ms)
[ok]: test RESP2/3 map protocol parsing (0 ms)
[ok]: test RESP2/3 set protocol parsing (1 ms)
[ok]: test RESP2/3 double protocol parsing (0 ms)
[ok]: test RESP2/3 null protocol parsing (1 ms)
[ok]: test RESP2/3 verbatim protocol parsing (1 ms)
[ok]: test RESP2/3 true protocol parsing (0 ms)
[ok]: test RESP2/3 false protocol parsing (0 ms)
[ok]: test RESP3/2 big number protocol parsing (1 ms)
[ok]: test RESP3/2 malformed big number protocol parsing (2 ms)
[ok]: test RESP3/2 map protocol parsing (0 ms)
[ok]: test RESP3/2 set protocol parsing (1 ms)
[ok]: test RESP3/2 double protocol parsing (0 ms)
[ok]: test RESP3/2 null protocol parsing (0 ms)
[ok]: test RESP3/2 verbatim protocol parsing (1 ms)
[ok]: test RESP3/2 true protocol parsing (3 ms)
[ok]: test RESP3/2 false protocol parsing (4 ms)
[ok]: test RESP3/3 big number protocol parsing (1 ms)
[ok]: test RESP3/3 malformed big number protocol parsing (0 ms)
[ok]: test RESP3/3 map protocol parsing (1 ms)
[ok]: test RESP3/3 set protocol parsing (0 ms)
[ok]: test RESP3/3 double protocol parsing (0 ms)
[ok]: test RESP3/3 null protocol parsing (1 ms)
[ok]: test RESP3/3 verbatim protocol parsing (0 ms)
[ok]: test RESP3/3 true protocol parsing (1 ms)
[ok]: test RESP3/3 false protocol parsing (0 ms)
[ok]: ZRANDMEMBER with <count> - listpack (887 ms)
[ok]: test resp3 attribute protocol parsing (4 ms)
[ok]: zset score double range (8 ms)
[ok]: Script block the time during execution (11 ms)
[ok]: Script delete the expired key (5 ms)
[52/84 done]: unit/type/zset (54 seconds)
Testing unit/lazyfree
[53/84 done]: unit/bitfield (3 seconds)
Testing unit/wait
[ok]: Script - disallow write on OOM (8 ms)
[ok]: EVAL - Does Lua interpreter replies to our requests? (0 ms)
[ok]: EVAL - Return _G (1 ms)
[ok]: EVAL - Return table with a metatable that raise error (0 ms)
[ok]: EVAL - Return table with a metatable that call redis (3 ms)
[ok]: EVAL - Lua integer -> Redis protocol type conversion (1 ms)
[ok]: EVAL - Lua string -> Redis protocol type conversion (0 ms)
[ok]: EVAL - Lua true boolean -> Redis protocol type conversion (3 ms)
[ok]: EVAL - Lua false boolean -> Redis protocol type conversion (0 ms)
[ok]: EVAL - Lua status code reply -> Redis protocol type conversion (1 ms)
[ok]: EVAL - Lua error reply -> Redis protocol type conversion (0 ms)
[ok]: EVAL - Lua table -> Redis protocol type conversion (0 ms)
[ok]: EVAL - Are the KEYS and ARGV arrays populated correctly? (1 ms)
[ok]: EVAL - is Lua able to call Redis API? (0 ms)
[ok]: EVALSHA - Can we call a SHA1 if already defined? (1 ms)
[ok]: EVALSHA - Can we call a SHA1 in uppercase? (0 ms)
[ok]: EVALSHA - Do we get an error on invalid SHA1? (0 ms)
[ok]: EVALSHA - Do we get an error on non defined SHA1? (1 ms)
[ok]: EVAL - Redis integer -> Lua type conversion (5 ms)
[ok]: EVAL - Redis bulk -> Lua type conversion (3 ms)
[ok]: EVAL - Redis multi bulk -> Lua type conversion (1 ms)
[ok]: EVAL - Redis status reply -> Lua type conversion (1 ms)
[ok]: EVAL - Redis error reply -> Lua type conversion (2 ms)
[ok]: EVAL - Redis nil bulk reply -> Lua type conversion (0 ms)
[ok]: EVAL - Is the Lua client using the currently selected DB? (0 ms)
[ok]: EVAL - SELECT inside Lua should not affect the caller (1 ms)
[ok]: EVAL - Scripts can't run blpop command (0 ms)
[ok]: EVAL - Scripts can't run brpop command (1 ms)
[ok]: EVAL - Scripts can't run brpoplpush command (1 ms)
[ok]: EVAL - Scripts can't run blmove command (1 ms)
[ok]: EVAL - Scripts can't run bzpopmin command (0 ms)
[ok]: EVAL - Scripts can't run bzpopmax command (3 ms)
[ok]: EVAL - Scripts can't run XREAD and XREADGROUP with BLOCK option (10 ms)
[ok]: EVAL - Scripts can run non-deterministic commands (0 ms)
[ok]: EVAL - No arguments to redis.call/pcall is considered an error (0 ms)
[ok]: EVAL - redis.call variant raises a Lua error on Redis cmd error (1) (0 ms)
[ok]: EVAL - redis.call variant raises a Lua error on Redis cmd error (1) (1 ms)
[ok]: EVAL - redis.call variant raises a Lua error on Redis cmd error (1) (0 ms)
[ok]: EVAL - JSON numeric decoding (0 ms)
[ok]: EVAL - JSON string decoding (0 ms)
[ok]: EVAL - JSON smoke test (1 ms)
[ok]: EVAL - cmsgpack can pack double? (0 ms)
[ok]: EVAL - cmsgpack can pack negative int64? (1 ms)
[ok]: Memory efficiency with values in range 128 (573 ms)
[54/84 done]: integration/psync2-pingoff (18 seconds)
Testing unit/pause
[ok]: BITOP xor fuzzing (683 ms)
[ok]: PSYNC2: Set #2 to replicate from #1 (1 ms)
[ok]: BITOP NOT fuzzing (68 ms)
[ok]: BITOP with integer encoded source objects (10 ms)
[ok]: BITOP with non string source key (6 ms)
[ok]: BITOP with empty string after non empty string (issue #529) (0 ms)
[ok]: BITPOS bit=0 with empty key returns 0 (0 ms)
[ok]: BITPOS bit=1 with empty key returns -1 (1 ms)
[ok]: BITPOS bit=0 with string less than 1 word works (0 ms)
[ok]: BITPOS bit=1 with string less than 1 word works (1 ms)
[ok]: BITPOS bit=0 starting at unaligned address (1 ms)
[ok]: BITPOS bit=1 starting at unaligned address (1 ms)
[ok]: BITPOS bit=0 unaligned+full word+reminder (9 ms)
[ok]: maxmemory - is the memory limit honoured? (policy volatile-lfu) (638 ms)
[ok]: BITPOS bit=1 unaligned+full word+reminder (19 ms)
[ok]: Test read commands are not blocked by client pause (8 ms)
[ok]: Test write commands are paused by RO (4 ms)
[ok]: Test special commands are paused by RO (19 ms)
[ok]: Setup slave (104 ms)
[ok]: Test read/admin mutli-execs are not blocked by pause RO (17 ms)
[ok]: BITPOS bit=1 returns -1 if string is all 0 bits (63 ms)
[ok]: Test write mutli-execs are blocked by pause RO (3 ms)
[ok]: BITPOS bit=0 works with intervals (2 ms)
[ok]: BITPOS bit=1 works with intervals (1 ms)
[ok]: BITPOS bit=0 changes behavior if end is given (0 ms)
[ok]: Test scripts are blocked by pause RO (8 ms)
[ok]: UNLINK can reclaim memory in background (413 ms)
[ok]: SETBIT/BITFIELD only increase dirty when the value changed (22 ms)
[ok]: Test RO scripts are not blocked by pause RO (18 ms)
[ok]: Test read-only scripts in mutli-exec are not blocked by pause RO (10 ms)
[ok]: Test write scripts in mutli-exec are blocked by pause RO (14 ms)
[ok]: Test may-replicate commands are rejected in RO scripts (8 ms)
[ok]: Test multiple clients can be queued up and unblocked (13 ms)
[ok]: Test clients with syntax errors will get responses immediately (2 ms)
[ok]: Test both active and passive expires are skipped during client pause (126 ms)
[ok]: Test that client pause starts at the end of a transaction (9 ms)
[ok]: EVAL - cmsgpack pack/unpack smoke test (602 ms)
[ok]: EVAL - cmsgpack can pack and unpack circular references? (3 ms)
[ok]: EVAL - Numerical sanity check from bitop (2 ms)
[ok]: EVAL - Verify minimal bitop functionality (0 ms)
[ok]: EVAL - Able to parse trailing comments (3 ms)
[ok]: EVAL_RO - Successful case (10 ms)
[ok]: EVAL_RO - Cannot run write commands (7 ms)
[ok]: SCRIPTING FLUSH - is able to clear the scripts cache? (51 ms)
[ok]: Memory efficiency with values in range 1024 (634 ms)
[ok]: SCRIPTING FLUSH ASYNC (47 ms)
[ok]: SCRIPT EXISTS - can detect already defined scripts? (1 ms)
[ok]: SCRIPT LOAD - is able to register scripts in the scripting cache (1 ms)
[ok]: SORT is normally not alpha re-ordered for the scripting engine (3 ms)
[ok]: SORT BY <constant> output gets ordered for scripting (2 ms)
[ok]: SORT BY <constant> with GET gets ordered for scripting (3 ms)
[ok]: redis.sha1hex() implementation (0 ms)
[ok]: Globals protection reading an undeclared global variable (1 ms)
[ok]: Globals protection setting an undeclared global* (1 ms)
[ok]: Test an example script DECR_IF_GT (15 ms)
[ok]: random numbers are random now (1 ms)
[ok]: Scripting engine PRNG can be seeded correctly (2 ms)
[ok]: FLUSHDB ASYNC can reclaim memory in background (394 ms)
[ok]: WAIT should acknowledge 1 additional copy of the data (796 ms)
[ok]: HyperLogLog self test passes (1521 ms)
[ok]: PFADD without arguments creates an HLL value (1 ms)
[ok]: Approximated cardinality after creation is zero (1 ms)
[ok]: PFADD returns 1 when at least 1 reg was modified (1 ms)
[ok]: PFADD returns 0 when no reg was modified (1 ms)
[ok]: PFADD works with empty string (regression) (0 ms)
[ok]: PFCOUNT returns approximated cardinality of set (2 ms)
[ok]: PSYNC2: Set #3 to replicate from #1 (0 ms)
[ok]: lazy free a stream with all types of metadata (442 ms)
[ok]: lazy free a stream with deleted cgroup (3 ms)
[ok]: EVAL does not leak in the Lua stack (504 ms)
[ok]: PSYNC2 #3899 regression: kill chained replica (1 ms)
[55/84 done]: unit/lazyfree (1 seconds)
Testing unit/querybuf
[ok]: SPOP: We can call scripts rewriting client->argv from Lua (64 ms)
[ok]: MGET: mget shouldn't be propagated in Lua (102 ms)
[ok]: BITPOS bit=1 fuzzy testing using SETBIT (1095 ms)
[ok]: EXPIRE: We can call scripts rewriting client->argv from Lua (111 ms)
[ok]: maxmemory - is the memory limit honoured? (policy volatile-random) (1338 ms)
[ok]: config during loading (2341 ms)
[ok]: Test when replica paused, offset would not grow (829 ms)
[ok]: Test replica offset would grow after unpause (1 ms)
[56/84 done]: unit/pause (2 seconds)
Testing unit/pendingquerybuf
[ok]: INCRBYFLOAT: We can call scripts expanding client->argv from Lua (362 ms)
[ok]: Call Redis command with many args from Lua (issue #1764) (0 ms)
[ok]: Number conversion precision test (issue #1118) (1 ms)
[ok]: String containing number precision test (regression of issue #1118) (0 ms)
[ok]: Verify negative arg count is error instead of crash (issue #1842) (1 ms)
[ok]: Scripts can handle commands with incorrect arity (1 ms)
[ok]: Correct handling of reused argv (issue #1939) (0 ms)
[ok]: Functions in the Redis namespace are able to report errors (1 ms)
[ok]: CLUSTER RESET can not be invoke from within a script (1 ms)
[ok]: Script with RESP3 map (7 ms)
[ok]: Test replication partial resync: backlog expired (diskless: no, disabled, reconnect: 1) (9161 ms)
[ok]: Script return recursive object (109 ms)
[ok]: Script check unpack with massive arguments (7 ms)
[ok]: Script read key with expiration set (0 ms)
[ok]: Script del key with expiration set (0 ms)
[ok]: Script ACL check (2 ms)
[ok]: Binary code loading failed (1 ms)
[ok]: Try trick global protection 1 (1 ms)
[ok]: Try trick global protection 2 (0 ms)
[ok]: Try trick global protection 3 (3 ms)
[ok]: Try trick global protection 4 (2 ms)
[ok]: Try trick readonly table on redis table (3 ms)
[ok]: Try trick readonly table on json table (3 ms)
[ok]: Try trick readonly table on cmsgpack table (0 ms)
[ok]: Try trick readonly table on bit table (0 ms)
[ok]: CONFIG REWRITE handles rename-command properly (420 ms)
[ok]: Test loadfile are not available (1 ms)
[ok]: Test dofile are not available (0 ms)
[ok]: Test print are not available (0 ms)
[ok]: PSYNC2: cluster is consistent after failover (1 ms)
[ok]: WAIT should not acknowledge 2 additional copies of the data (1087 ms)
[ok]: Memory efficiency with values in range 16384 (1642 ms)
[ok]: BITPOS bit=0 fuzzy testing using SETBIT (1070 ms)
[ok]: HyperLogLogs are promote from sparse to dense (1446 ms)
[ok]: maxmemory - is the memory limit honoured? (policy volatile-ttl) (1026 ms)
[57/84 done]: unit/memefficiency (4 seconds)
Testing unit/tls
[ok]: Slave should be able to synchronize with the master (219 ms)
[ok]: Timedout read-only scripts can be killed by SCRIPT KILL (411 ms)
[ok]: PSYNC2 #3899 regression: kill first replica (1 ms)
[ok]: Timedout read-only scripts can be killed by SCRIPT KILL even when use pcall (107 ms)
[ok]: Timedout script does not cause a false dead client (116 ms)
[58/84 done]: unit/tls (1 seconds)
Testing unit/tracking
[ok]: CONFIG REWRITE handles alias config properly (965 ms)
[59/84 done]: unit/introspection (10 seconds)
Testing unit/oom-score-adj
[ok]: PSYNC2 #3899 regression: verify consistency (22 ms)
[ok]: Timedout script link is still usable after Lua returns (160 ms)
[ok]: Clients are able to enable tracking and redirect it (1 ms)
[ok]: The other connection is able to get invalidations (5 ms)
[ok]: The client is now able to disable tracking (3 ms)
[ok]: Clients can enable the BCAST mode with the empty prefix (0 ms)
[ok]: The connection gets invalidation messages about all the keys (1 ms)
[ok]: Clients can enable the BCAST mode with prefixes (3 ms)
[ok]: Adding prefixes to BCAST mode works (2 ms)
[ok]: Tracking NOLOOP mode in standard mode works (1 ms)
[ok]: Tracking NOLOOP mode in BCAST mode works (0 ms)
[ok]: CONFIG SET oom-score-adj works as expected (67 ms)
[ok]: CONFIG SET oom-score-adj-values doesn't touch proc when disabled (2 ms)
[ok]: CONFIG SET oom score restored on disable (1 ms)
[ok]: CONFIG SET oom score relative and absolute (1 ms)
[ok]: CONFIG SET out-of-range oom score (2 ms)
[ok]: WAIT should not acknowledge 1 additional copy if slave is blocked (1112 ms)
[ok]: Timedout scripts and unblocked command (360 ms)
[ok]: Timedout scripts that modified data can't be killed by SCRIPT KILL (209 ms)
[ok]: SHUTDOWN NOSAVE can kill a timedout script anyway (5 ms)
[ok]: BITPOS/BITCOUNT fuzzy testing using SETBIT (1148 ms)
[ok]: Detect write load to master (1003 ms)
[ok]: Test replication partial resync: no reconnection, just sync (diskless: no, swapdb, reconnect: 0) (27 ms)
[60/84 done]: unit/bitops (7 seconds)
Testing unit/shutdown
[ok]: query buffer resized correctly (2301 ms)
[ok]: maxmemory - only allkeys-* should remove non-volatile keys (allkeys-random) (1257 ms)
[ok]: query buffer resized correctly when not idle (201 ms)
[ok]: Temp rdb will be deleted if we use bg_unlink when shutdown (163 ms)
[ok]: Before the replica connects we issue two EVAL commands (1 ms)
[61/84 done]: unit/querybuf (3 seconds)
Testing unit/networking
[ok]: Connect a replica to the master instance (102 ms)
[ok]: Now use EVALSHA against the master, with both SHAs (0 ms)
[ok]: 'x' should be '4' for EVALSHA being replicated by effects (0 ms)
[ok]: Replication of script multiple pushes to list with BLPOP (4 ms)
[ok]: EVALSHA replication when first call is readonly (4 ms)
[ok]: Lua scripts using SELECT are replicated correctly (1 ms)
[ok]: Tracking gets notification of expired keys (1005 ms)
[62/84 done]: integration/psync2-reg (23 seconds)
Testing unit/cluster
[ok]: SHUTDOWN ABORT can cancel SIGTERM (26 ms)
[ok]: CONFIG SET port number (157 ms)
[ok]: Tracking gets notification of lazy expired keys (103 ms)
[ok]: HELLO 3 reply is correct (1 ms)
[ok]: HELLO without protover (4 ms)
[ok]: Temp rdb will be deleted in signal handle (41 ms)
[ok]: Slave should be able to synchronize with the master (109 ms)
[ok]: RESP3 based basic invalidation (3 ms)
[ok]: RESP3 tracking redirection (3 ms)
[ok]: Invalidations of previous keys can be redirected after switching to RESP3 (2 ms)
[ok]: Invalidations of new keys can be redirected after switching to RESP3 (2 ms)
[ok]: Invalid keys should not be tracked for scripts in NOLOOP mode (3 ms)
[ok]: Tracking only occurs for scripts when a command calls a read-only command (4 ms)
[ok]: RESP3 Client gets tracking-redir-broken push message after cached key changed when rediretion client is terminated (6 ms)
[ok]: Different clients can redirect to the same connection (3 ms)
[63/84 done]: unit/oom-score-adj (1 seconds)
Testing unit/client-eviction
[ok]: Different clients using different protocols can track the same key (5 ms)
[ok]: No invalidation message when using OPTIN option (6 ms)
[ok]: Invalidation message sent when using OPTIN option with CLIENT CACHING yes (2 ms)
[ok]: Invalidation message sent when using OPTOUT option (2 ms)
[ok]: No invalidation message when using OPTOUT option with CLIENT CACHING no (5 ms)
[ok]: Able to redirect to a RESP3 client (5 ms)
[ok]: After switching from normal tracking to BCAST mode, no invalidation message is produced for pre-BCAST keys (3 ms)
[ok]: BCAST with prefix collisions throw errors (4 ms)
[ok]: hdel deliver invalidate message after response in the same connection (1 ms)
[ok]: CONFIG SET bind address (173 ms)
[ok]: WAIT implicitly blocks on client pause since ACKs aren't sent (1106 ms)
[ok]: Tracking invalidation message is not interleaved with multiple keys response (116 ms)
[ok]: Tracking invalidation message is not interleaved with transaction response (5 ms)
[ok]: Tracking invalidation message of eviction keys should be before response (15 ms)
[ok]: Unblocked BLMOVE gets notification after response (5 ms)
[ok]: RDB save will be failed in shutdown (12 ms)
[ok]: Tracking gets notification on tracking table key eviction (86 ms)
[ok]: Invalidation message received for flushall (12 ms)
[ok]: SHUTDOWN will abort if rdb save failed on signal (62 ms)
[ok]: SHUTDOWN will abort if rdb save failed on shutdown command (2 ms)
[ok]: Invalidation message received for flushdb (12 ms)
[ok]: SHUTDOWN can proceed if shutdown command was with nosave (13 ms)
[ok]: Clean up rdb same named folder (3 ms)
[ok]: Test ASYNC flushall (13 ms)
[ok]: flushdb tracking invalidation message is not interleaved with transaction response (2 ms)
[ok]: client evicted due to large argv (166 ms)
[64/84 done]: unit/shutdown (0 seconds)
Testing unit/violations
[65/84 done]: unit/wait (4 seconds)
Testing unit/replybufsize
[ok]: client evicted due to large query buf (88 ms)
[ok]: client evicted due to percentage of maxmemory (29 ms)
[ok]: SORT adds integer field to list (3 ms)
[ok]: client evicted due to large multi buf (112 ms)
[ok]: Server is able to evacuate enough keys when num of keys surpasses limit by more than defined initial effort (267 ms)
[ok]: Tracking info is correct (10 ms)
[ok]: CLIENT GETREDIR provides correct client id (1 ms)
[ok]: CLIENT TRACKINGINFO provides reasonable results when tracking off (1 ms)
[ok]: CLIENT TRACKINGINFO provides reasonable results when tracking on (1 ms)
[ok]: CLIENT TRACKINGINFO provides reasonable results when tracking on with options (1 ms)
[ok]: CLIENT TRACKINGINFO provides reasonable results when tracking optin (5 ms)
[ok]: CLIENT TRACKINGINFO provides reasonable results when tracking optout (2 ms)
[ok]: CLIENT TRACKINGINFO provides reasonable results when tracking bcast mode (2 ms)
[ok]: CLIENT TRACKINGINFO provides reasonable results when tracking redir broken (6 ms)
[66/84 done]: unit/violations (1 seconds)
Testing unit/cluster-scripting
[ok]: Regression test for #11715 (9 ms)
[ok]: RESP3 based basic invalidation with client reply off (7 ms)
[ok]: RESP2 based basic invalidation with client reply off (50 ms)
[ok]: RESP3 based basic redirect invalidation with client reply off (7 ms)
[ok]: RESP3 based basic tracking-redir-broken with client reply off (7 ms)
[ok]: CONFIG SET bind-source-addr (579 ms)
[67/84 done]: unit/tracking (2 seconds)
Testing unit/cluster/misc
[ok]: HyperLogLog sparse encoding stress test (2537 ms)
[ok]: Corrupted sparse HyperLogLogs are detected: Additional at tail (0 ms)
[ok]: Corrupted sparse HyperLogLogs are detected: Broken magic (0 ms)
[ok]: Corrupted sparse HyperLogLogs are detected: Invalid encoding (1 ms)
[ok]: Corrupted dense HyperLogLogs are detected: Wrong length (1 ms)
[ok]: Detect write load to master (1002 ms)
[ok]: maxmemory - only allkeys-* should remove non-volatile keys (allkeys-lru) (1441 ms)
[ok]: verify reply buffer limits (667 ms)
[ok]: Connect a replica to the master instance (106 ms)
[ok]: Redis.replicate_commands() can be issued anywhere now (1 ms)
[ok]: Redis.set_repl() can be issued before replicate_commands() now (7 ms)
[ok]: Redis.set_repl() don't accept invalid values (5 ms)
[ok]: Test selective replication of certain Redis commands from Lua (1 ms)
[ok]: PRNG is seeded randomly for command replication (2 ms)
[ok]: Using side effects is not a problem with command replication (1 ms)
[ok]: Default bind address configuration handling (261 ms)
[ok]: Protected mode works as expected (7 ms)
[ok]: client evicted due to watched key list (597 ms)
[68/84 done]: unit/replybufsize (1 seconds)
Testing unit/cluster/links
[69/84 done]: unit/networking (1 seconds)
[ok]: maxmemory - only allkeys-* should remove non-volatile keys (volatile-lru) (1043 ms)
[ok]: Create 3 node cluster (1899 ms)
[ok]: Run blocking command on cluster node3 (2 ms)
[ok]: Perform a Resharding (17 ms)
[ok]: Verify command got unblocked after resharding (63 ms)
[ok]: Wait for cluster to be stable (35 ms)
[ok]: Sanity test push cmd after resharding (2 ms)
[ok]: Run blocking command again on cluster node1 (1 ms)
[ok]: Test scripting debug protocol parsing (3 ms)
[ok]: Test scripting debug lua stack overflow (3 ms)
[ok]: pending querybuf: check size of pending_querybuf after set a big value (4714 ms)
[ok]: test RESP2/2 big number protocol parsing (1 ms)
[ok]: test RESP2/2 malformed big number protocol parsing (0 ms)
[ok]: test RESP2/2 map protocol parsing (0 ms)
[ok]: test RESP2/2 set protocol parsing (0 ms)
[ok]: test RESP2/2 double protocol parsing (0 ms)
[ok]: test RESP2/2 null protocol parsing (1 ms)
[ok]: test RESP2/2 verbatim protocol parsing (0 ms)
[ok]: test RESP2/2 true protocol parsing (1 ms)
[ok]: test RESP2/2 false protocol parsing (1 ms)
[ok]: test RESP2/3 big number protocol parsing (0 ms)
[ok]: test RESP2/3 malformed big number protocol parsing (0 ms)
[ok]: test RESP2/3 map protocol parsing (0 ms)
[ok]: test RESP2/3 set protocol parsing (0 ms)
[ok]: test RESP2/3 double protocol parsing (0 ms)
[ok]: test RESP2/3 null protocol parsing (1 ms)
[ok]: test RESP2/3 verbatim protocol parsing (0 ms)
[ok]: test RESP2/3 true protocol parsing (1 ms)
[ok]: test RESP2/3 false protocol parsing (1 ms)
[ok]: test RESP3/2 big number protocol parsing (0 ms)
[ok]: test RESP3/2 malformed big number protocol parsing (0 ms)
[ok]: test RESP3/2 map protocol parsing (3 ms)
[ok]: test RESP3/2 set protocol parsing (0 ms)
[ok]: test RESP3/2 double protocol parsing (1 ms)
[ok]: test RESP3/2 null protocol parsing (1 ms)
[ok]: test RESP3/2 verbatim protocol parsing (3 ms)
[ok]: test RESP3/2 true protocol parsing (1 ms)
[ok]: test RESP3/2 false protocol parsing (0 ms)
[ok]: test RESP3/3 big number protocol parsing (0 ms)
[ok]: test RESP3/3 malformed big number protocol parsing (1 ms)
[ok]: test RESP3/3 map protocol parsing (0 ms)
[ok]: test RESP3/3 set protocol parsing (0 ms)
[ok]: test RESP3/3 double protocol parsing (0 ms)
[ok]: test RESP3/3 null protocol parsing (0 ms)
[ok]: test RESP3/3 verbatim protocol parsing (0 ms)
[ok]: test RESP3/3 true protocol parsing (0 ms)
[ok]: test RESP3/3 false protocol parsing (0 ms)
[ok]: test resp3 attribute protocol parsing (0 ms)
[ok]: Script block the time during execution (12 ms)
[ok]: Script delete the expired key (3 ms)
[ok]: Eval scripts with shebangs and functions default to no cross slots (2 ms)
[ok]: Cross slot commands are allowed by default for eval scripts and with allow-cross-slot-keys flag (2 ms)
[ok]: Cross slot commands are also blocked if they disagree with pre-declared keys (1 ms)
[70/84 done]: unit/cluster-scripting (2 seconds)
[71/84 done]: unit/pendingquerybuf (5 seconds)
[ok]: PSYNC2: generate load while killing replication links (5000 ms)
[ok]: PSYNC2: cluster is consistent after load (x = 27832) (4 ms)
[ok]: PSYNC2: total sum of full synchronizations is exactly 4 (1 ms)
[ok]: PSYNC2: --- CYCLE 4 --- (0 ms)
[ok]: PSYNC2: [NEW LAYOUT] Set #0 as master (1 ms)
[ok]: PSYNC2: Set #4 to replicate from #1 (1 ms)
[ok]: Shebang support for lua engine (1 ms)
[ok]: Unknown shebang option (0 ms)
[ok]: Unknown shebang flag (4 ms)
[ok]: allow-oom shebang flag (2 ms)
[ok]: no-writes shebang flag (0 ms)
[ok]: maxmemory - only allkeys-* should remove non-volatile keys (volatile-random) (854 ms)
[ok]: no-writes shebang flag on replica (115 ms)
[ok]: not enough good replicas (5 ms)
[ok]: Key lazy expires during key migration (14 ms)
[ok]: maxmemory - only allkeys-* should remove non-volatile keys (volatile-ttl) (619 ms)
[ok]: Broadcast message across a cluster shard while a cluster link is down (106 ms)
[ok]: client evicted due to pubsub subscriptions (2412 ms)
[ok]: client evicted due to tracking redirection (30 ms)
[72/84 done]: unit/cluster/links (3 seconds)
[ok]: PSYNC2: Set #1 to replicate from #0 (0 ms)
[ok]: Kill a cluster node and wait for fail state (1636 ms)
[ok]: not enough good replicas state change during long script (666 ms)
[ok]: allow-stale shebang flag (3 ms)
[ok]: reject script do not cause a Lua stack leak (12 ms)
[ok]: Verify command got unblocked after cluster failure (50 ms)
[ok]: Connect multiple replicas at the same time (issue #141), master diskless=no, replica diskless=swapdb (13723 ms)
[ok]: Consistent eval error reporting (26 ms)
[ok]: LUA redis.error_reply API (2 ms)
[ok]: LUA redis.error_reply API with empty string (1 ms)
[ok]: LUA redis.status_reply API (1 ms)
[ok]: LUA test pcall (1 ms)
[ok]: LUA test pcall with error (1 ms)
[ok]: LUA test pcall with non string/integer arg (2 ms)
[73/84 done]: unit/cluster/misc (3 seconds)
[74/84 done]: unit/scripting (17 seconds)
[ok]: maxmemory - policy volatile-lru should only remove volatile keys. (940 ms)
[ok]: PSYNC2: Set #2 to replicate from #4 (1 ms)
[ok]: PSYNC2: Set #3 to replicate from #4 (1 ms)
[ok]: maxmemory - policy volatile-lfu should only remove volatile keys. (800 ms)
[ok]: ziplist implementation: encoding stress testing (22974 ms)
[75/84 done]: unit/type/list-3 (64 seconds)
[ok]: maxmemory - policy volatile-random should only remove volatile keys. (471 ms)
[ok]: PSYNC2: cluster is consistent after failover (1 ms)
[ok]: client evicted due to client tracking prefixes (2520 ms)
[ok]: client evicted due to output buf (13 ms)
[ok]: maxmemory - policy volatile-ttl should only remove volatile keys. (423 ms)
[ok]: client no-evict on (45 ms)
[ok]: client no-evict off (78 ms)
[ok]: avoid client eviction when client is freed by output buffer limit (156 ms)
[ok]: decrease maxmemory-clients causes client eviction (148 ms)
[ok]: Test replication partial resync: ok psync (diskless: no, swapdb, reconnect: 1) (6178 ms)
[ok]: evict clients only until below limit (176 ms)
[ok]: Slave should be able to synchronize with the master (112 ms)
[ok]: evict clients in right order (large to small) (219 ms)
[ok]: Functions are added to new node on redis-cli cluster add-node (2978 ms)
[ok]: client total memory grows during client no-evict (186 ms)
[ok]: client total memory grows during maxmemory-clients disabled (148 ms)
[76/84 done]: unit/client-eviction (9 seconds)
[ok]: Detect write load to master (1002 ms)
[ok]: GEOSEARCH fuzzy test - byradius (16172 ms)
[ok]: PSYNC2: generate load while killing replication links (5002 ms)
[ok]: PSYNC2: cluster is consistent after load (x = 36045) (5 ms)
[ok]: PSYNC2: total sum of full synchronizations is exactly 4 (5 ms)
[ok]: PSYNC2: --- CYCLE 5 --- (0 ms)
[ok]: PSYNC2: [NEW LAYOUT] Set #3 as master (1 ms)
[ok]: PSYNC2: Set #4 to replicate from #1 (1 ms)
[ok]: Client output buffer hard limit is enforced (19343 ms)
[ok]: PSYNC2: Set #0 to replicate from #3 (0 ms)
[ok]: PSYNC2: Set #1 to replicate from #2 (1 ms)
[ok]: PSYNC2: Set #2 to replicate from #0 (0 ms)
[ok]: Migrate the last slot away from a node using redis-cli (4605 ms)
[ok]: PSYNC2: cluster is consistent after failover (1 ms)
[ok]: redis-cli --cluster create with cluster-port (2028 ms)
[ok]: Client output buffer soft limit is enforced if time is overreached (5163 ms)
[ok]: Test replication partial resync: no backlog (diskless: no, swapdb, reconnect: 1) (7645 ms)
[ok]: redis-cli --cluster add-node with cluster-port (1266 ms)
[ok]: Slave should be able to synchronize with the master (110 ms)
[77/84 done]: unit/cluster (18 seconds)
[ok]: Detect write load to master (1007 ms)
[ok]: PSYNC2: generate load while killing replication links (5004 ms)
[ok]: PSYNC2: cluster is consistent after load (x = 48606) (1 ms)
[ok]: PSYNC2: total sum of full synchronizations is exactly 4 (1 ms)
[ok]: PSYNC2: Bring the master back again for next test (4 ms)
[ok]: PSYNC2: Partial resync after restart using RDB aux fields (186 ms)
[78/84 done]: integration/psync2 (43 seconds)
[ok]: GEOSEARCH fuzzy test - bybox (11103 ms)
[ok]: GEOSEARCH box edges fuzzy test (71 ms)
[79/84 done]: unit/geo (27 seconds)
[ok]: Client output buffer soft limit is not enforced too early and is enforced when no traffic (5048 ms)
[ok]: Connect multiple replicas at the same time (issue #141), master diskless=yes, replica diskless=disabled (15453 ms)
[ok]: No response for single command if client output buffer hard limit is enforced (145 ms)
[ok]: No response for multi commands in pipeline if client output buffer limit is enforced (1047 ms)
[ok]: Execute transactions completely even if client output buffer limit is enforced (48 ms)
[ok]: Obuf limit, HRANDFIELD with huge count stopped mid-run (19 ms)
[ok]: Obuf limit, KEYS stopped mid-run (29 ms)
[80/84 done]: unit/obuf-limits (31 seconds)
[ok]: Test replication partial resync: ok after delay (diskless: no, swapdb, reconnect: 1) (9227 ms)
[ok]: Slave should be able to synchronize with the master (103 ms)
[ok]: Detect write load to master (1001 ms)
[ok]: slave buffer are counted correctly (22871 ms)
[ok]: Connect multiple replicas at the same time (issue #141), master diskless=yes, replica diskless=swapdb (13105 ms)
[ok]: Test replication partial resync: backlog expired (diskless: no, swapdb, reconnect: 1) (9151 ms)
[ok]: replica buffer don't induce eviction (9339 ms)
[ok]: Don't rehash if used memory exceeds maxmemory after rehash (92 ms)
[ok]: Slave should be able to synchronize with the master (1817 ms)
[ok]: Detect write load to master (1 ms)
[ok]: Test replication partial resync: no reconnection, just sync (diskless: yes, disabled, reconnect: 0) (29 ms)
[ok]: client tracking don't cause eviction feedback loop (1340 ms)
[ok]: propagation with eviction (90 ms)
[ok]: Slave should be able to synchronize with the master (808 ms)
[ok]: Detect write load to master (1 ms)
[ok]: propagation with eviction in MULTI (87 ms)
[81/84 done]: unit/maxmemory (54 seconds)
[ok]: Fuzzing dense/sparse encoding: Redis should always detect errors (42662 ms)
[ok]: PFADD, PFCOUNT, PFMERGE type checking works (1 ms)
[ok]: PFMERGE results on the cardinality of union of sets (1 ms)
[ok]: PFCOUNT multiple-keys merge returns cardinality of union #1 (3945 ms)
[ok]: Test replication partial resync: ok psync (diskless: yes, disabled, reconnect: 1) (6108 ms)
[ok]: Slave should be able to synchronize with the master (806 ms)
[ok]: Detect write load to master (0 ms)
[ok]: PFCOUNT multiple-keys merge returns cardinality of union #2 (2012 ms)
[ok]: PFDEBUG GETREG returns the HyperLogLog raw registers (304 ms)
[ok]: PFADD / PFCOUNT cache invalidation works (0 ms)
[82/84 done]: unit/hyperloglog (55 seconds)
[ok]: Test replication partial resync: no backlog (diskless: yes, disabled, reconnect: 1) (7619 ms)
[ok]: Slave should be able to synchronize with the master (807 ms)
[ok]: Detect write load to master (1 ms)
[ok]: Master stream is correctly processed while the replica has a script in -BUSY state (19561 ms)
[ok]: Diskless load swapdb (different replid): new database is exposed after swapping (1 ms)
[ok]: Diskless load swapdb (different replid): replica enter loading (219 ms)
[ok]: Diskless load swapdb (different replid): old database is exposed after replication fails (0 ms)
[ok]: Diskless load swapdb (async_loading): new database is exposed after swapping (0 ms)
[ok]: Diskless load swapdb (async_loading): replica enter async_loading (437 ms)
[ok]: Diskless load swapdb (async_loading): old database is exposed while async replication is in progress (878 ms)
[ok]: Busy script during async loading (878 ms)
[ok]: Blocked commands and configs during async-loading (440 ms)
[ok]: Diskless load swapdb (async_loading): old database is exposed after async replication fails (0 ms)
Waiting for process 15713 to exit...
[ok]: Test replication partial resync: ok after delay (diskless: yes, disabled, reconnect: 1) (9123 ms)
Waiting for process 15713 to exit...
[ok]: Slave should be able to synchronize with the master (1818 ms)
[ok]: Detect write load to master (1 ms)
Waiting for process 15713 to exit...
Waiting for process 15713 to exit...
[ok]: Test replication partial resync: backlog expired (diskless: yes, disabled, reconnect: 1) (9147 ms)
[ok]: Slave should be able to synchronize with the master (808 ms)
[ok]: Detect write load to master (0 ms)
[ok]: Test replication partial resync: no reconnection, just sync (diskless: yes, swapdb, reconnect: 0) (117 ms)
[ok]: Slave should be able to synchronize with the master (806 ms)
[ok]: Detect write load to master (0 ms)
[ok]: Test replication partial resync: ok psync (diskless: yes, swapdb, reconnect: 1) (6097 ms)
[ok]: Slave should be able to synchronize with the master (1813 ms)
[ok]: Detect write load to master (0 ms)
[ok]: Test replication partial resync: no backlog (diskless: yes, swapdb, reconnect: 1) (7635 ms)
[ok]: Slave should be able to synchronize with the master (810 ms)
[ok]: Detect write load to master (0 ms)
[ok]: Test replication partial resync: ok after delay (diskless: yes, swapdb, reconnect: 1) (9129 ms)
[ok]: Slave should be able to synchronize with the master (810 ms)
[ok]: Detect write load to master (0 ms)
[ok]: diskless loading short read (37911 ms)
[ok]: diskless no replicas drop during rdb pipe (7382 ms)
[ok]: Test replication partial resync: backlog expired (diskless: yes, swapdb, reconnect: 1) (9126 ms)
[83/84 done]: integration/replication-psync (160 seconds)
[ok]: diskless slow replicas drop during rdb pipe (2955 ms)
[ok]: diskless fast replicas drop during rdb pipe (5873 ms)
[ok]: diskless all replicas drop during rdb pipe (1456 ms)
[ok]: diskless timeout replicas drop during rdb pipe (5034 ms)
[ok]: diskless replication child being killed is collected (1914 ms)
[ok]: replication child dies when parent is killed - diskless: yes (1174 ms)
[ok]: replication child dies when parent is killed - diskless: no (1391 ms)
[ok]: diskless replication read pipe cleanup (774 ms)
[ok]: replicaof right after disconnection (1721 ms)
[ok]: Kill rdb child process if its dumping RDB is not useful (1035 ms)
[ok]: Don't disconnect with replicas before loading transferred RDB when full sync (2 ms)
[ok]: Discard cache master before loading transferred RDB when full sync (117 ms)
[ok]: replica can handle EINTR if use diskless load (672 ms)
[ok]: replica do not write the reply to the replication link - SYNC (_addReplyToBufferOrList) (103 ms)
[ok]: replica do not write the reply to the replication link - SYNC (addReplyDeferredLen) (102 ms)
[ok]: replica do not write the reply to the replication link - PSYNC (_addReplyToBufferOrList) (136 ms)
[ok]: replica do not write the reply to the replication link - PSYNC (addReplyDeferredLen) (62 ms)
[ok]: PSYNC with wrong offset should throw error (6 ms)
[84/84 done]: integration/replication (190 seconds)
Testing solo test
[ignore]: Test LPUSH and LPOP on plain nodes over 4GB: large memory flag not provided
[ignore]: Test LINDEX and LINSERT on plain nodes over 4GB: large memory flag not provided
[ignore]: Test LTRIM on plain nodes over 4GB: large memory flag not provided
[ignore]: Test LREM on plain nodes over 4GB: large memory flag not provided
[ignore]: Test LSET on plain nodes over 4GB: large memory flag not provided
[ignore]: Test LMOVE on plain nodes over 4GB: large memory flag not provided
[84/84 done]: list-large-memory (0 seconds)
Testing solo test
[ignore]: SADD, SCARD, SISMEMBER - large data: large memory flag not provided
[84/84 done]: set-large-memory (1 seconds)
Testing solo test
[ok]: Active defrag (19025 ms)
[ok]: Active defrag eval scripts (3173 ms)
[ok]: Active defrag big keys (13191 ms)
[ok]: Active defrag big list (13017 ms)
[ok]: Active defrag edge case (16116 ms)
[84/84 done]: defrag (64 seconds)
Testing solo test
[ignore]: BIT pos larger than UINT_MAX: large memory flag not provided
[ignore]: SETBIT values larger than UINT32_MAX and lzf_compress/lzf_decompress correctly: large memory flag not provided
[84/84 done]: bitops-large-memory (1 seconds)
Testing solo test
[ignore]: XADD one huge field: large memory flag not provided
[ignore]: XADD one huge field - 1: large memory flag not provided
[ignore]: several XADD big fields: large memory flag not provided
[ignore]: single XADD big fields: large memory flag not provided
[ignore]: hash with many big fields: large memory flag not provided
[ignore]: hash with one huge field: large memory flag not provided
[84/84 done]: violations (1 seconds)

                   The End

Execution time of different units:
  0 seconds - unit/printver
  1 seconds - unit/info-command
  1 seconds - unit/type/incr
  1 seconds - unit/info
  1 seconds - unit/protocol
  2 seconds - unit/keyspace
  2 seconds - unit/auth
  0 seconds - unit/quit
  5 seconds - unit/multi
  6 seconds - unit/type/stream-cgroups
  1 seconds - unit/acl-v2
  3 seconds - unit/acl
  11 seconds - unit/type/hash
  12 seconds - unit/other
  14 seconds - unit/sort
  15 seconds - unit/type/list
  8 seconds - unit/latency-monitor
  16 seconds - unit/type/string
  15 seconds - unit/expire
  20 seconds - unit/scan
  26 seconds - unit/type/stream
  28 seconds - unit/type/list-2
  12 seconds - integration/shutdown
  17 seconds - integration/replication-3
  17 seconds - integration/replication-buffer
  1 seconds - integration/convert-zipmap-hash-on-load
  1 seconds - integration/convert-ziplist-hash-on-load
  15 seconds - integration/aof
  22 seconds - integration/replication-2
  0 seconds - integration/convert-ziplist-zset-on-load
  1 seconds - integration/logging
  26 seconds - integration/block-repl
  9 seconds - integration/rdb
  13 seconds - integration/aof-multi-part
  39 seconds - unit/dump
  3 seconds - integration/redis-benchmark
  6 seconds - integration/failover
  0 seconds - unit/pubsub
  30 seconds - integration/replication-4
  17 seconds - integration/corrupt-dump
  3 seconds - unit/pubsubshard
  1 seconds - unit/slowlog
  11 seconds - integration/psync2-master-restart
  5 seconds - integration/dismiss-mem
  47 seconds - unit/aofrw
  1 seconds - unit/limits
  51 seconds - unit/type/set
  12 seconds - integration/redis-cli
  20 seconds - integration/corrupt-dump-fuzzer
  6 seconds - unit/functions
  6 seconds - unit/introspection-2
  54 seconds - unit/type/zset
  3 seconds - unit/bitfield
  18 seconds - integration/psync2-pingoff
  1 seconds - unit/lazyfree
  2 seconds - unit/pause
  4 seconds - unit/memefficiency
  1 seconds - unit/tls
  10 seconds - unit/introspection
  7 seconds - unit/bitops
  3 seconds - unit/querybuf
  23 seconds - integration/psync2-reg
  1 seconds - unit/oom-score-adj
  0 seconds - unit/shutdown
  4 seconds - unit/wait
  1 seconds - unit/violations
  2 seconds - unit/tracking
  1 seconds - unit/replybufsize
  1 seconds - unit/networking
  2 seconds - unit/cluster-scripting
  5 seconds - unit/pendingquerybuf
  3 seconds - unit/cluster/links
  3 seconds - unit/cluster/misc
  17 seconds - unit/scripting
  64 seconds - unit/type/list-3
  9 seconds - unit/client-eviction
  18 seconds - unit/cluster
  43 seconds - integration/psync2
  27 seconds - unit/geo
  31 seconds - unit/obuf-limits
  54 seconds - unit/maxmemory
  55 seconds - unit/hyperloglog
  160 seconds - integration/replication-psync
  190 seconds - integration/replication
  0 seconds - list-large-memory
  1 seconds - set-large-memory
  64 seconds - defrag
  1 seconds - bitops-large-memory
  1 seconds - violations

\o/ All tests passed without errors!

Cleanup: may take some time... OK
