1. Execution goes beyond SVC and stuck later

kern  :warn  : [  445.622998] kjit: loading out-of-tree module taints kernel.
kern  :notice: [  445.623002] kjit: module verification failed: signature and/or required key missing - tainting kernel
kern  :info  : [  445.623999] rust_kjit: ######## Rust KJIT inits ########
kern  :info  : [  445.624021] rust_kjit: UCA online
kern  :info  : [  452.064883] rust_kjit: Hot SVC at 0xfffff772ce0c with PID 2972 on CPU 3
kern  :info  : [  452.065291] rust_kjit: Vlabel: 0xfffff7668660 -> 0x118	len 0x118 + ofst 0x0
kern  :info  : [  452.065293] rust_kjit: Vlabel: 0xfffff7668664 -> 0x128	len 0x128 + ofst 0x0
kern  :info  : [  452.065294] rust_kjit: Vlabel: 0xfffff7668668 -> 0x12c	len 0x12c + ofst 0x0
kern  :info  : [  452.065295] rust_kjit: Vlabel: 0xfffff766866c -> 0x130	len 0x130 + ofst 0x0
kern  :info  : [  452.065296] rust_kjit: Vlabel: 0xfffff7668670 -> 0x134	len 0x134 + ofst 0x0
kern  :info  : [  452.065297] rust_kjit: Vlabel: 0xfffff7668674 -> 0x138	len 0x138 + ofst 0x0
kern  :info  : [  452.065298] rust_kjit: Vlabel: 0xfffff7668678 -> 0x13c	len 0x13c + ofst 0x0
kern  :info  : [  452.065298] rust_kjit: Vlabel: 0xfffff766867c -> 0x140	len 0x140 + ofst 0x0
kern  :info  : [  452.065299] rust_kjit: Vlabel: 0xfffff7668680 -> 0x144	len 0x144 + ofst 0x0
kern  :info  : [  452.065300] rust_kjit: Vlabel: 0xfffff7668684 -> 0x148	len 0x148 + ofst 0x0
kern  :info  : [  452.065301] rust_kjit: Vlabel: 0xfffff7668688 -> 0x14c	len 0x14c + ofst 0x0
kern  :info  : [  452.065302] rust_kjit: Vlabel: 0xfffff772ce0c -> 0x15c	len 0x15c + ofst 0x0
kern  :info  : [  452.065303] rust_kjit: Vlabel: 0xfffff772ce10 -> 0x160	len 0x160 + ofst 0x0
kern  :info  : [  452.065304] rust_kjit: Vlabel: 0xfffff772ce14 -> 0x184	len 0x184 + ofst 0x0
kern  :info  : [  452.065305] rust_kjit: Vlabel: 0xfffff772ce18 -> 0x194	len 0x194 + ofst 0x0
kern  :info  : [  452.065307] rust_kjit: Vlabel: 0xfffff7668660 -> 0x1b8	len 0x1b8 + ofst 0x0
kern  :info  : [  452.065308] rust_kjit: Final code: fd 7b b4 a9 fd 03 00 91 f2 2f 00 f9 f3 53 06 a9 f5 5b 07 a9 f7 63 08 a9 f9 6b 09 a9 fb 73 0a a9 f0 03 00 aa f1 03 01 aa f0 47 0b a9 00 06 40 a9 02 0e 41 a9 04 16 42 a9 06 1e 43 a9 08 26 44 a9 0a 2e 45 a9 0c 36 46 a9 0e 3e 47 a9 12 4e 49 a9 14 56 4a a9 16 5e 4b a9 18 66 4c a9 1a 6e 4d a9 1c 72 40 f9 1e 7a 40 f9 11 76 40 f9 f1 23 00 f9 11 7e 40 f9 f1 27 00 f9 10 46 48 a9 ec 37 01 a9 ee 3f 02 a9 f0 47 03 a9 f0 47 44 a9 34 00 00 14 f0 47 04 a9 f0 47 4b a9 2a 2e 00 a9 ee 3f 41 a9 0e 3e 06 a9 ee 3f 42 a9 0e 3e 07 a9 ee 3f 43 a9 0e 3e 08 a9 ee 23 40 f9 0e 76 00 f9 ee 27 40 f9 0e 7e 00 f9 00 06 00 a9 02 0e 01 a9 04 16 02 a9 06 1e 03 a9 08 22 00 f9 12 4e 09 a9 14 56 0a a9 16 5e 0b a9 18 66 0c a9 1a 6e 0d a9 1c 72 00 f9 1e 7a 00 f9 e0 03 09 aa f2 2f 40 f9 f3 53 46 a9 
kern  :info  : [  452.065375] rust_kjit: Final code con't: f5 5b 47 a9 f7 63 48 a9 f9 6b 49 a9 fb 73 4a a9 fd 7b cc a8 c0 03 5f d6 02 00 e0 d2 e2 ff df f2 c2 ef be f2 02 00 9e f2 42 ec 46 f9 43 d0 3b d5 30 7a bf a9 e1 03 00 aa e1 03 01 4b f0 03 11 aa 61 68 22 b8 00 00 80 92 30 7a c1 a8 89 00 80 d2 ea 03 1e aa 2b 00 00 10 ce ff ff 17 1f fc 3f b1 09 42 3b d5 09 01 80 f2 69 00 c0 f2 0a 00 e0 d2 ea ff df f2 4a ee be f2 0a c3 99 f2 2b 00 00 10 c4 ff ff 17 89 00 80 d2 ea 03 1e aa 2b 00 00 10 c0 ff ff 17 09 42 3b d5 09 01 80 f2 09 00 c0 f2 0a 00 e0 d2 ea ff df f2 ca ec be f2 0a cc 90 f2 2b 00 00 10 b7 ff ff 17 d8 ff ff 17 
kern  :info  : [  452.065521] rust_kjit: ###### Lift session 1 ######
kern  :info  : [  452.065522] rust_kjit: Regs: 
kern  :warn  : [  452.065523] 	X0: 000000000000	X1: 000000000001	X2: 000000000016	X3: ffffffffe9b8
kern  :warn  : [  452.065525] 	X4: fffff72ce900	X5: 000000002800	X6: 2d7017dd3358625f	X7: 00000000000a
kern  :warn  : [  452.065528] 	X8: 000000000015	X9: 000000000000	X10: 000000000000	X11: 000000000000
kern  :warn  : [  452.065530] 	X12: 000000000000	X13: 000000000000	X14: 000000000000	X15: 000000000000
kern  :warn  : [  452.065531] 	X16: aaaaaabdfe40	X17: fffff772ce00	X18: 0000000372cf	X19: 000000000016
kern  :warn  : [  452.065534] 	X20: 000000000001	X21: 0000000002c0	X22: fffff720d000	X23: fffff72ce900
kern  :warn  : [  452.065535] 	X24: aaaaaab250d0	X25: fffff720d2c0	X26: fffff7208000	X27: aaaaaab8f000
kern  :warn  : [  452.065537] 	X28: aaaaaab8f000	X29: ffffffffe9d0	X30: aaaaaab1b210
kern  :info  : [  452.065539] rust_kjit: RDebug at 0x180
kern  :info  : [  452.065540] rust_kjit: B: Continue at 0x184
kern  :info  : [  452.065540] rust_kjit: Regs: 
kern  :warn  : [  452.065541] 	X0: 000000000000	X1: 000000000001	X2: 000000000016	X3: ffffffffe9b8
kern  :warn  : [  452.065543] 	X4: fffff72ce900	X5: 000000002800	X6: 2d7017dd3358625f	X7: 00000000000a
kern  :warn  : [  452.065545] 	X8: 000000000015	X9: 000000000000	X10: 000000000000	X11: 000000000000
kern  :warn  : [  452.065547] 	X12: 000000000000	X13: 000000000000	X14: 000000000000	X15: 000000000000
kern  :warn  : [  452.065548] 	X16: aaaaaabdfe40	X17: fffff772ce00	X18: 0000000372cf	X19: 000000000016
kern  :warn  : [  452.065550] 	X20: 000000000001	X21: 0000000002c0	X22: fffff720d000	X23: fffff72ce900
kern  :warn  : [  452.065552] 	X24: aaaaaab250d0	X25: fffff720d2c0	X26: fffff7208000	X27: aaaaaab8f000
kern  :warn  : [  452.065554] 	X28: aaaaaab8f000	X29: ffffffffe9d0	X30: aaaaaab1b210
kern  :info  : [  452.065555] rust_kjit: RRet at 0x190
kern  :info  : [  452.066341] rust_kjit: ARM64_INS_PACIASP -> NOP
kern  :info  : [  452.066598] rust_kjit: ARM64_INS_AUTIASP -> NOP
kern  :info  : [  452.066907] rust_kjit: ARM64_INS_BTI -> NOP
kern  :info  : [  452.067081] rust_kjit: ARM64_INS_PACIASP -> NOP
kern  :info  : [  452.067114] rust_kjit: ARM64_INS_AUTIASP -> NOP
kern  :info  : [  452.067623] rust_kjit: ARM64_INS_AUTIASP -> NOP
kern  :info  : [  452.067751] rust_kjit: ARM64_INS_PACIASP -> NOP
kern  :info  : [  452.067797] rust_kjit: ARM64_INS_AUTIASP -> NOP
kern  :info  : [  452.067831] rust_kjit: ARM64_INS_AUTIASP -> NOP
kern  :info  : [  452.067859] rust_kjit: Vlabel: 0xaaaaaab1a4e0 -> 0x1bc	len 0x0 + ofst 0x1bc
kern  :info  : [  452.067861] rust_kjit: Vlabel: 0xaaaaaab1a4e4 -> 0x1c0	len 0x4 + ofst 0x1bc
kern  :info  : [  452.067863] rust_kjit: Vlabel: 0xaaaaaab1a4e8 -> 0x1c4	len 0x8 + ofst 0x1bc
kern  :info  : [  452.067864] rust_kjit: Vlabel: 0xaaaaaab1a4ec -> 0x1c8	len 0xc + ofst 0x1bc
kern  :info  : [  452.067865] rust_kjit: Vlabel: 0xaaaaaab1a4f0 -> 0x1cc	len 0x10 + ofst 0x1bc
kern  :info  : [  452.067866] rust_kjit: Vlabel: 0xaaaaaab1a4f4 -> 0x1d0	len 0x14 + ofst 0x1bc
kern  :info  : [  452.067867] rust_kjit: Vlabel: 0xaaaaaab1a4f8 -> 0x1d4	len 0x18 + ofst 0x1bc
kern  :info  : [  452.067868] rust_kjit: Vlabel: 0xaaaaaab1a4fc -> 0x1d8	len 0x1c + ofst 0x1bc
kern  :info  : [  452.067868] rust_kjit: Vlabel: 0xaaaaaab1a500 -> 0x1dc	len 0x20 + ofst 0x1bc
kern  :info  : [  452.067869] rust_kjit: Vlabel: 0xaaaaaab1a504 -> 0x1e0	len 0x24 + ofst 0x1bc
kern  :info  : [  452.067870] rust_kjit: Vlabel: 0xaaaaaab1a508 -> 0x1e4	len 0x28 + ofst 0x1bc
kern  :info  : [  452.067871] rust_kjit: Vlabel: 0xaaaaaab1a50c -> 0x1e8	len 0x2c + ofst 0x1bc
kern  :info  : [  452.067872] rust_kjit: Vlabel: 0xaaaaaab1a510 -> 0x1f8	len 0x3c + ofst 0x1bc
kern  :info  : [  452.067873] rust_kjit: Vlabel: 0xaaaaaab1a514 -> 0x1fc	len 0x40 + ofst 0x1bc
kern  :info  : [  452.067874] rust_kjit: Vlabel: 0xaaaaaab1a518 -> 0x200	len 0x44 + ofst 0x1bc
kern  :info  : [  452.067875] rust_kjit: Vlabel: 0xaaaaaab1a51c -> 0x204	len 0x48 + ofst 0x1bc
kern  :info  : [  452.067876] rust_kjit: Vlabel: 0xaaaaaab1a520 -> 0x208	len 0x4c + ofst 0x1bc
kern  :info  : [  452.067877] rust_kjit: Vlabel: 0xaaaaaab1a524 -> 0x20c	len 0x50 + ofst 0x1bc
kern  :info  : [  452.067879] rust_kjit: Vlabel: 0xaaaaaab1a528 -> 0x234	len 0x78 + ofst 0x1bc
kern  :info  : [  452.067880] rust_kjit: Vlabel: 0xaaaaaab1a52c -> 0x238	len 0x7c + ofst 0x1bc
kern  :info  : [  452.067880] rust_kjit: Vlabel: 0xaaaaaab1a530 -> 0x23c	len 0x80 + ofst 0x1bc
kern  :info  : [  452.067881] rust_kjit: Vlabel: 0xaaaaaab1a534 -> 0x240	len 0x84 + ofst 0x1bc
kern  :info  : [  452.067882] rust_kjit: Vlabel: 0xaaaaaab1a538 -> 0x244	len 0x88 + ofst 0x1bc
kern  :info  : [  452.067883] rust_kjit: Vlabel: 0xaaaaaab1a53c -> 0x248	len 0x8c + ofst 0x1bc
kern  :info  : [  452.067884] rust_kjit: Vlabel: 0xaaaaaab1a540 -> 0x24c	len 0x90 + ofst 0x1bc
kern  :info  : [  452.067885] rust_kjit: Vlabel: 0xaaaaaab1a544 -> 0x250	len 0x94 + ofst 0x1bc
kern  :info  : [  452.067886] rust_kjit: Vlabel: 0xaaaaaab1a548 -> 0x254	len 0x98 + ofst 0x1bc
kern  :info  : [  452.067887] rust_kjit: Vlabel: 0xaaaaaab1a54c -> 0x258	len 0x9c + ofst 0x1bc
kern  :info  : [  452.067888] rust_kjit: Vlabel: 0xaaaaaab1a550 -> 0x284	len 0xc8 + ofst 0x1bc
kern  :info  : [  452.067889] rust_kjit: Vlabel: 0xaaaaaab1a554 -> 0x288	len 0xcc + ofst 0x1bc
kern  :info  : [  452.067890] rust_kjit: Vlabel: 0xaaaaaab1a558 -> 0x28c	len 0xd0 + ofst 0x1bc
kern  :info  : [  452.067892] rust_kjit: Vlabel: 0xaaaaaab1a55c -> 0x2b4	len 0xf8 + ofst 0x1bc
kern  :info  : [  452.067893] rust_kjit: Vlabel: 0xaaaaaab1a560 -> 0x2b8	len 0xfc + ofst 0x1bc
kern  :info  : [  452.067894] rust_kjit: Vlabel: 0xaaaaaab1a564 -> 0x2bc	len 0x100 + ofst 0x1bc
kern  :info  : [  452.067895] rust_kjit: Vlabel: 0xaaaaaab1a568 -> 0x2c0	len 0x104 + ofst 0x1bc
kern  :info  : [  452.067895] rust_kjit: Vlabel: 0xaaaaaab1a56c -> 0x2c4	len 0x108 + ofst 0x1bc
kern  :info  : [  452.067897] rust_kjit: Vlabel: 0xaaaaaab1a570 -> 0x2e0	len 0x124 + ofst 0x1bc
kern  :info  : [  452.067898] rust_kjit: Vlabel: 0xaaaaaab1a574 -> 0x2e4	len 0x128 + ofst 0x1bc
kern  :info  : [  452.067898] rust_kjit: Vlabel: 0xaaaaaab1a578 -> 0x2e8	len 0x12c + ofst 0x1bc
kern  :info  : [  452.067899] rust_kjit: Vlabel: 0xaaaaaab1a57c -> 0x2ec	len 0x130 + ofst 0x1bc
kern  :info  : [  452.067900] rust_kjit: Vlabel: 0xaaaaaab1a580 -> 0x2f0	len 0x134 + ofst 0x1bc
kern  :info  : [  452.067901] rust_kjit: Vlabel: 0xaaaaaab1a584 -> 0x2f4	len 0x138 + ofst 0x1bc
kern  :info  : [  452.067902] rust_kjit: Vlabel: 0xaaaaaab1a588 -> 0x318	len 0x15c + ofst 0x1bc
kern  :info  : [  452.067903] rust_kjit: Vlabel: 0xaaaaaab1a58c -> 0x328	len 0x16c + ofst 0x1bc
kern  :info  : [  452.067904] rust_kjit: Vlabel: 0xaaaaaab1a590 -> 0x32c	len 0x170 + ofst 0x1bc
kern  :info  : [  452.067905] rust_kjit: Vlabel: 0xaaaaaab1a594 -> 0x330	len 0x174 + ofst 0x1bc
kern  :info  : [  452.067906] rust_kjit: Vlabel: 0xaaaaaab1a598 -> 0x334	len 0x178 + ofst 0x1bc
kern  :info  : [  452.067907] rust_kjit: Vlabel: 0xaaaaaab1a59c -> 0x338	len 0x17c + ofst 0x1bc
kern  :info  : [  452.067908] rust_kjit: Vlabel: 0xaaaaaab1a5a0 -> 0x33c	len 0x180 + ofst 0x1bc
kern  :info  : [  452.067909] rust_kjit: Vlabel: 0xaaaaaab1a5a4 -> 0x360	len 0x1a4 + ofst 0x1bc
kern  :info  : [  452.067910] rust_kjit: Vlabel: 0xaaaaaab1a5a8 -> 0x364	len 0x1a8 + ofst 0x1bc
kern  :info  : [  452.067911] rust_kjit: Vlabel: 0xaaaaaab1a5ac -> 0x368	len 0x1ac + ofst 0x1bc
kern  :info  : [  452.067911] rust_kjit: Vlabel: 0xaaaaaab1a5b0 -> 0x36c	len 0x1b0 + ofst 0x1bc
kern  :info  : [  452.067912] rust_kjit: Vlabel: 0xaaaaaab1a5b4 -> 0x370	len 0x1b4 + ofst 0x1bc
kern  :info  : [  452.067913] rust_kjit: Vlabel: 0xaaaaaab1a5b8 -> 0x374	len 0x1b8 + ofst 0x1bc
kern  :info  : [  452.067914] rust_kjit: Vlabel: 0xaaaaaab1a5bc -> 0x378	len 0x1bc + ofst 0x1bc
kern  :info  : [  452.067915] rust_kjit: Vlabel: 0xaaaaaab1a5c0 -> 0x388	len 0x1cc + ofst 0x1bc
kern  :info  : [  452.067917] rust_kjit: Vlabel: 0xaaaaaab1a5c4 -> 0x3b0	len 0x1f4 + ofst 0x1bc
kern  :info  : [  452.067918] rust_kjit: Vlabel: 0xaaaaaab1a5c8 -> 0x3b4	len 0x1f8 + ofst 0x1bc
kern  :info  : [  452.067919] rust_kjit: Vlabel: 0xaaaaaab1a560 -> 0x3dc	len 0x220 + ofst 0x1bc
kern  :info  : [  452.067920] rust_kjit: Vlabel: 0xaaaaaab1a5cc -> 0x3e0	len 0x224 + ofst 0x1bc
kern  :info  : [  452.067921] rust_kjit: Vlabel: 0xaaaaaab1a5d0 -> 0x3e4	len 0x228 + ofst 0x1bc
kern  :info  : [  452.067922] rust_kjit: Vlabel: 0xaaaaaab1a5d4 -> 0x3e8	len 0x22c + ofst 0x1bc
kern  :info  : [  452.067923] rust_kjit: Vlabel: 0xaaaaaab1a5d8 -> 0x3ec	len 0x230 + ofst 0x1bc
kern  :info  : [  452.067924] rust_kjit: Vlabel: 0xaaaaaab1a5dc -> 0x408	len 0x24c + ofst 0x1bc
kern  :info  : [  452.067925] rust_kjit: Vlabel: 0xaaaaaab1a5e0 -> 0x40c	len 0x250 + ofst 0x1bc
kern  :info  : [  452.067926] rust_kjit: Vlabel: 0xaaaaaab1a5e4 -> 0x410	len 0x254 + ofst 0x1bc
kern  :info  : [  452.067927] rust_kjit: Vlabel: 0xaaaaaab1a5e8 -> 0x414	len 0x258 + ofst 0x1bc
kern  :info  : [  452.067928] rust_kjit: Vlabel: 0xaaaaaab1a5ec -> 0x418	len 0x25c + ofst 0x1bc
kern  :info  : [  452.067929] rust_kjit: Vlabel: 0xaaaaaab1a5f0 -> 0x41c	len 0x260 + ofst 0x1bc
kern  :info  : [  452.067930] rust_kjit: Vlabel: 0xaaaaaab1a588 -> 0x440	len 0x284 + ofst 0x1bc
kern  :info  : [  452.067931] rust_kjit: Vlabel: 0xaaaaaab1a5f4 -> 0x444	len 0x288 + ofst 0x1bc
kern  :info  : [  452.067932] rust_kjit: Vlabel: 0xaaaaaab1a5f8 -> 0x448	len 0x28c + ofst 0x1bc
kern  :info  : [  452.067934] rust_kjit: Vlabel: 0xaaaaaab1a5fc -> 0x46c	len 0x2b0 + ofst 0x1bc
kern  :info  : [  452.067936] rust_kjit: Vlabel: 0xaaaaaab1a600 -> 0x470	len 0x2b4 + ofst 0x1bc
kern  :info  : [  452.067937] rust_kjit: Vlabel: 0xaaaaaab1a604 -> 0x474	len 0x2b8 + ofst 0x1bc
kern  :info  : [  452.067938] rust_kjit: Vlabel: 0xaaaaaab1a608 -> 0x478	len 0x2bc + ofst 0x1bc
kern  :info  : [  452.067939] rust_kjit: Vlabel: 0xaaaaaab1a60c -> 0x47c	len 0x2c0 + ofst 0x1bc
kern  :info  : [  452.067939] rust_kjit: Vlabel: 0xaaaaaab1a610 -> 0x480	len 0x2c4 + ofst 0x1bc
kern  :info  : [  452.067941] rust_kjit: Vlabel: 0xaaaaaab1a614 -> 0x4a4	len 0x2e8 + ofst 0x1bc
kern  :info  : [  452.067942] rust_kjit: Vlabel: 0xaaaaaab1a618 -> 0x4a8	len 0x2ec + ofst 0x1bc
kern  :info  : [  452.067943] rust_kjit: Vlabel: 0xaaaaaab1a61c -> 0x4ac	len 0x2f0 + ofst 0x1bc
kern  :info  : [  452.067944] rust_kjit: Vlabel: 0xaaaaaab1a620 -> 0x4b0	len 0x2f4 + ofst 0x1bc
kern  :info  : [  452.067945] rust_kjit: Vlabel: 0xaaaaaab1a624 -> 0x4d4	len 0x318 + ofst 0x1bc
kern  :info  : [  452.067946] rust_kjit: Vlabel: 0xaaaaaab1a628 -> 0x4d8	len 0x31c + ofst 0x1bc
kern  :info  : [  452.067947] rust_kjit: Vlabel: 0xaaaaaab1a614 -> 0x500	len 0x344 + ofst 0x1bc
kern  :info  : [  452.067948] rust_kjit: Vlabel: 0xaaaaaab1a62c -> 0x504	len 0x348 + ofst 0x1bc
kern  :info  : [  452.067949] rust_kjit: Vlabel: 0xaaaaaab1a630 -> 0x508	len 0x34c + ofst 0x1bc
kern  :info  : [  452.067950] rust_kjit: Vlabel: 0xaaaaaab1a588 -> 0x52c	len 0x370 + ofst 0x1bc
kern  :info  : [  452.067951] rust_kjit: Vlabel: 0xaaaaaab1a634 -> 0x530	len 0x374 + ofst 0x1bc
kern  :info  : [  452.067952] rust_kjit: Vlabel: 0xaaaaaab1a638 -> 0x534	len 0x378 + ofst 0x1bc
kern  :info  : [  452.067953] rust_kjit: Vlabel: 0xaaaaaab1a63c -> 0x538	len 0x37c + ofst 0x1bc
kern  :info  : [  452.067954] rust_kjit: Vlabel: 0xaaaaaab1a55c -> 0x55c	len 0x3a0 + ofst 0x1bc
kern  :info  : [  452.067955] rust_kjit: Vlabel: 0xaaaaaab1a640 -> 0x560	len 0x3a4 + ofst 0x1bc
kern  :info  : [  452.067956] rust_kjit: Vlabel: 0xaaaaaab1a644 -> 0x564	len 0x3a8 + ofst 0x1bc
kern  :info  : [  452.067957] rust_kjit: Vlabel: 0xaaaaaab1a648 -> 0x568	len 0x3ac + ofst 0x1bc
kern  :info  : [  452.067958] rust_kjit: Vlabel: 0xaaaaaab1a55c -> 0x58c	len 0x3d0 + ofst 0x1bc
kern  :info  : [  452.067959] rust_kjit: Vlabel: 0xaaaaaab1a64c -> 0x590	len 0x3d4 + ofst 0x1bc
kern  :info  : [  452.067961] rust_kjit: Vlabel: 0xaaaaaab1a650 -> 0x5ac	len 0x3f0 + ofst 0x1bc
kern  :info  : [  452.067962] rust_kjit: Vlabel: 0xaaaaaab1a654 -> 0x5b0	len 0x3f4 + ofst 0x1bc
kern  :info  : [  452.067963] rust_kjit: Vlabel: 0xaaaaaab1a658 -> 0x5b4	len 0x3f8 + ofst 0x1bc
kern  :info  : [  452.067963] rust_kjit: Vlabel: 0xaaaaaab1a65c -> 0x5b8	len 0x3fc + ofst 0x1bc
kern  :info  : [  452.067964] rust_kjit: Vlabel: 0xaaaaaab1a660 -> 0x5bc	len 0x400 + ofst 0x1bc
kern  :info  : [  452.067970] rust_kjit: Vlabel: 0xaaaaaab1a664 -> 0x5c0	len 0x404 + ofst 0x1bc
kern  :info  : [  452.067970] rust_kjit: Vlabel: 0xaaaaaab1a668 -> 0x5c4	len 0x408 + ofst 0x1bc
kern  :info  : [  452.067972] rust_kjit: Vlabel: 0xaaaaaab1a66c -> 0x5e8	len 0x42c + ofst 0x1bc
kern  :info  : [  452.067974] rust_kjit: Vlabel: 0xaaaaaab1a670 -> 0x60c	len 0x450 + ofst 0x1bc
kern  :info  : [  452.067975] rust_kjit: Vlabel: 0xaaaaaab1a674 -> 0x610	len 0x454 + ofst 0x1bc
kern  :info  : [  452.067976] rust_kjit: Vlabel: 0xaaaaaab1a678 -> 0x634	len 0x478 + ofst 0x1bc
kern  :info  : [  452.067977] rust_kjit: Vlabel: 0xaaaaaab1a67c -> 0x638	len 0x47c + ofst 0x1bc
kern  :info  : [  452.067978] rust_kjit: Vlabel: 0xaaaaaab1a680 -> 0x63c	len 0x480 + ofst 0x1bc
kern  :info  : [  452.067979] rust_kjit: Vlabel: 0xaaaaaab1a684 -> 0x660	len 0x4a4 + ofst 0x1bc
kern  :info  : [  452.067981] rust_kjit: Vlabel: 0xaaaaaab1a688 -> 0x664	len 0x4a8 + ofst 0x1bc
kern  :info  : [  452.067981] rust_kjit: Vlabel: 0xaaaaaab1a68c -> 0x668	len 0x4ac + ofst 0x1bc
kern  :info  : [  452.067982] rust_kjit: Vlabel: 0xaaaaaab1a690 -> 0x66c	len 0x4b0 + ofst 0x1bc
kern  :info  : [  452.067983] rust_kjit: Vlabel: 0xaaaaaab1a694 -> 0x670	len 0x4b4 + ofst 0x1bc
kern  :info  : [  452.067985] rust_kjit: Vlabel: 0xaaaaaab1a698 -> 0x694	len 0x4d8 + ofst 0x1bc
kern  :info  : [  452.067986] rust_kjit: Vlabel: 0xaaaaaab1a69c -> 0x6b8	len 0x4fc + ofst 0x1bc
kern  :info  : [  452.067987] rust_kjit: Vlabel: 0xaaaaaab1a6a0 -> 0x6bc	len 0x500 + ofst 0x1bc
kern  :info  : [  452.067989] rust_kjit: Vlabel: 0xaaaaaab1a6a4 -> 0x6e4	len 0x528 + ofst 0x1bc
kern  :info  : [  452.067990] rust_kjit: Vlabel: 0xaaaaaab1a6a8 -> 0x6e8	len 0x52c + ofst 0x1bc
kern  :info  : [  452.067990] rust_kjit: Vlabel: 0xaaaaaab1a6ac -> 0x6ec	len 0x530 + ofst 0x1bc
kern  :info  : [  452.067991] rust_kjit: Vlabel: 0xaaaaaab1a6b0 -> 0x6f0	len 0x534 + ofst 0x1bc
kern  :info  : [  452.067993] rust_kjit: Vlabel: 0xaaaaaab1a6b4 -> 0x714	len 0x558 + ofst 0x1bc
kern  :info  : [  452.067994] rust_kjit: Vlabel: 0xaaaaaab1a6b8 -> 0x718	len 0x55c + ofst 0x1bc
kern  :info  : [  452.067995] rust_kjit: Vlabel: 0xaaaaaab1a6bc -> 0x71c	len 0x560 + ofst 0x1bc
kern  :info  : [  452.067996] rust_kjit: Vlabel: 0xaaaaaab1a6c0 -> 0x720	len 0x564 + ofst 0x1bc
kern  :info  : [  452.067996] rust_kjit: Vlabel: 0xaaaaaab1a6c4 -> 0x724	len 0x568 + ofst 0x1bc
kern  :info  : [  452.067997] rust_kjit: Vlabel: 0xaaaaaab1a6c8 -> 0x728	len 0x56c + ofst 0x1bc
kern  :info  : [  452.067999] rust_kjit: Vlabel: 0xaaaaaab1a6cc -> 0x744	len 0x588 + ofst 0x1bc
kern  :info  : [  452.068000] rust_kjit: Vlabel: 0xaaaaaab1a6d0 -> 0x748	len 0x58c + ofst 0x1bc
kern  :info  : [  452.068000] rust_kjit: Vlabel: 0xaaaaaab1a6d4 -> 0x74c	len 0x590 + ofst 0x1bc
kern  :info  : [  452.068001] rust_kjit: Vlabel: 0xaaaaaab1a6d8 -> 0x750	len 0x594 + ofst 0x1bc
kern  :info  : [  452.068002] rust_kjit: Vlabel: 0xaaaaaab1a6dc -> 0x754	len 0x598 + ofst 0x1bc
kern  :info  : [  452.068003] rust_kjit: Vlabel: 0xaaaaaab1a6e0 -> 0x764	len 0x5a8 + ofst 0x1bc
kern  :info  : [  452.068004] rust_kjit: Vlabel: 0xaaaaaab1a6e4 -> 0x768	len 0x5ac + ofst 0x1bc
kern  :info  : [  452.068006] rust_kjit: Vlabel: 0xaaaaaab1a688 -> 0x790	len 0x5d4 + ofst 0x1bc
kern  :info  : [  452.068007] rust_kjit: Vlabel: 0xaaaaaab1a6e8 -> 0x794	len 0x5d8 + ofst 0x1bc
kern  :info  : [  452.068008] rust_kjit: Vlabel: 0xaaaaaab1a6ec -> 0x798	len 0x5dc + ofst 0x1bc
kern  :info  : [  452.068008] rust_kjit: Vlabel: 0xaaaaaab1a6f0 -> 0x79c	len 0x5e0 + ofst 0x1bc
kern  :info  : [  452.068009] rust_kjit: Vlabel: 0xaaaaaab1a6f4 -> 0x7a0	len 0x5e4 + ofst 0x1bc
kern  :info  : [  452.068010] rust_kjit: Vlabel: 0xaaaaaab1a6f8 -> 0x7a4	len 0x5e8 + ofst 0x1bc
kern  :info  : [  452.068011] rust_kjit: Vlabel: 0xaaaaaab1a698 -> 0x7c8	len 0x60c + ofst 0x1bc
kern  :info  : [  452.068012] rust_kjit: Vlabel: 0xaaaaaab1a6fc -> 0x7cc	len 0x610 + ofst 0x1bc
kern  :info  : [  452.068014] rust_kjit: Vlabel: 0xaaaaaab1a700 -> 0x7d0	len 0x614 + ofst 0x1bc
kern  :info  : [  452.068014] rust_kjit: Vlabel: 0xaaaaaab1a704 -> 0x7d4	len 0x618 + ofst 0x1bc
kern  :info  : [  452.068015] rust_kjit: Vlabel: 0xaaaaaab1a708 -> 0x7d8	len 0x61c + ofst 0x1bc
kern  :info  : [  452.068016] rust_kjit: Vlabel: 0xaaaaaab1a70c -> 0x7dc	len 0x620 + ofst 0x1bc
kern  :info  : [  452.068017] rust_kjit: Vlabel: 0xaaaaaab1a6b4 -> 0x800	len 0x644 + ofst 0x1bc
kern  :info  : [  452.068018] rust_kjit: Vlabel: 0xaaaaaab1a710 -> 0x804	len 0x648 + ofst 0x1bc
kern  :info  : [  452.068020] rust_kjit: Vlabel: 0xaaaaaab1a714 -> 0x814	len 0x658 + ofst 0x1bc
kern  :info  : [  452.068021] rust_kjit: Vlabel: 0xaaaaaab1a718 -> 0x818	len 0x65c + ofst 0x1bc
kern  :info  : [  452.068022] rust_kjit: Vlabel: 0xaaaaaab1a71c -> 0x83c	len 0x680 + ofst 0x1bc
kern  :info  : [  452.068023] rust_kjit: Vlabel: 0xaaaaaab1a720 -> 0x840	len 0x684 + ofst 0x1bc
kern  :info  : [  452.068024] rust_kjit: Vlabel: 0xaaaaaab1a724 -> 0x844	len 0x688 + ofst 0x1bc
kern  :info  : [  452.068025] rust_kjit: Vlabel: 0xaaaaaab1a6a8 -> 0x868	len 0x6ac + ofst 0x1bc
kern  :info  : [  452.068027] rust_kjit: Vlabel: 0xaaaaaab1a728 -> 0x86c	len 0x6b0 + ofst 0x1bc
kern  :info  : [  452.068027] rust_kjit: Vlabel: 0xaaaaaab1a72c -> 0x870	len 0x6b4 + ofst 0x1bc
kern  :info  : [  452.068029] rust_kjit: Vlabel: 0xaaaaaab1a6a8 -> 0x894	len 0x6d8 + ofst 0x1bc
kern  :info  : [  452.068030] rust_kjit: Vlabel: 0xaaaaaab1a730 -> 0x898	len 0x6dc + ofst 0x1bc
kern  :info  : [  452.068031] rust_kjit: Vlabel: 0xaaaaaab1a734 -> 0x89c	len 0x6e0 + ofst 0x1bc
kern  :info  : [  452.068032] rust_kjit: Vlabel: 0xaaaaaab1a6a8 -> 0x8c0	len 0x704 + ofst 0x1bc
kern  :info  : [  452.068033] rust_kjit: Vlabel: 0xaaaaaab1a738 -> 0x8c4	len 0x708 + ofst 0x1bc
kern  :info  : [  452.068034] rust_kjit: Vlabel: 0xaaaaaab1a73c -> 0x8c8	len 0x70c + ofst 0x1bc
kern  :info  : [  452.068035] rust_kjit: Vlabel: 0xaaaaaab1a688 -> 0x8ec	len 0x730 + ofst 0x1bc
kern  :info  : [  452.068037] rust_kjit: Vlabel: 0xaaaaaab1a740 -> 0x8f0	len 0x734 + ofst 0x1bc
kern  :info  : [  452.068038] rust_kjit: Vlabel: 0xaaaaaab1a744 -> 0x8f4	len 0x738 + ofst 0x1bc
kern  :info  : [  452.068039] rust_kjit: Vlabel: 0xaaaaaab1a688 -> 0x918	len 0x75c + ofst 0x1bc
kern  :info  : [  452.068040] rust_kjit: Vlabel: 0xaaaaaab1b210 -> 0x91c	len 0x760 + ofst 0x1bc
kern  :info  : [  452.068041] rust_kjit: Vlabel: 0xaaaaaab1b214 -> 0x920	len 0x764 + ofst 0x1bc
kern  :info  : [  452.068042] rust_kjit: Vlabel: 0xaaaaaab1b218 -> 0x944	len 0x788 + ofst 0x1bc
kern  :info  : [  452.068043] rust_kjit: Vlabel: 0xaaaaaab1b21c -> 0x948	len 0x78c + ofst 0x1bc
kern  :info  : [  452.068044] rust_kjit: Vlabel: 0xaaaaaab1b220 -> 0x94c	len 0x790 + ofst 0x1bc
kern  :info  : [  452.068045] rust_kjit: Vlabel: 0xaaaaaab1b224 -> 0x950	len 0x794 + ofst 0x1bc
kern  :info  : [  452.068047] rust_kjit: Vlabel: 0xaaaaaab1b228 -> 0x97c	len 0x7c0 + ofst 0x1bc
kern  :info  : [  452.068048] rust_kjit: Vlabel: 0xaaaaaab1b22c -> 0x980	len 0x7c4 + ofst 0x1bc
kern  :info  : [  452.068049] rust_kjit: Vlabel: 0xaaaaaab1b230 -> 0x9ac	len 0x7f0 + ofst 0x1bc
kern  :info  : [  452.068050] rust_kjit: Vlabel: 0xaaaaaab1b234 -> 0x9b0	len 0x7f4 + ofst 0x1bc
kern  :info  : [  452.068051] rust_kjit: Vlabel: 0xaaaaaab1b238 -> 0x9b4	len 0x7f8 + ofst 0x1bc
kern  :info  : [  452.068052] rust_kjit: Vlabel: 0xaaaaaab1b23c -> 0x9b8	len 0x7fc + ofst 0x1bc
kern  :info  : [  452.068053] rust_kjit: Vlabel: 0xaaaaaab1b240 -> 0x9bc	len 0x800 + ofst 0x1bc
kern  :info  : [  452.068055] rust_kjit: Vlabel: 0xaaaaaab1b244 -> 0x9e0	len 0x824 + ofst 0x1bc
kern  :info  : [  452.068056] rust_kjit: Vlabel: 0xaaaaaab1b248 -> 0x9e4	len 0x828 + ofst 0x1bc
kern  :info  : [  452.068057] rust_kjit: Vlabel: 0xaaaaaab1b24c -> 0x9e8	len 0x82c + ofst 0x1bc
kern  :info  : [  452.068058] rust_kjit: Vlabel: 0xaaaaaab1b250 -> 0x9ec	len 0x830 + ofst 0x1bc
kern  :info  : [  452.068059] rust_kjit: Vlabel: 0xaaaaaab1b254 -> 0x9fc	len 0x840 + ofst 0x1bc
kern  :info  : [  452.068060] rust_kjit: Vlabel: 0xaaaaaab1b258 -> 0xa00	len 0x844 + ofst 0x1bc
kern  :info  : [  452.068061] rust_kjit: Vlabel: 0xaaaaaab1b25c -> 0xa04	len 0x848 + ofst 0x1bc
kern  :info  : [  452.068061] rust_kjit: Vlabel: 0xaaaaaab1b260 -> 0xa08	len 0x84c + ofst 0x1bc
kern  :info  : [  452.068062] rust_kjit: Vlabel: 0xaaaaaab1b264 -> 0xa0c	len 0x850 + ofst 0x1bc
kern  :info  : [  452.068063] rust_kjit: Vlabel: 0xaaaaaab1b268 -> 0xa10	len 0x854 + ofst 0x1bc
kern  :info  : [  452.068065] rust_kjit: Vlabel: 0xaaaaaab1b26c -> 0xa34	len 0x878 + ofst 0x1bc
kern  :info  : [  452.068066] rust_kjit: Vlabel: 0xaaaaaab1b270 -> 0xa38	len 0x87c + ofst 0x1bc
kern  :info  : [  452.068067] rust_kjit: Vlabel: 0xaaaaaab1b274 -> 0xa3c	len 0x880 + ofst 0x1bc
kern  :info  : [  452.068067] rust_kjit: Vlabel: 0xaaaaaab1b278 -> 0xa40	len 0x884 + ofst 0x1bc
kern  :info  : [  452.068068] rust_kjit: Vlabel: 0xaaaaaab1b27c -> 0xa44	len 0x888 + ofst 0x1bc
kern  :info  : [  452.068069] rust_kjit: Vlabel: 0xaaaaaab1b280 -> 0xa48	len 0x88c + ofst 0x1bc
kern  :info  : [  452.068070] rust_kjit: Vlabel: 0xaaaaaab1b294 -> 0xa58	len 0x89c + ofst 0x1bc
kern  :info  : [  452.068071] rust_kjit: Vlabel: 0xaaaaaab1b298 -> 0xa5c	len 0x8a0 + ofst 0x1bc
kern  :info  : [  452.068073] rust_kjit: Vlabel: 0xaaaaaab1b244 -> 0xa80	len 0x8c4 + ofst 0x1bc
kern  :info  : [  452.068074] rust_kjit: Vlabel: 0xaaaaaab1b2b0 -> 0xa84	len 0x8c8 + ofst 0x1bc
kern  :info  : [  452.068074] rust_kjit: Vlabel: 0xaaaaaab1b2b4 -> 0xa88	len 0x8cc + ofst 0x1bc
kern  :info  : [  452.068075] rust_kjit: Vlabel: 0xaaaaaab1b2b8 -> 0xa8c	len 0x8d0 + ofst 0x1bc
kern  :info  : [  452.068076] rust_kjit: Vlabel: 0xaaaaaab1b2bc -> 0xa90	len 0x8d4 + ofst 0x1bc
kern  :info  : [  452.068077] rust_kjit: Vlabel: 0xaaaaaab1b250 -> 0xab4	len 0x8f8 + ofst 0x1bc
kern  :info  : [  452.068079] rust_kjit: Vlabel: 0xaaaaaab1b2c0 -> 0xab8	len 0x8fc + ofst 0x1bc
kern  :info  : [  452.068079] rust_kjit: Vlabel: 0xaaaaaab1b2c4 -> 0xabc	len 0x900 + ofst 0x1bc
kern  :info  : [  452.068080] rust_kjit: Vlabel: 0xaaaaaab1b2c8 -> 0xac0	len 0x904 + ofst 0x1bc
kern  :info  : [  452.068082] rust_kjit: Vlabel: 0xaaaaaab1b2cc -> 0xadc	len 0x920 + ofst 0x1bc
kern  :info  : [  452.068083] rust_kjit: Vlabel: 0xaaaaaab1b2d0 -> 0xae0	len 0x924 + ofst 0x1bc
kern  :info  : [  452.068083] rust_kjit: Vlabel: 0xaaaaaab1b2d4 -> 0xae4	len 0x928 + ofst 0x1bc
kern  :info  : [  452.068084] rust_kjit: Vlabel: 0xaaaaaab1b2d8 -> 0xae8	len 0x92c + ofst 0x1bc
kern  :info  : [  452.068085] rust_kjit: Vlabel: 0xaaaaaab1b2dc -> 0xaec	len 0x930 + ofst 0x1bc
kern  :info  : [  452.068086] rust_kjit: Vlabel: 0xaaaaaab1b2e0 -> 0xaf0	len 0x934 + ofst 0x1bc
kern  :info  : [  452.068087] rust_kjit: Vlabel: 0xaaaaaab1b2e4 -> 0xaf4	len 0x938 + ofst 0x1bc
kern  :info  : [  452.068089] rust_kjit: Vlabel: 0xaaaaaab1b2e8 -> 0xb18	len 0x95c + ofst 0x1bc
kern  :info  : [  452.068090] rust_kjit: Vlabel: 0xaaaaaab1b2ec -> 0xb1c	len 0x960 + ofst 0x1bc
kern  :info  : [  452.068091] rust_kjit: Vlabel: 0xaaaaaab1b2f0 -> 0xb20	len 0x964 + ofst 0x1bc
kern  :info  : [  452.068092] rust_kjit: Vlabel: 0xaaaaaab1a4e0 -> 0xb44	len 0x988 + ofst 0x1bc
kern  :info  : [  452.068093] rust_kjit: Vlabel: 0xaaaaaab1b2f4 -> 0xb48	len 0x98c + ofst 0x1bc
kern  :info  : [  452.068094] rust_kjit: Vlabel: 0xaaaaaab1b2f8 -> 0xb4c	len 0x990 + ofst 0x1bc
kern  :info  : [  452.068095] rust_kjit: Vlabel: 0xaaaaaab1b2fc -> 0xb50	len 0x994 + ofst 0x1bc
kern  :info  : [  452.068096] rust_kjit: Final code: 1f 20 03 d5 31 82 01 d1 30 7a 02 a9 30 82 00 91 35 5a 04 a9 f5 03 00 aa 36 7c 7b 93 37 2a 00 f9 b7 0a 40 f9 33 52 03 a9 f4 03 01 2a 00 00 e0 d2 40 55 d5 f2 a0 57 b5 f2 00 00 9e f2 00 c0 47 f9 01 00 40 f9 21 0e 00 f9 01 00 80 d2 e0 6a 76 b8 1f 00 00 71 09 42 3b d5 09 01 80 f2 29 00 c0 f2 0a 00 e0 d2 4a 55 d5 f2 2a 56 b5 f2 0a b1 94 f2 2b 00 00 10 98 ff ff 17 a3 1a 40 f9 41 00 1e 32 5f 00 7f f2 3f fe 00 a9 22 10 82 1a 01 00 22 0a f3 03 22 2a 60 00 40 b9 22 00 1f 12 29 00 80 d2 3f 00 09 ea 09 42 3b d5 09 01 80 f2 29 00 c0 f2 0a 00 e0 d2 4a 55 d5 f2 2a 56 b5 f2 0a b8 94 f2 2b 00 00 10 84 ff ff 17 21 00 80 52 21 0a 00 b9 5f 00 00 71 09 42 3b d5 09 01 80 f2 49 00 c0 f2 0a 00 e0 d2 4a 55 d5 f2 2a 56 b5 f2 8a c6 94 f2 2b 00 00 10 78 ff ff 17 34 12 00 b9 23 22 00 91 
kern  :info  : [  452.068162] rust_kjit: Final code con't: e2 03 14 2a 61 00 80 52 29 00 80 d2 0a 00 e0 d2 4a 55 d5 f2 0a 56 b5 f2 0a 28 9d f2 2b 00 00 10 6d ff ff 17 e0 6a 76 b8 a3 02 40 b9 62 02 00 6a e2 6a 36 b8 80 02 43 7a 09 42 3b d5 09 01 80 f2 29 00 c0 f2 0a 00 e0 d2 4a 55 d5 f2 2a 56 b5 f2 8a be 94 f2 2b 00 00 10 5f ff ff 17 00 00 e0 d2 40 55 d5 f2 a0 57 b5 f2 00 00 9e f2 00 c0 47 f9 22 0e 40 f9 01 00 40 f9 42 00 01 eb 01 00 80 d2 09 42 3b d5 09 01 80 f2 49 00 c0 f2 0a 00 e0 d2 4a 55 d5 f2 2a 56 b5 f2 8a c9 94 f2 2b 00 00 10 4d ff ff 17 30 7a 42 a9 33 52 43 a9 35 5a 44 a9 37 2a 40 f9 31 82 01 91 1f 20 03 d5 89 00 80 d2 ea 03 1e aa 2b 00 00 10 43 ff ff 17 5f 00 00 71 09 42 3b d5 09 01 80 f2 49 00 c0 f2 0a 00 e0 d2 4a 55 d5 f2 2a 56 b5 f2 0a c8 94 f2 2b 00 00 10 39 ff ff 17 34 12 00 b9 3f 00 00 71 09 42 3b d5 
kern  :info  : [  452.068228] rust_kjit: Final code con't: 09 01 80 f2 49 00 c0 f2 0a 00 e0 d2 4a 55 d5 f2 2a 56 b5 f2 0a ac 94 f2 2b 00 00 10 2e ff ff 17 b7 ff ff 17 23 22 00 91 e2 03 14 2a 41 00 80 52 29 00 80 d2 0a 00 e0 d2 4a 55 d5 f2 0a 56 b5 f2 0a 28 9d f2 2b 00 00 10 23 ff ff 17 e0 6a 76 b8 a3 02 40 b9 62 02 00 6a e2 6a 36 b8 80 02 43 7a 09 42 3b d5 09 01 80 f2 49 00 c0 f2 0a 00 e0 d2 4a 55 d5 f2 2a 56 b5 f2 0a b1 94 f2 2b 00 00 10 15 ff ff 17 b6 ff ff 17 61 04 00 71 09 42 3b d5 09 01 80 f2 a9 00 c0 f2 0a 00 e0 d2 4a 55 d5 f2 2a 56 b5 f2 8a c5 94 f2 2b 00 00 10 0a ff ff 17 04 04 80 52 e2 03 80 92 a0 0a 40 f9 63 08 24 9b 00 00 03 8b 09 42 3b d5 09 01 80 f2 09 00 c0 f2 0a 00 e0 d2 4a 55 d5 f2 2a 56 b5 f2 8a c4 94 f2 2b 00 00 10 fc fe ff 17 21 04 00 51 00 80 00 d1 3f 04 00 31 09 42 3b d5 09 01 80 f2 29 00 c0 f2 
kern  :info  : [  452.068294] rust_kjit: Final code con't: 0a 00 e0 d2 4a 55 d5 f2 2a 56 b5 f2 8a c5 94 f2 2b 00 00 10 f0 fe ff 17 02 00 40 b9 5f 00 00 71 09 42 3b d5 09 01 80 f2 29 00 c0 f2 0a 00 e0 d2 4a 55 d5 f2 2a 56 b5 f2 8a c2 94 f2 2b 00 00 10 e5 fe ff 17 e9 ff ff 17 a1 02 00 b9 09 42 3b d5 09 01 80 f2 09 00 c0 f2 0a 00 e0 d2 4a 55 d5 f2 2a 56 b5 f2 0a b1 94 f2 2b 00 00 10 da fe ff 17 7b ff ff 17 a1 00 80 52 21 0a 00 b9 09 42 3b d5 09 01 80 f2 09 00 c0 f2 0a 00 e0 d2 4a 55 d5 f2 2a 56 b5 f2 8a ab 94 f2 2b 00 00 10 ce fe ff 17 56 ff ff 17 81 00 80 52 21 0a 00 b9 09 42 3b d5 09 01 80 f2 09 00 c0 f2 0a 00 e0 d2 4a 55 d5 f2 2a 56 b5 f2 8a ab 94 f2 2b 00 00 10 c2 fe ff 17 4a ff ff 17 29 00 80 d2 0a 00 e0 d2 4a 55 d5 f2 0a 56 b5 f2 0a 66 9c f2 2b 00 00 10 ba fe ff 17 1f 20 03 d5 e3 03 01 aa e1 03 02 aa 62 f0 5f 38 
kern  :info  : [  452.068372] rust_kjit: Final code con't: 40 08 00 12 1f 08 00 71 09 42 3b d5 09 01 80 f2 29 00 c0 f2 0a 00 e0 d2 4a 55 d5 f2 2a 56 b5 f2 0a e8 94 f2 2b 00 00 10 ab fe ff 17 09 42 3b d5 09 01 80 f2 49 01 c0 f2 0a 00 e0 d2 4a 55 d5 f2 2a 56 b5 f2 0a dc 94 f2 2b 00 00 10 a2 fe ff 17 1f 0c 00 71 09 42 3b d5 09 01 80 f2 29 00 c0 f2 0a 00 e0 d2 4a 55 d5 f2 2a 56 b5 f2 0a e7 94 f2 2b 00 00 10 98 fe ff 17 02 00 80 52 1f 10 00 71 09 42 3b d5 09 01 80 f2 49 00 c0 f2 0a 00 e0 d2 4a 55 d5 f2 2a 56 b5 f2 0a d1 94 f2 2b 00 00 10 8d fe ff 17 62 f0 5e b8 20 f0 5f 38 05 08 00 12 bf 08 00 71 09 42 3b d5 09 01 80 f2 29 00 c0 f2 0a 00 e0 d2 4a 55 d5 f2 2a 56 b5 f2 0a e0 94 f2 2b 00 00 10 80 fe ff 17 09 42 3b d5 09 01 80 f2 29 01 c0 f2 0a 00 e0 d2 4a 55 d5 f2 2a 56 b5 f2 8a e2 94 f2 2b 00 00 10 77 fe ff 17 04 7c 03 53 
kern  :info  : [  452.068466] rust_kjit: Final code con't: bf 00 00 71 09 42 3b d5 09 01 80 f2 29 00 c0 f2 0a 00 e0 d2 4a 55 d5 f2 2a 56 b5 f2 0a d5 94 f2 2b 00 00 10 6c fe ff 17 24 d0 5f 38 00 00 80 52 5f 00 04 6b 09 42 3b d5 09 01 80 f2 49 00 c0 f2 0a 00 e0 d2 4a 55 d5 f2 2a 56 b5 f2 0a e2 94 f2 2b 00 00 10 60 fe ff 17 1f 20 03 d5 30 7a bf a9 42 7c 40 93 f0 03 11 aa e0 03 03 aa 29 00 80 d2 0a 00 e0 d2 4a 55 d5 f2 0a 56 b5 f2 0a 7e 9c f2 2b 00 00 10 54 fe ff 17 1f 00 00 71 30 7a c1 a8 1f 20 03 d5 e0 17 9f 1a 89 00 80 d2 ea 03 1e aa 2b 00 00 10 4c fe ff 17 42 7c 03 53 1f 00 00 71 09 42 3b d5 09 01 80 f2 29 00 c0 f2 0a 00 e0 d2 4a 55 d5 f2 2a 56 b5 f2 0a d1 94 f2 2b 00 00 10 41 fe ff 17 b5 ff ff 17 20 f0 5f 38 62 d0 5f 38 05 08 00 12 bf 08 00 71 09 42 3b d5 09 01 80 f2 49 00 c0 f2 0a 00 e0 d2 4a 55 d5 f2 2a 56 b5 f2 
kern  :info  : [  452.068534] rust_kjit: Final code con't: 0a d3 94 f2 2b 00 00 10 33 fe ff 17 b3 ff ff 17 1f 20 03 d5 24 b0 5f 78 00 00 80 52 5f 00 04 6b 09 42 3b d5 09 01 80 f2 29 00 c0 f2 0a 00 e0 d2 4a 55 d5 f2 2a 56 b5 f2 8a d6 94 f2 2b 00 00 10 25 fe ff 17 c5 ff ff 17 89 00 80 d2 ea 03 1e aa 2b 00 00 10 20 fe ff 17 bf 0c 00 71 09 42 3b d5 09 01 80 f2 29 00 c0 f2 0a 00 e0 d2 4a 55 d5 f2 2a 56 b5 f2 0a e6 94 f2 2b 00 00 10 16 fe ff 17 04 00 80 52 bf 10 00 71 09 42 3b d5 09 01 80 f2 49 00 c0 f2 0a 00 e0 d2 4a 55 d5 f2 2a 56 b5 f2 0a d5 94 f2 2b 00 00 10 0b fe ff 17 a0 ff ff 17 24 f0 5e b8 09 42 3b d5 09 01 80 f2 09 00 c0 f2 0a 00 e0 d2 4a 55 d5 f2 2a 56 b5 f2 0a d5 94 f2 2b 00 00 10 00 fe ff 17 95 ff ff 17 24 70 5f b8 09 42 3b d5 09 01 80 f2 09 00 c0 f2 0a 00 e0 d2 4a 55 d5 f2 2a 56 b5 f2 0a d5 94 f2 2b 00 00 10 
kern  :info  : [  452.068607] rust_kjit: Final code con't: f5 fd ff 17 8a ff ff 17 62 70 5f b8 09 42 3b d5 09 01 80 f2 09 00 c0 f2 0a 00 e0 d2 4a 55 d5 f2 2a 56 b5 f2 0a d1 94 f2 2b 00 00 10 ea fd ff 17 5e ff ff 17 62 b0 5f 78 09 42 3b d5 09 01 80 f2 09 00 c0 f2 0a 00 e0 d2 4a 55 d5 f2 2a 56 b5 f2 0a d1 94 f2 2b 00 00 10 df fd ff 17 53 ff ff 17 1f 04 00 31 09 42 3b d5 09 01 80 f2 29 00 c0 f2 0a 00 e0 d2 4a 55 d5 f2 2a 56 b5 f2 0a 56 96 f2 2b 00 00 10 d4 fd ff 17 c1 6a 75 b8 21 00 14 2a c1 6a 35 b8 29 00 80 d2 9f 02 09 ea 09 42 3b d5 09 01 80 f2 29 00 c0 f2 0a 00 e0 d2 4a 55 d5 f2 2a 56 b5 f2 8a 45 96 f2 2b 00 00 10 c6 fd ff 17 38 07 00 f9 29 00 80 d2 9f 06 09 ea 09 42 3b d5 09 01 80 f2 29 00 c0 f2 0a 00 e0 d2 4a 55 d5 f2 2a 56 b5 f2 8a 46 96 f2 2b 00 00 10 ba fd ff 17 38 0b 00 f9 40 03 40 b9 37 0f 00 f9 1f 00 13 6b 
kern  :info  : [  452.068675] rust_kjit: Final code con't: 09 42 3b d5 09 01 80 f2 89 01 c0 f2 0a 00 e0 d2 4a 55 d5 f2 2a 56 b5 f2 8a 52 96 f2 2b 00 00 10 ad fd ff 17 35 5a 44 a9 00 00 80 52 37 62 45 a9 01 00 e0 d2 41 55 d5 f2 a1 57 b5 f2 01 00 9e f2 21 c0 47 f9 23 0e 40 f9 22 00 40 f9 63 00 02 eb 02 00 80 d2 09 42 3b d5 09 01 80 f2 49 00 c0 f2 0a 00 e0 d2 4a 55 d5 f2 2a 56 b5 f2 0a 58 96 f2 2b 00 00 10 98 fd ff 17 30 7a 42 a9 33 52 43 a9 39 6a 46 a9 31 c2 01 91 1f 20 03 d5 89 00 80 d2 ea 03 1e aa 2b 00 00 10 8f fd ff 17 53 03 00 b9 09 42 3b d5 09 01 80 f2 09 00 c0 f2 0a 00 e0 d2 4a 55 d5 f2 2a 56 b5 f2 8a 48 96 f2 2b 00 00 10 85 fd ff 17 d8 ff ff 17 35 5a 44 a9 00 00 80 12 37 62 45 a9 09 42 3b d5 09 01 80 f2 09 00 c0 f2 0a 00 e0 d2 4a 55 d5 f2 2a 56 b5 f2 0a 4a 96 f2 2b 00 00 10 78 fd ff 17 ce ff ff 17 35 5a 04 a9 
kern  :info  : [  452.068744] rust_kjit: Final code con't: 37 62 05 a9 29 00 80 d2 0a 00 e0 d2 4a 55 d5 f2 0a 56 b5 f2 0a 66 9c f2 2b 00 00 10 6e fd ff 17 1f 20 03 d5 1f 20 03 d5 30 7a bf a9 f0 03 11 aa 03 04 40 b9 7f 00 01 6b 09 42 3b d5 09 01 80 f2 c9 01 c0 f2 0a 00 e0 d2 4a 55 d5 f2 2a 56 b5 f2 8a 5e 96 f2 2b 00 00 10 5f fd ff 17 30 7a c1 a8 1f 20 03 d5 09 42 3b d5 09 01 80 f2 09 00 c0 f2 0a 00 e0 d2 4a 55 d5 f2 2a 56 b5 f2 0a 9c 94 f2 2b 00 00 10 54 fd ff 17 9e fd ff 17 30 7a c1 a8 1f 20 03 d5 89 00 80 d2 ea 03 1e aa 2b 00 00 10 4d fd ff 17 
kern  :info  : [  452.069121] rust_kjit: RET to 0xaaaaaab1b210 at 0x91c
kern  :info  : [  452.069122] rust_kjit: Regs: 
kern  :warn  : [  452.069123] 	X0: 000000000000	X1: 000000000001	X2: 000000000016	X3: ffffffffe9b8
kern  :warn  : [  452.069125] 	X4: fffff72ce900	X5: 000000002800	X6: 2d7017dd3358625f	X7: 00000000000a
kern  :warn  : [  452.069127] 	X8: 000000000015	X9: 000000000000	X10: 000000000000	X11: 000000000000
kern  :warn  : [  452.069130] 	X12: 000000000000	X13: 000000000000	X14: 000000000000	X15: 000000000000
kern  :warn  : [  452.069132] 	X16: aaaaaabdfe40	X17: fffff772ce00	X18: 0000000372cf	X19: 000000000016
kern  :warn  : [  452.069133] 	X20: 000000000001	X21: 0000000002c0	X22: fffff720d000	X23: fffff72ce900
kern  :warn  : [  452.069135] 	X24: aaaaaab250d0	X25: fffff720d2c0	X26: fffff7208000	X27: aaaaaab8f000
kern  :warn  : [  452.069137] 	X28: aaaaaab8f000	X29: ffffffffe9d0	X30: aaaaaab1b210
kern  :info  : [  452.069138] rust_kjit: RDebug at 0x940
kern  :info  : [  452.069139] rust_kjit: B: Continue at 0x944
kern  :info  : [  452.069140] rust_kjit: Regs: 
kern  :warn  : [  452.069141] 	X0: 000000000000	X1: 000000000001	X2: 000000000016	X3: ffffffffe9b8
kern  :warn  : [  452.069143] 	X4: fffff72ce900	X5: 000000002800	X6: 2d7017dd3358625f	X7: 00000000000a
kern  :warn  : [  452.069145] 	X8: 000000000015	X9: 000000000000	X10: 000000000000	X11: 000000000000
kern  :warn  : [  452.069147] 	X12: 000000000000	X13: 000000000000	X14: 000000000000	X15: 000000000000
kern  :warn  : [  452.069149] 	X16: aaaaaabdfe40	X17: fffff772ce00	X18: 0000000372cf	X19: 000000000016
kern  :warn  : [  452.069151] 	X20: 000000000001	X21: 0000000002c0	X22: fffff720d000	X23: fffff72ce900
kern  :warn  : [  452.069153] 	X24: aaaaaab250d0	X25: fffff720d2c0	X26: fffff7208000	X27: aaaaaab8f000
kern  :warn  : [  452.069154] 	X28: aaaaaab8f000	X29: ffffffffe9d0	X30: aaaaaab1b210
kern  :info  : [  452.069156] rust_kjit: RDebug at 0x978
kern  :info  : [  452.069156] rust_kjit: B: Continue at 0x97c
kern  :info  : [  452.069158] rust_kjit: Regs: 
kern  :warn  : [  452.069158] 	X0: 000000000000	X1: 000000000001	X2: 000000000016	X3: ffffffffe9b8
kern  :warn  : [  452.069160] 	X4: fffff72ce900	X5: 000000002800	X6: 2d7017dd3358625f	X7: 00000000000a
kern  :warn  : [  452.069162] 	X8: 000000000015	X9: 000000000000	X10: 000000000000	X11: 000000000000
kern  :warn  : [  452.069164] 	X12: 000000000000	X13: 000000000000	X14: 000000000000	X15: 000000000000
kern  :warn  : [  452.069166] 	X16: aaaaaabdfe40	X17: fffff772ce00	X18: 0000000372cf	X19: 000000000016
kern  :warn  : [  452.069168] 	X20: 000000000001	X21: 0000000002c0	X22: fffff720d000	X23: fffff72ce900
kern  :warn  : [  452.069170] 	X24: aaaaaab250d0	X25: fffff720d2c0	X26: fffff7208000	X27: aaaaaab8f000
kern  :warn  : [  452.069171] 	X28: aaaaaab8f000	X29: ffffffffe9d0	X30: aaaaaab1b210
kern  :info  : [  452.069172] rust_kjit: RDebug at 0x9a8
kern  :info  : [  452.069173] rust_kjit: B to 0xaaaaaab1b234 at 0x9b0
kern  :info  : [  452.069175] rust_kjit: Regs: 
kern  :warn  : [  452.069175] 	X0: 000000000000	X1: 000000000001	X2: 000000000016	X3: ffffffffe9b8
kern  :warn  : [  452.069177] 	X4: fffff72ce900	X5: 000000002800	X6: 2d7017dd3358625f	X7: 00000000000a
kern  :warn  : [  452.069179] 	X8: 000000000015	X9: 000000000000	X10: 000000000000	X11: 000000000000
kern  :warn  : [  452.069181] 	X12: 000000000000	X13: 000000000000	X14: 000000000000	X15: 000000000000
kern  :warn  : [  452.069183] 	X16: aaaaaabdfe40	X17: fffff772ce00	X18: 0000000372cf	X19: 000000000016
kern  :warn  : [  452.069185] 	X20: 000000000001	X21: 0000000002c0	X22: fffff720d000	X23: fffff72ce900
kern  :warn  : [  452.069186] 	X24: aaaaaab250d0	X25: fffff720d2c0	X26: fffff7208000	X27: aaaaaab8f000
kern  :warn  : [  452.069188] 	X28: aaaaaab8f000	X29: ffffffffe9d0	X30: aaaaaab1b210
kern  :info  : [  452.069189] rust_kjit: RDebug at 0x9dc
kern  :info  : [  452.069190] rust_kjit: B: Continue at 0x9e0
kern  :info  : [  452.069190] rust_kjit: Regs: 
kern  :warn  : [  452.069191] 	X0: 000000000035	X1: 000000000001	X2: 000000000016	X3: ffffffffe9b8
kern  :warn  : [  452.069193] 	X4: fffff72ce900	X5: 000000002800	X6: 2d7017dd3358625f	X7: 00000000000a
kern  :warn  : [  452.069195] 	X8: 000000000015	X9: 000000000000	X10: 000000000000	X11: 000000000000
kern  :warn  : [  452.069197] 	X12: 000000000000	X13: 000000000000	X14: 000000000000	X15: 000000000000
kern  :warn  : [  452.069199] 	X16: aaaaaabdfe40	X17: fffff772ce00	X18: 0000000372cf	X19: 000000000016
kern  :warn  : [  452.069200] 	X20: 000000000001	X21: 0000000002c0	X22: fffff720d000	X23: fffff72ce900
kern  :warn  : [  452.069202] 	X24: aaaaaab250d0	X25: fffff720d2c0	X26: fffff7208000	X27: aaaaaab8f000
kern  :warn  : [  452.069204] 	X28: aaaaaab8f000	X29: ffffffffe9d0	X30: aaaaaab1b210
kern  :info  : [  452.069205] rust_kjit: RDebug at 0xa30
kern  :info  : [  452.069206] rust_kjit: B: Continue at 0xa34
kern  :info  : [  452.069206] rust_kjit: Regs: 
kern  :warn  : [  452.069207] 	X0: 000000000000	X1: fffff7ffdb50	X2: 000000000000	X3: 000000000000
kern  :warn  : [  452.069209] 	X4: fffff72ce900	X5: 000000002800	X6: 2d7017dd3358625f	X7: 00000000000a
kern  :warn  : [  452.069211] 	X8: 000000000015	X9: 000000000000	X10: 000000000000	X11: 000000000000
kern  :warn  : [  452.069213] 	X12: 000000000000	X13: 000000000000	X14: 000000000000	X15: 000000000000
kern  :warn  : [  452.069215] 	X16: aaaaaabdfe40	X17: fffff772ce00	X18: 0000000372cf	X19: 000000000016
kern  :warn  : [  452.069217] 	X20: 000000000001	X21: 0000000002c0	X22: 00000000001b	X23: 00000000002b
kern  :warn  : [  452.069218] 	X24: 000000000002	X25: fffff720d2c0	X26: fffff7208000	X27: aaaaaab8f000
kern  :warn  : [  452.069220] 	X28: aaaaaab8f000	X29: ffffffffe9d0	X30: aaaaaab1b210
kern  :info  : [  452.069221] rust_kjit: RRet at 0xa54
kern  :info  : [  452.069586] rust_kjit: ARM64_INS_AUTIASP -> NOP
kern  :info  : [  452.069737] rust_kjit: Vlabel: 0xaaaaaab1f588 -> 0xb60	len 0x0 + ofst 0xb60
kern  :info  : [  452.069745] rust_kjit: Vlabel: 0xaaaaaab1f58c -> 0xb8c	len 0x2c + ofst 0xb60
kern  :info  : [  452.069746] rust_kjit: Vlabel: 0xaaaaaab1f590 -> 0xb90	len 0x30 + ofst 0xb60
kern  :info  : [  452.069747] rust_kjit: Vlabel: 0xaaaaaab1f594 -> 0xb94	len 0x34 + ofst 0xb60
kern  :info  : [  452.069748] rust_kjit: Vlabel: 0xaaaaaab1f598 -> 0xb98	len 0x38 + ofst 0xb60
kern  :info  : [  452.069749] rust_kjit: Vlabel: 0xaaaaaab1f59c -> 0xb9c	len 0x3c + ofst 0xb60
kern  :info  : [  452.069750] rust_kjit: Vlabel: 0xaaaaaab1f5a0 -> 0xba0	len 0x40 + ofst 0xb60
kern  :info  : [  452.069752] rust_kjit: Vlabel: 0xaaaaaab1f5c4 -> 0xbb0	len 0x50 + ofst 0xb60
kern  :info  : [  452.069753] rust_kjit: Vlabel: 0xaaaaaab1f5c8 -> 0xbb4	len 0x54 + ofst 0xb60
kern  :info  : [  452.069754] rust_kjit: Vlabel: 0xaaaaaab1f5cc -> 0xbb8	len 0x58 + ofst 0xb60
kern  :info  : [  452.069755] rust_kjit: Vlabel: 0xaaaaaab1f5d0 -> 0xbbc	len 0x5c + ofst 0xb60
kern  :info  : [  452.069756] rust_kjit: Vlabel: 0xaaaaaab1f5d4 -> 0xbc0	len 0x60 + ofst 0xb60
kern  :info  : [  452.069757] rust_kjit: Vlabel: 0xaaaaaab1f5d8 -> 0xbd0	len 0x70 + ofst 0xb60
kern  :info  : [  452.069758] rust_kjit: Vlabel: 0xaaaaaab1f5dc -> 0xbd4	len 0x74 + ofst 0xb60
kern  :info  : [  452.069759] rust_kjit: Vlabel: 0xaaaaaab1f5e0 -> 0xbd8	len 0x78 + ofst 0xb60
kern  :info  : [  452.069761] rust_kjit: Vlabel: 0xaaaaaab1f5e4 -> 0xbfc	len 0x9c + ofst 0xb60
kern  :info  : [  452.069762] rust_kjit: Vlabel: 0xaaaaaab1f5e8 -> 0xc00	len 0xa0 + ofst 0xb60
kern  :info  : [  452.069763] rust_kjit: Vlabel: 0xaaaaaab1f5ec -> 0xc04	len 0xa4 + ofst 0xb60
kern  :info  : [  452.069764] rust_kjit: Vlabel: 0xaaaaaab1f5f0 -> 0xc08	len 0xa8 + ofst 0xb60
kern  :info  : [  452.069765] rust_kjit: Vlabel: 0xaaaaaab1f5f4 -> 0xc0c	len 0xac + ofst 0xb60
kern  :info  : [  452.069766] rust_kjit: Vlabel: 0xaaaaaab1f5f8 -> 0xc10	len 0xb0 + ofst 0xb60
kern  :info  : [  452.069767] rust_kjit: Vlabel: 0xaaaaaab1f5fc -> 0xc14	len 0xb4 + ofst 0xb60
kern  :info  : [  452.069768] rust_kjit: Vlabel: 0xaaaaaab1f600 -> 0xc18	len 0xb8 + ofst 0xb60
kern  :info  : [  452.069769] rust_kjit: Vlabel: 0xaaaaaab1f604 -> 0xc1c	len 0xbc + ofst 0xb60
kern  :info  : [  452.069770] rust_kjit: Vlabel: 0xaaaaaab1f608 -> 0xc20	len 0xc0 + ofst 0xb60
kern  :info  : [  452.069771] rust_kjit: Vlabel: 0xaaaaaab1f588 -> 0xc4c	len 0xec + ofst 0xb60
kern  :info  : [  452.069772] rust_kjit: Vlabel: 0xaaaaaab1f60c -> 0xc50	len 0xf0 + ofst 0xb60
kern  :info  : [  452.069774] rust_kjit: Vlabel: 0xaaaaaab1f610 -> 0xc7c	len 0x11c + ofst 0xb60
kern  :info  : [  452.069775] rust_kjit: Vlabel: 0xaaaaaab1f614 -> 0xc80	len 0x120 + ofst 0xb60
kern  :info  : [  452.069776] rust_kjit: Vlabel: 0xaaaaaab1f618 -> 0xc84	len 0x124 + ofst 0xb60
kern  :info  : [  452.069777] rust_kjit: Vlabel: 0xaaaaaab1f61c -> 0xc88	len 0x128 + ofst 0xb60
kern  :info  : [  452.069778] rust_kjit: Vlabel: 0xaaaaaab1f620 -> 0xc8c	len 0x12c + ofst 0xb60
kern  :info  : [  452.069779] rust_kjit: Vlabel: 0xaaaaaab1f650 -> 0xc9c	len 0x13c + ofst 0xb60
kern  :info  : [  452.069780] rust_kjit: Vlabel: 0xaaaaaab1f654 -> 0xca0	len 0x140 + ofst 0xb60
kern  :info  : [  452.069782] rust_kjit: Vlabel: 0xaaaaaab1f658 -> 0xccc	len 0x16c + ofst 0xb60
kern  :info  : [  452.069783] rust_kjit: Vlabel: 0xaaaaaab1f65c -> 0xcd0	len 0x170 + ofst 0xb60
kern  :info  : [  452.069784] rust_kjit: Vlabel: 0xaaaaaab1f660 -> 0xcd4	len 0x174 + ofst 0xb60
kern  :info  : [  452.069785] rust_kjit: Vlabel: 0xaaaaaab1f664 -> 0xcd8	len 0x178 + ofst 0xb60
kern  :info  : [  452.069786] rust_kjit: Vlabel: 0xaaaaaab1f668 -> 0xcdc	len 0x17c + ofst 0xb60
kern  :info  : [  452.069787] rust_kjit: Vlabel: 0xaaaaaab1f66c -> 0xce0	len 0x180 + ofst 0xb60
kern  :info  : [  452.069788] rust_kjit: Vlabel: 0xaaaaaab1f670 -> 0xce4	len 0x184 + ofst 0xb60
kern  :info  : [  452.069789] rust_kjit: Vlabel: 0xaaaaaab1f6d0 -> 0xcf4	len 0x194 + ofst 0xb60
kern  :info  : [  452.069790] rust_kjit: Vlabel: 0xaaaaaab1f6d4 -> 0xcf8	len 0x198 + ofst 0xb60
kern  :info  : [  452.069791] rust_kjit: Vlabel: 0xaaaaaab1f6d8 -> 0xd08	len 0x1a8 + ofst 0xb60
kern  :info  : [  452.069792] rust_kjit: Vlabel: 0xaaaaaab1f6dc -> 0xd0c	len 0x1ac + ofst 0xb60
kern  :info  : [  452.069793] rust_kjit: Vlabel: 0xaaaaaab1f6e0 -> 0xd10	len 0x1b0 + ofst 0xb60
kern  :info  : [  452.069794] rust_kjit: Vlabel: 0xaaaaaab1f6e4 -> 0xd14	len 0x1b4 + ofst 0xb60
kern  :info  : [  452.069795] rust_kjit: Vlabel: 0xaaaaaab1f6e8 -> 0xd18	len 0x1b8 + ofst 0xb60
kern  :info  : [  452.069796] rust_kjit: Vlabel: 0xaaaaaab1f7b4 -> 0xd28	len 0x1c8 + ofst 0xb60
kern  :info  : [  452.069797] rust_kjit: Vlabel: 0xaaaaaab1f5d8 -> 0xd54	len 0x1f4 + ofst 0xb60
kern  :info  : [  452.069798] rust_kjit: Vlabel: 0xaaaaaab1f7b8 -> 0xd58	len 0x1f8 + ofst 0xb60
kern  :info  : [  452.069799] rust_kjit: Vlabel: 0xaaaaaab1f7bc -> 0xd5c	len 0x1fc + ofst 0xb60
kern  :info  : [  452.069801] rust_kjit: Vlabel: 0xaaaaaab1f5c4 -> 0xd80	len 0x220 + ofst 0xb60
kern  :info  : [  452.069802] rust_kjit: Vlabel: 0xaaaaaab1f7c0 -> 0xd84	len 0x224 + ofst 0xb60
kern  :info  : [  452.069803] rust_kjit: Vlabel: 0xaaaaaab1f5d8 -> 0xdb0	len 0x250 + ofst 0xb60
kern  :info  : [  452.069804] rust_kjit: Vlabel: 0xaaaaaab1f7c4 -> 0xdb4	len 0x254 + ofst 0xb60
kern  :info  : [  452.069805] rust_kjit: Vlabel: 0xaaaaaab1f7c8 -> 0xdb8	len 0x258 + ofst 0xb60
kern  :info  : [  452.069807] rust_kjit: Vlabel: 0xaaaaaab1f5c4 -> 0xddc	len 0x27c + ofst 0xb60
kern  :info  : [  452.069808] rust_kjit: Final code: 29 00 80 d2 3f 00 09 ea 09 42 3b d5 09 01 80 f2 29 00 c0 f2 0a 00 e0 d2 4a 55 d5 f2 2a 56 b5 f2 0a f8 9e f2 2b 00 00 10 42 fd ff 17 44 04 40 f9 e0 03 14 aa 42 0c 40 f9 e3 03 18 2a e1 03 1a 2a 49 00 80 d2 ea 03 04 aa 2b 00 00 10 39 fd ff 17 42 0c 40 f9 e3 03 18 2a e1 03 1a 2a e0 03 14 aa 49 00 80 d2 ea 03 04 aa 2b 00 00 10 31 fd ff 17 73 22 00 91 3f 03 13 eb 09 42 3b d5 09 01 80 f2 29 00 c0 f2 0a 00 e0 d2 4a 55 d5 f2 2a 56 b5 f2 0a ca 9e f2 2b 00 00 10 26 fd ff 17 82 0e 40 f9 5a 68 73 b8 42 00 13 8b 80 0a 40 f9 55 7f 7b 93 58 04 40 b9 02 00 15 8b 00 68 75 b8 01 03 00 0a 29 00 80 d2 1f 08 09 ea 09 42 3b d5 09 01 80 f2 29 00 c0 f2 0a 00 e0 d2 4a 55 d5 f2 2a 56 b5 f2 0a b1 9e f2 2b 00 00 10 12 fd ff 17 c5 ff ff 17 29 00 80 d2 3f 04 09 ea 09 42 3b d5 09 01 80 f2 
kern  :info  : [  452.069876] rust_kjit: Final code con't: 29 00 c0 f2 0a 00 e0 d2 4a 55 d5 f2 2a 56 b5 f2 8a f6 9e f2 2b 00 00 10 06 fd ff 17 44 08 41 a9 e0 03 14 aa e3 03 18 2a e1 03 1a 2a 49 00 80 d2 ea 03 04 aa 2b 00 00 10 fe fc ff 17 39 6a 44 a9 29 00 80 d2 df 06 09 ea 09 42 3b d5 09 01 80 f2 49 00 c0 f2 0a 00 e0 d2 4a 55 d5 f2 2a 56 b5 f2 0a da 9e f2 2b 00 00 10 f2 fc ff 17 33 52 41 a9 e0 03 17 2a 35 5a 42 a9 37 62 43 a9 30 7a c7 a8 1f 20 03 d5 89 00 80 d2 ea 03 1e aa 2b 00 00 10 e8 fc ff 17 39 6a 04 a9 19 00 e0 d2 59 55 d5 f2 b9 57 b5 f2 19 00 9e f2 39 eb 47 f9 93 12 40 f9 20 03 40 f9 96 06 40 f9 49 00 80 d2 ea 03 00 aa 2b 00 00 10 db fc ff 17 29 00 80 d2 3f 00 09 ea 09 42 3b d5 09 01 80 f2 29 00 c0 f2 0a 00 e0 d2 4a 55 d5 f2 2a 56 b5 f2 0a bb 9e f2 2b 00 00 10 d0 fc ff 17 9f ff ff 17 44 04 40 f9 09 42 3b d5 
kern  :info  : [  452.069944] rust_kjit: Final code con't: 09 01 80 f2 09 00 c0 f2 0a 00 e0 d2 4a 55 d5 f2 2a 56 b5 f2 8a b8 9e f2 2b 00 00 10 c5 fc ff 17 8c ff ff 17 29 00 80 d2 3f 04 09 ea 09 42 3b d5 09 01 80 f2 29 00 c0 f2 0a 00 e0 d2 4a 55 d5 f2 2a 56 b5 f2 0a bb 9e f2 2b 00 00 10 b9 fc ff 17 88 ff ff 17 44 08 40 f9 09 42 3b d5 09 01 80 f2 09 00 c0 f2 0a 00 e0 d2 4a 55 d5 f2 2a 56 b5 f2 8a b8 9e f2 2b 00 00 10 ae fc ff 17 75 ff ff 17 
kern  :info  : [  452.070048] rust_kjit: RET to 0xaaaaaab1f5d8 at 0xbd0
kern  :info  : [  452.070049] rust_kjit: Regs: 
kern  :warn  : [  452.070050] 	X0: 000000000000	X1: fffff7ffdb50	X2: 000000000000	X3: 000000000000
kern  :warn  : [  452.070052] 	X4: fffff72ce900	X5: 000000002800	X6: 2d7017dd3358625f	X7: 00000000000a
kern  :warn  : [  452.070054] 	X8: 000000000015	X9: 000000000000	X10: 000000000000	X11: 000000000000
kern  :warn  : [  452.070057] 	X12: 000000000000	X13: 000000000000	X14: 000000000000	X15: 000000000000
kern  :warn  : [  452.070059] 	X16: aaaaaabdfe40	X17: fffff772ce00	X18: 0000000372cf	X19: 0000000000d8
kern  :warn  : [  452.070060] 	X20: fffff7208000	X21: 0000000002c0	X22: 00000000001b	X23: 00000000002b
kern  :warn  : [  452.070062] 	X24: 000000000002	X25: 000000000158	X26: 000000000016	X27: aaaaaab8f000
kern  :warn  : [  452.070064] 	X28: aaaaaab8f000	X29: ffffffffea20	X30: aaaaaab1f5d8
kern  :info  : [  452.070065] rust_kjit: RDebug at 0xbf8
kern  :info  : [  452.070066] rust_kjit: B: Continue at 0xbfc
kern  :info  : [  452.070067] rust_kjit: Regs: 
kern  :warn  : [  452.070067] 	X0: 000000000000	X1: fffff7ffdb50	X2: 000000000000	X3: 000000000000
kern  :warn  : [  452.070069] 	X4: fffff72ce900	X5: 000000002800	X6: 2d7017dd3358625f	X7: 00000000000a
kern  :warn  : [  452.070071] 	X8: 000000000015	X9: 000000000000	X10: 000000000000	X11: 000000000000
kern  :warn  : [  452.070073] 	X12: 000000000000	X13: 000000000000	X14: 000000000000	X15: 000000000000
kern  :warn  : [  452.070075] 	X16: aaaaaabdfe40	X17: fffff772ce00	X18: 0000000372cf	X19: 0000000000e0
kern  :warn  : [  452.070077] 	X20: fffff7208000	X21: 0000000002c0	X22: 00000000001b	X23: 00000000002b
kern  :warn  : [  452.070079] 	X24: 000000000002	X25: 000000000158	X26: 000000000016	X27: aaaaaab8f000
kern  :warn  : [  452.070081] 	X28: aaaaaab8f000	X29: ffffffffea20	X30: aaaaaab1f5d8
kern  :info  : [  452.070082] rust_kjit: RDebug at 0xc48
kern  :info  : [  452.070083] rust_kjit: B to 0xaaaaaab1f588 at 0xb60
kern  :info  : [  452.070084] rust_kjit: Regs: 
kern  :warn  : [  452.070085] 	X0: 000000000002	X1: 000000000002	X2: fffff720d600	X3: 000000000000
kern  :warn  : [  452.070087] 	X4: fffff72ce900	X5: 000000002800	X6: 2d7017dd3358625f	X7: 00000000000a
kern  :warn  : [  452.070089] 	X8: 000000000015	X9: 000000000000	X10: 000000000000	X11: 000000000000
kern  :warn  : [  452.070091] 	X12: 000000000000	X13: 000000000000	X14: 000000000000	X15: 000000000000
kern  :warn  : [  452.070092] 	X16: aaaaaabdfe40	X17: fffff772ce00	X18: 0000000372cf	X19: 0000000000e0
kern  :warn  : [  452.070095] 	X20: fffff7208000	X21: 000000000600	X22: 00000000001b	X23: 00000000002b
kern  :warn  : [  452.070096] 	X24: 000000000002	X25: 000000000158	X26: 000000000030	X27: aaaaaab8f000
kern  :warn  : [  452.070098] 	X28: aaaaaab8f000	X29: ffffffffea20	X30: aaaaaab1f5d8
kern  :info  : [  452.070099] rust_kjit: RDebug at 0xb88
kern  :info  : [  452.070100] rust_kjit: B to 0xaaaaaab1f7c0 at 0xd84
kern  :info  : [  452.070101] rust_kjit: Regs: 
kern  :warn  : [  452.070101] 	X0: 000000000002	X1: 000000000002	X2: fffff720d600	X3: 000000000000
kern  :warn  : [  452.070103] 	X4: fffff72ce900	X5: 000000002800	X6: 2d7017dd3358625f	X7: 00000000000a
kern  :warn  : [  452.070105] 	X8: 000000000015	X9: 000000000000	X10: 000000000000	X11: 000000000000
kern  :warn  : [  452.070107] 	X12: 000000000000	X13: 000000000000	X14: 000000000000	X15: 000000000000
kern  :warn  : [  452.070109] 	X16: aaaaaabdfe40	X17: fffff772ce00	X18: 0000000372cf	X19: 0000000000e0
kern  :warn  : [  452.070111] 	X20: fffff7208000	X21: 000000000600	X22: 00000000001b	X23: 00000000002b
kern  :warn  : [  452.070113] 	X24: 000000000002	X25: 000000000158	X26: 000000000030	X27: aaaaaab8f000
kern  :warn  : [  452.070115] 	X28: aaaaaab8f000	X29: ffffffffea20	X30: aaaaaab1f5d8
kern  :info  : [  452.070116] rust_kjit: RDebug at 0xdac
kern  :info  : [  452.070116] rust_kjit: B: Continue at 0xdb0
kern  :info  : [  452.070117] rust_kjit: Regs: 
kern  :warn  : [  452.070118] 	X0: 000000000002	X1: 000000000002	X2: fffff720d600	X3: 000000000000
kern  :warn  : [  452.070119] 	X4: fffff72ce900	X5: 000000002800	X6: 2d7017dd3358625f	X7: 00000000000a
kern  :warn  : [  452.070121] 	X8: 000000000015	X9: 000000000000	X10: 000000000000	X11: 000000000000
kern  :warn  : [  452.070123] 	X12: 000000000000	X13: 000000000000	X14: 000000000000	X15: 000000000000
kern  :warn  : [  452.070125] 	X16: aaaaaabdfe40	X17: fffff772ce00	X18: 0000000372cf	X19: 0000000000e0
kern  :warn  : [  452.070127] 	X20: fffff7208000	X21: 000000000600	X22: 00000000001b	X23: 00000000002b
kern  :warn  : [  452.070129] 	X24: 000000000002	X25: 000000000158	X26: 000000000030	X27: aaaaaab8f000
kern  :warn  : [  452.070131] 	X28: aaaaaab8f000	X29: ffffffffea20	X30: aaaaaab1f5d8
kern  :info  : [  452.070132] rust_kjit: RDebug at 0xbf8
kern  :info  : [  452.070132] rust_kjit: B: Continue at 0xbfc
kern  :info  : [  452.070133] rust_kjit: Regs: 
kern  :warn  : [  452.070133] 	X0: 000000000002	X1: 000000000002	X2: fffff720d600	X3: 000000000000
kern  :warn  : [  452.070136] 	X4: fffff72ce900	X5: 000000002800	X6: 2d7017dd3358625f	X7: 00000000000a
kern  :warn  : [  452.070138] 	X8: 000000000015	X9: 000000000000	X10: 000000000000	X11: 000000000000
kern  :warn  : [  452.070139] 	X12: 000000000000	X13: 000000000000	X14: 000000000000	X15: 000000000000
kern  :warn  : [  452.070141] 	X16: aaaaaabdfe40	X17: fffff772ce00	X18: 0000000372cf	X19: 0000000000e8
kern  :warn  : [  452.070143] 	X20: fffff7208000	X21: 000000000600	X22: 00000000001b	X23: 00000000002b
kern  :warn  : [  452.070145] 	X24: 000000000002	X25: 000000000158	X26: 000000000030	X27: aaaaaab8f000
kern  :warn  : [  452.070147] 	X28: aaaaaab8f000	X29: ffffffffea20	X30: aaaaaab1f5d8
kern  :info  : [  452.070148] rust_kjit: RDebug at 0xc48
kern  :info  : [  452.070148] rust_kjit: B to 0xaaaaaab1f588 at 0xb60
kern  :info  : [  452.070149] rust_kjit: Regs: 
kern  :warn  : [  452.070150] 	X0: 000000000002	X1: 000000000002	X2: fffff720d360	X3: 000000000000
kern  :warn  : [  452.070152] 	X4: fffff72ce900	X5: 000000002800	X6: 2d7017dd3358625f	X7: 00000000000a
kern  :warn  : [  452.070154] 	X8: 000000000015	X9: 000000000000	X10: 000000000000	X11: 000000000000
kern  :warn  : [  452.070155] 	X12: 000000000000	X13: 000000000000	X14: 000000000000	X15: 000000000000
kern  :warn  : [  452.070157] 	X16: aaaaaabdfe40	X17: fffff772ce00	X18: 0000000372cf	X19: 0000000000e8
kern  :warn  : [  452.070159] 	X20: fffff7208000	X21: 000000000360	X22: 00000000001b	X23: 00000000002b
kern  :warn  : [  452.070161] 	X24: 000000000002	X25: 000000000158	X26: 00000000001b	X27: aaaaaab8f000
kern  :warn  : [  452.070163] 	X28: aaaaaab8f000	X29: ffffffffea20	X30: aaaaaab1f5d8
kern  :info  : [  452.070164] rust_kjit: RDebug at 0xb88
kern  :info  : [  452.070164] rust_kjit: B to 0xaaaaaab1f7c0 at 0xd84
kern  :info  : [  452.070165] rust_kjit: Regs: 
kern  :warn  : [  452.070166] 	X0: 000000000002	X1: 000000000002	X2: fffff720d360	X3: 000000000000
kern  :warn  : [  452.070168] 	X4: fffff72ce900	X5: 000000002800	X6: 2d7017dd3358625f	X7: 00000000000a
kern  :warn  : [  452.070169] 	X8: 000000000015	X9: 000000000000	X10: 000000000000	X11: 000000000000
kern  :warn  : [  452.070171] 	X12: 000000000000	X13: 000000000000	X14: 000000000000	X15: 000000000000
kern  :warn  : [  452.070173] 	X16: aaaaaabdfe40	X17: fffff772ce00	X18: 0000000372cf	X19: 0000000000e8
kern  :warn  : [  452.070175] 	X20: fffff7208000	X21: 000000000360	X22: 00000000001b	X23: 00000000002b
kern  :warn  : [  452.070177] 	X24: 000000000002	X25: 000000000158	X26: 00000000001b	X27: aaaaaab8f000
kern  :warn  : [  452.070179] 	X28: aaaaaab8f000	X29: ffffffffea20	X30: aaaaaab1f5d8
kern  :info  : [  452.070180] rust_kjit: RDebug at 0xdac
kern  :info  : [  452.070180] rust_kjit: B: Continue at 0xdb0
kern  :info  : [  452.070181] rust_kjit: Regs: 
kern  :warn  : [  452.070182] 	X0: 000000000002	X1: 000000000002	X2: fffff720d360	X3: 000000000000
kern  :warn  : [  452.070184] 	X4: fffff72ce900	X5: 000000002800	X6: 2d7017dd3358625f	X7: 00000000000a
kern  :warn  : [  452.070185] 	X8: 000000000015	X9: 000000000000	X10: 000000000000	X11: 000000000000
kern  :warn  : [  452.070187] 	X12: 000000000000	X13: 000000000000	X14: 000000000000	X15: 000000000000
kern  :warn  : [  452.070189] 	X16: aaaaaabdfe40	X17: fffff772ce00	X18: 0000000372cf	X19: 0000000000e8
kern  :warn  : [  452.070191] 	X20: fffff7208000	X21: 000000000360	X22: 00000000001b	X23: 00000000002b
kern  :warn  : [  452.070193] 	X24: 000000000002	X25: 000000000158	X26: 00000000001b	X27: aaaaaab8f000
kern  :warn  : [  452.070195] 	X28: aaaaaab8f000	X29: ffffffffea20	X30: aaaaaab1f5d8
kern  :info  : [  452.070196] rust_kjit: RDebug at 0xbf8
kern  :info  : [  452.070196] rust_kjit: B: Continue at 0xbfc
kern  :info  : [  452.070197] rust_kjit: Regs: 
kern  :warn  : [  452.070197] 	X0: 000000000002	X1: 000000000002	X2: fffff720d360	X3: 000000000000
kern  :warn  : [  452.070200] 	X4: fffff72ce900	X5: 000000002800	X6: 2d7017dd3358625f	X7: 00000000000a
kern  :warn  : [  452.070201] 	X8: 000000000015	X9: 000000000000	X10: 000000000000	X11: 000000000000
kern  :warn  : [  452.070203] 	X12: 000000000000	X13: 000000000000	X14: 000000000000	X15: 000000000000
kern  :warn  : [  452.070205] 	X16: aaaaaabdfe40	X17: fffff772ce00	X18: 0000000372cf	X19: 0000000000f0
kern  :warn  : [  452.070207] 	X20: fffff7208000	X21: 000000000360	X22: 00000000001b	X23: 00000000002b
kern  :warn  : [  452.070209] 	X24: 000000000002	X25: 000000000158	X26: 00000000001b	X27: aaaaaab8f000
kern  :warn  : [  452.070211] 	X28: aaaaaab8f000	X29: ffffffffea20	X30: aaaaaab1f5d8
kern  :info  : [  452.070212] rust_kjit: RDebug at 0xc48
kern  :info  : [  452.070212] rust_kjit: B to 0xaaaaaab1f588 at 0xb60
kern  :info  : [  452.070213] rust_kjit: Regs: 
kern  :warn  : [  452.070213] 	X0: 000000000002	X1: 000000000002	X2: fffff720d4a0	X3: 000000000000
kern  :warn  : [  452.070216] 	X4: fffff72ce900	X5: 000000002800	X6: 2d7017dd3358625f	X7: 00000000000a
kern  :warn  : [  452.070217] 	X8: 000000000015	X9: 000000000000	X10: 000000000000	X11: 000000000000
kern  :warn  : [  452.070219] 	X12: 000000000000	X13: 000000000000	X14: 000000000000	X15: 000000000000
kern  :warn  : [  452.070221] 	X16: aaaaaabdfe40	X17: fffff772ce00	X18: 0000000372cf	X19: 0000000000f0
kern  :warn  : [  452.070223] 	X20: fffff7208000	X21: 0000000004a0	X22: 00000000001b	X23: 00000000002b
kern  :warn  : [  452.070225] 	X24: 000000000002	X25: 000000000158	X26: 000000000025	X27: aaaaaab8f000
kern  :warn  : [  452.070227] 	X28: aaaaaab8f000	X29: ffffffffea20	X30: aaaaaab1f5d8
kern  :info  : [  452.070228] rust_kjit: RDebug at 0xb88
kern  :info  : [  452.070228] rust_kjit: B to 0xaaaaaab1f7c0 at 0xd84
kern  :info  : [  452.070229] rust_kjit: Regs: 
kern  :warn  : [  452.070230] 	X0: 000000000002	X1: 000000000002	X2: fffff720d4a0	X3: 000000000000
kern  :warn  : [  452.070231] 	X4: fffff72ce900	X5: 000000002800	X6: 2d7017dd3358625f	X7: 00000000000a
kern  :warn  : [  452.070233] 	X8: 000000000015	X9: 000000000000	X10: 000000000000	X11: 000000000000
kern  :warn  : [  452.070235] 	X12: 000000000000	X13: 000000000000	X14: 000000000000	X15: 000000000000
kern  :warn  : [  452.070237] 	X16: aaaaaabdfe40	X17: fffff772ce00	X18: 0000000372cf	X19: 0000000000f0
kern  :warn  : [  452.070239] 	X20: fffff7208000	X21: 0000000004a0	X22: 00000000001b	X23: 00000000002b
kern  :warn  : [  452.070241] 	X24: 000000000002	X25: 000000000158	X26: 000000000025	X27: aaaaaab8f000
kern  :warn  : [  452.070243] 	X28: aaaaaab8f000	X29: ffffffffea20	X30: aaaaaab1f5d8
kern  :info  : [  452.070244] rust_kjit: RDebug at 0xdac
kern  :info  : [  452.070244] rust_kjit: B: Continue at 0xdb0
kern  :info  : [  452.070245] rust_kjit: Regs: 
kern  :warn  : [  452.070245] 	X0: 000000000002	X1: 000000000002	X2: fffff720d4a0	X3: 000000000000
kern  :warn  : [  452.070247] 	X4: fffff72ce900	X5: 000000002800	X6: 2d7017dd3358625f	X7: 00000000000a
kern  :warn  : [  452.070249] 	X8: 000000000015	X9: 000000000000	X10: 000000000000	X11: 000000000000
kern  :warn  : [  452.070251] 	X12: 000000000000	X13: 000000000000	X14: 000000000000	X15: 000000000000
kern  :warn  : [  452.070253] 	X16: aaaaaabdfe40	X17: fffff772ce00	X18: 0000000372cf	X19: 0000000000f0
kern  :warn  : [  452.070255] 	X20: fffff7208000	X21: 0000000004a0	X22: 00000000001b	X23: 00000000002b
kern  :warn  : [  452.070257] 	X24: 000000000002	X25: 000000000158	X26: 000000000025	X27: aaaaaab8f000
kern  :warn  : [  452.070259] 	X28: aaaaaab8f000	X29: ffffffffea20	X30: aaaaaab1f5d8
kern  :info  : [  452.070260] rust_kjit: RDebug at 0xbf8
kern  :info  : [  452.070261] rust_kjit: B: Continue at 0xbfc
kern  :info  : [  452.070261] rust_kjit: Regs: 
kern  :warn  : [  452.070262] 	X0: 000000000002	X1: 000000000002	X2: fffff720d4a0	X3: 000000000000
kern  :warn  : [  452.070264] 	X4: fffff72ce900	X5: 000000002800	X6: 2d7017dd3358625f	X7: 00000000000a
kern  :warn  : [  452.070266] 	X8: 000000000015	X9: 000000000000	X10: 000000000000	X11: 000000000000
kern  :warn  : [  452.070267] 	X12: 000000000000	X13: 000000000000	X14: 000000000000	X15: 000000000000
kern  :warn  : [  452.070269] 	X16: aaaaaabdfe40	X17: fffff772ce00	X18: 0000000372cf	X19: 0000000000f8
kern  :warn  : [  452.070271] 	X20: fffff7208000	X21: 0000000004a0	X22: 00000000001b	X23: 00000000002b
kern  :warn  : [  452.070273] 	X24: 000000000002	X25: 000000000158	X26: 000000000025	X27: aaaaaab8f000
kern  :warn  : [  452.070275] 	X28: aaaaaab8f000	X29: ffffffffea20	X30: aaaaaab1f5d8
kern  :info  : [  452.070276] rust_kjit: RDebug at 0xc48
kern  :info  : [  452.070277] rust_kjit: B to 0xaaaaaab1f588 at 0xb60
kern  :info  : [  452.070278] rust_kjit: Regs: 
kern  :warn  : [  452.070278] 	X0: 000000000002	X1: 000000000002	X2: fffff720d6a0	X3: 000000000000
kern  :warn  : [  452.070280] 	X4: fffff72ce900	X5: 000000002800	X6: 2d7017dd3358625f	X7: 00000000000a
kern  :warn  : [  452.070282] 	X8: 000000000015	X9: 000000000000	X10: 000000000000	X11: 000000000000
kern  :warn  : [  452.070284] 	X12: 000000000000	X13: 000000000000	X14: 000000000000	X15: 000000000000
kern  :warn  : [  452.070286] 	X16: aaaaaabdfe40	X17: fffff772ce00	X18: 0000000372cf	X19: 0000000000f8
kern  :warn  : [  452.070288] 	X20: fffff7208000	X21: 0000000006a0	X22: 00000000001b	X23: 00000000002b
kern  :warn  : [  452.070290] 	X24: 000000000002	X25: 000000000158	X26: 000000000035	X27: aaaaaab8f000
kern  :warn  : [  452.070291] 	X28: aaaaaab8f000	X29: ffffffffea20	X30: aaaaaab1f5d8
kern  :info  : [  452.070292] rust_kjit: RDebug at 0xb88
kern  :info  : [  452.070293] rust_kjit: B to 0xaaaaaab1f7c0 at 0xd84
kern  :info  : [  452.070295] rust_kjit: Regs: 
kern  :warn  : [  452.070296] 	X0: 000000000002	X1: 000000000002	X2: fffff720d6a0	X3: 000000000000
kern  :warn  : [  452.070298] 	X4: fffff72ce900	X5: 000000002800	X6: 2d7017dd3358625f	X7: 00000000000a
kern  :warn  : [  452.070300] 	X8: 000000000015	X9: 000000000000	X10: 000000000000	X11: 000000000000
kern  :warn  : [  452.070302] 	X12: 000000000000	X13: 000000000000	X14: 000000000000	X15: 000000000000
kern  :warn  : [  452.070304] 	X16: aaaaaabdfe40	X17: fffff772ce00	X18: 0000000372cf	X19: 0000000000f8
kern  :warn  : [  452.070305] 	X20: fffff7208000	X21: 0000000006a0	X22: 00000000001b	X23: 00000000002b
kern  :warn  : [  452.070307] 	X24: 000000000002	X25: 000000000158	X26: 000000000035	X27: aaaaaab8f000
kern  :warn  : [  452.070309] 	X28: aaaaaab8f000	X29: ffffffffea20	X30: aaaaaab1f5d8
kern  :info  : [  452.070310] rust_kjit: RDebug at 0xdac
kern  :info  : [  452.070311] rust_kjit: B: Continue at 0xdb0
kern  :info  : [  452.070312] rust_kjit: Regs: 
kern  :warn  : [  452.070312] 	X0: 000000000002	X1: 000000000002	X2: fffff720d6a0	X3: 000000000000
kern  :warn  : [  452.070314] 	X4: fffff72ce900	X5: 000000002800	X6: 2d7017dd3358625f	X7: 00000000000a
kern  :warn  : [  452.070316] 	X8: 000000000015	X9: 000000000000	X10: 000000000000	X11: 000000000000
kern  :warn  : [  452.070318] 	X12: 000000000000	X13: 000000000000	X14: 000000000000	X15: 000000000000
kern  :warn  : [  452.070320] 	X16: aaaaaabdfe40	X17: fffff772ce00	X18: 0000000372cf	X19: 0000000000f8
kern  :warn  : [  452.070322] 	X20: fffff7208000	X21: 0000000006a0	X22: 00000000001b	X23: 00000000002b
kern  :warn  : [  452.070324] 	X24: 000000000002	X25: 000000000158	X26: 000000000035	X27: aaaaaab8f000
kern  :warn  : [  452.070325] 	X28: aaaaaab8f000	X29: ffffffffea20	X30: aaaaaab1f5d8
kern  :info  : [  452.070326] rust_kjit: RDebug at 0xbf8
kern  :info  : [  452.070327] rust_kjit: B: Continue at 0xbfc
kern  :info  : [  452.070328] rust_kjit: Regs: 
kern  :warn  : [  452.070329] 	X0: 000000000002	X1: 000000000002	X2: fffff720d6a0	X3: 000000000000
kern  :warn  : [  452.070331] 	X4: fffff72ce900	X5: 000000002800	X6: 2d7017dd3358625f	X7: 00000000000a
kern  :warn  : [  452.070333] 	X8: 000000000015	X9: 000000000000	X10: 000000000000	X11: 000000000000
kern  :warn  : [  452.070334] 	X12: 000000000000	X13: 000000000000	X14: 000000000000	X15: 000000000000
kern  :warn  : [  452.070337] 	X16: aaaaaabdfe40	X17: fffff772ce00	X18: 0000000372cf	X19: 000000000100
kern  :warn  : [  452.070338] 	X20: fffff7208000	X21: 0000000006a0	X22: 00000000001b	X23: 00000000002b
kern  :warn  : [  452.070340] 	X24: 000000000002	X25: 000000000158	X26: 000000000035	X27: aaaaaab8f000
kern  :warn  : [  452.070342] 	X28: aaaaaab8f000	X29: ffffffffea20	X30: aaaaaab1f5d8
kern  :info  : [  452.070343] rust_kjit: RDebug at 0xc48
kern  :info  : [  452.070344] rust_kjit: B to 0xaaaaaab1f588 at 0xb60
kern  :info  : [  452.070345] rust_kjit: Regs: 
kern  :warn  : [  452.070345] 	X0: 000000000002	X1: 000000000002	X2: fffff720d1c0	X3: 000000000000
kern  :warn  : [  452.070347] 	X4: fffff72ce900	X5: 000000002800	X6: 2d7017dd3358625f	X7: 00000000000a
kern  :warn  : [  452.070349] 	X8: 000000000015	X9: 000000000000	X10: 000000000000	X11: 000000000000
kern  :warn  : [  452.070351] 	X12: 000000000000	X13: 000000000000	X14: 000000000000	X15: 000000000000
kern  :warn  : [  452.070353] 	X16: aaaaaabdfe40	X17: fffff772ce00	X18: 0000000372cf	X19: 000000000100
kern  :warn  : [  452.070355] 	X20: fffff7208000	X21: 0000000001c0	X22: 00000000001b	X23: 00000000002b
kern  :warn  : [  452.070357] 	X24: 000000000002	X25: 000000000158	X26: 00000000000e	X27: aaaaaab8f000
kern  :warn  : [  452.070359] 	X28: aaaaaab8f000	X29: ffffffffea20	X30: aaaaaab1f5d8
kern  :info  : [  452.070360] rust_kjit: RDebug at 0xb88
kern  :info  : [  452.070360] rust_kjit: B to 0xaaaaaab1f7c0 at 0xd84
kern  :info  : [  452.070361] rust_kjit: Regs: 
kern  :warn  : [  452.070362] 	X0: 000000000002	X1: 000000000002	X2: fffff720d1c0	X3: 000000000000
kern  :warn  : [  452.070364] 	X4: fffff72ce900	X5: 000000002800	X6: 2d7017dd3358625f	X7: 00000000000a
kern  :warn  : [  452.070365] 	X8: 000000000015	X9: 000000000000	X10: 000000000000	X11: 000000000000
kern  :warn  : [  452.070367] 	X12: 000000000000	X13: 000000000000	X14: 000000000000	X15: 000000000000
kern  :warn  : [  452.070369] 	X16: aaaaaabdfe40	X17: fffff772ce00	X18: 0000000372cf	X19: 000000000100
kern  :warn  : [  452.070371] 	X20: fffff7208000	X21: 0000000001c0	X22: 00000000001b	X23: 00000000002b
kern  :warn  : [  452.070373] 	X24: 000000000002	X25: 000000000158	X26: 00000000000e	X27: aaaaaab8f000
kern  :warn  : [  452.070375] 	X28: aaaaaab8f000	X29: ffffffffea20	X30: aaaaaab1f5d8
kern  :info  : [  452.070376] rust_kjit: RDebug at 0xdac
kern  :info  : [  452.070376] rust_kjit: B: Continue at 0xdb0
kern  :info  : [  452.070378] rust_kjit: Regs: 
kern  :warn  : [  452.070378] 	X0: 000000000002	X1: 000000000002	X2: fffff720d1c0	X3: 000000000000
kern  :warn  : [  452.070380] 	X4: fffff72ce900	X5: 000000002800	X6: 2d7017dd3358625f	X7: 00000000000a
kern  :warn  : [  452.070382] 	X8: 000000000015	X9: 000000000000	X10: 000000000000	X11: 000000000000
kern  :warn  : [  452.070384] 	X12: 000000000000	X13: 000000000000	X14: 000000000000	X15: 000000000000
kern  :warn  : [  452.070386] 	X16: aaaaaabdfe40	X17: fffff772ce00	X18: 0000000372cf	X19: 000000000100
kern  :warn  : [  452.070387] 	X20: fffff7208000	X21: 0000000001c0	X22: 00000000001b	X23: 00000000002b
kern  :warn  : [  452.070389] 	X24: 000000000002	X25: 000000000158	X26: 00000000000e	X27: aaaaaab8f000
kern  :warn  : [  452.070391] 	X28: aaaaaab8f000	X29: ffffffffea20	X30: aaaaaab1f5d8
kern  :info  : [  452.070392] rust_kjit: RDebug at 0xbf8
kern  :info  : [  452.070393] rust_kjit: B: Continue at 0xbfc
kern  :info  : [  452.070393] rust_kjit: Regs: 
kern  :warn  : [  452.070394] 	X0: 000000000002	X1: 000000000002	X2: fffff720d1c0	X3: 000000000000
kern  :warn  : [  452.070396] 	X4: fffff72ce900	X5: 000000002800	X6: 2d7017dd3358625f	X7: 00000000000a
kern  :warn  : [  452.070398] 	X8: 000000000015	X9: 000000000000	X10: 000000000000	X11: 000000000000
kern  :warn  : [  452.070400] 	X12: 000000000000	X13: 000000000000	X14: 000000000000	X15: 000000000000
kern  :warn  : [  452.070402] 	X16: aaaaaabdfe40	X17: fffff772ce00	X18: 0000000372cf	X19: 000000000108
kern  :warn  : [  452.070403] 	X20: fffff7208000	X21: 0000000001c0	X22: 00000000001b	X23: 00000000002b
kern  :warn  : [  452.070405] 	X24: 000000000002	X25: 000000000158	X26: 00000000000e	X27: aaaaaab8f000
kern  :warn  : [  452.070407] 	X28: aaaaaab8f000	X29: ffffffffea20	X30: aaaaaab1f5d8
kern  :info  : [  452.070408] rust_kjit: RDebug at 0xc48
kern  :info  : [  452.070409] rust_kjit: B to 0xaaaaaab1f588 at 0xb60
kern  :info  : [  452.070410] rust_kjit: Leaving with cnt 30, svc_loop_cnt 0
kern  :info  : [  452.070453] rust_kjit: ###### Lift session 2 ######
kern  :info  : [  452.070454] rust_kjit: Regs: 
kern  :warn  : [  452.070454] 	X0: 000000000000	X1: 000000000002	X2: 00000000000b	X3: ffffffffe948
kern  :warn  : [  452.070457] 	X4: 000000000000	X5: aaaaaae1d180	X6: 2d7017dd3358625f	X7: 00000000000a
kern  :warn  : [  452.070459] 	X8: 000000000015	X9: 000000000000	X10: 000000000000	X11: 000000000000
kern  :warn  : [  452.070461] 	X12: 000000000000	X13: 000000000000	X14: 000000000000	X15: 000000000000
kern  :warn  : [  452.070463] 	X16: aaaaaabdfe40	X17: fffff772ce00	X18: 0000000372cf	X19: 0000fffffff9
kern  :warn  : [  452.070465] 	X20: 00000000000b	X21: fffff7208000	X22: 000000000160	X23: fffff720d000
kern  :warn  : [  452.070466] 	X24: 000000000002	X25: 000000000000	X26: 00000000000b	X27: aaaaaab8f000
kern  :warn  : [  452.070468] 	X28: aaaaaab8f000	X29: ffffffffe960	X30: aaaaaab1a5dc
kern  :info  : [  452.070469] rust_kjit: RDebug at 0x180
kern  :info  : [  452.070470] rust_kjit: B: Continue at 0x184
kern  :info  : [  452.070471] rust_kjit: Regs: 
kern  :warn  : [  452.070472] 	X0: 000000000000	X1: 000000000002	X2: 00000000000b	X3: ffffffffe948
kern  :warn  : [  452.070473] 	X4: 000000000000	X5: aaaaaae1d180	X6: 2d7017dd3358625f	X7: 00000000000a
kern  :warn  : [  452.070475] 	X8: 000000000015	X9: 000000000000	X10: 000000000000	X11: 000000000000
kern  :warn  : [  452.070477] 	X12: 000000000000	X13: 000000000000	X14: 000000000000	X15: 000000000000
kern  :warn  : [  452.070479] 	X16: aaaaaabdfe40	X17: fffff772ce00	X18: 0000000372cf	X19: 0000fffffff9
kern  :warn  : [  452.070481] 	X20: 00000000000b	X21: fffff7208000	X22: 000000000160	X23: fffff720d000
kern  :warn  : [  452.070483] 	X24: 000000000002	X25: 000000000000	X26: 00000000000b	X27: aaaaaab8f000
kern  :warn  : [  452.070485] 	X28: aaaaaab8f000	X29: ffffffffe960	X30: aaaaaab1a5dc
kern  :info  : [  452.070486] rust_kjit: RRet at 0x190 to known target 0xaaaaaab1a5dc
kern  :info  : [  452.070488] rust_kjit: Regs: 
kern  :warn  : [  452.070488] 	X0: 000000000000	X1: 000000000002	X2: 00000000000b	X3: ffffffffe948
kern  :warn  : [  452.070490] 	X4: 000000000000	X5: aaaaaae1d180	X6: 2d7017dd3358625f	X7: 00000000000a
kern  :warn  : [  452.070492] 	X8: 000000000015	X9: 000000000000	X10: 000000000000	X11: 000000000000
kern  :warn  : [  452.070494] 	X12: 000000000000	X13: 000000000000	X14: 000000000000	X15: 000000000000
kern  :warn  : [  452.070496] 	X16: aaaaaabdfe40	X17: fffff772ce00	X18: 0000000372cf	X19: 0000fffffff9
kern  :warn  : [  452.070497] 	X20: 00000000000b	X21: fffff7208000	X22: 000000000160	X23: fffff720d000
kern  :warn  : [  452.070499] 	X24: 000000000002	X25: 000000000000	X26: 00000000000b	X27: aaaaaab8f000
kern  :warn  : [  452.070501] 	X28: aaaaaab8f000	X29: ffffffffe960	X30: aaaaaab1a5dc
kern  :info  : [  452.070502] rust_kjit: RDebug at 0x43c
kern  :info  : [  452.070503] rust_kjit: B to 0xaaaaaab1a588 at 0x318
kern  :info  : [  452.070504] rust_kjit: Regs: 
kern  :warn  : [  452.070504] 	X0: 000000000002	X1: 000000000002	X2: 000000000000	X3: 000000000035
kern  :warn  : [  452.070506] 	X4: 000000000000	X5: aaaaaae1d180	X6: 2d7017dd3358625f	X7: 00000000000a
kern  :warn  : [  452.070508] 	X8: 000000000015	X9: 000000000000	X10: 000000000000	X11: 000000000000
kern  :warn  : [  452.070510] 	X12: 000000000000	X13: 000000000000	X14: 000000000000	X15: 000000000000
kern  :warn  : [  452.070512] 	X16: aaaaaabdfe40	X17: fffff772ce00	X18: 0000000372cf	X19: 0000fffffff9
kern  :warn  : [  452.070514] 	X20: 00000000000b	X21: fffff7208000	X22: 000000000160	X23: fffff720d000
kern  :warn  : [  452.070516] 	X24: 000000000002	X25: 000000000000	X26: 00000000000b	X27: aaaaaab8f000
kern  :warn  : [  452.070517] 	X28: aaaaaab8f000	X29: ffffffffe960	X30: aaaaaab1a5dc
kern  :info  : [  452.070519] rust_kjit: RDebug at 0x35c
kern  :info  : [  452.070519] rust_kjit: B: Continue at 0x360
kern  :info  : [  452.070520] rust_kjit: Regs: 
kern  :warn  : [  452.070521] 	X0: fffff7ffdb50	X1: 000000000000	X2: 000000000000	X3: 000000000035
kern  :warn  : [  452.070523] 	X4: 000000000000	X5: aaaaaae1d180	X6: 2d7017dd3358625f	X7: 00000000000a
kern  :warn  : [  452.070524] 	X8: 000000000015	X9: 000000000000	X10: 000000000000	X11: 000000000000
kern  :warn  : [  452.070527] 	X12: 000000000000	X13: 000000000000	X14: 000000000000	X15: 000000000000
kern  :warn  : [  452.070528] 	X16: aaaaaabdfe40	X17: fffff772ce00	X18: 0000000372cf	X19: 0000fffffff9
kern  :warn  : [  452.070530] 	X20: 00000000000b	X21: fffff7208000	X22: 000000000160	X23: fffff720d000
kern  :warn  : [  452.070532] 	X24: 000000000002	X25: 000000000000	X26: 00000000000b	X27: aaaaaab8f000
kern  :warn  : [  452.070534] 	X28: aaaaaab8f000	X29: ffffffffe960	X30: aaaaaab1a5dc
kern  :info  : [  452.070535] rust_kjit: RRet at 0x384
kern  :info  : [  452.073352] rust_kjit: ARM64_INS_PACIASP -> NOP
kern  :info  : [  452.073617] rust_kjit: ARM64_INS_AUTIASP -> NOP
kern  :info  : [  452.073799] rust_kjit: ARM64_INS_PACIASP -> NOP
kern  :err   : [  452.074097] rust_kjit: D reg for ARM64_INS_STP
kern  :err   : [  452.074757] rust_kjit: RET JIT failed for 0xaaaaaab20700
kern  :info  : [  452.074761] rust_kjit: Leaving with cnt 5, svc_loop_cnt 0
kern  :info  : [  452.074766] rust_kjit: ###### Lift session 3 ######
kern  :info  : [  452.074767] rust_kjit: Regs: 
kern  :warn  : [  452.074767] 	X0: 000000000000	X1: 000000000001	X2: 00000000000b	X3: ffffffffe9b8
kern  :warn  : [  452.074770] 	X4: fffff72ce380	X5: 000000002800	X6: 2d7017dd3358625f	X7: 00000000000a
kern  :warn  : [  452.074771] 	X8: 000000000015	X9: 000000000000	X10: 000000000000	X11: 000000000000
kern  :warn  : [  452.074773] 	X12: 000000000000	X13: 000000000000	X14: 000000000000	X15: 000000000000
kern  :warn  : [  452.074775] 	X16: aaaaaabdfe40	X17: fffff772ce00	X18: 0000000372cf	X19: 00000000000b
kern  :warn  : [  452.074777] 	X20: 000000000001	X21: 000000000160	X22: fffff720d000	X23: fffff72ce380
kern  :warn  : [  452.074778] 	X24: aaaaaab250d0	X25: fffff720d160	X26: fffff7208000	X27: aaaaaab8f000
kern  :warn  : [  452.074780] 	X28: aaaaaab8f000	X29: ffffffffe9d0	X30: aaaaaab1b210
kern  :info  : [  452.074781] rust_kjit: RDebug at 0x180
kern  :info  : [  452.074782] rust_kjit: B: Continue at 0x184
kern  :info  : [  452.074782] rust_kjit: Regs: 
kern  :warn  : [  452.074783] 	X0: 000000000000	X1: 000000000001	X2: 00000000000b	X3: ffffffffe9b8
kern  :warn  : [  452.074785] 	X4: fffff72ce380	X5: 000000002800	X6: 2d7017dd3358625f	X7: 00000000000a
kern  :warn  : [  452.074787] 	X8: 000000000015	X9: 000000000000	X10: 000000000000	X11: 000000000000
kern  :warn  : [  452.074788] 	X12: 000000000000	X13: 000000000000	X14: 000000000000	X15: 000000000000
kern  :warn  : [  452.074790] 	X16: aaaaaabdfe40	X17: fffff772ce00	X18: 0000000372cf	X19: 00000000000b
kern  :warn  : [  452.074792] 	X20: 000000000001	X21: 000000000160	X22: fffff720d000	X23: fffff72ce380
kern  :warn  : [  452.074793] 	X24: aaaaaab250d0	X25: fffff720d160	X26: fffff7208000	X27: aaaaaab8f000
kern  :warn  : [  452.074795] 	X28: aaaaaab8f000	X29: ffffffffe9d0	X30: aaaaaab1b210
kern  :info  : [  452.074796] rust_kjit: RRet at 0x190 to known target 0xaaaaaab1b210
kern  :info  : [  452.074798] rust_kjit: Regs: 
kern  :warn  : [  452.074798] 	X0: 000000000000	X1: 000000000001	X2: 00000000000b	X3: ffffffffe9b8
kern  :warn  : [  452.074800] 	X4: fffff72ce380	X5: 000000002800	X6: 2d7017dd3358625f	X7: 00000000000a
kern  :warn  : [  452.074802] 	X8: 000000000015	X9: 000000000000	X10: 000000000000	X11: 000000000000
kern  :warn  : [  452.074803] 	X12: 000000000000	X13: 000000000000	X14: 000000000000	X15: 000000000000
kern  :warn  : [  452.074805] 	X16: aaaaaabdfe40	X17: fffff772ce00	X18: 0000000372cf	X19: 00000000000b
kern  :warn  : [  452.074807] 	X20: 000000000001	X21: 000000000160	X22: fffff720d000	X23: fffff72ce380
kern  :warn  : [  452.074808] 	X24: aaaaaab250d0	X25: fffff720d160	X26: fffff7208000	X27: aaaaaab8f000
kern  :warn  : [  452.074810] 	X28: aaaaaab8f000	X29: ffffffffe9d0	X30: aaaaaab1b210
kern  :info  : [  452.074811] rust_kjit: RDebug at 0x940
kern  :info  : [  452.074811] rust_kjit: B: Continue at 0x944
kern  :info  : [  452.074812] rust_kjit: Regs: 
kern  :warn  : [  452.074812] 	X0: 000000000000	X1: 000000000001	X2: 00000000000b	X3: ffffffffe9b8
kern  :warn  : [  452.074814] 	X4: fffff72ce380	X5: 000000002800	X6: 2d7017dd3358625f	X7: 00000000000a
kern  :warn  : [  452.074816] 	X8: 000000000015	X9: 000000000000	X10: 000000000000	X11: 000000000000
kern  :warn  : [  452.074818] 	X12: 000000000000	X13: 000000000000	X14: 000000000000	X15: 000000000000
kern  :warn  : [  452.074819] 	X16: aaaaaabdfe40	X17: fffff772ce00	X18: 0000000372cf	X19: 00000000000b
kern  :warn  : [  452.074821] 	X20: 000000000001	X21: 000000000160	X22: fffff720d000	X23: fffff72ce380
kern  :warn  : [  452.074822] 	X24: aaaaaab250d0	X25: fffff720d160	X26: fffff7208000	X27: aaaaaab8f000
kern  :warn  : [  452.074824] 	X28: aaaaaab8f000	X29: ffffffffe9d0	X30: aaaaaab1b210
kern  :info  : [  452.074825] rust_kjit: RDebug at 0x978
kern  :info  : [  452.074825] rust_kjit: B: Continue at 0x97c
kern  :info  : [  452.074826] rust_kjit: Regs: 
kern  :warn  : [  452.074826] 	X0: 000000000000	X1: 000000000001	X2: 00000000000b	X3: ffffffffe9b8
kern  :warn  : [  452.074828] 	X4: fffff72ce380	X5: 000000002800	X6: 2d7017dd3358625f	X7: 00000000000a
kern  :warn  : [  452.074830] 	X8: 000000000015	X9: 000000000000	X10: 000000000000	X11: 000000000000
kern  :warn  : [  452.074831] 	X12: 000000000000	X13: 000000000000	X14: 000000000000	X15: 000000000000
kern  :warn  : [  452.074835] 	X16: aaaaaabdfe40	X17: fffff772ce00	X18: 0000000372cf	X19: 00000000000b
kern  :warn  : [  452.074837] 	X20: 000000000001	X21: 000000000160	X22: fffff720d000	X23: fffff72ce380
kern  :warn  : [  452.074838] 	X24: aaaaaab250d0	X25: fffff720d160	X26: fffff7208000	X27: aaaaaab8f000
kern  :warn  : [  452.074840] 	X28: aaaaaab8f000	X29: ffffffffe9d0	X30: aaaaaab1b210
kern  :info  : [  452.074840] rust_kjit: RDebug at 0x9a8
kern  :info  : [  452.074841] rust_kjit: B to 0xaaaaaab1b234 at 0x9b0
kern  :info  : [  452.074842] rust_kjit: Regs: 
kern  :warn  : [  452.074842] 	X0: 000000000000	X1: 000000000001	X2: 00000000000b	X3: ffffffffe9b8
kern  :warn  : [  452.074844] 	X4: fffff72ce380	X5: 000000002800	X6: 2d7017dd3358625f	X7: 00000000000a
kern  :warn  : [  452.074846] 	X8: 000000000015	X9: 000000000000	X10: 000000000000	X11: 000000000000
kern  :warn  : [  452.074848] 	X12: 000000000000	X13: 000000000000	X14: 000000000000	X15: 000000000000
kern  :warn  : [  452.074849] 	X16: aaaaaabdfe40	X17: fffff772ce00	X18: 0000000372cf	X19: 00000000000b
kern  :warn  : [  452.074851] 	X20: 000000000001	X21: 000000000160	X22: fffff720d000	X23: fffff72ce380
kern  :warn  : [  452.074852] 	X24: aaaaaab250d0	X25: fffff720d160	X26: fffff7208000	X27: aaaaaab8f000
kern  :warn  : [  452.074854] 	X28: aaaaaab8f000	X29: ffffffffe9d0	X30: aaaaaab1b210
kern  :info  : [  452.074855] rust_kjit: RDebug at 0x9dc
kern  :info  : [  452.074855] rust_kjit: B: Continue at 0x9e0
kern  :info  : [  452.074856] rust_kjit: Regs: 
kern  :warn  : [  452.074856] 	X0: 000000000035	X1: 000000000001	X2: 00000000000b	X3: ffffffffe9b8
kern  :warn  : [  452.074858] 	X4: fffff72ce380	X5: 000000002800	X6: 2d7017dd3358625f	X7: 00000000000a
kern  :warn  : [  452.074860] 	X8: 000000000015	X9: 000000000000	X10: 000000000000	X11: 000000000000
kern  :warn  : [  452.074862] 	X12: 000000000000	X13: 000000000000	X14: 000000000000	X15: 000000000000
kern  :warn  : [  452.074863] 	X16: aaaaaabdfe40	X17: fffff772ce00	X18: 0000000372cf	X19: 00000000000b
kern  :warn  : [  452.074865] 	X20: 000000000001	X21: 000000000160	X22: fffff720d000	X23: fffff72ce380
kern  :warn  : [  452.074866] 	X24: aaaaaab250d0	X25: fffff720d160	X26: fffff7208000	X27: aaaaaab8f000
kern  :warn  : [  452.074868] 	X28: aaaaaab8f000	X29: ffffffffe9d0	X30: aaaaaab1b210
kern  :info  : [  452.074869] rust_kjit: RDebug at 0xa30
kern  :info  : [  452.074869] rust_kjit: B: Continue at 0xa34
kern  :info  : [  452.074870] rust_kjit: Regs: 
kern  :warn  : [  452.074871] 	X0: 000000000000	X1: fffff7ffdb50	X2: 000000000000	X3: 000000000000
kern  :warn  : [  452.074872] 	X4: fffff72ce380	X5: 000000002800	X6: 2d7017dd3358625f	X7: 00000000000a
kern  :warn  : [  452.074874] 	X8: 000000000015	X9: 000000000000	X10: 000000000000	X11: 000000000000
kern  :warn  : [  452.074876] 	X12: 000000000000	X13: 000000000000	X14: 000000000000	X15: 000000000000
kern  :warn  : [  452.074877] 	X16: aaaaaabdfe40	X17: fffff772ce00	X18: 0000000372cf	X19: 00000000000b
kern  :warn  : [  452.074879] 	X20: 000000000001	X21: 000000000160	X22: 00000000001b	X23: 00000000002b
kern  :warn  : [  452.074881] 	X24: 000000000002	X25: fffff720d160	X26: fffff7208000	X27: aaaaaab8f000
kern  :warn  : [  452.074882] 	X28: aaaaaab8f000	X29: ffffffffe9d0	X30: aaaaaab1b210
kern  :info  : [  452.074883] rust_kjit: RRet at 0xa54 to known target 0xaaaaaab1f5d8
kern  :info  : [  452.074885] rust_kjit: Regs: 
kern  :warn  : [  452.074885] 	X0: 000000000000	X1: fffff7ffdb50	X2: 000000000000	X3: 000000000000
kern  :warn  : [  452.074887] 	X4: fffff72ce380	X5: 000000002800	X6: 2d7017dd3358625f	X7: 00000000000a
kern  :warn  : [  452.074889] 	X8: 000000000015	X9: 000000000000	X10: 000000000000	X11: 000000000000
kern  :warn  : [  452.074890] 	X12: 000000000000	X13: 000000000000	X14: 000000000000	X15: 000000000000
kern  :warn  : [  452.074892] 	X16: aaaaaabdfe40	X17: fffff772ce00	X18: 0000000372cf	X19: 000000000108
kern  :warn  : [  452.074894] 	X20: fffff7208000	X21: 000000000160	X22: 00000000001b	X23: 00000000002b
kern  :warn  : [  452.074895] 	X24: 000000000002	X25: 000000000158	X26: 00000000000b	X27: aaaaaab8f000
kern  :warn  : [  452.074897] 	X28: aaaaaab8f000	X29: ffffffffea20	X30: aaaaaab1f5d8
kern  :info  : [  452.074898] rust_kjit: RDebug at 0xbf8
kern  :info  : [  452.074898] rust_kjit: B: Continue at 0xbfc
kern  :info  : [  452.074899] rust_kjit: Regs: 
kern  :warn  : [  452.074899] 	X0: 000000000000	X1: fffff7ffdb50	X2: 000000000000	X3: 000000000000
kern  :warn  : [  452.074901] 	X4: fffff72ce380	X5: 000000002800	X6: 2d7017dd3358625f	X7: 00000000000a
kern  :warn  : [  452.074903] 	X8: 000000000015	X9: 000000000000	X10: 000000000000	X11: 000000000000
kern  :warn  : [  452.074904] 	X12: 000000000000	X13: 000000000000	X14: 000000000000	X15: 000000000000
kern  :warn  : [  452.074906] 	X16: aaaaaabdfe40	X17: fffff772ce00	X18: 0000000372cf	X19: 000000000110
kern  :warn  : [  452.074908] 	X20: fffff7208000	X21: 000000000160	X22: 00000000001b	X23: 00000000002b
kern  :warn  : [  452.074909] 	X24: 000000000002	X25: 000000000158	X26: 00000000000b	X27: aaaaaab8f000
kern  :warn  : [  452.074911] 	X28: aaaaaab8f000	X29: ffffffffea20	X30: aaaaaab1f5d8
kern  :info  : [  452.074912] rust_kjit: RDebug at 0xc48
kern  :info  : [  452.074912] rust_kjit: B to 0xaaaaaab1f588 at 0xb60
kern  :info  : [  452.074913] rust_kjit: Regs: 
kern  :warn  : [  452.074914] 	X0: 000000000002	X1: 000000000002	X2: fffff720d520	X3: 000000000000
kern  :warn  : [  452.074915] 	X4: fffff72ce380	X5: 000000002800	X6: 2d7017dd3358625f	X7: 00000000000a
kern  :warn  : [  452.074917] 	X8: 000000000015	X9: 000000000000	X10: 000000000000	X11: 000000000000
kern  :warn  : [  452.074919] 	X12: 000000000000	X13: 000000000000	X14: 000000000000	X15: 000000000000
kern  :warn  : [  452.074920] 	X16: aaaaaabdfe40	X17: fffff772ce00	X18: 0000000372cf	X19: 000000000110
kern  :warn  : [  452.074922] 	X20: fffff7208000	X21: 000000000520	X22: 00000000001b	X23: 00000000002b
kern  :warn  : [  452.074924] 	X24: 000000000002	X25: 000000000158	X26: 000000000029	X27: aaaaaab8f000
kern  :warn  : [  452.074925] 	X28: aaaaaab8f000	X29: ffffffffea20	X30: aaaaaab1f5d8
kern  :info  : [  452.074926] rust_kjit: RDebug at 0xb88
kern  :info  : [  452.074927] rust_kjit: B to 0xaaaaaab1f7c0 at 0xd84
kern  :info  : [  452.074927] rust_kjit: Regs: 
kern  :warn  : [  452.074928] 	X0: 000000000002	X1: 000000000002	X2: fffff720d520	X3: 000000000000
kern  :warn  : [  452.074929] 	X4: fffff72ce380	X5: 000000002800	X6: 2d7017dd3358625f	X7: 00000000000a
kern  :warn  : [  452.074931] 	X8: 000000000015	X9: 000000000000	X10: 000000000000	X11: 000000000000
kern  :warn  : [  452.074933] 	X12: 000000000000	X13: 000000000000	X14: 000000000000	X15: 000000000000
kern  :warn  : [  452.074934] 	X16: aaaaaabdfe40	X17: fffff772ce00	X18: 0000000372cf	X19: 000000000110
kern  :warn  : [  452.074936] 	X20: fffff7208000	X21: 000000000520	X22: 00000000001b	X23: 00000000002b
kern  :warn  : [  452.074938] 	X24: 000000000002	X25: 000000000158	X26: 000000000029	X27: aaaaaab8f000
kern  :warn  : [  452.074939] 	X28: aaaaaab8f000	X29: ffffffffea20	X30: aaaaaab1f5d8
kern  :info  : [  452.074940] rust_kjit: RDebug at 0xdac
kern  :info  : [  452.074941] rust_kjit: B: Continue at 0xdb0
kern  :info  : [  452.074941] rust_kjit: Regs: 
kern  :warn  : [  452.074942] 	X0: 000000000002	X1: 000000000002	X2: fffff720d520	X3: 000000000000
kern  :warn  : [  452.074944] 	X4: fffff72ce380	X5: 000000002800	X6: 2d7017dd3358625f	X7: 00000000000a
kern  :warn  : [  452.074945] 	X8: 000000000015	X9: 000000000000	X10: 000000000000	X11: 000000000000
kern  :warn  : [  452.074947] 	X12: 000000000000	X13: 000000000000	X14: 000000000000	X15: 000000000000
kern  :warn  : [  452.074949] 	X16: aaaaaabdfe40	X17: fffff772ce00	X18: 0000000372cf	X19: 000000000110
kern  :warn  : [  452.074950] 	X20: fffff7208000	X21: 000000000520	X22: 00000000001b	X23: 00000000002b
kern  :warn  : [  452.074952] 	X24: 000000000002	X25: 000000000158	X26: 000000000029	X27: aaaaaab8f000
kern  :warn  : [  452.074953] 	X28: aaaaaab8f000	X29: ffffffffea20	X30: aaaaaab1f5d8
kern  :info  : [  452.074954] rust_kjit: RDebug at 0xbf8
kern  :info  : [  452.074955] rust_kjit: B: Continue at 0xbfc
kern  :info  : [  452.074956] rust_kjit: Regs: 
kern  :warn  : [  452.074956] 	X0: 000000000002	X1: 000000000002	X2: fffff720d520	X3: 000000000000
kern  :warn  : [  452.074958] 	X4: fffff72ce380	X5: 000000002800	X6: 2d7017dd3358625f	X7: 00000000000a
kern  :warn  : [  452.074959] 	X8: 000000000015	X9: 000000000000	X10: 000000000000	X11: 000000000000
kern  :warn  : [  452.074961] 	X12: 000000000000	X13: 000000000000	X14: 000000000000	X15: 000000000000
kern  :warn  : [  452.074963] 	X16: aaaaaabdfe40	X17: fffff772ce00	X18: 0000000372cf	X19: 000000000118
kern  :warn  : [  452.074964] 	X20: fffff7208000	X21: 000000000520	X22: 00000000001b	X23: 00000000002b
kern  :warn  : [  452.074966] 	X24: 000000000002	X25: 000000000158	X26: 000000000029	X27: aaaaaab8f000
kern  :warn  : [  452.074967] 	X28: aaaaaab8f000	X29: ffffffffea20	X30: aaaaaab1f5d8
kern  :info  : [  452.074968] rust_kjit: RDebug at 0xc48
kern  :info  : [  452.074969] rust_kjit: B to 0xaaaaaab1f588 at 0xb60
kern  :info  : [  452.074970] rust_kjit: Regs: 
kern  :warn  : [  452.074970] 	X0: 000000000002	X1: 000000000002	X2: fffff720d200	X3: 000000000000
kern  :warn  : [  452.074972] 	X4: fffff72ce380	X5: 000000002800	X6: 2d7017dd3358625f	X7: 00000000000a
kern  :warn  : [  452.074973] 	X8: 000000000015	X9: 000000000000	X10: 000000000000	X11: 000000000000
kern  :warn  : [  452.074975] 	X12: 000000000000	X13: 000000000000	X14: 000000000000	X15: 000000000000
kern  :warn  : [  452.074977] 	X16: aaaaaabdfe40	X17: fffff772ce00	X18: 0000000372cf	X19: 000000000118
kern  :warn  : [  452.074978] 	X20: fffff7208000	X21: 000000000200	X22: 00000000001b	X23: 00000000002b
kern  :warn  : [  452.074980] 	X24: 000000000002	X25: 000000000158	X26: 000000000010	X27: aaaaaab8f000
kern  :warn  : [  452.074981] 	X28: aaaaaab8f000	X29: ffffffffea20	X30: aaaaaab1f5d8
kern  :info  : [  452.074982] rust_kjit: RDebug at 0xb88
kern  :info  : [  452.074983] rust_kjit: B to 0xaaaaaab1f7c0 at 0xd84
kern  :info  : [  452.074984] rust_kjit: Regs: 
kern  :warn  : [  452.074984] 	X0: 000000000002	X1: 000000000002	X2: fffff720d200	X3: 000000000000
kern  :warn  : [  452.074986] 	X4: fffff72ce380	X5: 000000002800	X6: 2d7017dd3358625f	X7: 00000000000a
kern  :warn  : [  452.074987] 	X8: 000000000015	X9: 000000000000	X10: 000000000000	X11: 000000000000
kern  :warn  : [  452.074989] 	X12: 000000000000	X13: 000000000000	X14: 000000000000	X15: 000000000000
kern  :warn  : [  452.074991] 	X16: aaaaaabdfe40	X17: fffff772ce00	X18: 0000000372cf	X19: 000000000118
kern  :warn  : [  452.074993] 	X20: fffff7208000	X21: 000000000200	X22: 00000000001b	X23: 00000000002b
kern  :warn  : [  452.074994] 	X24: 000000000002	X25: 000000000158	X26: 000000000010	X27: aaaaaab8f000
kern  :warn  : [  452.074996] 	X28: aaaaaab8f000	X29: ffffffffea20	X30: aaaaaab1f5d8
kern  :info  : [  452.074997] rust_kjit: RDebug at 0xdac
kern  :info  : [  452.074997] rust_kjit: B: Continue at 0xdb0
kern  :info  : [  452.074998] rust_kjit: Regs: 
kern  :warn  : [  452.074998] 	X0: 000000000002	X1: 000000000002	X2: fffff720d200	X3: 000000000000
kern  :warn  : [  452.075000] 	X4: fffff72ce380	X5: 000000002800	X6: 2d7017dd3358625f	X7: 00000000000a
kern  :warn  : [  452.075001] 	X8: 000000000015	X9: 000000000000	X10: 000000000000	X11: 000000000000
kern  :warn  : [  452.075003] 	X12: 000000000000	X13: 000000000000	X14: 000000000000	X15: 000000000000
kern  :warn  : [  452.075005] 	X16: aaaaaabdfe40	X17: fffff772ce00	X18: 0000000372cf	X19: 000000000118
kern  :warn  : [  452.075006] 	X20: fffff7208000	X21: 000000000200	X22: 00000000001b	X23: 00000000002b
kern  :warn  : [  452.075008] 	X24: 000000000002	X25: 000000000158	X26: 000000000010	X27: aaaaaab8f000
kern  :warn  : [  452.075010] 	X28: aaaaaab8f000	X29: ffffffffea20	X30: aaaaaab1f5d8
kern  :info  : [  452.075011] rust_kjit: RDebug at 0xbf8
kern  :info  : [  452.075011] rust_kjit: B: Continue at 0xbfc
kern  :info  : [  452.075012] rust_kjit: Regs: 
kern  :warn  : [  452.075012] 	X0: 000000000002	X1: 000000000002	X2: fffff720d200	X3: 000000000000
kern  :warn  : [  452.075014] 	X4: fffff72ce380	X5: 000000002800	X6: 2d7017dd3358625f	X7: 00000000000a
kern  :warn  : [  452.075015] 	X8: 000000000015	X9: 000000000000	X10: 000000000000	X11: 000000000000
kern  :warn  : [  452.075017] 	X12: 000000000000	X13: 000000000000	X14: 000000000000	X15: 000000000000
kern  :warn  : [  452.075019] 	X16: aaaaaabdfe40	X17: fffff772ce00	X18: 0000000372cf	X19: 000000000120
kern  :warn  : [  452.075020] 	X20: fffff7208000	X21: 000000000200	X22: 00000000001b	X23: 00000000002b
kern  :warn  : [  452.075022] 	X24: 000000000002	X25: 000000000158	X26: 000000000010	X27: aaaaaab8f000
kern  :warn  : [  452.075024] 	X28: aaaaaab8f000	X29: ffffffffea20	X30: aaaaaab1f5d8
kern  :info  : [  452.075024] rust_kjit: RDebug at 0xc48
kern  :info  : [  452.075025] rust_kjit: B to 0xaaaaaab1f588 at 0xb60
kern  :info  : [  452.075026] rust_kjit: Regs: 
kern  :warn  : [  452.075026] 	X0: 000000000002	X1: 000000000002	X2: fffff720d280	X3: 000000000000
kern  :warn  : [  452.075028] 	X4: fffff72ce380	X5: 000000002800	X6: 2d7017dd3358625f	X7: 00000000000a
kern  :warn  : [  452.075030] 	X8: 000000000015	X9: 000000000000	X10: 000000000000	X11: 000000000000
kern  :warn  : [  452.075031] 	X12: 000000000000	X13: 000000000000	X14: 000000000000	X15: 000000000000
kern  :warn  : [  452.075033] 	X16: aaaaaabdfe40	X17: fffff772ce00	X18: 0000000372cf	X19: 000000000120
kern  :warn  : [  452.075035] 	X20: fffff7208000	X21: 000000000280	X22: 00000000001b	X23: 00000000002b
kern  :warn  : [  452.075036] 	X24: 000000000002	X25: 000000000158	X26: 000000000014	X27: aaaaaab8f000
kern  :warn  : [  452.075038] 	X28: aaaaaab8f000	X29: ffffffffea20	X30: aaaaaab1f5d8
kern  :info  : [  452.075039] rust_kjit: RDebug at 0xb88
kern  :info  : [  452.075040] rust_kjit: B to 0xaaaaaab1f7c0 at 0xd84
kern  :info  : [  452.075040] rust_kjit: Regs: 
kern  :warn  : [  452.075041] 	X0: 000000000002	X1: 000000000002	X2: fffff720d280	X3: 000000000000
kern  :warn  : [  452.075042] 	X4: fffff72ce380	X5: 000000002800	X6: 2d7017dd3358625f	X7: 00000000000a
kern  :warn  : [  452.075044] 	X8: 000000000015	X9: 000000000000	X10: 000000000000	X11: 000000000000
kern  :warn  : [  452.075046] 	X12: 000000000000	X13: 000000000000	X14: 000000000000	X15: 000000000000
kern  :warn  : [  452.075047] 	X16: aaaaaabdfe40	X17: fffff772ce00	X18: 0000000372cf	X19: 000000000120
kern  :warn  : [  452.075049] 	X20: fffff7208000	X21: 000000000280	X22: 00000000001b	X23: 00000000002b
kern  :warn  : [  452.075051] 	X24: 000000000002	X25: 000000000158	X26: 000000000014	X27: aaaaaab8f000
kern  :warn  : [  452.075052] 	X28: aaaaaab8f000	X29: ffffffffea20	X30: aaaaaab1f5d8
kern  :info  : [  452.075053] rust_kjit: RDebug at 0xdac
kern  :info  : [  452.075053] rust_kjit: B: Continue at 0xdb0
kern  :info  : [  452.075054] rust_kjit: Regs: 
kern  :warn  : [  452.075056] 	X0: 000000000002	X1: 000000000002	X2: fffff720d280	X3: 000000000000
kern  :warn  : [  452.075057] 	X4: fffff72ce380	X5: 000000002800	X6: 2d7017dd3358625f	X7: 00000000000a
kern  :warn  : [  452.075059] 	X8: 000000000015	X9: 000000000000	X10: 000000000000	X11: 000000000000
kern  :warn  : [  452.075061] 	X12: 000000000000	X13: 000000000000	X14: 000000000000	X15: 000000000000
kern  :warn  : [  452.075063] 	X16: aaaaaabdfe40	X17: fffff772ce00	X18: 0000000372cf	X19: 000000000120
kern  :warn  : [  452.075064] 	X20: fffff7208000	X21: 000000000280	X22: 00000000001b	X23: 00000000002b
kern  :warn  : [  452.075066] 	X24: 000000000002	X25: 000000000158	X26: 000000000014	X27: aaaaaab8f000
kern  :warn  : [  452.075067] 	X28: aaaaaab8f000	X29: ffffffffea20	X30: aaaaaab1f5d8
kern  :info  : [  452.075068] rust_kjit: RDebug at 0xbf8
kern  :info  : [  452.075069] rust_kjit: B: Continue at 0xbfc
kern  :info  : [  452.075070] rust_kjit: Regs: 
kern  :warn  : [  452.075070] 	X0: 000000000002	X1: 000000000002	X2: fffff720d280	X3: 000000000000
kern  :warn  : [  452.075072] 	X4: fffff72ce380	X5: 000000002800	X6: 2d7017dd3358625f	X7: 00000000000a
kern  :warn  : [  452.075073] 	X8: 000000000015	X9: 000000000000	X10: 000000000000	X11: 000000000000
kern  :warn  : [  452.075075] 	X12: 000000000000	X13: 000000000000	X14: 000000000000	X15: 000000000000
kern  :warn  : [  452.075077] 	X16: aaaaaabdfe40	X17: fffff772ce00	X18: 0000000372cf	X19: 000000000128
kern  :warn  : [  452.075078] 	X20: fffff7208000	X21: 000000000280	X22: 00000000001b	X23: 00000000002b
kern  :warn  : [  452.075080] 	X24: 000000000002	X25: 000000000158	X26: 000000000014	X27: aaaaaab8f000
kern  :warn  : [  452.075082] 	X28: aaaaaab8f000	X29: ffffffffea20	X30: aaaaaab1f5d8
kern  :info  : [  452.075083] rust_kjit: RDebug at 0xc48
kern  :info  : [  452.075083] rust_kjit: B to 0xaaaaaab1f588 at 0xb60
kern  :info  : [  452.075085] rust_kjit: Regs: 
kern  :warn  : [  452.075085] 	X0: 000000000001	X1: 000000000001	X2: fffff720d580	X3: 000000000000
kern  :warn  : [  452.075087] 	X4: fffff72ce380	X5: 000000002800	X6: 2d7017dd3358625f	X7: 00000000000a
kern  :warn  : [  452.075088] 	X8: 000000000015	X9: 000000000000	X10: 000000000000	X11: 000000000000
kern  :warn  : [  452.075090] 	X12: 000000000000	X13: 000000000000	X14: 000000000000	X15: 000000000000
kern  :warn  : [  452.075092] 	X16: aaaaaabdfe40	X17: fffff772ce00	X18: 0000000372cf	X19: 000000000128
kern  :warn  : [  452.075093] 	X20: fffff7208000	X21: 000000000580	X22: 00000000001b	X23: 00000000002b
kern  :warn  : [  452.075095] 	X24: 000000000001	X25: 000000000158	X26: 00000000002c	X27: aaaaaab8f000
kern  :warn  : [  452.075097] 	X28: aaaaaab8f000	X29: ffffffffea20	X30: aaaaaab1f5d8
kern  :info  : [  452.075097] rust_kjit: RDebug at 0xb88
kern  :info  : [  452.075098] rust_kjit: B: Continue at 0xb8c
kern  :info  : [  452.075099] rust_kjit: Regs: 
kern  :warn  : [  452.075099] 	X0: 000000000001	X1: 000000000001	X2: fffff720d580	X3: 000000000000
kern  :warn  : [  452.075101] 	X4: fffff72ce380	X5: 000000002800	X6: 2d7017dd3358625f	X7: 00000000000a
kern  :warn  : [  452.075102] 	X8: 000000000015	X9: 000000000000	X10: 000000000000	X11: 000000000000
kern  :warn  : [  452.075104] 	X12: 000000000000	X13: 000000000000	X14: 000000000000	X15: 000000000000
kern  :warn  : [  452.075106] 	X16: aaaaaabdfe40	X17: fffff772ce00	X18: 0000000372cf	X19: 000000000128
kern  :warn  : [  452.075107] 	X20: fffff7208000	X21: 000000000580	X22: 00000000001b	X23: 00000000002b
kern  :warn  : [  452.075109] 	X24: 000000000001	X25: 000000000158	X26: 00000000002c	X27: aaaaaab8f000
kern  :warn  : [  452.075110] 	X28: aaaaaab8f000	X29: ffffffffea20	X30: aaaaaab1f5d8
kern  :info  : [  452.075111] rust_kjit: RBlr at 0xbac
kern  :info  : [  452.077183] rust_kjit: ARM64_INS_PACIASP -> NOP
kern  :info  : [  452.077776] rust_kjit: ARM64_INS_AUTIASP -> NOP
kern  :info  : [  452.081233] rust_kjit: ARM64_INS_PACIASP -> NOP
kern  :info  : [  452.081317] rust_kjit: ARM64_INS_AUTIASP -> NOP
kern  :info  : [  452.081357] rust_kjit: ARM64_INS_PACIASP -> NOP
kern  :info  : [  452.081392] rust_kjit: ARM64_INS_AUTIASP -> NOP
kern  :info  : [  452.081448] rust_kjit: Vlabel: 0xaaaaaab250d0 -> 0xde0	len 0x0 + ofst 0xde0
kern  :info  : [  452.081451] rust_kjit: Vlabel: 0xaaaaaab250d4 -> 0xde4	len 0x4 + ofst 0xde0
kern  :info  : [  452.081453] rust_kjit: Vlabel: 0xaaaaaab250d8 -> 0xde8	len 0x8 + ofst 0xde0
kern  :info  : [  452.081454] rust_kjit: Vlabel: 0xaaaaaab250dc -> 0xdf8	len 0x18 + ofst 0xde0
kern  :info  : [  452.081455] rust_kjit: Vlabel: 0xaaaaaab250e0 -> 0xdfc	len 0x1c + ofst 0xde0
kern  :info  : [  452.081456] rust_kjit: Vlabel: 0xaaaaaab250e4 -> 0xe00	len 0x20 + ofst 0xde0
kern  :info  : [  452.081457] rust_kjit: Vlabel: 0xaaaaaab250e8 -> 0xe04	len 0x24 + ofst 0xde0
kern  :info  : [  452.081458] rust_kjit: Vlabel: 0xaaaaaab250ec -> 0xe08	len 0x28 + ofst 0xde0
kern  :info  : [  452.081459] rust_kjit: Vlabel: 0xaaaaaab250f0 -> 0xe0c	len 0x2c + ofst 0xde0
kern  :info  : [  452.081460] rust_kjit: Vlabel: 0xaaaaaab250f4 -> 0xe10	len 0x30 + ofst 0xde0
kern  :info  : [  452.081461] rust_kjit: Vlabel: 0xaaaaaab250f8 -> 0xe14	len 0x34 + ofst 0xde0
kern  :info  : [  452.081462] rust_kjit: Vlabel: 0xaaaaaab250fc -> 0xe18	len 0x38 + ofst 0xde0
kern  :info  : [  452.081464] rust_kjit: Vlabel: 0xaaaaaab25100 -> 0xe1c	len 0x3c + ofst 0xde0
kern  :info  : [  452.081466] rust_kjit: Vlabel: 0xaaaaaab25104 -> 0xe20	len 0x40 + ofst 0xde0
kern  :info  : [  452.081470] rust_kjit: Vlabel: 0xaaaaaab25108 -> 0xe4c	len 0x6c + ofst 0xde0
kern  :info  : [  452.081472] rust_kjit: Vlabel: 0xaaaaaab2510c -> 0xe50	len 0x70 + ofst 0xde0
kern  :info  : [  452.081474] rust_kjit: Vlabel: 0xaaaaaab25110 -> 0xe6c	len 0x8c + ofst 0xde0
kern  :info  : [  452.081476] rust_kjit: Vlabel: 0xaaaaaab25114 -> 0xe94	len 0xb4 + ofst 0xde0
kern  :info  : [  452.081477] rust_kjit: Vlabel: 0xaaaaaab25118 -> 0xe98	len 0xb8 + ofst 0xde0
kern  :info  : [  452.081478] rust_kjit: Vlabel: 0xaaaaaab2511c -> 0xe9c	len 0xbc + ofst 0xde0
kern  :info  : [  452.081479] rust_kjit: Vlabel: 0xaaaaaab25120 -> 0xea0	len 0xc0 + ofst 0xde0
kern  :info  : [  452.081481] rust_kjit: Vlabel: 0xaaaaaab25124 -> 0xec8	len 0xe8 + ofst 0xde0
kern  :info  : [  452.081482] rust_kjit: Vlabel: 0xaaaaaab25128 -> 0xed8	len 0xf8 + ofst 0xde0
kern  :info  : [  452.081483] rust_kjit: Vlabel: 0xaaaaaab2512c -> 0xedc	len 0xfc + ofst 0xde0
kern  :info  : [  452.081484] rust_kjit: Vlabel: 0xaaaaaab25130 -> 0xee0	len 0x100 + ofst 0xde0
kern  :info  : [  452.081485] rust_kjit: Vlabel: 0xaaaaaab25134 -> 0xee4	len 0x104 + ofst 0xde0
kern  :info  : [  452.081486] rust_kjit: Vlabel: 0xaaaaaab25138 -> 0xee8	len 0x108 + ofst 0xde0
kern  :info  : [  452.081487] rust_kjit: Vlabel: 0xaaaaaab2513c -> 0xeec	len 0x10c + ofst 0xde0
kern  :info  : [  452.081489] rust_kjit: Vlabel: 0xaaaaaab25140 -> 0xefc	len 0x11c + ofst 0xde0
kern  :info  : [  452.081490] rust_kjit: Vlabel: 0xaaaaaab25144 -> 0xf00	len 0x120 + ofst 0xde0
kern  :info  : [  452.081491] rust_kjit: Vlabel: 0xaaaaaab25148 -> 0xf04	len 0x124 + ofst 0xde0
kern  :info  : [  452.081493] rust_kjit: Vlabel: 0xaaaaaab2514c -> 0xf08	len 0x128 + ofst 0xde0
kern  :info  : [  452.081496] rust_kjit: Vlabel: 0xaaaaaab25150 -> 0xf0c	len 0x12c + ofst 0xde0
kern  :info  : [  452.081499] rust_kjit: Vlabel: 0xaaaaaab25154 -> 0xf28	len 0x148 + ofst 0xde0
kern  :info  : [  452.081501] rust_kjit: Vlabel: 0xaaaaaab25158 -> 0xf50	len 0x170 + ofst 0xde0
kern  :info  : [  452.081502] rust_kjit: Vlabel: 0xaaaaaab2515c -> 0xf54	len 0x174 + ofst 0xde0
kern  :info  : [  452.081505] rust_kjit: Vlabel: 0xaaaaaab25160 -> 0xf7c	len 0x19c + ofst 0xde0
kern  :info  : [  452.081506] rust_kjit: Vlabel: 0xaaaaaab25164 -> 0xf80	len 0x1a0 + ofst 0xde0
kern  :info  : [  452.081508] rust_kjit: Vlabel: 0xaaaaaab25168 -> 0xfa4	len 0x1c4 + ofst 0xde0
kern  :info  : [  452.081509] rust_kjit: Vlabel: 0xaaaaaab2516c -> 0xfa8	len 0x1c8 + ofst 0xde0
kern  :info  : [  452.081510] rust_kjit: Vlabel: 0xaaaaaab25170 -> 0xfac	len 0x1cc + ofst 0xde0
kern  :info  : [  452.081512] rust_kjit: Vlabel: 0xaaaaaab25174 -> 0xfd0	len 0x1f0 + ofst 0xde0
kern  :info  : [  452.081513] rust_kjit: Vlabel: 0xaaaaaab25178 -> 0xfd4	len 0x1f4 + ofst 0xde0
kern  :info  : [  452.081514] rust_kjit: Vlabel: 0xaaaaaab2517c -> 0xfd8	len 0x1f8 + ofst 0xde0
kern  :info  : [  452.081516] rust_kjit: Vlabel: 0xaaaaaab25180 -> 0x1000	len 0x220 + ofst 0xde0
kern  :info  : [  452.081517] rust_kjit: Vlabel: 0xaaaaaab25184 -> 0x1004	len 0x224 + ofst 0xde0
kern  :info  : [  452.081520] rust_kjit: Vlabel: 0xaaaaaab25188 -> 0x102c	len 0x24c + ofst 0xde0
kern  :info  : [  452.081521] rust_kjit: Vlabel: 0xaaaaaab2518c -> 0x1030	len 0x250 + ofst 0xde0
kern  :info  : [  452.081522] rust_kjit: Vlabel: 0xaaaaaab25190 -> 0x1034	len 0x254 + ofst 0xde0
kern  :info  : [  452.081523] rust_kjit: Vlabel: 0xaaaaaab25194 -> 0x1038	len 0x258 + ofst 0xde0
kern  :info  : [  452.081525] rust_kjit: Vlabel: 0xaaaaaab25198 -> 0x1054	len 0x274 + ofst 0xde0
kern  :info  : [  452.081527] rust_kjit: Vlabel: 0xaaaaaab2519c -> 0x107c	len 0x29c + ofst 0xde0
kern  :info  : [  452.081528] rust_kjit: Vlabel: 0xaaaaaab251a0 -> 0x1080	len 0x2a0 + ofst 0xde0
kern  :info  : [  452.081529] rust_kjit: Vlabel: 0xaaaaaab251a4 -> 0x1084	len 0x2a4 + ofst 0xde0
kern  :info  : [  452.081530] rust_kjit: Vlabel: 0xaaaaaab251a8 -> 0x1088	len 0x2a8 + ofst 0xde0
kern  :info  : [  452.081531] rust_kjit: Vlabel: 0xaaaaaab251ac -> 0x108c	len 0x2ac + ofst 0xde0
kern  :info  : [  452.081533] rust_kjit: Vlabel: 0xaaaaaab251b0 -> 0x10b0	len 0x2d0 + ofst 0xde0
kern  :info  : [  452.081534] rust_kjit: Vlabel: 0xaaaaaab251b4 -> 0x10b4	len 0x2d4 + ofst 0xde0
kern  :info  : [  452.081535] rust_kjit: Vlabel: 0xaaaaaab251b8 -> 0x10b8	len 0x2d8 + ofst 0xde0
kern  :info  : [  452.081536] rust_kjit: Vlabel: 0xaaaaaab251bc -> 0x10bc	len 0x2dc + ofst 0xde0
kern  :info  : [  452.081538] rust_kjit: Vlabel: 0xaaaaaab251c0 -> 0x10d8	len 0x2f8 + ofst 0xde0
kern  :info  : [  452.081539] rust_kjit: Vlabel: 0xaaaaaab251c4 -> 0x10dc	len 0x2fc + ofst 0xde0
kern  :info  : [  452.081540] rust_kjit: Vlabel: 0xaaaaaab251c8 -> 0x10e0	len 0x300 + ofst 0xde0
kern  :info  : [  452.081542] rust_kjit: Vlabel: 0xaaaaaab251cc -> 0x1104	len 0x324 + ofst 0xde0
kern  :info  : [  452.081543] rust_kjit: Vlabel: 0xaaaaaab251d0 -> 0x1108	len 0x328 + ofst 0xde0
kern  :info  : [  452.081544] rust_kjit: Vlabel: 0xaaaaaab251d4 -> 0x110c	len 0x32c + ofst 0xde0
kern  :info  : [  452.081545] rust_kjit: Vlabel: 0xaaaaaab251d8 -> 0x1110	len 0x330 + ofst 0xde0
kern  :info  : [  452.081546] rust_kjit: Vlabel: 0xaaaaaab251dc -> 0x1114	len 0x334 + ofst 0xde0
kern  :info  : [  452.081547] rust_kjit: Vlabel: 0xaaaaaab251e0 -> 0x1118	len 0x338 + ofst 0xde0
kern  :info  : [  452.081548] rust_kjit: Vlabel: 0xaaaaaab251e4 -> 0x111c	len 0x33c + ofst 0xde0
kern  :info  : [  452.081551] rust_kjit: Vlabel: 0xaaaaaab251e8 -> 0x1140	len 0x360 + ofst 0xde0
kern  :info  : [  452.081552] rust_kjit: Vlabel: 0xaaaaaab25148 -> 0x1168	len 0x388 + ofst 0xde0
kern  :info  : [  452.081553] rust_kjit: Vlabel: 0xaaaaaab251ec -> 0x116c	len 0x38c + ofst 0xde0
kern  :info  : [  452.081554] rust_kjit: Vlabel: 0xaaaaaab251f0 -> 0x1170	len 0x390 + ofst 0xde0
kern  :info  : [  452.081556] rust_kjit: Vlabel: 0xaaaaaab251f4 -> 0x1174	len 0x394 + ofst 0xde0
kern  :info  : [  452.081558] rust_kjit: Vlabel: 0xaaaaaab251f8 -> 0x1184	len 0x3a4 + ofst 0xde0
kern  :info  : [  452.081560] rust_kjit: Vlabel: 0xaaaaaab251fc -> 0x1188	len 0x3a8 + ofst 0xde0
kern  :info  : [  452.081562] rust_kjit: Vlabel: 0xaaaaaab25200 -> 0x118c	len 0x3ac + ofst 0xde0
kern  :info  : [  452.081564] rust_kjit: Vlabel: 0xaaaaaab25204 -> 0x1190	len 0x3b0 + ofst 0xde0
kern  :info  : [  452.081567] rust_kjit: Vlabel: 0xaaaaaab25208 -> 0x1194	len 0x3b4 + ofst 0xde0
kern  :info  : [  452.081569] rust_kjit: Vlabel: 0xaaaaaab2520c -> 0x1198	len 0x3b8 + ofst 0xde0
kern  :info  : [  452.081573] rust_kjit: Vlabel: 0xaaaaaab25210 -> 0x11bc	len 0x3dc + ofst 0xde0
kern  :info  : [  452.081575] rust_kjit: Vlabel: 0xaaaaaab25214 -> 0x11c0	len 0x3e0 + ofst 0xde0
kern  :info  : [  452.081576] rust_kjit: Vlabel: 0xaaaaaab25218 -> 0x11c4	len 0x3e4 + ofst 0xde0
kern  :info  : [  452.081577] rust_kjit: Vlabel: 0xaaaaaab2521c -> 0x11c8	len 0x3e8 + ofst 0xde0
kern  :info  : [  452.081578] rust_kjit: Vlabel: 0xaaaaaab25220 -> 0x11cc	len 0x3ec + ofst 0xde0
kern  :info  : [  452.081579] rust_kjit: Vlabel: 0xaaaaaab25224 -> 0x11d0	len 0x3f0 + ofst 0xde0
kern  :info  : [  452.081581] rust_kjit: Vlabel: 0xaaaaaab25228 -> 0x11e0	len 0x400 + ofst 0xde0
kern  :info  : [  452.081582] rust_kjit: Vlabel: 0xaaaaaab2522c -> 0x11e4	len 0x404 + ofst 0xde0
kern  :info  : [  452.081583] rust_kjit: Vlabel: 0xaaaaaab25230 -> 0x11e8	len 0x408 + ofst 0xde0
kern  :info  : [  452.081584] rust_kjit: Vlabel: 0xaaaaaab25234 -> 0x11ec	len 0x40c + ofst 0xde0
kern  :info  : [  452.081586] rust_kjit: Vlabel: 0xaaaaaab25238 -> 0x1208	len 0x428 + ofst 0xde0
kern  :info  : [  452.081587] rust_kjit: Vlabel: 0xaaaaaab2523c -> 0x120c	len 0x42c + ofst 0xde0
kern  :info  : [  452.081589] rust_kjit: Vlabel: 0xaaaaaab25240 -> 0x1234	len 0x454 + ofst 0xde0
kern  :info  : [  452.081590] rust_kjit: Vlabel: 0xaaaaaab25244 -> 0x1238	len 0x458 + ofst 0xde0
kern  :info  : [  452.081591] rust_kjit: Vlabel: 0xaaaaaab25248 -> 0x123c	len 0x45c + ofst 0xde0
kern  :info  : [  452.081592] rust_kjit: Vlabel: 0xaaaaaab2524c -> 0x1240	len 0x460 + ofst 0xde0
kern  :info  : [  452.081593] rust_kjit: Vlabel: 0xaaaaaab25250 -> 0x1244	len 0x464 + ofst 0xde0
kern  :info  : [  452.081594] rust_kjit: Vlabel: 0xaaaaaab25254 -> 0x1248	len 0x468 + ofst 0xde0
kern  :info  : [  452.081595] rust_kjit: Vlabel: 0xaaaaaab25258 -> 0x124c	len 0x46c + ofst 0xde0
kern  :info  : [  452.081596] rust_kjit: Vlabel: 0xaaaaaab2525c -> 0x1250	len 0x470 + ofst 0xde0
kern  :info  : [  452.081598] rust_kjit: Vlabel: 0xaaaaaab25260 -> 0x1254	len 0x474 + ofst 0xde0
kern  :info  : [  452.081599] rust_kjit: Vlabel: 0xaaaaaab25250 -> 0x1278	len 0x498 + ofst 0xde0
kern  :info  : [  452.081602] rust_kjit: Vlabel: 0xaaaaaab25264 -> 0x127c	len 0x49c + ofst 0xde0
kern  :info  : [  452.081604] rust_kjit: Vlabel: 0xaaaaaab25268 -> 0x1280	len 0x4a0 + ofst 0xde0
kern  :info  : [  452.081608] rust_kjit: Vlabel: 0xaaaaaab2526c -> 0x12a8	len 0x4c8 + ofst 0xde0
kern  :info  : [  452.081609] rust_kjit: Vlabel: 0xaaaaaab25270 -> 0x12ac	len 0x4cc + ofst 0xde0
kern  :info  : [  452.081610] rust_kjit: Vlabel: 0xaaaaaab25274 -> 0x12b0	len 0x4d0 + ofst 0xde0
kern  :info  : [  452.081612] rust_kjit: Vlabel: 0xaaaaaab25278 -> 0x12b4	len 0x4d4 + ofst 0xde0
kern  :info  : [  452.081613] rust_kjit: Vlabel: 0xaaaaaab2527c -> 0x12b8	len 0x4d8 + ofst 0xde0
kern  :info  : [  452.081614] rust_kjit: Vlabel: 0xaaaaaab25280 -> 0x12bc	len 0x4dc + ofst 0xde0
kern  :info  : [  452.081615] rust_kjit: Vlabel: 0xaaaaaab25284 -> 0x12c0	len 0x4e0 + ofst 0xde0
kern  :info  : [  452.081616] rust_kjit: Vlabel: 0xaaaaaab25288 -> 0x12c4	len 0x4e4 + ofst 0xde0
kern  :info  : [  452.081617] rust_kjit: Vlabel: 0xaaaaaab2528c -> 0x12c8	len 0x4e8 + ofst 0xde0
kern  :info  : [  452.081618] rust_kjit: Vlabel: 0xaaaaaab25290 -> 0x12cc	len 0x4ec + ofst 0xde0
kern  :info  : [  452.081620] rust_kjit: Vlabel: 0xaaaaaab25280 -> 0x12f0	len 0x510 + ofst 0xde0
kern  :info  : [  452.081622] rust_kjit: Vlabel: 0xaaaaaab25294 -> 0x12f4	len 0x514 + ofst 0xde0
kern  :info  : [  452.081624] rust_kjit: Vlabel: 0xaaaaaab25298 -> 0x12f8	len 0x518 + ofst 0xde0
kern  :info  : [  452.081626] rust_kjit: Vlabel: 0xaaaaaab2529c -> 0x12fc	len 0x51c + ofst 0xde0
kern  :info  : [  452.081628] rust_kjit: Vlabel: 0xaaaaaab25148 -> 0x1324	len 0x544 + ofst 0xde0
kern  :info  : [  452.081629] rust_kjit: Vlabel: 0xaaaaaab252a0 -> 0x1328	len 0x548 + ofst 0xde0
kern  :info  : [  452.081631] rust_kjit: Vlabel: 0xaaaaaab251ec -> 0x134c	len 0x56c + ofst 0xde0
kern  :info  : [  452.081633] rust_kjit: Vlabel: 0xaaaaaab252a4 -> 0x1350	len 0x570 + ofst 0xde0
kern  :info  : [  452.081635] rust_kjit: Vlabel: 0xaaaaaab252a8 -> 0x1354	len 0x574 + ofst 0xde0
kern  :info  : [  452.081636] rust_kjit: Vlabel: 0xaaaaaab252ac -> 0x1358	len 0x578 + ofst 0xde0
kern  :info  : [  452.081638] rust_kjit: Vlabel: 0xaaaaaab252b0 -> 0x1374	len 0x594 + ofst 0xde0
kern  :info  : [  452.081640] rust_kjit: Vlabel: 0xaaaaaab252b4 -> 0x1378	len 0x598 + ofst 0xde0
kern  :info  : [  452.081642] rust_kjit: Vlabel: 0xaaaaaab252b8 -> 0x137c	len 0x59c + ofst 0xde0
kern  :info  : [  452.081645] rust_kjit: Vlabel: 0xaaaaaab252bc -> 0x13a0	len 0x5c0 + ofst 0xde0
kern  :info  : [  452.081647] rust_kjit: Vlabel: 0xaaaaaab252c0 -> 0x13a4	len 0x5c4 + ofst 0xde0
kern  :info  : [  452.081648] rust_kjit: Vlabel: 0xaaaaaab252c4 -> 0x13a8	len 0x5c8 + ofst 0xde0
kern  :info  : [  452.081649] rust_kjit: Vlabel: 0xaaaaaab252c8 -> 0x13ac	len 0x5cc + ofst 0xde0
kern  :info  : [  452.081650] rust_kjit: Vlabel: 0xaaaaaab252cc -> 0x13b0	len 0x5d0 + ofst 0xde0
kern  :info  : [  452.081651] rust_kjit: Vlabel: 0xaaaaaab252d0 -> 0x13b4	len 0x5d4 + ofst 0xde0
kern  :info  : [  452.081652] rust_kjit: Vlabel: 0xaaaaaab252d4 -> 0x13b8	len 0x5d8 + ofst 0xde0
kern  :info  : [  452.081654] rust_kjit: Vlabel: 0xaaaaaab252d8 -> 0x13bc	len 0x5dc + ofst 0xde0
kern  :info  : [  452.081657] rust_kjit: Vlabel: 0xaaaaaab252dc -> 0x13e4	len 0x604 + ofst 0xde0
kern  :info  : [  452.081658] rust_kjit: Vlabel: 0xaaaaaab252e0 -> 0x13e8	len 0x608 + ofst 0xde0
kern  :info  : [  452.081660] rust_kjit: Vlabel: 0xaaaaaab252e4 -> 0x1404	len 0x624 + ofst 0xde0
kern  :info  : [  452.081661] rust_kjit: Vlabel: 0xaaaaaab252e8 -> 0x1408	len 0x628 + ofst 0xde0
kern  :info  : [  452.081662] rust_kjit: Vlabel: 0xaaaaaab252ec -> 0x140c	len 0x62c + ofst 0xde0
kern  :info  : [  452.081663] rust_kjit: Vlabel: 0xaaaaaab252f0 -> 0x1410	len 0x630 + ofst 0xde0
kern  :info  : [  452.081664] rust_kjit: Vlabel: 0xaaaaaab252f4 -> 0x1414	len 0x634 + ofst 0xde0
kern  :info  : [  452.081665] rust_kjit: Vlabel: 0xaaaaaab252f8 -> 0x1418	len 0x638 + ofst 0xde0
kern  :info  : [  452.081667] rust_kjit: Vlabel: 0xaaaaaab252fc -> 0x1434	len 0x654 + ofst 0xde0
kern  :info  : [  452.081668] rust_kjit: Vlabel: 0xaaaaaab25300 -> 0x1438	len 0x658 + ofst 0xde0
kern  :info  : [  452.081669] rust_kjit: Vlabel: 0xaaaaaab25304 -> 0x143c	len 0x65c + ofst 0xde0
kern  :info  : [  452.081670] rust_kjit: Vlabel: 0xaaaaaab25308 -> 0x1440	len 0x660 + ofst 0xde0
kern  :info  : [  452.081672] rust_kjit: Vlabel: 0xaaaaaab25148 -> 0x1468	len 0x688 + ofst 0xde0
kern  :info  : [  452.081673] rust_kjit: Vlabel: 0xaaaaaab2530c -> 0x146c	len 0x68c + ofst 0xde0
kern  :info  : [  452.081674] rust_kjit: Vlabel: 0xaaaaaab25310 -> 0x147c	len 0x69c + ofst 0xde0
kern  :info  : [  452.081675] rust_kjit: Vlabel: 0xaaaaaab25314 -> 0x1480	len 0x6a0 + ofst 0xde0
kern  :info  : [  452.081676] rust_kjit: Vlabel: 0xaaaaaab25318 -> 0x1484	len 0x6a4 + ofst 0xde0
kern  :info  : [  452.081677] rust_kjit: Vlabel: 0xaaaaaab2531c -> 0x1488	len 0x6a8 + ofst 0xde0
kern  :info  : [  452.081679] rust_kjit: Vlabel: 0xaaaaaab25320 -> 0x148c	len 0x6ac + ofst 0xde0
kern  :info  : [  452.081680] rust_kjit: Vlabel: 0xaaaaaab25324 -> 0x1490	len 0x6b0 + ofst 0xde0
kern  :info  : [  452.081682] rust_kjit: Vlabel: 0xaaaaaab25328 -> 0x14b4	len 0x6d4 + ofst 0xde0
kern  :info  : [  452.081683] rust_kjit: Vlabel: 0xaaaaaab2532c -> 0x14b8	len 0x6d8 + ofst 0xde0
kern  :info  : [  452.081685] rust_kjit: Vlabel: 0xaaaaaab25330 -> 0x14e0	len 0x700 + ofst 0xde0
kern  :info  : [  452.081686] rust_kjit: Vlabel: 0xaaaaaab25334 -> 0x14e4	len 0x704 + ofst 0xde0
kern  :info  : [  452.081689] rust_kjit: Vlabel: 0xaaaaaab25338 -> 0x150c	len 0x72c + ofst 0xde0
kern  :info  : [  452.081690] rust_kjit: Vlabel: 0xaaaaaab2533c -> 0x151c	len 0x73c + ofst 0xde0
kern  :info  : [  452.081691] rust_kjit: Vlabel: 0xaaaaaab25340 -> 0x1520	len 0x740 + ofst 0xde0
kern  :info  : [  452.081692] rust_kjit: Vlabel: 0xaaaaaab25344 -> 0x1524	len 0x744 + ofst 0xde0
kern  :info  : [  452.081693] rust_kjit: Vlabel: 0xaaaaaab25348 -> 0x1528	len 0x748 + ofst 0xde0
kern  :info  : [  452.081694] rust_kjit: Vlabel: 0xaaaaaab2534c -> 0x152c	len 0x74c + ofst 0xde0
kern  :info  : [  452.081696] rust_kjit: Vlabel: 0xaaaaaab25350 -> 0x1548	len 0x768 + ofst 0xde0
kern  :info  : [  452.081697] rust_kjit: Vlabel: 0xaaaaaab25354 -> 0x154c	len 0x76c + ofst 0xde0
kern  :info  : [  452.081699] rust_kjit: Vlabel: 0xaaaaaab25358 -> 0x1568	len 0x788 + ofst 0xde0
kern  :info  : [  452.081700] rust_kjit: Vlabel: 0xaaaaaab2535c -> 0x156c	len 0x78c + ofst 0xde0
kern  :info  : [  452.081701] rust_kjit: Vlabel: 0xaaaaaab25360 -> 0x1570	len 0x790 + ofst 0xde0
kern  :info  : [  452.081703] rust_kjit: Vlabel: 0xaaaaaab25364 -> 0x158c	len 0x7ac + ofst 0xde0
kern  :info  : [  452.081704] rust_kjit: Vlabel: 0xaaaaaab25368 -> 0x1590	len 0x7b0 + ofst 0xde0
kern  :info  : [  452.081706] rust_kjit: Vlabel: 0xaaaaaab2536c -> 0x15b8	len 0x7d8 + ofst 0xde0
kern  :info  : [  452.081707] rust_kjit: Vlabel: 0xaaaaaab25370 -> 0x15bc	len 0x7dc + ofst 0xde0
kern  :info  : [  452.081709] rust_kjit: Vlabel: 0xaaaaaab25374 -> 0x15d8	len 0x7f8 + ofst 0xde0
kern  :info  : [  452.081710] rust_kjit: Vlabel: 0xaaaaaab25378 -> 0x15dc	len 0x7fc + ofst 0xde0
kern  :info  : [  452.081711] rust_kjit: Vlabel: 0xaaaaaab2537c -> 0x15e0	len 0x800 + ofst 0xde0
kern  :info  : [  452.081714] rust_kjit: Vlabel: 0xaaaaaab251f4 -> 0x1604	len 0x824 + ofst 0xde0
kern  :info  : [  452.081715] rust_kjit: Vlabel: 0xaaaaaab25380 -> 0x1608	len 0x828 + ofst 0xde0
kern  :info  : [  452.081716] rust_kjit: Vlabel: 0xaaaaaab25384 -> 0x160c	len 0x82c + ofst 0xde0
kern  :info  : [  452.081717] rust_kjit: Vlabel: 0xaaaaaab25388 -> 0x1610	len 0x830 + ofst 0xde0
kern  :info  : [  452.081720] rust_kjit: Vlabel: 0xaaaaaab2538c -> 0x1634	len 0x854 + ofst 0xde0
kern  :info  : [  452.081721] rust_kjit: Vlabel: 0xaaaaaab25390 -> 0x1638	len 0x858 + ofst 0xde0
kern  :info  : [  452.081722] rust_kjit: Vlabel: 0xaaaaaab25394 -> 0x163c	len 0x85c + ofst 0xde0
kern  :info  : [  452.081724] rust_kjit: Vlabel: 0xaaaaaab25398 -> 0x1660	len 0x880 + ofst 0xde0
kern  :info  : [  452.081725] rust_kjit: Vlabel: 0xaaaaaab2539c -> 0x1664	len 0x884 + ofst 0xde0
kern  :info  : [  452.081726] rust_kjit: Vlabel: 0xaaaaaab253a0 -> 0x1668	len 0x888 + ofst 0xde0
kern  :info  : [  452.081728] rust_kjit: Vlabel: 0xaaaaaab2519c -> 0x168c	len 0x8ac + ofst 0xde0
kern  :info  : [  452.081729] rust_kjit: Vlabel: 0xaaaaaab253a4 -> 0x1690	len 0x8b0 + ofst 0xde0
kern  :info  : [  452.081730] rust_kjit: Vlabel: 0xaaaaaab253a8 -> 0x1694	len 0x8b4 + ofst 0xde0
kern  :info  : [  452.081732] rust_kjit: Vlabel: 0xaaaaaab253ac -> 0x16a4	len 0x8c4 + ofst 0xde0
kern  :info  : [  452.081733] rust_kjit: Vlabel: 0xaaaaaab253b0 -> 0x16a8	len 0x8c8 + ofst 0xde0
kern  :info  : [  452.081734] rust_kjit: Vlabel: 0xaaaaaab253b4 -> 0x16ac	len 0x8cc + ofst 0xde0
kern  :info  : [  452.081735] rust_kjit: Vlabel: 0xaaaaaab253b8 -> 0x16b0	len 0x8d0 + ofst 0xde0
kern  :info  : [  452.081737] rust_kjit: Vlabel: 0xaaaaaab253bc -> 0x16cc	len 0x8ec + ofst 0xde0
kern  :info  : [  452.081738] rust_kjit: Vlabel: 0xaaaaaab251b8 -> 0x16f4	len 0x914 + ofst 0xde0
kern  :info  : [  452.081740] rust_kjit: Vlabel: 0xaaaaaab253c0 -> 0x16f8	len 0x918 + ofst 0xde0
kern  :info  : [  452.081741] rust_kjit: Vlabel: 0xaaaaaab253c4 -> 0x1708	len 0x928 + ofst 0xde0
kern  :info  : [  452.081742] rust_kjit: Vlabel: 0xaaaaaab253c8 -> 0x170c	len 0x92c + ofst 0xde0
kern  :info  : [  452.081743] rust_kjit: Vlabel: 0xaaaaaab253cc -> 0x1710	len 0x930 + ofst 0xde0
kern  :info  : [  452.081744] rust_kjit: Vlabel: 0xaaaaaab253d0 -> 0x1714	len 0x934 + ofst 0xde0
kern  :info  : [  452.081746] rust_kjit: Vlabel: 0xaaaaaab253d4 -> 0x1724	len 0x944 + ofst 0xde0
kern  :info  : [  452.081747] rust_kjit: Vlabel: 0xaaaaaab253d8 -> 0x1728	len 0x948 + ofst 0xde0
kern  :info  : [  452.081748] rust_kjit: Vlabel: 0xaaaaaab253dc -> 0x172c	len 0x94c + ofst 0xde0
kern  :info  : [  452.081749] rust_kjit: Vlabel: 0xaaaaaab253e0 -> 0x1730	len 0x950 + ofst 0xde0
kern  :info  : [  452.081750] rust_kjit: Vlabel: 0xaaaaaab253e4 -> 0x1734	len 0x954 + ofst 0xde0
kern  :info  : [  452.081752] rust_kjit: Vlabel: 0xaaaaaab253e8 -> 0x1750	len 0x970 + ofst 0xde0
kern  :info  : [  452.081753] rust_kjit: Vlabel: 0xaaaaaab253ec -> 0x1754	len 0x974 + ofst 0xde0
kern  :info  : [  452.081755] rust_kjit: Vlabel: 0xaaaaaab253f0 -> 0x1770	len 0x990 + ofst 0xde0
kern  :info  : [  452.081756] rust_kjit: Vlabel: 0xaaaaaab253f4 -> 0x1774	len 0x994 + ofst 0xde0
kern  :info  : [  452.081757] rust_kjit: Vlabel: 0xaaaaaab253f8 -> 0x1778	len 0x998 + ofst 0xde0
kern  :info  : [  452.081758] rust_kjit: Vlabel: 0xaaaaaab253fc -> 0x177c	len 0x99c + ofst 0xde0
kern  :info  : [  452.081759] rust_kjit: Vlabel: 0xaaaaaab25400 -> 0x1780	len 0x9a0 + ofst 0xde0
kern  :info  : [  452.081761] rust_kjit: Vlabel: 0xaaaaaab251b0 -> 0x17a4	len 0x9c4 + ofst 0xde0
kern  :info  : [  452.081762] rust_kjit: Vlabel: 0xaaaaaab25404 -> 0x17a8	len 0x9c8 + ofst 0xde0
kern  :info  : [  452.081764] rust_kjit: Vlabel: 0xaaaaaab25408 -> 0x17ac	len 0x9cc + ofst 0xde0
kern  :info  : [  452.081765] rust_kjit: Vlabel: 0xaaaaaab2540c -> 0x17b0	len 0x9d0 + ofst 0xde0
kern  :info  : [  452.081766] rust_kjit: Vlabel: 0xaaaaaab25410 -> 0x17b4	len 0x9d4 + ofst 0xde0
kern  :info  : [  452.081768] rust_kjit: Vlabel: 0xaaaaaab25414 -> 0x17d0	len 0x9f0 + ofst 0xde0
kern  :info  : [  452.081771] rust_kjit: Vlabel: 0xaaaaaab25418 -> 0x17f8	len 0xa18 + ofst 0xde0
kern  :info  : [  452.081772] rust_kjit: Vlabel: 0xaaaaaab2541c -> 0x17fc	len 0xa1c + ofst 0xde0
kern  :info  : [  452.081773] rust_kjit: Vlabel: 0xaaaaaab251b8 -> 0x1820	len 0xa40 + ofst 0xde0
kern  :info  : [  452.081775] rust_kjit: Vlabel: 0xaaaaaab25420 -> 0x1824	len 0xa44 + ofst 0xde0
kern  :info  : [  452.081776] rust_kjit: Vlabel: 0xaaaaaab25424 -> 0x1828	len 0xa48 + ofst 0xde0
kern  :info  : [  452.081778] rust_kjit: Vlabel: 0xaaaaaab25428 -> 0x1844	len 0xa64 + ofst 0xde0
kern  :info  : [  452.081779] rust_kjit: Vlabel: 0xaaaaaab2542c -> 0x1848	len 0xa68 + ofst 0xde0
kern  :info  : [  452.081780] rust_kjit: Vlabel: 0xaaaaaab25430 -> 0x184c	len 0xa6c + ofst 0xde0
kern  :info  : [  452.081781] rust_kjit: Vlabel: 0xaaaaaab25434 -> 0x1850	len 0xa70 + ofst 0xde0
kern  :info  : [  452.081782] rust_kjit: Vlabel: 0xaaaaaab25438 -> 0x1854	len 0xa74 + ofst 0xde0
kern  :info  : [  452.081783] rust_kjit: Vlabel: 0xaaaaaab2543c -> 0x1858	len 0xa78 + ofst 0xde0
kern  :info  : [  452.081785] rust_kjit: Vlabel: 0xaaaaaab25440 -> 0x1874	len 0xa94 + ofst 0xde0
kern  :info  : [  452.081787] rust_kjit: Vlabel: 0xaaaaaab252fc -> 0x1898	len 0xab8 + ofst 0xde0
kern  :info  : [  452.081788] rust_kjit: Vlabel: 0xaaaaaab25444 -> 0x189c	len 0xabc + ofst 0xde0
kern  :info  : [  452.081789] rust_kjit: Vlabel: 0xaaaaaab25448 -> 0x18a0	len 0xac0 + ofst 0xde0
kern  :info  : [  452.081790] rust_kjit: Vlabel: 0xaaaaaab2544c -> 0x18a4	len 0xac4 + ofst 0xde0
kern  :info  : [  452.081792] rust_kjit: Vlabel: 0xaaaaaab25450 -> 0x18a8	len 0xac8 + ofst 0xde0
kern  :info  : [  452.081793] rust_kjit: Vlabel: 0xaaaaaab25454 -> 0x18b8	len 0xad8 + ofst 0xde0
kern  :info  : [  452.081794] rust_kjit: Vlabel: 0xaaaaaab25458 -> 0x18bc	len 0xadc + ofst 0xde0
kern  :info  : [  452.081795] rust_kjit: Vlabel: 0xaaaaaab2545c -> 0x18c0	len 0xae0 + ofst 0xde0
kern  :info  : [  452.081796] rust_kjit: Vlabel: 0xaaaaaab25460 -> 0x18c4	len 0xae4 + ofst 0xde0
kern  :info  : [  452.081797] rust_kjit: Vlabel: 0xaaaaaab25464 -> 0x18c8	len 0xae8 + ofst 0xde0
kern  :info  : [  452.081798] rust_kjit: Vlabel: 0xaaaaaab25468 -> 0x18cc	len 0xaec + ofst 0xde0
kern  :info  : [  452.081799] rust_kjit: Vlabel: 0xaaaaaab2546c -> 0x18dc	len 0xafc + ofst 0xde0
kern  :info  : [  452.081800] rust_kjit: Vlabel: 0xaaaaaab25470 -> 0x18e0	len 0xb00 + ofst 0xde0
kern  :info  : [  452.081802] rust_kjit: Vlabel: 0xaaaaaab25474 -> 0x18e4	len 0xb04 + ofst 0xde0
kern  :info  : [  452.081804] rust_kjit: Vlabel: 0xaaaaaab25478 -> 0x1900	len 0xb20 + ofst 0xde0
kern  :info  : [  452.081805] rust_kjit: Vlabel: 0xaaaaaab2547c -> 0x1910	len 0xb30 + ofst 0xde0
kern  :info  : [  452.081806] rust_kjit: Vlabel: 0xaaaaaab25480 -> 0x1914	len 0xb34 + ofst 0xde0
kern  :info  : [  452.081807] rust_kjit: Vlabel: 0xaaaaaab25484 -> 0x1918	len 0xb38 + ofst 0xde0
kern  :info  : [  452.081809] rust_kjit: Vlabel: 0xaaaaaab25488 -> 0x1934	len 0xb54 + ofst 0xde0
kern  :info  : [  452.081810] rust_kjit: Vlabel: 0xaaaaaab2548c -> 0x1938	len 0xb58 + ofst 0xde0
kern  :info  : [  452.081811] rust_kjit: Vlabel: 0xaaaaaab25490 -> 0x193c	len 0xb5c + ofst 0xde0
kern  :info  : [  452.081814] rust_kjit: Vlabel: 0xaaaaaab25494 -> 0x1964	len 0xb84 + ofst 0xde0
kern  :info  : [  452.081815] rust_kjit: Vlabel: 0xaaaaaab25498 -> 0x1974	len 0xb94 + ofst 0xde0
kern  :info  : [  452.081816] rust_kjit: Vlabel: 0xaaaaaab2549c -> 0x1978	len 0xb98 + ofst 0xde0
kern  :info  : [  452.081817] rust_kjit: Vlabel: 0xaaaaaab254a0 -> 0x197c	len 0xb9c + ofst 0xde0
kern  :info  : [  452.081818] rust_kjit: Vlabel: 0xaaaaaab254a4 -> 0x1980	len 0xba0 + ofst 0xde0
kern  :info  : [  452.081819] rust_kjit: Vlabel: 0xaaaaaab254a8 -> 0x1984	len 0xba4 + ofst 0xde0
kern  :info  : [  452.081821] rust_kjit: Vlabel: 0xaaaaaab254ac -> 0x19a8	len 0xbc8 + ofst 0xde0
kern  :info  : [  452.081822] rust_kjit: Vlabel: 0xaaaaaab254b0 -> 0x19ac	len 0xbcc + ofst 0xde0
kern  :info  : [  452.081825] rust_kjit: Vlabel: 0xaaaaaab254b4 -> 0x19d4	len 0xbf4 + ofst 0xde0
kern  :info  : [  452.081826] rust_kjit: Vlabel: 0xaaaaaab254b8 -> 0x19d8	len 0xbf8 + ofst 0xde0
kern  :info  : [  452.081828] rust_kjit: Vlabel: 0xaaaaaab254bc -> 0x19f4	len 0xc14 + ofst 0xde0
kern  :info  : [  452.081829] rust_kjit: Vlabel: 0xaaaaaab254c0 -> 0x19f8	len 0xc18 + ofst 0xde0
kern  :info  : [  452.081830] rust_kjit: Vlabel: 0xaaaaaab254c4 -> 0x19fc	len 0xc1c + ofst 0xde0
kern  :info  : [  452.081832] rust_kjit: Vlabel: 0xaaaaaab254c8 -> 0x1a18	len 0xc38 + ofst 0xde0
kern  :info  : [  452.081834] rust_kjit: Vlabel: 0xaaaaaab254cc -> 0x1a1c	len 0xc3c + ofst 0xde0
kern  :info  : [  452.081836] rust_kjit: Vlabel: 0xaaaaaab254d0 -> 0x1a38	len 0xc58 + ofst 0xde0
kern  :info  : [  452.081837] rust_kjit: Vlabel: 0xaaaaaab254d4 -> 0x1a3c	len 0xc5c + ofst 0xde0
kern  :info  : [  452.081838] rust_kjit: Vlabel: 0xaaaaaab254d8 -> 0x1a40	len 0xc60 + ofst 0xde0
kern  :info  : [  452.081839] rust_kjit: Vlabel: 0xaaaaaab254dc -> 0x1a44	len 0xc64 + ofst 0xde0
kern  :info  : [  452.081840] rust_kjit: Vlabel: 0xaaaaaab254e0 -> 0x1a48	len 0xc68 + ofst 0xde0
kern  :info  : [  452.081841] rust_kjit: Vlabel: 0xaaaaaab254e4 -> 0x1a4c	len 0xc6c + ofst 0xde0
kern  :info  : [  452.081842] rust_kjit: Vlabel: 0xaaaaaab254e8 -> 0x1a50	len 0xc70 + ofst 0xde0
kern  :info  : [  452.081844] rust_kjit: Vlabel: 0xaaaaaab254ec -> 0x1a6c	len 0xc8c + ofst 0xde0
kern  :info  : [  452.081846] rust_kjit: Vlabel: 0xaaaaaab254f0 -> 0x1a70	len 0xc90 + ofst 0xde0
kern  :info  : [  452.081847] rust_kjit: Vlabel: 0xaaaaaab254f4 -> 0x1a74	len 0xc94 + ofst 0xde0
kern  :info  : [  452.081849] rust_kjit: Vlabel: 0xaaaaaab254f8 -> 0x1a98	len 0xcb8 + ofst 0xde0
kern  :info  : [  452.081850] rust_kjit: Vlabel: 0xaaaaaab254fc -> 0x1a9c	len 0xcbc + ofst 0xde0
kern  :info  : [  452.081851] rust_kjit: Vlabel: 0xaaaaaab25500 -> 0x1aa0	len 0xcc0 + ofst 0xde0
kern  :info  : [  452.081852] rust_kjit: Vlabel: 0xaaaaaab25504 -> 0x1aa4	len 0xcc4 + ofst 0xde0
kern  :info  : [  452.081855] rust_kjit: Vlabel: 0xaaaaaab25508 -> 0x1acc	len 0xcec + ofst 0xde0
kern  :info  : [  452.081856] rust_kjit: Vlabel: 0xaaaaaab2550c -> 0x1ad0	len 0xcf0 + ofst 0xde0
kern  :info  : [  452.081859] rust_kjit: Vlabel: 0xaaaaaab25510 -> 0x1af8	len 0xd18 + ofst 0xde0
kern  :info  : [  452.081860] rust_kjit: Vlabel: 0xaaaaaab25514 -> 0x1afc	len 0xd1c + ofst 0xde0
kern  :info  : [  452.081862] rust_kjit: Vlabel: 0xaaaaaab25518 -> 0x1b24	len 0xd44 + ofst 0xde0
kern  :info  : [  452.081864] rust_kjit: Vlabel: 0xaaaaaab254ac -> 0x1b4c	len 0xd6c + ofst 0xde0
kern  :info  : [  452.081865] rust_kjit: Vlabel: 0xaaaaaab2551c -> 0x1b50	len 0xd70 + ofst 0xde0
kern  :info  : [  452.081866] rust_kjit: Vlabel: 0xaaaaaab25520 -> 0x1b54	len 0xd74 + ofst 0xde0
kern  :info  : [  452.081868] rust_kjit: Vlabel: 0xaaaaaab25524 -> 0x1b70	len 0xd90 + ofst 0xde0
kern  :info  : [  452.081869] rust_kjit: Vlabel: 0xaaaaaab25528 -> 0x1b74	len 0xd94 + ofst 0xde0
kern  :info  : [  452.081871] rust_kjit: Vlabel: 0xaaaaaab254ac -> 0x1b9c	len 0xdbc + ofst 0xde0
kern  :info  : [  452.081872] rust_kjit: Vlabel: 0xaaaaaab2552c -> 0x1ba0	len 0xdc0 + ofst 0xde0
kern  :info  : [  452.081874] rust_kjit: Vlabel: 0xaaaaaab25530 -> 0x1ba4	len 0xdc4 + ofst 0xde0
kern  :info  : [  452.081875] rust_kjit: Vlabel: 0xaaaaaab25534 -> 0x1ba8	len 0xdc8 + ofst 0xde0
kern  :info  : [  452.081877] rust_kjit: Vlabel: 0xaaaaaab25538 -> 0x1bc4	len 0xde4 + ofst 0xde0
kern  :info  : [  452.081878] rust_kjit: Vlabel: 0xaaaaaab2553c -> 0x1bc8	len 0xde8 + ofst 0xde0
kern  :info  : [  452.081880] rust_kjit: Vlabel: 0xaaaaaab25540 -> 0x1be4	len 0xe04 + ofst 0xde0
kern  :info  : [  452.081881] rust_kjit: Vlabel: 0xaaaaaab25544 -> 0x1be8	len 0xe08 + ofst 0xde0
kern  :info  : [  452.081882] rust_kjit: Vlabel: 0xaaaaaab25548 -> 0x1bec	len 0xe0c + ofst 0xde0
kern  :info  : [  452.081884] rust_kjit: Vlabel: 0xaaaaaab2554c -> 0x1bf0	len 0xe10 + ofst 0xde0
kern  :info  : [  452.081886] rust_kjit: Vlabel: 0xaaaaaab25550 -> 0x1c0c	len 0xe2c + ofst 0xde0
kern  :info  : [  452.081887] rust_kjit: Vlabel: 0xaaaaaab25554 -> 0x1c10	len 0xe30 + ofst 0xde0
kern  :info  : [  452.081888] rust_kjit: Vlabel: 0xaaaaaab25558 -> 0x1c14	len 0xe34 + ofst 0xde0
kern  :info  : [  452.081889] rust_kjit: Vlabel: 0xaaaaaab2555c -> 0x1c18	len 0xe38 + ofst 0xde0
kern  :info  : [  452.081891] rust_kjit: Vlabel: 0xaaaaaab25560 -> 0x1c34	len 0xe54 + ofst 0xde0
kern  :info  : [  452.081894] rust_kjit: Vlabel: 0xaaaaaab25564 -> 0x1c5c	len 0xe7c + ofst 0xde0
kern  :info  : [  452.081895] rust_kjit: Vlabel: 0xaaaaaab25568 -> 0x1c60	len 0xe80 + ofst 0xde0
kern  :info  : [  452.081897] rust_kjit: Vlabel: 0xaaaaaab2556c -> 0x1c7c	len 0xe9c + ofst 0xde0
kern  :info  : [  452.081898] rust_kjit: Vlabel: 0xaaaaaab25570 -> 0x1c8c	len 0xeac + ofst 0xde0
kern  :info  : [  452.081899] rust_kjit: Vlabel: 0xaaaaaab25574 -> 0x1c90	len 0xeb0 + ofst 0xde0
kern  :info  : [  452.081900] rust_kjit: Vlabel: 0xaaaaaab25578 -> 0x1c94	len 0xeb4 + ofst 0xde0
kern  :info  : [  452.081901] rust_kjit: Vlabel: 0xaaaaaab2557c -> 0x1c98	len 0xeb8 + ofst 0xde0
kern  :info  : [  452.081903] rust_kjit: Vlabel: 0xaaaaaab25580 -> 0x1cb4	len 0xed4 + ofst 0xde0
kern  :info  : [  452.081905] rust_kjit: Vlabel: 0xaaaaaab25584 -> 0x1cb8	len 0xed8 + ofst 0xde0
kern  :info  : [  452.081906] rust_kjit: Vlabel: 0xaaaaaab25588 -> 0x1cbc	len 0xedc + ofst 0xde0
kern  :info  : [  452.081908] rust_kjit: Vlabel: 0xaaaaaab2558c -> 0x1cd8	len 0xef8 + ofst 0xde0
kern  :info  : [  452.081909] rust_kjit: Vlabel: 0xaaaaaab25590 -> 0x1cdc	len 0xefc + ofst 0xde0
kern  :info  : [  452.081911] rust_kjit: Vlabel: 0xaaaaaab25594 -> 0x1ce0	len 0xf00 + ofst 0xde0
kern  :info  : [  452.081913] rust_kjit: Vlabel: 0xaaaaaab25598 -> 0x1cfc	len 0xf1c + ofst 0xde0
kern  :info  : [  452.081914] rust_kjit: Vlabel: 0xaaaaaab2559c -> 0x1d00	len 0xf20 + ofst 0xde0
kern  :info  : [  452.081915] rust_kjit: Vlabel: 0xaaaaaab255a0 -> 0x1d04	len 0xf24 + ofst 0xde0
kern  :info  : [  452.081916] rust_kjit: Vlabel: 0xaaaaaab255a4 -> 0x1d08	len 0xf28 + ofst 0xde0
kern  :info  : [  452.081918] rust_kjit: Vlabel: 0xaaaaaab255a8 -> 0x1d18	len 0xf38 + ofst 0xde0
kern  :info  : [  452.081919] rust_kjit: Vlabel: 0xaaaaaab255ac -> 0x1d1c	len 0xf3c + ofst 0xde0
kern  :info  : [  452.081921] rust_kjit: Vlabel: 0xaaaaaab255b0 -> 0x1d38	len 0xf58 + ofst 0xde0
kern  :info  : [  452.081922] rust_kjit: Vlabel: 0xaaaaaab255b4 -> 0x1d3c	len 0xf5c + ofst 0xde0
kern  :info  : [  452.081924] rust_kjit: Vlabel: 0xaaaaaab25530 -> 0x1d64	len 0xf84 + ofst 0xde0
kern  :info  : [  452.081925] rust_kjit: Vlabel: 0xaaaaaab255b8 -> 0x1d68	len 0xf88 + ofst 0xde0
kern  :info  : [  452.081926] rust_kjit: Vlabel: 0xaaaaaab255bc -> 0x1d6c	len 0xf8c + ofst 0xde0
kern  :info  : [  452.081927] rust_kjit: Vlabel: 0xaaaaaab255c0 -> 0x1d70	len 0xf90 + ofst 0xde0
kern  :info  : [  452.081930] rust_kjit: Vlabel: 0xaaaaaab255c4 -> 0x1d94	len 0xfb4 + ofst 0xde0
kern  :info  : [  452.081931] rust_kjit: Vlabel: 0xaaaaaab255c8 -> 0x1d98	len 0xfb8 + ofst 0xde0
kern  :info  : [  452.081934] rust_kjit: Vlabel: 0xaaaaaab255cc -> 0x1dbc	len 0xfdc + ofst 0xde0
kern  :info  : [  452.081935] rust_kjit: Vlabel: 0xaaaaaab255d0 -> 0x1dc0	len 0xfe0 + ofst 0xde0
kern  :info  : [  452.081936] rust_kjit: Vlabel: 0xaaaaaab255d4 -> 0x1dc4	len 0xfe4 + ofst 0xde0
kern  :info  : [  452.081942] rust_kjit: Vlabel: 0xaaaaaab255d8 -> 0x1dec	len 0x100c + ofst 0xde0
kern  :info  : [  452.081943] rust_kjit: Vlabel: 0xaaaaaab255dc -> 0x1dfc	len 0x101c + ofst 0xde0
kern  :info  : [  452.081944] rust_kjit: Vlabel: 0xaaaaaab255e0 -> 0x1e00	len 0x1020 + ofst 0xde0
kern  :info  : [  452.081945] rust_kjit: Vlabel: 0xaaaaaab255e4 -> 0x1e04	len 0x1024 + ofst 0xde0
kern  :info  : [  452.081947] rust_kjit: Vlabel: 0xaaaaaab255e8 -> 0x1e14	len 0x1034 + ofst 0xde0
kern  :info  : [  452.081948] rust_kjit: Vlabel: 0xaaaaaab255ec -> 0x1e18	len 0x1038 + ofst 0xde0
kern  :info  : [  452.081949] rust_kjit: Vlabel: 0xaaaaaab255f0 -> 0x1e1c	len 0x103c + ofst 0xde0
kern  :info  : [  452.081951] rust_kjit: Vlabel: 0xaaaaaab255f4 -> 0x1e20	len 0x1040 + ofst 0xde0
kern  :info  : [  452.081952] rust_kjit: Vlabel: 0xaaaaaab255f8 -> 0x1e24	len 0x1044 + ofst 0xde0
kern  :info  : [  452.081953] rust_kjit: Vlabel: 0xaaaaaab255fc -> 0x1e28	len 0x1048 + ofst 0xde0
kern  :info  : [  452.081954] rust_kjit: Vlabel: 0xaaaaaab25600 -> 0x1e2c	len 0x104c + ofst 0xde0
kern  :info  : [  452.081957] rust_kjit: Vlabel: 0xaaaaaab25604 -> 0x1e50	len 0x1070 + ofst 0xde0
kern  :info  : [  452.081958] rust_kjit: Vlabel: 0xaaaaaab25608 -> 0x1e54	len 0x1074 + ofst 0xde0
kern  :info  : [  452.081959] rust_kjit: Vlabel: 0xaaaaaab2560c -> 0x1e58	len 0x1078 + ofst 0xde0
kern  :info  : [  452.081961] rust_kjit: Vlabel: 0xaaaaaab25610 -> 0x1e7c	len 0x109c + ofst 0xde0
kern  :info  : [  452.081963] rust_kjit: Vlabel: 0xaaaaaab25614 -> 0x1e80	len 0x10a0 + ofst 0xde0
kern  :info  : [  452.081964] rust_kjit: Vlabel: 0xaaaaaab25618 -> 0x1e84	len 0x10a4 + ofst 0xde0
kern  :info  : [  452.081965] rust_kjit: Vlabel: 0xaaaaaab2561c -> 0x1e88	len 0x10a8 + ofst 0xde0
kern  :info  : [  452.081966] rust_kjit: Vlabel: 0xaaaaaab25620 -> 0x1e8c	len 0x10ac + ofst 0xde0
kern  :info  : [  452.081967] rust_kjit: Vlabel: 0xaaaaaab25624 -> 0x1e90	len 0x10b0 + ofst 0xde0
kern  :info  : [  452.081968] rust_kjit: Vlabel: 0xaaaaaab25628 -> 0x1e94	len 0x10b4 + ofst 0xde0
kern  :info  : [  452.081970] rust_kjit: Vlabel: 0xaaaaaab2562c -> 0x1e98	len 0x10b8 + ofst 0xde0
kern  :info  : [  452.081971] rust_kjit: Vlabel: 0xaaaaaab25630 -> 0x1e9c	len 0x10bc + ofst 0xde0
kern  :info  : [  452.081973] rust_kjit: Vlabel: 0xaaaaaab25634 -> 0x1ec0	len 0x10e0 + ofst 0xde0
kern  :info  : [  452.081974] rust_kjit: Vlabel: 0xaaaaaab25638 -> 0x1ec4	len 0x10e4 + ofst 0xde0
kern  :info  : [  452.081976] rust_kjit: Vlabel: 0xaaaaaab2563c -> 0x1ec8	len 0x10e8 + ofst 0xde0
kern  :info  : [  452.081978] rust_kjit: Vlabel: 0xaaaaaab25640 -> 0x1eec	len 0x110c + ofst 0xde0
kern  :info  : [  452.081979] rust_kjit: Vlabel: 0xaaaaaab25644 -> 0x1ef0	len 0x1110 + ofst 0xde0
kern  :info  : [  452.081981] rust_kjit: Vlabel: 0xaaaaaab25648 -> 0x1ef4	len 0x1114 + ofst 0xde0
kern  :info  : [  452.081982] rust_kjit: Vlabel: 0xaaaaaab2564c -> 0x1ef8	len 0x1118 + ofst 0xde0
kern  :info  : [  452.081984] rust_kjit: Vlabel: 0xaaaaaab25650 -> 0x1f20	len 0x1140 + ofst 0xde0
kern  :info  : [  452.081986] rust_kjit: Vlabel: 0xaaaaaab25654 -> 0x1f24	len 0x1144 + ofst 0xde0
kern  :info  : [  452.081987] rust_kjit: Vlabel: 0xaaaaaab25658 -> 0x1f28	len 0x1148 + ofst 0xde0
kern  :info  : [  452.081988] rust_kjit: Vlabel: 0xaaaaaab2565c -> 0x1f2c	len 0x114c + ofst 0xde0
kern  :info  : [  452.081990] rust_kjit: Vlabel: 0xaaaaaab25660 -> 0x1f48	len 0x1168 + ofst 0xde0
kern  :info  : [  452.081991] rust_kjit: Vlabel: 0xaaaaaab25664 -> 0x1f4c	len 0x116c + ofst 0xde0
kern  :info  : [  452.081993] rust_kjit: Vlabel: 0xaaaaaab25668 -> 0x1f50	len 0x1170 + ofst 0xde0
kern  :info  : [  452.081994] rust_kjit: Vlabel: 0xaaaaaab2566c -> 0x1f54	len 0x1174 + ofst 0xde0
kern  :info  : [  452.081996] rust_kjit: Vlabel: 0xaaaaaab25670 -> 0x1f70	len 0x1190 + ofst 0xde0
kern  :info  : [  452.081997] rust_kjit: Vlabel: 0xaaaaaab25674 -> 0x1f74	len 0x1194 + ofst 0xde0
kern  :info  : [  452.081998] rust_kjit: Vlabel: 0xaaaaaab25678 -> 0x1f78	len 0x1198 + ofst 0xde0
kern  :info  : [  452.081999] rust_kjit: Vlabel: 0xaaaaaab2567c -> 0x1f7c	len 0x119c + ofst 0xde0
kern  :info  : [  452.082001] rust_kjit: Vlabel: 0xaaaaaab25680 -> 0x1f80	len 0x11a0 + ofst 0xde0
kern  :info  : [  452.082003] rust_kjit: Vlabel: 0xaaaaaab25684 -> 0x1f9c	len 0x11bc + ofst 0xde0
kern  :info  : [  452.082004] rust_kjit: Vlabel: 0xaaaaaab25688 -> 0x1fa0	len 0x11c0 + ofst 0xde0
kern  :info  : [  452.082005] rust_kjit: Vlabel: 0xaaaaaab2568c -> 0x1fa4	len 0x11c4 + ofst 0xde0
kern  :info  : [  452.082006] rust_kjit: Vlabel: 0xaaaaaab25690 -> 0x1fa8	len 0x11c8 + ofst 0xde0
kern  :info  : [  452.082009] rust_kjit: Vlabel: 0xaaaaaab25694 -> 0x1fd0	len 0x11f0 + ofst 0xde0
kern  :info  : [  452.082012] rust_kjit: Vlabel: 0xaaaaaab25698 -> 0x1ff8	len 0x1218 + ofst 0xde0
kern  :info  : [  452.082013] rust_kjit: Vlabel: 0xaaaaaab2569c -> 0x1ffc	len 0x121c + ofst 0xde0
kern  :info  : [  452.082014] rust_kjit: Vlabel: 0xaaaaaab256a0 -> 0x2000	len 0x1220 + ofst 0xde0
kern  :info  : [  452.082015] rust_kjit: Vlabel: 0xaaaaaab256a4 -> 0x2004	len 0x1224 + ofst 0xde0
kern  :info  : [  452.082018] rust_kjit: Vlabel: 0xaaaaaab256a8 -> 0x2028	len 0x1248 + ofst 0xde0
kern  :info  : [  452.082019] rust_kjit: Vlabel: 0xaaaaaab256ac -> 0x202c	len 0x124c + ofst 0xde0
kern  :info  : [  452.082020] rust_kjit: Vlabel: 0xaaaaaab256b0 -> 0x2030	len 0x1250 + ofst 0xde0
kern  :info  : [  452.082022] rust_kjit: Vlabel: 0xaaaaaab256b4 -> 0x2034	len 0x1254 + ofst 0xde0
kern  :info  : [  452.082023] rust_kjit: Vlabel: 0xaaaaaab256b8 -> 0x2038	len 0x1258 + ofst 0xde0
kern  :info  : [  452.082024] rust_kjit: Vlabel: 0xaaaaaab256bc -> 0x203c	len 0x125c + ofst 0xde0
kern  :info  : [  452.082025] rust_kjit: Vlabel: 0xaaaaaab256c0 -> 0x2040	len 0x1260 + ofst 0xde0
kern  :info  : [  452.082026] rust_kjit: Vlabel: 0xaaaaaab256c4 -> 0x2044	len 0x1264 + ofst 0xde0
kern  :info  : [  452.082028] rust_kjit: Vlabel: 0xaaaaaab256cc -> 0x2054	len 0x1274 + ofst 0xde0
kern  :info  : [  452.082030] rust_kjit: Vlabel: 0xaaaaaab256d0 -> 0x2058	len 0x1278 + ofst 0xde0
kern  :info  : [  452.082032] rust_kjit: Vlabel: 0xaaaaaab256d4 -> 0x207c	len 0x129c + ofst 0xde0
kern  :info  : [  452.082033] rust_kjit: Vlabel: 0xaaaaaab256d8 -> 0x2080	len 0x12a0 + ofst 0xde0
kern  :info  : [  452.082035] rust_kjit: Vlabel: 0xaaaaaab256dc -> 0x2084	len 0x12a4 + ofst 0xde0
kern  :info  : [  452.082037] rust_kjit: Vlabel: 0xaaaaaab256e0 -> 0x20ac	len 0x12cc + ofst 0xde0
kern  :info  : [  452.082039] rust_kjit: Vlabel: 0xaaaaaab256e4 -> 0x20b0	len 0x12d0 + ofst 0xde0
kern  :info  : [  452.082041] rust_kjit: Vlabel: 0xaaaaaab256e8 -> 0x20d4	len 0x12f4 + ofst 0xde0
kern  :info  : [  452.082043] rust_kjit: Vlabel: 0xaaaaaab256ec -> 0x20d8	len 0x12f8 + ofst 0xde0
kern  :info  : [  452.082044] rust_kjit: Vlabel: 0xaaaaaab256f0 -> 0x20dc	len 0x12fc + ofst 0xde0
kern  :info  : [  452.082045] rust_kjit: Vlabel: 0xaaaaaab256f4 -> 0x20e0	len 0x1300 + ofst 0xde0
kern  :info  : [  452.082047] rust_kjit: Vlabel: 0xaaaaaab256f8 -> 0x20e4	len 0x1304 + ofst 0xde0
kern  :info  : [  452.082048] rust_kjit: Vlabel: 0xaaaaaab256fc -> 0x20e8	len 0x1308 + ofst 0xde0
kern  :info  : [  452.082049] rust_kjit: Vlabel: 0xaaaaaab25700 -> 0x20ec	len 0x130c + ofst 0xde0
kern  :info  : [  452.082050] rust_kjit: Vlabel: 0xaaaaaab25704 -> 0x20f0	len 0x1310 + ofst 0xde0
kern  :info  : [  452.082051] rust_kjit: Vlabel: 0xaaaaaab25708 -> 0x20f4	len 0x1314 + ofst 0xde0
kern  :info  : [  452.082053] rust_kjit: Vlabel: 0xaaaaaab256f0 -> 0x2118	len 0x1338 + ofst 0xde0
kern  :info  : [  452.082055] rust_kjit: Vlabel: 0xaaaaaab2570c -> 0x211c	len 0x133c + ofst 0xde0
kern  :info  : [  452.082056] rust_kjit: Vlabel: 0xaaaaaab25710 -> 0x2120	len 0x1340 + ofst 0xde0
kern  :info  : [  452.082057] rust_kjit: Vlabel: 0xaaaaaab25714 -> 0x2124	len 0x1344 + ofst 0xde0
kern  :info  : [  452.082058] rust_kjit: Vlabel: 0xaaaaaab25718 -> 0x2128	len 0x1348 + ofst 0xde0
kern  :info  : [  452.082060] rust_kjit: Vlabel: 0xaaaaaab255f0 -> 0x214c	len 0x136c + ofst 0xde0
kern  :info  : [  452.082061] rust_kjit: Vlabel: 0xaaaaaab2571c -> 0x2150	len 0x1370 + ofst 0xde0
kern  :info  : [  452.082063] rust_kjit: Vlabel: 0xaaaaaab25720 -> 0x216c	len 0x138c + ofst 0xde0
kern  :info  : [  452.082065] rust_kjit: Vlabel: 0xaaaaaab25724 -> 0x2170	len 0x1390 + ofst 0xde0
kern  :info  : [  452.082067] rust_kjit: Vlabel: 0xaaaaaab25728 -> 0x218c	len 0x13ac + ofst 0xde0
kern  :info  : [  452.082068] rust_kjit: Vlabel: 0xaaaaaab2572c -> 0x2190	len 0x13b0 + ofst 0xde0
kern  :info  : [  452.082070] rust_kjit: Vlabel: 0xaaaaaab25730 -> 0x21ac	len 0x13cc + ofst 0xde0
kern  :info  : [  452.082072] rust_kjit: Vlabel: 0xaaaaaab25734 -> 0x21b0	len 0x13d0 + ofst 0xde0
kern  :info  : [  452.082073] rust_kjit: Vlabel: 0xaaaaaab25738 -> 0x21b4	len 0x13d4 + ofst 0xde0
kern  :info  : [  452.082074] rust_kjit: Vlabel: 0xaaaaaab2573c -> 0x21b8	len 0x13d8 + ofst 0xde0
kern  :info  : [  452.082076] rust_kjit: Vlabel: 0xaaaaaab25740 -> 0x21d4	len 0x13f4 + ofst 0xde0
kern  :info  : [  452.082077] rust_kjit: Vlabel: 0xaaaaaab25744 -> 0x21d8	len 0x13f8 + ofst 0xde0
kern  :info  : [  452.082079] rust_kjit: Vlabel: 0xaaaaaab25748 -> 0x21dc	len 0x13fc + ofst 0xde0
kern  :info  : [  452.082080] rust_kjit: Vlabel: 0xaaaaaab2574c -> 0x21e0	len 0x1400 + ofst 0xde0
kern  :info  : [  452.082082] rust_kjit: Vlabel: 0xaaaaaab25750 -> 0x21fc	len 0x141c + ofst 0xde0
kern  :info  : [  452.082085] rust_kjit: Vlabel: 0xaaaaaab25754 -> 0x2224	len 0x1444 + ofst 0xde0
kern  :info  : [  452.082086] rust_kjit: Vlabel: 0xaaaaaab25758 -> 0x2234	len 0x1454 + ofst 0xde0
kern  :info  : [  452.082088] rust_kjit: Vlabel: 0xaaaaaab2575c -> 0x2238	len 0x1458 + ofst 0xde0
kern  :info  : [  452.082089] rust_kjit: Vlabel: 0xaaaaaab25760 -> 0x223c	len 0x145c + ofst 0xde0
kern  :info  : [  452.082090] rust_kjit: Vlabel: 0xaaaaaab25764 -> 0x2240	len 0x1460 + ofst 0xde0
kern  :info  : [  452.082091] rust_kjit: Vlabel: 0xaaaaaab25768 -> 0x2244	len 0x1464 + ofst 0xde0
kern  :info  : [  452.082092] rust_kjit: Vlabel: 0xaaaaaab2576c -> 0x2248	len 0x1468 + ofst 0xde0
kern  :info  : [  452.082094] rust_kjit: Vlabel: 0xaaaaaab251b8 -> 0x226c	len 0x148c + ofst 0xde0
kern  :info  : [  452.082095] rust_kjit: Vlabel: 0xaaaaaab25770 -> 0x2270	len 0x1490 + ofst 0xde0
kern  :info  : [  452.082097] rust_kjit: Vlabel: 0xaaaaaab25774 -> 0x2274	len 0x1494 + ofst 0xde0
kern  :info  : [  452.082098] rust_kjit: Vlabel: 0xaaaaaab25778 -> 0x2278	len 0x1498 + ofst 0xde0
kern  :info  : [  452.082100] rust_kjit: Vlabel: 0xaaaaaab2577c -> 0x2294	len 0x14b4 + ofst 0xde0
kern  :info  : [  452.082101] rust_kjit: Vlabel: 0xaaaaaab25780 -> 0x2298	len 0x14b8 + ofst 0xde0
kern  :info  : [  452.082103] rust_kjit: Vlabel: 0xaaaaaab25784 -> 0x229c	len 0x14bc + ofst 0xde0
kern  :info  : [  452.082105] rust_kjit: Vlabel: 0xaaaaaab256e0 -> 0x22c0	len 0x14e0 + ofst 0xde0
kern  :info  : [  452.082106] rust_kjit: Vlabel: 0xaaaaaab25788 -> 0x22c4	len 0x14e4 + ofst 0xde0
kern  :info  : [  452.082107] rust_kjit: Vlabel: 0xaaaaaab2578c -> 0x22c8	len 0x14e8 + ofst 0xde0
kern  :info  : [  452.082108] rust_kjit: Vlabel: 0xaaaaaab25790 -> 0x22cc	len 0x14ec + ofst 0xde0
kern  :info  : [  452.082111] rust_kjit: Vlabel: 0xaaaaaab25794 -> 0x22e8	len 0x1508 + ofst 0xde0
kern  :info  : [  452.082112] rust_kjit: Vlabel: 0xaaaaaab25798 -> 0x22ec	len 0x150c + ofst 0xde0
kern  :info  : [  452.082113] rust_kjit: Vlabel: 0xaaaaaab2579c -> 0x22f0	len 0x1510 + ofst 0xde0
kern  :info  : [  452.082114] rust_kjit: Vlabel: 0xaaaaaab257a0 -> 0x22f4	len 0x1514 + ofst 0xde0
kern  :info  : [  452.082116] rust_kjit: Vlabel: 0xaaaaaab257a4 -> 0x22f8	len 0x1518 + ofst 0xde0
kern  :info  : [  452.082117] rust_kjit: Vlabel: 0xaaaaaab257a8 -> 0x22fc	len 0x151c + ofst 0xde0
kern  :info  : [  452.082118] rust_kjit: Vlabel: 0xaaaaaab257ac -> 0x2300	len 0x1520 + ofst 0xde0
kern  :info  : [  452.082120] rust_kjit: Vlabel: 0xaaaaaab257b0 -> 0x2304	len 0x1524 + ofst 0xde0
kern  :info  : [  452.082121] rust_kjit: Vlabel: 0xaaaaaab25108 -> 0x2328	len 0x1548 + ofst 0xde0
kern  :info  : [  452.082122] rust_kjit: Vlabel: 0xaaaaaab257b4 -> 0x232c	len 0x154c + ofst 0xde0
kern  :info  : [  452.082124] rust_kjit: Vlabel: 0xaaaaaab257b8 -> 0x2330	len 0x1550 + ofst 0xde0
kern  :info  : [  452.082125] rust_kjit: Vlabel: 0xaaaaaab257bc -> 0x2334	len 0x1554 + ofst 0xde0
kern  :info  : [  452.082126] rust_kjit: Vlabel: 0xaaaaaab257c0 -> 0x2338	len 0x1558 + ofst 0xde0
kern  :info  : [  452.082128] rust_kjit: Vlabel: 0xaaaaaab257c4 -> 0x2348	len 0x1568 + ofst 0xde0
kern  :info  : [  452.082129] rust_kjit: Vlabel: 0xaaaaaab257c8 -> 0x234c	len 0x156c + ofst 0xde0
kern  :info  : [  452.082130] rust_kjit: Vlabel: 0xaaaaaab257cc -> 0x2350	len 0x1570 + ofst 0xde0
kern  :info  : [  452.082132] rust_kjit: Vlabel: 0xaaaaaab257d0 -> 0x236c	len 0x158c + ofst 0xde0
kern  :info  : [  452.082134] rust_kjit: Vlabel: 0xaaaaaab257d4 -> 0x2370	len 0x1590 + ofst 0xde0
kern  :info  : [  452.082135] rust_kjit: Vlabel: 0xaaaaaab257d8 -> 0x2380	len 0x15a0 + ofst 0xde0
kern  :info  : [  452.082136] rust_kjit: Vlabel: 0xaaaaaab257dc -> 0x2390	len 0x15b0 + ofst 0xde0
kern  :info  : [  452.082138] rust_kjit: Vlabel: 0xaaaaaab257e0 -> 0x2394	len 0x15b4 + ofst 0xde0
kern  :info  : [  452.082139] rust_kjit: Vlabel: 0xaaaaaab257e4 -> 0x2398	len 0x15b8 + ofst 0xde0
kern  :info  : [  452.082140] rust_kjit: Vlabel: 0xaaaaaab257e8 -> 0x23a8	len 0x15c8 + ofst 0xde0
kern  :info  : [  452.082142] rust_kjit: Vlabel: 0xaaaaaab257ec -> 0x23ac	len 0x15cc + ofst 0xde0
kern  :info  : [  452.082143] rust_kjit: Vlabel: 0xaaaaaab257f0 -> 0x23b0	len 0x15d0 + ofst 0xde0
kern  :info  : [  452.082144] rust_kjit: Vlabel: 0xaaaaaab257f4 -> 0x23b4	len 0x15d4 + ofst 0xde0
kern  :info  : [  452.082147] rust_kjit: Vlabel: 0xaaaaaab257f8 -> 0x23d0	len 0x15f0 + ofst 0xde0
kern  :info  : [  452.082148] rust_kjit: Vlabel: 0xaaaaaab257fc -> 0x23d4	len 0x15f4 + ofst 0xde0
kern  :info  : [  452.082150] rust_kjit: Vlabel: 0xaaaaaab25800 -> 0x23f0	len 0x1610 + ofst 0xde0
kern  :info  : [  452.082152] rust_kjit: Vlabel: 0xaaaaaab25804 -> 0x23f4	len 0x1614 + ofst 0xde0
kern  :info  : [  452.082154] rust_kjit: Vlabel: 0xaaaaaab25808 -> 0x2410	len 0x1630 + ofst 0xde0
kern  :info  : [  452.082155] rust_kjit: Vlabel: 0xaaaaaab2580c -> 0x2420	len 0x1640 + ofst 0xde0
kern  :info  : [  452.082157] rust_kjit: Vlabel: 0xaaaaaab25810 -> 0x2424	len 0x1644 + ofst 0xde0
kern  :info  : [  452.082158] rust_kjit: Vlabel: 0xaaaaaab25814 -> 0x2428	len 0x1648 + ofst 0xde0
kern  :info  : [  452.082159] rust_kjit: Vlabel: 0xaaaaaab25818 -> 0x242c	len 0x164c + ofst 0xde0
kern  :info  : [  452.082161] rust_kjit: Vlabel: 0xaaaaaab2581c -> 0x2448	len 0x1668 + ofst 0xde0
kern  :info  : [  452.082163] rust_kjit: Vlabel: 0xaaaaaab25820 -> 0x244c	len 0x166c + ofst 0xde0
kern  :info  : [  452.082164] rust_kjit: Vlabel: 0xaaaaaab25824 -> 0x2450	len 0x1670 + ofst 0xde0
kern  :info  : [  452.082166] rust_kjit: Vlabel: 0xaaaaaab25828 -> 0x246c	len 0x168c + ofst 0xde0
kern  :info  : [  452.082167] rust_kjit: Vlabel: 0xaaaaaab2582c -> 0x2470	len 0x1690 + ofst 0xde0
kern  :info  : [  452.082169] rust_kjit: Vlabel: 0xaaaaaab25830 -> 0x2474	len 0x1694 + ofst 0xde0
kern  :info  : [  452.082170] rust_kjit: Vlabel: 0xaaaaaab25834 -> 0x2478	len 0x1698 + ofst 0xde0
kern  :info  : [  452.082171] rust_kjit: Vlabel: 0xaaaaaab251b8 -> 0x249c	len 0x16bc + ofst 0xde0
kern  :info  : [  452.082173] rust_kjit: Vlabel: 0xaaaaaab25838 -> 0x24a0	len 0x16c0 + ofst 0xde0
kern  :info  : [  452.082174] rust_kjit: Vlabel: 0xaaaaaab2583c -> 0x24a4	len 0x16c4 + ofst 0xde0
kern  :info  : [  452.082176] rust_kjit: Vlabel: 0xaaaaaab25840 -> 0x24c0	len 0x16e0 + ofst 0xde0
kern  :info  : [  452.082178] rust_kjit: Vlabel: 0xaaaaaab2536c -> 0x24e4	len 0x1704 + ofst 0xde0
kern  :info  : [  452.082179] rust_kjit: Vlabel: 0xaaaaaab25844 -> 0x24e8	len 0x1708 + ofst 0xde0
kern  :info  : [  452.082181] rust_kjit: Vlabel: 0xaaaaaab25848 -> 0x24ec	len 0x170c + ofst 0xde0
kern  :info  : [  452.082183] rust_kjit: Vlabel: 0xaaaaaab2584c -> 0x2508	len 0x1728 + ofst 0xde0
kern  :info  : [  452.082184] rust_kjit: Vlabel: 0xaaaaaab25338 -> 0x252c	len 0x174c + ofst 0xde0
kern  :info  : [  452.082186] rust_kjit: Vlabel: 0xaaaaaab25850 -> 0x2530	len 0x1750 + ofst 0xde0
kern  :info  : [  452.082187] rust_kjit: Vlabel: 0xaaaaaab25854 -> 0x2534	len 0x1754 + ofst 0xde0
kern  :info  : [  452.082188] rust_kjit: Vlabel: 0xaaaaaab25858 -> 0x2538	len 0x1758 + ofst 0xde0
kern  :info  : [  452.082190] rust_kjit: Vlabel: 0xaaaaaab2585c -> 0x2548	len 0x1768 + ofst 0xde0
kern  :info  : [  452.082191] rust_kjit: Vlabel: 0xaaaaaab25860 -> 0x2558	len 0x1778 + ofst 0xde0
kern  :info  : [  452.082192] rust_kjit: Vlabel: 0xaaaaaab25864 -> 0x255c	len 0x177c + ofst 0xde0
kern  :info  : [  452.082193] rust_kjit: Vlabel: 0xaaaaaab25868 -> 0x2560	len 0x1780 + ofst 0xde0
kern  :info  : [  452.082195] rust_kjit: Vlabel: 0xaaaaaab2586c -> 0x2564	len 0x1784 + ofst 0xde0
kern  :info  : [  452.082196] rust_kjit: Vlabel: 0xaaaaaab25870 -> 0x2568	len 0x1788 + ofst 0xde0
kern  :info  : [  452.082198] rust_kjit: Vlabel: 0xaaaaaab25874 -> 0x2584	len 0x17a4 + ofst 0xde0
kern  :info  : [  452.082199] rust_kjit: Vlabel: 0xaaaaaab25878 -> 0x2588	len 0x17a8 + ofst 0xde0
kern  :info  : [  452.082201] rust_kjit: Vlabel: 0xaaaaaab25530 -> 0x25b0	len 0x17d0 + ofst 0xde0
kern  :info  : [  452.082203] rust_kjit: Vlabel: 0xaaaaaab2587c -> 0x25b4	len 0x17d4 + ofst 0xde0
kern  :info  : [  452.082204] rust_kjit: Vlabel: 0xaaaaaab25880 -> 0x25b8	len 0x17d8 + ofst 0xde0
kern  :info  : [  452.082205] rust_kjit: Vlabel: 0xaaaaaab25884 -> 0x25bc	len 0x17dc + ofst 0xde0
kern  :info  : [  452.082206] rust_kjit: Vlabel: 0xaaaaaab25888 -> 0x25c0	len 0x17e0 + ofst 0xde0
kern  :info  : [  452.082210] rust_kjit: Vlabel: 0xaaaaaab2588c -> 0x25e4	len 0x1804 + ofst 0xde0
kern  :info  : [  452.082211] rust_kjit: Vlabel: 0xaaaaaab25890 -> 0x25f4	len 0x1814 + ofst 0xde0
kern  :info  : [  452.082213] rust_kjit: Vlabel: 0xaaaaaab25894 -> 0x25f8	len 0x1818 + ofst 0xde0
kern  :info  : [  452.082214] rust_kjit: Vlabel: 0xaaaaaab25898 -> 0x25fc	len 0x181c + ofst 0xde0
kern  :info  : [  452.082216] rust_kjit: Vlabel: 0xaaaaaab2589c -> 0x2600	len 0x1820 + ofst 0xde0
kern  :info  : [  452.082217] rust_kjit: Vlabel: 0xaaaaaab258a0 -> 0x2610	len 0x1830 + ofst 0xde0
kern  :info  : [  452.082218] rust_kjit: Vlabel: 0xaaaaaab258a4 -> 0x2614	len 0x1834 + ofst 0xde0
kern  :info  : [  452.082220] rust_kjit: Vlabel: 0xaaaaaab258a8 -> 0x2618	len 0x1838 + ofst 0xde0
kern  :info  : [  452.082221] rust_kjit: Vlabel: 0xaaaaaab258ac -> 0x261c	len 0x183c + ofst 0xde0
kern  :info  : [  452.082224] rust_kjit: Vlabel: 0xaaaaaab258b4 -> 0x262c	len 0x184c + ofst 0xde0
kern  :info  : [  452.082225] rust_kjit: Vlabel: 0xaaaaaab258b8 -> 0x2630	len 0x1850 + ofst 0xde0
kern  :info  : [  452.082226] rust_kjit: Vlabel: 0xaaaaaab258bc -> 0x2640	len 0x1860 + ofst 0xde0
kern  :info  : [  452.082228] rust_kjit: Vlabel: 0xaaaaaab258c0 -> 0x2644	len 0x1864 + ofst 0xde0
kern  :info  : [  452.082229] rust_kjit: Vlabel: 0xaaaaaab258c4 -> 0x2648	len 0x1868 + ofst 0xde0
kern  :info  : [  452.082230] rust_kjit: Vlabel: 0xaaaaaab258c8 -> 0x264c	len 0x186c + ofst 0xde0
kern  :info  : [  452.082232] rust_kjit: Vlabel: 0xaaaaaab258cc -> 0x265c	len 0x187c + ofst 0xde0
kern  :info  : [  452.082233] rust_kjit: Vlabel: 0xaaaaaab258d0 -> 0x2660	len 0x1880 + ofst 0xde0
kern  :info  : [  452.082234] rust_kjit: Vlabel: 0xaaaaaab258d4 -> 0x2664	len 0x1884 + ofst 0xde0
kern  :info  : [  452.082237] rust_kjit: Vlabel: 0xaaaaaab258d8 -> 0x2680	len 0x18a0 + ofst 0xde0
kern  :info  : [  452.082239] rust_kjit: Vlabel: 0xaaaaaab25530 -> 0x26a4	len 0x18c4 + ofst 0xde0
kern  :info  : [  452.082240] rust_kjit: Vlabel: 0xaaaaaab258dc -> 0x26a8	len 0x18c8 + ofst 0xde0
kern  :info  : [  452.082242] rust_kjit: Vlabel: 0xaaaaaab258e0 -> 0x26ac	len 0x18cc + ofst 0xde0
kern  :info  : [  452.082245] rust_kjit: Vlabel: 0xaaaaaab258e4 -> 0x26d8	len 0x18f8 + ofst 0xde0
kern  :info  : [  452.082246] rust_kjit: Vlabel: 0xaaaaaab258e8 -> 0x26dc	len 0x18fc + ofst 0xde0
kern  :info  : [  452.082247] rust_kjit: Vlabel: 0xaaaaaab258ec -> 0x26e0	len 0x1900 + ofst 0xde0
kern  :info  : [  452.082249] rust_kjit: Vlabel: 0xaaaaaab258f0 -> 0x26e4	len 0x1904 + ofst 0xde0
kern  :info  : [  452.082251] rust_kjit: Vlabel: 0xaaaaaab258f4 -> 0x26e8	len 0x1908 + ofst 0xde0
kern  :info  : [  452.082252] rust_kjit: Vlabel: 0xaaaaaab258f8 -> 0x26ec	len 0x190c + ofst 0xde0
kern  :info  : [  452.082253] rust_kjit: Vlabel: 0xaaaaaab258fc -> 0x26f0	len 0x1910 + ofst 0xde0
kern  :info  : [  452.082255] rust_kjit: Vlabel: 0xaaaaaab25900 -> 0x26f4	len 0x1914 + ofst 0xde0
kern  :info  : [  452.082258] rust_kjit: Vlabel: 0xaaaaaab25904 -> 0x2718	len 0x1938 + ofst 0xde0
kern  :info  : [  452.082259] rust_kjit: Vlabel: 0xaaaaaab25908 -> 0x271c	len 0x193c + ofst 0xde0
kern  :info  : [  452.082261] rust_kjit: Vlabel: 0xaaaaaab2590c -> 0x2720	len 0x1940 + ofst 0xde0
kern  :info  : [  452.082262] rust_kjit: Vlabel: 0xaaaaaab1a4e0 -> 0x273c	len 0x195c + ofst 0xde0
kern  :info  : [  452.082264] rust_kjit: Vlabel: 0xaaaaaab25910 -> 0x2740	len 0x1960 + ofst 0xde0
kern  :info  : [  452.082265] rust_kjit: Vlabel: 0xaaaaaab25914 -> 0x2744	len 0x1964 + ofst 0xde0
kern  :info  : [  452.082267] rust_kjit: Vlabel: 0xaaaaaab25918 -> 0x2748	len 0x1968 + ofst 0xde0
kern  :info  : [  452.082268] rust_kjit: Vlabel: 0xaaaaaab2591c -> 0x274c	len 0x196c + ofst 0xde0
kern  :info  : [  452.082269] rust_kjit: Vlabel: 0xaaaaaab25920 -> 0x2750	len 0x1970 + ofst 0xde0
kern  :info  : [  452.082272] rust_kjit: Vlabel: 0xaaaaaab25924 -> 0x2774	len 0x1994 + ofst 0xde0
kern  :info  : [  452.082274] rust_kjit: Vlabel: 0xaaaaaab25928 -> 0x2778	len 0x1998 + ofst 0xde0
kern  :info  : [  452.082275] rust_kjit: Vlabel: 0xaaaaaab2592c -> 0x277c	len 0x199c + ofst 0xde0
kern  :info  : [  452.082277] rust_kjit: Vlabel: 0xaaaaaab1a4e0 -> 0x2798	len 0x19b8 + ofst 0xde0
kern  :info  : [  452.082278] rust_kjit: Vlabel: 0xaaaaaab25930 -> 0x279c	len 0x19bc + ofst 0xde0
kern  :info  : [  452.082280] rust_kjit: Vlabel: 0xaaaaaab25934 -> 0x27a0	len 0x19c0 + ofst 0xde0
kern  :info  : [  452.082281] rust_kjit: Vlabel: 0xaaaaaab25938 -> 0x27a4	len 0x19c4 + ofst 0xde0
kern  :info  : [  452.082283] rust_kjit: Vlabel: 0xaaaaaab2593c -> 0x27a8	len 0x19c8 + ofst 0xde0
kern  :info  : [  452.082284] rust_kjit: Vlabel: 0xaaaaaab25940 -> 0x27ac	len 0x19cc + ofst 0xde0
kern  :info  : [  452.082286] rust_kjit: Vlabel: 0xaaaaaab25944 -> 0x27bc	len 0x19dc + ofst 0xde0
kern  :info  : [  452.082287] rust_kjit: Vlabel: 0xaaaaaab25948 -> 0x27c0	len 0x19e0 + ofst 0xde0
kern  :info  : [  452.082288] rust_kjit: Vlabel: 0xaaaaaab2594c -> 0x27c4	len 0x19e4 + ofst 0xde0
kern  :info  : [  452.082291] rust_kjit: Vlabel: 0xaaaaaab25950 -> 0x27e0	len 0x1a00 + ofst 0xde0
kern  :info  : [  452.082292] rust_kjit: Vlabel: 0xaaaaaab25954 -> 0x27f0	len 0x1a10 + ofst 0xde0
kern  :info  : [  452.082294] rust_kjit: Vlabel: 0xaaaaaab25958 -> 0x27f4	len 0x1a14 + ofst 0xde0
kern  :info  : [  452.082295] rust_kjit: Vlabel: 0xaaaaaab2595c -> 0x27f8	len 0x1a18 + ofst 0xde0
kern  :info  : [  452.082297] rust_kjit: Vlabel: 0xaaaaaab25960 -> 0x27fc	len 0x1a1c + ofst 0xde0
kern  :info  : [  452.082298] rust_kjit: Vlabel: 0xaaaaaab25964 -> 0x2800	len 0x1a20 + ofst 0xde0
kern  :info  : [  452.082299] rust_kjit: Vlabel: 0xaaaaaab25968 -> 0x2804	len 0x1a24 + ofst 0xde0
kern  :info  : [  452.082301] rust_kjit: Vlabel: 0xaaaaaab2596c -> 0x2808	len 0x1a28 + ofst 0xde0
kern  :info  : [  452.082302] rust_kjit: Vlabel: 0xaaaaaab251f4 -> 0x282c	len 0x1a4c + ofst 0xde0
kern  :info  : [  452.082304] rust_kjit: Vlabel: 0xaaaaaab25970 -> 0x2830	len 0x1a50 + ofst 0xde0
kern  :info  : [  452.082305] rust_kjit: Vlabel: 0xaaaaaab25974 -> 0x2834	len 0x1a54 + ofst 0xde0
kern  :info  : [  452.082308] rust_kjit: Vlabel: 0xaaaaaab25978 -> 0x2850	len 0x1a70 + ofst 0xde0
kern  :info  : [  452.082309] rust_kjit: Vlabel: 0xaaaaaab2597c -> 0x2854	len 0x1a74 + ofst 0xde0
kern  :info  : [  452.082311] rust_kjit: Vlabel: 0xaaaaaab251ec -> 0x287c	len 0x1a9c + ofst 0xde0
kern  :info  : [  452.082313] rust_kjit: Vlabel: 0xaaaaaab25980 -> 0x2880	len 0x1aa0 + ofst 0xde0
kern  :info  : [  452.082315] rust_kjit: Vlabel: 0xaaaaaab25984 -> 0x2890	len 0x1ab0 + ofst 0xde0
kern  :info  : [  452.082316] rust_kjit: Vlabel: 0xaaaaaab25988 -> 0x2894	len 0x1ab4 + ofst 0xde0
kern  :info  : [  452.082318] rust_kjit: Vlabel: 0xaaaaaab251ec -> 0x28bc	len 0x1adc + ofst 0xde0
kern  :info  : [  452.082319] rust_kjit: Vlabel: 0xaaaaaab2598c -> 0x28c0	len 0x1ae0 + ofst 0xde0
kern  :info  : [  452.082320] rust_kjit: Vlabel: 0xaaaaaab25990 -> 0x28c4	len 0x1ae4 + ofst 0xde0
kern  :info  : [  452.082322] rust_kjit: Vlabel: 0xaaaaaab25994 -> 0x28c8	len 0x1ae8 + ofst 0xde0
kern  :info  : [  452.082323] rust_kjit: Vlabel: 0xaaaaaab25998 -> 0x28cc	len 0x1aec + ofst 0xde0
kern  :info  : [  452.082324] rust_kjit: Vlabel: 0xaaaaaab2599c -> 0x28d0	len 0x1af0 + ofst 0xde0
kern  :info  : [  452.082326] rust_kjit: Vlabel: 0xaaaaaab251f4 -> 0x28f4	len 0x1b14 + ofst 0xde0
kern  :info  : [  452.082328] rust_kjit: Vlabel: 0xaaaaaab259a0 -> 0x28f8	len 0x1b18 + ofst 0xde0
kern  :info  : [  452.082329] rust_kjit: Vlabel: 0xaaaaaab259a4 -> 0x2908	len 0x1b28 + ofst 0xde0
kern  :info  : [  452.082331] rust_kjit: Vlabel: 0xaaaaaab259a8 -> 0x290c	len 0x1b2c + ofst 0xde0
kern  :info  : [  452.082333] rust_kjit: Vlabel: 0xaaaaaab258f0 -> 0x2930	len 0x1b50 + ofst 0xde0
kern  :info  : [  452.082334] rust_kjit: Vlabel: 0xaaaaaab259ac -> 0x2934	len 0x1b54 + ofst 0xde0
kern  :info  : [  452.082336] rust_kjit: Vlabel: 0xaaaaaab259b0 -> 0x2944	len 0x1b64 + ofst 0xde0
kern  :info  : [  452.082337] rust_kjit: Vlabel: 0xaaaaaab259b4 -> 0x2948	len 0x1b68 + ofst 0xde0
kern  :info  : [  452.082339] rust_kjit: Vlabel: 0xaaaaaab259b8 -> 0x2958	len 0x1b78 + ofst 0xde0
kern  :info  : [  452.082340] rust_kjit: Vlabel: 0xaaaaaab259bc -> 0x2968	len 0x1b88 + ofst 0xde0
kern  :info  : [  452.082342] rust_kjit: Vlabel: 0xaaaaaab259c0 -> 0x296c	len 0x1b8c + ofst 0xde0
kern  :info  : [  452.082343] rust_kjit: Vlabel: 0xaaaaaab259c4 -> 0x2970	len 0x1b90 + ofst 0xde0
kern  :info  : [  452.082344] rust_kjit: Vlabel: 0xaaaaaab259c8 -> 0x2974	len 0x1b94 + ofst 0xde0
kern  :info  : [  452.082346] rust_kjit: Vlabel: 0xaaaaaab259cc -> 0x2978	len 0x1b98 + ofst 0xde0
kern  :info  : [  452.082348] rust_kjit: Vlabel: 0xaaaaaab259d0 -> 0x2994	len 0x1bb4 + ofst 0xde0
kern  :info  : [  452.082350] rust_kjit: Vlabel: 0xaaaaaab259d4 -> 0x29a4	len 0x1bc4 + ofst 0xde0
kern  :info  : [  452.082351] rust_kjit: Vlabel: 0xaaaaaab259d8 -> 0x29a8	len 0x1bc8 + ofst 0xde0
kern  :info  : [  452.082353] rust_kjit: Vlabel: 0xaaaaaab259dc -> 0x29b8	len 0x1bd8 + ofst 0xde0
kern  :info  : [  452.082354] rust_kjit: Vlabel: 0xaaaaaab259e0 -> 0x29c8	len 0x1be8 + ofst 0xde0
kern  :info  : [  452.082355] rust_kjit: Vlabel: 0xaaaaaab259e4 -> 0x29cc	len 0x1bec + ofst 0xde0
kern  :info  : [  452.082357] rust_kjit: Vlabel: 0xaaaaaab259e8 -> 0x29d0	len 0x1bf0 + ofst 0xde0
kern  :info  : [  452.082358] rust_kjit: Vlabel: 0xaaaaaab259ec -> 0x29d4	len 0x1bf4 + ofst 0xde0
kern  :info  : [  452.082360] rust_kjit: Vlabel: 0xaaaaaab259f0 -> 0x29d8	len 0x1bf8 + ofst 0xde0
kern  :info  : [  452.082362] rust_kjit: Vlabel: 0xaaaaaab259f4 -> 0x29f4	len 0x1c14 + ofst 0xde0
kern  :info  : [  452.082364] rust_kjit: Vlabel: 0xaaaaaab259f8 -> 0x2a04	len 0x1c24 + ofst 0xde0
kern  :info  : [  452.082365] rust_kjit: Vlabel: 0xaaaaaab259fc -> 0x2a08	len 0x1c28 + ofst 0xde0
kern  :info  : [  452.082367] rust_kjit: Vlabel: 0xaaaaaab25a00 -> 0x2a18	len 0x1c38 + ofst 0xde0
kern  :info  : [  452.082368] rust_kjit: Vlabel: 0xaaaaaab25a04 -> 0x2a28	len 0x1c48 + ofst 0xde0
kern  :info  : [  452.082369] rust_kjit: Vlabel: 0xaaaaaab25a08 -> 0x2a2c	len 0x1c4c + ofst 0xde0
kern  :info  : [  452.082371] rust_kjit: Vlabel: 0xaaaaaab25a0c -> 0x2a30	len 0x1c50 + ofst 0xde0
kern  :info  : [  452.082372] rust_kjit: Vlabel: 0xaaaaaab25a10 -> 0x2a34	len 0x1c54 + ofst 0xde0
kern  :info  : [  452.082373] rust_kjit: Vlabel: 0xaaaaaab25a14 -> 0x2a38	len 0x1c58 + ofst 0xde0
kern  :info  : [  452.082376] rust_kjit: Vlabel: 0xaaaaaab25a18 -> 0x2a54	len 0x1c74 + ofst 0xde0
kern  :info  : [  452.082378] rust_kjit: Vlabel: 0xaaaaaab25a1c -> 0x2a64	len 0x1c84 + ofst 0xde0
kern  :info  : [  452.082379] rust_kjit: Vlabel: 0xaaaaaab25a20 -> 0x2a68	len 0x1c88 + ofst 0xde0
kern  :info  : [  452.082380] rust_kjit: Vlabel: 0xaaaaaab25a24 -> 0x2a6c	len 0x1c8c + ofst 0xde0
kern  :info  : [  452.082381] rust_kjit: Vlabel: 0xaaaaaab25a28 -> 0x2a70	len 0x1c90 + ofst 0xde0
kern  :info  : [  452.082383] rust_kjit: Vlabel: 0xaaaaaab25a2c -> 0x2a80	len 0x1ca0 + ofst 0xde0
kern  :info  : [  452.082384] rust_kjit: Vlabel: 0xaaaaaab25a30 -> 0x2a84	len 0x1ca4 + ofst 0xde0
kern  :info  : [  452.082386] rust_kjit: Vlabel: 0xaaaaaab25a34 -> 0x2a88	len 0x1ca8 + ofst 0xde0
kern  :info  : [  452.082387] rust_kjit: Vlabel: 0xaaaaaab25a38 -> 0x2a8c	len 0x1cac + ofst 0xde0
kern  :info  : [  452.082390] rust_kjit: Vlabel: 0xaaaaaab25a3c -> 0x2aa8	len 0x1cc8 + ofst 0xde0
kern  :info  : [  452.082392] rust_kjit: Vlabel: 0xaaaaaab25a40 -> 0x2aac	len 0x1ccc + ofst 0xde0
kern  :info  : [  452.082394] rust_kjit: Vlabel: 0xaaaaaab25a44 -> 0x2ac8	len 0x1ce8 + ofst 0xde0
kern  :info  : [  452.082395] rust_kjit: Vlabel: 0xaaaaaab25a48 -> 0x2acc	len 0x1cec + ofst 0xde0
kern  :info  : [  452.082397] rust_kjit: Vlabel: 0xaaaaaab25a4c -> 0x2ad0	len 0x1cf0 + ofst 0xde0
kern  :info  : [  452.082399] rust_kjit: Vlabel: 0xaaaaaab25a50 -> 0x2ad4	len 0x1cf4 + ofst 0xde0
kern  :info  : [  452.082400] rust_kjit: Vlabel: 0xaaaaaab25a54 -> 0x2ae4	len 0x1d04 + ofst 0xde0
kern  :info  : [  452.082402] rust_kjit: Vlabel: 0xaaaaaab25a58 -> 0x2af4	len 0x1d14 + ofst 0xde0
kern  :info  : [  452.082403] rust_kjit: Vlabel: 0xaaaaaab25a5c -> 0x2af8	len 0x1d18 + ofst 0xde0
kern  :info  : [  452.082404] rust_kjit: Vlabel: 0xaaaaaab25a60 -> 0x2afc	len 0x1d1c + ofst 0xde0
kern  :info  : [  452.082406] rust_kjit: Vlabel: 0xaaaaaab25a64 -> 0x2b00	len 0x1d20 + ofst 0xde0
kern  :info  : [  452.082407] rust_kjit: Vlabel: 0xaaaaaab25a68 -> 0x2b04	len 0x1d24 + ofst 0xde0
kern  :info  : [  452.082409] rust_kjit: Vlabel: 0xaaaaaab25a6c -> 0x2b08	len 0x1d28 + ofst 0xde0
kern  :info  : [  452.082410] rust_kjit: Vlabel: 0xaaaaaab25a70 -> 0x2b0c	len 0x1d2c + ofst 0xde0
kern  :info  : [  452.082411] rust_kjit: Vlabel: 0xaaaaaab25a74 -> 0x2b10	len 0x1d30 + ofst 0xde0
kern  :info  : [  452.082414] rust_kjit: Vlabel: 0xaaaaaab25a78 -> 0x2b2c	len 0x1d4c + ofst 0xde0
kern  :info  : [  452.082444] rust_kjit: Vlabel: 0xaaaaaab25a7c -> 0x2b30	len 0x1d50 + ofst 0xde0
kern  :info  : [  452.082447] rust_kjit: Vlabel: 0xaaaaaab25a80 -> 0x2b4c	len 0x1d6c + ofst 0xde0
kern  :info  : [  452.082448] rust_kjit: Vlabel: 0xaaaaaab25a84 -> 0x2b5c	len 0x1d7c + ofst 0xde0
kern  :info  : [  452.082450] rust_kjit: Vlabel: 0xaaaaaab25a88 -> 0x2b60	len 0x1d80 + ofst 0xde0
kern  :info  : [  452.082451] rust_kjit: Vlabel: 0xaaaaaab25a8c -> 0x2b64	len 0x1d84 + ofst 0xde0
kern  :info  : [  452.082452] rust_kjit: Vlabel: 0xaaaaaab25a90 -> 0x2b68	len 0x1d88 + ofst 0xde0
kern  :info  : [  452.082454] rust_kjit: Vlabel: 0xaaaaaab25a94 -> 0x2b78	len 0x1d98 + ofst 0xde0
kern  :info  : [  452.082455] rust_kjit: Vlabel: 0xaaaaaab25a98 -> 0x2b7c	len 0x1d9c + ofst 0xde0
kern  :info  : [  452.082457] rust_kjit: Vlabel: 0xaaaaaab25a9c -> 0x2b80	len 0x1da0 + ofst 0xde0
kern  :info  : [  452.082458] rust_kjit: Vlabel: 0xaaaaaab25aa0 -> 0x2b84	len 0x1da4 + ofst 0xde0
kern  :info  : [  452.082459] rust_kjit: Vlabel: 0xaaaaaab25aa4 -> 0x2b88	len 0x1da8 + ofst 0xde0
kern  :info  : [  452.082463] rust_kjit: Vlabel: 0xaaaaaab25aa8 -> 0x2ba4	len 0x1dc4 + ofst 0xde0
kern  :info  : [  452.082465] rust_kjit: Vlabel: 0xaaaaaab25aac -> 0x2ba8	len 0x1dc8 + ofst 0xde0
kern  :info  : [  452.082468] rust_kjit: Vlabel: 0xaaaaaab25590 -> 0x2bcc	len 0x1dec + ofst 0xde0
kern  :info  : [  452.082471] rust_kjit: Vlabel: 0xaaaaaab25ab0 -> 0x2bd0	len 0x1df0 + ofst 0xde0
kern  :info  : [  452.082474] rust_kjit: Vlabel: 0xaaaaaab25ab4 -> 0x2be0	len 0x1e00 + ofst 0xde0
kern  :info  : [  452.082477] rust_kjit: Vlabel: 0xaaaaaab25ab8 -> 0x2be4	len 0x1e04 + ofst 0xde0
kern  :info  : [  452.082479] rust_kjit: Vlabel: 0xaaaaaab25abc -> 0x2be8	len 0x1e08 + ofst 0xde0
kern  :info  : [  452.082482] rust_kjit: Vlabel: 0xaaaaaab25ac0 -> 0x2bf8	len 0x1e18 + ofst 0xde0
kern  :info  : [  452.082485] rust_kjit: Vlabel: 0xaaaaaab25ac4 -> 0x2bfc	len 0x1e1c + ofst 0xde0
kern  :info  : [  452.082487] rust_kjit: Vlabel: 0xaaaaaab25ac8 -> 0x2c00	len 0x1e20 + ofst 0xde0
kern  :info  : [  452.082490] rust_kjit: Vlabel: 0xaaaaaab25acc -> 0x2c04	len 0x1e24 + ofst 0xde0
kern  :info  : [  452.082493] rust_kjit: Vlabel: 0xaaaaaab25ad0 -> 0x2c20	len 0x1e40 + ofst 0xde0
kern  :info  : [  452.082494] rust_kjit: Vlabel: 0xaaaaaab25ad4 -> 0x2c24	len 0x1e44 + ofst 0xde0
kern  :info  : [  452.082496] rust_kjit: Vlabel: 0xaaaaaab25590 -> 0x2c48	len 0x1e68 + ofst 0xde0
kern  :info  : [  452.082497] rust_kjit: Vlabel: 0xaaaaaab25ad8 -> 0x2c4c	len 0x1e6c + ofst 0xde0
kern  :info  : [  452.082499] rust_kjit: Vlabel: 0xaaaaaab25adc -> 0x2c5c	len 0x1e7c + ofst 0xde0
kern  :info  : [  452.082500] rust_kjit: Vlabel: 0xaaaaaab25ae0 -> 0x2c60	len 0x1e80 + ofst 0xde0
kern  :info  : [  452.082501] rust_kjit: Vlabel: 0xaaaaaab25ae4 -> 0x2c64	len 0x1e84 + ofst 0xde0
kern  :info  : [  452.082503] rust_kjit: Vlabel: 0xaaaaaab25ae8 -> 0x2c68	len 0x1e88 + ofst 0xde0
kern  :info  : [  452.082504] rust_kjit: Vlabel: 0xaaaaaab25590 -> 0x2c8c	len 0x1eac + ofst 0xde0
kern  :info  : [  452.082506] rust_kjit: Vlabel: 0xaaaaaab25aec -> 0x2c90	len 0x1eb0 + ofst 0xde0
kern  :info  : [  452.082507] rust_kjit: Vlabel: 0xaaaaaab25af0 -> 0x2ca0	len 0x1ec0 + ofst 0xde0
kern  :info  : [  452.082508] rust_kjit: Vlabel: 0xaaaaaab25af4 -> 0x2ca4	len 0x1ec4 + ofst 0xde0
kern  :info  : [  452.082510] rust_kjit: Vlabel: 0xaaaaaab25af8 -> 0x2cb4	len 0x1ed4 + ofst 0xde0
kern  :info  : [  452.082511] rust_kjit: Vlabel: 0xaaaaaab25afc -> 0x2cc4	len 0x1ee4 + ofst 0xde0
kern  :info  : [  452.082513] rust_kjit: Vlabel: 0xaaaaaab25b00 -> 0x2cc8	len 0x1ee8 + ofst 0xde0
kern  :info  : [  452.082514] rust_kjit: Vlabel: 0xaaaaaab25b04 -> 0x2ccc	len 0x1eec + ofst 0xde0
kern  :info  : [  452.082515] rust_kjit: Vlabel: 0xaaaaaab25b08 -> 0x2cd0	len 0x1ef0 + ofst 0xde0
kern  :info  : [  452.082517] rust_kjit: Vlabel: 0xaaaaaab25b0c -> 0x2cd4	len 0x1ef4 + ofst 0xde0
kern  :info  : [  452.082519] rust_kjit: Vlabel: 0xaaaaaab25b10 -> 0x2cf0	len 0x1f10 + ofst 0xde0
kern  :info  : [  452.082521] rust_kjit: Vlabel: 0xaaaaaab25b14 -> 0x2d00	len 0x1f20 + ofst 0xde0
kern  :info  : [  452.082522] rust_kjit: Vlabel: 0xaaaaaab25b18 -> 0x2d04	len 0x1f24 + ofst 0xde0
kern  :info  : [  452.082523] rust_kjit: Vlabel: 0xaaaaaab25b1c -> 0x2d14	len 0x1f34 + ofst 0xde0
kern  :info  : [  452.082525] rust_kjit: Vlabel: 0xaaaaaab25b20 -> 0x2d24	len 0x1f44 + ofst 0xde0
kern  :info  : [  452.082526] rust_kjit: Vlabel: 0xaaaaaab25b24 -> 0x2d28	len 0x1f48 + ofst 0xde0
kern  :info  : [  452.082527] rust_kjit: Vlabel: 0xaaaaaab25b28 -> 0x2d2c	len 0x1f4c + ofst 0xde0
kern  :info  : [  452.082529] rust_kjit: Vlabel: 0xaaaaaab25b2c -> 0x2d30	len 0x1f50 + ofst 0xde0
kern  :info  : [  452.082530] rust_kjit: Vlabel: 0xaaaaaab25b30 -> 0x2d34	len 0x1f54 + ofst 0xde0
kern  :info  : [  452.082532] rust_kjit: Vlabel: 0xaaaaaab25b34 -> 0x2d50	len 0x1f70 + ofst 0xde0
kern  :info  : [  452.082534] rust_kjit: Vlabel: 0xaaaaaab25b38 -> 0x2d60	len 0x1f80 + ofst 0xde0
kern  :info  : [  452.082535] rust_kjit: Vlabel: 0xaaaaaab25b3c -> 0x2d64	len 0x1f84 + ofst 0xde0
kern  :info  : [  452.082537] rust_kjit: Vlabel: 0xaaaaaab25b40 -> 0x2d74	len 0x1f94 + ofst 0xde0
kern  :info  : [  452.082538] rust_kjit: Vlabel: 0xaaaaaab25b44 -> 0x2d84	len 0x1fa4 + ofst 0xde0
kern  :info  : [  452.082539] rust_kjit: Vlabel: 0xaaaaaab25b48 -> 0x2d88	len 0x1fa8 + ofst 0xde0
kern  :info  : [  452.082541] rust_kjit: Vlabel: 0xaaaaaab25b4c -> 0x2d8c	len 0x1fac + ofst 0xde0
kern  :info  : [  452.082542] rust_kjit: Vlabel: 0xaaaaaab25b50 -> 0x2d90	len 0x1fb0 + ofst 0xde0
kern  :info  : [  452.082543] rust_kjit: Vlabel: 0xaaaaaab25b54 -> 0x2d94	len 0x1fb4 + ofst 0xde0
kern  :info  : [  452.082546] rust_kjit: Vlabel: 0xaaaaaab25b58 -> 0x2db0	len 0x1fd0 + ofst 0xde0
kern  :info  : [  452.082547] rust_kjit: Vlabel: 0xaaaaaab25b5c -> 0x2dc0	len 0x1fe0 + ofst 0xde0
kern  :info  : [  452.082548] rust_kjit: Vlabel: 0xaaaaaab25b60 -> 0x2dc4	len 0x1fe4 + ofst 0xde0
kern  :info  : [  452.082550] rust_kjit: Vlabel: 0xaaaaaab25b64 -> 0x2dd4	len 0x1ff4 + ofst 0xde0
kern  :info  : [  452.082553] rust_kjit: Vlabel: 0xaaaaaab25b68 -> 0x2de4	len 0x2004 + ofst 0xde0
kern  :info  : [  452.082555] rust_kjit: Vlabel: 0xaaaaaab25b6c -> 0x2de8	len 0x2008 + ofst 0xde0
kern  :info  : [  452.082556] rust_kjit: Vlabel: 0xaaaaaab25b70 -> 0x2dec	len 0x200c + ofst 0xde0
kern  :info  : [  452.082557] rust_kjit: Vlabel: 0xaaaaaab25b74 -> 0x2df0	len 0x2010 + ofst 0xde0
kern  :info  : [  452.082559] rust_kjit: Vlabel: 0xaaaaaab25b78 -> 0x2df4	len 0x2014 + ofst 0xde0
kern  :info  : [  452.082561] rust_kjit: Vlabel: 0xaaaaaab25b7c -> 0x2e10	len 0x2030 + ofst 0xde0
kern  :info  : [  452.082563] rust_kjit: Vlabel: 0xaaaaaab25b80 -> 0x2e14	len 0x2034 + ofst 0xde0
kern  :info  : [  452.082564] rust_kjit: Vlabel: 0xaaaaaab25b84 -> 0x2e18	len 0x2038 + ofst 0xde0
kern  :info  : [  452.082565] rust_kjit: Vlabel: 0xaaaaaab25b88 -> 0x2e1c	len 0x203c + ofst 0xde0
kern  :info  : [  452.082567] rust_kjit: Vlabel: 0xaaaaaab25b8c -> 0x2e38	len 0x2058 + ofst 0xde0
kern  :info  : [  452.082569] rust_kjit: Vlabel: 0xaaaaaab25b90 -> 0x2e48	len 0x2068 + ofst 0xde0
kern  :info  : [  452.082570] rust_kjit: Vlabel: 0xaaaaaab25b94 -> 0x2e4c	len 0x206c + ofst 0xde0
kern  :info  : [  452.082572] rust_kjit: Vlabel: 0xaaaaaab25b98 -> 0x2e5c	len 0x207c + ofst 0xde0
kern  :info  : [  452.082573] rust_kjit: Vlabel: 0xaaaaaab25b9c -> 0x2e6c	len 0x208c + ofst 0xde0
kern  :info  : [  452.082575] rust_kjit: Vlabel: 0xaaaaaab25ba0 -> 0x2e70	len 0x2090 + ofst 0xde0
kern  :info  : [  452.082576] rust_kjit: Vlabel: 0xaaaaaab25ba4 -> 0x2e74	len 0x2094 + ofst 0xde0
kern  :info  : [  452.082577] rust_kjit: Vlabel: 0xaaaaaab25ba8 -> 0x2e78	len 0x2098 + ofst 0xde0
kern  :info  : [  452.082580] rust_kjit: Vlabel: 0xaaaaaab25bac -> 0x2e7c	len 0x209c + ofst 0xde0
kern  :info  : [  452.082583] rust_kjit: Vlabel: 0xaaaaaab25bb0 -> 0x2e98	len 0x20b8 + ofst 0xde0
kern  :info  : [  452.082584] rust_kjit: Vlabel: 0xaaaaaab25bb4 -> 0x2e9c	len 0x20bc + ofst 0xde0
kern  :info  : [  452.082585] rust_kjit: Vlabel: 0xaaaaaab25bb8 -> 0x2ea0	len 0x20c0 + ofst 0xde0
kern  :info  : [  452.082587] rust_kjit: Vlabel: 0xaaaaaab25bbc -> 0x2eb0	len 0x20d0 + ofst 0xde0
kern  :info  : [  452.082588] rust_kjit: Vlabel: 0xaaaaaab25bc0 -> 0x2eb4	len 0x20d4 + ofst 0xde0
kern  :info  : [  452.082589] rust_kjit: Vlabel: 0xaaaaaab25bc4 -> 0x2eb8	len 0x20d8 + ofst 0xde0
kern  :info  : [  452.082591] rust_kjit: Vlabel: 0xaaaaaab25bc8 -> 0x2ebc	len 0x20dc + ofst 0xde0
kern  :info  : [  452.082592] rust_kjit: Vlabel: 0xaaaaaab25bcc -> 0x2ec0	len 0x20e0 + ofst 0xde0
kern  :info  : [  452.082594] rust_kjit: Vlabel: 0xaaaaaab25bd0 -> 0x2ec4	len 0x20e4 + ofst 0xde0
kern  :info  : [  452.082596] rust_kjit: Vlabel: 0xaaaaaab25bd4 -> 0x2ec8	len 0x20e8 + ofst 0xde0
kern  :info  : [  452.082599] rust_kjit: Vlabel: 0xaaaaaab25bd8 -> 0x2ecc	len 0x20ec + ofst 0xde0
kern  :info  : [  452.082602] rust_kjit: Vlabel: 0xaaaaaab25bdc -> 0x2ee8	len 0x2108 + ofst 0xde0
kern  :info  : [  452.082605] rust_kjit: Vlabel: 0xaaaaaab25be0 -> 0x2eec	len 0x210c + ofst 0xde0
kern  :info  : [  452.082606] rust_kjit: Vlabel: 0xaaaaaab25be4 -> 0x2ef0	len 0x2110 + ofst 0xde0
kern  :info  : [  452.082608] rust_kjit: Vlabel: 0xaaaaaab25be8 -> 0x2f00	len 0x2120 + ofst 0xde0
kern  :info  : [  452.082609] rust_kjit: Vlabel: 0xaaaaaab25bec -> 0x2f04	len 0x2124 + ofst 0xde0
kern  :info  : [  452.082611] rust_kjit: Vlabel: 0xaaaaaab25bf0 -> 0x2f08	len 0x2128 + ofst 0xde0
kern  :info  : [  452.082612] rust_kjit: Vlabel: 0xaaaaaab25bf4 -> 0x2f0c	len 0x212c + ofst 0xde0
kern  :info  : [  452.082613] rust_kjit: Vlabel: 0xaaaaaab25bf8 -> 0x2f10	len 0x2130 + ofst 0xde0
kern  :info  : [  452.082615] rust_kjit: Vlabel: 0xaaaaaab25bfc -> 0x2f14	len 0x2134 + ofst 0xde0
kern  :info  : [  452.082616] rust_kjit: Vlabel: 0xaaaaaab25c00 -> 0x2f18	len 0x2138 + ofst 0xde0
kern  :info  : [  452.082619] rust_kjit: Vlabel: 0xaaaaaab25c04 -> 0x2f3c	len 0x215c + ofst 0xde0
kern  :info  : [  452.082621] rust_kjit: Vlabel: 0xaaaaaab25c08 -> 0x2f40	len 0x2160 + ofst 0xde0
kern  :info  : [  452.082622] rust_kjit: Vlabel: 0xaaaaaab25c0c -> 0x2f44	len 0x2164 + ofst 0xde0
kern  :info  : [  452.082623] rust_kjit: Vlabel: 0xaaaaaab25c10 -> 0x2f48	len 0x2168 + ofst 0xde0
kern  :info  : [  452.082625] rust_kjit: Vlabel: 0xaaaaaab25c14 -> 0x2f58	len 0x2178 + ofst 0xde0
kern  :info  : [  452.082628] rust_kjit: Vlabel: 0xaaaaaab25c18 -> 0x2f74	len 0x2194 + ofst 0xde0
kern  :info  : [  452.082629] rust_kjit: Vlabel: 0xaaaaaab25c1c -> 0x2f78	len 0x2198 + ofst 0xde0
kern  :info  : [  452.082630] rust_kjit: Vlabel: 0xaaaaaab25c20 -> 0x2f7c	len 0x219c + ofst 0xde0
kern  :info  : [  452.082632] rust_kjit: Vlabel: 0xaaaaaab25c24 -> 0x2f80	len 0x21a0 + ofst 0xde0
kern  :info  : [  452.082633] rust_kjit: Vlabel: 0xaaaaaab25c28 -> 0x2f84	len 0x21a4 + ofst 0xde0
kern  :info  : [  452.082635] rust_kjit: Vlabel: 0xaaaaaab25c2c -> 0x2f88	len 0x21a8 + ofst 0xde0
kern  :info  : [  452.082636] rust_kjit: Vlabel: 0xaaaaaab25c30 -> 0x2f8c	len 0x21ac + ofst 0xde0
kern  :info  : [  452.082637] rust_kjit: Vlabel: 0xaaaaaab25c34 -> 0x2f90	len 0x21b0 + ofst 0xde0
kern  :info  : [  452.082639] rust_kjit: Vlabel: 0xaaaaaab25c38 -> 0x2f94	len 0x21b4 + ofst 0xde0
kern  :info  : [  452.082641] rust_kjit: Vlabel: 0xaaaaaab25c3c -> 0x2fb0	len 0x21d0 + ofst 0xde0
kern  :info  : [  452.082643] rust_kjit: Vlabel: 0xaaaaaab25c40 -> 0x2fb4	len 0x21d4 + ofst 0xde0
kern  :info  : [  452.082644] rust_kjit: Vlabel: 0xaaaaaab25c44 -> 0x2fb8	len 0x21d8 + ofst 0xde0
kern  :info  : [  452.082645] rust_kjit: Vlabel: 0xaaaaaab25c48 -> 0x2fbc	len 0x21dc + ofst 0xde0
kern  :info  : [  452.082647] rust_kjit: Vlabel: 0xaaaaaab25c4c -> 0x2fc0	len 0x21e0 + ofst 0xde0
kern  :info  : [  452.082648] rust_kjit: Vlabel: 0xaaaaaab25c50 -> 0x2fc4	len 0x21e4 + ofst 0xde0
kern  :info  : [  452.082650] rust_kjit: Vlabel: 0xaaaaaab25c54 -> 0x2fc8	len 0x21e8 + ofst 0xde0
kern  :info  : [  452.082651] rust_kjit: Vlabel: 0xaaaaaab25c58 -> 0x2fcc	len 0x21ec + ofst 0xde0
kern  :info  : [  452.082652] rust_kjit: Final code: 1f 20 03 d5 31 02 03 d1 00 00 e0 d2 40 55 d5 f2 a0 57 b5 f2 00 00 9e f2 00 c0 47 f9 30 7a 06 a9 30 82 01 91 41 28 40 f9 33 52 07 a9 f3 03 02 aa 02 00 40 f9 22 2e 00 f9 02 00 80 d2 3f 22 00 f9 29 00 80 d2 3f fc 09 ea 09 42 3b d5 09 01 80 f2 49 00 c0 f2 0a 00 e0 d2 4a 55 d5 f2 4a 56 b5 f2 0a f1 8a f2 2b 00 00 10 92 fc ff 17 60 02 40 f9 29 00 80 d2 0a 00 e0 d2 4a 55 d5 f2 6a 56 b5 f2 0a 62 81 f2 2b 00 00 10 8a fc ff 17 1f 00 00 71 09 42 3b d5 09 01 80 f2 49 00 c0 f2 0a 00 e0 d2 4a 55 d5 f2 4a 56 b5 f2 8a 48 8b f2 2b 00 00 10 80 fc ff 17 60 5a 40 b9 37 62 09 a9 38 02 01 91 1f 00 00 71 09 42 3b d5 09 01 80 f2 29 00 c0 f2 0a 00 e0 d2 4a 55 d5 f2 4a 56 b5 f2 8a 3e 8a f2 2b 00 00 10 73 fc ff 17 00 00 e0 d2 40 55 d5 f2 00 58 b5 f2 00 00 80 f2 17 40 0b 91 e0 02 05 91 
kern  :info  : [  452.082731] rust_kjit: Final code con't: 20 12 00 f9 35 5a 08 a9 39 6a 0a a9 19 00 e0 d2 59 55 d5 f2 19 57 b5 f2 19 00 9e f2 20 e3 3d 91 20 06 00 f9 60 02 40 f9 e1 03 18 aa 29 00 80 d2 0a 00 e0 d2 4a 55 d5 f2 6a 56 b5 f2 0a b8 82 f2 2b 00 00 10 5b fc ff 17 1f 00 00 71 09 42 3b d5 09 01 80 f2 49 00 c0 f2 0a 00 e0 d2 4a 55 d5 f2 4a 56 b5 f2 0a 4a 8b f2 2b 00 00 10 51 fc ff 17 34 22 40 f9 9f 02 00 f1 09 42 3b d5 09 01 80 f2 29 00 c0 f2 0a 00 e0 d2 4a 55 d5 f2 4a 56 b5 f2 8a 3d 8a f2 2b 00 00 10 46 fc ff 17 9f 1a 00 f1 09 42 3b d5 09 01 80 f2 29 00 c0 f2 0a 00 e0 d2 4a 55 d5 f2 4a 56 b5 f2 0a 43 8b f2 2b 00 00 10 3c fc ff 17 80 02 40 b9 1f 18 00 71 09 42 3b d5 09 01 80 f2 49 00 c0 f2 0a 00 e0 d2 4a 55 d5 f2 4a 56 b5 f2 0a 37 8a f2 2b 00 00 10 31 fc ff 17 76 36 40 f9 95 12 40 f9 df 02 00 f1 09 42 3b d5 
kern  :info  : [  452.082815] rust_kjit: Final code con't: 09 01 80 f2 29 00 c0 f2 0a 00 e0 d2 4a 55 d5 f2 4a 56 b5 f2 0a 56 8b f2 2b 00 00 10 25 fc ff 17 60 1a 40 f9 1f 00 00 f1 09 42 3b d5 09 01 80 f2 29 00 c0 f2 0a 00 e0 d2 4a 55 d5 f2 4a 56 b5 f2 0a 50 8b f2 2b 00 00 10 1a fc ff 17 21 06 40 f9 e0 03 15 aa a2 00 80 d2 29 00 80 d2 0a 00 e0 d2 4a 55 d5 f2 0a 56 b5 f2 0a dc 9c f2 2b 00 00 10 10 fc ff 17 1f 00 00 71 09 42 3b d5 09 01 80 f2 49 00 c0 f2 0a 00 e0 d2 4a 55 d5 f2 4a 56 b5 f2 0a 70 8a f2 2b 00 00 10 06 fc ff 17 20 12 40 f9 00 00 40 b9 61 72 40 b9 1f 00 01 6b 09 42 3b d5 09 01 80 f2 c9 01 c0 f2 0a 00 e0 d2 4a 55 d5 f2 4a 56 b5 f2 8a 80 8a f2 2b 00 00 10 f9 fb ff 17 34 22 40 f9 60 72 00 b9 e0 03 14 aa 29 00 80 d2 0a 00 e0 d2 4a 55 d5 f2 4a 56 b5 f2 0a 96 8b f2 2b 00 00 10 ef fb ff 17 60 5e 40 b9 1f 00 00 71 
kern  :info  : [  452.082900] rust_kjit: Final code con't: 09 42 3b d5 09 01 80 f2 c9 01 c0 f2 0a 00 e0 d2 4a 55 d5 f2 4a 56 b5 f2 8a 54 8a f2 2b 00 00 10 e4 fb ff 17 62 5a 40 b9 00 04 00 51 61 62 40 b9 42 04 00 51 62 02 0b 29 3f 00 00 71 09 42 3b d5 09 01 80 f2 a9 01 c0 f2 0a 00 e0 d2 4a 55 d5 f2 4a 56 b5 f2 0a 45 8a f2 2b 00 00 10 d5 fb ff 17 5f 00 00 71 09 42 3b d5 09 01 80 f2 49 00 c0 f2 0a 00 e0 d2 4a 55 d5 f2 4a 56 b5 f2 0a 29 8a f2 2b 00 00 10 cb fb ff 17 67 ff ff 17 35 5a 48 a9 39 6a 4a a9 00 00 e0 d2 40 55 d5 f2 a0 57 b5 f2 00 00 9e f2 00 c0 47 f9 22 2e 40 f9 01 00 40 f9 42 00 01 eb 01 00 80 d2 09 42 3b d5 09 01 80 f2 49 00 c0 f2 0a 00 e0 d2 4a 55 d5 f2 4a 56 b5 f2 8a 6f 8b f2 2b 00 00 10 b6 fb ff 17 30 7a 46 a9 33 52 47 a9 37 62 49 a9 31 02 03 91 1f 20 03 d5 89 00 80 d2 ea 03 1e aa 2b 00 00 10 ad fb ff 17 
kern  :info  : [  452.082985] rust_kjit: Final code con't: 60 06 40 f9 02 00 80 92 21 7c 40 93 29 00 80 d2 0a 00 e0 d2 4a 55 d5 f2 4a 56 b5 f2 0a 30 9c f2 2b 00 00 10 a3 fb ff 17 62 0e 40 f9 5f 00 00 f1 09 42 3b d5 09 01 80 f2 29 00 c0 f2 0a 00 e0 d2 4a 55 d5 f2 4a 56 b5 f2 8a 4c 8a f2 2b 00 00 10 98 fb ff 17 60 0a 40 f9 63 62 80 b9 02 0c 02 8b e3 03 03 cb 01 00 40 f9 21 00 03 8b 01 84 00 f8 5f 00 00 eb 09 42 3b d5 09 01 80 f2 49 00 c0 f2 0a 00 e0 d2 4a 55 d5 f2 4a 56 b5 f2 0a 4a 8a f2 2b 00 00 10 87 fb ff 17 f3 ff ff 17 62 1a 40 f9 5f 00 00 f1 09 42 3b d5 09 01 80 f2 29 00 c0 f2 0a 00 e0 d2 4a 55 d5 f2 4a 56 b5 f2 8a 52 8a f2 2b 00 00 10 7b fb ff 17 60 16 40 f9 63 62 80 b9 02 0c 02 8b e3 03 03 cb 1f 20 03 d5 01 00 40 f9 21 00 03 8b 01 84 00 f8 5f 00 00 eb 09 42 3b d5 09 01 80 f2 49 00 c0 f2 0a 00 e0 d2 4a 55 d5 f2 
kern  :info  : [  452.083069] rust_kjit: Final code con't: 4a 56 b5 f2 0a 50 8a f2 2b 00 00 10 69 fb ff 17 f3 ff ff 17 62 5a 40 b9 7f 62 00 b9 5f 00 00 71 09 42 3b d5 09 01 80 f2 49 00 c0 f2 0a 00 e0 d2 4a 55 d5 f2 4a 56 b5 f2 0a 29 8a f2 2b 00 00 10 5c fb ff 17 f8 fe ff 17 09 42 3b d5 09 01 80 f2 09 00 c0 f2 0a 00 e0 d2 4a 55 d5 f2 4a 56 b5 f2 8a 3d 8a f2 2b 00 00 10 52 fb ff 17 88 ff ff 17 e1 22 02 91 20 00 80 52 29 00 80 d2 0a 00 e0 d2 4a 55 d5 f2 0a 57 b5 f2 0a 76 9a f2 2b 00 00 10 48 fb ff 17 e1 82 40 b9 3f 00 00 6b 09 42 3b d5 09 01 80 f2 c9 01 c0 f2 0a 00 e0 d2 4a 55 d5 f2 4a 56 b5 f2 8a 5f 8a f2 2b 00 00 10 3d fb ff 17 61 2a 40 f9 14 d8 98 d2 e2 02 41 b9 b4 05 a0 f2 3f 00 14 eb e0 96 40 f9 21 d0 94 9a 5f 00 00 71 09 42 3b d5 09 01 80 f2 49 00 c0 f2 0a 00 e0 d2 4a 55 d5 f2 4a 56 b5 f2 0a 84 8a f2 2b 00 00 10 
kern  :info  : [  452.083149] rust_kjit: Final code con't: 2c fb ff 17 22 00 80 d2 29 00 80 d2 0a 00 e0 d2 4a 55 d5 f2 6a 56 b5 f2 8a 16 94 f2 2b 00 00 10 24 fb ff 17 61 2a 40 f9 22 00 80 d2 e0 9a 40 f9 3f 00 14 eb 21 d0 94 9a 29 00 80 d2 0a 00 e0 d2 4a 55 d5 f2 6a 56 b5 f2 8a 16 94 f2 2b 00 00 10 18 fb ff 17 60 5a 40 b9 00 04 00 51 60 5a 00 b9 1f 00 00 71 09 42 3b d5 09 01 80 f2 49 00 c0 f2 0a 00 e0 d2 4a 55 d5 f2 4a 56 b5 f2 0a 29 8a f2 2b 00 00 10 0b fb ff 17 a7 fe ff 17 00 00 e0 d2 40 55 d5 f2 00 58 b5 f2 00 00 80 f2 14 40 0b 91 80 22 02 91 01 00 40 b9 80 82 40 b9 3f 00 00 6b 09 42 3b d5 09 01 80 f2 69 01 c0 f2 0a 00 e0 d2 4a 55 d5 f2 4a 56 b5 f2 0a 2e 8b f2 2b 00 00 10 f8 fa ff 17 80 b2 40 b9 1f 00 00 71 09 42 3b d5 09 01 80 f2 49 00 c0 f2 0a 00 e0 d2 4a 55 d5 f2 4a 56 b5 f2 8a 1b 8b f2 2b 00 00 10 ed fa ff 17 
kern  :info  : [  452.083214] rust_kjit: Final code con't: 80 02 41 b9 1f 00 00 71 09 42 3b d5 09 01 80 f2 49 00 c0 f2 0a 00 e0 d2 4a 55 d5 f2 4a 56 b5 f2 8a 08 8b f2 2b 00 00 10 e2 fa ff 17 00 00 e0 d2 40 55 d5 f2 00 58 b5 f2 00 00 80 f2 14 40 0b 91 95 f2 01 91 00 00 80 12 e1 03 15 aa 29 00 80 d2 0a 00 e0 d2 4a 55 d5 f2 0a 57 b5 f2 0a 8e 9a f2 2b 00 00 10 d3 fa ff 17 e0 03 13 aa 29 00 80 d2 0a 00 e0 d2 4a 55 d5 f2 4a 56 b5 f2 0a ce 84 f2 2b 00 00 10 cb fa ff 17 e1 03 15 aa 20 00 80 52 29 00 80 d2 0a 00 e0 d2 4a 55 d5 f2 0a 57 b5 f2 0a 8e 9a f2 2b 00 00 10 c2 fa ff 17 80 02 41 b9 1f 00 00 71 09 42 3b d5 09 01 80 f2 49 00 c0 f2 0a 00 e0 d2 4a 55 d5 f2 4a 56 b5 f2 0a 07 8b f2 2b 00 00 10 b7 fa ff 17 e0 03 13 aa 29 00 80 d2 0a 00 e0 d2 4a 55 d5 f2 2a 56 b5 f2 0a 6a 9f f2 2b 00 00 10 af fa ff 17 35 5a 48 a9 39 6a 4a a9 
kern  :info  : [  452.083276] rust_kjit: Final code con't: 09 42 3b d5 09 01 80 f2 09 00 c0 f2 0a 00 e0 d2 4a 55 d5 f2 4a 56 b5 f2 8a 3e 8a f2 2b 00 00 10 a4 fa ff 17 dc fe ff 17 a0 02 40 39 1f 04 01 71 09 42 3b d5 09 01 80 f2 49 00 c0 f2 0a 00 e0 d2 4a 55 d5 f2 4a 56 b5 f2 0a 75 8a f2 2b 00 00 10 98 fa ff 17 a0 06 40 39 1f 4c 01 71 09 42 3b d5 09 01 80 f2 49 00 c0 f2 0a 00 e0 d2 4a 55 d5 f2 4a 56 b5 f2 0a 75 8a f2 2b 00 00 10 8d fa ff 17 a0 0a 40 39 1f 2c 01 71 09 42 3b d5 09 01 80 f2 29 00 c0 f2 0a 00 e0 d2 4a 55 d5 f2 4a 56 b5 f2 8a 33 8a f2 2b 00 00 10 82 fa ff 17 7c fe ff 17 1f 20 03 d5 01 00 e0 d2 41 55 d5 f2 01 57 b5 f2 01 00 9e f2 e0 03 15 aa 21 00 3e 91 62 01 80 d2 29 00 80 d2 0a 00 e0 d2 4a 55 d5 f2 0a 56 b5 f2 0a dc 9c f2 2b 00 00 10 72 fa ff 17 1f 00 00 71 09 42 3b d5 09 01 80 f2 49 00 c0 f2 0a 00 e0 d2 
kern  :info  : [  452.083338] rust_kjit: Final code con't: 4a 55 d5 f2 4a 56 b5 f2 0a 37 8a f2 2b 00 00 10 68 fa ff 17 71 fe ff 17 00 00 e0 d2 40 55 d5 f2 a0 57 b5 f2 00 00 9e f2 00 f8 47 f9 e5 03 15 aa c3 02 40 f9 02 00 e0 d2 42 55 d5 f2 02 57 b5 f2 02 00 9e f2 00 00 40 f9 42 40 3e 91 c4 0a 40 b9 41 00 80 52 29 00 80 d2 0a 00 e0 d2 4a 55 d5 f2 0a 56 b5 f2 0a 9a 9c f2 2b 00 00 10 51 fa ff 17 20 00 80 52 29 00 80 d2 0a 00 e0 d2 4a 55 d5 f2 0a 56 b5 f2 0a 7a 9c f2 2b 00 00 10 49 fa ff 17 20 12 40 f9 00 00 40 b9 61 72 40 b9 1f 00 01 6b 09 42 3b d5 09 01 80 f2 a9 01 c0 f2 0a 00 e0 d2 4a 55 d5 f2 4a 56 b5 f2 0a 36 8a f2 2b 00 00 10 3c fa ff 17 43 fe ff 17 f4 e2 04 91 20 00 80 52 e1 03 14 aa 29 00 80 d2 0a 00 e0 d2 4a 55 d5 f2 0a 57 b5 f2 0a 76 9a f2 2b 00 00 10 31 fa ff 17 1f 00 00 71 09 42 3b d5 09 01 80 f2 29 00 c0 f2 
kern  :info  : [  452.083400] rust_kjit: Final code con't: 0a 00 e0 d2 4a 55 d5 f2 4a 56 b5 f2 8a 88 8a f2 2b 00 00 10 27 fa ff 17 34 22 40 f9 09 42 3b d5 09 01 80 f2 09 00 c0 f2 0a 00 e0 d2 4a 55 d5 f2 4a 56 b5 f2 0a 37 8a f2 2b 00 00 10 1d fa ff 17 26 fe ff 17 22 00 80 d2 29 00 80 d2 0a 00 e0 d2 4a 55 d5 f2 6a 56 b5 f2 0a 3a 94 f2 2b 00 00 10 14 fa ff 17 61 2a 40 f9 22 00 80 d2 e0 9a 40 f9 3f 00 14 eb 21 d0 94 9a 29 00 80 d2 0a 00 e0 d2 4a 55 d5 f2 6a 56 b5 f2 0a 3a 94 f2 2b 00 00 10 08 fa ff 17 09 42 3b d5 09 01 80 f2 09 00 c0 f2 0a 00 e0 d2 4a 55 d5 f2 4a 56 b5 f2 8a 5f 8a f2 2b 00 00 10 ff f9 ff 17 e7 fe ff 17 3b 72 0b a9 20 00 80 52 80 02 00 b9 00 00 e0 d2 40 55 d5 f2 a0 57 b5 f2 00 00 9e f2 00 f8 47 f9 21 00 80 d2 42 08 80 d2 e3 03 00 aa 23 1e 00 f9 00 00 e0 d2 40 55 d5 f2 00 57 b5 f2 00 00 9e f2 00 c0 3e 91 
kern  :info  : [  452.083475] rust_kjit: Final code con't: 63 00 40 f9 29 00 80 d2 0a 00 e0 d2 4a 55 d5 f2 0a 56 b5 f2 0a 50 9d f2 2b 00 00 10 e5 f9 ff 17 00 00 e0 d2 40 55 d5 f2 c0 57 b5 f2 00 00 80 f2 00 00 01 91 00 20 00 91 29 00 80 d2 0a 00 e0 d2 4a 55 d5 f2 4a 56 b5 f2 8a 7c 86 f2 2b 00 00 10 d8 f9 ff 17 e1 16 41 b9 f5 03 00 aa 3f 00 00 71 09 42 3b d5 09 01 80 f2 29 00 c0 f2 0a 00 e0 d2 4a 55 d5 f2 4a 56 b5 f2 0a b3 8a f2 2b 00 00 10 cc f9 ff 17 00 00 e0 d2 40 55 d5 f2 00 58 b5 f2 00 00 80 f2 16 40 0b 91 da 22 07 91 14 00 80 d2 1c 00 80 d2 09 42 3b d5 09 01 80 f2 09 00 c0 f2 0a 00 e0 d2 4a 55 d5 f2 4a 56 b5 f2 0a 9f 8a f2 2b 00 00 10 bb f9 ff 17 79 1f 40 f9 3f 03 00 f1 09 42 3b d5 09 01 80 f2 29 00 c0 f2 0a 00 e0 d2 4a 55 d5 f2 4a 56 b5 f2 0a 9a 8a f2 2b 00 00 10 b0 f9 ff 17 e0 03 19 aa 29 00 80 d2 0a 00 e0 d2 
kern  :info  : [  452.083537] rust_kjit: Final code con't: 4a 55 d5 f2 8a 56 b5 f2 0a 1a 8e f2 2b 00 00 10 a8 f9 ff 17 e1 03 1a aa e0 03 00 cb 29 00 80 d2 0a 00 e0 d2 4a 55 d5 f2 0a 57 b5 f2 0a 7c 9a f2 2b 00 00 10 9f f9 ff 17 e0 03 19 aa 29 00 80 d2 0a 00 e0 d2 4a 55 d5 f2 8a 56 b5 f2 0a 94 85 f2 2b 00 00 10 97 f9 ff 17 61 0b 40 f9 7f 1f 00 f9 7f 43 00 b9 e2 03 1b aa e0 03 15 aa 9c 07 00 91 29 00 80 d2 0a 00 e0 d2 4a 55 d5 f2 4a 56 b5 f2 8a e8 89 f2 2b 00 00 10 8a f9 ff 17 c0 16 81 b9 9f 03 00 eb 09 42 3b d5 09 01 80 f2 69 00 c0 f2 0a 00 e0 d2 4a 55 d5 f2 4a 56 b5 f2 0a b4 8a f2 2b 00 00 10 7f f9 ff 17 c0 8e 40 f9 1b 78 7c f8 60 03 40 f9 1f 00 00 f1 09 42 3b d5 09 01 80 f2 29 00 c0 f2 0a 00 e0 d2 4a 55 d5 f2 4a 56 b5 f2 0a 3a 8b f2 2b 00 00 10 72 f9 ff 17 61 0b 40 f9 3f 00 00 f1 09 42 3b d5 09 01 80 f2 29 00 c0 f2 
kern  :info  : [  452.083596] rust_kjit: Final code con't: 0a 00 e0 d2 4a 55 d5 f2 4a 56 b5 f2 8a 35 8b f2 2b 00 00 10 67 f9 ff 17 61 0b 40 b9 3f 00 00 71 09 42 3b d5 09 01 80 f2 29 00 c0 f2 0a 00 e0 d2 4a 55 d5 f2 4a 56 b5 f2 8a 3e 8b f2 2b 00 00 10 5c f9 ff 17 9f 02 00 f1 09 42 3b d5 09 01 80 f2 49 00 c0 f2 0a 00 e0 d2 4a 55 d5 f2 4a 56 b5 f2 8a 95 8a f2 2b 00 00 10 52 f9 ff 17 97 ff ff 17 02 00 80 d2 29 00 80 d2 0a 00 e0 d2 4a 55 d5 f2 2a 56 b5 f2 0a b2 9f f2 2b 00 00 10 49 f9 ff 17 f4 03 00 aa 1f 00 00 f1 09 42 3b d5 09 01 80 f2 49 00 c0 f2 0a 00 e0 d2 4a 55 d5 f2 4a 56 b5 f2 8a 95 8a f2 2b 00 00 10 3e f9 ff 17 83 ff ff 17 1c 00 80 d2 e0 03 1c aa 29 00 80 d2 0a 00 e0 d2 4a 55 d5 f2 4a 56 b5 f2 0a 96 8b f2 2b 00 00 10 34 f9 ff 17 e0 03 14 aa 29 00 80 d2 0a 00 e0 d2 4a 55 d5 f2 4a 56 b5 f2 0a f2 9f f2 2b 00 00 10 
kern  :info  : [  452.083658] rust_kjit: Final code con't: 2c f9 ff 17 02 00 80 d2 01 00 80 52 e0 03 15 aa 29 00 80 d2 0a 00 e0 d2 4a 55 d5 f2 2a 56 b5 f2 0a 92 9d f2 2b 00 00 10 22 f9 ff 17 e0 03 15 aa 02 00 80 d2 21 00 80 52 29 00 80 d2 0a 00 e0 d2 4a 55 d5 f2 2a 56 b5 f2 0a 92 9d f2 2b 00 00 10 18 f9 ff 17 bf 02 00 f1 09 42 3b d5 09 01 80 f2 29 00 c0 f2 0a 00 e0 d2 4a 55 d5 f2 4a 56 b5 f2 0a 5b 8b f2 2b 00 00 10 0e f9 ff 17 e0 03 15 aa 29 00 80 d2 0a 00 e0 d2 4a 55 d5 f2 8a 56 b5 f2 0a 1a 8e f2 2b 00 00 10 06 f9 ff 17 01 00 e0 d2 41 55 d5 f2 01 58 b5 f2 01 00 80 f2 33 40 0b 91 61 22 07 91 e0 03 00 cb 29 00 80 d2 0a 00 e0 d2 4a 55 d5 f2 0a 57 b5 f2 0a 7c 9a f2 2b 00 00 10 f8 f8 ff 17 73 e2 04 91 e0 03 15 aa 29 00 80 d2 0a 00 e0 d2 4a 55 d5 f2 8a 56 b5 f2 0a 94 85 f2 2b 00 00 10 ef f8 ff 17 7f 02 00 b9 20 00 80 52 
kern  :info  : [  452.083717] rust_kjit: Final code con't: 29 00 80 d2 0a 00 e0 d2 4a 55 d5 f2 0a 56 b5 f2 0a 46 9d f2 2b 00 00 10 e6 f8 ff 17 14 00 80 d2 1f 20 03 d5 e0 03 14 aa 01 00 e0 d2 41 55 d5 f2 21 57 b5 f2 01 00 80 f2 21 e0 00 91 29 00 80 d2 0a 00 e0 d2 4a 55 d5 f2 6a 56 b5 f2 8a ee 82 f2 2b 00 00 10 d7 f8 ff 17 fc 03 00 aa 1f 00 00 f1 09 42 3b d5 09 01 80 f2 29 00 c0 f2 0a 00 e0 d2 4a 55 d5 f2 4a 56 b5 f2 0a a6 8a f2 2b 00 00 10 cc f8 ff 17 90 ff ff 17 00 00 40 b9 1f 18 00 71 09 42 3b d5 09 01 80 f2 29 00 c0 f2 0a 00 e0 d2 4a 55 d5 f2 4a 56 b5 f2 8a 16 8b f2 2b 00 00 10 c0 f8 ff 17 1f 08 00 71 09 42 3b d5 09 01 80 f2 49 00 c0 f2 0a 00 e0 d2 4a 55 d5 f2 4a 56 b5 f2 8a 71 8b f2 2b 00 00 10 b6 f8 ff 17 80 1b 40 f9 1a 00 80 d2 1f 00 00 f1 09 42 3b d5 09 01 80 f2 29 00 c0 f2 0a 00 e0 d2 4a 55 d5 f2 4a 56 b5 f2 
kern  :info  : [  452.083775] rust_kjit: Final code con't: 8a e3 8a f2 2b 00 00 10 aa f8 ff 17 00 00 e0 d2 40 55 d5 f2 60 57 b5 f2 00 00 86 f2 00 40 3e 91 20 1a 00 f9 00 00 e0 d2 40 55 d5 f2 a0 57 b5 f2 00 00 9e f2 00 b8 47 f9 20 16 00 f9 80 1f 40 f9 00 78 7a f8 01 00 40 b9 3f 08 00 71 09 42 3b d5 09 01 80 f2 49 00 c0 f2 0a 00 e0 d2 4a 55 d5 f2 4a 56 b5 f2 0a 6b 8b f2 2b 00 00 10 91 f8 ff 17 01 18 40 f9 3f 08 00 f1 09 42 3b d5 09 01 80 f2 49 01 c0 f2 0a 00 e0 d2 4a 55 d5 f2 4a 56 b5 f2 0a 62 8b f2 2b 00 00 10 86 f8 ff 17 01 1c 40 f9 22 00 40 f9 21 80 40 a9 5b 04 40 f9 f9 03 1b 2a 05 00 40 b9 36 04 40 f9 bf 08 00 71 09 42 3b d5 09 01 80 f2 49 00 c0 f2 0a 00 e0 d2 4a 55 d5 f2 4a 56 b5 f2 8a 5d 8b f2 2b 00 00 10 75 f8 ff 17 01 18 40 f9 3f 08 00 f1 09 42 3b d5 09 01 80 f2 49 01 c0 f2 0a 00 e0 d2 4a 55 d5 f2 4a 56 b5 f2 
kern  :info  : [  452.083833] rust_kjit: Final code con't: 8a 5d 8b f2 2b 00 00 10 6a f8 ff 17 00 1c 40 f9 00 08 40 f9 03 10 40 f9 7f 00 00 f1 09 42 3b d5 09 01 80 f2 29 00 c0 f2 0a 00 e0 d2 4a 55 d5 f2 4a 56 b5 f2 8a 66 8b f2 2b 00 00 10 5d f8 ff 17 e0 03 03 aa 23 0a 00 f9 25 1e 00 b9 29 00 80 d2 0a 00 e0 d2 4a 55 d5 f2 0a 56 b5 f2 0a 62 9c f2 2b 00 00 10 53 f8 ff 17 23 0a 40 f9 e1 03 00 aa e0 03 03 aa 29 00 80 d2 0a 00 e0 d2 4a 55 d5 f2 4a 56 b5 f2 0a e4 93 f2 2b 00 00 10 49 f8 ff 17 e4 03 00 aa e1 03 04 aa e0 03 15 aa 24 0a 00 f9 29 00 80 d2 0a 00 e0 d2 4a 55 d5 f2 4a 56 b5 f2 0a c0 87 f2 2b 00 00 10 3e f8 ff 17 e1 03 00 aa 24 0a 40 f9 25 1e 40 b9 1f 00 00 f1 09 42 3b d5 09 01 80 f2 29 00 c0 f2 0a 00 e0 d2 4a 55 d5 f2 4a 56 b5 f2 0a 0a 8b f2 2b 00 00 10 31 f8 ff 17 9f 00 00 f1 09 42 3b d5 09 01 80 f2 29 00 c0 f2 
kern  :info  : [  452.083890] rust_kjit: Final code con't: 0a 00 e0 d2 4a 55 d5 f2 4a 56 b5 f2 8a d9 8a f2 2b 00 00 10 27 f8 ff 17 83 f0 5f 38 63 08 00 12 7f 10 00 71 09 42 3b d5 09 01 80 f2 29 01 c0 f2 0a 00 e0 d2 4a 55 d5 f2 4a 56 b5 f2 8a d6 8a f2 2b 00 00 10 1b f8 ff 17 20 1a 40 f9 00 78 a3 b8 84 00 00 cb 20 16 40 f9 21 0a 00 f9 03 10 40 f9 e0 03 04 aa 49 00 80 d2 ea 03 03 aa 2b 00 00 10 10 f8 ff 17 3f 08 40 f2 09 42 3b d5 09 01 80 f2 49 00 c0 f2 0a 00 e0 d2 4a 55 d5 f2 4a 56 b5 f2 8a f6 8a f2 2b 00 00 10 06 f8 ff 17 23 04 40 f9 60 1c 40 f9 1f 00 00 f1 09 42 3b d5 09 01 80 f2 29 00 c0 f2 0a 00 e0 d2 4a 55 d5 f2 4a 56 b5 f2 0a ee 8a f2 2b 00 00 10 fa f7 ff 17 7f 03 16 6b 09 42 3b d5 09 01 80 f2 a9 01 c0 f2 0a 00 e0 d2 4a 55 d5 f2 4a 56 b5 f2 8a e1 8a f2 2b 00 00 10 f0 f7 ff 17 65 1c 40 f9 d6 06 00 11 61 40 40 b9 
kern  :info  : [  452.083947] rust_kjit: Final code con't: 24 04 00 11 64 40 00 b9 b9 d8 21 b8 39 07 00 11 3f 03 16 6b 09 42 3b d5 09 01 80 f2 49 00 c0 f2 0a 00 e0 d2 4a 55 d5 f2 4a 56 b5 f2 0a de 8a f2 2b 00 00 10 df f7 ff 17 f1 ff ff 17 80 1b 40 f9 5a 07 00 91 5f 03 00 eb 09 42 3b d5 09 01 80 f2 89 00 c0 f2 0a 00 e0 d2 4a 55 d5 f2 4a 56 b5 f2 0a be 8a f2 2b 00 00 10 d2 f7 ff 17 34 ff ff 17 29 00 80 d2 0a 00 e0 d2 4a 55 d5 f2 2a 56 b5 f2 0a 00 9d f2 2b 00 00 10 ca f7 ff 17 e0 03 1c aa 29 00 80 d2 0a 00 e0 d2 4a 55 d5 f2 4a 56 b5 f2 0a 96 8b f2 2b 00 00 10 c2 f7 ff 17 e0 03 14 aa 29 00 80 d2 0a 00 e0 d2 4a 55 d5 f2 4a 56 b5 f2 0a f2 9f f2 2b 00 00 10 ba f7 ff 17 02 00 80 d2 01 00 80 52 e0 03 15 aa 29 00 80 d2 0a 00 e0 d2 4a 55 d5 f2 2a 56 b5 f2 0a 92 9d f2 2b 00 00 10 b0 f7 ff 17 e0 03 15 aa 02 00 80 d2 21 00 80 52 
kern  :info  : [  452.084005] rust_kjit: Final code con't: 29 00 80 d2 0a 00 e0 d2 4a 55 d5 f2 2a 56 b5 f2 0a 92 9d f2 2b 00 00 10 a6 f7 ff 17 bf 02 00 f1 09 42 3b d5 09 01 80 f2 49 00 c0 f2 0a 00 e0 d2 4a 55 d5 f2 4a 56 b5 f2 0a 00 8b f2 2b 00 00 10 9c f7 ff 17 00 00 e0 d2 40 55 d5 f2 00 58 b5 f2 00 00 80 f2 00 40 0b 91 00 e0 04 91 1f 00 00 b9 34 22 40 f9 3b 72 4b a9 09 42 3b d5 09 01 80 f2 09 00 c0 f2 0a 00 e0 d2 4a 55 d5 f2 4a 56 b5 f2 0a 37 8a f2 2b 00 00 10 8a f7 ff 17 93 fb ff 17 20 00 a0 d2 23 0a 00 f9 29 00 80 d2 0a 00 e0 d2 4a 55 d5 f2 6a 56 b5 f2 8a 94 84 f2 2b 00 00 10 80 f7 ff 17 23 0a 40 f9 60 1c 00 f9 09 42 3b d5 09 01 80 f2 09 00 c0 f2 0a 00 e0 d2 4a 55 d5 f2 4a 56 b5 f2 0a dc 8a f2 2b 00 00 10 75 f7 ff 17 7b ff ff 17 01 00 80 d2 20 22 01 91 29 00 80 d2 0a 00 e0 d2 4a 55 d5 f2 0a 56 b5 f2 0a b8 9c f2 
kern  :info  : [  452.084062] rust_kjit: Final code con't: 2b 00 00 10 6b f7 ff 17 20 8a 44 a9 03 48 88 d2 e3 01 a0 f2 61 26 40 f9 00 08 03 9b 00 00 01 cb 60 2a 00 f9 09 42 3b d5 09 01 80 f2 09 00 c0 f2 0a 00 e0 d2 4a 55 d5 f2 4a 56 b5 f2 0a 21 8a f2 2b 00 00 10 5b f7 ff 17 c9 fa ff 17 33 1e 40 f9 02 03 80 d2 21 00 80 d2 00 00 e0 d2 40 55 d5 f2 00 57 b5 f2 00 00 9a f2 00 a0 14 91 63 02 40 f9 29 00 80 d2 0a 00 e0 d2 4a 55 d5 f2 0a 56 b5 f2 0a 50 9d f2 2b 00 00 10 4a f7 ff 17 60 02 40 f9 05 00 e0 d2 45 55 d5 f2 05 57 b5 f2 05 00 9a f2 03 00 e0 d2 43 55 d5 f2 03 57 b5 f2 03 00 9a f2 a5 00 16 91 63 60 15 91 02 00 e0 d2 42 55 d5 f2 02 57 b5 f2 02 00 9a f2 42 80 15 91 84 64 80 52 41 00 80 52 29 00 80 d2 0a 00 e0 d2 4a 55 d5 f2 0a 56 b5 f2 0a 9a 9c f2 2b 00 00 10 31 f7 ff 17 60 01 80 52 29 00 80 d2 0a 00 e0 d2 4a 55 d5 f2 
kern  :info  : [  452.084120] rust_kjit: Final code con't: 0a 56 b5 f2 0a cc 9c f2 2b 00 00 10 29 f7 ff 17 e0 03 15 aa 29 00 80 d2 0a 00 e0 d2 4a 55 d5 f2 8a 56 b5 f2 0a 1a 8e f2 2b 00 00 10 21 f7 ff 17 01 00 e0 d2 41 55 d5 f2 01 58 b5 f2 01 00 80 f2 34 40 0b 91 81 22 07 91 e0 03 00 cb 29 00 80 d2 0a 00 e0 d2 4a 55 d5 f2 0a 57 b5 f2 0a 7c 9a f2 2b 00 00 10 13 f7 ff 17 94 e2 04 91 e0 03 15 aa 29 00 80 d2 0a 00 e0 d2 4a 55 d5 f2 8a 56 b5 f2 0a 94 85 f2 2b 00 00 10 0a f7 ff 17 9f 02 00 b9 34 22 40 f9 3b 72 4b a9 09 42 3b d5 09 01 80 f2 09 00 c0 f2 0a 00 e0 d2 4a 55 d5 f2 4a 56 b5 f2 0a 37 8a f2 2b 00 00 10 fe f6 ff 17 07 fb ff 17 80 22 05 91 29 00 80 d2 0a 00 e0 d2 4a 55 d5 f2 0a 56 b5 f2 0a 98 9c f2 2b 00 00 10 f5 f6 ff 17 09 42 3b d5 09 01 80 f2 09 00 c0 f2 0a 00 e0 d2 4a 55 d5 f2 4a 56 b5 f2 8a 6d 8a f2 2b 00 00 10 
kern  :info  : [  452.084178] rust_kjit: Final code con't: ec f6 ff 17 35 fc ff 17 80 22 05 91 29 00 80 d2 0a 00 e0 d2 4a 55 d5 f2 0a 56 b5 f2 0a 60 9c f2 2b 00 00 10 e3 f6 ff 17 09 42 3b d5 09 01 80 f2 09 00 c0 f2 0a 00 e0 d2 4a 55 d5 f2 4a 56 b5 f2 0a 67 8a f2 2b 00 00 10 da f6 ff 17 f8 fb ff 17 20 1e 40 f9 e1 03 05 2a 03 00 e0 d2 43 55 d5 f2 23 57 b5 f2 03 00 80 f2 02 00 e0 d2 42 55 d5 f2 22 57 b5 f2 02 00 80 f2 63 20 01 91 42 40 05 91 00 00 40 f9 24 06 00 f9 29 00 80 d2 0a 00 e0 d2 4a 55 d5 f2 0a 56 b5 f2 0a 9a 9c f2 2b 00 00 10 c4 f6 ff 17 24 06 40 f9 9f 00 00 f1 09 42 3b d5 09 01 80 f2 29 00 c0 f2 0a 00 e0 d2 4a 55 d5 f2 4a 56 b5 f2 0a a6 8a f2 2b 00 00 10 b9 f6 ff 17 7d fd ff 17 80 f0 5f 38 00 08 00 12 1f 10 00 71 09 42 3b d5 09 01 80 f2 29 01 c0 f2 0a 00 e0 d2 4a 55 d5 f2 4a 56 b5 f2 8a 13 8b f2 2b 00 00 10 
kern  :info  : [  452.084236] rust_kjit: Final code con't: ac f6 ff 17 01 00 e0 d2 41 55 d5 f2 61 57 b5 f2 01 00 86 f2 21 40 3e 91 20 78 a0 b8 84 00 00 cb 01 00 e0 d2 41 55 d5 f2 a1 57 b5 f2 01 00 9e f2 21 b8 47 f9 e0 03 04 aa 21 10 40 f9 49 00 80 d2 ea 03 01 aa 2b 00 00 10 9a f6 ff 17 20 1e 40 f9 03 00 e0 d2 43 55 d5 f2 23 57 b5 f2 03 00 80 f2 84 13 40 f9 63 20 01 91 00 00 40 f9 02 00 e0 d2 42 55 d5 f2 22 57 b5 f2 02 00 80 f2 41 00 80 52 42 e0 01 91 29 00 80 d2 0a 00 e0 d2 4a 55 d5 f2 0a 56 b5 f2 0a 9a 9c f2 2b 00 00 10 85 f6 ff 17 09 42 3b d5 09 01 80 f2 09 00 c0 f2 0a 00 e0 d2 4a 55 d5 f2 4a 56 b5 f2 0a a6 8a f2 2b 00 00 10 7c f6 ff 17 40 fd ff 17 60 66 40 b9 29 00 80 d2 1f 7c 09 ea 09 42 3b d5 09 01 80 f2 49 00 c0 f2 0a 00 e0 d2 4a 55 d5 f2 4a 56 b5 f2 0a 34 8b f2 2b 00 00 10 6f f6 ff 17 81 86 40 f9 20 d8 60 f8 
kern  :info  : [  452.084294] rust_kjit: Final code con't: 14 08 40 f9 61 02 40 f9 80 06 40 b9 21 8c 40 b9 3f 00 00 6b 09 42 3b d5 09 01 80 f2 69 01 c0 f2 0a 00 e0 d2 4a 55 d5 f2 4a 56 b5 f2 0a 27 8b f2 2b 00 00 10 5f f6 ff 17 e0 03 14 aa 42 00 80 52 29 00 80 d2 0a 00 e0 d2 4a 55 d5 f2 2a 56 b5 f2 0a 9c 94 f2 2b 00 00 10 56 f6 ff 17 a0 f6 ff 17 61 02 40 f9 80 06 40 b9 21 8c 40 b9 3f 00 00 6b 09 42 3b d5 09 01 80 f2 69 01 c0 f2 0a 00 e0 d2 4a 55 d5 f2 4a 56 b5 f2 0a 27 8b f2 2b 00 00 10 48 f6 ff 17 e0 03 14 aa 22 00 80 52 29 00 80 d2 0a 00 e0 d2 4a 55 d5 f2 2a 56 b5 f2 0a 9c 94 f2 2b 00 00 10 3f f6 ff 17 89 f6 ff 17 60 02 40 f9 01 8c 40 b9 e0 03 14 aa e4 03 13 aa 03 00 e0 d2 43 55 d5 f2 43 56 b5 f2 03 00 80 f2 42 00 80 52 63 c0 13 91 29 00 80 d2 0a 00 e0 d2 4a 55 d5 f2 2a 56 b5 f2 0a 2e 96 f2 2b 00 00 10 2d f6 ff 17 
kern  :info  : [  452.084351] rust_kjit: Final code con't: 00 00 e0 d2 40 55 d5 f2 00 58 b5 f2 00 00 80 f2 00 40 0b 91 35 5a 48 a9 00 b4 40 b9 39 6a 4a a9 7f 22 00 f9 60 5a 00 b9 09 42 3b d5 09 01 80 f2 09 00 c0 f2 0a 00 e0 d2 4a 55 d5 f2 4a 56 b5 f2 8a 3e 8a f2 2b 00 00 10 1a f6 ff 17 52 fa ff 17 e0 03 13 aa 29 00 80 d2 0a 00 e0 d2 4a 55 d5 f2 2a 56 b5 f2 0a 6a 9f f2 2b 00 00 10 11 f6 ff 17 80 02 41 b9 1f 00 00 71 09 42 3b d5 09 01 80 f2 49 00 c0 f2 0a 00 e0 d2 4a 55 d5 f2 4a 56 b5 f2 8a 3d 8a f2 2b 00 00 10 06 f6 ff 17 3c fa ff 17 00 00 e0 d2 40 55 d5 f2 00 58 b5 f2 00 00 80 f2 00 68 41 f9 1f 00 00 f1 09 42 3b d5 09 01 80 f2 29 00 c0 f2 0a 00 e0 d2 4a 55 d5 f2 4a 56 b5 f2 8a 3d 8a f2 2b 00 00 10 f6 f5 ff 17 2c fa ff 17 35 5a 48 a9 21 00 80 52 39 6a 4a a9 01 28 00 b9 09 42 3b d5 09 01 80 f2 09 00 c0 f2 0a 00 e0 d2 
kern  :info  : [  452.084408] rust_kjit: Final code con't: 4a 55 d5 f2 4a 56 b5 f2 8a 3e 8a f2 2b 00 00 10 e8 f5 ff 17 20 fa ff 17 00 00 e0 d2 40 55 d5 f2 00 58 b5 f2 00 00 80 f2 14 68 41 f9 09 42 3b d5 09 01 80 f2 09 00 c0 f2 0a 00 e0 d2 4a 55 d5 f2 4a 56 b5 f2 0a 1e 8b f2 2b 00 00 10 d9 f5 ff 17 6d ff ff 17 03 00 e0 d2 43 55 d5 f2 63 57 b5 f2 03 00 86 f2 63 40 3e 91 01 00 e0 d2 41 55 d5 f2 01 57 b5 f2 01 00 9a f2 00 00 e0 d2 40 55 d5 f2 20 57 b5 f2 00 00 80 f2 63 40 01 91 21 40 2a 91 00 40 00 91 02 a5 80 52 29 00 80 d2 0a 00 e0 d2 4a 55 d5 f2 0a 56 b5 f2 0a 88 9c f2 2b 00 00 10 c0 f5 ff 17 03 00 e0 d2 43 55 d5 f2 63 57 b5 f2 03 00 86 f2 63 40 3e 91 01 00 e0 d2 41 55 d5 f2 01 57 b5 f2 01 00 9a f2 00 00 e0 d2 40 55 d5 f2 00 57 b5 f2 00 00 9e f2 63 40 01 91 21 40 2a 91 00 e0 3f 91 e2 a4 80 52 29 00 80 d2 0a 00 e0 d2 
kern  :info  : [  452.084483] rust_kjit: Final code con't: 4a 55 d5 f2 0a 56 b5 f2 0a 88 9c f2 2b 00 00 10 a8 f5 ff 17 03 00 e0 d2 43 55 d5 f2 63 57 b5 f2 03 00 86 f2 63 40 3e 91 01 00 e0 d2 41 55 d5 f2 01 57 b5 f2 01 00 9a f2 00 00 e0 d2 40 55 d5 f2 20 57 b5 f2 00 00 80 f2 63 40 01 91 21 40 2a 91 00 a0 00 91 22 a5 80 52 29 00 80 d2 0a 00 e0 d2 4a 55 d5 f2 0a 56 b5 f2 0a 88 9c f2 2b 00 00 10 90 f5 ff 17 03 00 e0 d2 43 55 d5 f2 a3 57 b5 f2 03 00 9e f2 63 f8 47 f9 62 04 80 d2 21 00 80 d2 00 00 e0 d2 40 55 d5 f2 00 57 b5 f2 00 00 9e f2 00 40 3d 91 3b 72 0b a9 63 00 40 f9 29 00 80 d2 0a 00 e0 d2 4a 55 d5 f2 0a 56 b5 f2 0a 50 9d f2 2b 00 00 10 7b f5 ff 17 20 00 80 52 29 00 80 d2 0a 00 e0 d2 4a 55 d5 f2 0a 56 b5 f2 0a 46 9d f2 2b 00 00 10 73 f5 ff 17 35 5a 08 a9 37 62 09 a9 39 6a 0a a9 02 00 e0 d2 42 55 d5 f2 02 57 b5 f2 
kern  :info  : [  452.084540] rust_kjit: Final code con't: 02 00 9e f2 00 00 e0 d2 40 55 d5 f2 a0 57 b5 f2 00 00 9e f2 00 f8 47 f9 42 00 3d 91 63 02 40 f9 41 00 80 52 00 00 40 f9 63 30 00 91 3b 72 0b a9 29 00 80 d2 0a 00 e0 d2 4a 55 d5 f2 0a 56 b5 f2 0a 9a 9c f2 2b 00 00 10 5a f5 ff 17 20 00 80 52 29 00 80 d2 0a 00 e0 d2 4a 55 d5 f2 0a 56 b5 f2 0a 46 9d f2 2b 00 00 10 52 f5 ff 17 00 00 e0 d2 40 55 d5 f2 a0 57 b5 f2 00 00 9e f2 00 f8 47 f9 e5 03 15 aa c3 02 40 f9 02 00 e0 d2 42 55 d5 f2 22 57 b5 f2 02 00 80 f2 00 00 40 f9 42 a0 06 91 c4 0a 40 b9 41 00 80 52 29 00 80 d2 0a 00 e0 d2 4a 55 d5 f2 0a 56 b5 f2 0a 9a 9c f2 2b 00 00 10 3c f5 ff 17 3b 72 0b a9 09 42 3b d5 09 01 80 f2 09 00 c0 f2 0a 00 e0 d2 4a 55 d5 f2 4a 56 b5 f2 0a b2 8a f2 2b 00 00 10 32 f5 ff 17 44 fc ff 17 00 00 e0 d2 40 55 d5 f2 a0 57 b5 f2 00 00 9e f2 
kern  :info  : [  452.084600] rust_kjit: Final code con't: 00 f8 47 f9 e3 03 15 aa 02 00 e0 d2 42 55 d5 f2 22 57 b5 f2 02 00 80 f2 41 00 80 52 42 40 06 91 00 00 40 f9 29 00 80 d2 0a 00 e0 d2 4a 55 d5 f2 0a 56 b5 f2 0a 9a 9c f2 2b 00 00 10 1d f5 ff 17 3b 72 0b a9 09 42 3b d5 09 01 80 f2 09 00 c0 f2 0a 00 e0 d2 4a 55 d5 f2 4a 56 b5 f2 0a b2 8a f2 2b 00 00 10 13 f5 ff 17 25 fc ff 17 00 00 e0 d2 40 55 d5 f2 00 58 b5 f2 00 00 80 f2 00 40 0b 91 00 e0 04 91 1f 00 00 b9 09 42 3b d5 09 01 80 f2 09 00 c0 f2 0a 00 e0 d2 4a 55 d5 f2 4a 56 b5 f2 0a b2 8a f2 2b 00 00 10 02 f5 ff 17 14 fc ff 17 03 00 e0 d2 43 55 d5 f2 63 57 b5 f2 03 00 86 f2 63 40 3e 91 01 00 e0 d2 41 55 d5 f2 01 57 b5 f2 01 00 9a f2 00 00 e0 d2 40 55 d5 f2 20 57 b5 f2 00 00 80 f2 63 40 01 91 21 40 2a 91 00 e0 03 91 02 a9 80 52 29 00 80 d2 0a 00 e0 d2 4a 55 d5 f2 
kern  :info  : [  452.084658] rust_kjit: Final code con't: 0a 56 b5 f2 0a 88 9c f2 2b 00 00 10 e9 f4 ff 17 03 00 e0 d2 43 55 d5 f2 63 57 b5 f2 03 00 86 f2 63 40 3e 91 01 00 e0 d2 41 55 d5 f2 01 57 b5 f2 01 00 9a f2 00 00 e0 d2 40 55 d5 f2 20 57 b5 f2 00 00 80 f2 63 40 01 91 21 40 2a 91 00 80 03 91 62 a8 80 52 29 00 80 d2 0a 00 e0 d2 4a 55 d5 f2 0a 56 b5 f2 0a 88 9c f2 2b 00 00 10 d1 f4 ff 17 03 00 e0 d2 43 55 d5 f2 63 57 b5 f2 03 00 86 f2 63 40 3e 91 01 00 e0 d2 41 55 d5 f2 01 57 b5 f2 01 00 9a f2 00 00 e0 d2 40 55 d5 f2 20 57 b5 f2 00 00 80 f2 63 40 01 91 21 40 2a 91 00 c0 04 91 22 a9 80 52 29 00 80 d2 0a 00 e0 d2 4a 55 d5 f2 0a 56 b5 f2 0a 88 9c f2 2b 00 00 10 b9 f4 ff 17 03 00 e0 d2 43 55 d5 f2 63 57 b5 f2 03 00 86 f2 63 40 3e 91 01 00 e0 d2 41 55 d5 f2 01 57 b5 f2 01 00 9a f2 00 00 e0 d2 40 55 d5 f2 20 57 b5 f2 
kern  :info  : [  452.084715] rust_kjit: Final code con't: 00 00 80 f2 63 40 01 91 21 40 2a 91 00 00 03 91 42 a8 80 52 29 00 80 d2 0a 00 e0 d2 4a 55 d5 f2 0a 56 b5 f2 0a 88 9c f2 2b 00 00 10 a1 f4 ff 17 35 5a 08 a9 39 6a 0a a9 3b 72 0b a9 29 00 80 d2 0a 00 e0 d2 4a 55 d5 f2 0a 56 b5 f2 0a 66 9c f2 2b 00 00 10 97 f4 ff 17 03 00 e0 d2 43 55 d5 f2 63 57 b5 f2 03 00 86 f2 63 40 3e 91 01 00 e0 d2 41 55 d5 f2 01 57 b5 f2 01 00 9a f2 00 00 e0 d2 40 55 d5 f2 20 57 b5 f2 00 00 80 f2 63 40 01 91 21 40 2a 91 00 60 02 91 e2 a7 80 52 29 00 80 d2 0a 00 e0 d2 4a 55 d5 f2 0a 56 b5 f2 0a 88 9c f2 2b 00 00 10 7f f4 ff 17 1f 20 03 d5 31 82 00 d1 03 00 e0 d2 43 55 d5 f2 a3 57 b5 f2 03 00 9e f2 63 c0 47 f9 e2 03 11 aa 30 7a 01 a9 30 42 00 91 64 00 40 f9 24 06 00 f9 04 00 80 d2 29 00 80 d2 0a 00 e0 d2 4a 55 d5 f2 4a 56 b5 f2 0a be 89 f2 
kern  :info  : [  452.084772] rust_kjit: Final code con't: 2b 00 00 10 6b f4 ff 17 1f 00 00 f1 22 02 40 f9 01 00 e0 d2 41 55 d5 f2 a1 57 b5 f2 01 00 9e f2 21 c0 47 f9 40 00 80 9a 23 06 40 f9 22 00 40 f9 63 00 02 eb 02 00 80 d2 09 42 3b d5 09 01 80 f2 49 00 c0 f2 0a 00 e0 d2 4a 55 d5 f2 4a 56 b5 f2 8a 82 8b f2 2b 00 00 10 56 f4 ff 17 30 7a 41 a9 31 82 00 91 1f 20 03 d5 89 00 80 d2 ea 03 1e aa 2b 00 00 10 4f f4 ff 17 29 00 80 d2 0a 00 e0 d2 4a 55 d5 f2 0a 56 b5 f2 0a 66 9c f2 2b 00 00 10 48 f4 ff 17 1f 20 03 d5 1f 20 03 d5 1f 20 03 d5 30 7a be a9 f0 03 11 aa 33 0a 00 f9 f3 03 00 aa 00 06 80 d2 29 00 80 d2 0a 00 e0 d2 4a 55 d5 f2 4a 56 b5 f2 0a 42 83 f2 2b 00 00 10 39 f4 ff 17 02 00 80 92 13 08 00 a9 1f 08 00 f9 1f fc 01 a9 33 0a 40 f9 30 7a c2 a8 1f 20 03 d5 89 00 80 d2 ea 03 1e aa 2b 00 00 10 2e f4 ff 17 
kern  :info  : [  452.085833] rust_kjit: BLR to unknown target 0xaaaaaab250d0 at 0xde0
kern  :info  : [  452.085877] rust_kjit: Regs: 
kern  :warn  : [  452.085878] 	X0: fffff7208000	X1: 00000000002c	X2: fffff72d2400	X3: 000000000001
kern  :warn  : [  452.085880] 	X4: aaaaaab250d0	X5: 000000002800	X6: 2d7017dd3358625f	X7: 00000000000a
kern  :warn  : [  452.085882] 	X8: 000000000015	X9: 000000000000	X10: 000000000000	X11: 000000000000
kern  :warn  : [  452.085883] 	X12: 000000000000	X13: 000000000000	X14: 000000000000	X15: 000000000000
kern  :warn  : [  452.085885] 	X16: aaaaaabdfe40	X17: fffff772ce00	X18: 0000000372cf	X19: 000000000128
kern  :warn  : [  452.085886] 	X20: fffff7208000	X21: 000000000580	X22: 00000000001b	X23: 00000000002b
kern  :warn  : [  452.085888] 	X24: 000000000001	X25: 000000000158	X26: 00000000002c	X27: aaaaaab8f000
kern  :warn  : [  452.085890] 	X28: aaaaaab8f000	X29: ffffffffea20	X30: aaaaaab1f5c4
kern  :info  : [  452.085891] rust_kjit: RDebug at 0xe48
kern  :info  : [  452.085892] rust_kjit: B to 0xaaaaaab25788 at 0x22c4
kern  :info  : [  452.085893] rust_kjit: Regs: 
kern  :warn  : [  452.085894] 	X0: fffff7ffdb50	X1: ffffffffffffffff	X2: 000000000000	X3: 000000000001
kern  :warn  : [  452.085895] 	X4: aaaaaab250d0	X5: 000000002800	X6: 2d7017dd3358625f	X7: 00000000000a
kern  :warn  : [  452.085897] 	X8: 000000000015	X9: 000000000000	X10: 000000000000	X11: 000000000000
kern  :warn  : [  452.085899] 	X12: 000000000000	X13: 000000000000	X14: 000000000000	X15: 000000000000
kern  :warn  : [  452.085900] 	X16: aaaaaabdfe40	X17: fffff772ce00	X18: 0000000372cf	X19: fffff72d2400
kern  :warn  : [  452.085902] 	X20: fffff7208000	X21: 000000000580	X22: 00000000001b	X23: 00000000002b
kern  :warn  : [  452.085903] 	X24: 000000000001	X25: 000000000158	X26: 00000000002c	X27: aaaaaab8f000
kern  :warn  : [  452.085905] 	X28: aaaaaab8f000	X29: ffffffffe9c0	X30: aaaaaab1f5c4
kern  :info  : [  452.085906] rust_kjit: RBl at 0x22e4
kern  :info  : [  452.085964] rust_kjit: Vlabel: 0xaaaaaab0e5c0 -> 0x2fdc	len 0x0 + ofst 0x2fdc
kern  :info  : [  452.085966] rust_kjit: Vlabel: 0xaaaaaab0e5c4 -> 0x2fec	len 0x10 + ofst 0x2fdc
kern  :info  : [  452.085967] rust_kjit: Vlabel: 0xaaaaaab0e5c8 -> 0x2ff0	len 0x14 + ofst 0x2fdc
kern  :info  : [  452.085969] rust_kjit: Vlabel: 0xaaaaaab0e5cc -> 0x2ff4	len 0x18 + ofst 0x2fdc
kern  :info  : [  452.085970] rust_kjit: Final code: 0f 00 80 d2 4f 55 d5 f2 af 57 b5 f2 0f 00 9e f2 ee 41 46 f9 ef 01 32 91 69 00 80 d2 ea 03 0e aa ee 1f 00 f9 ef 1b 00 f9 2b 00 00 10 22 f4 ff 17 
kern  :info  : [  452.085986] rust_kjit: BL to unknown target 0xaaaaaab0e5c0 at 0x2fdc
kern  :info  : [  452.085987] rust_kjit: Regs: 
kern  :warn  : [  452.085987] 	X0: ffffffffe9a8	X1: 000000000000	X2: 000000000000	X3: 000000000001
kern  :warn  : [  452.085989] 	X4: aaaaaab250d0	X5: 000000002800	X6: 2d7017dd3358625f	X7: 00000000000a
kern  :warn  : [  452.085991] 	X8: 000000000015	X9: 000000000000	X10: 000000000000	X11: 000000000000
kern  :warn  : [  452.085992] 	X12: 000000000000	X13: 000000000000	X14: 000000000000	X15: 000000000000
kern  :warn  : [  452.085994] 	X16: aaaaaabdfe40	X17: fffff772ce00	X18: 0000000372cf	X19: fffff72d2400
kern  :warn  : [  452.085995] 	X20: fffff7208000	X21: 000000000580	X22: 00000000001b	X23: 00000000002b
kern  :warn  : [  452.085997] 	X24: 000000000001	X25: 000000000158	X26: 00000000002c	X27: aaaaaab8f000
kern  :warn  : [  452.085999] 	X28: aaaaaab8f000	X29: ffffffffe9c0	X30: aaaaaab25794
kern  :info  : [  452.086000] rust_kjit: RBr at 0x3008
kern  :warn  : [  452.086471] rust_kjit: Unsupported Op for ARM64_INS_DMB
kern  :err   : [  452.086494] rust_kjit: In ARM64_INS_MRS
kern  :info  : [  452.086497] rust_kjit: CNTVCT_EL0
                              ,
kern  :warn  : [  452.086516] rust_kjit: disasm_no_addr failed, nop filled in for insn
kern  :warn  : [  452.086537] rust_kjit: Unsupported Op for ARM64_INS_DMB
kern  :err   : [  452.086628] rust_kjit: ConfRes - Unsupported insn: ARM64_INS_MADD
kern  :err   : [  452.086704] rust_kjit: BR JIT failed for 0xfffff7ffb5c8
kern  :info  : [  452.086705] rust_kjit: Leaving with cnt 27, svc_loop_cnt 0
kern  :info  : [  452.086722] rust_kjit: ###### Lift session 4 ######
kern  :info  : [  452.086723] rust_kjit: Regs: 
kern  :warn  : [  452.086723] 	X0: 000000000000	X1: 000000000003	X2: 00000000002c	X3: ffffffffe908
kern  :warn  : [  452.086725] 	X4: 00000000005b	X5: fffff72b3070	X6: 000000000eba	X7: 00000000000a
kern  :warn  : [  452.086727] 	X8: 000000000015	X9: 000000000000	X10: 000000000000	X11: 000000000000
kern  :warn  : [  452.086729] 	X12: 000000000000	X13: 000000004010	X14: 000000000000	X15: 000000000000
kern  :warn  : [  452.086730] 	X16: aaaaaabdfe40	X17: fffff772ce00	X18: 0000000372cf	X19: 0000fffffff9
kern  :warn  : [  452.086732] 	X20: 00000000002c	X21: fffff7208000	X22: 000000000580	X23: fffff720d000
kern  :warn  : [  452.086733] 	X24: ffffffffe9a0	X25: aaaaaab8f000	X26: 00000000002c	X27: aaaaaab8f000
kern  :warn  : [  452.086735] 	X28: aaaaaab8f000	X29: ffffffffe920	X30: aaaaaab1a570
kern  :info  : [  452.086736] rust_kjit: RDebug at 0x180
kern  :info  : [  452.086736] rust_kjit: B: Continue at 0x184
kern  :info  : [  452.086737] rust_kjit: Regs: 
kern  :warn  : [  452.086738] 	X0: 000000000000	X1: 000000000003	X2: 00000000002c	X3: ffffffffe908
kern  :warn  : [  452.086739] 	X4: 00000000005b	X5: fffff72b3070	X6: 000000000eba	X7: 00000000000a
kern  :warn  : [  452.086741] 	X8: 000000000015	X9: 000000000000	X10: 000000000000	X11: 000000000000
kern  :warn  : [  452.086743] 	X12: 000000000000	X13: 000000004010	X14: 000000000000	X15: 000000000000
kern  :warn  : [  452.086744] 	X16: aaaaaabdfe40	X17: fffff772ce00	X18: 0000000372cf	X19: 0000fffffff9
kern  :warn  : [  452.086746] 	X20: 00000000002c	X21: fffff7208000	X22: 000000000580	X23: fffff720d000
kern  :warn  : [  452.086747] 	X24: ffffffffe9a0	X25: aaaaaab8f000	X26: 00000000002c	X27: aaaaaab8f000
kern  :warn  : [  452.086749] 	X28: aaaaaab8f000	X29: ffffffffe920	X30: aaaaaab1a570
kern  :info  : [  452.086750] rust_kjit: RRet at 0x190 to known target 0xaaaaaab1a570
kern  :info  : [  452.086751] rust_kjit: Regs: 
kern  :warn  : [  452.086751] 	X0: 000000000000	X1: 000000000003	X2: 00000000002c	X3: ffffffffe908
kern  :warn  : [  452.086753] 	X4: 00000000005b	X5: fffff72b3070	X6: 000000000eba	X7: 00000000000a
kern  :warn  : [  452.086755] 	X8: 000000000015	X9: 000000000000	X10: 000000000000	X11: 000000000000
kern  :warn  : [  452.086756] 	X12: 000000000000	X13: 000000004010	X14: 000000000000	X15: 000000000000
kern  :warn  : [  452.086758] 	X16: aaaaaabdfe40	X17: fffff772ce00	X18: 0000000372cf	X19: 0000fffffff9
kern  :warn  : [  452.086759] 	X20: 00000000002c	X21: fffff7208000	X22: 000000000580	X23: fffff720d000
kern  :warn  : [  452.086761] 	X24: ffffffffe9a0	X25: aaaaaab8f000	X26: 00000000002c	X27: aaaaaab8f000
kern  :warn  : [  452.086762] 	X28: aaaaaab8f000	X29: ffffffffe920	X30: aaaaaab1a570
kern  :info  : [  452.086763] rust_kjit: RDebug at 0x314
kern  :info  : [  452.086764] rust_kjit: B: Continue at 0x318
kern  :info  : [  452.086765] rust_kjit: Regs: 
kern  :warn  : [  452.086765] 	X0: 000000000001	X1: 000000000003	X2: 000000000001	X3: 000000000035
kern  :warn  : [  452.086767] 	X4: 00000000005b	X5: fffff72b3070	X6: 000000000eba	X7: 00000000000a
kern  :warn  : [  452.086768] 	X8: 000000000015	X9: 000000000000	X10: 000000000000	X11: 000000000000
kern  :warn  : [  452.086770] 	X12: 000000000000	X13: 000000004010	X14: 000000000000	X15: 000000000000
kern  :warn  : [  452.086772] 	X16: aaaaaabdfe40	X17: fffff772ce00	X18: 0000000372cf	X19: 0000fffffff9
kern  :warn  : [  452.086773] 	X20: 00000000002c	X21: fffff7208000	X22: 000000000580	X23: fffff720d000
kern  :warn  : [  452.086775] 	X24: ffffffffe9a0	X25: aaaaaab8f000	X26: 00000000002c	X27: aaaaaab8f000
kern  :warn  : [  452.086776] 	X28: aaaaaab8f000	X29: ffffffffe920	X30: aaaaaab1a570
kern  :info  : [  452.086777] rust_kjit: RDebug at 0x35c
kern  :info  : [  452.086777] rust_kjit: B: Continue at 0x360
kern  :info  : [  452.086778] rust_kjit: Regs: 
kern  :warn  : [  452.086778] 	X0: fffff7ffdb50	X1: 000000000000	X2: 000000000000	X3: 000000000035
kern  :warn  : [  452.086780] 	X4: 00000000005b	X5: fffff72b3070	X6: 000000000eba	X7: 00000000000a
kern  :warn  : [  452.086782] 	X8: 000000000015	X9: 000000000000	X10: 000000000000	X11: 000000000000
kern  :warn  : [  452.086783] 	X12: 000000000000	X13: 000000004010	X14: 000000000000	X15: 000000000000
kern  :warn  : [  452.086785] 	X16: aaaaaabdfe40	X17: fffff772ce00	X18: 0000000372cf	X19: 0000fffffff9
kern  :warn  : [  452.086786] 	X20: 00000000002c	X21: fffff7208000	X22: 000000000580	X23: fffff720d000
kern  :warn  : [  452.086788] 	X24: ffffffffe9a0	X25: aaaaaab8f000	X26: 00000000002c	X27: aaaaaab8f000
kern  :warn  : [  452.086789] 	X28: aaaaaab8f000	X29: ffffffffe920	X30: aaaaaab1a570
kern  :info  : [  452.086790] rust_kjit: RRet at 0x384 to known target 0xaaaaaab25910
kern  :info  : [  452.086792] rust_kjit: Regs: 
kern  :warn  : [  452.086792] 	X0: fffff7ffdb50	X1: 000000000000	X2: 000000000000	X3: 000000000035
kern  :warn  : [  452.086794] 	X4: 00000000005b	X5: fffff72b3070	X6: 000000000eba	X7: 00000000000a
kern  :warn  : [  452.086795] 	X8: 000000000015	X9: 000000000000	X10: 000000000000	X11: 000000000000
kern  :warn  : [  452.086797] 	X12: 000000000000	X13: 000000004010	X14: 000000000000	X15: 000000000000
kern  :warn  : [  452.086798] 	X16: aaaaaabdfe40	X17: fffff772ce00	X18: 0000000372cf	X19: fffff72d2400
kern  :warn  : [  452.086800] 	X20: fffff7208000	X21: 000000000580	X22: 00000000001b	X23: aaaaaac002d0
kern  :warn  : [  452.086801] 	X24: ffffffffe9a0	X25: aaaaaab8f000	X26: 00000000002c	X27: aaaaaab8f000
kern  :warn  : [  452.086803] 	X28: aaaaaab8f000	X29: ffffffffe9c0	X30: aaaaaab25910
kern  :info  : [  452.086804] rust_kjit: RDebug at 0x2770
kern  :info  : [  452.086804] rust_kjit: B: Continue at 0x2774
kern  :info  : [  452.086805] rust_kjit: Regs: 
kern  :warn  : [  452.086806] 	X0: 000000002800	X1: 00000000002c	X2: 000000000000	X3: 000000000035
kern  :warn  : [  452.086807] 	X4: 00000000005b	X5: fffff72b3070	X6: 000000000eba	X7: 00000000000a
kern  :warn  : [  452.086809] 	X8: 000000000015	X9: 000000000000	X10: 000000000000	X11: 000000000000
kern  :warn  : [  452.086811] 	X12: 000000000000	X13: 000000004010	X14: 000000000000	X15: 000000000000
kern  :warn  : [  452.086812] 	X16: aaaaaabdfe40	X17: fffff772ce00	X18: 0000000372cf	X19: fffff72d2400
kern  :warn  : [  452.086814] 	X20: fffff7208000	X21: 000000000580	X22: 00000000001b	X23: aaaaaac002d0
kern  :warn  : [  452.086815] 	X24: ffffffffe9a0	X25: aaaaaab8f000	X26: 00000000002c	X27: aaaaaab8f000
kern  :warn  : [  452.086817] 	X28: aaaaaab8f000	X29: ffffffffe9c0	X30: aaaaaab25910
kern  :info  : [  452.086817] rust_kjit: RBl at 0x2794 to known target 0xaaaaaab1a4e0
kern  :info  : [  452.086819] rust_kjit: Regs: 
kern  :warn  : [  452.086820] 	X0: fffff7208000	X1: 00000000002c	X2: 000000000001	X3: 000000000035
kern  :warn  : [  452.086821] 	X4: 00000000005b	X5: fffff72b3070	X6: 000000000eba	X7: 00000000000a
kern  :warn  : [  452.086823] 	X8: 000000000015	X9: 000000000000	X10: 000000000000	X11: 000000000000
kern  :warn  : [  452.086825] 	X12: 000000000000	X13: 000000004010	X14: 000000000000	X15: 000000000000
kern  :warn  : [  452.086826] 	X16: aaaaaabdfe40	X17: fffff772ce00	X18: 0000000372cf	X19: fffff72d2400
kern  :warn  : [  452.086828] 	X20: fffff7208000	X21: 000000000580	X22: 00000000001b	X23: aaaaaac002d0
kern  :warn  : [  452.086829] 	X24: ffffffffe9a0	X25: aaaaaab8f000	X26: 00000000002c	X27: aaaaaab8f000
kern  :warn  : [  452.086831] 	X28: aaaaaab8f000	X29: ffffffffe9c0	X30: aaaaaab1a4e0
kern  :info  : [  452.086831] rust_kjit: RDebug at 0x230
kern  :info  : [  452.086832] rust_kjit: B: Continue at 0x234
kern  :info  : [  452.086833] rust_kjit: Regs: 
kern  :warn  : [  452.086834] 	X0: 000000000001	X1: 000000000000	X2: 000000000001	X3: 000000000035
kern  :warn  : [  452.086835] 	X4: 00000000005b	X5: fffff72b3070	X6: 000000000eba	X7: 00000000000a
kern  :warn  : [  452.086837] 	X8: 000000000015	X9: 000000000000	X10: 000000000000	X11: 000000000000
kern  :warn  : [  452.086838] 	X12: 000000000000	X13: 000000004010	X14: 000000000000	X15: 000000000000
kern  :warn  : [  452.086840] 	X16: aaaaaabdfe40	X17: fffff772ce00	X18: 0000000372cf	X19: fffff72d2400
kern  :warn  : [  452.086841] 	X20: 00000000002c	X21: fffff7208000	X22: 000000000580	X23: fffff720d000
kern  :warn  : [  452.086843] 	X24: ffffffffe9a0	X25: aaaaaab8f000	X26: 00000000002c	X27: aaaaaab8f000
kern  :warn  : [  452.086844] 	X28: aaaaaab8f000	X29: ffffffffe920	X30: aaaaaab1a4e0
kern  :info  : [  452.086845] rust_kjit: RDebug at 0x280
kern  :info  : [  452.086846] rust_kjit: B to 0xaaaaaab1a5c0 at 0x388
kern  :info  : [  452.086847] rust_kjit: Regs: 
kern  :warn  : [  452.086847] 	X0: 000000000003	X1: 000000000000	X2: 000000000000	X3: fffff7271000
kern  :warn  : [  452.086849] 	X4: 00000000005b	X5: fffff72b3070	X6: 000000000eba	X7: 00000000000a
kern  :warn  : [  452.086850] 	X8: 000000000015	X9: 000000000000	X10: 000000000000	X11: 000000000000
kern  :warn  : [  452.086852] 	X12: 000000000000	X13: 000000004010	X14: 000000000000	X15: 000000000000
kern  :warn  : [  452.086854] 	X16: aaaaaabdfe40	X17: fffff772ce00	X18: 0000000372cf	X19: 0000fffffffe
kern  :warn  : [  452.086855] 	X20: 00000000002c	X21: fffff7208000	X22: 000000000580	X23: fffff720d000
kern  :warn  : [  452.086857] 	X24: ffffffffe9a0	X25: aaaaaab8f000	X26: 00000000002c	X27: aaaaaab8f000
kern  :warn  : [  452.086858] 	X28: aaaaaab8f000	X29: ffffffffe920	X30: aaaaaab1a4e0
kern  :info  : [  452.086859] rust_kjit: RDebug at 0x3ac
kern  :info  : [  452.086859] rust_kjit: B: Continue at 0x3b0
kern  :info  : [  452.086860] rust_kjit: Regs: 
kern  :warn  : [  452.086860] 	X0: 000000000003	X1: 000000000000	X2: 000000000000	X3: fffff7271000
kern  :warn  : [  452.086862] 	X4: 00000000005b	X5: fffff72b3070	X6: 000000000eba	X7: 00000000000a
kern  :warn  : [  452.086864] 	X8: 000000000015	X9: 000000000000	X10: 000000000000	X11: 000000000000
kern  :warn  : [  452.086865] 	X12: 000000000000	X13: 000000004010	X14: 000000000000	X15: 000000000000
kern  :warn  : [  452.086867] 	X16: aaaaaabdfe40	X17: fffff772ce00	X18: 0000000372cf	X19: 0000fffffffe
kern  :warn  : [  452.086868] 	X20: 00000000002c	X21: fffff7208000	X22: 000000000580	X23: fffff720d000
kern  :warn  : [  452.086870] 	X24: ffffffffe9a0	X25: aaaaaab8f000	X26: 00000000002c	X27: aaaaaab8f000
kern  :warn  : [  452.086871] 	X28: aaaaaab8f000	X29: ffffffffe920	X30: aaaaaab1a4e0
kern  :info  : [  452.086872] rust_kjit: RDebug at 0x3d8
kern  :info  : [  452.086873] rust_kjit: B: Continue at 0x3dc
kern  :info  : [  452.086873] rust_kjit: Regs: 
kern  :warn  : [  452.086874] 	X0: 000000000003	X1: 000000000000	X2: 000000000000	X3: fffff7271000
kern  :warn  : [  452.086875] 	X4: 00000000005b	X5: fffff72b3070	X6: 000000000eba	X7: 00000000000a
kern  :warn  : [  452.086877] 	X8: 000000000015	X9: 000000000000	X10: 000000000000	X11: 000000000000
kern  :warn  : [  452.086878] 	X12: 000000000000	X13: 000000004010	X14: 000000000000	X15: 000000000000
kern  :warn  : [  452.086880] 	X16: aaaaaabdfe40	X17: fffff772ce00	X18: 0000000372cf	X19: 0000fffffffe
kern  :warn  : [  452.086881] 	X20: 00000000002c	X21: fffff7208000	X22: 000000000580	X23: fffff720d000
kern  :warn  : [  452.086883] 	X24: ffffffffe9a0	X25: aaaaaab8f000	X26: 00000000002c	X27: aaaaaab8f000
kern  :warn  : [  452.086884] 	X28: aaaaaab8f000	X29: ffffffffe920	X30: aaaaaab1a4e0
kern  :info  : [  452.086885] rust_kjit: RBl at 0x2dc
kern  :info  : [  452.086934] rust_kjit: Vlabel: 0xaaaaaab0e940 -> 0x300c	len 0x0 + ofst 0x300c
kern  :info  : [  452.086936] rust_kjit: Vlabel: 0xaaaaaab0e944 -> 0x301c	len 0x10 + ofst 0x300c
kern  :info  : [  452.086937] rust_kjit: Vlabel: 0xaaaaaab0e948 -> 0x3020	len 0x14 + ofst 0x300c
kern  :info  : [  452.086938] rust_kjit: Vlabel: 0xaaaaaab0e94c -> 0x3024	len 0x18 + ofst 0x300c
kern  :info  : [  452.086939] rust_kjit: Final code: 0f 00 80 d2 4f 55 d5 f2 af 57 b5 f2 0f 00 9e f2 ee 21 47 f9 ef 01 39 91 69 00 80 d2 ea 03 0e aa ee 1f 00 f9 ef 1b 00 f9 2b 00 00 10 16 f4 ff 17 
kern  :info  : [  452.086956] rust_kjit: BL to unknown target 0xaaaaaab0e940 at 0x300c
kern  :info  : [  452.086956] rust_kjit: Regs: 
kern  :warn  : [  452.086956] 	X0: 000000000003	X1: 000000000003	X2: 00000000002c	X3: ffffffffe908
kern  :warn  : [  452.086958] 	X4: 00000000005b	X5: fffff72b3070	X6: 000000000eba	X7: 00000000000a
kern  :warn  : [  452.086960] 	X8: 000000000015	X9: 000000000000	X10: 000000000000	X11: 000000000000
kern  :warn  : [  452.086961] 	X12: 000000000000	X13: 000000004010	X14: 000000000000	X15: 000000000000
kern  :warn  : [  452.086963] 	X16: aaaaaabdfe40	X17: fffff772ce00	X18: 0000000372cf	X19: 0000fffffffe
kern  :warn  : [  452.086965] 	X20: 00000000002c	X21: fffff7208000	X22: 000000000580	X23: fffff720d000
kern  :warn  : [  452.086966] 	X24: ffffffffe9a0	X25: aaaaaab8f000	X26: 00000000002c	X27: aaaaaab8f000
kern  :warn  : [  452.086968] 	X28: aaaaaab8f000	X29: ffffffffe920	X30: aaaaaab1a570
kern  :info  : [  452.086969] rust_kjit: RBr at 0x3038
kern  :info  : [  452.086979] rust_kjit: Loop detected
kern  :info  : [  452.086992] rust_kjit: Vlabel: 0xfffff772ce00 -> 0x303c	len 0x0 + ofst 0x303c
kern  :info  : [  452.086993] rust_kjit: Vlabel: 0xfffff772ce04 -> 0x3040	len 0x4 + ofst 0x303c
kern  :info  : [  452.086994] rust_kjit: Vlabel: 0xfffff772ce08 -> 0x3044	len 0x8 + ofst 0x303c
kern  :info  : [  452.086995] rust_kjit: Vlabel: 0xfffff772ce0c -> 0x3054	len 0x18 + ofst 0x303c
kern  :info  : [  452.086996] rust_kjit: Final code: 1f 20 03 d5 a8 02 80 d2 09 00 80 d2 ea 03 08 aa 2b 00 00 10 10 f4 ff 17 42 f4 ff 17 
kern  :info  : [  452.087005] rust_kjit: BR to 0xfffff772ce00 at 0x303c
kern  :info  : [  452.087006] rust_kjit: Regs: 
kern  :warn  : [  452.087006] 	X0: 000000000003	X1: 000000000003	X2: 00000000002c	X3: ffffffffe908
kern  :warn  : [  452.087008] 	X4: 00000000005b	X5: fffff72b3070	X6: 000000000eba	X7: 00000000000a
kern  :warn  : [  452.087010] 	X8: 000000000015	X9: 000000000000	X10: 000000000000	X11: 000000000000
kern  :warn  : [  452.087011] 	X12: 000000000000	X13: 000000004010	X14: 000000000000	X15: 000000000000
kern  :warn  : [  452.087013] 	X16: aaaaaabdfe40	X17: fffff772ce00	X18: 0000000372cf	X19: 0000fffffffe
kern  :warn  : [  452.087014] 	X20: 00000000002c	X21: fffff7208000	X22: 000000000580	X23: fffff720d000
kern  :warn  : [  452.087016] 	X24: ffffffffe9a0	X25: aaaaaab8f000	X26: 00000000002c	X27: aaaaaab8f000
kern  :warn  : [  452.087017] 	X28: aaaaaab8f000	X29: ffffffffe920	X30: aaaaaab1a570
kern  :info  : [  452.087018] rust_kjit: RSvc at 0x3050
kern  :info  : [  452.087019] rust_kjit: Regs: 
kern  :warn  : [  452.087019] 	X0: 000000000000	X1: 000000000003	X2: 00000000002c	X3: ffffffffe908
kern  :warn  : [  452.087021] 	X4: 00000000005b	X5: fffff72b3070	X6: 000000000eba	X7: 00000000000a
kern  :warn  : [  452.087023] 	X8: 000000000015	X9: 000000000000	X10: 000000000000	X11: 000000000000
kern  :warn  : [  452.087024] 	X12: 000000000000	X13: 000000004010	X14: 000000000000	X15: 000000000000
kern  :warn  : [  452.087026] 	X16: aaaaaabdfe40	X17: fffff772ce00	X18: 0000000372cf	X19: 0000fffffffe
kern  :warn  : [  452.087027] 	X20: 00000000002c	X21: fffff7208000	X22: 000000000580	X23: fffff720d000
kern  :warn  : [  452.087029] 	X24: ffffffffe9a0	X25: aaaaaab8f000	X26: 00000000002c	X27: aaaaaab8f000
kern  :warn  : [  452.087030] 	X28: aaaaaab8f000	X29: ffffffffe920	X30: aaaaaab1a570
kern  :info  : [  452.087031] rust_kjit: RDebug at 0x180
kern  :info  : [  452.087031] rust_kjit: B: Continue at 0x184
kern  :info  : [  452.087032] rust_kjit: Regs: 
kern  :warn  : [  452.087032] 	X0: 000000000000	X1: 000000000003	X2: 00000000002c	X3: ffffffffe908
kern  :warn  : [  452.087034] 	X4: 00000000005b	X5: fffff72b3070	X6: 000000000eba	X7: 00000000000a
kern  :warn  : [  452.087036] 	X8: 000000000015	X9: 000000000000	X10: 000000000000	X11: 000000000000
kern  :warn  : [  452.087037] 	X12: 000000000000	X13: 000000004010	X14: 000000000000	X15: 000000000000
kern  :warn  : [  452.087039] 	X16: aaaaaabdfe40	X17: fffff772ce00	X18: 0000000372cf	X19: 0000fffffffe
kern  :warn  : [  452.087040] 	X20: 00000000002c	X21: fffff7208000	X22: 000000000580	X23: fffff720d000
kern  :warn  : [  452.087042] 	X24: ffffffffe9a0	X25: aaaaaab8f000	X26: 00000000002c	X27: aaaaaab8f000
kern  :warn  : [  452.087043] 	X28: aaaaaab8f000	X29: ffffffffe920	X30: aaaaaab1a570
kern  :info  : [  452.087044] rust_kjit: RRet at 0x190 to known target 0xaaaaaab1a570
kern  :info  : [  452.087045] rust_kjit: Regs: 
kern  :warn  : [  452.087046] 	X0: 000000000000	X1: 000000000003	X2: 00000000002c	X3: ffffffffe908
kern  :warn  : [  452.087047] 	X4: 00000000005b	X5: fffff72b3070	X6: 000000000eba	X7: 00000000000a
kern  :warn  : [  452.087049] 	X8: 000000000015	X9: 000000000000	X10: 000000000000	X11: 000000000000
kern  :warn  : [  452.087051] 	X12: 000000000000	X13: 000000004010	X14: 000000000000	X15: 000000000000
kern  :warn  : [  452.087052] 	X16: aaaaaabdfe40	X17: fffff772ce00	X18: 0000000372cf	X19: 0000fffffffe
kern  :warn  : [  452.087054] 	X20: 00000000002c	X21: fffff7208000	X22: 000000000580	X23: fffff720d000
kern  :warn  : [  452.087055] 	X24: ffffffffe9a0	X25: aaaaaab8f000	X26: 00000000002c	X27: aaaaaab8f000
kern  :warn  : [  452.087057] 	X28: aaaaaab8f000	X29: ffffffffe920	X30: aaaaaab1a570
kern  :info  : [  452.087058] rust_kjit: RDebug at 0x314
kern  :info  : [  452.087058] rust_kjit: B: Continue at 0x318
kern  :info  : [  452.087059] rust_kjit: Regs: 
kern  :warn  : [  452.087059] 	X0: 000000000001	X1: 000000000003	X2: 000000000000	X3: 000000000035
kern  :warn  : [  452.087061] 	X4: 00000000005b	X5: fffff72b3070	X6: 000000000eba	X7: 00000000000a
kern  :warn  : [  452.087063] 	X8: 000000000015	X9: 000000000000	X10: 000000000000	X11: 000000000000
kern  :warn  : [  452.087064] 	X12: 000000000000	X13: 000000004010	X14: 000000000000	X15: 000000000000
kern  :warn  : [  452.087066] 	X16: aaaaaabdfe40	X17: fffff772ce00	X18: 0000000372cf	X19: 0000fffffffe
kern  :warn  : [  452.087067] 	X20: 00000000002c	X21: fffff7208000	X22: 000000000580	X23: fffff720d000
kern  :warn  : [  452.087069] 	X24: ffffffffe9a0	X25: aaaaaab8f000	X26: 00000000002c	X27: aaaaaab8f000
kern  :warn  : [  452.087070] 	X28: aaaaaab8f000	X29: ffffffffe920	X30: aaaaaab1a570
kern  :info  : [  452.087071] rust_kjit: RDebug at 0x35c
kern  :info  : [  452.087072] rust_kjit: B: Continue at 0x360
kern  :info  : [  452.087073] rust_kjit: Regs: 
kern  :warn  : [  452.087073] 	X0: fffff7ffdb50	X1: 000000000000	X2: 000000000000	X3: 000000000035
kern  :warn  : [  452.087075] 	X4: 00000000005b	X5: fffff72b3070	X6: 000000000eba	X7: 00000000000a
kern  :warn  : [  452.087076] 	X8: 000000000015	X9: 000000000000	X10: 000000000000	X11: 000000000000
kern  :warn  : [  452.087078] 	X12: 000000000000	X13: 000000004010	X14: 000000000000	X15: 000000000000
kern  :warn  : [  452.087080] 	X16: aaaaaabdfe40	X17: fffff772ce00	X18: 0000000372cf	X19: 0000fffffffe
kern  :warn  : [  452.087081] 	X20: 00000000002c	X21: fffff7208000	X22: 000000000580	X23: fffff720d000
kern  :warn  : [  452.087083] 	X24: ffffffffe9a0	X25: aaaaaab8f000	X26: 00000000002c	X27: aaaaaab8f000
kern  :warn  : [  452.087084] 	X28: aaaaaab8f000	X29: ffffffffe920	X30: aaaaaab1a570
kern  :info  : [  452.087085] rust_kjit: RRet at 0x384 to known target 0xaaaaaab1a4e0
kern  :info  : [  452.087086] rust_kjit: Regs: 
kern  :warn  : [  452.087086] 	X0: fffff7ffdb50	X1: 000000000000	X2: 000000000000	X3: 000000000035
kern  :warn  : [  452.087088] 	X4: 00000000005b	X5: fffff72b3070	X6: 000000000eba	X7: 00000000000a
kern  :warn  : [  452.087090] 	X8: 000000000015	X9: 000000000000	X10: 000000000000	X11: 000000000000
kern  :warn  : [  452.087091] 	X12: 000000000000	X13: 000000004010	X14: 000000000000	X15: 000000000000
kern  :warn  : [  452.087093] 	X16: aaaaaabdfe40	X17: fffff772ce00	X18: 0000000372cf	X19: fffff72d2400
kern  :warn  : [  452.087094] 	X20: fffff7208000	X21: 000000000580	X22: 00000000001b	X23: aaaaaac002d0
kern  :warn  : [  452.087096] 	X24: ffffffffe9a0	X25: aaaaaab8f000	X26: 00000000002c	X27: aaaaaab8f000
kern  :warn  : [  452.087097] 	X28: aaaaaab8f000	X29: ffffffffe9c0	X30: aaaaaab1a4e0
kern  :info  : [  452.087098] rust_kjit: RDebug at 0x230
kern  :info  : [  452.087099] rust_kjit: B: Continue at 0x234
kern  :info  : [  452.087099] rust_kjit: Regs: 
kern  :warn  : [  452.087100] 	X0: 000063726161	X1: 000000000000	X2: 000000000000	X3: 000000000035
kern  :warn  : [  452.087101] 	X4: 00000000005b	X5: fffff72b3070	X6: 000000000eba	X7: 00000000000a
kern  :warn  : [  452.087103] 	X8: 000000000015	X9: 000000000000	X10: 000000000000	X11: 000000000000
kern  :warn  : [  452.087105] 	X12: 000000000000	X13: 000000004010	X14: 000000000000	X15: 000000000000
kern  :warn  : [  452.087106] 	X16: aaaaaabdfe40	X17: fffff772ce00	X18: 0000000372cf	X19: fffff72d2400
kern  :warn  : [  452.087108] 	X20: 000000000000	X21: fffff7ffdb50	X22: 000000000000	X23: fffffffff1e8
kern  :warn  : [  452.087109] 	X24: ffffffffe9a0	X25: aaaaaab8f000	X26: 00000000002c	X27: aaaaaab8f000
kern  :warn  : [  452.087111] 	X28: aaaaaab8f000	X29: ffffffffe920	X30: aaaaaab1a4e0

