kern  :info  : [  356.127567] rust_kjit: Hot SVC at 0xfffff772ce0c with PID 3030 on CPU 4
kern  :info  : [  356.127711] rust_kjit: BB at 0xfffff7668660
kern  :info  : [  356.127712] rust_kjit: BB: 22 0c 00 f0 42 ec 46 f9 43 d0 3b d5 fd 7b bf a9 e1 03 00 aa e1 03 01 4b fd 03 00 91 61 68 22 b8 00 00 80 92 fd 7b c1 a8 c0 03 5f d6 
kern  :info  : [  356.127725] rust_kjit: BB at 0xfffff772ce0c
kern  :info  : [  356.127726] rust_kjit: BB: 1f fc 3f b1 42 00 00 54 
kern  :info  : [  356.127729] rust_kjit: BB at 0xfffff772ce14
kern  :info  : [  356.127729] rust_kjit: BB: c0 03 5f d6 
kern  :info  : [  356.127730] rust_kjit: BB at 0xfffff772ce18
kern  :info  : [  356.127731] rust_kjit: BB: 12 ee fc 17 
kern  :info  : [  356.127895] rust_kjit: Vlabel: 0xfffff7668660 -> 0x118	len 0x118 + ofst 0x0
kern  :info  : [  356.127897] rust_kjit: Vlabel: 0xfffff7668664 -> 0x128	len 0x128 + ofst 0x0
kern  :info  : [  356.127898] rust_kjit: Vlabel: 0xfffff7668668 -> 0x12c	len 0x12c + ofst 0x0
kern  :info  : [  356.127899] rust_kjit: Vlabel: 0xfffff766866c -> 0x130	len 0x130 + ofst 0x0
kern  :info  : [  356.127900] rust_kjit: Vlabel: 0xfffff7668670 -> 0x134	len 0x134 + ofst 0x0
kern  :info  : [  356.127901] rust_kjit: Vlabel: 0xfffff7668674 -> 0x138	len 0x138 + ofst 0x0
kern  :info  : [  356.127902] rust_kjit: Vlabel: 0xfffff7668678 -> 0x13c	len 0x13c + ofst 0x0
kern  :info  : [  356.127902] rust_kjit: Vlabel: 0xfffff766867c -> 0x140	len 0x140 + ofst 0x0
kern  :info  : [  356.127903] rust_kjit: Vlabel: 0xfffff7668680 -> 0x144	len 0x144 + ofst 0x0
kern  :info  : [  356.127904] rust_kjit: Vlabel: 0xfffff7668684 -> 0x148	len 0x148 + ofst 0x0
kern  :info  : [  356.127905] rust_kjit: Vlabel: 0xfffff7668688 -> 0x14c	len 0x14c + ofst 0x0
kern  :info  : [  356.127907] rust_kjit: Vlabel: 0xfffff772ce0c -> 0x15c	len 0x15c + ofst 0x0
kern  :info  : [  356.127908] rust_kjit: Vlabel: 0xfffff772ce10 -> 0x160	len 0x160 + ofst 0x0
kern  :info  : [  356.127909] rust_kjit: Vlabel: 0xfffff772ce14 -> 0x184	len 0x184 + ofst 0x0
kern  :info  : [  356.127910] rust_kjit: Vlabel: 0xfffff772ce18 -> 0x194	len 0x194 + ofst 0x0
kern  :info  : [  356.127911] rust_kjit: Vlabel: 0xfffff7668660 -> 0x1b8	len 0x1b8 + ofst 0x0
kern  :info  : [  356.127912] rust_kjit: Final code: fd 7b b4 a9 fd 03 00 91 f2 2f 00 f9 f3 53 06 a9 f5 5b 07 a9 f7 63 08 a9 f9 6b 09 a9 fb 73 0a a9 f0 03 00 aa f1 03 01 aa f0 47 0b a9 00 06 40 a9 02 0e 41 a9 04 16 42 a9 06 1e 43 a9 08 26 44 a9 0a 2e 45 a9 0c 36 46 a9 0e 3e 47 a9 12 4e 49 a9 14 56 4a a9 16 5e 4b a9 18 66 4c a9 1a 6e 4d a9 1c 72 40 f9 1e 7a 40 f9 11 76 40 f9 f1 23 00 f9 11 7e 40 f9 f1 27 00 f9 10 46 48 a9 ec 37 01 a9 ee 3f 02 a9 f0 47 03 a9 f0 47 44 a9 34 00 00 14 f0 47 04 a9 f0 47 4b a9 2a 2e 00 a9 ee 3f 41 a9 0e 3e 06 a9 ee 3f 42 a9 0e 3e 07 a9 ee 3f 43 a9 0e 3e 08 a9 ee 23 40 f9 0e 76 00 f9 ee 27 40 f9 0e 7e 00 f9 00 06 00 a9 02 0e 01 a9 04 16 02 a9 06 1e 03 a9 08 22 00 f9 12 4e 09 a9 14 56 0a a9 16 5e 0b a9 18 66 0c a9 1a 6e 0d a9 1c 72 00 f9 1e 7a 00 f9 e0 03 09 aa f2 2f 40 f9 f3 53 46 a9 
kern  :info  : [  356.128026] rust_kjit: Final code con't: f5 5b 47 a9 f7 63 48 a9 f9 6b 49 a9 fb 73 4a a9 fd 7b cc a8 c0 03 5f d6 02 00 e0 d2 e2 ff df f2 c2 ef be f2 02 00 9e f2 42 ec 46 f9 43 d0 3b d5 30 7a bf a9 e1 03 00 aa e1 03 01 4b f0 03 11 aa 61 68 22 b8 00 00 80 92 30 7a c1 a8 89 00 80 d2 ea 03 1e aa 2b 00 00 10 ce ff ff 17 1f fc 3f b1 09 42 3b d5 09 01 80 f2 69 00 c0 f2 0a 00 e0 d2 ea ff df f2 4a ee be f2 0a c3 99 f2 2b 00 00 10 c4 ff ff 17 89 00 80 d2 ea 03 1e aa 2b 00 00 10 c0 ff ff 17 09 42 3b d5 09 01 80 f2 09 00 c0 f2 0a 00 e0 d2 ea ff df f2 ca ec be f2 0a cc 90 f2 2b 00 00 10 b7 ff ff 17 d8 ff ff 17 
kern  :info  : [  356.128188] rust_kjit: ###### Lift session 1 ######
kern  :info  : [  356.128190] rust_kjit: Regs: 
kern  :warn  : [  356.128190] 	X0: 000000000000	X1: 000000000002	X2: 00000000001e	X3: ffffffffe908
kern  :warn  : [  356.128193] 	X4: 00000000005f	X5: fffff72b3070	X6: 000000000c69	X7: 00000000000a
kern  :warn  : [  356.128195] 	X8: 000000000015	X9: 000000000000	X10: 000000000000	X11: 000000000000
kern  :warn  : [  356.128198] 	X12: 000000000000	X13: 000000004010	X14: 000000000000	X15: 000000000000
kern  :warn  : [  356.128200] 	X16: aaaaaabdfe40	X17: fffff772ce00	X18: 0000000372cf	X19: 0000fffffffe
kern  :warn  : [  356.128202] 	X20: 00000000001e	X21: fffff7208000	X22: 0000000003c0	X23: fffff720d000
kern  :warn  : [  356.128204] 	X24: ffffffffe9a0	X25: aaaaaab8f000	X26: 00000000001e	X27: aaaaaab8f000
kern  :warn  : [  356.128206] 	X28: aaaaaab8f000	X29: ffffffffe920	X30: aaaaaab1a5dc
kern  :info  : [  356.128207] rust_kjit: RDebug at 0x180, continue at 0x184
kern  :info  : [  356.128209] rust_kjit: Regs: 
kern  :warn  : [  356.128210] 	X0: 000000000000	X1: 000000000002	X2: 00000000001e	X3: ffffffffe908
kern  :warn  : [  356.128212] 	X4: 00000000005f	X5: fffff72b3070	X6: 000000000c69	X7: 00000000000a
kern  :warn  : [  356.128214] 	X8: 000000000015	X9: 000000000000	X10: 000000000000	X11: 000000000000
kern  :warn  : [  356.128216] 	X12: 000000000000	X13: 000000004010	X14: 000000000000	X15: 000000000000
kern  :warn  : [  356.128218] 	X16: aaaaaabdfe40	X17: fffff772ce00	X18: 0000000372cf	X19: 0000fffffffe
kern  :warn  : [  356.128220] 	X20: 00000000001e	X21: fffff7208000	X22: 0000000003c0	X23: fffff720d000
kern  :warn  : [  356.128222] 	X24: ffffffffe9a0	X25: aaaaaab8f000	X26: 00000000001e	X27: aaaaaab8f000
kern  :warn  : [  356.128224] 	X28: aaaaaab8f000	X29: ffffffffe920	X30: aaaaaab1a5dc
kern  :info  : [  356.128225] rust_kjit: RRet at 0x190
kern  :info  : [  356.128592] rust_kjit: BB at 0xaaaaaab1a588
kern  :info  : [  356.128594] rust_kjit: BB: 20 06 00 b0 00 c0 47 f9 e2 0f 40 f9 01 00 40 f9 42 00 01 eb 01 00 80 d2 61 05 00 54 
kern  :info  : [  356.128602] rust_kjit: BB at 0xaaaaaab1a5a4
kern  :info  : [  356.128603] rust_kjit: BB: fd 7b 42 a9 f3 53 43 a9 f5 5b 44 a9 f7 2b 40 f9 ff 83 01 91 bf 23 03 d5 c0 03 5f d6 
kern  :info  : [  356.128610] rust_kjit: BB at 0xaaaaaab1a5dc
kern  :info  : [  356.128611] rust_kjit: BB: e0 6a 76 b8 a3 02 40 b9 62 02 00 6a e2 6a 36 b8 80 02 43 7a c1 fc ff 54 
kern  :info  : [  356.128617] rust_kjit: BB at 0xaaaaaab1a5f4
kern  :info  : [  356.128618] rust_kjit: BB: 61 04 00 71 a4 01 00 54 
kern  :info  : [  356.128620] rust_kjit: BB at 0xaaaaaab1a5fc
kern  :info  : [  356.128621] rust_kjit: BB: 04 04 80 52 e2 03 80 92 a0 0a 40 f9 63 08 24 9b 00 00 03 8b 05 00 00 14 
kern  :info  : [  356.128627] rust_kjit: BB at 0xaaaaaab1a614
kern  :info  : [  356.128628] rust_kjit: BB: 21 04 00 51 00 80 00 d1 3f 04 00 31 60 00 00 54 
kern  :info  : [  356.128632] rust_kjit: BB at 0xaaaaaab1a624
kern  :info  : [  356.128633] rust_kjit: BB: 02 00 40 b9 62 ff ff 34 
kern  :info  : [  356.128635] rust_kjit: BB at 0xaaaaaab1a62c
kern  :info  : [  356.128636] rust_kjit: BB: a1 02 00 b9 d6 ff ff 17 
kern  :info  : [  356.128638] rust_kjit: BB at 0xaaaaaab1a64c
kern  :info  : [  356.128638] rust_kjit: BB: 39 cf ff 97 
kern  :info  : [  356.128640] rust_kjit: BB at 0xaaaaaab1a650
kern  :info  : [  356.128640] rust_kjit: BB: 5f 24 03 d5 e3 03 01 aa e1 03 02 aa 62 f0 5f 38 40 08 00 12 1f 08 00 71 c0 06 00 54 
kern  :info  : [  356.128648] rust_kjit: BB at 0xaaaaaab1a66c
kern  :info  : [  356.128649] rust_kjit: BB: a9 03 00 54 
kern  :info  : [  356.128650] rust_kjit: BB at 0xaaaaaab1a670
kern  :info  : [  356.128651] rust_kjit: BB: 1f 0c 00 71 20 06 00 54 
kern  :info  : [  356.128653] rust_kjit: BB at 0xaaaaaab1a678
kern  :info  : [  356.128654] rust_kjit: BB: 02 00 80 52 1f 10 00 71 41 00 00 54 
kern  :info  : [  356.128657] rust_kjit: BB at 0xaaaaaab1a684
kern  :info  : [  356.128658] rust_kjit: BB: 62 f0 5e b8 
kern  :info  : [  356.128659] rust_kjit: BB at 0xaaaaaab1a688
kern  :info  : [  356.128660] rust_kjit: BB: 20 f0 5f 38 05 08 00 12 bf 08 00 71 60 03 00 54 
kern  :info  : [  356.128664] rust_kjit: BB at 0xaaaaaab1a698
kern  :info  : [  356.128665] rust_kjit: BB: e8 03 00 54 
kern  :info  : [  356.128666] rust_kjit: BB at 0xaaaaaab1a69c
kern  :info  : [  356.128666] rust_kjit: BB: 04 7c 03 53 45 00 00 34 
kern  :info  : [  356.128669] rust_kjit: BB at 0xaaaaaab1a6a4
kern  :info  : [  356.128669] rust_kjit: BB: 24 d0 5f 38 
kern  :info  : [  356.128671] rust_kjit: BB at 0xaaaaaab1a6a8
kern  :info  : [  356.128671] rust_kjit: BB: 00 00 80 52 5f 00 04 6b 01 03 00 54 
kern  :info  : [  356.128675] rust_kjit: BB at 0xaaaaaab1a6b4
kern  :info  : [  356.128675] rust_kjit: BB: 3f 23 03 d5 fd 7b bf a9 42 7c 40 93 fd 03 00 91 e0 03 03 aa 4a cf ff 97 
kern  :info  : [  356.128682] rust_kjit: BB at 0xaaaaaab1a6cc
kern  :info  : [  356.128682] rust_kjit: BB: 1f 00 00 71 fd 7b c1 a8 bf 23 03 d5 e0 17 9f 1a c0 03 5f d6 
kern  :info  : [  356.128687] rust_kjit: BB at 0xaaaaaab1a6e0
kern  :info  : [  356.128688] rust_kjit: BB: 42 7c 03 53 20 fd ff 34 
kern  :info  : [  356.128690] rust_kjit: BB at 0xaaaaaab1a6e8
kern  :info  : [  356.128691] rust_kjit: BB: 20 f0 5f 38 62 d0 5f 38 05 08 00 12 bf 08 00 71 01 fd ff 54 
kern  :info  : [  356.128696] rust_kjit: BB at 0xaaaaaab1a6fc
kern  :info  : [  356.128697] rust_kjit: BB: 1f 20 03 d5 
kern  :info  : [  356.128698] rust_kjit: BB at 0xaaaaaab1a700
kern  :info  : [  356.128698] rust_kjit: BB: 24 b0 5f 78 00 00 80 52 5f 00 04 6b 40 fd ff 54 
kern  :info  : [  356.128703] rust_kjit: BB at 0xaaaaaab1a710
kern  :info  : [  356.128703] rust_kjit: BB: c0 03 5f d6 
kern  :info  : [  356.128705] rust_kjit: BB at 0xaaaaaab1a714
kern  :info  : [  356.128705] rust_kjit: BB: bf 0c 00 71 c0 00 00 54 
kern  :info  : [  356.128707] rust_kjit: BB at 0xaaaaaab1a71c
kern  :info  : [  356.128708] rust_kjit: BB: 04 00 80 52 bf 10 00 71 21 fc ff 54 
kern  :info  : [  356.128711] rust_kjit: BB at 0xaaaaaab1a728
kern  :info  : [  356.128712] rust_kjit: BB: 24 f0 5e b8 df ff ff 17 
kern  :info  : [  356.128714] rust_kjit: BB at 0xaaaaaab1a730
kern  :info  : [  356.128714] rust_kjit: BB: 24 70 5f b8 dd ff ff 17 
kern  :info  : [  356.128717] rust_kjit: BB at 0xaaaaaab1a738
kern  :info  : [  356.128717] rust_kjit: BB: 62 70 5f b8 d3 ff ff 17 
kern  :info  : [  356.128720] rust_kjit: BB at 0xaaaaaab1a740
kern  :info  : [  356.128720] rust_kjit: BB: 62 b0 5f 78 d1 ff ff 17 
kern  :info  : [  356.128770] rust_kjit: ARM64_INS_AUTIASP -> NOP
kern  :info  : [  356.129003] rust_kjit: ARM64_INS_BTI -> NOP
kern  :info  : [  356.129176] rust_kjit: ARM64_INS_PACIASP -> NOP
kern  :info  : [  356.129211] rust_kjit: ARM64_INS_AUTIASP -> NOP
kern  :info  : [  356.129440] rust_kjit: Vlabel: 0xaaaaaab1a588 -> 0x1bc	len 0x0 + ofst 0x1bc
kern  :info  : [  356.129443] rust_kjit: Vlabel: 0xaaaaaab1a58c -> 0x1cc	len 0x10 + ofst 0x1bc
kern  :info  : [  356.129444] rust_kjit: Vlabel: 0xaaaaaab1a590 -> 0x1d0	len 0x14 + ofst 0x1bc
kern  :info  : [  356.129445] rust_kjit: Vlabel: 0xaaaaaab1a594 -> 0x1d4	len 0x18 + ofst 0x1bc
kern  :info  : [  356.129446] rust_kjit: Vlabel: 0xaaaaaab1a598 -> 0x1d8	len 0x1c + ofst 0x1bc
kern  :info  : [  356.129446] rust_kjit: Vlabel: 0xaaaaaab1a59c -> 0x1dc	len 0x20 + ofst 0x1bc
kern  :info  : [  356.129447] rust_kjit: Vlabel: 0xaaaaaab1a5a0 -> 0x1e0	len 0x24 + ofst 0x1bc
kern  :info  : [  356.129449] rust_kjit: Vlabel: 0xaaaaaab1a5a4 -> 0x204	len 0x48 + ofst 0x1bc
kern  :info  : [  356.129450] rust_kjit: Vlabel: 0xaaaaaab1a5a8 -> 0x208	len 0x4c + ofst 0x1bc
kern  :info  : [  356.129451] rust_kjit: Vlabel: 0xaaaaaab1a5ac -> 0x20c	len 0x50 + ofst 0x1bc
kern  :info  : [  356.129452] rust_kjit: Vlabel: 0xaaaaaab1a5b0 -> 0x210	len 0x54 + ofst 0x1bc
kern  :info  : [  356.129453] rust_kjit: Vlabel: 0xaaaaaab1a5b4 -> 0x214	len 0x58 + ofst 0x1bc
kern  :info  : [  356.129453] rust_kjit: Vlabel: 0xaaaaaab1a5b8 -> 0x218	len 0x5c + ofst 0x1bc
kern  :info  : [  356.129454] rust_kjit: Vlabel: 0xaaaaaab1a5bc -> 0x21c	len 0x60 + ofst 0x1bc
kern  :info  : [  356.129456] rust_kjit: Vlabel: 0xaaaaaab1a5dc -> 0x22c	len 0x70 + ofst 0x1bc
kern  :info  : [  356.129456] rust_kjit: Vlabel: 0xaaaaaab1a5e0 -> 0x230	len 0x74 + ofst 0x1bc
kern  :info  : [  356.129457] rust_kjit: Vlabel: 0xaaaaaab1a5e4 -> 0x234	len 0x78 + ofst 0x1bc
kern  :info  : [  356.129458] rust_kjit: Vlabel: 0xaaaaaab1a5e8 -> 0x238	len 0x7c + ofst 0x1bc
kern  :info  : [  356.129459] rust_kjit: Vlabel: 0xaaaaaab1a5ec -> 0x23c	len 0x80 + ofst 0x1bc
kern  :info  : [  356.129460] rust_kjit: Vlabel: 0xaaaaaab1a5f0 -> 0x240	len 0x84 + ofst 0x1bc
kern  :info  : [  356.129461] rust_kjit: Vlabel: 0xaaaaaab1a588 -> 0x264	len 0xa8 + ofst 0x1bc
kern  :info  : [  356.129462] rust_kjit: Vlabel: 0xaaaaaab1a5f4 -> 0x268	len 0xac + ofst 0x1bc
kern  :info  : [  356.129463] rust_kjit: Vlabel: 0xaaaaaab1a5f8 -> 0x26c	len 0xb0 + ofst 0x1bc
kern  :info  : [  356.129465] rust_kjit: Vlabel: 0xaaaaaab1a5fc -> 0x290	len 0xd4 + ofst 0x1bc
kern  :info  : [  356.129466] rust_kjit: Vlabel: 0xaaaaaab1a600 -> 0x294	len 0xd8 + ofst 0x1bc
kern  :info  : [  356.129466] rust_kjit: Vlabel: 0xaaaaaab1a604 -> 0x298	len 0xdc + ofst 0x1bc
kern  :info  : [  356.129467] rust_kjit: Vlabel: 0xaaaaaab1a608 -> 0x29c	len 0xe0 + ofst 0x1bc
kern  :info  : [  356.129468] rust_kjit: Vlabel: 0xaaaaaab1a60c -> 0x2a0	len 0xe4 + ofst 0x1bc
kern  :info  : [  356.129469] rust_kjit: Vlabel: 0xaaaaaab1a610 -> 0x2a4	len 0xe8 + ofst 0x1bc
kern  :info  : [  356.129470] rust_kjit: Vlabel: 0xaaaaaab1a614 -> 0x2c8	len 0x10c + ofst 0x1bc
kern  :info  : [  356.129471] rust_kjit: Vlabel: 0xaaaaaab1a618 -> 0x2cc	len 0x110 + ofst 0x1bc
kern  :info  : [  356.129472] rust_kjit: Vlabel: 0xaaaaaab1a61c -> 0x2d0	len 0x114 + ofst 0x1bc
kern  :info  : [  356.129473] rust_kjit: Vlabel: 0xaaaaaab1a620 -> 0x2d4	len 0x118 + ofst 0x1bc
kern  :info  : [  356.129475] rust_kjit: Vlabel: 0xaaaaaab1a624 -> 0x2f8	len 0x13c + ofst 0x1bc
kern  :info  : [  356.129475] rust_kjit: Vlabel: 0xaaaaaab1a628 -> 0x2fc	len 0x140 + ofst 0x1bc
kern  :info  : [  356.129477] rust_kjit: Vlabel: 0xaaaaaab1a614 -> 0x324	len 0x168 + ofst 0x1bc
kern  :info  : [  356.129478] rust_kjit: Vlabel: 0xaaaaaab1a62c -> 0x328	len 0x16c + ofst 0x1bc
kern  :info  : [  356.129479] rust_kjit: Vlabel: 0xaaaaaab1a630 -> 0x32c	len 0x170 + ofst 0x1bc
kern  :info  : [  356.129480] rust_kjit: Vlabel: 0xaaaaaab1a588 -> 0x350	len 0x194 + ofst 0x1bc
kern  :info  : [  356.129481] rust_kjit: Vlabel: 0xaaaaaab1a64c -> 0x354	len 0x198 + ofst 0x1bc
kern  :info  : [  356.129482] rust_kjit: Vlabel: 0xaaaaaab1a650 -> 0x370	len 0x1b4 + ofst 0x1bc
kern  :info  : [  356.129483] rust_kjit: Vlabel: 0xaaaaaab1a654 -> 0x374	len 0x1b8 + ofst 0x1bc
kern  :info  : [  356.129484] rust_kjit: Vlabel: 0xaaaaaab1a658 -> 0x378	len 0x1bc + ofst 0x1bc
kern  :info  : [  356.129485] rust_kjit: Vlabel: 0xaaaaaab1a65c -> 0x37c	len 0x1c0 + ofst 0x1bc
kern  :info  : [  356.129485] rust_kjit: Vlabel: 0xaaaaaab1a660 -> 0x380	len 0x1c4 + ofst 0x1bc
kern  :info  : [  356.129486] rust_kjit: Vlabel: 0xaaaaaab1a664 -> 0x384	len 0x1c8 + ofst 0x1bc
kern  :info  : [  356.129487] rust_kjit: Vlabel: 0xaaaaaab1a668 -> 0x388	len 0x1cc + ofst 0x1bc
kern  :info  : [  356.129488] rust_kjit: Vlabel: 0xaaaaaab1a66c -> 0x3ac	len 0x1f0 + ofst 0x1bc
kern  :info  : [  356.129490] rust_kjit: Vlabel: 0xaaaaaab1a670 -> 0x3d0	len 0x214 + ofst 0x1bc
kern  :info  : [  356.129491] rust_kjit: Vlabel: 0xaaaaaab1a674 -> 0x3d4	len 0x218 + ofst 0x1bc
kern  :info  : [  356.129492] rust_kjit: Vlabel: 0xaaaaaab1a678 -> 0x3f8	len 0x23c + ofst 0x1bc
kern  :info  : [  356.129493] rust_kjit: Vlabel: 0xaaaaaab1a67c -> 0x3fc	len 0x240 + ofst 0x1bc
kern  :info  : [  356.129494] rust_kjit: Vlabel: 0xaaaaaab1a680 -> 0x400	len 0x244 + ofst 0x1bc
kern  :info  : [  356.129495] rust_kjit: Vlabel: 0xaaaaaab1a684 -> 0x424	len 0x268 + ofst 0x1bc
kern  :info  : [  356.129496] rust_kjit: Vlabel: 0xaaaaaab1a688 -> 0x428	len 0x26c + ofst 0x1bc
kern  :info  : [  356.129497] rust_kjit: Vlabel: 0xaaaaaab1a68c -> 0x42c	len 0x270 + ofst 0x1bc
kern  :info  : [  356.129498] rust_kjit: Vlabel: 0xaaaaaab1a690 -> 0x430	len 0x274 + ofst 0x1bc
kern  :info  : [  356.129499] rust_kjit: Vlabel: 0xaaaaaab1a694 -> 0x434	len 0x278 + ofst 0x1bc
kern  :info  : [  356.129501] rust_kjit: Vlabel: 0xaaaaaab1a698 -> 0x458	len 0x29c + ofst 0x1bc
kern  :info  : [  356.129502] rust_kjit: Vlabel: 0xaaaaaab1a69c -> 0x47c	len 0x2c0 + ofst 0x1bc
kern  :info  : [  356.129503] rust_kjit: Vlabel: 0xaaaaaab1a6a0 -> 0x480	len 0x2c4 + ofst 0x1bc
kern  :info  : [  356.129504] rust_kjit: Vlabel: 0xaaaaaab1a6a4 -> 0x4a8	len 0x2ec + ofst 0x1bc
kern  :info  : [  356.129505] rust_kjit: Vlabel: 0xaaaaaab1a6a8 -> 0x4ac	len 0x2f0 + ofst 0x1bc
kern  :info  : [  356.129506] rust_kjit: Vlabel: 0xaaaaaab1a6ac -> 0x4b0	len 0x2f4 + ofst 0x1bc
kern  :info  : [  356.129506] rust_kjit: Vlabel: 0xaaaaaab1a6b0 -> 0x4b4	len 0x2f8 + ofst 0x1bc
kern  :info  : [  356.129508] rust_kjit: Vlabel: 0xaaaaaab1a6b4 -> 0x4d8	len 0x31c + ofst 0x1bc
kern  :info  : [  356.129509] rust_kjit: Vlabel: 0xaaaaaab1a6b8 -> 0x4dc	len 0x320 + ofst 0x1bc
kern  :info  : [  356.129510] rust_kjit: Vlabel: 0xaaaaaab1a6bc -> 0x4e0	len 0x324 + ofst 0x1bc
kern  :info  : [  356.129510] rust_kjit: Vlabel: 0xaaaaaab1a6c0 -> 0x4e4	len 0x328 + ofst 0x1bc
kern  :info  : [  356.129511] rust_kjit: Vlabel: 0xaaaaaab1a6c4 -> 0x4e8	len 0x32c + ofst 0x1bc
kern  :info  : [  356.129512] rust_kjit: Vlabel: 0xaaaaaab1a6c8 -> 0x4ec	len 0x330 + ofst 0x1bc
kern  :info  : [  356.129513] rust_kjit: Vlabel: 0xaaaaaab1a6cc -> 0x508	len 0x34c + ofst 0x1bc
kern  :info  : [  356.129514] rust_kjit: Vlabel: 0xaaaaaab1a6d0 -> 0x50c	len 0x350 + ofst 0x1bc
kern  :info  : [  356.129515] rust_kjit: Vlabel: 0xaaaaaab1a6d4 -> 0x510	len 0x354 + ofst 0x1bc
kern  :info  : [  356.129516] rust_kjit: Vlabel: 0xaaaaaab1a6d8 -> 0x514	len 0x358 + ofst 0x1bc
kern  :info  : [  356.129517] rust_kjit: Vlabel: 0xaaaaaab1a6dc -> 0x518	len 0x35c + ofst 0x1bc
kern  :info  : [  356.129518] rust_kjit: Vlabel: 0xaaaaaab1a6e0 -> 0x528	len 0x36c + ofst 0x1bc
kern  :info  : [  356.129519] rust_kjit: Vlabel: 0xaaaaaab1a6e4 -> 0x52c	len 0x370 + ofst 0x1bc
kern  :info  : [  356.129520] rust_kjit: Vlabel: 0xaaaaaab1a688 -> 0x554	len 0x398 + ofst 0x1bc
kern  :info  : [  356.129521] rust_kjit: Vlabel: 0xaaaaaab1a6e8 -> 0x558	len 0x39c + ofst 0x1bc
kern  :info  : [  356.129522] rust_kjit: Vlabel: 0xaaaaaab1a6ec -> 0x55c	len 0x3a0 + ofst 0x1bc
kern  :info  : [  356.129522] rust_kjit: Vlabel: 0xaaaaaab1a6f0 -> 0x560	len 0x3a4 + ofst 0x1bc
kern  :info  : [  356.129523] rust_kjit: Vlabel: 0xaaaaaab1a6f4 -> 0x564	len 0x3a8 + ofst 0x1bc
kern  :info  : [  356.129524] rust_kjit: Vlabel: 0xaaaaaab1a6f8 -> 0x568	len 0x3ac + ofst 0x1bc
kern  :info  : [  356.129525] rust_kjit: Vlabel: 0xaaaaaab1a698 -> 0x58c	len 0x3d0 + ofst 0x1bc
kern  :info  : [  356.129526] rust_kjit: Vlabel: 0xaaaaaab1a6fc -> 0x590	len 0x3d4 + ofst 0x1bc
kern  :info  : [  356.129527] rust_kjit: Vlabel: 0xaaaaaab1a700 -> 0x594	len 0x3d8 + ofst 0x1bc
kern  :info  : [  356.129528] rust_kjit: Vlabel: 0xaaaaaab1a704 -> 0x598	len 0x3dc + ofst 0x1bc
kern  :info  : [  356.129529] rust_kjit: Vlabel: 0xaaaaaab1a708 -> 0x59c	len 0x3e0 + ofst 0x1bc
kern  :info  : [  356.129530] rust_kjit: Vlabel: 0xaaaaaab1a70c -> 0x5a0	len 0x3e4 + ofst 0x1bc
kern  :info  : [  356.129531] rust_kjit: Vlabel: 0xaaaaaab1a6b4 -> 0x5c4	len 0x408 + ofst 0x1bc
kern  :info  : [  356.129532] rust_kjit: Vlabel: 0xaaaaaab1a710 -> 0x5c8	len 0x40c + ofst 0x1bc
kern  :info  : [  356.129533] rust_kjit: Vlabel: 0xaaaaaab1a714 -> 0x5d8	len 0x41c + ofst 0x1bc
kern  :info  : [  356.129534] rust_kjit: Vlabel: 0xaaaaaab1a718 -> 0x5dc	len 0x420 + ofst 0x1bc
kern  :info  : [  356.129536] rust_kjit: Vlabel: 0xaaaaaab1a71c -> 0x600	len 0x444 + ofst 0x1bc
kern  :info  : [  356.129536] rust_kjit: Vlabel: 0xaaaaaab1a720 -> 0x604	len 0x448 + ofst 0x1bc
kern  :info  : [  356.129537] rust_kjit: Vlabel: 0xaaaaaab1a724 -> 0x608	len 0x44c + ofst 0x1bc
kern  :info  : [  356.129538] rust_kjit: Vlabel: 0xaaaaaab1a6a8 -> 0x62c	len 0x470 + ofst 0x1bc
kern  :info  : [  356.129539] rust_kjit: Vlabel: 0xaaaaaab1a728 -> 0x630	len 0x474 + ofst 0x1bc
kern  :info  : [  356.129540] rust_kjit: Vlabel: 0xaaaaaab1a72c -> 0x634	len 0x478 + ofst 0x1bc
kern  :info  : [  356.129541] rust_kjit: Vlabel: 0xaaaaaab1a6a8 -> 0x658	len 0x49c + ofst 0x1bc
kern  :info  : [  356.129542] rust_kjit: Vlabel: 0xaaaaaab1a730 -> 0x65c	len 0x4a0 + ofst 0x1bc
kern  :info  : [  356.129543] rust_kjit: Vlabel: 0xaaaaaab1a734 -> 0x660	len 0x4a4 + ofst 0x1bc
kern  :info  : [  356.129544] rust_kjit: Vlabel: 0xaaaaaab1a6a8 -> 0x684	len 0x4c8 + ofst 0x1bc
kern  :info  : [  356.129546] rust_kjit: Vlabel: 0xaaaaaab1a738 -> 0x688	len 0x4cc + ofst 0x1bc
kern  :info  : [  356.129546] rust_kjit: Vlabel: 0xaaaaaab1a73c -> 0x68c	len 0x4d0 + ofst 0x1bc
kern  :info  : [  356.129548] rust_kjit: Vlabel: 0xaaaaaab1a688 -> 0x6b0	len 0x4f4 + ofst 0x1bc
kern  :info  : [  356.129549] rust_kjit: Vlabel: 0xaaaaaab1a740 -> 0x6b4	len 0x4f8 + ofst 0x1bc
kern  :info  : [  356.129549] rust_kjit: Vlabel: 0xaaaaaab1a744 -> 0x6b8	len 0x4fc + ofst 0x1bc
kern  :info  : [  356.129551] rust_kjit: Vlabel: 0xaaaaaab1a688 -> 0x6dc	len 0x520 + ofst 0x1bc
kern  :info  : [  356.129551] rust_kjit: Final code: 00 00 e0 d2 40 55 d5 f2 a0 57 b5 f2 00 00 9e f2 00 c0 47 f9 22 0e 40 f9 01 00 40 f9 42 00 01 eb 01 00 80 d2 09 42 3b d5 09 01 80 f2 49 00 c0 f2 0a 00 e0 d2 4a 55 d5 f2 2a 56 b5 f2 8a c9 94 f2 2b 00 00 10 a4 ff ff 17 30 7a 42 a9 33 52 43 a9 35 5a 44 a9 37 2a 40 f9 31 82 01 91 1f 20 03 d5 89 00 80 d2 ea 03 1e aa 2b 00 00 10 9a ff ff 17 e0 6a 76 b8 a3 02 40 b9 62 02 00 6a e2 6a 36 b8 80 02 43 7a 09 42 3b d5 09 01 80 f2 49 00 c0 f2 0a 00 e0 d2 4a 55 d5 f2 2a 56 b5 f2 0a b1 94 f2 2b 00 00 10 8c ff ff 17 d6 ff ff 17 61 04 00 71 09 42 3b d5 09 01 80 f2 a9 00 c0 f2 0a 00 e0 d2 4a 55 d5 f2 2a 56 b5 f2 8a c5 94 f2 2b 00 00 10 81 ff ff 17 04 04 80 52 e2 03 80 92 a0 0a 40 f9 63 08 24 9b 00 00 03 8b 09 42 3b d5 09 01 80 f2 09 00 c0 f2 0a 00 e0 d2 4a 55 d5 f2 2a 56 b5 f2 
kern  :info  : [  356.129620] rust_kjit: Final code con't: 8a c4 94 f2 2b 00 00 10 73 ff ff 17 21 04 00 51 00 80 00 d1 3f 04 00 31 09 42 3b d5 09 01 80 f2 29 00 c0 f2 0a 00 e0 d2 4a 55 d5 f2 2a 56 b5 f2 8a c5 94 f2 2b 00 00 10 67 ff ff 17 02 00 40 b9 5f 00 00 71 09 42 3b d5 09 01 80 f2 29 00 c0 f2 0a 00 e0 d2 4a 55 d5 f2 2a 56 b5 f2 8a c2 94 f2 2b 00 00 10 5c ff ff 17 e9 ff ff 17 a1 02 00 b9 09 42 3b d5 09 01 80 f2 09 00 c0 f2 0a 00 e0 d2 4a 55 d5 f2 2a 56 b5 f2 0a b1 94 f2 2b 00 00 10 51 ff ff 17 9b ff ff 17 29 00 80 d2 0a 00 e0 d2 4a 55 d5 f2 0a 56 b5 f2 0a 66 9c f2 2b 00 00 10 49 ff ff 17 1f 20 03 d5 e3 03 01 aa e1 03 02 aa 62 f0 5f 38 40 08 00 12 1f 08 00 71 09 42 3b d5 09 01 80 f2 29 00 c0 f2 0a 00 e0 d2 4a 55 d5 f2 2a 56 b5 f2 0a e8 94 f2 2b 00 00 10 3a ff ff 17 09 42 3b d5 09 01 80 f2 49 01 c0 f2 0a 00 e0 d2 
kern  :info  : [  356.129688] rust_kjit: Final code con't: 4a 55 d5 f2 2a 56 b5 f2 0a dc 94 f2 2b 00 00 10 31 ff ff 17 1f 0c 00 71 09 42 3b d5 09 01 80 f2 29 00 c0 f2 0a 00 e0 d2 4a 55 d5 f2 2a 56 b5 f2 0a e7 94 f2 2b 00 00 10 27 ff ff 17 02 00 80 52 1f 10 00 71 09 42 3b d5 09 01 80 f2 49 00 c0 f2 0a 00 e0 d2 4a 55 d5 f2 2a 56 b5 f2 0a d1 94 f2 2b 00 00 10 1c ff ff 17 62 f0 5e b8 20 f0 5f 38 05 08 00 12 bf 08 00 71 09 42 3b d5 09 01 80 f2 29 00 c0 f2 0a 00 e0 d2 4a 55 d5 f2 2a 56 b5 f2 0a e0 94 f2 2b 00 00 10 0f ff ff 17 09 42 3b d5 09 01 80 f2 29 01 c0 f2 0a 00 e0 d2 4a 55 d5 f2 2a 56 b5 f2 8a e2 94 f2 2b 00 00 10 06 ff ff 17 04 7c 03 53 bf 00 00 71 09 42 3b d5 09 01 80 f2 29 00 c0 f2 0a 00 e0 d2 4a 55 d5 f2 2a 56 b5 f2 0a d5 94 f2 2b 00 00 10 fb fe ff 17 24 d0 5f 38 00 00 80 52 5f 00 04 6b 09 42 3b d5 09 01 80 f2 
kern  :info  : [  356.129755] rust_kjit: Final code con't: 49 00 c0 f2 0a 00 e0 d2 4a 55 d5 f2 2a 56 b5 f2 0a e2 94 f2 2b 00 00 10 ef fe ff 17 1f 20 03 d5 30 7a bf a9 42 7c 40 93 f0 03 11 aa e0 03 03 aa 29 00 80 d2 0a 00 e0 d2 4a 55 d5 f2 0a 56 b5 f2 0a 7e 9c f2 2b 00 00 10 e3 fe ff 17 1f 00 00 71 30 7a c1 a8 1f 20 03 d5 e0 17 9f 1a 89 00 80 d2 ea 03 1e aa 2b 00 00 10 db fe ff 17 42 7c 03 53 1f 00 00 71 09 42 3b d5 09 01 80 f2 29 00 c0 f2 0a 00 e0 d2 4a 55 d5 f2 2a 56 b5 f2 0a d1 94 f2 2b 00 00 10 d0 fe ff 17 b5 ff ff 17 20 f0 5f 38 62 d0 5f 38 05 08 00 12 bf 08 00 71 09 42 3b d5 09 01 80 f2 49 00 c0 f2 0a 00 e0 d2 4a 55 d5 f2 2a 56 b5 f2 0a d3 94 f2 2b 00 00 10 c2 fe ff 17 b3 ff ff 17 1f 20 03 d5 24 b0 5f 78 00 00 80 52 5f 00 04 6b 09 42 3b d5 09 01 80 f2 29 00 c0 f2 0a 00 e0 d2 4a 55 d5 f2 2a 56 b5 f2 8a d6 94 f2 
kern  :info  : [  356.129823] rust_kjit: Final code con't: 2b 00 00 10 b4 fe ff 17 c5 ff ff 17 89 00 80 d2 ea 03 1e aa 2b 00 00 10 af fe ff 17 bf 0c 00 71 09 42 3b d5 09 01 80 f2 29 00 c0 f2 0a 00 e0 d2 4a 55 d5 f2 2a 56 b5 f2 0a e6 94 f2 2b 00 00 10 a5 fe ff 17 04 00 80 52 bf 10 00 71 09 42 3b d5 09 01 80 f2 49 00 c0 f2 0a 00 e0 d2 4a 55 d5 f2 2a 56 b5 f2 0a d5 94 f2 2b 00 00 10 9a fe ff 17 a0 ff ff 17 24 f0 5e b8 09 42 3b d5 09 01 80 f2 09 00 c0 f2 0a 00 e0 d2 4a 55 d5 f2 2a 56 b5 f2 0a d5 94 f2 2b 00 00 10 8f fe ff 17 95 ff ff 17 24 70 5f b8 09 42 3b d5 09 01 80 f2 09 00 c0 f2 0a 00 e0 d2 4a 55 d5 f2 2a 56 b5 f2 0a d5 94 f2 2b 00 00 10 84 fe ff 17 8a ff ff 17 62 70 5f b8 09 42 3b d5 09 01 80 f2 09 00 c0 f2 0a 00 e0 d2 4a 55 d5 f2 2a 56 b5 f2 0a d1 94 f2 2b 00 00 10 79 fe ff 17 5e ff ff 17 62 b0 5f 78 09 42 3b d5 
kern  :info  : [  356.129890] rust_kjit: Final code con't: 09 01 80 f2 09 00 c0 f2 0a 00 e0 d2 4a 55 d5 f2 2a 56 b5 f2 0a d1 94 f2 2b 00 00 10 6e fe ff 17 53 ff ff 17 
kern  :info  : [  356.130066] rust_kjit: RET to 0xaaaaaab1a5dc at 0x22c
kern  :info  : [  356.130067] rust_kjit: Regs: 
kern  :warn  : [  356.130068] 	X0: 000000000000	X1: 000000000002	X2: 00000000001e	X3: ffffffffe908
kern  :warn  : [  356.130070] 	X4: 00000000005f	X5: fffff72b3070	X6: 000000000c69	X7: 00000000000a
kern  :warn  : [  356.130072] 	X8: 000000000015	X9: 000000000000	X10: 000000000000	X11: 000000000000
kern  :warn  : [  356.130074] 	X12: 000000000000	X13: 000000004010	X14: 000000000000	X15: 000000000000
kern  :warn  : [  356.130077] 	X16: aaaaaabdfe40	X17: fffff772ce00	X18: 0000000372cf	X19: 0000fffffffe
kern  :warn  : [  356.130079] 	X20: 00000000001e	X21: fffff7208000	X22: 0000000003c0	X23: fffff720d000
kern  :warn  : [  356.130081] 	X24: ffffffffe9a0	X25: aaaaaab8f000	X26: 00000000001e	X27: aaaaaab8f000
kern  :warn  : [  356.130082] 	X28: aaaaaab8f000	X29: ffffffffe920	X30: aaaaaab1a5dc
kern  :info  : [  356.130084] rust_kjit: RDebug at 0x260 to 0xaaaaaab1a588 at 0x1bc
kern  :info  : [  356.130086] rust_kjit: Regs: 
kern  :warn  : [  356.130086] 	X0: 000000000001	X1: 000000000002	X2: 000000000000	X3: 000000000035
kern  :warn  : [  356.130090] 	X4: 00000000005f	X5: fffff72b3070	X6: 000000000c69	X7: 00000000000a
kern  :warn  : [  356.130095] 	X8: 000000000015	X9: 000000000000	X10: 000000000000	X11: 000000000000
kern  :warn  : [  356.130098] 	X12: 000000000000	X13: 000000004010	X14: 000000000000	X15: 000000000000
kern  :warn  : [  356.130104] 	X16: aaaaaabdfe40	X17: fffff772ce00	X18: 0000000372cf	X19: 0000fffffffe
kern  :warn  : [  356.130106] 	X20: 00000000001e	X21: fffff7208000	X22: 0000000003c0	X23: fffff720d000
kern  :warn  : [  356.130108] 	X24: ffffffffe9a0	X25: aaaaaab8f000	X26: 00000000001e	X27: aaaaaab8f000
kern  :warn  : [  356.130110] 	X28: aaaaaab8f000	X29: ffffffffe920	X30: aaaaaab1a5dc
kern  :info  : [  356.130111] rust_kjit: RDebug at 0x200, continue at 0x204
kern  :info  : [  356.130113] rust_kjit: Regs: 
kern  :warn  : [  356.130113] 	X0: fffff7ffdb50	X1: 000000000000	X2: 000000000000	X3: 000000000035
kern  :warn  : [  356.130115] 	X4: 00000000005f	X5: fffff72b3070	X6: 000000000c69	X7: 00000000000a
kern  :warn  : [  356.130117] 	X8: 000000000015	X9: 000000000000	X10: 000000000000	X11: 000000000000
kern  :warn  : [  356.130119] 	X12: 000000000000	X13: 000000004010	X14: 000000000000	X15: 000000000000
kern  :warn  : [  356.130121] 	X16: aaaaaabdfe40	X17: fffff772ce00	X18: 0000000372cf	X19: 0000fffffffe
kern  :warn  : [  356.130123] 	X20: 00000000001e	X21: fffff7208000	X22: 0000000003c0	X23: fffff720d000
kern  :warn  : [  356.130125] 	X24: ffffffffe9a0	X25: aaaaaab8f000	X26: 00000000001e	X27: aaaaaab8f000
kern  :warn  : [  356.130126] 	X28: aaaaaab8f000	X29: ffffffffe920	X30: aaaaaab1a5dc
kern  :info  : [  356.130128] rust_kjit: RRet at 0x228
kern  :info  : [  356.130371] rust_kjit: BB at 0xaaaaaab251f4
kern  :info  : [  356.130372] rust_kjit: BB: c0 05 00 d0 00 c0 47 f9 e2 2f 40 f9 01 00 40 f9 42 00 01 eb 01 00 80 d2 81 4b 00 54 
kern  :info  : [  356.130380] rust_kjit: BB at 0xaaaaaab25210
kern  :info  : [  356.130381] rust_kjit: BB: fd 7b 46 a9 f3 53 47 a9 f7 63 49 a9 ff 03 03 91 bf 23 03 d5 c0 03 5f d6 
kern  :info  : [  356.130388] rust_kjit: BB at 0xaaaaaab25930
kern  :info  : [  356.130388] rust_kjit: BB: 60 02 40 f9 01 8c 40 b9 e0 03 14 aa e4 03 13 aa c3 ff ff f0 42 00 80 52 63 c0 13 91 09 d6 ff 97 
kern  :info  : [  356.130397] rust_kjit: BB at 0xaaaaaab25950
kern  :info  : [  356.130398] rust_kjit: BB: c0 06 00 f0 00 40 0b 91 f5 5b 48 a9 00 b4 40 b9 f9 6b 4a a9 7f 22 00 f9 60 5a 00 b9 22 fe ff 17 
kern  :info  : [  356.130407] rust_kjit: BB at 0xaaaaaab25b7c
kern  :info  : [  356.130407] rust_kjit: BB: f5 5b 08 a9 f9 6b 0a a9 fb 73 0b a9 ea a1 ff 97 
kern  :info  : [  356.130412] rust_kjit: BB at 0xaaaaaab25b8c
kern  :info  : [  356.130412] rust_kjit: BB: 63 04 00 d0 63 40 3e 91 41 03 00 90 40 03 00 f0 63 40 01 91 21 40 2a 91 00 60 02 91 e2 a7 80 52 25 a2 ff 97 
kern  :info  : [  356.130422] rust_kjit: BB at 0xaaaaaab25bb0
kern  :info  : [  356.130423] rust_kjit: BB: 3f 23 03 d5 ff 83 00 d1 c3 05 00 d0 63 c0 47 f9 e2 03 00 91 fd 7b 01 a9 fd 43 00 91 64 00 40 f9 e4 07 00 f9 04 00 80 d2 86 fc ff 97 
kern  :info  : [  356.130435] rust_kjit: BB at 0xaaaaaab25bdc
kern  :info  : [  356.130436] rust_kjit: BB: 1f 00 00 f1 e2 03 40 f9 c1 05 00 d0 21 c0 47 f9 40 00 80 9a e3 07 40 f9 22 00 40 f9 63 00 02 eb 02 00 80 d2 a1 00 00 54 
kern  :info  : [  356.130447] rust_kjit: BB at 0xaaaaaab25c04
kern  :info  : [  356.130447] rust_kjit: BB: fd 7b 41 a9 ff 83 00 91 bf 23 03 d5 c0 03 5f d6 
kern  :info  : [  356.130452] rust_kjit: BB at 0xaaaaaab25c14
kern  :info  : [  356.130452] rust_kjit: BB: c7 a1 ff 97 
kern  :info  : [  356.130453] rust_kjit: BB at 0xaaaaaab25c18
kern  :info  : [  356.130454] rust_kjit: BB: 1f 20 03 d5 1f 20 03 d5 3f 23 03 d5 fd 7b be a9 fd 03 00 91 f3 0b 00 f9 f3 03 00 aa 00 06 80 d2 76 ef ff 97 
kern  :info  : [  356.130464] rust_kjit: BB at 0xaaaaaab25c3c
kern  :info  : [  356.130465] rust_kjit: BB: 02 00 80 92 13 08 00 a9 1f 08 00 f9 1f fc 01 a9 f3 0b 40 f9 fd 7b c2 a8 bf 23 03 d5 c0 03 5f d6 
kern  :info  : [  356.130505] rust_kjit: ARM64_INS_AUTIASP -> NOP
kern  :info  : [  356.130658] rust_kjit: ARM64_INS_PACIASP -> NOP
kern  :info  : [  356.130741] rust_kjit: ARM64_INS_AUTIASP -> NOP
kern  :info  : [  356.130782] rust_kjit: ARM64_INS_PACIASP -> NOP
kern  :info  : [  356.130817] rust_kjit: ARM64_INS_AUTIASP -> NOP
kern  :info  : [  356.130843] rust_kjit: Vlabel: 0xaaaaaab251f4 -> 0x6e0	len 0x0 + ofst 0x6e0
kern  :info  : [  356.130845] rust_kjit: Vlabel: 0xaaaaaab251f8 -> 0x6f0	len 0x10 + ofst 0x6e0
kern  :info  : [  356.130846] rust_kjit: Vlabel: 0xaaaaaab251fc -> 0x6f4	len 0x14 + ofst 0x6e0
kern  :info  : [  356.130847] rust_kjit: Vlabel: 0xaaaaaab25200 -> 0x6f8	len 0x18 + ofst 0x6e0
kern  :info  : [  356.130848] rust_kjit: Vlabel: 0xaaaaaab25204 -> 0x6fc	len 0x1c + ofst 0x6e0
kern  :info  : [  356.130849] rust_kjit: Vlabel: 0xaaaaaab25208 -> 0x700	len 0x20 + ofst 0x6e0
kern  :info  : [  356.130850] rust_kjit: Vlabel: 0xaaaaaab2520c -> 0x704	len 0x24 + ofst 0x6e0
kern  :info  : [  356.130852] rust_kjit: Vlabel: 0xaaaaaab25210 -> 0x728	len 0x48 + ofst 0x6e0
kern  :info  : [  356.130853] rust_kjit: Vlabel: 0xaaaaaab25214 -> 0x72c	len 0x4c + ofst 0x6e0
kern  :info  : [  356.130854] rust_kjit: Vlabel: 0xaaaaaab25218 -> 0x730	len 0x50 + ofst 0x6e0
kern  :info  : [  356.130855] rust_kjit: Vlabel: 0xaaaaaab2521c -> 0x734	len 0x54 + ofst 0x6e0
kern  :info  : [  356.130856] rust_kjit: Vlabel: 0xaaaaaab25220 -> 0x738	len 0x58 + ofst 0x6e0
kern  :info  : [  356.130856] rust_kjit: Vlabel: 0xaaaaaab25224 -> 0x73c	len 0x5c + ofst 0x6e0
kern  :info  : [  356.130858] rust_kjit: Vlabel: 0xaaaaaab25930 -> 0x74c	len 0x6c + ofst 0x6e0
kern  :info  : [  356.130859] rust_kjit: Vlabel: 0xaaaaaab25934 -> 0x750	len 0x70 + ofst 0x6e0
kern  :info  : [  356.130859] rust_kjit: Vlabel: 0xaaaaaab25938 -> 0x754	len 0x74 + ofst 0x6e0
kern  :info  : [  356.130860] rust_kjit: Vlabel: 0xaaaaaab2593c -> 0x758	len 0x78 + ofst 0x6e0
kern  :info  : [  356.130861] rust_kjit: Vlabel: 0xaaaaaab25940 -> 0x75c	len 0x7c + ofst 0x6e0
kern  :info  : [  356.130862] rust_kjit: Vlabel: 0xaaaaaab25944 -> 0x76c	len 0x8c + ofst 0x6e0
kern  :info  : [  356.130863] rust_kjit: Vlabel: 0xaaaaaab25948 -> 0x770	len 0x90 + ofst 0x6e0
kern  :info  : [  356.130864] rust_kjit: Vlabel: 0xaaaaaab2594c -> 0x774	len 0x94 + ofst 0x6e0
kern  :info  : [  356.130865] rust_kjit: Vlabel: 0xaaaaaab25950 -> 0x790	len 0xb0 + ofst 0x6e0
kern  :info  : [  356.130866] rust_kjit: Vlabel: 0xaaaaaab25954 -> 0x7a0	len 0xc0 + ofst 0x6e0
kern  :info  : [  356.130867] rust_kjit: Vlabel: 0xaaaaaab25958 -> 0x7a4	len 0xc4 + ofst 0x6e0
kern  :info  : [  356.130868] rust_kjit: Vlabel: 0xaaaaaab2595c -> 0x7a8	len 0xc8 + ofst 0x6e0
kern  :info  : [  356.130869] rust_kjit: Vlabel: 0xaaaaaab25960 -> 0x7ac	len 0xcc + ofst 0x6e0
kern  :info  : [  356.130870] rust_kjit: Vlabel: 0xaaaaaab25964 -> 0x7b0	len 0xd0 + ofst 0x6e0
kern  :info  : [  356.130871] rust_kjit: Vlabel: 0xaaaaaab25968 -> 0x7b4	len 0xd4 + ofst 0x6e0
kern  :info  : [  356.130872] rust_kjit: Vlabel: 0xaaaaaab2596c -> 0x7b8	len 0xd8 + ofst 0x6e0
kern  :info  : [  356.130873] rust_kjit: Vlabel: 0xaaaaaab251f4 -> 0x7dc	len 0xfc + ofst 0x6e0
kern  :info  : [  356.130874] rust_kjit: Vlabel: 0xaaaaaab25b7c -> 0x7e0	len 0x100 + ofst 0x6e0
kern  :info  : [  356.130875] rust_kjit: Vlabel: 0xaaaaaab25b80 -> 0x7e4	len 0x104 + ofst 0x6e0
kern  :info  : [  356.130876] rust_kjit: Vlabel: 0xaaaaaab25b84 -> 0x7e8	len 0x108 + ofst 0x6e0
kern  :info  : [  356.130877] rust_kjit: Vlabel: 0xaaaaaab25b88 -> 0x7ec	len 0x10c + ofst 0x6e0
kern  :info  : [  356.130878] rust_kjit: Vlabel: 0xaaaaaab25b8c -> 0x808	len 0x128 + ofst 0x6e0
kern  :info  : [  356.130880] rust_kjit: Vlabel: 0xaaaaaab25b90 -> 0x818	len 0x138 + ofst 0x6e0
kern  :info  : [  356.130880] rust_kjit: Vlabel: 0xaaaaaab25b94 -> 0x81c	len 0x13c + ofst 0x6e0
kern  :info  : [  356.130881] rust_kjit: Vlabel: 0xaaaaaab25b98 -> 0x82c	len 0x14c + ofst 0x6e0
kern  :info  : [  356.130883] rust_kjit: Vlabel: 0xaaaaaab25b9c -> 0x83c	len 0x15c + ofst 0x6e0
kern  :info  : [  356.130883] rust_kjit: Vlabel: 0xaaaaaab25ba0 -> 0x840	len 0x160 + ofst 0x6e0
kern  :info  : [  356.130884] rust_kjit: Vlabel: 0xaaaaaab25ba4 -> 0x844	len 0x164 + ofst 0x6e0
kern  :info  : [  356.130885] rust_kjit: Vlabel: 0xaaaaaab25ba8 -> 0x848	len 0x168 + ofst 0x6e0
kern  :info  : [  356.130886] rust_kjit: Vlabel: 0xaaaaaab25bac -> 0x84c	len 0x16c + ofst 0x6e0
kern  :info  : [  356.130887] rust_kjit: Vlabel: 0xaaaaaab25bb0 -> 0x868	len 0x188 + ofst 0x6e0
kern  :info  : [  356.130888] rust_kjit: Vlabel: 0xaaaaaab25bb4 -> 0x86c	len 0x18c + ofst 0x6e0
kern  :info  : [  356.130889] rust_kjit: Vlabel: 0xaaaaaab25bb8 -> 0x870	len 0x190 + ofst 0x6e0
kern  :info  : [  356.130890] rust_kjit: Vlabel: 0xaaaaaab25bbc -> 0x880	len 0x1a0 + ofst 0x6e0
kern  :info  : [  356.130891] rust_kjit: Vlabel: 0xaaaaaab25bc0 -> 0x884	len 0x1a4 + ofst 0x6e0
kern  :info  : [  356.130892] rust_kjit: Vlabel: 0xaaaaaab25bc4 -> 0x888	len 0x1a8 + ofst 0x6e0
kern  :info  : [  356.130893] rust_kjit: Vlabel: 0xaaaaaab25bc8 -> 0x88c	len 0x1ac + ofst 0x6e0
kern  :info  : [  356.130894] rust_kjit: Vlabel: 0xaaaaaab25bcc -> 0x890	len 0x1b0 + ofst 0x6e0
kern  :info  : [  356.130895] rust_kjit: Vlabel: 0xaaaaaab25bd0 -> 0x894	len 0x1b4 + ofst 0x6e0
kern  :info  : [  356.130896] rust_kjit: Vlabel: 0xaaaaaab25bd4 -> 0x898	len 0x1b8 + ofst 0x6e0
kern  :info  : [  356.130897] rust_kjit: Vlabel: 0xaaaaaab25bd8 -> 0x89c	len 0x1bc + ofst 0x6e0
kern  :info  : [  356.130898] rust_kjit: Vlabel: 0xaaaaaab25bdc -> 0x8b8	len 0x1d8 + ofst 0x6e0
kern  :info  : [  356.130899] rust_kjit: Vlabel: 0xaaaaaab25be0 -> 0x8bc	len 0x1dc + ofst 0x6e0
kern  :info  : [  356.130900] rust_kjit: Vlabel: 0xaaaaaab25be4 -> 0x8c0	len 0x1e0 + ofst 0x6e0
kern  :info  : [  356.130901] rust_kjit: Vlabel: 0xaaaaaab25be8 -> 0x8d0	len 0x1f0 + ofst 0x6e0
kern  :info  : [  356.130902] rust_kjit: Vlabel: 0xaaaaaab25bec -> 0x8d4	len 0x1f4 + ofst 0x6e0
kern  :info  : [  356.130903] rust_kjit: Vlabel: 0xaaaaaab25bf0 -> 0x8d8	len 0x1f8 + ofst 0x6e0
kern  :info  : [  356.130903] rust_kjit: Vlabel: 0xaaaaaab25bf4 -> 0x8dc	len 0x1fc + ofst 0x6e0
kern  :info  : [  356.130904] rust_kjit: Vlabel: 0xaaaaaab25bf8 -> 0x8e0	len 0x200 + ofst 0x6e0
kern  :info  : [  356.130905] rust_kjit: Vlabel: 0xaaaaaab25bfc -> 0x8e4	len 0x204 + ofst 0x6e0
kern  :info  : [  356.130906] rust_kjit: Vlabel: 0xaaaaaab25c00 -> 0x8e8	len 0x208 + ofst 0x6e0
kern  :info  : [  356.130908] rust_kjit: Vlabel: 0xaaaaaab25c04 -> 0x90c	len 0x22c + ofst 0x6e0
kern  :info  : [  356.130909] rust_kjit: Vlabel: 0xaaaaaab25c08 -> 0x910	len 0x230 + ofst 0x6e0
kern  :info  : [  356.130910] rust_kjit: Vlabel: 0xaaaaaab25c0c -> 0x914	len 0x234 + ofst 0x6e0
kern  :info  : [  356.130911] rust_kjit: Vlabel: 0xaaaaaab25c10 -> 0x918	len 0x238 + ofst 0x6e0
kern  :info  : [  356.130912] rust_kjit: Vlabel: 0xaaaaaab25c14 -> 0x928	len 0x248 + ofst 0x6e0
kern  :info  : [  356.130913] rust_kjit: Vlabel: 0xaaaaaab25c18 -> 0x944	len 0x264 + ofst 0x6e0
kern  :info  : [  356.130914] rust_kjit: Vlabel: 0xaaaaaab25c1c -> 0x948	len 0x268 + ofst 0x6e0
kern  :info  : [  356.130915] rust_kjit: Vlabel: 0xaaaaaab25c20 -> 0x94c	len 0x26c + ofst 0x6e0
kern  :info  : [  356.130916] rust_kjit: Vlabel: 0xaaaaaab25c24 -> 0x950	len 0x270 + ofst 0x6e0
kern  :info  : [  356.130917] rust_kjit: Vlabel: 0xaaaaaab25c28 -> 0x954	len 0x274 + ofst 0x6e0
kern  :info  : [  356.130918] rust_kjit: Vlabel: 0xaaaaaab25c2c -> 0x958	len 0x278 + ofst 0x6e0
kern  :info  : [  356.130919] rust_kjit: Vlabel: 0xaaaaaab25c30 -> 0x95c	len 0x27c + ofst 0x6e0
kern  :info  : [  356.130920] rust_kjit: Vlabel: 0xaaaaaab25c34 -> 0x960	len 0x280 + ofst 0x6e0
kern  :info  : [  356.130921] rust_kjit: Vlabel: 0xaaaaaab25c38 -> 0x964	len 0x284 + ofst 0x6e0
kern  :info  : [  356.130922] rust_kjit: Vlabel: 0xaaaaaab25c3c -> 0x980	len 0x2a0 + ofst 0x6e0
kern  :info  : [  356.130923] rust_kjit: Vlabel: 0xaaaaaab25c40 -> 0x984	len 0x2a4 + ofst 0x6e0
kern  :info  : [  356.130924] rust_kjit: Vlabel: 0xaaaaaab25c44 -> 0x988	len 0x2a8 + ofst 0x6e0
kern  :info  : [  356.130925] rust_kjit: Vlabel: 0xaaaaaab25c48 -> 0x98c	len 0x2ac + ofst 0x6e0
kern  :info  : [  356.130926] rust_kjit: Vlabel: 0xaaaaaab25c4c -> 0x990	len 0x2b0 + ofst 0x6e0
kern  :info  : [  356.130927] rust_kjit: Vlabel: 0xaaaaaab25c50 -> 0x994	len 0x2b4 + ofst 0x6e0
kern  :info  : [  356.130928] rust_kjit: Vlabel: 0xaaaaaab25c54 -> 0x998	len 0x2b8 + ofst 0x6e0
kern  :info  : [  356.130929] rust_kjit: Vlabel: 0xaaaaaab25c58 -> 0x99c	len 0x2bc + ofst 0x6e0
kern  :info  : [  356.130930] rust_kjit: Final code: 00 00 e0 d2 40 55 d5 f2 a0 57 b5 f2 00 00 9e f2 00 c0 47 f9 22 2e 40 f9 01 00 40 f9 42 00 01 eb 01 00 80 d2 09 42 3b d5 09 01 80 f2 49 00 c0 f2 0a 00 e0 d2 4a 55 d5 f2 4a 56 b5 f2 8a 6f 8b f2 2b 00 00 10 5b fe ff 17 30 7a 46 a9 33 52 47 a9 37 62 49 a9 31 02 03 91 1f 20 03 d5 89 00 80 d2 ea 03 1e aa 2b 00 00 10 52 fe ff 17 60 02 40 f9 01 8c 40 b9 e0 03 14 aa e4 03 13 aa 03 00 e0 d2 43 55 d5 f2 43 56 b5 f2 03 00 80 f2 42 00 80 52 63 c0 13 91 29 00 80 d2 0a 00 e0 d2 4a 55 d5 f2 2a 56 b5 f2 0a 2e 96 f2 2b 00 00 10 41 fe ff 17 00 00 e0 d2 40 55 d5 f2 00 58 b5 f2 00 00 80 f2 00 40 0b 91 35 5a 48 a9 00 b4 40 b9 39 6a 4a a9 7f 22 00 f9 60 5a 00 b9 09 42 3b d5 09 01 80 f2 09 00 c0 f2 0a 00 e0 d2 4a 55 d5 f2 4a 56 b5 f2 8a 3e 8a f2 2b 00 00 10 2e fe ff 17 c1 ff ff 17 
kern  :info  : [  356.131040] rust_kjit: Final code con't: 35 5a 08 a9 39 6a 0a a9 3b 72 0b a9 29 00 80 d2 0a 00 e0 d2 4a 55 d5 f2 0a 56 b5 f2 0a 66 9c f2 2b 00 00 10 23 fe ff 17 03 00 e0 d2 43 55 d5 f2 63 57 b5 f2 03 00 86 f2 63 40 3e 91 01 00 e0 d2 41 55 d5 f2 01 57 b5 f2 01 00 9a f2 00 00 e0 d2 40 55 d5 f2 20 57 b5 f2 00 00 80 f2 63 40 01 91 21 40 2a 91 00 60 02 91 e2 a7 80 52 29 00 80 d2 0a 00 e0 d2 4a 55 d5 f2 0a 56 b5 f2 0a 88 9c f2 2b 00 00 10 0b fe ff 17 1f 20 03 d5 31 82 00 d1 03 00 e0 d2 43 55 d5 f2 a3 57 b5 f2 03 00 9e f2 63 c0 47 f9 e2 03 11 aa 30 7a 01 a9 30 42 00 91 64 00 40 f9 24 06 00 f9 04 00 80 d2 29 00 80 d2 0a 00 e0 d2 4a 55 d5 f2 4a 56 b5 f2 0a be 89 f2 2b 00 00 10 f7 fd ff 17 1f 00 00 f1 22 02 40 f9 01 00 e0 d2 41 55 d5 f2 a1 57 b5 f2 01 00 9e f2 21 c0 47 f9 40 00 80 9a 23 06 40 f9 22 00 40 f9 
kern  :info  : [  356.131114] rust_kjit: Final code con't: 63 00 02 eb 02 00 80 d2 09 42 3b d5 09 01 80 f2 49 00 c0 f2 0a 00 e0 d2 4a 55 d5 f2 4a 56 b5 f2 8a 82 8b f2 2b 00 00 10 e2 fd ff 17 30 7a 41 a9 31 82 00 91 1f 20 03 d5 89 00 80 d2 ea 03 1e aa 2b 00 00 10 db fd ff 17 29 00 80 d2 0a 00 e0 d2 4a 55 d5 f2 0a 56 b5 f2 0a 66 9c f2 2b 00 00 10 d4 fd ff 17 1f 20 03 d5 1f 20 03 d5 1f 20 03 d5 30 7a be a9 f0 03 11 aa 33 0a 00 f9 f3 03 00 aa 00 06 80 d2 29 00 80 d2 0a 00 e0 d2 4a 55 d5 f2 4a 56 b5 f2 0a 42 83 f2 2b 00 00 10 c5 fd ff 17 02 00 80 92 13 08 00 a9 1f 08 00 f9 1f fc 01 a9 33 0a 40 f9 30 7a c2 a8 1f 20 03 d5 89 00 80 d2 ea 03 1e aa 2b 00 00 10 ba fd ff 17 
kern  :info  : [  356.131248] rust_kjit: RET to 0xaaaaaab25930 at 0x74c
kern  :info  : [  356.131249] rust_kjit: Regs: 
kern  :warn  : [  356.131249] 	X0: fffff7ffdb50	X1: 000000000000	X2: 000000000000	X3: 000000000035
kern  :warn  : [  356.131252] 	X4: 00000000005f	X5: fffff72b3070	X6: 000000000c69	X7: 00000000000a
kern  :warn  : [  356.131254] 	X8: 000000000015	X9: 000000000000	X10: 000000000000	X11: 000000000000
kern  :warn  : [  356.131256] 	X12: 000000000000	X13: 000000004010	X14: 000000000000	X15: 000000000000
kern  :warn  : [  356.131258] 	X16: aaaaaabdfe40	X17: fffff772ce00	X18: 0000000372cf	X19: fffff72ced00
kern  :warn  : [  356.131260] 	X20: fffff7208000	X21: 0000000003c0	X22: 00000000001b	X23: aaaaaac002d0
kern  :warn  : [  356.131262] 	X24: ffffffffe9a0	X25: aaaaaab8f000	X26: 00000000001e	X27: aaaaaab8f000
kern  :warn  : [  356.131264] 	X28: aaaaaab8f000	X29: ffffffffe9c0	X30: aaaaaab25930
kern  :info  : [  356.131265] rust_kjit: RBl at 0x78c
kern  :info  : [  356.131719] rust_kjit: BB at 0xaaaaaab1a4e0
kern  :info  : [  356.131720] rust_kjit: BB: 3f 23 03 d5 ff 83 01 d1 fd 7b 02 a9 fd 83 00 91 f5 5b 04 a9 f5 03 00 aa 36 7c 7b 93 f7 2b 00 f9 b7 0a 40 f9 f3 53 03 a9 f4 03 01 2a 20 06 00 b0 00 c0 47 f9 01 00 40 f9 e1 0f 00 f9 01 00 80 d2 e0 6a 76 b8 20 03 00 34 
kern  :info  : [  356.131740] rust_kjit: BB at 0xaaaaaab1a528
kern  :info  : [  356.131740] rust_kjit: BB: a3 1a 40 f9 41 00 1e 32 5f 00 7f f2 ff ff 00 a9 22 10 82 1a 01 00 22 0a f3 03 22 2a 60 00 40 b9 22 00 1f 12 a1 03 00 36 
kern  :info  : [  356.131751] rust_kjit: BB at 0xaaaaaab1a550
kern  :info  : [  356.131752] rust_kjit: BB: 21 00 80 52 e1 0b 00 b9 e2 06 00 35 
kern  :info  : [  356.131755] rust_kjit: BB at 0xaaaaaab1a55c
kern  :info  : [  356.131756] rust_kjit: BB: f4 13 00 b9 
kern  :info  : [  356.131757] rust_kjit: BB at 0xaaaaaab1a560
kern  :info  : [  356.131758] rust_kjit: BB: e3 23 00 91 e2 03 14 2a 61 00 80 52 f5 d0 ff 97 
kern  :info  : [  356.131762] rust_kjit: BB at 0xaaaaaab1a570
kern  :info  : [  356.131763] rust_kjit: BB: e0 6a 76 b8 a3 02 40 b9 62 02 00 6a e2 6a 36 b8 80 02 43 7a 80 03 00 54 
kern  :info  : [  356.131769] rust_kjit: BB at 0xaaaaaab1a5c0
kern  :info  : [  356.131770] rust_kjit: BB: 02 04 00 35 
kern  :info  : [  356.131771] rust_kjit: BB at 0xaaaaaab1a5c4
kern  :info  : [  356.131772] rust_kjit: BB: f4 13 00 b9 c1 fc ff 35 
kern  :info  : [  356.131774] rust_kjit: BB at 0xaaaaaab1a5cc
kern  :info  : [  356.131774] rust_kjit: BB: e3 23 00 91 e2 03 14 2a 41 00 80 52 da d0 ff 97 
kern  :info  : [  356.131779] rust_kjit: BB at 0xaaaaaab1a634
kern  :info  : [  356.131779] rust_kjit: BB: a1 00 80 52 e1 0b 00 b9 c8 ff ff 17 
kern  :info  : [  356.131783] rust_kjit: BB at 0xaaaaaab1a640
kern  :info  : [  356.131783] rust_kjit: BB: 81 00 80 52 e1 0b 00 b9 c5 ff ff 17 
kern  :info  : [  356.131786] rust_kjit: BB at 0xaaaaaab1b170
kern  :info  : [  356.131787] rust_kjit: BB: 3f 23 03 d5 ff c3 01 d1 fd 7b 02 a9 fd 83 00 91 05 04 40 b9 f3 53 03 a9 f3 03 01 2a 21 06 00 90 21 c0 47 f9 f9 6b 06 a9 fa 03 00 aa 20 00 40 f9 e0 0f 00 f9 00 00 80 d2 bf 00 13 6b 8d 07 00 54 
kern  :info  : [  356.131804] rust_kjit: BB at 0xaaaaaab1b1b0
kern  :info  : [  356.131804] rust_kjit: BB: f5 5b 04 a9 75 7e 7b 93 f4 03 02 2a 56 0b 40 f9 ff ff 00 a9 61 00 80 52 f7 63 05 a9 d9 02 15 8b c2 6a 75 b8 40 1b 40 f9 5f 00 00 71 f8 03 03 aa f7 03 04 aa 23 00 80 52 82 02 02 2a 21 10 83 1a 42 00 00 36 
kern  :info  : [  356.131822] rust_kjit: BB at 0xaaaaaab1b1f4
kern  :info  : [  356.131823] rust_kjit: BB: e3 0b 00 b9 
kern  :info  : [  356.131824] rust_kjit: BB at 0xaaaaaab1b1f8
kern  :info  : [  356.131825] rust_kjit: BB: 62 04 08 37 
kern  :info  : [  356.131826] rust_kjit: BB at 0xaaaaaab1b1fc
kern  :info  : [  356.131827] rust_kjit: BB: 00 00 40 b9 e3 23 00 91 e2 03 13 2a f3 13 00 b9 cd cd ff 97 
kern  :info  : [  356.131832] rust_kjit: BB at 0xaaaaaab1b210
kern  :info  : [  356.131833] rust_kjit: BB: 1f 04 00 31 e0 04 00 54 
kern  :info  : [  356.131835] rust_kjit: BB at 0xaaaaaab1b218
kern  :info  : [  356.131835] rust_kjit: BB: c1 6a 75 b8 21 00 14 2a c1 6a 35 b8 54 00 00 36 
kern  :info  : [  356.131840] rust_kjit: BB at 0xaaaaaab1b228
kern  :info  : [  356.131840] rust_kjit: BB: 38 07 00 f9 
kern  :info  : [  356.131842] rust_kjit: BB at 0xaaaaaab1b22c
kern  :info  : [  356.131842] rust_kjit: BB: 54 00 08 36 
kern  :info  : [  356.131844] rust_kjit: BB at 0xaaaaaab1b230
kern  :info  : [  356.131844] rust_kjit: BB: 38 0b 00 f9 
kern  :info  : [  356.131845] rust_kjit: BB at 0xaaaaaab1b234
kern  :info  : [  356.131846] rust_kjit: BB: 40 03 40 b9 37 0f 00 f9 1f 00 13 6b ab 02 00 54 
kern  :info  : [  356.131850] rust_kjit: BB at 0xaaaaaab1b244
kern  :info  : [  356.131851] rust_kjit: BB: f5 5b 44 a9 00 00 80 52 f7 63 45 a9 
kern  :info  : [  356.131854] rust_kjit: BB at 0xaaaaaab1b250
kern  :info  : [  356.131855] rust_kjit: BB: 21 06 00 90 21 c0 47 f9 e3 0f 40 f9 22 00 40 f9 63 00 02 eb 02 00 80 d2 c1 02 00 54 
kern  :info  : [  356.131862] rust_kjit: BB at 0xaaaaaab1b26c
kern  :info  : [  356.131863] rust_kjit: BB: fd 7b 42 a9 f3 53 43 a9 f9 6b 46 a9 ff c3 01 91 bf 23 03 d5 c0 03 5f d6 
kern  :info  : [  356.131869] rust_kjit: BB at 0xaaaaaab1b284
kern  :info  : [  356.131870] rust_kjit: BB: e2 0b 40 b9 42 00 1e 32 e2 0b 00 b9 db ff ff 17 
kern  :info  : [  356.131874] rust_kjit: BB at 0xaaaaaab1b294
kern  :info  : [  356.131875] rust_kjit: BB: 53 03 00 b9 eb ff ff 17 
kern  :info  : [  356.131877] rust_kjit: BB at 0xaaaaaab1b29c
kern  :info  : [  356.131878] rust_kjit: BB: 6d cd ff 97 
kern  :info  : [  356.131879] rust_kjit: BB at 0xaaaaaab1b2a0
kern  :info  : [  356.131879] rust_kjit: BB: 41 04 80 52 01 00 00 b9 00 00 80 12 e9 ff ff 17 
kern  :info  : [  356.131884] rust_kjit: BB at 0xaaaaaab1b2b0
kern  :info  : [  356.131884] rust_kjit: BB: f5 5b 44 a9 00 00 80 12 f7 63 45 a9 e5 ff ff 17 
kern  :info  : [  356.131889] rust_kjit: BB at 0xaaaaaab1b2c0
kern  :info  : [  356.131889] rust_kjit: BB: f5 5b 04 a9 f7 63 05 a9 1a cc ff 97 
kern  :info  : [  356.131893] rust_kjit: BB at 0xaaaaaab1b2cc
kern  :info  : [  356.131893] rust_kjit: BB: 1f 20 03 d5 3f 23 03 d5 fd 7b bf a9 fd 03 00 91 03 04 40 b9 7f 00 01 6b 8d 00 00 54 
kern  :info  : [  356.131901] rust_kjit: BB at 0xaaaaaab1b2e8
kern  :info  : [  356.131902] rust_kjit: BB: fd 7b c1 a8 bf 23 03 d5 7c fc ff 17 
kern  :info  : [  356.131905] rust_kjit: BB at 0xaaaaaab1b2f4
kern  :info  : [  356.131906] rust_kjit: BB: fd 7b c1 a8 bf 23 03 d5 c0 03 5f d6 
kern  :info  : [  356.131909] rust_kjit: ARM64_INS_PACIASP -> NOP
kern  :info  : [  356.132190] rust_kjit: ARM64_INS_PACIASP -> NOP
kern  :info  : [  356.132472] rust_kjit: ARM64_INS_AUTIASP -> NOP
kern  :info  : [  356.132689] rust_kjit: ARM64_INS_PACIASP -> NOP
kern  :info  : [  356.132740] rust_kjit: ARM64_INS_AUTIASP -> NOP
kern  :info  : [  356.132773] rust_kjit: ARM64_INS_AUTIASP -> NOP
kern  :info  : [  356.132801] rust_kjit: Vlabel: 0xaaaaaab1a4e0 -> 0x9ac	len 0x0 + ofst 0x9ac
kern  :info  : [  356.132803] rust_kjit: Vlabel: 0xaaaaaab1a4e4 -> 0x9b0	len 0x4 + ofst 0x9ac
kern  :info  : [  356.132805] rust_kjit: Vlabel: 0xaaaaaab1a4e8 -> 0x9b4	len 0x8 + ofst 0x9ac
kern  :info  : [  356.132806] rust_kjit: Vlabel: 0xaaaaaab1a4ec -> 0x9b8	len 0xc + ofst 0x9ac
kern  :info  : [  356.132807] rust_kjit: Vlabel: 0xaaaaaab1a4f0 -> 0x9bc	len 0x10 + ofst 0x9ac
kern  :info  : [  356.132808] rust_kjit: Vlabel: 0xaaaaaab1a4f4 -> 0x9c0	len 0x14 + ofst 0x9ac
kern  :info  : [  356.132809] rust_kjit: Vlabel: 0xaaaaaab1a4f8 -> 0x9c4	len 0x18 + ofst 0x9ac
kern  :info  : [  356.132811] rust_kjit: Vlabel: 0xaaaaaab1a4fc -> 0x9c8	len 0x1c + ofst 0x9ac
kern  :info  : [  356.132812] rust_kjit: Vlabel: 0xaaaaaab1a500 -> 0x9cc	len 0x20 + ofst 0x9ac
kern  :info  : [  356.132813] rust_kjit: Vlabel: 0xaaaaaab1a504 -> 0x9d0	len 0x24 + ofst 0x9ac
kern  :info  : [  356.132814] rust_kjit: Vlabel: 0xaaaaaab1a508 -> 0x9d4	len 0x28 + ofst 0x9ac
kern  :info  : [  356.132815] rust_kjit: Vlabel: 0xaaaaaab1a50c -> 0x9d8	len 0x2c + ofst 0x9ac
kern  :info  : [  356.132817] rust_kjit: Vlabel: 0xaaaaaab1a510 -> 0x9e8	len 0x3c + ofst 0x9ac
kern  :info  : [  356.132818] rust_kjit: Vlabel: 0xaaaaaab1a514 -> 0x9ec	len 0x40 + ofst 0x9ac
kern  :info  : [  356.132819] rust_kjit: Vlabel: 0xaaaaaab1a518 -> 0x9f0	len 0x44 + ofst 0x9ac
kern  :info  : [  356.132820] rust_kjit: Vlabel: 0xaaaaaab1a51c -> 0x9f4	len 0x48 + ofst 0x9ac
kern  :info  : [  356.132821] rust_kjit: Vlabel: 0xaaaaaab1a520 -> 0x9f8	len 0x4c + ofst 0x9ac
kern  :info  : [  356.132822] rust_kjit: Vlabel: 0xaaaaaab1a524 -> 0x9fc	len 0x50 + ofst 0x9ac
kern  :info  : [  356.132825] rust_kjit: Vlabel: 0xaaaaaab1a588 -> 0xa24	len 0x78 + ofst 0x9ac
kern  :info  : [  356.132826] rust_kjit: Vlabel: 0xaaaaaab1a528 -> 0xa28	len 0x7c + ofst 0x9ac
kern  :info  : [  356.132827] rust_kjit: Vlabel: 0xaaaaaab1a52c -> 0xa2c	len 0x80 + ofst 0x9ac
kern  :info  : [  356.132828] rust_kjit: Vlabel: 0xaaaaaab1a530 -> 0xa30	len 0x84 + ofst 0x9ac
kern  :info  : [  356.132829] rust_kjit: Vlabel: 0xaaaaaab1a534 -> 0xa34	len 0x88 + ofst 0x9ac
kern  :info  : [  356.132831] rust_kjit: Vlabel: 0xaaaaaab1a538 -> 0xa38	len 0x8c + ofst 0x9ac
kern  :info  : [  356.132832] rust_kjit: Vlabel: 0xaaaaaab1a53c -> 0xa3c	len 0x90 + ofst 0x9ac
kern  :info  : [  356.132833] rust_kjit: Vlabel: 0xaaaaaab1a540 -> 0xa40	len 0x94 + ofst 0x9ac
kern  :info  : [  356.132834] rust_kjit: Vlabel: 0xaaaaaab1a544 -> 0xa44	len 0x98 + ofst 0x9ac
kern  :info  : [  356.132835] rust_kjit: Vlabel: 0xaaaaaab1a548 -> 0xa48	len 0x9c + ofst 0x9ac
kern  :info  : [  356.132836] rust_kjit: Vlabel: 0xaaaaaab1a54c -> 0xa4c	len 0xa0 + ofst 0x9ac
kern  :info  : [  356.132839] rust_kjit: Vlabel: 0xaaaaaab1a550 -> 0xa78	len 0xcc + ofst 0x9ac
kern  :info  : [  356.132840] rust_kjit: Vlabel: 0xaaaaaab1a554 -> 0xa7c	len 0xd0 + ofst 0x9ac
kern  :info  : [  356.132841] rust_kjit: Vlabel: 0xaaaaaab1a558 -> 0xa80	len 0xd4 + ofst 0x9ac
kern  :info  : [  356.132844] rust_kjit: Vlabel: 0xaaaaaab1a55c -> 0xaa8	len 0xfc + ofst 0x9ac
kern  :info  : [  356.132845] rust_kjit: Vlabel: 0xaaaaaab1a560 -> 0xaac	len 0x100 + ofst 0x9ac
kern  :info  : [  356.132847] rust_kjit: Vlabel: 0xaaaaaab1a564 -> 0xab0	len 0x104 + ofst 0x9ac
kern  :info  : [  356.132848] rust_kjit: Vlabel: 0xaaaaaab1a568 -> 0xab4	len 0x108 + ofst 0x9ac
kern  :info  : [  356.132849] rust_kjit: Vlabel: 0xaaaaaab1a56c -> 0xab8	len 0x10c + ofst 0x9ac
kern  :info  : [  356.132851] rust_kjit: Vlabel: 0xaaaaaab1a570 -> 0xad4	len 0x128 + ofst 0x9ac
kern  :info  : [  356.132852] rust_kjit: Vlabel: 0xaaaaaab1a574 -> 0xad8	len 0x12c + ofst 0x9ac
kern  :info  : [  356.132853] rust_kjit: Vlabel: 0xaaaaaab1a578 -> 0xadc	len 0x130 + ofst 0x9ac
kern  :info  : [  356.132855] rust_kjit: Vlabel: 0xaaaaaab1a57c -> 0xae0	len 0x134 + ofst 0x9ac
kern  :info  : [  356.132856] rust_kjit: Vlabel: 0xaaaaaab1a580 -> 0xae4	len 0x138 + ofst 0x9ac
kern  :info  : [  356.132857] rust_kjit: Vlabel: 0xaaaaaab1a584 -> 0xae8	len 0x13c + ofst 0x9ac
kern  :info  : [  356.132860] rust_kjit: Vlabel: 0xaaaaaab1a5f4 -> 0xb0c	len 0x160 + ofst 0x9ac
kern  :info  : [  356.132861] rust_kjit: Vlabel: 0xaaaaaab1a5c0 -> 0xb10	len 0x164 + ofst 0x9ac
kern  :info  : [  356.132864] rust_kjit: Vlabel: 0xaaaaaab1a5c4 -> 0xb38	len 0x18c + ofst 0x9ac
kern  :info  : [  356.132865] rust_kjit: Vlabel: 0xaaaaaab1a5c8 -> 0xb3c	len 0x190 + ofst 0x9ac
kern  :info  : [  356.132867] rust_kjit: Vlabel: 0xaaaaaab1a560 -> 0xb64	len 0x1b8 + ofst 0x9ac
kern  :info  : [  356.132868] rust_kjit: Vlabel: 0xaaaaaab1a5cc -> 0xb68	len 0x1bc + ofst 0x9ac
kern  :info  : [  356.132869] rust_kjit: Vlabel: 0xaaaaaab1a5d0 -> 0xb6c	len 0x1c0 + ofst 0x9ac
kern  :info  : [  356.132870] rust_kjit: Vlabel: 0xaaaaaab1a5d4 -> 0xb70	len 0x1c4 + ofst 0x9ac
kern  :info  : [  356.132871] rust_kjit: Vlabel: 0xaaaaaab1a5d8 -> 0xb74	len 0x1c8 + ofst 0x9ac
kern  :info  : [  356.132874] rust_kjit: Vlabel: 0xaaaaaab1a634 -> 0xb90	len 0x1e4 + ofst 0x9ac
kern  :info  : [  356.132875] rust_kjit: Vlabel: 0xaaaaaab1a638 -> 0xb94	len 0x1e8 + ofst 0x9ac
kern  :info  : [  356.132876] rust_kjit: Vlabel: 0xaaaaaab1a63c -> 0xb98	len 0x1ec + ofst 0x9ac
kern  :info  : [  356.132878] rust_kjit: Vlabel: 0xaaaaaab1a55c -> 0xbbc	len 0x210 + ofst 0x9ac
kern  :info  : [  356.132880] rust_kjit: Vlabel: 0xaaaaaab1a640 -> 0xbc0	len 0x214 + ofst 0x9ac
kern  :info  : [  356.132881] rust_kjit: Vlabel: 0xaaaaaab1a644 -> 0xbc4	len 0x218 + ofst 0x9ac
kern  :info  : [  356.132882] rust_kjit: Vlabel: 0xaaaaaab1a648 -> 0xbc8	len 0x21c + ofst 0x9ac
kern  :info  : [  356.132884] rust_kjit: Vlabel: 0xaaaaaab1a55c -> 0xbec	len 0x240 + ofst 0x9ac
kern  :info  : [  356.132885] rust_kjit: Vlabel: 0xaaaaaab1b170 -> 0xbf0	len 0x244 + ofst 0x9ac
kern  :info  : [  356.132886] rust_kjit: Vlabel: 0xaaaaaab1b174 -> 0xbf4	len 0x248 + ofst 0x9ac
kern  :info  : [  356.132887] rust_kjit: Vlabel: 0xaaaaaab1b178 -> 0xbf8	len 0x24c + ofst 0x9ac
kern  :info  : [  356.132889] rust_kjit: Vlabel: 0xaaaaaab1b17c -> 0xbfc	len 0x250 + ofst 0x9ac
kern  :info  : [  356.132890] rust_kjit: Vlabel: 0xaaaaaab1b180 -> 0xc00	len 0x254 + ofst 0x9ac
kern  :info  : [  356.132891] rust_kjit: Vlabel: 0xaaaaaab1b184 -> 0xc04	len 0x258 + ofst 0x9ac
kern  :info  : [  356.132892] rust_kjit: Vlabel: 0xaaaaaab1b188 -> 0xc08	len 0x25c + ofst 0x9ac
kern  :info  : [  356.132893] rust_kjit: Vlabel: 0xaaaaaab1b18c -> 0xc0c	len 0x260 + ofst 0x9ac
kern  :info  : [  356.132894] rust_kjit: Vlabel: 0xaaaaaab1b190 -> 0xc1c	len 0x270 + ofst 0x9ac
kern  :info  : [  356.132895] rust_kjit: Vlabel: 0xaaaaaab1b194 -> 0xc20	len 0x274 + ofst 0x9ac
kern  :info  : [  356.132897] rust_kjit: Vlabel: 0xaaaaaab1b198 -> 0xc24	len 0x278 + ofst 0x9ac
kern  :info  : [  356.132898] rust_kjit: Vlabel: 0xaaaaaab1b19c -> 0xc28	len 0x27c + ofst 0x9ac
kern  :info  : [  356.132899] rust_kjit: Vlabel: 0xaaaaaab1b1a0 -> 0xc2c	len 0x280 + ofst 0x9ac
kern  :info  : [  356.132900] rust_kjit: Vlabel: 0xaaaaaab1b1a4 -> 0xc30	len 0x284 + ofst 0x9ac
kern  :info  : [  356.132901] rust_kjit: Vlabel: 0xaaaaaab1b1a8 -> 0xc34	len 0x288 + ofst 0x9ac
kern  :info  : [  356.132902] rust_kjit: Vlabel: 0xaaaaaab1b1ac -> 0xc38	len 0x28c + ofst 0x9ac
kern  :info  : [  356.132905] rust_kjit: Vlabel: 0xaaaaaab1b1b0 -> 0xc5c	len 0x2b0 + ofst 0x9ac
kern  :info  : [  356.132906] rust_kjit: Vlabel: 0xaaaaaab1b1b4 -> 0xc60	len 0x2b4 + ofst 0x9ac
kern  :info  : [  356.132907] rust_kjit: Vlabel: 0xaaaaaab1b1b8 -> 0xc64	len 0x2b8 + ofst 0x9ac
kern  :info  : [  356.132908] rust_kjit: Vlabel: 0xaaaaaab1b1bc -> 0xc68	len 0x2bc + ofst 0x9ac
kern  :info  : [  356.132909] rust_kjit: Vlabel: 0xaaaaaab1b1c0 -> 0xc6c	len 0x2c0 + ofst 0x9ac
kern  :info  : [  356.132911] rust_kjit: Vlabel: 0xaaaaaab1b1c4 -> 0xc70	len 0x2c4 + ofst 0x9ac
kern  :info  : [  356.132912] rust_kjit: Vlabel: 0xaaaaaab1b1c8 -> 0xc74	len 0x2c8 + ofst 0x9ac
kern  :info  : [  356.132913] rust_kjit: Vlabel: 0xaaaaaab1b1cc -> 0xc78	len 0x2cc + ofst 0x9ac
kern  :info  : [  356.132914] rust_kjit: Vlabel: 0xaaaaaab1b1d0 -> 0xc7c	len 0x2d0 + ofst 0x9ac
kern  :info  : [  356.132915] rust_kjit: Vlabel: 0xaaaaaab1b1d4 -> 0xc80	len 0x2d4 + ofst 0x9ac
kern  :info  : [  356.132916] rust_kjit: Vlabel: 0xaaaaaab1b1d8 -> 0xc84	len 0x2d8 + ofst 0x9ac
kern  :info  : [  356.132917] rust_kjit: Vlabel: 0xaaaaaab1b1dc -> 0xc88	len 0x2dc + ofst 0x9ac
kern  :info  : [  356.132919] rust_kjit: Vlabel: 0xaaaaaab1b1e0 -> 0xc8c	len 0x2e0 + ofst 0x9ac
kern  :info  : [  356.132920] rust_kjit: Vlabel: 0xaaaaaab1b1e4 -> 0xc90	len 0x2e4 + ofst 0x9ac
kern  :info  : [  356.132921] rust_kjit: Vlabel: 0xaaaaaab1b1e8 -> 0xc94	len 0x2e8 + ofst 0x9ac
kern  :info  : [  356.132922] rust_kjit: Vlabel: 0xaaaaaab1b1ec -> 0xc98	len 0x2ec + ofst 0x9ac
kern  :info  : [  356.132923] rust_kjit: Vlabel: 0xaaaaaab1b1f0 -> 0xc9c	len 0x2f0 + ofst 0x9ac
kern  :info  : [  356.132926] rust_kjit: Vlabel: 0xaaaaaab1b1f4 -> 0xcc8	len 0x31c + ofst 0x9ac
kern  :info  : [  356.132928] rust_kjit: Vlabel: 0xaaaaaab1b1f8 -> 0xccc	len 0x320 + ofst 0x9ac
kern  :info  : [  356.132930] rust_kjit: Vlabel: 0xaaaaaab1b1fc -> 0xcf8	len 0x34c + ofst 0x9ac
kern  :info  : [  356.132931] rust_kjit: Vlabel: 0xaaaaaab1b200 -> 0xcfc	len 0x350 + ofst 0x9ac
kern  :info  : [  356.132933] rust_kjit: Vlabel: 0xaaaaaab1b204 -> 0xd00	len 0x354 + ofst 0x9ac
kern  :info  : [  356.132934] rust_kjit: Vlabel: 0xaaaaaab1b208 -> 0xd04	len 0x358 + ofst 0x9ac
kern  :info  : [  356.132935] rust_kjit: Vlabel: 0xaaaaaab1b20c -> 0xd08	len 0x35c + ofst 0x9ac
kern  :info  : [  356.132937] rust_kjit: Vlabel: 0xaaaaaab1b210 -> 0xd24	len 0x378 + ofst 0x9ac
kern  :info  : [  356.132938] rust_kjit: Vlabel: 0xaaaaaab1b214 -> 0xd28	len 0x37c + ofst 0x9ac
kern  :info  : [  356.132940] rust_kjit: Vlabel: 0xaaaaaab1b218 -> 0xd4c	len 0x3a0 + ofst 0x9ac
kern  :info  : [  356.132969] rust_kjit: Vlabel: 0xaaaaaab1b21c -> 0xd50	len 0x3a4 + ofst 0x9ac
kern  :info  : [  356.132970] rust_kjit: Vlabel: 0xaaaaaab1b220 -> 0xd54	len 0x3a8 + ofst 0x9ac
kern  :info  : [  356.132971] rust_kjit: Vlabel: 0xaaaaaab1b224 -> 0xd58	len 0x3ac + ofst 0x9ac
kern  :info  : [  356.132974] rust_kjit: Vlabel: 0xaaaaaab1b228 -> 0xd84	len 0x3d8 + ofst 0x9ac
kern  :info  : [  356.132975] rust_kjit: Vlabel: 0xaaaaaab1b22c -> 0xd88	len 0x3dc + ofst 0x9ac
kern  :info  : [  356.132978] rust_kjit: Vlabel: 0xaaaaaab1b230 -> 0xdb4	len 0x408 + ofst 0x9ac
kern  :info  : [  356.132980] rust_kjit: Vlabel: 0xaaaaaab1b234 -> 0xdb8	len 0x40c + ofst 0x9ac
kern  :info  : [  356.132981] rust_kjit: Vlabel: 0xaaaaaab1b238 -> 0xdbc	len 0x410 + ofst 0x9ac
kern  :info  : [  356.132982] rust_kjit: Vlabel: 0xaaaaaab1b23c -> 0xdc0	len 0x414 + ofst 0x9ac
kern  :info  : [  356.132983] rust_kjit: Vlabel: 0xaaaaaab1b240 -> 0xdc4	len 0x418 + ofst 0x9ac
kern  :info  : [  356.132986] rust_kjit: Vlabel: 0xaaaaaab1b244 -> 0xde8	len 0x43c + ofst 0x9ac
kern  :info  : [  356.132988] rust_kjit: Vlabel: 0xaaaaaab1b248 -> 0xdec	len 0x440 + ofst 0x9ac
kern  :info  : [  356.132989] rust_kjit: Vlabel: 0xaaaaaab1b24c -> 0xdf0	len 0x444 + ofst 0x9ac
kern  :info  : [  356.132991] rust_kjit: Vlabel: 0xaaaaaab1b250 -> 0xdf4	len 0x448 + ofst 0x9ac
kern  :info  : [  356.132992] rust_kjit: Vlabel: 0xaaaaaab1b254 -> 0xe04	len 0x458 + ofst 0x9ac
kern  :info  : [  356.132994] rust_kjit: Vlabel: 0xaaaaaab1b258 -> 0xe08	len 0x45c + ofst 0x9ac
kern  :info  : [  356.132995] rust_kjit: Vlabel: 0xaaaaaab1b25c -> 0xe0c	len 0x460 + ofst 0x9ac
kern  :info  : [  356.133008] rust_kjit: Vlabel: 0xaaaaaab1b260 -> 0xe10	len 0x464 + ofst 0x9ac
kern  :info  : [  356.133011] rust_kjit: Vlabel: 0xaaaaaab1b264 -> 0xe14	len 0x468 + ofst 0x9ac
kern  :info  : [  356.133012] rust_kjit: Vlabel: 0xaaaaaab1b268 -> 0xe18	len 0x46c + ofst 0x9ac
kern  :info  : [  356.133015] rust_kjit: Vlabel: 0xaaaaaab1b26c -> 0xe3c	len 0x490 + ofst 0x9ac
kern  :info  : [  356.133016] rust_kjit: Vlabel: 0xaaaaaab1b270 -> 0xe40	len 0x494 + ofst 0x9ac
kern  :info  : [  356.133017] rust_kjit: Vlabel: 0xaaaaaab1b274 -> 0xe44	len 0x498 + ofst 0x9ac
kern  :info  : [  356.133018] rust_kjit: Vlabel: 0xaaaaaab1b278 -> 0xe48	len 0x49c + ofst 0x9ac
kern  :info  : [  356.133019] rust_kjit: Vlabel: 0xaaaaaab1b27c -> 0xe4c	len 0x4a0 + ofst 0x9ac
kern  :info  : [  356.133020] rust_kjit: Vlabel: 0xaaaaaab1b280 -> 0xe50	len 0x4a4 + ofst 0x9ac
kern  :info  : [  356.133022] rust_kjit: Vlabel: 0xaaaaaab1b284 -> 0xe60	len 0x4b4 + ofst 0x9ac
kern  :info  : [  356.133023] rust_kjit: Vlabel: 0xaaaaaab1b288 -> 0xe64	len 0x4b8 + ofst 0x9ac
kern  :info  : [  356.133024] rust_kjit: Vlabel: 0xaaaaaab1b28c -> 0xe68	len 0x4bc + ofst 0x9ac
kern  :info  : [  356.133025] rust_kjit: Vlabel: 0xaaaaaab1b290 -> 0xe6c	len 0x4c0 + ofst 0x9ac
kern  :info  : [  356.133027] rust_kjit: Vlabel: 0xaaaaaab1b1fc -> 0xe90	len 0x4e4 + ofst 0x9ac
kern  :info  : [  356.133028] rust_kjit: Vlabel: 0xaaaaaab1b294 -> 0xe94	len 0x4e8 + ofst 0x9ac
kern  :info  : [  356.133029] rust_kjit: Vlabel: 0xaaaaaab1b298 -> 0xe98	len 0x4ec + ofst 0x9ac
kern  :info  : [  356.133030] rust_kjit: Vlabel: 0xaaaaaab1b244 -> 0xebc	len 0x510 + ofst 0x9ac
kern  :info  : [  356.133032] rust_kjit: Vlabel: 0xaaaaaab1b29c -> 0xec0	len 0x514 + ofst 0x9ac
kern  :info  : [  356.133034] rust_kjit: Vlabel: 0xaaaaaab1b2a0 -> 0xedc	len 0x530 + ofst 0x9ac
kern  :info  : [  356.133035] rust_kjit: Vlabel: 0xaaaaaab1b2a4 -> 0xee0	len 0x534 + ofst 0x9ac
kern  :info  : [  356.133036] rust_kjit: Vlabel: 0xaaaaaab1b2a8 -> 0xee4	len 0x538 + ofst 0x9ac
kern  :info  : [  356.133037] rust_kjit: Vlabel: 0xaaaaaab1b2ac -> 0xee8	len 0x53c + ofst 0x9ac
kern  :info  : [  356.133038] rust_kjit: Vlabel: 0xaaaaaab1b250 -> 0xf0c	len 0x560 + ofst 0x9ac
kern  :info  : [  356.133040] rust_kjit: Vlabel: 0xaaaaaab1b2b0 -> 0xf10	len 0x564 + ofst 0x9ac
kern  :info  : [  356.133041] rust_kjit: Vlabel: 0xaaaaaab1b2b4 -> 0xf14	len 0x568 + ofst 0x9ac
kern  :info  : [  356.133042] rust_kjit: Vlabel: 0xaaaaaab1b2b8 -> 0xf18	len 0x56c + ofst 0x9ac
kern  :info  : [  356.133043] rust_kjit: Vlabel: 0xaaaaaab1b2bc -> 0xf1c	len 0x570 + ofst 0x9ac
kern  :info  : [  356.133045] rust_kjit: Vlabel: 0xaaaaaab1b250 -> 0xf40	len 0x594 + ofst 0x9ac
kern  :info  : [  356.133046] rust_kjit: Vlabel: 0xaaaaaab1b2c0 -> 0xf44	len 0x598 + ofst 0x9ac
kern  :info  : [  356.133047] rust_kjit: Vlabel: 0xaaaaaab1b2c4 -> 0xf48	len 0x59c + ofst 0x9ac
kern  :info  : [  356.133048] rust_kjit: Vlabel: 0xaaaaaab1b2c8 -> 0xf4c	len 0x5a0 + ofst 0x9ac
kern  :info  : [  356.133051] rust_kjit: Vlabel: 0xaaaaaab1b2cc -> 0xf68	len 0x5bc + ofst 0x9ac
kern  :info  : [  356.133052] rust_kjit: Vlabel: 0xaaaaaab1b2d0 -> 0xf6c	len 0x5c0 + ofst 0x9ac
kern  :info  : [  356.133053] rust_kjit: Vlabel: 0xaaaaaab1b2d4 -> 0xf70	len 0x5c4 + ofst 0x9ac
kern  :info  : [  356.133054] rust_kjit: Vlabel: 0xaaaaaab1b2d8 -> 0xf74	len 0x5c8 + ofst 0x9ac
kern  :info  : [  356.133055] rust_kjit: Vlabel: 0xaaaaaab1b2dc -> 0xf78	len 0x5cc + ofst 0x9ac
kern  :info  : [  356.133056] rust_kjit: Vlabel: 0xaaaaaab1b2e0 -> 0xf7c	len 0x5d0 + ofst 0x9ac
kern  :info  : [  356.133057] rust_kjit: Vlabel: 0xaaaaaab1b2e4 -> 0xf80	len 0x5d4 + ofst 0x9ac
kern  :info  : [  356.133060] rust_kjit: Vlabel: 0xaaaaaab1b2e8 -> 0xfa4	len 0x5f8 + ofst 0x9ac
kern  :info  : [  356.133061] rust_kjit: Vlabel: 0xaaaaaab1b2ec -> 0xfa8	len 0x5fc + ofst 0x9ac
kern  :info  : [  356.133063] rust_kjit: Vlabel: 0xaaaaaab1b2f0 -> 0xfac	len 0x600 + ofst 0x9ac
kern  :info  : [  356.133064] rust_kjit: Vlabel: 0xaaaaaab1a4e0 -> 0xfd0	len 0x624 + ofst 0x9ac
kern  :info  : [  356.133066] rust_kjit: Vlabel: 0xaaaaaab1b2f4 -> 0xfd4	len 0x628 + ofst 0x9ac
kern  :info  : [  356.133067] rust_kjit: Vlabel: 0xaaaaaab1b2f8 -> 0xfd8	len 0x62c + ofst 0x9ac
kern  :info  : [  356.133068] rust_kjit: Vlabel: 0xaaaaaab1b2fc -> 0xfdc	len 0x630 + ofst 0x9ac
kern  :info  : [  356.133070] rust_kjit: Final code: 1f 20 03 d5 31 82 01 d1 30 7a 02 a9 30 82 00 91 35 5a 04 a9 f5 03 00 aa 36 7c 7b 93 37 2a 00 f9 b7 0a 40 f9 33 52 03 a9 f4 03 01 2a 00 00 e0 d2 40 55 d5 f2 a0 57 b5 f2 00 00 9e f2 00 c0 47 f9 01 00 40 f9 21 0e 00 f9 01 00 80 d2 e0 6a 76 b8 1f 00 00 71 09 42 3b d5 09 01 80 f2 29 00 c0 f2 0a 00 e0 d2 4a 55 d5 f2 2a 56 b5 f2 0a b1 94 f2 2b 00 00 10 9c fd ff 17 e6 fd ff 17 a3 1a 40 f9 41 00 1e 32 5f 00 7f f2 3f fe 00 a9 22 10 82 1a 01 00 22 0a f3 03 22 2a 60 00 40 b9 22 00 1f 12 29 00 80 d2 3f 00 09 ea 09 42 3b d5 09 01 80 f2 29 00 c0 f2 0a 00 e0 d2 4a 55 d5 f2 2a 56 b5 f2 0a b8 94 f2 2b 00 00 10 87 fd ff 17 21 00 80 52 21 0a 00 b9 5f 00 00 71 09 42 3b d5 09 01 80 f2 49 00 c0 f2 0a 00 e0 d2 4a 55 d5 f2 2a 56 b5 f2 8a c6 94 f2 2b 00 00 10 7b fd ff 17 34 12 00 b9 
kern  :info  : [  356.133157] rust_kjit: Final code con't: 23 22 00 91 e2 03 14 2a 61 00 80 52 29 00 80 d2 0a 00 e0 d2 4a 55 d5 f2 0a 56 b5 f2 0a 28 9d f2 2b 00 00 10 70 fd ff 17 e0 6a 76 b8 a3 02 40 b9 62 02 00 6a e2 6a 36 b8 80 02 43 7a 09 42 3b d5 09 01 80 f2 29 00 c0 f2 0a 00 e0 d2 4a 55 d5 f2 2a 56 b5 f2 8a be 94 f2 2b 00 00 10 62 fd ff 17 d7 fd ff 17 5f 00 00 71 09 42 3b d5 09 01 80 f2 49 00 c0 f2 0a 00 e0 d2 4a 55 d5 f2 2a 56 b5 f2 0a c8 94 f2 2b 00 00 10 57 fd ff 17 34 12 00 b9 3f 00 00 71 09 42 3b d5 09 01 80 f2 49 00 c0 f2 0a 00 e0 d2 4a 55 d5 f2 2a 56 b5 f2 0a ac 94 f2 2b 00 00 10 4c fd ff 17 d2 ff ff 17 23 22 00 91 e2 03 14 2a 41 00 80 52 29 00 80 d2 0a 00 e0 d2 4a 55 d5 f2 0a 56 b5 f2 0a 28 9d f2 2b 00 00 10 41 fd ff 17 a1 00 80 52 21 0a 00 b9 09 42 3b d5 09 01 80 f2 09 00 c0 f2 0a 00 e0 d2 4a 55 d5 f2 
kern  :info  : [  356.133224] rust_kjit: Final code con't: 2a 56 b5 f2 8a ab 94 f2 2b 00 00 10 36 fd ff 17 bb ff ff 17 81 00 80 52 21 0a 00 b9 09 42 3b d5 09 01 80 f2 09 00 c0 f2 0a 00 e0 d2 4a 55 d5 f2 2a 56 b5 f2 8a ab 94 f2 2b 00 00 10 2a fd ff 17 af ff ff 17 1f 20 03 d5 31 c2 01 d1 30 7a 02 a9 30 82 00 91 05 04 40 b9 33 52 03 a9 f3 03 01 2a 01 00 e0 d2 41 55 d5 f2 a1 57 b5 f2 01 00 9e f2 21 c0 47 f9 39 6a 06 a9 fa 03 00 aa 20 00 40 f9 20 0e 00 f9 00 00 80 d2 bf 00 13 6b 09 42 3b d5 09 01 80 f2 c9 01 c0 f2 0a 00 e0 d2 4a 55 d5 f2 2a 56 b5 f2 8a 53 96 f2 2b 00 00 10 0e fd ff 17 35 5a 04 a9 75 7e 7b 93 f4 03 02 2a 56 0b 40 f9 3f fe 00 a9 61 00 80 52 37 62 05 a9 d9 02 15 8b c2 6a 75 b8 40 1b 40 f9 5f 00 00 71 f8 03 03 aa f7 03 04 aa 23 00 80 52 82 02 02 2a 21 10 83 1a 29 00 80 d2 5f 00 09 ea 09 42 3b d5 09 01 80 f2 
kern  :info  : [  356.133292] rust_kjit: Final code con't: 29 00 c0 f2 0a 00 e0 d2 4a 55 d5 f2 2a 56 b5 f2 0a 3f 96 f2 2b 00 00 10 f3 fc ff 17 23 0a 00 b9 29 00 80 d2 5f 04 09 ea 09 42 3b d5 09 01 80 f2 49 00 c0 f2 0a 00 e0 d2 4a 55 d5 f2 2a 56 b5 f2 8a 50 96 f2 2b 00 00 10 e7 fc ff 17 00 00 40 b9 23 22 00 91 e2 03 13 2a 33 12 00 b9 29 00 80 d2 0a 00 e0 d2 4a 55 d5 f2 0a 56 b5 f2 0a 28 9d f2 2b 00 00 10 dc fc ff 17 1f 04 00 31 09 42 3b d5 09 01 80 f2 29 00 c0 f2 0a 00 e0 d2 4a 55 d5 f2 2a 56 b5 f2 0a 56 96 f2 2b 00 00 10 d2 fc ff 17 c1 6a 75 b8 21 00 14 2a c1 6a 35 b8 29 00 80 d2 9f 02 09 ea 09 42 3b d5 09 01 80 f2 29 00 c0 f2 0a 00 e0 d2 4a 55 d5 f2 2a 56 b5 f2 8a 45 96 f2 2b 00 00 10 c4 fc ff 17 38 07 00 f9 29 00 80 d2 9f 06 09 ea 09 42 3b d5 09 01 80 f2 29 00 c0 f2 0a 00 e0 d2 4a 55 d5 f2 2a 56 b5 f2 8a 46 96 f2 
kern  :info  : [  356.133360] rust_kjit: Final code con't: 2b 00 00 10 b8 fc ff 17 38 0b 00 f9 40 03 40 b9 37 0f 00 f9 1f 00 13 6b 09 42 3b d5 09 01 80 f2 89 01 c0 f2 0a 00 e0 d2 4a 55 d5 f2 2a 56 b5 f2 8a 52 96 f2 2b 00 00 10 ab fc ff 17 35 5a 44 a9 00 00 80 52 37 62 45 a9 01 00 e0 d2 41 55 d5 f2 a1 57 b5 f2 01 00 9e f2 21 c0 47 f9 23 0e 40 f9 22 00 40 f9 63 00 02 eb 02 00 80 d2 09 42 3b d5 09 01 80 f2 49 00 c0 f2 0a 00 e0 d2 4a 55 d5 f2 2a 56 b5 f2 0a 58 96 f2 2b 00 00 10 96 fc ff 17 30 7a 42 a9 33 52 43 a9 39 6a 46 a9 31 c2 01 91 1f 20 03 d5 89 00 80 d2 ea 03 1e aa 2b 00 00 10 8d fc ff 17 22 0a 40 b9 42 00 1e 32 22 0a 00 b9 09 42 3b d5 09 01 80 f2 09 00 c0 f2 0a 00 e0 d2 4a 55 d5 f2 2a 56 b5 f2 8a 3f 96 f2 2b 00 00 10 81 fc ff 17 9a ff ff 17 53 03 00 b9 09 42 3b d5 09 01 80 f2 09 00 c0 f2 0a 00 e0 d2 4a 55 d5 f2 
kern  :info  : [  356.133428] rust_kjit: Final code con't: 2a 56 b5 f2 8a 48 96 f2 2b 00 00 10 76 fc ff 17 cb ff ff 17 29 00 80 d2 0a 00 e0 d2 4a 55 d5 f2 0a 56 b5 f2 0a 0a 9d f2 2b 00 00 10 6e fc ff 17 41 04 80 52 01 00 00 b9 00 00 80 12 09 42 3b d5 09 01 80 f2 09 00 c0 f2 0a 00 e0 d2 4a 55 d5 f2 2a 56 b5 f2 0a 4a 96 f2 2b 00 00 10 62 fc ff 17 ba ff ff 17 35 5a 44 a9 00 00 80 12 37 62 45 a9 09 42 3b d5 09 01 80 f2 09 00 c0 f2 0a 00 e0 d2 4a 55 d5 f2 2a 56 b5 f2 0a 4a 96 f2 2b 00 00 10 55 fc ff 17 ad ff ff 17 35 5a 04 a9 37 62 05 a9 29 00 80 d2 0a 00 e0 d2 4a 55 d5 f2 0a 56 b5 f2 0a 66 9c f2 2b 00 00 10 4b fc ff 17 1f 20 03 d5 1f 20 03 d5 30 7a bf a9 f0 03 11 aa 03 04 40 b9 7f 00 01 6b 09 42 3b d5 09 01 80 f2 c9 01 c0 f2 0a 00 e0 d2 4a 55 d5 f2 2a 56 b5 f2 8a 5e 96 f2 2b 00 00 10 3c fc ff 17 30 7a c1 a8 1f 20 03 d5 
kern  :info  : [  356.133496] rust_kjit: Final code con't: 09 42 3b d5 09 01 80 f2 09 00 c0 f2 0a 00 e0 d2 4a 55 d5 f2 2a 56 b5 f2 0a 9c 94 f2 2b 00 00 10 31 fc ff 17 77 fe ff 17 30 7a c1 a8 1f 20 03 d5 89 00 80 d2 ea 03 1e aa 2b 00 00 10 2a fc ff 17 
kern  :info  : [  356.133720] rust_kjit: BL to unknown target 0xaaaaaab1b170 at 0xbf0
kern  :info  : [  356.133721] rust_kjit: Regs: 
kern  :warn  : [  356.133721] 	X0: fffff7208000	X1: 00000000001e	X2: 000000000002	X3: aaaaaab204f0
kern  :warn  : [  356.133724] 	X4: fffff72ced00	X5: fffff72b3070	X6: 000000000c69	X7: 00000000000a
kern  :warn  : [  356.133726] 	X8: 000000000015	X9: 000000000000	X10: 000000000000	X11: 000000000000
kern  :warn  : [  356.133728] 	X12: 000000000000	X13: 000000004010	X14: 000000000000	X15: 000000000000
kern  :warn  : [  356.133730] 	X16: aaaaaabdfe40	X17: fffff772ce00	X18: 0000000372cf	X19: fffff72ced00
kern  :warn  : [  356.133732] 	X20: fffff7208000	X21: 0000000003c0	X22: 00000000001b	X23: aaaaaac002d0
kern  :warn  : [  356.133733] 	X24: ffffffffe9a0	X25: aaaaaab8f000	X26: 00000000001e	X27: aaaaaab8f000
kern  :warn  : [  356.133735] 	X28: aaaaaab8f000	X29: ffffffffe9c0	X30: aaaaaab25950
kern  :info  : [  356.133736] rust_kjit: RDebug at 0xc58, continue at 0xc5c
kern  :info  : [  356.133738] rust_kjit: Regs: 
kern  :warn  : [  356.133738] 	X0: 000000000000	X1: fffff7ffdb50	X2: 000000000002	X3: aaaaaab204f0
kern  :warn  : [  356.133740] 	X4: fffff72ced00	X5: 000000002800	X6: 000000000c69	X7: 00000000000a
kern  :warn  : [  356.133742] 	X8: 000000000015	X9: 000000000000	X10: 000000000000	X11: 000000000000
kern  :warn  : [  356.133744] 	X12: 000000000000	X13: 000000004010	X14: 000000000000	X15: 000000000000
kern  :warn  : [  356.133746] 	X16: aaaaaabdfe40	X17: fffff772ce00	X18: 0000000372cf	X19: 00000000001e
kern  :warn  : [  356.133748] 	X20: fffff7208000	X21: 0000000003c0	X22: 00000000001b	X23: aaaaaac002d0
kern  :warn  : [  356.133750] 	X24: ffffffffe9a0	X25: aaaaaab8f000	X26: fffff7208000	X27: aaaaaab8f000
kern  :warn  : [  356.133751] 	X28: aaaaaab8f000	X29: ffffffffe910	X30: aaaaaab25950
kern  :info  : [  356.133752] rust_kjit: RDebug at 0xcc4 to 0xaaaaaab1b1f8 at 0xccc
kern  :info  : [  356.133754] rust_kjit: Regs: 
kern  :warn  : [  356.133755] 	X0: fffff7271000	X1: 000000000001	X2: 000000000002	X3: 000000000001
kern  :warn  : [  356.133757] 	X4: fffff72ced00	X5: 000000002800	X6: 000000000c69	X7: 00000000000a
kern  :warn  : [  356.133759] 	X8: 000000000015	X9: 000000000000	X10: 000000000000	X11: 000000000000
kern  :warn  : [  356.133761] 	X12: 000000000000	X13: 000000004010	X14: 000000000000	X15: 000000000000
kern  :warn  : [  356.133763] 	X16: aaaaaabdfe40	X17: fffff772ce00	X18: 0000000372cf	X19: 00000000001e
kern  :warn  : [  356.133764] 	X20: 000000000002	X21: 0000000003c0	X22: fffff720d000	X23: fffff72ced00
kern  :warn  : [  356.133766] 	X24: aaaaaab204f0	X25: fffff720d3c0	X26: fffff7208000	X27: aaaaaab8f000
kern  :warn  : [  356.133768] 	X28: aaaaaab8f000	X29: ffffffffe910	X30: aaaaaab25950
kern  :info  : [  356.133769] rust_kjit: RDebug at 0xcf4 to 0xaaaaaab1b284 at 0xe60
kern  :info  : [  356.133770] rust_kjit: Regs: 
kern  :warn  : [  356.133771] 	X0: fffff7271000	X1: 000000000001	X2: 000000000002	X3: 000000000001
kern  :warn  : [  356.133773] 	X4: fffff72ced00	X5: 000000002800	X6: 000000000c69	X7: 00000000000a
kern  :warn  : [  356.133775] 	X8: 000000000015	X9: 000000000000	X10: 000000000000	X11: 000000000000
kern  :warn  : [  356.133777] 	X12: 000000000000	X13: 000000004010	X14: 000000000000	X15: 000000000000
kern  :warn  : [  356.133779] 	X16: aaaaaabdfe40	X17: fffff772ce00	X18: 0000000372cf	X19: 00000000001e
kern  :warn  : [  356.133780] 	X20: 000000000002	X21: 0000000003c0	X22: fffff720d000	X23: fffff72ced00
kern  :warn  : [  356.133782] 	X24: aaaaaab204f0	X25: fffff720d3c0	X26: fffff7208000	X27: aaaaaab8f000
kern  :warn  : [  356.133784] 	X28: aaaaaab8f000	X29: ffffffffe910	X30: aaaaaab25950
kern  :info  : [  356.133785] rust_kjit: RDebug at 0xe8c to 0xaaaaaab1b1fc at 0xcf8
kern  :info  : [  356.133789] rust_kjit: Regs: 
kern  :warn  : [  356.133790] 	X0: fffff7271000	X1: 000000000001	X2: 000000000004	X3: 000000000001
kern  :warn  : [  356.133791] 	X4: fffff72ced00	X5: 000000002800	X6: 000000000c69	X7: 00000000000a
kern  :warn  : [  356.133794] 	X8: 000000000015	X9: 000000000000	X10: 000000000000	X11: 000000000000
kern  :warn  : [  356.133795] 	X12: 000000000000	X13: 000000004010	X14: 000000000000	X15: 000000000000
kern  :warn  : [  356.133797] 	X16: aaaaaabdfe40	X17: fffff772ce00	X18: 0000000372cf	X19: 00000000001e
kern  :warn  : [  356.133799] 	X20: 000000000002	X21: 0000000003c0	X22: fffff720d000	X23: fffff72ced00
kern  :warn  : [  356.133801] 	X24: aaaaaab204f0	X25: fffff720d3c0	X26: fffff7208000	X27: aaaaaab8f000
kern  :warn  : [  356.133803] 	X28: aaaaaab8f000	X29: ffffffffe910	X30: aaaaaab25950
kern  :info  : [  356.133804] rust_kjit: RBl at 0xd20
kern  :info  : [  356.133817] rust_kjit: BB at 0xaaaaaab0e940
kern  :info  : [  356.133818] rust_kjit: BB: 90 06 00 b0 11 22 47 f9 10 02 39 91 20 02 1f d6 
kern  :info  : [  356.133877] rust_kjit: Vlabel: 0xaaaaaab0e940 -> 0xfec	len 0x0 + ofst 0xfec
kern  :info  : [  356.133879] rust_kjit: Vlabel: 0xaaaaaab0e944 -> 0xffc	len 0x10 + ofst 0xfec
kern  :info  : [  356.133880] rust_kjit: Vlabel: 0xaaaaaab0e948 -> 0x1000	len 0x14 + ofst 0xfec
kern  :info  : [  356.133882] rust_kjit: Vlabel: 0xaaaaaab0e94c -> 0x1004	len 0x18 + ofst 0xfec
kern  :info  : [  356.133883] rust_kjit: Final code: 0f 00 80 d2 4f 55 d5 f2 af 57 b5 f2 0f 00 9e f2 ee 21 47 f9 ef 01 39 91 69 00 80 d2 ea 03 0e aa ee 1f 00 f9 ef 1b 00 f9 2b 00 00 10 1e fc ff 17 
kern  :info  : [  356.133902] rust_kjit: BL to unknown target 0xaaaaaab0e940 at 0xfec
kern  :info  : [  356.133903] rust_kjit: Regs: 
kern  :warn  : [  356.133903] 	X0: 000000000003	X1: 000000000001	X2: 00000000001e	X3: ffffffffe8f8
kern  :warn  : [  356.133905] 	X4: fffff72ced00	X5: 000000002800	X6: 000000000c69	X7: 00000000000a
kern  :warn  : [  356.133907] 	X8: 000000000015	X9: 000000000000	X10: 000000000000	X11: 000000000000
kern  :warn  : [  356.133909] 	X12: 000000000000	X13: 000000004010	X14: 000000000000	X15: 000000000000
kern  :warn  : [  356.133911] 	X16: aaaaaabdfe40	X17: fffff772ce00	X18: 0000000372cf	X19: 00000000001e
kern  :warn  : [  356.133913] 	X20: 000000000002	X21: 0000000003c0	X22: fffff720d000	X23: fffff72ced00
kern  :warn  : [  356.133915] 	X24: aaaaaab204f0	X25: fffff720d3c0	X26: fffff7208000	X27: aaaaaab8f000
kern  :warn  : [  356.133916] 	X28: aaaaaab8f000	X29: ffffffffe910	X30: aaaaaab1b210
kern  :info  : [  356.133917] rust_kjit: RBr at 0x1018
kern  :info  : [  356.133929] rust_kjit: Loop detected
kern  :info  : [  356.133930] rust_kjit: BB at 0xfffff772ce00
kern  :info  : [  356.133930] rust_kjit: BB: 1f 20 03 d5 a8 02 80 d2 01 00 00 d4 
kern  :info  : [  356.133971] rust_kjit: Vlabel: 0xfffff772ce00 -> 0x101c	len 0x0 + ofst 0x101c
kern  :info  : [  356.133973] rust_kjit: Vlabel: 0xfffff772ce04 -> 0x1020	len 0x4 + ofst 0x101c
kern  :info  : [  356.133974] rust_kjit: Vlabel: 0xfffff772ce08 -> 0x1024	len 0x8 + ofst 0x101c
kern  :info  : [  356.133975] rust_kjit: Vlabel: 0xfffff772ce0c -> 0x1034	len 0x18 + ofst 0x101c
kern  :info  : [  356.133976] rust_kjit: Final code: 1f 20 03 d5 a8 02 80 d2 09 00 80 d2 ea 03 08 aa 2b 00 00 10 18 fc ff 17 4a fc ff 17 
kern  :info  : [  356.133987] rust_kjit: BR to 0xfffff772ce00 at 0x101c
kern  :info  : [  356.133988] rust_kjit: Regs: 
kern  :warn  : [  356.133988] 	X0: 000000000003	X1: 000000000001	X2: 00000000001e	X3: ffffffffe8f8
kern  :warn  : [  356.133990] 	X4: fffff72ced00	X5: 000000002800	X6: 000000000c69	X7: 00000000000a
kern  :warn  : [  356.133993] 	X8: 000000000015	X9: 000000000000	X10: 000000000000	X11: 000000000000
kern  :warn  : [  356.133997] 	X12: 000000000000	X13: 000000004010	X14: 000000000000	X15: 000000000000
kern  :warn  : [  356.134001] 	X16: aaaaaabdfe40	X17: fffff772ce00	X18: 0000000372cf	X19: 00000000001e
kern  :warn  : [  356.134006] 	X20: 000000000002	X21: 0000000003c0	X22: fffff720d000	X23: fffff72ced00
kern  :warn  : [  356.134010] 	X24: aaaaaab204f0	X25: fffff720d3c0	X26: fffff7208000	X27: aaaaaab8f000
kern  :warn  : [  356.134013] 	X28: aaaaaab8f000	X29: ffffffffe910	X30: aaaaaab1b210
kern  :info  : [  356.134014] rust_kjit: RSvc at 0x1030
kern  :info  : [  356.134017] rust_kjit: Leaving with cnt 40, svc_loop_cnt 1
kern  :info  : [  356.134018] rust_kjit: Regs: 
kern  :warn  : [  356.134019] 	X0: 000000000000	X1: 000000000001	X2: 00000000001e	X3: ffffffffe8f8
kern  :warn  : [  356.134021] 	X4: fffff72ced00	X5: 000000002800	X6: 000000000c69	X7: 00000000000a
kern  :warn  : [  356.134023] 	X8: 000000000015	X9: 000000000000	X10: 000000000000	X11: 000000000000
kern  :warn  : [  356.134024] 	X12: 000000000000	X13: 000000004010	X14: 000000000000	X15: 000000000000
kern  :warn  : [  356.134027] 	X16: aaaaaabdfe40	X17: fffff772ce00	X18: 0000000372cf	X19: 00000000001e
kern  :warn  : [  356.134028] 	X20: 000000000002	X21: 0000000003c0	X22: fffff720d000	X23: fffff72ced00
kern  :warn  : [  356.134030] 	X24: aaaaaab204f0	X25: fffff720d3c0	X26: fffff7208000	X27: aaaaaab8f000
kern  :warn  : [  356.134031] 	X28: aaaaaab8f000	X29: ffffffffe910	X30: aaaaaab1b210
kern  :info  : [  356.134048] rust_kjit: ###### Lift session 2 ######
kern  :info  : [  356.134049] rust_kjit: Regs: 
kern  :warn  : [  356.134049] 	X0: 000000000000	X1: 000000000003	X2: 00000000000b	X3: ffffffffe908
kern  :warn  : [  356.134051] 	X4: 00000000005f	X5: fffff72b3070	X6: 000000000c6a	X7: 00000000000a
kern  :warn  : [  356.134053] 	X8: 000000000015	X9: 000010000000	X10: 000000000000	X11: 000000000000
kern  :warn  : [  356.134055] 	X12: 000000000000	X13: 000000004010	X14: 000000000000	X15: 000000000000
kern  :warn  : [  356.134057] 	X16: aaaaaabdfe40	X17: fffff772ce00	X18: 0000000372cf	X19: 0000fffffff9
kern  :warn  : [  356.134059] 	X20: 00000000000b	X21: fffff7208000	X22: 000000000160	X23: fffff720d000
kern  :warn  : [  356.134062] 	X24: ffffffffe9a0	X25: aaaaaab8f000	X26: 00000000000b	X27: aaaaaab8f000
kern  :warn  : [  356.134063] 	X28: aaaaaab8f000	X29: ffffffffe920	X30: aaaaaab1a570
kern  :info  : [  356.134065] rust_kjit: RDebug at 0x180, continue at 0x184
kern  :info  : [  356.134066] rust_kjit: Regs: 
kern  :warn  : [  356.134067] 	X0: 000000000000	X1: 000000000003	X2: 00000000000b	X3: ffffffffe908
kern  :warn  : [  356.134069] 	X4: 00000000005f	X5: fffff72b3070	X6: 000000000c6a	X7: 00000000000a
kern  :warn  : [  356.134071] 	X8: 000000000015	X9: 000010000000	X10: 000000000000	X11: 000000000000
kern  :warn  : [  356.134073] 	X12: 000000000000	X13: 000000004010	X14: 000000000000	X15: 000000000000
kern  :warn  : [  356.134075] 	X16: aaaaaabdfe40	X17: fffff772ce00	X18: 0000000372cf	X19: 0000fffffff9
kern  :warn  : [  356.134076] 	X20: 00000000000b	X21: fffff7208000	X22: 000000000160	X23: fffff720d000
kern  :warn  : [  356.134078] 	X24: ffffffffe9a0	X25: aaaaaab8f000	X26: 00000000000b	X27: aaaaaab8f000
kern  :warn  : [  356.134081] 	X28: aaaaaab8f000	X29: ffffffffe920	X30: aaaaaab1a570
kern  :info  : [  356.134083] rust_kjit: RRet at 0x190 to known target 0xaaaaaab1a570
kern  :info  : [  356.134086] rust_kjit: Regs: 
kern  :warn  : [  356.134087] 	X0: 000000000000	X1: 000000000003	X2: 00000000000b	X3: ffffffffe908
kern  :warn  : [  356.134092] 	X4: 00000000005f	X5: fffff72b3070	X6: 000000000c6a	X7: 00000000000a
kern  :warn  : [  356.134096] 	X8: 000000000015	X9: 000010000000	X10: 000000000000	X11: 000000000000
kern  :warn  : [  356.134101] 	X12: 000000000000	X13: 000000004010	X14: 000000000000	X15: 000000000000
kern  :warn  : [  356.134106] 	X16: aaaaaabdfe40	X17: fffff772ce00	X18: 0000000372cf	X19: 0000fffffff9
kern  :warn  : [  356.134111] 	X20: 00000000000b	X21: fffff7208000	X22: 000000000160	X23: fffff720d000
kern  :warn  : [  356.134115] 	X24: ffffffffe9a0	X25: aaaaaab8f000	X26: 00000000000b	X27: aaaaaab8f000
kern  :warn  : [  356.134117] 	X28: aaaaaab8f000	X29: ffffffffe920	X30: aaaaaab1a570
kern  :info  : [  356.134118] rust_kjit: RDebug at 0xb08, continue at 0xb0c
kern  :info  : [  356.134120] rust_kjit: Regs: 
kern  :warn  : [  356.134120] 	X0: 000000000001	X1: 000000000003	X2: 000000000001	X3: 000000000035
kern  :warn  : [  356.134122] 	X4: 00000000005f	X5: fffff72b3070	X6: 000000000c6a	X7: 00000000000a
kern  :warn  : [  356.134124] 	X8: 000000000015	X9: 000010000000	X10: 000000000000	X11: 000000000000
kern  :warn  : [  356.134126] 	X12: 000000000000	X13: 000000004010	X14: 000000000000	X15: 000000000000
kern  :warn  : [  356.134128] 	X16: aaaaaabdfe40	X17: fffff772ce00	X18: 0000000372cf	X19: 0000fffffff9
kern  :warn  : [  356.134130] 	X20: 00000000000b	X21: fffff7208000	X22: 000000000160	X23: fffff720d000
kern  :warn  : [  356.134132] 	X24: ffffffffe9a0	X25: aaaaaab8f000	X26: 00000000000b	X27: aaaaaab8f000
kern  :warn  : [  356.134133] 	X28: aaaaaab8f000	X29: ffffffffe920	X30: aaaaaab1a570
kern  :info  : [  356.134134] rust_kjit: RDebug at 0x28c, continue at 0x290
kern  :info  : [  356.134136] rust_kjit: Regs: 
kern  :warn  : [  356.134136] 	X0: 000000000001	X1: 000000000034	X2: 000000000001	X3: 000000000035
kern  :warn  : [  356.134138] 	X4: 00000000005f	X5: fffff72b3070	X6: 000000000c6a	X7: 00000000000a
kern  :warn  : [  356.134140] 	X8: 000000000015	X9: 000010000000	X10: 000000000000	X11: 000000000000
kern  :warn  : [  356.134142] 	X12: 000000000000	X13: 000000004010	X14: 000000000000	X15: 000000000000
kern  :warn  : [  356.134144] 	X16: aaaaaabdfe40	X17: fffff772ce00	X18: 0000000372cf	X19: 0000fffffff9
kern  :warn  : [  356.134146] 	X20: 00000000000b	X21: fffff7208000	X22: 000000000160	X23: fffff720d000
kern  :warn  : [  356.134147] 	X24: ffffffffe9a0	X25: aaaaaab8f000	X26: 00000000000b	X27: aaaaaab8f000
kern  :warn  : [  356.134149] 	X28: aaaaaab8f000	X29: ffffffffe920	X30: aaaaaab1a570
kern  :info  : [  356.134150] rust_kjit: RDebug at 0x2c4 to 0xaaaaaab1a624 at 0x2f8
kern  :info  : [  356.134151] rust_kjit: Regs: 
kern  :warn  : [  356.134152] 	X0: fffff720d680	X1: 000000000034	X2: ffffffffffffffe0	X3: 000000000680
kern  :warn  : [  356.134154] 	X4: 000000000020	X5: fffff72b3070	X6: 000000000c6a	X7: 00000000000a
kern  :warn  : [  356.134156] 	X8: 000000000015	X9: 000010000000	X10: 000000000000	X11: 000000000000
kern  :warn  : [  356.134158] 	X12: 000000000000	X13: 000000004010	X14: 000000000000	X15: 000000000000
kern  :warn  : [  356.134159] 	X16: aaaaaabdfe40	X17: fffff772ce00	X18: 0000000372cf	X19: 0000fffffff9
kern  :warn  : [  356.134161] 	X20: 00000000000b	X21: fffff7208000	X22: 000000000160	X23: fffff720d000
kern  :warn  : [  356.134163] 	X24: ffffffffe9a0	X25: aaaaaab8f000	X26: 00000000000b	X27: aaaaaab8f000
kern  :warn  : [  356.134165] 	X28: aaaaaab8f000	X29: ffffffffe920	X30: aaaaaab1a570
kern  :info  : [  356.134166] rust_kjit: RDebug at 0x320, continue at 0x324
kern  :info  : [  356.134167] rust_kjit: Regs: 
kern  :warn  : [  356.134167] 	X0: fffff720d680	X1: 000000000034	X2: 000000000001	X3: 000000000680
kern  :warn  : [  356.134169] 	X4: 000000000020	X5: fffff72b3070	X6: 000000000c6a	X7: 00000000000a
kern  :warn  : [  356.134171] 	X8: 000000000015	X9: 000010000000	X10: 000000000000	X11: 000000000000
kern  :warn  : [  356.134173] 	X12: 000000000000	X13: 000000004010	X14: 000000000000	X15: 000000000000
kern  :warn  : [  356.134175] 	X16: aaaaaabdfe40	X17: fffff772ce00	X18: 0000000372cf	X19: 0000fffffff9
kern  :warn  : [  356.134177] 	X20: 00000000000b	X21: fffff7208000	X22: 000000000160	X23: fffff720d000
kern  :warn  : [  356.134179] 	X24: ffffffffe9a0	X25: aaaaaab8f000	X26: 00000000000b	X27: aaaaaab8f000
kern  :warn  : [  356.134180] 	X28: aaaaaab8f000	X29: ffffffffe920	X30: aaaaaab1a570
kern  :info  : [  356.134181] rust_kjit: RDebug at 0x2f4, continue at 0x2f8
kern  :info  : [  356.134182] rust_kjit: Regs: 
kern  :warn  : [  356.134183] 	X0: fffff720d660	X1: 000000000033	X2: 000000000001	X3: 000000000680
kern  :warn  : [  356.134185] 	X4: 000000000020	X5: fffff72b3070	X6: 000000000c6a	X7: 00000000000a
kern  :warn  : [  356.134187] 	X8: 000000000015	X9: 000010000000	X10: 000000000000	X11: 000000000000
kern  :warn  : [  356.134189] 	X12: 000000000000	X13: 000000004010	X14: 000000000000	X15: 000000000000
kern  :warn  : [  356.134191] 	X16: aaaaaabdfe40	X17: fffff772ce00	X18: 0000000372cf	X19: 0000fffffff9
kern  :warn  : [  356.134192] 	X20: 00000000000b	X21: fffff7208000	X22: 000000000160	X23: fffff720d000
kern  :warn  : [  356.134194] 	X24: ffffffffe9a0	X25: aaaaaab8f000	X26: 00000000000b	X27: aaaaaab8f000
kern  :warn  : [  356.134196] 	X28: aaaaaab8f000	X29: ffffffffe920	X30: aaaaaab1a570
kern  :info  : [  356.134197] rust_kjit: RDebug at 0x320, continue at 0x324
kern  :info  : [  356.134198] rust_kjit: Regs: 
kern  :warn  : [  356.134199] 	X0: fffff720d660	X1: 000000000033	X2: 000000000002	X3: 000000000680
kern  :warn  : [  356.134200] 	X4: 000000000020	X5: fffff72b3070	X6: 000000000c6a	X7: 00000000000a
kern  :warn  : [  356.134202] 	X8: 000000000015	X9: 000010000000	X10: 000000000000	X11: 000000000000
kern  :warn  : [  356.134204] 	X12: 000000000000	X13: 000000004010	X14: 000000000000	X15: 000000000000
kern  :warn  : [  356.134206] 	X16: aaaaaabdfe40	X17: fffff772ce00	X18: 0000000372cf	X19: 0000fffffff9
kern  :warn  : [  356.134208] 	X20: 00000000000b	X21: fffff7208000	X22: 000000000160	X23: fffff720d000
kern  :warn  : [  356.134210] 	X24: ffffffffe9a0	X25: aaaaaab8f000	X26: 00000000000b	X27: aaaaaab8f000
kern  :warn  : [  356.134212] 	X28: aaaaaab8f000	X29: ffffffffe920	X30: aaaaaab1a570
kern  :info  : [  356.134213] rust_kjit: RDebug at 0x2f4, continue at 0x2f8
kern  :info  : [  356.134214] rust_kjit: Regs: 
kern  :warn  : [  356.134214] 	X0: fffff720d640	X1: 000000000032	X2: 000000000002	X3: 000000000680
kern  :warn  : [  356.134217] 	X4: 000000000020	X5: fffff72b3070	X6: 000000000c6a	X7: 00000000000a
kern  :warn  : [  356.134219] 	X8: 000000000015	X9: 000010000000	X10: 000000000000	X11: 000000000000
kern  :warn  : [  356.134220] 	X12: 000000000000	X13: 000000004010	X14: 000000000000	X15: 000000000000
kern  :warn  : [  356.134222] 	X16: aaaaaabdfe40	X17: fffff772ce00	X18: 0000000372cf	X19: 0000fffffff9
kern  :warn  : [  356.134224] 	X20: 00000000000b	X21: fffff7208000	X22: 000000000160	X23: fffff720d000
kern  :warn  : [  356.134226] 	X24: ffffffffe9a0	X25: aaaaaab8f000	X26: 00000000000b	X27: aaaaaab8f000
kern  :warn  : [  356.134228] 	X28: aaaaaab8f000	X29: ffffffffe920	X30: aaaaaab1a570
kern  :info  : [  356.134229] rust_kjit: RDebug at 0x320, continue at 0x324
kern  :info  : [  356.134230] rust_kjit: Regs: 
kern  :warn  : [  356.134231] 	X0: fffff720d640	X1: 000000000032	X2: 000000000002	X3: 000000000680
kern  :warn  : [  356.134232] 	X4: 000000000020	X5: fffff72b3070	X6: 000000000c6a	X7: 00000000000a
kern  :warn  : [  356.134234] 	X8: 000000000015	X9: 000010000000	X10: 000000000000	X11: 000000000000
kern  :warn  : [  356.134236] 	X12: 000000000000	X13: 000000004010	X14: 000000000000	X15: 000000000000
kern  :warn  : [  356.134238] 	X16: aaaaaabdfe40	X17: fffff772ce00	X18: 0000000372cf	X19: 0000fffffff9
kern  :warn  : [  356.134240] 	X20: 00000000000b	X21: fffff7208000	X22: 000000000160	X23: fffff720d000
kern  :warn  : [  356.134242] 	X24: ffffffffe9a0	X25: aaaaaab8f000	X26: 00000000000b	X27: aaaaaab8f000
kern  :warn  : [  356.134243] 	X28: aaaaaab8f000	X29: ffffffffe920	X30: aaaaaab1a570
kern  :info  : [  356.134244] rust_kjit: RDebug at 0x2f4, continue at 0x2f8
kern  :info  : [  356.134246] rust_kjit: Regs: 
kern  :warn  : [  356.134247] 	X0: fffff720d620	X1: 000000000031	X2: 000000000002	X3: 000000000680
kern  :warn  : [  356.134251] 	X4: 000000000020	X5: fffff72b3070	X6: 000000000c6a	X7: 00000000000a
kern  :warn  : [  356.134256] 	X8: 000000000015	X9: 000010000000	X10: 000000000000	X11: 000000000000
kern  :warn  : [  356.134260] 	X12: 000000000000	X13: 000000004010	X14: 000000000000	X15: 000000000000
kern  :warn  : [  356.134265] 	X16: aaaaaabdfe40	X17: fffff772ce00	X18: 0000000372cf	X19: 0000fffffff9
kern  :warn  : [  356.134269] 	X20: 00000000000b	X21: fffff7208000	X22: 000000000160	X23: fffff720d000
kern  :warn  : [  356.134273] 	X24: ffffffffe9a0	X25: aaaaaab8f000	X26: 00000000000b	X27: aaaaaab8f000
kern  :warn  : [  356.134278] 	X28: aaaaaab8f000	X29: ffffffffe920	X30: aaaaaab1a570
kern  :info  : [  356.134280] rust_kjit: RDebug at 0x320, continue at 0x324
kern  :info  : [  356.134284] rust_kjit: Regs: 
kern  :warn  : [  356.134285] 	X0: fffff720d620	X1: 000000000031	X2: 000000000002	X3: 000000000680
kern  :warn  : [  356.134288] 	X4: 000000000020	X5: fffff72b3070	X6: 000000000c6a	X7: 00000000000a
kern  :warn  : [  356.134290] 	X8: 000000000015	X9: 000010000000	X10: 000000000000	X11: 000000000000
kern  :warn  : [  356.134292] 	X12: 000000000000	X13: 000000004010	X14: 000000000000	X15: 000000000000
kern  :warn  : [  356.134294] 	X16: aaaaaabdfe40	X17: fffff772ce00	X18: 0000000372cf	X19: 0000fffffff9
kern  :warn  : [  356.134296] 	X20: 00000000000b	X21: fffff7208000	X22: 000000000160	X23: fffff720d000
kern  :warn  : [  356.134298] 	X24: ffffffffe9a0	X25: aaaaaab8f000	X26: 00000000000b	X27: aaaaaab8f000
kern  :warn  : [  356.134300] 	X28: aaaaaab8f000	X29: ffffffffe920	X30: aaaaaab1a570
kern  :info  : [  356.134301] rust_kjit: RDebug at 0x2f4, continue at 0x2f8
kern  :info  : [  356.134302] rust_kjit: Regs: 
kern  :warn  : [  356.134302] 	X0: fffff720d600	X1: 000000000030	X2: 000000000002	X3: 000000000680
kern  :warn  : [  356.134304] 	X4: 000000000020	X5: fffff72b3070	X6: 000000000c6a	X7: 00000000000a
kern  :warn  : [  356.134306] 	X8: 000000000015	X9: 000010000000	X10: 000000000000	X11: 000000000000
kern  :warn  : [  356.134308] 	X12: 000000000000	X13: 000000004010	X14: 000000000000	X15: 000000000000
kern  :warn  : [  356.134310] 	X16: aaaaaabdfe40	X17: fffff772ce00	X18: 0000000372cf	X19: 0000fffffff9
kern  :warn  : [  356.134312] 	X20: 00000000000b	X21: fffff7208000	X22: 000000000160	X23: fffff720d000
kern  :warn  : [  356.134314] 	X24: ffffffffe9a0	X25: aaaaaab8f000	X26: 00000000000b	X27: aaaaaab8f000
kern  :warn  : [  356.134316] 	X28: aaaaaab8f000	X29: ffffffffe920	X30: aaaaaab1a570
kern  :info  : [  356.134317] rust_kjit: RDebug at 0x320, continue at 0x324
kern  :info  : [  356.134318] rust_kjit: Regs: 
kern  :warn  : [  356.134318] 	X0: fffff720d600	X1: 000000000030	X2: 000000000001	X3: 000000000680
kern  :warn  : [  356.134320] 	X4: 000000000020	X5: fffff72b3070	X6: 000000000c6a	X7: 00000000000a
kern  :warn  : [  356.134322] 	X8: 000000000015	X9: 000010000000	X10: 000000000000	X11: 000000000000
kern  :warn  : [  356.134324] 	X12: 000000000000	X13: 000000004010	X14: 000000000000	X15: 000000000000
kern  :warn  : [  356.134326] 	X16: aaaaaabdfe40	X17: fffff772ce00	X18: 0000000372cf	X19: 0000fffffff9
kern  :warn  : [  356.134328] 	X20: 00000000000b	X21: fffff7208000	X22: 000000000160	X23: fffff720d000
kern  :warn  : [  356.134330] 	X24: ffffffffe9a0	X25: aaaaaab8f000	X26: 00000000000b	X27: aaaaaab8f000
kern  :warn  : [  356.134332] 	X28: aaaaaab8f000	X29: ffffffffe920	X30: aaaaaab1a570
kern  :info  : [  356.134333] rust_kjit: RDebug at 0x2f4, continue at 0x2f8
kern  :info  : [  356.134334] rust_kjit: Regs: 
kern  :warn  : [  356.134334] 	X0: fffff720d5e0	X1: 00000000002f	X2: 000000000001	X3: 000000000680
kern  :warn  : [  356.134336] 	X4: 000000000020	X5: fffff72b3070	X6: 000000000c6a	X7: 00000000000a
kern  :warn  : [  356.134338] 	X8: 000000000015	X9: 000010000000	X10: 000000000000	X11: 000000000000
kern  :warn  : [  356.134340] 	X12: 000000000000	X13: 000000004010	X14: 000000000000	X15: 000000000000
kern  :warn  : [  356.134342] 	X16: aaaaaabdfe40	X17: fffff772ce00	X18: 0000000372cf	X19: 0000fffffff9
kern  :warn  : [  356.134344] 	X20: 00000000000b	X21: fffff7208000	X22: 000000000160	X23: fffff720d000
kern  :warn  : [  356.134345] 	X24: ffffffffe9a0	X25: aaaaaab8f000	X26: 00000000000b	X27: aaaaaab8f000
kern  :warn  : [  356.134347] 	X28: aaaaaab8f000	X29: ffffffffe920	X30: aaaaaab1a570
kern  :info  : [  356.134348] rust_kjit: RDebug at 0x320, continue at 0x324
kern  :info  : [  356.134349] rust_kjit: Regs: 
kern  :warn  : [  356.134350] 	X0: fffff720d5e0	X1: 00000000002f	X2: 000000000001	X3: 000000000680
kern  :warn  : [  356.134352] 	X4: 000000000020	X5: fffff72b3070	X6: 000000000c6a	X7: 00000000000a
kern  :warn  : [  356.134354] 	X8: 000000000015	X9: 000010000000	X10: 000000000000	X11: 000000000000
kern  :warn  : [  356.134356] 	X12: 000000000000	X13: 000000004010	X14: 000000000000	X15: 000000000000
kern  :warn  : [  356.134358] 	X16: aaaaaabdfe40	X17: fffff772ce00	X18: 0000000372cf	X19: 0000fffffff9
kern  :warn  : [  356.134360] 	X20: 00000000000b	X21: fffff7208000	X22: 000000000160	X23: fffff720d000
kern  :warn  : [  356.134361] 	X24: ffffffffe9a0	X25: aaaaaab8f000	X26: 00000000000b	X27: aaaaaab8f000
kern  :warn  : [  356.134363] 	X28: aaaaaab8f000	X29: ffffffffe920	X30: aaaaaab1a570
kern  :info  : [  356.134364] rust_kjit: RDebug at 0x2f4, continue at 0x2f8
kern  :info  : [  356.134365] rust_kjit: Regs: 
kern  :warn  : [  356.134366] 	X0: fffff720d5c0	X1: 00000000002e	X2: 000000000001	X3: 000000000680
kern  :warn  : [  356.134368] 	X4: 000000000020	X5: fffff72b3070	X6: 000000000c6a	X7: 00000000000a
kern  :warn  : [  356.134370] 	X8: 000000000015	X9: 000010000000	X10: 000000000000	X11: 000000000000
kern  :warn  : [  356.134371] 	X12: 000000000000	X13: 000000004010	X14: 000000000000	X15: 000000000000
kern  :warn  : [  356.134373] 	X16: aaaaaabdfe40	X17: fffff772ce00	X18: 0000000372cf	X19: 0000fffffff9
kern  :warn  : [  356.134377] 	X20: 00000000000b	X21: fffff7208000	X22: 000000000160	X23: fffff720d000
kern  :warn  : [  356.134381] 	X24: ffffffffe9a0	X25: aaaaaab8f000	X26: 00000000000b	X27: aaaaaab8f000
kern  :warn  : [  356.134386] 	X28: aaaaaab8f000	X29: ffffffffe920	X30: aaaaaab1a570
kern  :info  : [  356.134389] rust_kjit: RDebug at 0x320, continue at 0x324
kern  :info  : [  356.134392] rust_kjit: Regs: 
kern  :warn  : [  356.134393] 	X0: fffff720d5c0	X1: 00000000002e	X2: 000000000002	X3: 000000000680
kern  :warn  : [  356.134397] 	X4: 000000000020	X5: fffff72b3070	X6: 000000000c6a	X7: 00000000000a
kern  :warn  : [  356.134401] 	X8: 000000000015	X9: 000010000000	X10: 000000000000	X11: 000000000000
kern  :warn  : [  356.134403] 	X12: 000000000000	X13: 000000004010	X14: 000000000000	X15: 000000000000
kern  :warn  : [  356.134405] 	X16: aaaaaabdfe40	X17: fffff772ce00	X18: 0000000372cf	X19: 0000fffffff9
kern  :warn  : [  356.134407] 	X20: 00000000000b	X21: fffff7208000	X22: 000000000160	X23: fffff720d000
kern  :warn  : [  356.134409] 	X24: ffffffffe9a0	X25: aaaaaab8f000	X26: 00000000000b	X27: aaaaaab8f000
kern  :warn  : [  356.134411] 	X28: aaaaaab8f000	X29: ffffffffe920	X30: aaaaaab1a570
kern  :info  : [  356.134412] rust_kjit: RDebug at 0x2f4, continue at 0x2f8
kern  :info  : [  356.134413] rust_kjit: Regs: 
kern  :warn  : [  356.134413] 	X0: fffff720d5a0	X1: 00000000002d	X2: 000000000002	X3: 000000000680
kern  :warn  : [  356.134416] 	X4: 000000000020	X5: fffff72b3070	X6: 000000000c6a	X7: 00000000000a
kern  :warn  : [  356.134418] 	X8: 000000000015	X9: 000010000000	X10: 000000000000	X11: 000000000000
kern  :warn  : [  356.134419] 	X12: 000000000000	X13: 000000004010	X14: 000000000000	X15: 000000000000
kern  :warn  : [  356.134421] 	X16: aaaaaabdfe40	X17: fffff772ce00	X18: 0000000372cf	X19: 0000fffffff9
kern  :warn  : [  356.134423] 	X20: 00000000000b	X21: fffff7208000	X22: 000000000160	X23: fffff720d000
kern  :warn  : [  356.134425] 	X24: ffffffffe9a0	X25: aaaaaab8f000	X26: 00000000000b	X27: aaaaaab8f000
kern  :warn  : [  356.134427] 	X28: aaaaaab8f000	X29: ffffffffe920	X30: aaaaaab1a570
kern  :info  : [  356.134428] rust_kjit: RDebug at 0x320, continue at 0x324
kern  :info  : [  356.134429] rust_kjit: Regs: 
kern  :warn  : [  356.134429] 	X0: fffff720d5a0	X1: 00000000002d	X2: 000000000001	X3: 000000000680
kern  :warn  : [  356.134431] 	X4: 000000000020	X5: fffff72b3070	X6: 000000000c6a	X7: 00000000000a
kern  :warn  : [  356.134433] 	X8: 000000000015	X9: 000010000000	X10: 000000000000	X11: 000000000000
kern  :warn  : [  356.134435] 	X12: 000000000000	X13: 000000004010	X14: 000000000000	X15: 000000000000
kern  :warn  : [  356.134437] 	X16: aaaaaabdfe40	X17: fffff772ce00	X18: 0000000372cf	X19: 0000fffffff9
kern  :warn  : [  356.134439] 	X20: 00000000000b	X21: fffff7208000	X22: 000000000160	X23: fffff720d000
kern  :warn  : [  356.134440] 	X24: ffffffffe9a0	X25: aaaaaab8f000	X26: 00000000000b	X27: aaaaaab8f000
kern  :warn  : [  356.134444] 	X28: aaaaaab8f000	X29: ffffffffe920	X30: aaaaaab1a570
kern  :info  : [  356.134447] rust_kjit: RDebug at 0x2f4, continue at 0x2f8
kern  :info  : [  356.134450] rust_kjit: Regs: 
kern  :warn  : [  356.134452] 	X0: fffff720d580	X1: 00000000002c	X2: 000000000001	X3: 000000000680
kern  :warn  : [  356.134455] 	X4: 000000000020	X5: fffff72b3070	X6: 000000000c6a	X7: 00000000000a
kern  :warn  : [  356.134457] 	X8: 000000000015	X9: 000010000000	X10: 000000000000	X11: 000000000000
kern  :warn  : [  356.134459] 	X12: 000000000000	X13: 000000004010	X14: 000000000000	X15: 000000000000
kern  :warn  : [  356.134461] 	X16: aaaaaabdfe40	X17: fffff772ce00	X18: 0000000372cf	X19: 0000fffffff9
kern  :warn  : [  356.134462] 	X20: 00000000000b	X21: fffff7208000	X22: 000000000160	X23: fffff720d000
kern  :warn  : [  356.134465] 	X24: ffffffffe9a0	X25: aaaaaab8f000	X26: 00000000000b	X27: aaaaaab8f000
kern  :warn  : [  356.134466] 	X28: aaaaaab8f000	X29: ffffffffe920	X30: aaaaaab1a570
kern  :info  : [  356.134467] rust_kjit: RDebug at 0x320, continue at 0x324
kern  :info  : [  356.134469] rust_kjit: Regs: 
kern  :warn  : [  356.134469] 	X0: fffff720d580	X1: 00000000002c	X2: 000000000001	X3: 000000000680
kern  :warn  : [  356.134471] 	X4: 000000000020	X5: fffff72b3070	X6: 000000000c6a	X7: 00000000000a
kern  :warn  : [  356.134476] 	X8: 000000000015	X9: 000010000000	X10: 000000000000	X11: 000000000000
kern  :warn  : [  356.134480] 	X12: 000000000000	X13: 000000004010	X14: 000000000000	X15: 000000000000
kern  :warn  : [  356.134482] 	X16: aaaaaabdfe40	X17: fffff772ce00	X18: 0000000372cf	X19: 0000fffffff9
kern  :warn  : [  356.134484] 	X20: 00000000000b	X21: fffff7208000	X22: 000000000160	X23: fffff720d000
kern  :warn  : [  356.134486] 	X24: ffffffffe9a0	X25: aaaaaab8f000	X26: 00000000000b	X27: aaaaaab8f000
kern  :warn  : [  356.134489] 	X28: aaaaaab8f000	X29: ffffffffe920	X30: aaaaaab1a570
kern  :info  : [  356.134491] rust_kjit: RDebug at 0x2f4, continue at 0x2f8
kern  :info  : [  356.134493] rust_kjit: Regs: 
kern  :warn  : [  356.134494] 	X0: fffff720d560	X1: 00000000002b	X2: 000000000001	X3: 000000000680
kern  :warn  : [  356.134496] 	X4: 000000000020	X5: fffff72b3070	X6: 000000000c6a	X7: 00000000000a
kern  :warn  : [  356.134499] 	X8: 000000000015	X9: 000010000000	X10: 000000000000	X11: 000000000000
kern  :warn  : [  356.134501] 	X12: 000000000000	X13: 000000004010	X14: 000000000000	X15: 000000000000
kern  :warn  : [  356.134503] 	X16: aaaaaabdfe40	X17: fffff772ce00	X18: 0000000372cf	X19: 0000fffffff9
kern  :warn  : [  356.134505] 	X20: 00000000000b	X21: fffff7208000	X22: 000000000160	X23: fffff720d000
kern  :warn  : [  356.134506] 	X24: ffffffffe9a0	X25: aaaaaab8f000	X26: 00000000000b	X27: aaaaaab8f000
kern  :warn  : [  356.134511] 	X28: aaaaaab8f000	X29: ffffffffe920	X30: aaaaaab1a570
kern  :info  : [  356.134512] rust_kjit: RDebug at 0x320, continue at 0x324
kern  :info  : [  356.134514] rust_kjit: Regs: 
kern  :warn  : [  356.134515] 	X0: fffff720d560	X1: 00000000002b	X2: 000000000001	X3: 000000000680
kern  :warn  : [  356.134517] 	X4: 000000000020	X5: fffff72b3070	X6: 000000000c6a	X7: 00000000000a
kern  :warn  : [  356.134519] 	X8: 000000000015	X9: 000010000000	X10: 000000000000	X11: 000000000000
kern  :warn  : [  356.134521] 	X12: 000000000000	X13: 000000004010	X14: 000000000000	X15: 000000000000
kern  :warn  : [  356.134523] 	X16: aaaaaabdfe40	X17: fffff772ce00	X18: 0000000372cf	X19: 0000fffffff9
kern  :warn  : [  356.134525] 	X20: 00000000000b	X21: fffff7208000	X22: 000000000160	X23: fffff720d000
kern  :warn  : [  356.134527] 	X24: ffffffffe9a0	X25: aaaaaab8f000	X26: 00000000000b	X27: aaaaaab8f000
kern  :warn  : [  356.134529] 	X28: aaaaaab8f000	X29: ffffffffe920	X30: aaaaaab1a570
kern  :info  : [  356.134530] rust_kjit: RDebug at 0x2f4, continue at 0x2f8
kern  :info  : [  356.134531] rust_kjit: Regs: 
kern  :warn  : [  356.134532] 	X0: fffff720d540	X1: 00000000002a	X2: 000000000001	X3: 000000000680
kern  :warn  : [  356.134534] 	X4: 000000000020	X5: fffff72b3070	X6: 000000000c6a	X7: 00000000000a
kern  :warn  : [  356.134536] 	X8: 000000000015	X9: 000010000000	X10: 000000000000	X11: 000000000000
kern  :warn  : [  356.134538] 	X12: 000000000000	X13: 000000004010	X14: 000000000000	X15: 000000000000
kern  :warn  : [  356.134540] 	X16: aaaaaabdfe40	X17: fffff772ce00	X18: 0000000372cf	X19: 0000fffffff9
kern  :warn  : [  356.134541] 	X20: 00000000000b	X21: fffff7208000	X22: 000000000160	X23: fffff720d000
kern  :warn  : [  356.134543] 	X24: ffffffffe9a0	X25: aaaaaab8f000	X26: 00000000000b	X27: aaaaaab8f000
kern  :warn  : [  356.134545] 	X28: aaaaaab8f000	X29: ffffffffe920	X30: aaaaaab1a570
kern  :info  : [  356.134546] rust_kjit: RDebug at 0x320, continue at 0x324
kern  :info  : [  356.134548] rust_kjit: Regs: 
kern  :warn  : [  356.134548] 	X0: fffff720d540	X1: 00000000002a	X2: 000000000002	X3: 000000000680
kern  :warn  : [  356.134550] 	X4: 000000000020	X5: fffff72b3070	X6: 000000000c6a	X7: 00000000000a
kern  :warn  : [  356.134552] 	X8: 000000000015	X9: 000010000000	X10: 000000000000	X11: 000000000000
kern  :warn  : [  356.134554] 	X12: 000000000000	X13: 000000004010	X14: 000000000000	X15: 000000000000
kern  :warn  : [  356.134556] 	X16: aaaaaabdfe40	X17: fffff772ce00	X18: 0000000372cf	X19: 0000fffffff9
kern  :warn  : [  356.134557] 	X20: 00000000000b	X21: fffff7208000	X22: 000000000160	X23: fffff720d000
kern  :warn  : [  356.134562] 	X24: ffffffffe9a0	X25: aaaaaab8f000	X26: 00000000000b	X27: aaaaaab8f000
kern  :warn  : [  356.134567] 	X28: aaaaaab8f000	X29: ffffffffe920	X30: aaaaaab1a570
kern  :info  : [  356.134570] rust_kjit: RDebug at 0x2f4, continue at 0x2f8
kern  :info  : [  356.134573] rust_kjit: Regs: 
kern  :warn  : [  356.134575] 	X0: fffff720d520	X1: 000000000029	X2: 000000000002	X3: 000000000680
kern  :warn  : [  356.134577] 	X4: 000000000020	X5: fffff72b3070	X6: 000000000c6a	X7: 00000000000a
kern  :warn  : [  356.134579] 	X8: 000000000015	X9: 000010000000	X10: 000000000000	X11: 000000000000
kern  :warn  : [  356.134581] 	X12: 000000000000	X13: 000000004010	X14: 000000000000	X15: 000000000000
kern  :warn  : [  356.134583] 	X16: aaaaaabdfe40	X17: fffff772ce00	X18: 0000000372cf	X19: 0000fffffff9
kern  :warn  : [  356.134585] 	X20: 00000000000b	X21: fffff7208000	X22: 000000000160	X23: fffff720d000
kern  :warn  : [  356.134587] 	X24: ffffffffe9a0	X25: aaaaaab8f000	X26: 00000000000b	X27: aaaaaab8f000
kern  :warn  : [  356.134588] 	X28: aaaaaab8f000	X29: ffffffffe920	X30: aaaaaab1a570
kern  :info  : [  356.134590] rust_kjit: RDebug at 0x320, continue at 0x324
kern  :info  : [  356.134592] rust_kjit: Regs: 
kern  :warn  : [  356.134593] 	X0: fffff720d520	X1: 000000000029	X2: 000000000001	X3: 000000000680
kern  :warn  : [  356.134596] 	X4: 000000000020	X5: fffff72b3070	X6: 000000000c6a	X7: 00000000000a
kern  :warn  : [  356.134601] 	X8: 000000000015	X9: 000010000000	X10: 000000000000	X11: 000000000000
kern  :warn  : [  356.134603] 	X12: 000000000000	X13: 000000004010	X14: 000000000000	X15: 000000000000
kern  :warn  : [  356.134605] 	X16: aaaaaabdfe40	X17: fffff772ce00	X18: 0000000372cf	X19: 0000fffffff9
kern  :warn  : [  356.134607] 	X20: 00000000000b	X21: fffff7208000	X22: 000000000160	X23: fffff720d000
kern  :warn  : [  356.134610] 	X24: ffffffffe9a0	X25: aaaaaab8f000	X26: 00000000000b	X27: aaaaaab8f000
kern  :warn  : [  356.134613] 	X28: aaaaaab8f000	X29: ffffffffe920	X30: aaaaaab1a570
kern  :info  : [  356.134615] rust_kjit: RDebug at 0x2f4, continue at 0x2f8
kern  :info  : [  356.134617] rust_kjit: Regs: 
kern  :warn  : [  356.134617] 	X0: fffff720d500	X1: 000000000028	X2: 000000000001	X3: 000000000680
kern  :warn  : [  356.134619] 	X4: 000000000020	X5: fffff72b3070	X6: 000000000c6a	X7: 00000000000a
kern  :warn  : [  356.134622] 	X8: 000000000015	X9: 000010000000	X10: 000000000000	X11: 000000000000
kern  :warn  : [  356.134623] 	X12: 000000000000	X13: 000000004010	X14: 000000000000	X15: 000000000000
kern  :warn  : [  356.134626] 	X16: aaaaaabdfe40	X17: fffff772ce00	X18: 0000000372cf	X19: 0000fffffff9
kern  :warn  : [  356.134627] 	X20: 00000000000b	X21: fffff7208000	X22: 000000000160	X23: fffff720d000
kern  :warn  : [  356.134631] 	X24: ffffffffe9a0	X25: aaaaaab8f000	X26: 00000000000b	X27: aaaaaab8f000
kern  :warn  : [  356.134634] 	X28: aaaaaab8f000	X29: ffffffffe920	X30: aaaaaab1a570
kern  :info  : [  356.134636] rust_kjit: RDebug at 0x320, continue at 0x324
kern  :info  : [  356.134637] rust_kjit: Regs: 
kern  :warn  : [  356.134638] 	X0: fffff720d500	X1: 000000000028	X2: 000000000002	X3: 000000000680
kern  :warn  : [  356.134640] 	X4: 000000000020	X5: fffff72b3070	X6: 000000000c6a	X7: 00000000000a
kern  :warn  : [  356.134642] 	X8: 000000000015	X9: 000010000000	X10: 000000000000	X11: 000000000000
kern  :warn  : [  356.134644] 	X12: 000000000000	X13: 000000004010	X14: 000000000000	X15: 000000000000
kern  :warn  : [  356.134646] 	X16: aaaaaabdfe40	X17: fffff772ce00	X18: 0000000372cf	X19: 0000fffffff9
kern  :warn  : [  356.134648] 	X20: 00000000000b	X21: fffff7208000	X22: 000000000160	X23: fffff720d000
kern  :warn  : [  356.134650] 	X24: ffffffffe9a0	X25: aaaaaab8f000	X26: 00000000000b	X27: aaaaaab8f000
kern  :warn  : [  356.134652] 	X28: aaaaaab8f000	X29: ffffffffe920	X30: aaaaaab1a570
kern  :info  : [  356.134653] rust_kjit: RDebug at 0x2f4, continue at 0x2f8
kern  :info  : [  356.134654] rust_kjit: Regs: 
kern  :warn  : [  356.134655] 	X0: fffff720d4e0	X1: 000000000027	X2: 000000000002	X3: 000000000680
kern  :warn  : [  356.134657] 	X4: 000000000020	X5: fffff72b3070	X6: 000000000c6a	X7: 00000000000a
kern  :warn  : [  356.134659] 	X8: 000000000015	X9: 000010000000	X10: 000000000000	X11: 000000000000
kern  :warn  : [  356.134661] 	X12: 000000000000	X13: 000000004010	X14: 000000000000	X15: 000000000000
kern  :warn  : [  356.134663] 	X16: aaaaaabdfe40	X17: fffff772ce00	X18: 0000000372cf	X19: 0000fffffff9
kern  :warn  : [  356.134665] 	X20: 00000000000b	X21: fffff7208000	X22: 000000000160	X23: fffff720d000
kern  :warn  : [  356.134667] 	X24: ffffffffe9a0	X25: aaaaaab8f000	X26: 00000000000b	X27: aaaaaab8f000
kern  :warn  : [  356.134668] 	X28: aaaaaab8f000	X29: ffffffffe920	X30: aaaaaab1a570
kern  :info  : [  356.134669] rust_kjit: RDebug at 0x320, continue at 0x324
kern  :info  : [  356.134670] rust_kjit: Regs: 
kern  :warn  : [  356.134671] 	X0: fffff720d4e0	X1: 000000000027	X2: 000000000002	X3: 000000000680
kern  :warn  : [  356.134673] 	X4: 000000000020	X5: fffff72b3070	X6: 000000000c6a	X7: 00000000000a
kern  :warn  : [  356.134675] 	X8: 000000000015	X9: 000010000000	X10: 000000000000	X11: 000000000000
kern  :warn  : [  356.134677] 	X12: 000000000000	X13: 000000004010	X14: 000000000000	X15: 000000000000
kern  :warn  : [  356.134679] 	X16: aaaaaabdfe40	X17: fffff772ce00	X18: 0000000372cf	X19: 0000fffffff9
kern  :warn  : [  356.134680] 	X20: 00000000000b	X21: fffff7208000	X22: 000000000160	X23: fffff720d000
kern  :warn  : [  356.134682] 	X24: ffffffffe9a0	X25: aaaaaab8f000	X26: 00000000000b	X27: aaaaaab8f000
kern  :warn  : [  356.134684] 	X28: aaaaaab8f000	X29: ffffffffe920	X30: aaaaaab1a570
kern  :info  : [  356.134685] rust_kjit: RDebug at 0x2f4, continue at 0x2f8
kern  :info  : [  356.134686] rust_kjit: Regs: 
kern  :warn  : [  356.134687] 	X0: fffff720d4c0	X1: 000000000026	X2: 000000000002	X3: 000000000680
kern  :warn  : [  356.134689] 	X4: 000000000020	X5: fffff72b3070	X6: 000000000c6a	X7: 00000000000a
kern  :warn  : [  356.134691] 	X8: 000000000015	X9: 000010000000	X10: 000000000000	X11: 000000000000
kern  :warn  : [  356.134693] 	X12: 000000000000	X13: 000000004010	X14: 000000000000	X15: 000000000000
kern  :warn  : [  356.134695] 	X16: aaaaaabdfe40	X17: fffff772ce00	X18: 0000000372cf	X19: 0000fffffff9
kern  :warn  : [  356.134696] 	X20: 00000000000b	X21: fffff7208000	X22: 000000000160	X23: fffff720d000
kern  :warn  : [  356.134698] 	X24: ffffffffe9a0	X25: aaaaaab8f000	X26: 00000000000b	X27: aaaaaab8f000
kern  :warn  : [  356.134700] 	X28: aaaaaab8f000	X29: ffffffffe920	X30: aaaaaab1a570
kern  :info  : [  356.134701] rust_kjit: RDebug at 0x320, continue at 0x324
kern  :info  : [  356.134704] rust_kjit: Regs: 
kern  :warn  : [  356.134705] 	X0: fffff720d4c0	X1: 000000000026	X2: 000000000002	X3: 000000000680
kern  :warn  : [  356.134710] 	X4: 000000000020	X5: fffff72b3070	X6: 000000000c6a	X7: 00000000000a
kern  :warn  : [  356.134715] 	X8: 000000000015	X9: 000010000000	X10: 000000000000	X11: 000000000000
kern  :warn  : [  356.134721] 	X12: 000000000000	X13: 000000004010	X14: 000000000000	X15: 000000000000
kern  :warn  : [  356.134723] 	X16: aaaaaabdfe40	X17: fffff772ce00	X18: 0000000372cf	X19: 0000fffffff9
kern  :warn  : [  356.134725] 	X20: 00000000000b	X21: fffff7208000	X22: 000000000160	X23: fffff720d000
kern  :warn  : [  356.134727] 	X24: ffffffffe9a0	X25: aaaaaab8f000	X26: 00000000000b	X27: aaaaaab8f000
kern  :warn  : [  356.134729] 	X28: aaaaaab8f000	X29: ffffffffe920	X30: aaaaaab1a570
kern  :info  : [  356.134730] rust_kjit: RDebug at 0x2f4, continue at 0x2f8
kern  :info  : [  356.134732] rust_kjit: Regs: 
kern  :warn  : [  356.134732] 	X0: fffff720d4a0	X1: 000000000025	X2: 000000000002	X3: 000000000680
kern  :warn  : [  356.134735] 	X4: 000000000020	X5: fffff72b3070	X6: 000000000c6a	X7: 00000000000a
kern  :warn  : [  356.134737] 	X8: 000000000015	X9: 000010000000	X10: 000000000000	X11: 000000000000
kern  :warn  : [  356.134739] 	X12: 000000000000	X13: 000000004010	X14: 000000000000	X15: 000000000000
kern  :warn  : [  356.134741] 	X16: aaaaaabdfe40	X17: fffff772ce00	X18: 0000000372cf	X19: 0000fffffff9
kern  :warn  : [  356.134743] 	X20: 00000000000b	X21: fffff7208000	X22: 000000000160	X23: fffff720d000
kern  :warn  : [  356.134745] 	X24: ffffffffe9a0	X25: aaaaaab8f000	X26: 00000000000b	X27: aaaaaab8f000
kern  :warn  : [  356.134746] 	X28: aaaaaab8f000	X29: ffffffffe920	X30: aaaaaab1a570
kern  :info  : [  356.134747] rust_kjit: RDebug at 0x320, continue at 0x324
kern  :info  : [  356.134749] rust_kjit: Regs: 
kern  :warn  : [  356.134749] 	X0: fffff720d4a0	X1: 000000000025	X2: 000000000002	X3: 000000000680
kern  :warn  : [  356.134751] 	X4: 000000000020	X5: fffff72b3070	X6: 000000000c6a	X7: 00000000000a
kern  :warn  : [  356.134753] 	X8: 000000000015	X9: 000010000000	X10: 000000000000	X11: 000000000000
kern  :warn  : [  356.134755] 	X12: 000000000000	X13: 000000004010	X14: 000000000000	X15: 000000000000
kern  :warn  : [  356.134757] 	X16: aaaaaabdfe40	X17: fffff772ce00	X18: 0000000372cf	X19: 0000fffffff9
kern  :warn  : [  356.134759] 	X20: 00000000000b	X21: fffff7208000	X22: 000000000160	X23: fffff720d000
kern  :warn  : [  356.134761] 	X24: ffffffffe9a0	X25: aaaaaab8f000	X26: 00000000000b	X27: aaaaaab8f000
kern  :warn  : [  356.134762] 	X28: aaaaaab8f000	X29: ffffffffe920	X30: aaaaaab1a570
kern  :info  : [  356.134763] rust_kjit: RDebug at 0x2f4, continue at 0x2f8
kern  :info  : [  356.134765] rust_kjit: Regs: 
kern  :warn  : [  356.134765] 	X0: fffff720d480	X1: 000000000024	X2: 000000000002	X3: 000000000680
kern  :warn  : [  356.134767] 	X4: 000000000020	X5: fffff72b3070	X6: 000000000c6a	X7: 00000000000a
kern  :warn  : [  356.134769] 	X8: 000000000015	X9: 000010000000	X10: 000000000000	X11: 000000000000
kern  :warn  : [  356.134774] 	X12: 000000000000	X13: 000000004010	X14: 000000000000	X15: 000000000000
kern  :warn  : [  356.134779] 	X16: aaaaaabdfe40	X17: fffff772ce00	X18: 0000000372cf	X19: 0000fffffff9
kern  :warn  : [  356.134783] 	X20: 00000000000b	X21: fffff7208000	X22: 000000000160	X23: fffff720d000
kern  :warn  : [  356.134786] 	X24: ffffffffe9a0	X25: aaaaaab8f000	X26: 00000000000b	X27: aaaaaab8f000
kern  :warn  : [  356.134787] 	X28: aaaaaab8f000	X29: ffffffffe920	X30: aaaaaab1a570
kern  :info  : [  356.134788] rust_kjit: RDebug at 0x320, continue at 0x324
kern  :info  : [  356.134790] rust_kjit: Regs: 
kern  :warn  : [  356.134790] 	X0: fffff720d480	X1: 000000000024	X2: 000000000002	X3: 000000000680
kern  :warn  : [  356.134793] 	X4: 000000000020	X5: fffff72b3070	X6: 000000000c6a	X7: 00000000000a
kern  :warn  : [  356.134795] 	X8: 000000000015	X9: 000010000000	X10: 000000000000	X11: 000000000000
kern  :warn  : [  356.134796] 	X12: 000000000000	X13: 000000004010	X14: 000000000000	X15: 000000000000
kern  :warn  : [  356.134799] 	X16: aaaaaabdfe40	X17: fffff772ce00	X18: 0000000372cf	X19: 0000fffffff9
kern  :warn  : [  356.134800] 	X20: 00000000000b	X21: fffff7208000	X22: 000000000160	X23: fffff720d000
kern  :warn  : [  356.134802] 	X24: ffffffffe9a0	X25: aaaaaab8f000	X26: 00000000000b	X27: aaaaaab8f000
kern  :warn  : [  356.134804] 	X28: aaaaaab8f000	X29: ffffffffe920	X30: aaaaaab1a570
kern  :info  : [  356.134805] rust_kjit: RDebug at 0x2f4, continue at 0x2f8
kern  :info  : [  356.134807] rust_kjit: Regs: 
kern  :warn  : [  356.134808] 	X0: fffff720d460	X1: 000000000023	X2: 000000000002	X3: 000000000680
kern  :warn  : [  356.134813] 	X4: 000000000020	X5: fffff72b3070	X6: 000000000c6a	X7: 00000000000a
kern  :warn  : [  356.134815] 	X8: 000000000015	X9: 000010000000	X10: 000000000000	X11: 000000000000
kern  :warn  : [  356.134817] 	X12: 000000000000	X13: 000000004010	X14: 000000000000	X15: 000000000000
kern  :warn  : [  356.134819] 	X16: aaaaaabdfe40	X17: fffff772ce00	X18: 0000000372cf	X19: 0000fffffff9
kern  :warn  : [  356.134821] 	X20: 00000000000b	X21: fffff7208000	X22: 000000000160	X23: fffff720d000
kern  :warn  : [  356.134823] 	X24: ffffffffe9a0	X25: aaaaaab8f000	X26: 00000000000b	X27: aaaaaab8f000
kern  :warn  : [  356.134825] 	X28: aaaaaab8f000	X29: ffffffffe920	X30: aaaaaab1a570
kern  :info  : [  356.134826] rust_kjit: RDebug at 0x320, continue at 0x324
kern  :info  : [  356.134827] rust_kjit: Leaving with cnt 40, svc_loop_cnt 40
kern  :info  : [  356.134828] rust_kjit: Regs: 
kern  :warn  : [  356.134828] 	X0: fffff720d460	X1: 000000000023	X2: 000000000002	X3: 000000000680
kern  :warn  : [  356.134830] 	X4: 000000000020	X5: fffff72b3070	X6: 000000000c6a	X7: 00000000000a
kern  :warn  : [  356.134833] 	X8: 000000000015	X9: 000010000000	X10: 000000000000	X11: 000000000000
kern  :warn  : [  356.134834] 	X12: 000000000000	X13: 000000004010	X14: 000000000000	X15: 000000000000
kern  :warn  : [  356.134837] 	X16: aaaaaabdfe40	X17: fffff772ce00	X18: 0000000372cf	X19: 0000fffffff9
kern  :warn  : [  356.134838] 	X20: 00000000000b	X21: fffff7208000	X22: 000000000160	X23: fffff720d000
kern  :warn  : [  356.134840] 	X24: ffffffffe9a0	X25: aaaaaab8f000	X26: 00000000000b	X27: aaaaaab8f000
kern  :warn  : [  356.134842] 	X28: aaaaaab8f000	X29: ffffffffe920	X30: aaaaaab1a570
kern  :info  : [  356.134845] rust_kjit: ###### Lift session 3 ######
kern  :info  : [  356.134845] rust_kjit: Regs: 
kern  :warn  : [  356.134846] 	X0: 000000000000	X1: 000000000002	X2: 00000000000b	X3: ffffffffe908
kern  :warn  : [  356.134850] 	X4: 000000000020	X5: fffff72b3070	X6: 000000000c6a	X7: 00000000000a
kern  :warn  : [  356.134855] 	X8: 000000000015	X9: 000010000000	X10: 000000000000	X11: 000000000000
kern  :warn  : [  356.134858] 	X12: 000000000000	X13: 000000004010	X14: 000000000000	X15: 000000000000
kern  :warn  : [  356.134860] 	X16: aaaaaabdfe40	X17: fffff772ce00	X18: 0000000372cf	X19: 0000fffffffe
kern  :warn  : [  356.134861] 	X20: 00000000000b	X21: fffff7208000	X22: 000000000160	X23: fffff720d000
kern  :warn  : [  356.134863] 	X24: ffffffffe9a0	X25: aaaaaab8f000	X26: 00000000000b	X27: aaaaaab8f000
kern  :warn  : [  356.134865] 	X28: aaaaaab8f000	X29: ffffffffe920	X30: aaaaaab1a5dc
kern  :info  : [  356.134866] rust_kjit: RDebug at 0x180, continue at 0x184
kern  :info  : [  356.134867] rust_kjit: Regs: 
kern  :warn  : [  356.134868] 	X0: 000000000000	X1: 000000000002	X2: 00000000000b	X3: ffffffffe908
kern  :warn  : [  356.134870] 	X4: 000000000020	X5: fffff72b3070	X6: 000000000c6a	X7: 00000000000a
kern  :warn  : [  356.134872] 	X8: 000000000015	X9: 000010000000	X10: 000000000000	X11: 000000000000
kern  :warn  : [  356.134874] 	X12: 000000000000	X13: 000000004010	X14: 000000000000	X15: 000000000000
kern  :warn  : [  356.134876] 	X16: aaaaaabdfe40	X17: fffff772ce00	X18: 0000000372cf	X19: 0000fffffffe
kern  :warn  : [  356.134877] 	X20: 00000000000b	X21: fffff7208000	X22: 000000000160	X23: fffff720d000
kern  :warn  : [  356.134879] 	X24: ffffffffe9a0	X25: aaaaaab8f000	X26: 00000000000b	X27: aaaaaab8f000
kern  :warn  : [  356.134881] 	X28: aaaaaab8f000	X29: ffffffffe920	X30: aaaaaab1a5dc
kern  :info  : [  356.134882] rust_kjit: RRet at 0x190 to known target 0xaaaaaab1a5dc
kern  :info  : [  356.134884] rust_kjit: Regs: 
kern  :warn  : [  356.134885] 	X0: 000000000000	X1: 000000000002	X2: 00000000000b	X3: ffffffffe908
kern  :warn  : [  356.134891] 	X4: 000000000020	X5: fffff72b3070	X6: 000000000c6a	X7: 00000000000a
kern  :warn  : [  356.134894] 	X8: 000000000015	X9: 000010000000	X10: 000000000000	X11: 000000000000
kern  :warn  : [  356.134896] 	X12: 000000000000	X13: 000000004010	X14: 000000000000	X15: 000000000000
kern  :warn  : [  356.134898] 	X16: aaaaaabdfe40	X17: fffff772ce00	X18: 0000000372cf	X19: 0000fffffffe
kern  :warn  : [  356.134900] 	X20: 00000000000b	X21: fffff7208000	X22: 000000000160	X23: fffff720d000
kern  :warn  : [  356.134901] 	X24: ffffffffe9a0	X25: aaaaaab8f000	X26: 00000000000b	X27: aaaaaab8f000
kern  :warn  : [  356.134903] 	X28: aaaaaab8f000	X29: ffffffffe920	X30: aaaaaab1a5dc
kern  :info  : [  356.134904] rust_kjit: RDebug at 0x260 to 0xaaaaaab1a588 at 0x1bc
kern  :info  : [  356.134905] rust_kjit: Regs: 
kern  :warn  : [  356.134906] 	X0: 000000000001	X1: 000000000002	X2: 000000000000	X3: 000000000022
kern  :warn  : [  356.134908] 	X4: 000000000020	X5: fffff72b3070	X6: 000000000c6a	X7: 00000000000a
kern  :warn  : [  356.134910] 	X8: 000000000015	X9: 000010000000	X10: 000000000000	X11: 000000000000
kern  :warn  : [  356.134912] 	X12: 000000000000	X13: 000000004010	X14: 000000000000	X15: 000000000000
kern  :warn  : [  356.134914] 	X16: aaaaaabdfe40	X17: fffff772ce00	X18: 0000000372cf	X19: 0000fffffffe
kern  :warn  : [  356.134916] 	X20: 00000000000b	X21: fffff7208000	X22: 000000000160	X23: fffff720d000
kern  :warn  : [  356.134918] 	X24: ffffffffe9a0	X25: aaaaaab8f000	X26: 00000000000b	X27: aaaaaab8f000
kern  :warn  : [  356.134919] 	X28: aaaaaab8f000	X29: ffffffffe920	X30: aaaaaab1a5dc
kern  :info  : [  356.134920] rust_kjit: RDebug at 0x200, continue at 0x204
kern  :info  : [  356.134921] rust_kjit: Regs: 
kern  :warn  : [  356.134922] 	X0: fffff7ffdb50	X1: 000000000000	X2: 000000000000	X3: 000000000022
kern  :warn  : [  356.134924] 	X4: 000000000020	X5: fffff72b3070	X6: 000000000c6a	X7: 00000000000a
kern  :warn  : [  356.134926] 	X8: 000000000015	X9: 000010000000	X10: 000000000000	X11: 000000000000
kern  :warn  : [  356.134928] 	X12: 000000000000	X13: 000000004010	X14: 000000000000	X15: 000000000000
kern  :warn  : [  356.134929] 	X16: aaaaaabdfe40	X17: fffff772ce00	X18: 0000000372cf	X19: 0000fffffffe
kern  :warn  : [  356.134931] 	X20: 00000000000b	X21: fffff7208000	X22: 000000000160	X23: fffff720d000
kern  :warn  : [  356.134933] 	X24: ffffffffe9a0	X25: aaaaaab8f000	X26: 00000000000b	X27: aaaaaab8f000
kern  :warn  : [  356.134935] 	X28: aaaaaab8f000	X29: ffffffffe920	X30: aaaaaab1a5dc
kern  :info  : [  356.134936] rust_kjit: RRet at 0x228 to known target 0xaaaaaab25930
kern  :info  : [  356.134938] rust_kjit: Regs: 
kern  :warn  : [  356.134940] 	X0: fffff7ffdb50	X1: 000000000000	X2: 000000000000	X3: 000000000022
kern  :warn  : [  356.134954] 	X4: 000000000020	X5: fffff72b3070	X6: 000000000c6a	X7: 00000000000a
kern  :warn  : [  356.134956] 	X8: 000000000015	X9: 000010000000	X10: 000000000000	X11: 000000000000
kern  :warn  : [  356.134960] 	X12: 000000000000	X13: 000000004010	X14: 000000000000	X15: 000000000000
kern  :warn  : [  356.134965] 	X16: aaaaaabdfe40	X17: fffff772ce00	X18: 0000000372cf	X19: fffff72ce380
kern  :warn  : [  356.134968] 	X20: fffff7208000	X21: 000000000160	X22: 00000000001b	X23: aaaaaac002d0
kern  :warn  : [  356.134969] 	X24: ffffffffe9a0	X25: aaaaaab8f000	X26: 00000000000b	X27: aaaaaab8f000
kern  :warn  : [  356.134971] 	X28: aaaaaab8f000	X29: ffffffffe9c0	X30: aaaaaab25930
kern  :info  : [  356.134972] rust_kjit: RBl at 0x78c to known target 0xaaaaaab1b170
kern  :info  : [  356.134974] rust_kjit: Regs: 
kern  :warn  : [  356.134974] 	X0: fffff7208000	X1: 00000000000b	X2: 000000000002	X3: aaaaaab204f0
kern  :warn  : [  356.134976] 	X4: fffff72ce380	X5: fffff72b3070	X6: 000000000c6a	X7: 00000000000a
kern  :warn  : [  356.134978] 	X8: 000000000015	X9: 000010000000	X10: 000000000000	X11: 000000000000
kern  :warn  : [  356.134980] 	X12: 000000000000	X13: 000000004010	X14: 000000000000	X15: 000000000000
kern  :warn  : [  356.134982] 	X16: aaaaaabdfe40	X17: fffff772ce00	X18: 0000000372cf	X19: fffff72ce380
kern  :warn  : [  356.134984] 	X20: fffff7208000	X21: 000000000160	X22: 00000000001b	X23: aaaaaac002d0
kern  :warn  : [  356.134986] 	X24: ffffffffe9a0	X25: aaaaaab8f000	X26: 00000000000b	X27: aaaaaab8f000
kern  :warn  : [  356.134987] 	X28: aaaaaab8f000	X29: ffffffffe9c0	X30: aaaaaab25950
kern  :info  : [  356.134988] rust_kjit: RDebug at 0xc58, continue at 0xc5c
kern  :info  : [  356.134989] rust_kjit: Regs: 
kern  :warn  : [  356.134990] 	X0: 000000000000	X1: fffff7ffdb50	X2: 000000000002	X3: aaaaaab204f0
kern  :warn  : [  356.134992] 	X4: fffff72ce380	X5: 000000002800	X6: 000000000c6a	X7: 00000000000a
kern  :warn  : [  356.134996] 	X8: 000000000015	X9: 000010000000	X10: 000000000000	X11: 000000000000
kern  :warn  : [  356.135001] 	X12: 000000000000	X13: 000000004010	X14: 000000000000	X15: 000000000000
kern  :warn  : [  356.135003] 	X16: aaaaaabdfe40	X17: fffff772ce00	X18: 0000000372cf	X19: 00000000000b
kern  :warn  : [  356.135005] 	X20: fffff7208000	X21: 000000000160	X22: 00000000001b	X23: aaaaaac002d0
kern  :warn  : [  356.135007] 	X24: ffffffffe9a0	X25: aaaaaab8f000	X26: fffff7208000	X27: aaaaaab8f000
kern  :warn  : [  356.135008] 	X28: aaaaaab8f000	X29: ffffffffe910	X30: aaaaaab25950
kern  :info  : [  356.135009] rust_kjit: RDebug at 0xcc4 to 0xaaaaaab1b1f8 at 0xccc
kern  :info  : [  356.135011] rust_kjit: Regs: 
kern  :warn  : [  356.135011] 	X0: fffff7271000	X1: 000000000001	X2: 000000000002	X3: 000000000001
kern  :warn  : [  356.135013] 	X4: fffff72ce380	X5: 000000002800	X6: 000000000c6a	X7: 00000000000a
kern  :warn  : [  356.135015] 	X8: 000000000015	X9: 000010000000	X10: 000000000000	X11: 000000000000
kern  :warn  : [  356.135017] 	X12: 000000000000	X13: 000000004010	X14: 000000000000	X15: 000000000000
kern  :warn  : [  356.135019] 	X16: aaaaaabdfe40	X17: fffff772ce00	X18: 0000000372cf	X19: 00000000000b
kern  :warn  : [  356.135021] 	X20: 000000000002	X21: 000000000160	X22: fffff720d000	X23: fffff72ce380
kern  :warn  : [  356.135023] 	X24: aaaaaab204f0	X25: fffff720d160	X26: fffff7208000	X27: aaaaaab8f000
kern  :warn  : [  356.135025] 	X28: aaaaaab8f000	X29: ffffffffe910	X30: aaaaaab25950
kern  :info  : [  356.135026] rust_kjit: RDebug at 0xcf4 to 0xaaaaaab1b284 at 0xe60
kern  :info  : [  356.135027] rust_kjit: Regs: 
kern  :warn  : [  356.135027] 	X0: fffff7271000	X1: 000000000001	X2: 000000000002	X3: 000000000001
kern  :warn  : [  356.135029] 	X4: fffff72ce380	X5: 000000002800	X6: 000000000c6a	X7: 00000000000a
kern  :warn  : [  356.135031] 	X8: 000000000015	X9: 000010000000	X10: 000000000000	X11: 000000000000
kern  :warn  : [  356.135033] 	X12: 000000000000	X13: 000000004010	X14: 000000000000	X15: 000000000000
kern  :warn  : [  356.135035] 	X16: aaaaaabdfe40	X17: fffff772ce00	X18: 0000000372cf	X19: 00000000000b
kern  :warn  : [  356.135037] 	X20: 000000000002	X21: 000000000160	X22: fffff720d000	X23: fffff72ce380
kern  :warn  : [  356.135039] 	X24: aaaaaab204f0	X25: fffff720d160	X26: fffff7208000	X27: aaaaaab8f000
kern  :warn  : [  356.135041] 	X28: aaaaaab8f000	X29: ffffffffe910	X30: aaaaaab25950
kern  :info  : [  356.135042] rust_kjit: RDebug at 0xe8c to 0xaaaaaab1b1fc at 0xcf8
kern  :info  : [  356.135043] rust_kjit: Regs: 
kern  :warn  : [  356.135043] 	X0: fffff7271000	X1: 000000000001	X2: 000000000004	X3: 000000000001
kern  :warn  : [  356.135045] 	X4: fffff72ce380	X5: 000000002800	X6: 000000000c6a	X7: 00000000000a
kern  :warn  : [  356.135047] 	X8: 000000000015	X9: 000010000000	X10: 000000000000	X11: 000000000000
kern  :warn  : [  356.135049] 	X12: 000000000000	X13: 000000004010	X14: 000000000000	X15: 000000000000
kern  :warn  : [  356.135051] 	X16: aaaaaabdfe40	X17: fffff772ce00	X18: 0000000372cf	X19: 00000000000b
kern  :warn  : [  356.135053] 	X20: 000000000002	X21: 000000000160	X22: fffff720d000	X23: fffff72ce380
kern  :warn  : [  356.135055] 	X24: aaaaaab204f0	X25: fffff720d160	X26: fffff7208000	X27: aaaaaab8f000
kern  :warn  : [  356.135056] 	X28: aaaaaab8f000	X29: ffffffffe910	X30: aaaaaab25950
kern  :info  : [  356.135057] rust_kjit: RBl at 0xd20 to known target 0xaaaaaab0e940
kern  :info  : [  356.135059] rust_kjit: Regs: 
kern  :warn  : [  356.135060] 	X0: 000000000003	X1: 000000000001	X2: 00000000000b	X3: ffffffffe8f8
kern  :warn  : [  356.135062] 	X4: fffff72ce380	X5: 000000002800	X6: 000000000c6a	X7: 00000000000a
kern  :warn  : [  356.135063] 	X8: 000000000015	X9: 000010000000	X10: 000000000000	X11: 000000000000
kern  :warn  : [  356.135065] 	X12: 000000000000	X13: 000000004010	X14: 000000000000	X15: 000000000000
kern  :warn  : [  356.135067] 	X16: aaaaaabdfe40	X17: fffff772ce00	X18: 0000000372cf	X19: 00000000000b
kern  :warn  : [  356.135069] 	X20: 000000000002	X21: 000000000160	X22: fffff720d000	X23: fffff72ce380
kern  :warn  : [  356.135071] 	X24: aaaaaab204f0	X25: fffff720d160	X26: fffff7208000	X27: aaaaaab8f000
kern  :warn  : [  356.135072] 	X28: aaaaaab8f000	X29: ffffffffe910	X30: aaaaaab1b210
kern  :info  : [  356.135074] rust_kjit: RBr at 0x1018 to known target 0xfffff772ce00
kern  :info  : [  356.135077] rust_kjit: Regs: 
kern  :warn  : [  356.135077] 	X0: 000000000003	X1: 000000000001	X2: 00000000000b	X3: ffffffffe8f8
kern  :warn  : [  356.135079] 	X4: fffff72ce380	X5: 000000002800	X6: 000000000c6a	X7: 00000000000a
kern  :warn  : [  356.135081] 	X8: 000000000015	X9: 000010000000	X10: 000000000000	X11: 000000000000
kern  :warn  : [  356.135083] 	X12: 000000000000	X13: 000000004010	X14: 000000000000	X15: 000000000000
kern  :warn  : [  356.135085] 	X16: aaaaaabdfe40	X17: fffff772ce00	X18: 0000000372cf	X19: 00000000000b
kern  :warn  : [  356.135087] 	X20: 000000000002	X21: 000000000160	X22: fffff720d000	X23: fffff72ce380
kern  :warn  : [  356.135089] 	X24: aaaaaab204f0	X25: fffff720d160	X26: fffff7208000	X27: aaaaaab8f000
kern  :warn  : [  356.135090] 	X28: aaaaaab8f000	X29: ffffffffe910	X30: aaaaaab1b210
kern  :info  : [  356.135091] rust_kjit: RSvc at 0x1030
kern  :info  : [  356.135093] rust_kjit: Leaving with cnt 40, svc_loop_cnt 13
kern  :info  : [  356.135093] rust_kjit: Regs: 
kern  :warn  : [  356.135094] 	X0: 000000000000	X1: 000000000001	X2: 00000000000b	X3: ffffffffe8f8
kern  :warn  : [  356.135096] 	X4: fffff72ce380	X5: 000000002800	X6: 000000000c6a	X7: 00000000000a
kern  :warn  : [  356.135098] 	X8: 000000000015	X9: 000010000000	X10: 000000000000	X11: 000000000000
kern  :warn  : [  356.135100] 	X12: 000000000000	X13: 000000004010	X14: 000000000000	X15: 000000000000
kern  :warn  : [  356.135102] 	X16: aaaaaabdfe40	X17: fffff772ce00	X18: 0000000372cf	X19: 00000000000b
kern  :warn  : [  356.135104] 	X20: 000000000002	X21: 000000000160	X22: fffff720d000	X23: fffff72ce380
kern  :warn  : [  356.135105] 	X24: aaaaaab204f0	X25: fffff720d160	X26: fffff7208000	X27: aaaaaab8f000
kern  :warn  : [  356.135107] 	X28: aaaaaab8f000	X29: ffffffffe910	X30: aaaaaab1b210
kern  :info  : [  356.135112] rust_kjit: ###### Lift session 4 ######
kern  :info  : [  356.135112] rust_kjit: Regs: 
kern  :warn  : [  356.135113] 	X0: 000000000000	X1: 000000000003	X2: 000000000014	X3: ffffffffe908
kern  :warn  : [  356.135114] 	X4: 00000000005f	X5: fffff72b3070	X6: 000000000c6b	X7: 00000000000a
kern  :warn  : [  356.135116] 	X8: 000000000015	X9: aaaaaae0f1c0	X10: aaaaaae0f1c0	X11: 000000000000
kern  :warn  : [  356.135118] 	X12: 000000000000	X13: 000000004010	X14: 000000000000	X15: 000000000000
kern  :warn  : [  356.135120] 	X16: aaaaaabdfe40	X17: fffff772ce00	X18: 0000000372cf	X19: 0000fffffff9
kern  :warn  : [  356.135122] 	X20: 000000000014	X21: fffff7208000	X22: 000000000280	X23: fffff720d000
kern  :warn  : [  356.135124] 	X24: ffffffffe9a0	X25: aaaaaab8f000	X26: 000000000014	X27: aaaaaab8f000
kern  :warn  : [  356.135125] 	X28: aaaaaab8f000	X29: ffffffffe920	X30: aaaaaab1a570
kern  :info  : [  356.135126] rust_kjit: RDebug at 0x180, continue at 0x184
kern  :info  : [  356.135128] rust_kjit: Regs: 
kern  :warn  : [  356.135128] 	X0: 000000000000	X1: 000000000003	X2: 000000000014	X3: ffffffffe908
kern  :warn  : [  356.135130] 	X4: 00000000005f	X5: fffff72b3070	X6: 000000000c6b	X7: 00000000000a
kern  :warn  : [  356.135132] 	X8: 000000000015	X9: aaaaaae0f1c0	X10: aaaaaae0f1c0	X11: 000000000000
kern  :warn  : [  356.135134] 	X12: 000000000000	X13: 000000004010	X14: 000000000000	X15: 000000000000
kern  :warn  : [  356.135136] 	X16: aaaaaabdfe40	X17: fffff772ce00	X18: 0000000372cf	X19: 0000fffffff9
kern  :warn  : [  356.135138] 	X20: 000000000014	X21: fffff7208000	X22: 000000000280	X23: fffff720d000
kern  :warn  : [  356.135142] 	X24: ffffffffe9a0	X25: aaaaaab8f000	X26: 000000000014	X27: aaaaaab8f000
kern  :warn  : [  356.135146] 	X28: aaaaaab8f000	X29: ffffffffe920	X30: aaaaaab1a570
kern  :info  : [  356.135149] rust_kjit: RRet at 0x190 to known target 0xaaaaaab1a570
kern  :info  : [  356.135152] rust_kjit: Regs: 
kern  :warn  : [  356.135153] 	X0: 000000000000	X1: 000000000003	X2: 000000000014	X3: ffffffffe908
kern  :warn  : [  356.135157] 	X4: 00000000005f	X5: fffff72b3070	X6: 000000000c6b	X7: 00000000000a
kern  :warn  : [  356.135159] 	X8: 000000000015	X9: aaaaaae0f1c0	X10: aaaaaae0f1c0	X11: 000000000000
kern  :warn  : [  356.135161] 	X12: 000000000000	X13: 000000004010	X14: 000000000000	X15: 000000000000
kern  :warn  : [  356.135163] 	X16: aaaaaabdfe40	X17: fffff772ce00	X18: 0000000372cf	X19: 0000fffffff9
kern  :warn  : [  356.135165] 	X20: 000000000014	X21: fffff7208000	X22: 000000000280	X23: fffff720d000
kern  :warn  : [  356.135170] 	X24: ffffffffe9a0	X25: aaaaaab8f000	X26: 000000000014	X27: aaaaaab8f000
kern  :warn  : [  356.135174] 	X28: aaaaaab8f000	X29: ffffffffe920	X30: aaaaaab1a570
kern  :info  : [  356.135176] rust_kjit: RDebug at 0xb08, continue at 0xb0c
kern  :info  : [  356.135179] rust_kjit: Regs: 
kern  :warn  : [  356.135180] 	X0: 000000000001	X1: 000000000003	X2: 000000000001	X3: 000000000022
kern  :warn  : [  356.135184] 	X4: 00000000005f	X5: fffff72b3070	X6: 000000000c6b	X7: 00000000000a
kern  :warn  : [  356.135188] 	X8: 000000000015	X9: aaaaaae0f1c0	X10: aaaaaae0f1c0	X11: 000000000000
kern  :warn  : [  356.135190] 	X12: 000000000000	X13: 000000004010	X14: 000000000000	X15: 000000000000
kern  :warn  : [  356.135192] 	X16: aaaaaabdfe40	X17: fffff772ce00	X18: 0000000372cf	X19: 0000fffffff9
kern  :warn  : [  356.135194] 	X20: 000000000014	X21: fffff7208000	X22: 000000000280	X23: fffff720d000
kern  :warn  : [  356.135195] 	X24: ffffffffe9a0	X25: aaaaaab8f000	X26: 000000000014	X27: aaaaaab8f000
kern  :warn  : [  356.135197] 	X28: aaaaaab8f000	X29: ffffffffe920	X30: aaaaaab1a570
kern  :info  : [  356.135198] rust_kjit: RDebug at 0x28c, continue at 0x290
kern  :info  : [  356.135199] rust_kjit: Regs: 
kern  :warn  : [  356.135200] 	X0: 000000000001	X1: 000000000021	X2: 000000000001	X3: 000000000022
kern  :warn  : [  356.135202] 	X4: 00000000005f	X5: fffff72b3070	X6: 000000000c6b	X7: 00000000000a
kern  :warn  : [  356.135204] 	X8: 000000000015	X9: aaaaaae0f1c0	X10: aaaaaae0f1c0	X11: 000000000000
kern  :warn  : [  356.135206] 	X12: 000000000000	X13: 000000004010	X14: 000000000000	X15: 000000000000
kern  :warn  : [  356.135208] 	X16: aaaaaabdfe40	X17: fffff772ce00	X18: 0000000372cf	X19: 0000fffffff9
kern  :warn  : [  356.135209] 	X20: 000000000014	X21: fffff7208000	X22: 000000000280	X23: fffff720d000
kern  :warn  : [  356.135211] 	X24: ffffffffe9a0	X25: aaaaaab8f000	X26: 000000000014	X27: aaaaaab8f000
kern  :warn  : [  356.135213] 	X28: aaaaaab8f000	X29: ffffffffe920	X30: aaaaaab1a570
kern  :info  : [  356.135214] rust_kjit: RDebug at 0x2c4 to 0xaaaaaab1a624 at 0x2f8
kern  :info  : [  356.135215] rust_kjit: Regs: 
kern  :warn  : [  356.135216] 	X0: fffff720d420	X1: 000000000021	X2: ffffffffffffffe0	X3: 000000000420
kern  :warn  : [  356.135218] 	X4: 000000000020	X5: fffff72b3070	X6: 000000000c6b	X7: 00000000000a
kern  :warn  : [  356.135220] 	X8: 000000000015	X9: aaaaaae0f1c0	X10: aaaaaae0f1c0	X11: 000000000000
kern  :warn  : [  356.135221] 	X12: 000000000000	X13: 000000004010	X14: 000000000000	X15: 000000000000
kern  :warn  : [  356.135223] 	X16: aaaaaabdfe40	X17: fffff772ce00	X18: 0000000372cf	X19: 0000fffffff9
kern  :warn  : [  356.135225] 	X20: 000000000014	X21: fffff7208000	X22: 000000000280	X23: fffff720d000
kern  :warn  : [  356.135227] 	X24: ffffffffe9a0	X25: aaaaaab8f000	X26: 000000000014	X27: aaaaaab8f000
kern  :warn  : [  356.135229] 	X28: aaaaaab8f000	X29: ffffffffe920	X30: aaaaaab1a570
kern  :info  : [  356.135230] rust_kjit: RDebug at 0x320, continue at 0x324
kern  :info  : [  356.135231] rust_kjit: Regs: 
kern  :warn  : [  356.135232] 	X0: fffff720d420	X1: 000000000021	X2: 000000000002	X3: 000000000420
kern  :warn  : [  356.135234] 	X4: 000000000020	X5: fffff72b3070	X6: 000000000c6b	X7: 00000000000a
kern  :warn  : [  356.135235] 	X8: 000000000015	X9: aaaaaae0f1c0	X10: aaaaaae0f1c0	X11: 000000000000
kern  :warn  : [  356.135237] 	X12: 000000000000	X13: 000000004010	X14: 000000000000	X15: 000000000000
kern  :warn  : [  356.135239] 	X16: aaaaaabdfe40	X17: fffff772ce00	X18: 0000000372cf	X19: 0000fffffff9
kern  :warn  : [  356.135241] 	X20: 000000000014	X21: fffff7208000	X22: 000000000280	X23: fffff720d000
kern  :warn  : [  356.135243] 	X24: ffffffffe9a0	X25: aaaaaab8f000	X26: 000000000014	X27: aaaaaab8f000
kern  :warn  : [  356.135245] 	X28: aaaaaab8f000	X29: ffffffffe920	X30: aaaaaab1a570
kern  :info  : [  356.135246] rust_kjit: RDebug at 0x2f4, continue at 0x2f8
kern  :info  : [  356.135247] rust_kjit: Regs: 
kern  :warn  : [  356.135247] 	X0: fffff720d400	X1: 000000000020	X2: 000000000002	X3: 000000000420
kern  :warn  : [  356.135249] 	X4: 000000000020	X5: fffff72b3070	X6: 000000000c6b	X7: 00000000000a
kern  :warn  : [  356.135251] 	X8: 000000000015	X9: aaaaaae0f1c0	X10: aaaaaae0f1c0	X11: 000000000000
kern  :warn  : [  356.135253] 	X12: 000000000000	X13: 000000004010	X14: 000000000000	X15: 000000000000
kern  :warn  : [  356.135255] 	X16: aaaaaabdfe40	X17: fffff772ce00	X18: 0000000372cf	X19: 0000fffffff9
kern  :warn  : [  356.135257] 	X20: 000000000014	X21: fffff7208000	X22: 000000000280	X23: fffff720d000
kern  :warn  : [  356.135258] 	X24: ffffffffe9a0	X25: aaaaaab8f000	X26: 000000000014	X27: aaaaaab8f000
kern  :warn  : [  356.135260] 	X28: aaaaaab8f000	X29: ffffffffe920	X30: aaaaaab1a570
kern  :info  : [  356.135261] rust_kjit: RDebug at 0x320, continue at 0x324
kern  :info  : [  356.135262] rust_kjit: Regs: 
kern  :warn  : [  356.135263] 	X0: fffff720d400	X1: 000000000020	X2: 000000000001	X3: 000000000420
kern  :warn  : [  356.135265] 	X4: 000000000020	X5: fffff72b3070	X6: 000000000c6b	X7: 00000000000a
kern  :warn  : [  356.135267] 	X8: 000000000015	X9: aaaaaae0f1c0	X10: aaaaaae0f1c0	X11: 000000000000
kern  :warn  : [  356.135268] 	X12: 000000000000	X13: 000000004010	X14: 000000000000	X15: 000000000000
kern  :warn  : [  356.135270] 	X16: aaaaaabdfe40	X17: fffff772ce00	X18: 0000000372cf	X19: 0000fffffff9
kern  :warn  : [  356.135272] 	X20: 000000000014	X21: fffff7208000	X22: 000000000280	X23: fffff720d000
kern  :warn  : [  356.135274] 	X24: ffffffffe9a0	X25: aaaaaab8f000	X26: 000000000014	X27: aaaaaab8f000
kern  :warn  : [  356.135276] 	X28: aaaaaab8f000	X29: ffffffffe920	X30: aaaaaab1a570
kern  :info  : [  356.135277] rust_kjit: RDebug at 0x2f4, continue at 0x2f8
kern  :info  : [  356.135278] rust_kjit: Regs: 
kern  :warn  : [  356.135278] 	X0: fffff720d3e0	X1: 00000000001f	X2: 000000000001	X3: 000000000420
kern  :warn  : [  356.135280] 	X4: 000000000020	X5: fffff72b3070	X6: 000000000c6b	X7: 00000000000a
kern  :warn  : [  356.135282] 	X8: 000000000015	X9: aaaaaae0f1c0	X10: aaaaaae0f1c0	X11: 000000000000
kern  :warn  : [  356.135284] 	X12: 000000000000	X13: 000000004010	X14: 000000000000	X15: 000000000000
kern  :warn  : [  356.135286] 	X16: aaaaaabdfe40	X17: fffff772ce00	X18: 0000000372cf	X19: 0000fffffff9
kern  :warn  : [  356.135287] 	X20: 000000000014	X21: fffff7208000	X22: 000000000280	X23: fffff720d000
kern  :warn  : [  356.135289] 	X24: ffffffffe9a0	X25: aaaaaab8f000	X26: 000000000014	X27: aaaaaab8f000
kern  :warn  : [  356.135291] 	X28: aaaaaab8f000	X29: ffffffffe920	X30: aaaaaab1a570
kern  :info  : [  356.135292] rust_kjit: RDebug at 0x320, continue at 0x324
kern  :info  : [  356.135293] rust_kjit: Regs: 
kern  :warn  : [  356.135293] 	X0: fffff720d3e0	X1: 00000000001f	X2: 000000000001	X3: 000000000420
kern  :warn  : [  356.135295] 	X4: 000000000020	X5: fffff72b3070	X6: 000000000c6b	X7: 00000000000a
kern  :warn  : [  356.135297] 	X8: 000000000015	X9: aaaaaae0f1c0	X10: aaaaaae0f1c0	X11: 000000000000
kern  :warn  : [  356.135299] 	X12: 000000000000	X13: 000000004010	X14: 000000000000	X15: 000000000000
kern  :warn  : [  356.135301] 	X16: aaaaaabdfe40	X17: fffff772ce00	X18: 0000000372cf	X19: 0000fffffff9
kern  :warn  : [  356.135303] 	X20: 000000000014	X21: fffff7208000	X22: 000000000280	X23: fffff720d000
kern  :warn  : [  356.135305] 	X24: ffffffffe9a0	X25: aaaaaab8f000	X26: 000000000014	X27: aaaaaab8f000
kern  :warn  : [  356.135306] 	X28: aaaaaab8f000	X29: ffffffffe920	X30: aaaaaab1a570
kern  :info  : [  356.135307] rust_kjit: RDebug at 0x2f4, continue at 0x2f8
kern  :info  : [  356.135309] rust_kjit: Regs: 
kern  :warn  : [  356.135309] 	X0: fffff720d3c0	X1: 00000000001e	X2: 000000000001	X3: 000000000420
kern  :warn  : [  356.135311] 	X4: 000000000020	X5: fffff72b3070	X6: 000000000c6b	X7: 00000000000a
kern  :warn  : [  356.135313] 	X8: 000000000015	X9: aaaaaae0f1c0	X10: aaaaaae0f1c0	X11: 000000000000
kern  :warn  : [  356.135315] 	X12: 000000000000	X13: 000000004010	X14: 000000000000	X15: 000000000000
kern  :warn  : [  356.135317] 	X16: aaaaaabdfe40	X17: fffff772ce00	X18: 0000000372cf	X19: 0000fffffff9
kern  :warn  : [  356.135318] 	X20: 000000000014	X21: fffff7208000	X22: 000000000280	X23: fffff720d000
kern  :warn  : [  356.135320] 	X24: ffffffffe9a0	X25: aaaaaab8f000	X26: 000000000014	X27: aaaaaab8f000
kern  :warn  : [  356.135322] 	X28: aaaaaab8f000	X29: ffffffffe920	X30: aaaaaab1a570
kern  :info  : [  356.135323] rust_kjit: RDebug at 0x320, continue at 0x324
kern  :info  : [  356.135324] rust_kjit: Regs: 
kern  :warn  : [  356.135324] 	X0: fffff720d3c0	X1: 00000000001e	X2: 000000000002	X3: 000000000420
kern  :warn  : [  356.135328] 	X4: 000000000020	X5: fffff72b3070	X6: 000000000c6b	X7: 00000000000a
kern  :warn  : [  356.135332] 	X8: 000000000015	X9: aaaaaae0f1c0	X10: aaaaaae0f1c0	X11: 000000000000
kern  :warn  : [  356.135336] 	X12: 000000000000	X13: 000000004010	X14: 000000000000	X15: 000000000000
kern  :warn  : [  356.135341] 	X16: aaaaaabdfe40	X17: fffff772ce00	X18: 0000000372cf	X19: 0000fffffff9
kern  :warn  : [  356.135345] 	X20: 000000000014	X21: fffff7208000	X22: 000000000280	X23: fffff720d000
kern  :warn  : [  356.135350] 	X24: ffffffffe9a0	X25: aaaaaab8f000	X26: 000000000014	X27: aaaaaab8f000
kern  :warn  : [  356.135354] 	X28: aaaaaab8f000	X29: ffffffffe920	X30: aaaaaab1a570
kern  :info  : [  356.135357] rust_kjit: RDebug at 0x2f4, continue at 0x2f8
kern  :info  : [  356.135360] rust_kjit: Regs: 
kern  :warn  : [  356.135361] 	X0: fffff720d3a0	X1: 00000000001d	X2: 000000000002	X3: 000000000420
kern  :warn  : [  356.135365] 	X4: 000000000020	X5: fffff72b3070	X6: 000000000c6b	X7: 00000000000a
kern  :warn  : [  356.135368] 	X8: 000000000015	X9: aaaaaae0f1c0	X10: aaaaaae0f1c0	X11: 000000000000
kern  :warn  : [  356.135370] 	X12: 000000000000	X13: 000000004010	X14: 000000000000	X15: 000000000000
kern  :warn  : [  356.135372] 	X16: aaaaaabdfe40	X17: fffff772ce00	X18: 0000000372cf	X19: 0000fffffff9
kern  :warn  : [  356.135374] 	X20: 000000000014	X21: fffff7208000	X22: 000000000280	X23: fffff720d000
kern  :warn  : [  356.135376] 	X24: ffffffffe9a0	X25: aaaaaab8f000	X26: 000000000014	X27: aaaaaab8f000
kern  :warn  : [  356.135377] 	X28: aaaaaab8f000	X29: ffffffffe920	X30: aaaaaab1a570
kern  :info  : [  356.135378] rust_kjit: RDebug at 0x320, continue at 0x324
kern  :info  : [  356.135380] rust_kjit: Regs: 
kern  :warn  : [  356.135380] 	X0: fffff720d3a0	X1: 00000000001d	X2: 000000000002	X3: 000000000420
kern  :warn  : [  356.135382] 	X4: 000000000020	X5: fffff72b3070	X6: 000000000c6b	X7: 00000000000a
kern  :warn  : [  356.135384] 	X8: 000000000015	X9: aaaaaae0f1c0	X10: aaaaaae0f1c0	X11: 000000000000
kern  :warn  : [  356.135386] 	X12: 000000000000	X13: 000000004010	X14: 000000000000	X15: 000000000000
kern  :warn  : [  356.135388] 	X16: aaaaaabdfe40	X17: fffff772ce00	X18: 0000000372cf	X19: 0000fffffff9
kern  :warn  : [  356.135390] 	X20: 000000000014	X21: fffff7208000	X22: 000000000280	X23: fffff720d000
kern  :warn  : [  356.135392] 	X24: ffffffffe9a0	X25: aaaaaab8f000	X26: 000000000014	X27: aaaaaab8f000
kern  :warn  : [  356.135394] 	X28: aaaaaab8f000	X29: ffffffffe920	X30: aaaaaab1a570
kern  :info  : [  356.135395] rust_kjit: RDebug at 0x2f4, continue at 0x2f8
kern  :info  : [  356.135396] rust_kjit: Regs: 
kern  :warn  : [  356.135396] 	X0: fffff720d380	X1: 00000000001c	X2: 000000000002	X3: 000000000420
kern  :warn  : [  356.135398] 	X4: 000000000020	X5: fffff72b3070	X6: 000000000c6b	X7: 00000000000a
kern  :warn  : [  356.135400] 	X8: 000000000015	X9: aaaaaae0f1c0	X10: aaaaaae0f1c0	X11: 000000000000
kern  :warn  : [  356.135402] 	X12: 000000000000	X13: 000000004010	X14: 000000000000	X15: 000000000000
kern  :warn  : [  356.135404] 	X16: aaaaaabdfe40	X17: fffff772ce00	X18: 0000000372cf	X19: 0000fffffff9
kern  :warn  : [  356.135406] 	X20: 000000000014	X21: fffff7208000	X22: 000000000280	X23: fffff720d000
kern  :warn  : [  356.135407] 	X24: ffffffffe9a0	X25: aaaaaab8f000	X26: 000000000014	X27: aaaaaab8f000
kern  :warn  : [  356.135409] 	X28: aaaaaab8f000	X29: ffffffffe920	X30: aaaaaab1a570
kern  :info  : [  356.135410] rust_kjit: RDebug at 0x320, continue at 0x324
kern  :info  : [  356.135411] rust_kjit: Regs: 
kern  :warn  : [  356.135412] 	X0: fffff720d380	X1: 00000000001c	X2: 000000000002	X3: 000000000420
kern  :warn  : [  356.135414] 	X4: 000000000020	X5: fffff72b3070	X6: 000000000c6b	X7: 00000000000a
kern  :warn  : [  356.135416] 	X8: 000000000015	X9: aaaaaae0f1c0	X10: aaaaaae0f1c0	X11: 000000000000
kern  :warn  : [  356.135418] 	X12: 000000000000	X13: 000000004010	X14: 000000000000	X15: 000000000000
kern  :warn  : [  356.135419] 	X16: aaaaaabdfe40	X17: fffff772ce00	X18: 0000000372cf	X19: 0000fffffff9
kern  :warn  : [  356.135421] 	X20: 000000000014	X21: fffff7208000	X22: 000000000280	X23: fffff720d000
kern  :warn  : [  356.135423] 	X24: ffffffffe9a0	X25: aaaaaab8f000	X26: 000000000014	X27: aaaaaab8f000
kern  :warn  : [  356.135425] 	X28: aaaaaab8f000	X29: ffffffffe920	X30: aaaaaab1a570
kern  :info  : [  356.135426] rust_kjit: RDebug at 0x2f4, continue at 0x2f8
kern  :info  : [  356.135427] rust_kjit: Regs: 
kern  :warn  : [  356.135427] 	X0: fffff720d360	X1: 00000000001b	X2: 000000000002	X3: 000000000420
kern  :warn  : [  356.135429] 	X4: 000000000020	X5: fffff72b3070	X6: 000000000c6b	X7: 00000000000a
kern  :warn  : [  356.135431] 	X8: 000000000015	X9: aaaaaae0f1c0	X10: aaaaaae0f1c0	X11: 000000000000
kern  :warn  : [  356.135433] 	X12: 000000000000	X13: 000000004010	X14: 000000000000	X15: 000000000000
kern  :warn  : [  356.135435] 	X16: aaaaaabdfe40	X17: fffff772ce00	X18: 0000000372cf	X19: 0000fffffff9
kern  :warn  : [  356.135437] 	X20: 000000000014	X21: fffff7208000	X22: 000000000280	X23: fffff720d000
kern  :warn  : [  356.135439] 	X24: ffffffffe9a0	X25: aaaaaab8f000	X26: 000000000014	X27: aaaaaab8f000
kern  :warn  : [  356.135440] 	X28: aaaaaab8f000	X29: ffffffffe920	X30: aaaaaab1a570
kern  :info  : [  356.135441] rust_kjit: RDebug at 0x320, continue at 0x324
kern  :info  : [  356.135442] rust_kjit: Regs: 
kern  :warn  : [  356.135443] 	X0: fffff720d360	X1: 00000000001b	X2: 000000000002	X3: 000000000420
kern  :warn  : [  356.135445] 	X4: 000000000020	X5: fffff72b3070	X6: 000000000c6b	X7: 00000000000a
kern  :warn  : [  356.135447] 	X8: 000000000015	X9: aaaaaae0f1c0	X10: aaaaaae0f1c0	X11: 000000000000
kern  :warn  : [  356.135449] 	X12: 000000000000	X13: 000000004010	X14: 000000000000	X15: 000000000000
kern  :warn  : [  356.135451] 	X16: aaaaaabdfe40	X17: fffff772ce00	X18: 0000000372cf	X19: 0000fffffff9
kern  :warn  : [  356.135452] 	X20: 000000000014	X21: fffff7208000	X22: 000000000280	X23: fffff720d000
kern  :warn  : [  356.135454] 	X24: ffffffffe9a0	X25: aaaaaab8f000	X26: 000000000014	X27: aaaaaab8f000
kern  :warn  : [  356.135456] 	X28: aaaaaab8f000	X29: ffffffffe920	X30: aaaaaab1a570
kern  :info  : [  356.135457] rust_kjit: RDebug at 0x2f4, continue at 0x2f8
kern  :info  : [  356.135458] rust_kjit: Regs: 
kern  :warn  : [  356.135458] 	X0: fffff720d340	X1: 00000000001a	X2: 000000000002	X3: 000000000420
kern  :warn  : [  356.135460] 	X4: 000000000020	X5: fffff72b3070	X6: 000000000c6b	X7: 00000000000a
kern  :warn  : [  356.135462] 	X8: 000000000015	X9: aaaaaae0f1c0	X10: aaaaaae0f1c0	X11: 000000000000
kern  :warn  : [  356.135464] 	X12: 000000000000	X13: 000000004010	X14: 000000000000	X15: 000000000000
kern  :warn  : [  356.135466] 	X16: aaaaaabdfe40	X17: fffff772ce00	X18: 0000000372cf	X19: 0000fffffff9
kern  :warn  : [  356.135468] 	X20: 000000000014	X21: fffff7208000	X22: 000000000280	X23: fffff720d000
kern  :warn  : [  356.135470] 	X24: ffffffffe9a0	X25: aaaaaab8f000	X26: 000000000014	X27: aaaaaab8f000
kern  :warn  : [  356.135471] 	X28: aaaaaab8f000	X29: ffffffffe920	X30: aaaaaab1a570
kern  :info  : [  356.135472] rust_kjit: RDebug at 0x320, continue at 0x324
kern  :info  : [  356.135474] rust_kjit: Regs: 
kern  :warn  : [  356.135474] 	X0: fffff720d340	X1: 00000000001a	X2: 000000000002	X3: 000000000420
kern  :warn  : [  356.135476] 	X4: 000000000020	X5: fffff72b3070	X6: 000000000c6b	X7: 00000000000a
kern  :warn  : [  356.135478] 	X8: 000000000015	X9: aaaaaae0f1c0	X10: aaaaaae0f1c0	X11: 000000000000
kern  :warn  : [  356.135480] 	X12: 000000000000	X13: 000000004010	X14: 000000000000	X15: 000000000000
kern  :warn  : [  356.135482] 	X16: aaaaaabdfe40	X17: fffff772ce00	X18: 0000000372cf	X19: 0000fffffff9
kern  :warn  : [  356.135484] 	X20: 000000000014	X21: fffff7208000	X22: 000000000280	X23: fffff720d000
kern  :warn  : [  356.135485] 	X24: ffffffffe9a0	X25: aaaaaab8f000	X26: 000000000014	X27: aaaaaab8f000
kern  :warn  : [  356.135487] 	X28: aaaaaab8f000	X29: ffffffffe920	X30: aaaaaab1a570
kern  :info  : [  356.135488] rust_kjit: RDebug at 0x2f4, continue at 0x2f8
kern  :info  : [  356.135490] rust_kjit: Regs: 
kern  :warn  : [  356.135490] 	X0: fffff720d320	X1: 000000000019	X2: 000000000002	X3: 000000000420
kern  :warn  : [  356.135493] 	X4: 000000000020	X5: fffff72b3070	X6: 000000000c6b	X7: 00000000000a
kern  :warn  : [  356.135497] 	X8: 000000000015	X9: aaaaaae0f1c0	X10: aaaaaae0f1c0	X11: 000000000000
kern  :warn  : [  356.135501] 	X12: 000000000000	X13: 000000004010	X14: 000000000000	X15: 000000000000
kern  :warn  : [  356.135506] 	X16: aaaaaabdfe40	X17: fffff772ce00	X18: 0000000372cf	X19: 0000fffffff9
kern  :warn  : [  356.135511] 	X20: 000000000014	X21: fffff7208000	X22: 000000000280	X23: fffff720d000
kern  :warn  : [  356.135515] 	X24: ffffffffe9a0	X25: aaaaaab8f000	X26: 000000000014	X27: aaaaaab8f000
kern  :warn  : [  356.135520] 	X28: aaaaaab8f000	X29: ffffffffe920	X30: aaaaaab1a570
kern  :info  : [  356.135523] rust_kjit: RDebug at 0x320, continue at 0x324
kern  :info  : [  356.135525] rust_kjit: Regs: 
kern  :warn  : [  356.135527] 	X0: fffff720d320	X1: 000000000019	X2: 000000000001	X3: 000000000420
kern  :warn  : [  356.135530] 	X4: 000000000020	X5: fffff72b3070	X6: 000000000c6b	X7: 00000000000a
kern  :warn  : [  356.135532] 	X8: 000000000015	X9: aaaaaae0f1c0	X10: aaaaaae0f1c0	X11: 000000000000
kern  :warn  : [  356.135534] 	X12: 000000000000	X13: 000000004010	X14: 000000000000	X15: 000000000000
kern  :warn  : [  356.135536] 	X16: aaaaaabdfe40	X17: fffff772ce00	X18: 0000000372cf	X19: 0000fffffff9
kern  :warn  : [  356.135538] 	X20: 000000000014	X21: fffff7208000	X22: 000000000280	X23: fffff720d000
kern  :warn  : [  356.135540] 	X24: ffffffffe9a0	X25: aaaaaab8f000	X26: 000000000014	X27: aaaaaab8f000
kern  :warn  : [  356.135542] 	X28: aaaaaab8f000	X29: ffffffffe920	X30: aaaaaab1a570
kern  :info  : [  356.135543] rust_kjit: RDebug at 0x2f4, continue at 0x2f8
kern  :info  : [  356.135544] rust_kjit: Regs: 
kern  :warn  : [  356.135544] 	X0: fffff720d300	X1: 000000000018	X2: 000000000001	X3: 000000000420
kern  :warn  : [  356.135546] 	X4: 000000000020	X5: fffff72b3070	X6: 000000000c6b	X7: 00000000000a
kern  :warn  : [  356.135548] 	X8: 000000000015	X9: aaaaaae0f1c0	X10: aaaaaae0f1c0	X11: 000000000000
kern  :warn  : [  356.135550] 	X12: 000000000000	X13: 000000004010	X14: 000000000000	X15: 000000000000
kern  :warn  : [  356.135552] 	X16: aaaaaabdfe40	X17: fffff772ce00	X18: 0000000372cf	X19: 0000fffffff9
kern  :warn  : [  356.135554] 	X20: 000000000014	X21: fffff7208000	X22: 000000000280	X23: fffff720d000
kern  :warn  : [  356.135556] 	X24: ffffffffe9a0	X25: aaaaaab8f000	X26: 000000000014	X27: aaaaaab8f000
kern  :warn  : [  356.135557] 	X28: aaaaaab8f000	X29: ffffffffe920	X30: aaaaaab1a570
kern  :info  : [  356.135558] rust_kjit: RDebug at 0x320, continue at 0x324
kern  :info  : [  356.135560] rust_kjit: Regs: 
kern  :warn  : [  356.135560] 	X0: fffff720d300	X1: 000000000018	X2: 000000000001	X3: 000000000420
kern  :warn  : [  356.135562] 	X4: 000000000020	X5: fffff72b3070	X6: 000000000c6b	X7: 00000000000a
kern  :warn  : [  356.135564] 	X8: 000000000015	X9: aaaaaae0f1c0	X10: aaaaaae0f1c0	X11: 000000000000
kern  :warn  : [  356.135566] 	X12: 000000000000	X13: 000000004010	X14: 000000000000	X15: 000000000000
kern  :warn  : [  356.135568] 	X16: aaaaaabdfe40	X17: fffff772ce00	X18: 0000000372cf	X19: 0000fffffff9
kern  :warn  : [  356.135570] 	X20: 000000000014	X21: fffff7208000	X22: 000000000280	X23: fffff720d000
kern  :warn  : [  356.135572] 	X24: ffffffffe9a0	X25: aaaaaab8f000	X26: 000000000014	X27: aaaaaab8f000
kern  :warn  : [  356.135573] 	X28: aaaaaab8f000	X29: ffffffffe920	X30: aaaaaab1a570
kern  :info  : [  356.135574] rust_kjit: RDebug at 0x2f4, continue at 0x2f8
kern  :info  : [  356.135576] rust_kjit: Regs: 
kern  :warn  : [  356.135576] 	X0: fffff720d2e0	X1: 000000000017	X2: 000000000001	X3: 000000000420
kern  :warn  : [  356.135578] 	X4: 000000000020	X5: fffff72b3070	X6: 000000000c6b	X7: 00000000000a
kern  :warn  : [  356.135580] 	X8: 000000000015	X9: aaaaaae0f1c0	X10: aaaaaae0f1c0	X11: 000000000000
kern  :warn  : [  356.135582] 	X12: 000000000000	X13: 000000004010	X14: 000000000000	X15: 000000000000
kern  :warn  : [  356.135584] 	X16: aaaaaabdfe40	X17: fffff772ce00	X18: 0000000372cf	X19: 0000fffffff9
kern  :warn  : [  356.135586] 	X20: 000000000014	X21: fffff7208000	X22: 000000000280	X23: fffff720d000
kern  :warn  : [  356.135588] 	X24: ffffffffe9a0	X25: aaaaaab8f000	X26: 000000000014	X27: aaaaaab8f000
kern  :warn  : [  356.135589] 	X28: aaaaaab8f000	X29: ffffffffe920	X30: aaaaaab1a570
kern  :info  : [  356.135590] rust_kjit: RDebug at 0x320, continue at 0x324
kern  :info  : [  356.135592] rust_kjit: Regs: 
kern  :warn  : [  356.135592] 	X0: fffff720d2e0	X1: 000000000017	X2: 000000000002	X3: 000000000420
kern  :warn  : [  356.135594] 	X4: 000000000020	X5: fffff72b3070	X6: 000000000c6b	X7: 00000000000a
kern  :warn  : [  356.135596] 	X8: 000000000015	X9: aaaaaae0f1c0	X10: aaaaaae0f1c0	X11: 000000000000
kern  :warn  : [  356.135598] 	X12: 000000000000	X13: 000000004010	X14: 000000000000	X15: 000000000000
kern  :warn  : [  356.135600] 	X16: aaaaaabdfe40	X17: fffff772ce00	X18: 0000000372cf	X19: 0000fffffff9
kern  :warn  : [  356.135602] 	X20: 000000000014	X21: fffff7208000	X22: 000000000280	X23: fffff720d000
kern  :warn  : [  356.135604] 	X24: ffffffffe9a0	X25: aaaaaab8f000	X26: 000000000014	X27: aaaaaab8f000
kern  :warn  : [  356.135605] 	X28: aaaaaab8f000	X29: ffffffffe920	X30: aaaaaab1a570
kern  :info  : [  356.135606] rust_kjit: RDebug at 0x2f4, continue at 0x2f8
kern  :info  : [  356.135611] rust_kjit: Regs: 
kern  :warn  : [  356.135611] 	X0: fffff720d2c0	X1: 000000000016	X2: 000000000002	X3: 000000000420
kern  :warn  : [  356.135615] 	X4: 000000000020	X5: fffff72b3070	X6: 000000000c6b	X7: 00000000000a
kern  :warn  : [  356.135619] 	X8: 000000000015	X9: aaaaaae0f1c0	X10: aaaaaae0f1c0	X11: 000000000000
kern  :warn  : [  356.135623] 	X12: 000000000000	X13: 000000004010	X14: 000000000000	X15: 000000000000
kern  :warn  : [  356.135628] 	X16: aaaaaabdfe40	X17: fffff772ce00	X18: 0000000372cf	X19: 0000fffffff9
kern  :warn  : [  356.135633] 	X20: 000000000014	X21: fffff7208000	X22: 000000000280	X23: fffff720d000
kern  :warn  : [  356.135636] 	X24: ffffffffe9a0	X25: aaaaaab8f000	X26: 000000000014	X27: aaaaaab8f000
kern  :warn  : [  356.135638] 	X28: aaaaaab8f000	X29: ffffffffe920	X30: aaaaaab1a570
kern  :info  : [  356.135639] rust_kjit: RDebug at 0x320, continue at 0x324
kern  :info  : [  356.135641] rust_kjit: Regs: 
kern  :warn  : [  356.135642] 	X0: fffff720d2c0	X1: 000000000016	X2: 000000000001	X3: 000000000420
kern  :warn  : [  356.135643] 	X4: 000000000020	X5: fffff72b3070	X6: 000000000c6b	X7: 00000000000a
kern  :warn  : [  356.135645] 	X8: 000000000015	X9: aaaaaae0f1c0	X10: aaaaaae0f1c0	X11: 000000000000
kern  :warn  : [  356.135648] 	X12: 000000000000	X13: 000000004010	X14: 000000000000	X15: 000000000000
kern  :warn  : [  356.135650] 	X16: aaaaaabdfe40	X17: fffff772ce00	X18: 0000000372cf	X19: 0000fffffff9
kern  :warn  : [  356.135651] 	X20: 000000000014	X21: fffff7208000	X22: 000000000280	X23: fffff720d000
kern  :warn  : [  356.135653] 	X24: ffffffffe9a0	X25: aaaaaab8f000	X26: 000000000014	X27: aaaaaab8f000
kern  :warn  : [  356.135655] 	X28: aaaaaab8f000	X29: ffffffffe920	X30: aaaaaab1a570
kern  :info  : [  356.135656] rust_kjit: RDebug at 0x2f4, continue at 0x2f8
kern  :info  : [  356.135658] rust_kjit: Regs: 
kern  :warn  : [  356.135658] 	X0: fffff720d2a0	X1: 000000000015	X2: 000000000001	X3: 000000000420
kern  :warn  : [  356.135660] 	X4: 000000000020	X5: fffff72b3070	X6: 000000000c6b	X7: 00000000000a
kern  :warn  : [  356.135662] 	X8: 000000000015	X9: aaaaaae0f1c0	X10: aaaaaae0f1c0	X11: 000000000000
kern  :warn  : [  356.135664] 	X12: 000000000000	X13: 000000004010	X14: 000000000000	X15: 000000000000
kern  :warn  : [  356.135666] 	X16: aaaaaabdfe40	X17: fffff772ce00	X18: 0000000372cf	X19: 0000fffffff9
kern  :warn  : [  356.135668] 	X20: 000000000014	X21: fffff7208000	X22: 000000000280	X23: fffff720d000
kern  :warn  : [  356.135670] 	X24: ffffffffe9a0	X25: aaaaaab8f000	X26: 000000000014	X27: aaaaaab8f000
kern  :warn  : [  356.135672] 	X28: aaaaaab8f000	X29: ffffffffe920	X30: aaaaaab1a570
kern  :info  : [  356.135673] rust_kjit: RDebug at 0x320, continue at 0x324
kern  :info  : [  356.135674] rust_kjit: Regs: 
kern  :warn  : [  356.135674] 	X0: fffff720d2a0	X1: 000000000015	X2: 000000000002	X3: 000000000420
kern  :warn  : [  356.135676] 	X4: 000000000020	X5: fffff72b3070	X6: 000000000c6b	X7: 00000000000a
kern  :warn  : [  356.135678] 	X8: 000000000015	X9: aaaaaae0f1c0	X10: aaaaaae0f1c0	X11: 000000000000
kern  :warn  : [  356.135680] 	X12: 000000000000	X13: 000000004010	X14: 000000000000	X15: 000000000000
kern  :warn  : [  356.135682] 	X16: aaaaaabdfe40	X17: fffff772ce00	X18: 0000000372cf	X19: 0000fffffff9
kern  :warn  : [  356.135684] 	X20: 000000000014	X21: fffff7208000	X22: 000000000280	X23: fffff720d000
kern  :warn  : [  356.135685] 	X24: ffffffffe9a0	X25: aaaaaab8f000	X26: 000000000014	X27: aaaaaab8f000
kern  :warn  : [  356.135688] 	X28: aaaaaab8f000	X29: ffffffffe920	X30: aaaaaab1a570
kern  :info  : [  356.135690] rust_kjit: RDebug at 0x2f4, continue at 0x2f8
kern  :info  : [  356.135693] rust_kjit: Regs: 
kern  :warn  : [  356.135695] 	X0: fffff720d280	X1: 000000000014	X2: 000000000002	X3: 000000000420
kern  :warn  : [  356.135700] 	X4: 000000000020	X5: fffff72b3070	X6: 000000000c6b	X7: 00000000000a
kern  :warn  : [  356.135704] 	X8: 000000000015	X9: aaaaaae0f1c0	X10: aaaaaae0f1c0	X11: 000000000000
kern  :warn  : [  356.135706] 	X12: 000000000000	X13: 000000004010	X14: 000000000000	X15: 000000000000
kern  :warn  : [  356.135708] 	X16: aaaaaabdfe40	X17: fffff772ce00	X18: 0000000372cf	X19: 0000fffffff9
kern  :warn  : [  356.135710] 	X20: 000000000014	X21: fffff7208000	X22: 000000000280	X23: fffff720d000
kern  :warn  : [  356.135712] 	X24: ffffffffe9a0	X25: aaaaaab8f000	X26: 000000000014	X27: aaaaaab8f000
kern  :warn  : [  356.135713] 	X28: aaaaaab8f000	X29: ffffffffe920	X30: aaaaaab1a570
kern  :info  : [  356.135715] rust_kjit: RDebug at 0x320, continue at 0x324
kern  :info  : [  356.135716] rust_kjit: Regs: 
kern  :warn  : [  356.135716] 	X0: fffff720d280	X1: 000000000014	X2: 000000000001	X3: 000000000420
kern  :warn  : [  356.135719] 	X4: 000000000020	X5: fffff72b3070	X6: 000000000c6b	X7: 00000000000a
kern  :warn  : [  356.135721] 	X8: 000000000015	X9: aaaaaae0f1c0	X10: aaaaaae0f1c0	X11: 000000000000
kern  :warn  : [  356.135723] 	X12: 000000000000	X13: 000000004010	X14: 000000000000	X15: 000000000000
kern  :warn  : [  356.135725] 	X16: aaaaaabdfe40	X17: fffff772ce00	X18: 0000000372cf	X19: 0000fffffff9
kern  :warn  : [  356.135727] 	X20: 000000000014	X21: fffff7208000	X22: 000000000280	X23: fffff720d000
kern  :warn  : [  356.135728] 	X24: ffffffffe9a0	X25: aaaaaab8f000	X26: 000000000014	X27: aaaaaab8f000
kern  :warn  : [  356.135730] 	X28: aaaaaab8f000	X29: ffffffffe920	X30: aaaaaab1a570
kern  :info  : [  356.135731] rust_kjit: RDebug at 0x2f4, continue at 0x2f8
kern  :info  : [  356.135732] rust_kjit: Regs: 
kern  :warn  : [  356.135733] 	X0: fffff720d260	X1: 000000000013	X2: 000000000001	X3: 000000000420
kern  :warn  : [  356.135735] 	X4: 000000000020	X5: fffff72b3070	X6: 000000000c6b	X7: 00000000000a
kern  :warn  : [  356.135736] 	X8: 000000000015	X9: aaaaaae0f1c0	X10: aaaaaae0f1c0	X11: 000000000000
kern  :warn  : [  356.135738] 	X12: 000000000000	X13: 000000004010	X14: 000000000000	X15: 000000000000
kern  :warn  : [  356.135740] 	X16: aaaaaabdfe40	X17: fffff772ce00	X18: 0000000372cf	X19: 0000fffffff9
kern  :warn  : [  356.135742] 	X20: 000000000014	X21: fffff7208000	X22: 000000000280	X23: fffff720d000
kern  :warn  : [  356.135744] 	X24: ffffffffe9a0	X25: aaaaaab8f000	X26: 000000000014	X27: aaaaaab8f000
kern  :warn  : [  356.135746] 	X28: aaaaaab8f000	X29: ffffffffe920	X30: aaaaaab1a570
kern  :info  : [  356.135747] rust_kjit: RDebug at 0x320, continue at 0x324
kern  :info  : [  356.135748] rust_kjit: Regs: 
kern  :warn  : [  356.135748] 	X0: fffff720d260	X1: 000000000013	X2: 000000000002	X3: 000000000420
kern  :warn  : [  356.135750] 	X4: 000000000020	X5: fffff72b3070	X6: 000000000c6b	X7: 00000000000a
kern  :warn  : [  356.135752] 	X8: 000000000015	X9: aaaaaae0f1c0	X10: aaaaaae0f1c0	X11: 000000000000
kern  :warn  : [  356.135754] 	X12: 000000000000	X13: 000000004010	X14: 000000000000	X15: 000000000000
kern  :warn  : [  356.135756] 	X16: aaaaaabdfe40	X17: fffff772ce00	X18: 0000000372cf	X19: 0000fffffff9
kern  :warn  : [  356.135758] 	X20: 000000000014	X21: fffff7208000	X22: 000000000280	X23: fffff720d000
kern  :warn  : [  356.135760] 	X24: ffffffffe9a0	X25: aaaaaab8f000	X26: 000000000014	X27: aaaaaab8f000
kern  :warn  : [  356.135762] 	X28: aaaaaab8f000	X29: ffffffffe920	X30: aaaaaab1a570
kern  :info  : [  356.135762] rust_kjit: RDebug at 0x2f4, continue at 0x2f8
kern  :info  : [  356.135764] rust_kjit: Regs: 
kern  :warn  : [  356.135764] 	X0: fffff720d240	X1: 000000000012	X2: 000000000002	X3: 000000000420
kern  :warn  : [  356.135766] 	X4: 000000000020	X5: fffff72b3070	X6: 000000000c6b	X7: 00000000000a
kern  :warn  : [  356.135768] 	X8: 000000000015	X9: aaaaaae0f1c0	X10: aaaaaae0f1c0	X11: 000000000000
kern  :warn  : [  356.135770] 	X12: 000000000000	X13: 000000004010	X14: 000000000000	X15: 000000000000
kern  :warn  : [  356.135772] 	X16: aaaaaabdfe40	X17: fffff772ce00	X18: 0000000372cf	X19: 0000fffffff9
kern  :warn  : [  356.135773] 	X20: 000000000014	X21: fffff7208000	X22: 000000000280	X23: fffff720d000
kern  :warn  : [  356.135775] 	X24: ffffffffe9a0	X25: aaaaaab8f000	X26: 000000000014	X27: aaaaaab8f000
kern  :warn  : [  356.135777] 	X28: aaaaaab8f000	X29: ffffffffe920	X30: aaaaaab1a570
kern  :info  : [  356.135778] rust_kjit: RDebug at 0x320, continue at 0x324
kern  :info  : [  356.135779] rust_kjit: Regs: 
kern  :warn  : [  356.135779] 	X0: fffff720d240	X1: 000000000012	X2: 000000000002	X3: 000000000420
kern  :warn  : [  356.135781] 	X4: 000000000020	X5: fffff72b3070	X6: 000000000c6b	X7: 00000000000a
kern  :warn  : [  356.135783] 	X8: 000000000015	X9: aaaaaae0f1c0	X10: aaaaaae0f1c0	X11: 000000000000
kern  :warn  : [  356.135785] 	X12: 000000000000	X13: 000000004010	X14: 000000000000	X15: 000000000000
kern  :warn  : [  356.135788] 	X16: aaaaaabdfe40	X17: fffff772ce00	X18: 0000000372cf	X19: 0000fffffff9
kern  :warn  : [  356.135793] 	X20: 000000000014	X21: fffff7208000	X22: 000000000280	X23: fffff720d000
kern  :warn  : [  356.135798] 	X24: ffffffffe9a0	X25: aaaaaab8f000	X26: 000000000014	X27: aaaaaab8f000
kern  :warn  : [  356.135803] 	X28: aaaaaab8f000	X29: ffffffffe920	X30: aaaaaab1a570
kern  :info  : [  356.135806] rust_kjit: RDebug at 0x2f4, continue at 0x2f8
kern  :info  : [  356.135809] rust_kjit: Regs: 
kern  :warn  : [  356.135810] 	X0: fffff720d220	X1: 000000000011	X2: 000000000002	X3: 000000000420
kern  :warn  : [  356.135814] 	X4: 000000000020	X5: fffff72b3070	X6: 000000000c6b	X7: 00000000000a
kern  :warn  : [  356.135816] 	X8: 000000000015	X9: aaaaaae0f1c0	X10: aaaaaae0f1c0	X11: 000000000000
kern  :warn  : [  356.135819] 	X12: 000000000000	X13: 000000004010	X14: 000000000000	X15: 000000000000
kern  :warn  : [  356.135820] 	X16: aaaaaabdfe40	X17: fffff772ce00	X18: 0000000372cf	X19: 0000fffffff9
kern  :warn  : [  356.135822] 	X20: 000000000014	X21: fffff7208000	X22: 000000000280	X23: fffff720d000
kern  :warn  : [  356.135824] 	X24: ffffffffe9a0	X25: aaaaaab8f000	X26: 000000000014	X27: aaaaaab8f000
kern  :warn  : [  356.135826] 	X28: aaaaaab8f000	X29: ffffffffe920	X30: aaaaaab1a570
kern  :info  : [  356.135827] rust_kjit: RDebug at 0x320, continue at 0x324
kern  :info  : [  356.135829] rust_kjit: Regs: 
kern  :warn  : [  356.135829] 	X0: fffff720d220	X1: 000000000011	X2: 000000000002	X3: 000000000420
kern  :warn  : [  356.135831] 	X4: 000000000020	X5: fffff72b3070	X6: 000000000c6b	X7: 00000000000a
kern  :warn  : [  356.135833] 	X8: 000000000015	X9: aaaaaae0f1c0	X10: aaaaaae0f1c0	X11: 000000000000
kern  :warn  : [  356.135835] 	X12: 000000000000	X13: 000000004010	X14: 000000000000	X15: 000000000000
kern  :warn  : [  356.135837] 	X16: aaaaaabdfe40	X17: fffff772ce00	X18: 0000000372cf	X19: 0000fffffff9
kern  :warn  : [  356.135839] 	X20: 000000000014	X21: fffff7208000	X22: 000000000280	X23: fffff720d000
kern  :warn  : [  356.135841] 	X24: ffffffffe9a0	X25: aaaaaab8f000	X26: 000000000014	X27: aaaaaab8f000
kern  :warn  : [  356.135842] 	X28: aaaaaab8f000	X29: ffffffffe920	X30: aaaaaab1a570
kern  :info  : [  356.135844] rust_kjit: RDebug at 0x2f4, continue at 0x2f8
kern  :info  : [  356.135845] rust_kjit: Regs: 
kern  :warn  : [  356.135846] 	X0: fffff720d200	X1: 000000000010	X2: 000000000002	X3: 000000000420
kern  :warn  : [  356.135848] 	X4: 000000000020	X5: fffff72b3070	X6: 000000000c6b	X7: 00000000000a
kern  :warn  : [  356.135849] 	X8: 000000000015	X9: aaaaaae0f1c0	X10: aaaaaae0f1c0	X11: 000000000000
kern  :warn  : [  356.135851] 	X12: 000000000000	X13: 000000004010	X14: 000000000000	X15: 000000000000
kern  :warn  : [  356.135853] 	X16: aaaaaabdfe40	X17: fffff772ce00	X18: 0000000372cf	X19: 0000fffffff9
kern  :warn  : [  356.135855] 	X20: 000000000014	X21: fffff7208000	X22: 000000000280	X23: fffff720d000
kern  :warn  : [  356.135857] 	X24: ffffffffe9a0	X25: aaaaaab8f000	X26: 000000000014	X27: aaaaaab8f000
kern  :warn  : [  356.135859] 	X28: aaaaaab8f000	X29: ffffffffe920	X30: aaaaaab1a570
kern  :info  : [  356.135860] rust_kjit: RDebug at 0x320, continue at 0x324
kern  :info  : [  356.135861] rust_kjit: Leaving with cnt 40, svc_loop_cnt 40
kern  :info  : [  356.135862] rust_kjit: Regs: 
kern  :warn  : [  356.135862] 	X0: fffff720d200	X1: 000000000010	X2: 000000000002	X3: 000000000420
kern  :warn  : [  356.135864] 	X4: 000000000020	X5: fffff72b3070	X6: 000000000c6b	X7: 00000000000a
kern  :warn  : [  356.135866] 	X8: 000000000015	X9: aaaaaae0f1c0	X10: aaaaaae0f1c0	X11: 000000000000
kern  :warn  : [  356.135868] 	X12: 000000000000	X13: 000000004010	X14: 000000000000	X15: 000000000000
kern  :warn  : [  356.135870] 	X16: aaaaaabdfe40	X17: fffff772ce00	X18: 0000000372cf	X19: 0000fffffff9
kern  :warn  : [  356.135872] 	X20: 000000000014	X21: fffff7208000	X22: 000000000280	X23: fffff720d000
kern  :warn  : [  356.135874] 	X24: ffffffffe9a0	X25: aaaaaab8f000	X26: 000000000014	X27: aaaaaab8f000
kern  :warn  : [  356.135875] 	X28: aaaaaab8f000	X29: ffffffffe920	X30: aaaaaab1a570
kern  :info  : [  356.135878] rust_kjit: ###### Lift session 5 ######
kern  :info  : [  356.135878] rust_kjit: Regs: 
kern  :warn  : [  356.135879] 	X0: 000000000000	X1: 000000000002	X2: 000000000014	X3: ffffffffe908
kern  :warn  : [  356.135881] 	X4: 000000000020	X5: fffff72b3070	X6: 000000000c6b	X7: 00000000000a
kern  :warn  : [  356.135883] 	X8: 000000000015	X9: aaaaaae0f1c0	X10: aaaaaae0f1c0	X11: 000000000000
kern  :warn  : [  356.135884] 	X12: 000000000000	X13: 000000004010	X14: 000000000000	X15: 000000000000
kern  :warn  : [  356.135887] 	X16: aaaaaabdfe40	X17: fffff772ce00	X18: 0000000372cf	X19: 0000fffffffe
kern  :warn  : [  356.135888] 	X20: 000000000014	X21: fffff7208000	X22: 000000000280	X23: fffff720d000
kern  :warn  : [  356.135893] 	X24: ffffffffe9a0	X25: aaaaaab8f000	X26: 000000000014	X27: aaaaaab8f000
kern  :warn  : [  356.135897] 	X28: aaaaaab8f000	X29: ffffffffe920	X30: aaaaaab1a5dc
kern  :info  : [  356.135900] rust_kjit: RDebug at 0x180, continue at 0x184
kern  :info  : [  356.135903] rust_kjit: Regs: 
kern  :warn  : [  356.135904] 	X0: 000000000000	X1: 000000000002	X2: 000000000014	X3: ffffffffe908
kern  :warn  : [  356.135909] 	X4: 000000000020	X5: fffff72b3070	X6: 000000000c6b	X7: 00000000000a
kern  :warn  : [  356.135911] 	X8: 000000000015	X9: aaaaaae0f1c0	X10: aaaaaae0f1c0	X11: 000000000000
kern  :warn  : [  356.135913] 	X12: 000000000000	X13: 000000004010	X14: 000000000000	X15: 000000000000
kern  :warn  : [  356.135915] 	X16: aaaaaabdfe40	X17: fffff772ce00	X18: 0000000372cf	X19: 0000fffffffe
kern  :warn  : [  356.135917] 	X20: 000000000014	X21: fffff7208000	X22: 000000000280	X23: fffff720d000
kern  :warn  : [  356.135918] 	X24: ffffffffe9a0	X25: aaaaaab8f000	X26: 000000000014	X27: aaaaaab8f000
kern  :warn  : [  356.135920] 	X28: aaaaaab8f000	X29: ffffffffe920	X30: aaaaaab1a5dc
kern  :info  : [  356.135921] rust_kjit: RRet at 0x190 to known target 0xaaaaaab1a5dc
kern  :info  : [  356.135922] rust_kjit: Regs: 
kern  :warn  : [  356.135923] 	X0: 000000000000	X1: 000000000002	X2: 000000000014	X3: ffffffffe908
kern  :warn  : [  356.135925] 	X4: 000000000020	X5: fffff72b3070	X6: 000000000c6b	X7: 00000000000a
kern  :warn  : [  356.135927] 	X8: 000000000015	X9: aaaaaae0f1c0	X10: aaaaaae0f1c0	X11: 000000000000
kern  :warn  : [  356.135929] 	X12: 000000000000	X13: 000000004010	X14: 000000000000	X15: 000000000000
kern  :warn  : [  356.135931] 	X16: aaaaaabdfe40	X17: fffff772ce00	X18: 0000000372cf	X19: 0000fffffffe
kern  :warn  : [  356.135933] 	X20: 000000000014	X21: fffff7208000	X22: 000000000280	X23: fffff720d000
kern  :warn  : [  356.135934] 	X24: ffffffffe9a0	X25: aaaaaab8f000	X26: 000000000014	X27: aaaaaab8f000
kern  :warn  : [  356.135936] 	X28: aaaaaab8f000	X29: ffffffffe920	X30: aaaaaab1a5dc
kern  :info  : [  356.135937] rust_kjit: RDebug at 0x260 to 0xaaaaaab1a588 at 0x1bc
kern  :info  : [  356.135939] rust_kjit: Regs: 
kern  :warn  : [  356.135939] 	X0: 000000000001	X1: 000000000002	X2: 000000000000	X3: 00000000000f
kern  :warn  : [  356.135941] 	X4: 000000000020	X5: fffff72b3070	X6: 000000000c6b	X7: 00000000000a
kern  :warn  : [  356.135959] 	X8: 000000000015	X9: aaaaaae0f1c0	X10: aaaaaae0f1c0	X11: 000000000000
kern  :warn  : [  356.135961] 	X12: 000000000000	X13: 000000004010	X14: 000000000000	X15: 000000000000
kern  :warn  : [  356.135963] 	X16: aaaaaabdfe40	X17: fffff772ce00	X18: 0000000372cf	X19: 0000fffffffe
kern  :warn  : [  356.135964] 	X20: 000000000014	X21: fffff7208000	X22: 000000000280	X23: fffff720d000
kern  :warn  : [  356.135966] 	X24: ffffffffe9a0	X25: aaaaaab8f000	X26: 000000000014	X27: aaaaaab8f000
kern  :warn  : [  356.135968] 	X28: aaaaaab8f000	X29: ffffffffe920	X30: aaaaaab1a5dc
kern  :info  : [  356.135969] rust_kjit: RDebug at 0x200, continue at 0x204
kern  :info  : [  356.135970] rust_kjit: Regs: 
kern  :warn  : [  356.135971] 	X0: fffff7ffdb50	X1: 000000000000	X2: 000000000000	X3: 00000000000f
kern  :warn  : [  356.135973] 	X4: 000000000020	X5: fffff72b3070	X6: 000000000c6b	X7: 00000000000a
kern  :warn  : [  356.135975] 	X8: 000000000015	X9: aaaaaae0f1c0	X10: aaaaaae0f1c0	X11: 000000000000
kern  :warn  : [  356.135977] 	X12: 000000000000	X13: 000000004010	X14: 000000000000	X15: 000000000000
kern  :warn  : [  356.135979] 	X16: aaaaaabdfe40	X17: fffff772ce00	X18: 0000000372cf	X19: 0000fffffffe
kern  :warn  : [  356.135980] 	X20: 000000000014	X21: fffff7208000	X22: 000000000280	X23: fffff720d000
kern  :warn  : [  356.135982] 	X24: ffffffffe9a0	X25: aaaaaab8f000	X26: 000000000014	X27: aaaaaab8f000
kern  :warn  : [  356.135984] 	X28: aaaaaab8f000	X29: ffffffffe920	X30: aaaaaab1a5dc
kern  :info  : [  356.135985] rust_kjit: RRet at 0x228 to known target 0xaaaaaab25930
kern  :info  : [  356.135986] rust_kjit: Regs: 
kern  :warn  : [  356.135987] 	X0: fffff7ffdb50	X1: 000000000000	X2: 000000000000	X3: 00000000000f
kern  :warn  : [  356.135988] 	X4: 000000000020	X5: fffff72b3070	X6: 000000000c6b	X7: 00000000000a
kern  :warn  : [  356.135990] 	X8: 000000000015	X9: aaaaaae0f1c0	X10: aaaaaae0f1c0	X11: 000000000000
kern  :warn  : [  356.135992] 	X12: 000000000000	X13: 000000004010	X14: 000000000000	X15: 000000000000
kern  :warn  : [  356.135994] 	X16: aaaaaabdfe40	X17: fffff772ce00	X18: 0000000372cf	X19: fffff72ce800
kern  :warn  : [  356.135996] 	X20: fffff7208000	X21: 000000000280	X22: 00000000001b	X23: aaaaaac002d0
kern  :warn  : [  356.135998] 	X24: ffffffffe9a0	X25: aaaaaab8f000	X26: 000000000014	X27: aaaaaab8f000
kern  :warn  : [  356.135999] 	X28: aaaaaab8f000	X29: ffffffffe9c0	X30: aaaaaab25930
kern  :info  : [  356.136000] rust_kjit: RBl at 0x78c to known target 0xaaaaaab1b170
kern  :info  : [  356.136002] rust_kjit: Regs: 
kern  :warn  : [  356.136002] 	X0: fffff7208000	X1: 000000000014	X2: 000000000002	X3: aaaaaab204f0
kern  :warn  : [  356.136004] 	X4: fffff72ce800	X5: fffff72b3070	X6: 000000000c6b	X7: 00000000000a
kern  :warn  : [  356.136006] 	X8: 000000000015	X9: aaaaaae0f1c0	X10: aaaaaae0f1c0	X11: 000000000000
kern  :warn  : [  356.136008] 	X12: 000000000000	X13: 000000004010	X14: 000000000000	X15: 000000000000
kern  :warn  : [  356.136010] 	X16: aaaaaabdfe40	X17: fffff772ce00	X18: 0000000372cf	X19: fffff72ce800
kern  :warn  : [  356.136011] 	X20: fffff7208000	X21: 000000000280	X22: 00000000001b	X23: aaaaaac002d0
kern  :warn  : [  356.136013] 	X24: ffffffffe9a0	X25: aaaaaab8f000	X26: 000000000014	X27: aaaaaab8f000
kern  :warn  : [  356.136017] 	X28: aaaaaab8f000	X29: ffffffffe9c0	X30: aaaaaab25950
kern  :info  : [  356.136020] rust_kjit: RDebug at 0xc58, continue at 0xc5c
kern  :info  : [  356.136023] rust_kjit: Regs: 
kern  :warn  : [  356.136024] 	X0: 000000000000	X1: fffff7ffdb50	X2: 000000000002	X3: aaaaaab204f0
kern  :warn  : [  356.136029] 	X4: fffff72ce800	X5: 000000002800	X6: 000000000c6b	X7: 00000000000a
kern  :warn  : [  356.136034] 	X8: 000000000015	X9: aaaaaae0f1c0	X10: aaaaaae0f1c0	X11: 000000000000
kern  :warn  : [  356.136039] 	X12: 000000000000	X13: 000000004010	X14: 000000000000	X15: 000000000000
kern  :warn  : [  356.136042] 	X16: aaaaaabdfe40	X17: fffff772ce00	X18: 0000000372cf	X19: 000000000014
kern  :warn  : [  356.136043] 	X20: fffff7208000	X21: 000000000280	X22: 00000000001b	X23: aaaaaac002d0
kern  :warn  : [  356.136045] 	X24: ffffffffe9a0	X25: aaaaaab8f000	X26: fffff7208000	X27: aaaaaab8f000
kern  :warn  : [  356.136047] 	X28: aaaaaab8f000	X29: ffffffffe910	X30: aaaaaab25950
kern  :info  : [  356.136048] rust_kjit: RDebug at 0xcc4 to 0xaaaaaab1b1f8 at 0xccc
kern  :info  : [  356.136050] rust_kjit: Regs: 
kern  :warn  : [  356.136050] 	X0: fffff7271000	X1: 000000000001	X2: 000000000002	X3: 000000000001
kern  :warn  : [  356.136052] 	X4: fffff72ce800	X5: 000000002800	X6: 000000000c6b	X7: 00000000000a
kern  :warn  : [  356.136054] 	X8: 000000000015	X9: aaaaaae0f1c0	X10: aaaaaae0f1c0	X11: 000000000000
kern  :warn  : [  356.136056] 	X12: 000000000000	X13: 000000004010	X14: 000000000000	X15: 000000000000
kern  :warn  : [  356.136058] 	X16: aaaaaabdfe40	X17: fffff772ce00	X18: 0000000372cf	X19: 000000000014
kern  :warn  : [  356.136059] 	X20: 000000000002	X21: 000000000280	X22: fffff720d000	X23: fffff72ce800
kern  :warn  : [  356.136061] 	X24: aaaaaab204f0	X25: fffff720d280	X26: fffff7208000	X27: aaaaaab8f000
kern  :warn  : [  356.136063] 	X28: aaaaaab8f000	X29: ffffffffe910	X30: aaaaaab25950
kern  :info  : [  356.136064] rust_kjit: RDebug at 0xcf4 to 0xaaaaaab1b284 at 0xe60
kern  :info  : [  356.136066] rust_kjit: Regs: 
kern  :warn  : [  356.136066] 	X0: fffff7271000	X1: 000000000001	X2: 000000000002	X3: 000000000001
kern  :warn  : [  356.136068] 	X4: fffff72ce800	X5: 000000002800	X6: 000000000c6b	X7: 00000000000a
kern  :warn  : [  356.136070] 	X8: 000000000015	X9: aaaaaae0f1c0	X10: aaaaaae0f1c0	X11: 000000000000
kern  :warn  : [  356.136072] 	X12: 000000000000	X13: 000000004010	X14: 000000000000	X15: 000000000000
kern  :warn  : [  356.136074] 	X16: aaaaaabdfe40	X17: fffff772ce00	X18: 0000000372cf	X19: 000000000014
kern  :warn  : [  356.136076] 	X20: 000000000002	X21: 000000000280	X22: fffff720d000	X23: fffff72ce800
kern  :warn  : [  356.136078] 	X24: aaaaaab204f0	X25: fffff720d280	X26: fffff7208000	X27: aaaaaab8f000
kern  :warn  : [  356.136079] 	X28: aaaaaab8f000	X29: ffffffffe910	X30: aaaaaab25950
kern  :info  : [  356.136080] rust_kjit: RDebug at 0xe8c to 0xaaaaaab1b1fc at 0xcf8
kern  :info  : [  356.136082] rust_kjit: Regs: 
kern  :warn  : [  356.136082] 	X0: fffff7271000	X1: 000000000001	X2: 000000000004	X3: 000000000001
kern  :warn  : [  356.136084] 	X4: fffff72ce800	X5: 000000002800	X6: 000000000c6b	X7: 00000000000a
kern  :warn  : [  356.136088] 	X8: 000000000015	X9: aaaaaae0f1c0	X10: aaaaaae0f1c0	X11: 000000000000
kern  :warn  : [  356.136093] 	X12: 000000000000	X13: 000000004010	X14: 000000000000	X15: 000000000000
kern  :warn  : [  356.136098] 	X16: aaaaaabdfe40	X17: fffff772ce00	X18: 0000000372cf	X19: 000000000014
kern  :warn  : [  356.136100] 	X20: 000000000002	X21: 000000000280	X22: fffff720d000	X23: fffff72ce800
kern  :warn  : [  356.136102] 	X24: aaaaaab204f0	X25: fffff720d280	X26: fffff7208000	X27: aaaaaab8f000
kern  :warn  : [  356.136103] 	X28: aaaaaab8f000	X29: ffffffffe910	X30: aaaaaab25950
kern  :info  : [  356.136104] rust_kjit: RBl at 0xd20 to known target 0xaaaaaab0e940
kern  :info  : [  356.136106] rust_kjit: Regs: 
kern  :warn  : [  356.136106] 	X0: 000000000003	X1: 000000000001	X2: 000000000014	X3: ffffffffe8f8
kern  :warn  : [  356.136109] 	X4: fffff72ce800	X5: 000000002800	X6: 000000000c6b	X7: 00000000000a
kern  :warn  : [  356.136110] 	X8: 000000000015	X9: aaaaaae0f1c0	X10: aaaaaae0f1c0	X11: 000000000000
kern  :warn  : [  356.136112] 	X12: 000000000000	X13: 000000004010	X14: 000000000000	X15: 000000000000
kern  :warn  : [  356.136114] 	X16: aaaaaabdfe40	X17: fffff772ce00	X18: 0000000372cf	X19: 000000000014
kern  :warn  : [  356.136119] 	X20: 000000000002	X21: 000000000280	X22: fffff720d000	X23: fffff72ce800
kern  :warn  : [  356.136122] 	X24: aaaaaab204f0	X25: fffff720d280	X26: fffff7208000	X27: aaaaaab8f000
kern  :warn  : [  356.136123] 	X28: aaaaaab8f000	X29: ffffffffe910	X30: aaaaaab1b210
kern  :info  : [  356.136125] rust_kjit: RBr at 0x1018 to known target 0xfffff772ce00
kern  :info  : [  356.136126] rust_kjit: Regs: 
kern  :warn  : [  356.136127] 	X0: 000000000003	X1: 000000000001	X2: 000000000014	X3: ffffffffe8f8
kern  :warn  : [  356.136131] 	X4: fffff72ce800	X5: 000000002800	X6: 000000000c6b	X7: 00000000000a
kern  :warn  : [  356.136134] 	X8: 000000000015	X9: aaaaaae0f1c0	X10: aaaaaae0f1c0	X11: 000000000000
kern  :warn  : [  356.136137] 	X12: 000000000000	X13: 000000004010	X14: 000000000000	X15: 000000000000
kern  :warn  : [  356.136140] 	X16: aaaaaabdfe40	X17: fffff772ce00	X18: 0000000372cf	X19: 000000000014
kern  :warn  : [  356.136143] 	X20: 000000000002	X21: 000000000280	X22: fffff720d000	X23: fffff72ce800
kern  :warn  : [  356.136146] 	X24: aaaaaab204f0	X25: fffff720d280	X26: fffff7208000	X27: aaaaaab8f000
kern  :warn  : [  356.136147] 	X28: aaaaaab8f000	X29: ffffffffe910	X30: aaaaaab1b210
kern  :info  : [  356.136148] rust_kjit: RSvc at 0x1030
kern  :info  : [  356.136150] rust_kjit: Leaving with cnt 40, svc_loop_cnt 13
kern  :info  : [  356.136151] rust_kjit: Regs: 
kern  :warn  : [  356.136151] 	X0: 000000000000	X1: 000000000001	X2: 000000000014	X3: ffffffffe8f8
kern  :warn  : [  356.136153] 	X4: fffff72ce800	X5: 000000002800	X6: 000000000c6b	X7: 00000000000a
kern  :warn  : [  356.136155] 	X8: 000000000015	X9: aaaaaae0f1c0	X10: aaaaaae0f1c0	X11: 000000000000
kern  :warn  : [  356.136157] 	X12: 000000000000	X13: 000000004010	X14: 000000000000	X15: 000000000000
kern  :warn  : [  356.136159] 	X16: aaaaaabdfe40	X17: fffff772ce00	X18: 0000000372cf	X19: 000000000014
kern  :warn  : [  356.136161] 	X20: 000000000002	X21: 000000000280	X22: fffff720d000	X23: fffff72ce800
kern  :warn  : [  356.136162] 	X24: aaaaaab204f0	X25: fffff720d280	X26: fffff7208000	X27: aaaaaab8f000
