[    0.000000] Booting Linux on physical CPU 0x0000000000 [0x610f0000]
[    0.000000] Linux version 7.1.0-rc1+ (@kjit-dev-container) (Ubuntu clang version 18.1.3 (1ubuntu1), Ubuntu LLD 18.1.3) #2 SMP PREEMPT Sat Oct 10 02:33:24 UTC 2026
[    0.000000] random: crng init done
[    0.000000] Machine model: linux,dummy-virt
[    0.000000] OF: reserved mem: Reserved memory: No reserved-memory node in the DT
[    0.000000] psci: probing for conduit method from DT.
[    0.000000] psci: PSCIv1.1 detected in firmware.
[    0.000000] psci: Using standard PSCI v0.2 function IDs
[    0.000000] psci: Trusted OS migration not required
[    0.000000] psci: SMC Calling Convention v1.0
[    0.000000] Zone ranges:
[    0.000000]   Normal   [mem 0x0000000040000000-0x000000013fffffff]
[    0.000000] Movable zone start for each node
[    0.000000] Early memory node ranges
[    0.000000]   node   0: [mem 0x0000000040000000-0x000000013fffffff]
[    0.000000] Initmem setup node 0 [mem 0x0000000040000000-0x000000013fffffff]
[    0.000000] percpu: Embedded 19 pages/cpu s38488 r8192 d31144 u77824
[    0.000000] Detected PIPT I-cache on CPU0
[    0.000000] CPU features: detected: Address authentication (IMP DEF algorithm)
[    0.000000] CPU features: detected: Spectre-v4
[    0.000000] CPU features: detected: Spectre-BHB
[    0.000000] alternatives: applying boot alternatives
[    0.000000] Kernel command line: console=ttyAMA0 panic=-1 nokaslr
[    0.000000] Unknown kernel command line parameters "nokaslr", will be passed to user space.
[    0.000000] printk: log buffer data + meta data: 131072 + 458752 = 589824 bytes
[    0.000000] Dentry cache hash table entries: 524288 (order: 10, 4194304 bytes, linear)
[    0.000000] Inode-cache hash table entries: 262144 (order: 9, 2097152 bytes, linear)
[    0.000000] software IO TLB: SWIOTLB bounce buffer size adjusted to 4MB
[    0.000000] software IO TLB: area num 4.
[    0.000000] software IO TLB: mapped [mem 0x000000013ac00000-0x000000013b000000] (4MB)
[    0.000000] Built 1 zonelists, mobility grouping on.  Total pages: 1048576
[    0.000000] mem auto-init: stack:all(zero), heap alloc:off, heap free:off
[    0.000000] SLUB: HWalign=64, Order=0-3, MinObjects=0, CPUs=4, Nodes=1
[    0.000000] rcu: Preemptible hierarchical RCU implementation.
[    0.000000] rcu: 	RCU restricting CPUs from NR_CPUS=512 to nr_cpu_ids=4.
[    0.000000] rcu: RCU calculated value of scheduler-enlistment delay is 25 jiffies.
[    0.000000] rcu: Adjusting geometry for rcu_fanout_leaf=16, nr_cpu_ids=4
[    0.000000] NR_IRQS: 64, nr_irqs: 64, preallocated irqs: 0
[    0.000000] Root IRQ handler: gic_handle_irq
[    0.000000] GICv2m: range[mem 0x08020000-0x08020fff], SPI[80:143]
[    0.000000] rcu: srcu_init: Setting srcu_struct sizes based on contention.
[    0.000000] arch_timer: cp15 timer running at 24.00MHz (virt).
[    0.000000] clocksource: arch_sys_counter: mask: 0xffffffffffffff max_cycles: 0x588fe9dc0, max_idle_ns: 440795202592 ns
[    0.000000] sched_clock: 56 bits at 24MHz, resolution 41ns, wraps every 4398046511097ns
[    0.000098] Console: colour dummy device 80x25
[    0.000105] Calibrating delay loop (skipped), value calculated using timer frequency.. 48.00 BogoMIPS (lpj=96000)
[    0.000108] pid_max: default: 32768 minimum: 301
[    0.000230] Mount-cache hash table entries: 8192 (order: 4, 65536 bytes, linear)
[    0.000238] Mountpoint-cache hash table entries: 8192 (order: 4, 65536 bytes, linear)
[    0.000310] VFS: Finished mounting rootfs on nullfs
[    0.000457] cacheinfo: Unable to detect cache hierarchy for CPU 0
[    0.000562] rcu: Hierarchical SRCU implementation.
[    0.000563] rcu: 	Max phase no-delay instances is 1000.
[    0.000581] Timer migration: 1 hierarchy levels; 8 children per group; 1 crossnode level
[    0.000616] smp: Bringing up secondary CPUs ...
[    0.000803] Detected PIPT I-cache on CPU1
[    0.000903] CPU1: Booted secondary processor 0x0000000001 [0x610f0000]
[    0.001176] Detected PIPT I-cache on CPU2
[    0.001273] CPU2: Booted secondary processor 0x0000000002 [0x610f0000]
[    0.001511] Detected PIPT I-cache on CPU3
[    0.001620] CPU3: Booted secondary processor 0x0000000003 [0x610f0000]
[    0.001711] smp: Brought up 1 node, 4 CPUs
[    0.001712] SMP: Total of 4 processors activated.
[    0.001712] CPU: All CPU(s) started at EL1
[    0.001713] CPU features: detected: ARMv8.4 Translation Table Level
[    0.001714] CPU features: detected: Data cache clean to the PoU not required for I/D coherence
[    0.001714] CPU features: detected: CRC32 instructions
[    0.001714] CPU features: detected: Data independent timing control (DIT)
[    0.001715] CPU features: detected: E0PD
[    0.001715] CPU features: detected: Generic authentication (IMP DEF algorithm)
[    0.001716] CPU features: detected: RCpc load-acquire (LDAPR)
[    0.001716] CPU features: detected: LSE atomic instructions
[    0.001717] CPU features: detected: Privileged Access Never
[    0.001717] CPU features: detected: Speculation barrier (SB)
[    0.001717] CPU features: detected: TLB range maintenance instructions
[    0.001718] CPU features: detected: XNX
[    0.001806] alternatives: applying system-wide alternatives
[    0.002826] Memory: 3909756K/4194304K available (5248K kernel code, 754K rwdata, 2356K rodata, 576K init, 405K bss, 281368K reserved, 0K cma-reserved)
[    0.003118] devtmpfs: initialized
[    0.003338] clocksource: jiffies: mask: 0xffffffff max_cycles: 0xffffffff, max_idle_ns: 7645041785100000 ns
[    0.003341] posixtimers hash table entries: 2048 (order: 3, 32768 bytes, linear)
[    0.003357] futex hash table entries: 1024 (65536 bytes on 1 NUMA nodes, total 64 KiB, linear).
[    0.003363] 30384 pages in range for non-PLT usage
[    0.003363] 521904 pages in range for PLT usage
[    0.003417] NET: Registered PF_NETLINK/PF_ROUTE protocol family
[    0.003734] DMA: preallocated 512 KiB GFP_KERNEL pool for atomic allocations
[    0.003767] ASID allocator initialised with 256 entries
[    0.003775] Serial: AMBA PL011 UART driver
[    0.004211] 9000000.pl011: ttyAMA0 at MMIO 0x9000000 (irq = 13, base_baud = 0) is a PL011 rev1
[    0.004328] printk: console [ttyAMA0] enabled
[    0.010141] vgaarb: loaded
[    0.010336] clocksource: Switched to clocksource arch_sys_counter
[    0.013985] NET: Registered PF_INET protocol family
[    0.014075] IP idents hash table entries: 65536 (order: 7, 524288 bytes, linear)
[    0.014568] tcp_listen_portaddr_hash hash table entries: 2048 (order: 3, 32768 bytes, linear)
[    0.014576] Table-perturb hash table entries: 65536 (order: 6, 262144 bytes, linear)
[    0.014580] TCP established hash table entries: 32768 (order: 6, 262144 bytes, linear)
[    0.014641] TCP bind hash table entries: 32768 (order: 8, 1048576 bytes, linear)
[    0.014824] TCP: Hash tables configured (established 32768 bind 32768)
[    0.014849] UDP hash table entries: 2048 (order: 5, 131072 bytes, linear)
[    0.014879] NET: Registered PF_UNIX/PF_LOCAL protocol family
[    0.014883] PCI: CLS 0 bytes, default 64
[    0.014967] Unpacking initramfs...
[    0.019287] workingset: timestamp_bits=46 (anon: 42) max_order=20 bucket_order=0 (anon: 0)
[    0.022581] 9p: Installing v9fs 9p2000 file system support
[    0.026729] pci-host-generic 4010000000.pcie: host bridge /pcie@10000000 ranges:
[    0.026736] pci-host-generic 4010000000.pcie:       IO 0x003eff0000..0x003effffff -> 0x0000000000
[    0.026739] pci-host-generic 4010000000.pcie:      MEM 0x0010000000..0x003efeffff -> 0x0010000000
[    0.026740] pci-host-generic 4010000000.pcie:      MEM 0x8000000000..0xffffffffff -> 0x8000000000
[    0.026751] pci-host-generic 4010000000.pcie: Memory resource size exceeds max for 32 bits
[    0.026763] pci-host-generic 4010000000.pcie: ECAM at [mem 0x4010000000-0x401fffffff] for [bus 00-ff]
[    0.026777] pci-host-generic 4010000000.pcie: PCI host bridge to bus 0000:00
[    0.026778] pci_bus 0000:00: root bus resource [bus 00-ff]
[    0.026779] pci_bus 0000:00: root bus resource [io  0x0000-0xffff]
[    0.026779] pci_bus 0000:00: root bus resource [mem 0x10000000-0x3efeffff]
[    0.026780] pci_bus 0000:00: root bus resource [mem 0x8000000000-0xffffffffff]
[    0.026842] pci 0000:00:00.0: [1b36:0008] type 00 class 0x060000 conventional PCI endpoint
[    0.027124] pci 0000:00:01.0: [1af4:1000] type 00 class 0x020000 conventional PCI endpoint
[    0.027456] pci 0000:00:01.0: BAR 0 [io  0x0000-0x001f]
[    0.027461] pci 0000:00:01.0: BAR 1 [mem 0x00000000-0x00000fff]
[    0.027512] pci 0000:00:01.0: BAR 4 [mem 0x00000000-0x00003fff 64bit pref]
[    0.027515] pci 0000:00:01.0: ROM [mem 0x00000000-0x0003ffff pref]
[    0.028010] pci 0000:00:02.0: [1af4:1009] type 00 class 0x000200 conventional PCI endpoint
[    0.028156] pci 0000:00:02.0: BAR 0 [io  0x0000-0x003f]
[    0.028158] pci 0000:00:02.0: BAR 1 [mem 0x00000000-0x00000fff]
[    0.028171] pci 0000:00:02.0: BAR 4 [mem 0x00000000-0x00003fff 64bit pref]
[    0.028573] pci 0000:00:03.0: [1af4:1005] type 00 class 0x00ff00 conventional PCI endpoint
[    0.028676] pci 0000:00:03.0: BAR 0 [io  0x0000-0x001f]
[    0.028679] pci 0000:00:03.0: BAR 1 [mem 0x00000000-0x00000fff]
[    0.028684] pci 0000:00:03.0: BAR 4 [mem 0x00000000-0x00003fff 64bit pref]
[    0.029079] pci 0000:00:01.0: ROM [mem 0x10000000-0x1003ffff pref]: assigned
[    0.029082] pci 0000:00:01.0: BAR 4 [mem 0x8000000000-0x8000003fff 64bit pref]: assigned
[    0.029096] pci 0000:00:02.0: BAR 4 [mem 0x8000004000-0x8000007fff 64bit pref]: assigned
[    0.029123] pci 0000:00:03.0: BAR 4 [mem 0x8000008000-0x800000bfff 64bit pref]: assigned
[    0.029152] pci 0000:00:01.0: BAR 1 [mem 0x10040000-0x10040fff]: assigned
[    0.029175] pci 0000:00:02.0: BAR 1 [mem 0x10041000-0x10041fff]: assigned
[    0.029197] pci 0000:00:03.0: BAR 1 [mem 0x10042000-0x10042fff]: assigned
[    0.029214] pci 0000:00:02.0: BAR 0 [io  0x1000-0x103f]: assigned
[    0.029218] pci 0000:00:01.0: BAR 0 [io  0x1040-0x105f]: assigned
[    0.029221] pci 0000:00:03.0: BAR 0 [io  0x1060-0x107f]: assigned
[    0.029225] pci_bus 0000:00: resource 4 [io  0x0000-0xffff]
[    0.029226] pci_bus 0000:00: resource 5 [mem 0x10000000-0x3efeffff]
[    0.029227] pci_bus 0000:00: resource 6 [mem 0x8000000000-0xffffffffff]
[    0.030372] virtio-pci 0000:00:01.0: enabling device (0000 -> 0003)
[    0.031236] virtio-pci 0000:00:02.0: enabling device (0000 -> 0003)
[    0.032008] virtio-pci 0000:00:03.0: enabling device (0000 -> 0003)
[    0.061335] rtc-pl031 9010000.pl031: registered as rtc0
[    0.061386] rtc-pl031 9010000.pl031: setting system clock to 2026-10-10T02:36:52 UTC (1791599812)
[    0.061481] NET: Registered PF_INET6 protocol family
[    0.061906] Segment Routing with IPv6
[    0.061909] In-situ OAM (IOAM) with IPv6
[    0.061916] sit: IPv6, IPv4 and MPLS over IPv4 tunneling driver
[    0.062108] NET: Registered PF_PACKET protocol family
[    0.062114] 9pnet: Installing 9P2000 support
[    0.066963] clk: Disabling unused clocks
[    0.115001] Freeing initrd memory: 186348K
[    0.115426] Freeing unused kernel memory: 576K
[    0.115472] Run /init as init process
[    0.130175] kjit: loading out-of-tree module taints kernel.
[    0.131328] rust_kjit: ######## Rust KJIT inits ########
[    0.131386] rust_kjit: golden tests/arm64/toy_cfg.s:hot_svc_mark PASS: 844 fragment bytes match harness
kjit-init: insmod kjit.ko ok
[    0.152118] kjit: translate_svc_sites pid 70: 2 text ranges, 111 svc sites
[    0.211389] kjit: translate_svc_sites pid 72: 2 text ranges, 111 svc sites
k2:   toy_loop: in_kernel=199951 entries=199988 exit_mem=0 exit_budget=0 exit_unsupported=0 fpsimd_entries=0 fpsimd_preempted=0 fpsimd_exit_mem=0
k2:   toy_loop: 199951 of 200000 syscalls in kernel (99.98%)
[    0.257517] kjit: translate_svc_sites pid 79: 2 text ranges, 113 svc sites
[    0.300040] kjit: translate_svc_sites pid 80: 2 text ranges, 113 svc sites
k2:   mem_loop: in_kernel=40000 entries=60036 exit_mem=0 exit_budget=0 exit_unsupported=19999 fpsimd_entries=0 fpsimd_preempted=0 fpsimd_exit_mem=0
[    0.342463] kjit: translate_svc_sites pid 88: 2 text ranges, 110 svc sites
[    0.376000] kjit: translate_svc_sites pid 89: 2 text ranges, 110 svc sites
[    0.411746] kjit: translate_svc_sites pid 99: 2 text ranges, 110 svc sites
[    0.443416] kjit: translate_svc_sites pid 100: 2 text ranges, 110 svc sites
[    0.487881] kjit: translate_svc_sites pid 110: 2 text ranges, 110 svc sites
[    0.527837] kjit: translate_svc_sites pid 111: 2 text ranges, 110 svc sites
[    0.565782] kjit: translate_svc_sites pid 121: 2 text ranges, 114 svc sites
[    0.585822] kjit: translate_svc_sites pid 122: 2 text ranges, 114 svc sites
[    0.646574] kjit: translate_svc_sites pid 125: 2 text ranges, 114 svc sites
[    0.665077] kjit: translate_svc_sites pid 126: 2 text ranges, 114 svc sites
[    0.720476] kjit: translate_svc_sites pid 134: 2 text ranges, 110 svc sites
[    0.760375] kjit: translate_svc_sites pid 135: 2 text ranges, 110 svc sites
k2:   tight_loop: in_kernel=0 entries=2036 exit_mem=0 exit_budget=2000 exit_unsupported=0 fpsimd_entries=0 fpsimd_preempted=0 fpsimd_exit_mem=0
[    0.818785] kjit: translate_svc_sites pid 140: 2 text ranges, 110 svc sites
[    0.818908] rust_kjit: kjit: pc 0x400be8: installed 532 bytes, 0 fault sites, 2 entries, text 0x400be8..0x400bf0, fpsimd false
[    0.819049] rust_kjit: kjit: pc 0x400bcc: installed 1104 bytes, 1 fault sites, 11 entries, text 0x400bbc..0x400be8, fpsimd false
[    0.860127] kjit: translate_svc_sites pid 141: 2 text ranges, 110 svc sites
[    0.860673] rust_kjit: kjit: pc 0x400be8: installed 532 bytes, 0 fault sites, 2 entries, text 0x400be8..0x400bf0, fpsimd false
[    0.861315] rust_kjit: kjit: pc 0x400bcc: installed 1104 bytes, 1 fault sites, 11 entries, text 0x400bbc..0x400be8, fpsimd false
k2:   call_loop: in_kernel=0 entries=2046 exit_mem=0 exit_budget=2000 exit_unsupported=0 fpsimd_entries=0 fpsimd_preempted=0 fpsimd_exit_mem=0
k2:   call_loop: exit_budget=2000 run_declined=0 outer=2000
[    0.931360] kjit: translate_svc_sites pid 148: 3 text ranges, 110 svc sites
[    0.931776] rust_kjit: kjit: pc 0x1000000: installed 532 bytes, 0 fault sites, 2 entries, text 0x1000000..0x1000008, fpsimd false
[    0.932282] rust_kjit: kjit: pc 0x1400000: installed 532 bytes, 0 fault sites, 2 entries, text 0x1400000..0x1400008, fpsimd false
[    0.932787] rust_kjit: kjit: pc 0x1800000: installed 532 bytes, 0 fault sites, 2 entries, text 0x1800000..0x1800008, fpsimd false
[    0.934222] rust_kjit: kjit: pc 0xc00034: installed 1108 bytes, 1 fault sites, 15 entries, text 0xc00024..0xc00060, fpsimd false
[    1.001993] kjit: translate_svc_sites pid 149: 3 text ranges, 110 svc sites
[    1.002156] rust_kjit: kjit: pc 0x1000000: installed 532 bytes, 0 fault sites, 2 entries, text 0x1000000..0x1000008, fpsimd false
[    1.002845] rust_kjit: kjit: pc 0x1400000: installed 532 bytes, 0 fault sites, 2 entries, text 0x1400000..0x1400008, fpsimd false
[    1.003433] rust_kjit: kjit: pc 0x1800000: installed 532 bytes, 0 fault sites, 2 entries, text 0x1800000..0x1800008, fpsimd false
[    1.004022] rust_kjit: kjit: pc 0xc00034: installed 1108 bytes, 1 fault sites, 15 entries, text 0xc00024..0xc00060, fpsimd false
k2:   alias_loop: in_kernel=0 entries=2048060 exit_mem=0 exit_budget=0 exit_unsupported=0 fpsimd_entries=0 fpsimd_preempted=0 fpsimd_exit_mem=0
k2:   alias_loop: chain_cap=2000 run_declined=0 chain_max=1024 chain_budget=1024 ibtc_replace=8183990
[    1.177364] kjit: translate_svc_sites pid 158: 3 text ranges, 164 svc sites
[    1.178220] rust_kjit: kjit: pc 0x400f90: installed 1024 bytes, 0 fault sites, 11 entries, text 0x400f80..0x400fac, fpsimd false
[    1.179054] rust_kjit: kjit: pc 0xffffb298a000: installed 532 bytes, 0 fault sites, 2 entries, text 0xffffb298a000..0xffffb298a008, fpsimd false
[    1.182547] rust_kjit: kjit: pc 0xffffb298a000: installed 532 bytes, 0 fault sites, 2 entries, text 0xffffb298a000..0xffffb298a008, fpsimd false
[    1.183589] rust_kjit: kjit: pc 0xffffb298a000: installed 532 bytes, 0 fault sites, 2 entries, text 0xffffb298a000..0xffffb298a008, fpsimd false
[    1.184739] rust_kjit: kjit: pc 0xffffb298a000: installed 532 bytes, 0 fault sites, 2 entries, text 0xffffb298a000..0xffffb298a008, fpsimd false
[    1.185909] rust_kjit: kjit: pc 0xffffb298a000: installed 532 bytes, 0 fault sites, 2 entries, text 0xffffb298a000..0xffffb298a008, fpsimd false
[    1.187097] rust_kjit: kjit: pc 0xffffb298a000: installed 532 bytes, 0 fault sites, 2 entries, text 0xffffb298a000..0xffffb298a008, fpsimd false
[    1.188193] rust_kjit: kjit: pc 0xffffb298a000: installed 532 bytes, 0 fault sites, 2 entries, text 0xffffb298a000..0xffffb298a008, fpsimd false
[    1.189263] rust_kjit: kjit: pc 0xffffb298a000: installed 532 bytes, 0 fault sites, 2 entries, text 0xffffb298a000..0xffffb298a008, fpsimd false
[    1.190458] rust_kjit: kjit: pc 0xffffb298a000: installed 532 bytes, 0 fault sites, 2 entries, text 0xffffb298a000..0xffffb298a008, fpsimd false
[    1.191512] rust_kjit: kjit: pc 0xffffb298a000: installed 532 bytes, 0 fault sites, 2 entries, text 0xffffb298a000..0xffffb298a008, fpsimd false
[    1.192632] rust_kjit: kjit: pc 0xffffb298a000: installed 532 bytes, 0 fault sites, 2 entries, text 0xffffb298a000..0xffffb298a008, fpsimd false
[    1.193752] rust_kjit: kjit: pc 0xffffb298a000: installed 532 bytes, 0 fault sites, 2 entries, text 0xffffb298a000..0xffffb298a008, fpsimd false
[    1.194883] rust_kjit: kjit: pc 0xffffb298a000: installed 532 bytes, 0 fault sites, 2 entries, text 0xffffb298a000..0xffffb298a008, fpsimd false
[    1.196041] rust_kjit: kjit: pc 0xffffb298a000: installed 532 bytes, 0 fault sites, 2 entries, text 0xffffb298a000..0xffffb298a008, fpsimd false
[    1.197151] rust_kjit: kjit: pc 0xffffb298a000: installed 532 bytes, 0 fault sites, 2 entries, text 0xffffb298a000..0xffffb298a008, fpsimd false
[    1.198262] rust_kjit: kjit: pc 0xffffb298a000: installed 532 bytes, 0 fault sites, 2 entries, text 0xffffb298a000..0xffffb298a008, fpsimd false
[    1.199479] rust_kjit: kjit: pc 0xffffb298a000: installed 532 bytes, 0 fault sites, 2 entries, text 0xffffb298a000..0xffffb298a008, fpsimd false
[    1.200596] rust_kjit: kjit: pc 0xffffb298a000: installed 532 bytes, 0 fault sites, 2 entries, text 0xffffb298a000..0xffffb298a008, fpsimd false
[    1.201667] rust_kjit: kjit: pc 0xffffb298a000: installed 532 bytes, 0 fault sites, 2 entries, text 0xffffb298a000..0xffffb298a008, fpsimd false
[    1.202822] rust_kjit: kjit: pc 0xffffb298a000: installed 532 bytes, 0 fault sites, 2 entries, text 0xffffb298a000..0xffffb298a008, fpsimd false
[    1.203889] rust_kjit: kjit: pc 0xffffb298a000: installed 532 bytes, 0 fault sites, 2 entries, text 0xffffb298a000..0xffffb298a008, fpsimd false
[    1.205012] rust_kjit: kjit: pc 0xffffb298a000: installed 532 bytes, 0 fault sites, 2 entries, text 0xffffb298a000..0xffffb298a008, fpsimd false
[    1.206239] rust_kjit: kjit: pc 0xffffb298a000: installed 532 bytes, 0 fault sites, 2 entries, text 0xffffb298a000..0xffffb298a008, fpsimd false
[    1.211038] rust_kjit: kjit: pc 0xffffb298a000: installed 532 bytes, 0 fault sites, 2 entries, text 0xffffb298a000..0xffffb298a008, fpsimd false
[    1.212187] rust_kjit: kjit: pc 0xffffb298a000: installed 532 bytes, 0 fault sites, 2 entries, text 0xffffb298a000..0xffffb298a008, fpsimd false
[    1.213338] rust_kjit: kjit: pc 0xffffb298a000: installed 532 bytes, 0 fault sites, 2 entries, text 0xffffb298a000..0xffffb298a008, fpsimd false
[    1.214532] rust_kjit: kjit: pc 0xffffb298a000: installed 532 bytes, 0 fault sites, 2 entries, text 0xffffb298a000..0xffffb298a008, fpsimd false
[    1.215581] rust_kjit: kjit: pc 0xffffb298a000: installed 532 bytes, 0 fault sites, 2 entries, text 0xffffb298a000..0xffffb298a008, fpsimd false
[    1.216641] rust_kjit: kjit: pc 0xffffb298a000: installed 532 bytes, 0 fault sites, 2 entries, text 0xffffb298a000..0xffffb298a008, fpsimd false
[    1.217776] rust_kjit: kjit: pc 0xffffb298a000: installed 532 bytes, 0 fault sites, 2 entries, text 0xffffb298a000..0xffffb298a008, fpsimd false
[    1.218897] rust_kjit: kjit: pc 0xffffb298a000: installed 532 bytes, 0 fault sites, 2 entries, text 0xffffb298a000..0xffffb298a008, fpsimd false
[    1.220105] rust_kjit: kjit: pc 0xffffb298a000: installed 532 bytes, 0 fault sites, 2 entries, text 0xffffb298a000..0xffffb298a008, fpsimd false
[    1.221193] rust_kjit: kjit: pc 0xffffb298a000: installed 532 bytes, 0 fault sites, 2 entries, text 0xffffb298a000..0xffffb298a008, fpsimd false
[    1.222262] rust_kjit: kjit: pc 0xffffb298a000: installed 532 bytes, 0 fault sites, 2 entries, text 0xffffb298a000..0xffffb298a008, fpsimd false
[    1.223464] rust_kjit: kjit: pc 0xffffb298a000: installed 532 bytes, 0 fault sites, 2 entries, text 0xffffb298a000..0xffffb298a008, fpsimd false
[    1.224483] rust_kjit: kjit: pc 0xffffb298a000: installed 532 bytes, 0 fault sites, 2 entries, text 0xffffb298a000..0xffffb298a008, fpsimd false
[    1.225623] rust_kjit: kjit: pc 0xffffb298a000: installed 532 bytes, 0 fault sites, 2 entries, text 0xffffb298a000..0xffffb298a008, fpsimd false
[    1.226836] rust_kjit: kjit: pc 0xffffb298a000: installed 532 bytes, 0 fault sites, 2 entries, text 0xffffb298a000..0xffffb298a008, fpsimd false
[    1.227877] rust_kjit: kjit: pc 0xffffb298a000: installed 532 bytes, 0 fault sites, 2 entries, text 0xffffb298a000..0xffffb298a008, fpsimd false
[    1.229037] rust_kjit: kjit: pc 0xffffb298a000: installed 532 bytes, 0 fault sites, 2 entries, text 0xffffb298a000..0xffffb298a008, fpsimd false
[    1.230191] rust_kjit: kjit: pc 0xffffb298a000: installed 532 bytes, 0 fault sites, 2 entries, text 0xffffb298a000..0xffffb298a008, fpsimd false
[    1.231330] rust_kjit: kjit: pc 0xffffb298a000: installed 532 bytes, 0 fault sites, 2 entries, text 0xffffb298a000..0xffffb298a008, fpsimd false
[    1.232390] rust_kjit: kjit: pc 0xffffb298a000: installed 532 bytes, 0 fault sites, 2 entries, text 0xffffb298a000..0xffffb298a008, fpsimd false
[    1.233590] rust_kjit: kjit: pc 0xffffb298a000: installed 532 bytes, 0 fault sites, 2 entries, text 0xffffb298a000..0xffffb298a008, fpsimd false
[    1.234637] rust_kjit: kjit: pc 0xffffb298a000: installed 532 bytes, 0 fault sites, 2 entries, text 0xffffb298a000..0xffffb298a008, fpsimd false
[    1.235677] rust_kjit: kjit: pc 0xffffb298a000: installed 532 bytes, 0 fault sites, 2 entries, text 0xffffb298a000..0xffffb298a008, fpsimd false
[    1.236855] rust_kjit: kjit: pc 0xffffb298a000: installed 532 bytes, 0 fault sites, 2 entries, text 0xffffb298a000..0xffffb298a008, fpsimd false
[    1.237976] rust_kjit: kjit: pc 0xffffb298a000: installed 532 bytes, 0 fault sites, 2 entries, text 0xffffb298a000..0xffffb298a008, fpsimd false
[    1.239054] rust_kjit: kjit: pc 0xffffb298a000: installed 532 bytes, 0 fault sites, 2 entries, text 0xffffb298a000..0xffffb298a008, fpsimd false
[    1.240195] rust_kjit: kjit: pc 0xffffb298a000: installed 532 bytes, 0 fault sites, 2 entries, text 0xffffb298a000..0xffffb298a008, fpsimd false
[    1.241249] rust_kjit: kjit: pc 0xffffb298a000: installed 532 bytes, 0 fault sites, 2 entries, text 0xffffb298a000..0xffffb298a008, fpsimd false
[    1.242426] rust_kjit: kjit: pc 0xffffb298a000: installed 532 bytes, 0 fault sites, 2 entries, text 0xffffb298a000..0xffffb298a008, fpsimd false
[    1.243586] rust_kjit: kjit: pc 0xffffb298a000: installed 532 bytes, 0 fault sites, 2 entries, text 0xffffb298a000..0xffffb298a008, fpsimd false
[    1.244657] rust_kjit: kjit: pc 0xffffb298a000: installed 532 bytes, 0 fault sites, 2 entries, text 0xffffb298a000..0xffffb298a008, fpsimd false
[    1.245787] rust_kjit: kjit: pc 0xffffb298a000: installed 532 bytes, 0 fault sites, 2 entries, text 0xffffb298a000..0xffffb298a008, fpsimd false
[    1.246971] rust_kjit: kjit: pc 0xffffb298a000: installed 532 bytes, 0 fault sites, 2 entries, text 0xffffb298a000..0xffffb298a008, fpsimd false
[    1.248056] rust_kjit: kjit: pc 0xffffb298a000: installed 532 bytes, 0 fault sites, 2 entries, text 0xffffb298a000..0xffffb298a008, fpsimd false
[    1.249134] rust_kjit: kjit: pc 0xffffb298a000: installed 532 bytes, 0 fault sites, 2 entries, text 0xffffb298a000..0xffffb298a008, fpsimd false
[    1.250300] rust_kjit: kjit: pc 0xffffb298a000: installed 532 bytes, 0 fault sites, 2 entries, text 0xffffb298a000..0xffffb298a008, fpsimd false
[    1.251443] rust_kjit: kjit: pc 0xffffb298a000: installed 532 bytes, 0 fault sites, 2 entries, text 0xffffb298a000..0xffffb298a008, fpsimd false
[    1.252597] rust_kjit: kjit: pc 0xffffb298a000: installed 532 bytes, 0 fault sites, 2 entries, text 0xffffb298a000..0xffffb298a008, fpsimd false
[    1.253825] rust_kjit: kjit: pc 0xffffb298a000: installed 532 bytes, 0 fault sites, 2 entries, text 0xffffb298a000..0xffffb298a008, fpsimd false
[    1.254991] rust_kjit: kjit: pc 0xffffb298a000: installed 532 bytes, 0 fault sites, 2 entries, text 0xffffb298a000..0xffffb298a008, fpsimd false
[    1.256083] rust_kjit: kjit: pc 0xffffb298a000: installed 532 bytes, 0 fault sites, 2 entries, text 0xffffb298a000..0xffffb298a008, fpsimd false
[    1.257264] rust_kjit: kjit: pc 0xffffb298a000: installed 532 bytes, 0 fault sites, 2 entries, text 0xffffb298a000..0xffffb298a008, fpsimd false
[    1.258327] rust_kjit: kjit: pc 0xffffb298a000: installed 532 bytes, 0 fault sites, 2 entries, text 0xffffb298a000..0xffffb298a008, fpsimd false
[    1.260245] rust_kjit: kjit: pc 0xffffb298a000: installed 532 bytes, 0 fault sites, 2 entries, text 0xffffb298a000..0xffffb298a008, fpsimd false
[    1.261439] rust_kjit: kjit: pc 0xffffb298a000: installed 532 bytes, 0 fault sites, 2 entries, text 0xffffb298a000..0xffffb298a008, fpsimd false
[    1.263182] rust_kjit: kjit: pc 0xffffb298a000: installed 532 bytes, 0 fault sites, 2 entries, text 0xffffb298a000..0xffffb298a008, fpsimd false
[    1.264232] rust_kjit: kjit: pc 0xffffb298a000: installed 532 bytes, 0 fault sites, 2 entries, text 0xffffb298a000..0xffffb298a008, fpsimd false
[    1.265774] rust_kjit: kjit: pc 0xffffb298a000: installed 532 bytes, 0 fault sites, 2 entries, text 0xffffb298a000..0xffffb298a008, fpsimd false
[    1.266906] rust_kjit: kjit: pc 0xffffb298a000: installed 532 bytes, 0 fault sites, 2 entries, text 0xffffb298a000..0xffffb298a008, fpsimd false
[    1.268463] rust_kjit: kjit: pc 0xffffb298a000: installed 532 bytes, 0 fault sites, 2 entries, text 0xffffb298a000..0xffffb298a008, fpsimd false
[    1.269590] rust_kjit: kjit: pc 0xffffb298a000: installed 532 bytes, 0 fault sites, 2 entries, text 0xffffb298a000..0xffffb298a008, fpsimd false
[    1.271242] rust_kjit: kjit: pc 0xffffb298a000: installed 532 bytes, 0 fault sites, 2 entries, text 0xffffb298a000..0xffffb298a008, fpsimd false
[    1.272283] rust_kjit: kjit: pc 0xffffb298a000: installed 532 bytes, 0 fault sites, 2 entries, text 0xffffb298a000..0xffffb298a008, fpsimd false
[    1.273820] rust_kjit: kjit: pc 0xffffb298a000: installed 532 bytes, 0 fault sites, 2 entries, text 0xffffb298a000..0xffffb298a008, fpsimd false
[    1.275142] rust_kjit: kjit: pc 0xffffb298a000: installed 532 bytes, 0 fault sites, 2 entries, text 0xffffb298a000..0xffffb298a008, fpsimd false
[    1.276757] rust_kjit: kjit: pc 0xffffb298a000: installed 532 bytes, 0 fault sites, 2 entries, text 0xffffb298a000..0xffffb298a008, fpsimd false
[    1.277821] rust_kjit: kjit: pc 0xffffb298a000: installed 532 bytes, 0 fault sites, 2 entries, text 0xffffb298a000..0xffffb298a008, fpsimd false
[    1.279376] rust_kjit: kjit: pc 0xffffb298a000: installed 532 bytes, 0 fault sites, 2 entries, text 0xffffb298a000..0xffffb298a008, fpsimd false
[    1.280410] rust_kjit: kjit: pc 0xffffb298a000: installed 532 bytes, 0 fault sites, 2 entries, text 0xffffb298a000..0xffffb298a008, fpsimd false
[    1.282102] rust_kjit: kjit: pc 0xffffb298a000: installed 532 bytes, 0 fault sites, 2 entries, text 0xffffb298a000..0xffffb298a008, fpsimd false
[    1.283496] rust_kjit: kjit: pc 0xffffb298a000: installed 532 bytes, 0 fault sites, 2 entries, text 0xffffb298a000..0xffffb298a008, fpsimd false
[    1.285057] rust_kjit: kjit: pc 0xffffb298a000: installed 532 bytes, 0 fault sites, 2 entries, text 0xffffb298a000..0xffffb298a008, fpsimd false
[    1.286611] rust_kjit: kjit: pc 0xffffb298a000: installed 532 bytes, 0 fault sites, 2 entries, text 0xffffb298a000..0xffffb298a008, fpsimd false
[    1.288362] rust_kjit: kjit: pc 0xffffb298a000: installed 532 bytes, 0 fault sites, 2 entries, text 0xffffb298a000..0xffffb298a008, fpsimd false
[    1.289471] rust_kjit: kjit: pc 0xffffb298a000: installed 532 bytes, 0 fault sites, 2 entries, text 0xffffb298a000..0xffffb298a008, fpsimd false
[    1.290663] rust_kjit: kjit: pc 0xffffb298a000: installed 532 bytes, 0 fault sites, 2 entries, text 0xffffb298a000..0xffffb298a008, fpsimd false
[    1.292230] rust_kjit: kjit: pc 0xffffb298a000: installed 532 bytes, 0 fault sites, 2 entries, text 0xffffb298a000..0xffffb298a008, fpsimd false
[    1.293276] rust_kjit: kjit: pc 0xffffb298a000: installed 532 bytes, 0 fault sites, 2 entries, text 0xffffb298a000..0xffffb298a008, fpsimd false
[    1.294835] rust_kjit: kjit: pc 0xffffb298a000: installed 532 bytes, 0 fault sites, 2 entries, text 0xffffb298a000..0xffffb298a008, fpsimd false
[    1.296225] rust_kjit: kjit: pc 0xffffb298a000: installed 532 bytes, 0 fault sites, 2 entries, text 0xffffb298a000..0xffffb298a008, fpsimd false
[    1.297806] rust_kjit: kjit: pc 0xffffb298a000: installed 532 bytes, 0 fault sites, 2 entries, text 0xffffb298a000..0xffffb298a008, fpsimd false
[    1.299836] rust_kjit: kjit: pc 0xffffb298a000: installed 532 bytes, 0 fault sites, 2 entries, text 0xffffb298a000..0xffffb298a008, fpsimd false
[    1.301356] rust_kjit: kjit: pc 0xffffb298a000: installed 532 bytes, 0 fault sites, 2 entries, text 0xffffb298a000..0xffffb298a008, fpsimd false
[    1.302937] rust_kjit: kjit: pc 0xffffb298a000: installed 532 bytes, 0 fault sites, 2 entries, text 0xffffb298a000..0xffffb298a008, fpsimd false
[    1.304615] rust_kjit: kjit: pc 0xffffb298a000: installed 532 bytes, 0 fault sites, 2 entries, text 0xffffb298a000..0xffffb298a008, fpsimd false
[    1.306224] rust_kjit: kjit: pc 0xffffb298a000: installed 532 bytes, 0 fault sites, 2 entries, text 0xffffb298a000..0xffffb298a008, fpsimd false
[    1.307512] rust_kjit: kjit: pc 0xffffb298a000: installed 532 bytes, 0 fault sites, 2 entries, text 0xffffb298a000..0xffffb298a008, fpsimd false
[    1.309070] rust_kjit: kjit: pc 0xffffb298a000: installed 532 bytes, 0 fault sites, 2 entries, text 0xffffb298a000..0xffffb298a008, fpsimd false
[    1.310259] rust_kjit: kjit: pc 0xffffb298a000: installed 532 bytes, 0 fault sites, 2 entries, text 0xffffb298a000..0xffffb298a008, fpsimd false
[    1.312288] rust_kjit: kjit: pc 0xffffb298a000: installed 532 bytes, 0 fault sites, 2 entries, text 0xffffb298a000..0xffffb298a008, fpsimd false
[    1.313459] rust_kjit: kjit: pc 0xffffb298a000: installed 532 bytes, 0 fault sites, 2 entries, text 0xffffb298a000..0xffffb298a008, fpsimd false
[    1.314963] rust_kjit: kjit: pc 0xffffb298a000: installed 532 bytes, 0 fault sites, 2 entries, text 0xffffb298a000..0xffffb298a008, fpsimd false
[    1.316117] rust_kjit: kjit: pc 0xffffb298a000: installed 532 bytes, 0 fault sites, 2 entries, text 0xffffb298a000..0xffffb298a008, fpsimd false
[    1.317669] rust_kjit: kjit: pc 0xffffb298a000: installed 532 bytes, 0 fault sites, 2 entries, text 0xffffb298a000..0xffffb298a008, fpsimd false
[    1.319208] rust_kjit: kjit: pc 0xffffb298a000: installed 532 bytes, 0 fault sites, 2 entries, text 0xffffb298a000..0xffffb298a008, fpsimd false
[    1.320848] rust_kjit: kjit: pc 0xffffb298a000: installed 532 bytes, 0 fault sites, 2 entries, text 0xffffb298a000..0xffffb298a008, fpsimd false
[    1.321962] rust_kjit: kjit: pc 0xffffb298a000: installed 532 bytes, 0 fault sites, 2 entries, text 0xffffb298a000..0xffffb298a008, fpsimd false
[    1.323747] rust_kjit: kjit: pc 0xffffb298a000: installed 532 bytes, 0 fault sites, 2 entries, text 0xffffb298a000..0xffffb298a008, fpsimd false
[    1.324856] rust_kjit: kjit: pc 0xffffb298a000: installed 532 bytes, 0 fault sites, 2 entries, text 0xffffb298a000..0xffffb298a008, fpsimd false
[    1.326315] rust_kjit: kjit: pc 0xffffb298a000: installed 532 bytes, 0 fault sites, 2 entries, text 0xffffb298a000..0xffffb298a008, fpsimd false
[    1.328011] rust_kjit: kjit: pc 0xffffb298a000: installed 532 bytes, 0 fault sites, 2 entries, text 0xffffb298a000..0xffffb298a008, fpsimd false
[    1.329248] rust_kjit: kjit: pc 0xffffb298a000: installed 532 bytes, 0 fault sites, 2 entries, text 0xffffb298a000..0xffffb298a008, fpsimd false
[    1.330841] rust_kjit: kjit: pc 0xffffb298a000: installed 532 bytes, 0 fault sites, 2 entries, text 0xffffb298a000..0xffffb298a008, fpsimd false
[    1.332502] rust_kjit: kjit: pc 0xffffb298a000: installed 532 bytes, 0 fault sites, 2 entries, text 0xffffb298a000..0xffffb298a008, fpsimd false
[    1.333622] rust_kjit: kjit: pc 0xffffb298a000: installed 532 bytes, 0 fault sites, 2 entries, text 0xffffb298a000..0xffffb298a008, fpsimd false
[    1.335267] rust_kjit: kjit: pc 0xffffb298a000: installed 532 bytes, 0 fault sites, 2 entries, text 0xffffb298a000..0xffffb298a008, fpsimd false
[    1.336374] rust_kjit: kjit: pc 0xffffb298a000: installed 532 bytes, 0 fault sites, 2 entries, text 0xffffb298a000..0xffffb298a008, fpsimd false
[    1.337943] rust_kjit: kjit: pc 0xffffb298a000: installed 532 bytes, 0 fault sites, 2 entries, text 0xffffb298a000..0xffffb298a008, fpsimd false
[    1.339704] rust_kjit: kjit: pc 0xffffb298a000: installed 532 bytes, 0 fault sites, 2 entries, text 0xffffb298a000..0xffffb298a008, fpsimd false
[    1.340867] rust_kjit: kjit: pc 0xffffb298a000: installed 532 bytes, 0 fault sites, 2 entries, text 0xffffb298a000..0xffffb298a008, fpsimd false
[    1.342652] rust_kjit: kjit: pc 0xffffb298a000: installed 532 bytes, 0 fault sites, 2 entries, text 0xffffb298a000..0xffffb298a008, fpsimd false
[    1.344249] rust_kjit: kjit: pc 0xffffb298a000: installed 532 bytes, 0 fault sites, 2 entries, text 0xffffb298a000..0xffffb298a008, fpsimd false
[    1.345411] rust_kjit: kjit: pc 0xffffb298a000: installed 532 bytes, 0 fault sites, 2 entries, text 0xffffb298a000..0xffffb298a008, fpsimd false
[    1.347126] rust_kjit: kjit: pc 0xffffb298a000: installed 532 bytes, 0 fault sites, 2 entries, text 0xffffb298a000..0xffffb298a008, fpsimd false
[    1.348281] rust_kjit: kjit: pc 0xffffb298a000: installed 532 bytes, 0 fault sites, 2 entries, text 0xffffb298a000..0xffffb298a008, fpsimd false
[    1.349803] rust_kjit: kjit: pc 0xffffb298a000: installed 532 bytes, 0 fault sites, 2 entries, text 0xffffb298a000..0xffffb298a008, fpsimd false
[    1.350837] rust_kjit: kjit: pc 0xffffb298a000: installed 532 bytes, 0 fault sites, 2 entries, text 0xffffb298a000..0xffffb298a008, fpsimd false
[    1.352433] rust_kjit: kjit: pc 0xffffb298a000: installed 532 bytes, 0 fault sites, 2 entries, text 0xffffb298a000..0xffffb298a008, fpsimd false
[    1.353485] rust_kjit: kjit: pc 0xffffb298a000: installed 532 bytes, 0 fault sites, 2 entries, text 0xffffb298a000..0xffffb298a008, fpsimd false
[    1.355083] rust_kjit: kjit: pc 0xffffb298a000: installed 532 bytes, 0 fault sites, 2 entries, text 0xffffb298a000..0xffffb298a008, fpsimd false
[    1.356341] rust_kjit: kjit: pc 0xffffb298a000: installed 532 bytes, 0 fault sites, 2 entries, text 0xffffb298a000..0xffffb298a008, fpsimd false
[    1.357820] rust_kjit: kjit: pc 0xffffb298a000: installed 532 bytes, 0 fault sites, 2 entries, text 0xffffb298a000..0xffffb298a008, fpsimd false
[    1.359097] rust_kjit: kjit: pc 0xffffb298a000: installed 532 bytes, 0 fault sites, 2 entries, text 0xffffb298a000..0xffffb298a008, fpsimd false
[    1.360692] rust_kjit: kjit: pc 0xffffb298a000: installed 532 bytes, 0 fault sites, 2 entries, text 0xffffb298a000..0xffffb298a008, fpsimd false
[    1.362183] rust_kjit: kjit: pc 0xffffb298a000: installed 532 bytes, 0 fault sites, 2 entries, text 0xffffb298a000..0xffffb298a008, fpsimd false
[    1.363507] rust_kjit: kjit: pc 0xffffb298a000: installed 532 bytes, 0 fault sites, 2 entries, text 0xffffb298a000..0xffffb298a008, fpsimd false
[    1.365123] rust_kjit: kjit: pc 0xffffb298a000: installed 532 bytes, 0 fault sites, 2 entries, text 0xffffb298a000..0xffffb298a008, fpsimd false
[    1.366158] rust_kjit: kjit: pc 0xffffb298a000: installed 532 bytes, 0 fault sites, 2 entries, text 0xffffb298a000..0xffffb298a008, fpsimd false
[    1.367858] rust_kjit: kjit: pc 0xffffb298a000: installed 532 bytes, 0 fault sites, 2 entries, text 0xffffb298a000..0xffffb298a008, fpsimd false
[    1.368938] rust_kjit: kjit: pc 0xffffb298a000: installed 532 bytes, 0 fault sites, 2 entries, text 0xffffb298a000..0xffffb298a008, fpsimd false
[    1.370643] rust_kjit: kjit: pc 0xffffb298a000: installed 532 bytes, 0 fault sites, 2 entries, text 0xffffb298a000..0xffffb298a008, fpsimd false
[    1.372179] rust_kjit: kjit: pc 0xffffb298a000: installed 532 bytes, 0 fault sites, 2 entries, text 0xffffb298a000..0xffffb298a008, fpsimd false
[    1.373292] rust_kjit: kjit: pc 0xffffb298a000: installed 532 bytes, 0 fault sites, 2 entries, text 0xffffb298a000..0xffffb298a008, fpsimd false
[    1.374308] rust_kjit: kjit: pc 0xffffb298a000: installed 532 bytes, 0 fault sites, 2 entries, text 0xffffb298a000..0xffffb298a008, fpsimd false
[    1.376105] rust_kjit: kjit: pc 0xffffb298a000: installed 532 bytes, 0 fault sites, 2 entries, text 0xffffb298a000..0xffffb298a008, fpsimd false
[    1.377182] rust_kjit: kjit: pc 0xffffb298a000: installed 532 bytes, 0 fault sites, 2 entries, text 0xffffb298a000..0xffffb298a008, fpsimd false
[    1.378954] rust_kjit: kjit: pc 0xffffb298a000: installed 532 bytes, 0 fault sites, 2 entries, text 0xffffb298a000..0xffffb298a008, fpsimd false
[    1.380150] rust_kjit: kjit: pc 0xffffb298a000: installed 532 bytes, 0 fault sites, 2 entries, text 0xffffb298a000..0xffffb298a008, fpsimd false
[    1.381755] rust_kjit: kjit: pc 0xffffb298a000: installed 532 bytes, 0 fault sites, 2 entries, text 0xffffb298a000..0xffffb298a008, fpsimd false
[    1.383332] rust_kjit: kjit: pc 0xffffb298a000: installed 532 bytes, 0 fault sites, 2 entries, text 0xffffb298a000..0xffffb298a008, fpsimd false
[    1.384430] rust_kjit: kjit: pc 0xffffb298a000: installed 532 bytes, 0 fault sites, 2 entries, text 0xffffb298a000..0xffffb298a008, fpsimd false
[    1.386022] rust_kjit: kjit: pc 0xffffb298a000: installed 532 bytes, 0 fault sites, 2 entries, text 0xffffb298a000..0xffffb298a008, fpsimd false
[    1.387348] rust_kjit: kjit: pc 0xffffb298a000: installed 532 bytes, 0 fault sites, 2 entries, text 0xffffb298a000..0xffffb298a008, fpsimd false
[    1.388821] rust_kjit: kjit: pc 0xffffb298a000: installed 532 bytes, 0 fault sites, 2 entries, text 0xffffb298a000..0xffffb298a008, fpsimd false
[    1.390471] rust_kjit: kjit: pc 0xffffb298a000: installed 532 bytes, 0 fault sites, 2 entries, text 0xffffb298a000..0xffffb298a008, fpsimd false
[    1.392141] rust_kjit: kjit: pc 0xffffb298a000: installed 532 bytes, 0 fault sites, 2 entries, text 0xffffb298a000..0xffffb298a008, fpsimd false
[    1.393240] rust_kjit: kjit: pc 0xffffb298a000: installed 532 bytes, 0 fault sites, 2 entries, text 0xffffb298a000..0xffffb298a008, fpsimd false
[    1.394905] rust_kjit: kjit: pc 0xffffb298a000: installed 532 bytes, 0 fault sites, 2 entries, text 0xffffb298a000..0xffffb298a008, fpsimd false
[    1.396325] rust_kjit: kjit: pc 0xffffb298a000: installed 532 bytes, 0 fault sites, 2 entries, text 0xffffb298a000..0xffffb298a008, fpsimd false
[    1.397852] rust_kjit: kjit: pc 0xffffb298a000: installed 532 bytes, 0 fault sites, 2 entries, text 0xffffb298a000..0xffffb298a008, fpsimd false
[    1.399416] rust_kjit: kjit: pc 0xffffb298a000: installed 532 bytes, 0 fault sites, 2 entries, text 0xffffb298a000..0xffffb298a008, fpsimd false
[    1.400985] rust_kjit: kjit: pc 0xffffb298a000: installed 532 bytes, 0 fault sites, 2 entries, text 0xffffb298a000..0xffffb298a008, fpsimd false
[    1.402559] rust_kjit: kjit: pc 0xffffb298a000: installed 532 bytes, 0 fault sites, 2 entries, text 0xffffb298a000..0xffffb298a008, fpsimd false
[    1.404157] rust_kjit: kjit: pc 0xffffb298a000: installed 532 bytes, 0 fault sites, 2 entries, text 0xffffb298a000..0xffffb298a008, fpsimd false
[    1.405786] rust_kjit: kjit: pc 0xffffb298a000: installed 532 bytes, 0 fault sites, 2 entries, text 0xffffb298a000..0xffffb298a008, fpsimd false
[    1.407245] rust_kjit: kjit: pc 0xffffb298a000: installed 532 bytes, 0 fault sites, 2 entries, text 0xffffb298a000..0xffffb298a008, fpsimd false
[    1.408894] rust_kjit: kjit: pc 0xffffb298a000: installed 532 bytes, 0 fault sites, 2 entries, text 0xffffb298a000..0xffffb298a008, fpsimd false
[    1.410506] rust_kjit: kjit: pc 0xffffb298a000: installed 532 bytes, 0 fault sites, 2 entries, text 0xffffb298a000..0xffffb298a008, fpsimd false
[    1.411982] rust_kjit: kjit: pc 0xffffb298a000: installed 532 bytes, 0 fault sites, 2 entries, text 0xffffb298a000..0xffffb298a008, fpsimd false
[    1.413047] rust_kjit: kjit: pc 0xffffb298a000: installed 532 bytes, 0 fault sites, 2 entries, text 0xffffb298a000..0xffffb298a008, fpsimd false
[    1.414561] rust_kjit: kjit: pc 0xffffb298a000: installed 532 bytes, 0 fault sites, 2 entries, text 0xffffb298a000..0xffffb298a008, fpsimd false
[    1.415597] rust_kjit: kjit: pc 0xffffb298a000: installed 532 bytes, 0 fault sites, 2 entries, text 0xffffb298a000..0xffffb298a008, fpsimd false
[    1.417160] rust_kjit: kjit: pc 0xffffb298a000: installed 532 bytes, 0 fault sites, 2 entries, text 0xffffb298a000..0xffffb298a008, fpsimd false
[    1.418452] rust_kjit: kjit: pc 0xffffb298a000: installed 532 bytes, 0 fault sites, 2 entries, text 0xffffb298a000..0xffffb298a008, fpsimd false
[    1.419996] rust_kjit: kjit: pc 0xffffb298a000: installed 532 bytes, 0 fault sites, 2 entries, text 0xffffb298a000..0xffffb298a008, fpsimd false
[    1.421035] rust_kjit: kjit: pc 0xffffb298a000: installed 532 bytes, 0 fault sites, 2 entries, text 0xffffb298a000..0xffffb298a008, fpsimd false
[    1.422673] rust_kjit: kjit: pc 0xffffb298a000: installed 532 bytes, 0 fault sites, 2 entries, text 0xffffb298a000..0xffffb298a008, fpsimd false
[    1.423790] rust_kjit: kjit: pc 0xffffb298a000: installed 532 bytes, 0 fault sites, 2 entries, text 0xffffb298a000..0xffffb298a008, fpsimd false
[    1.425324] rust_kjit: kjit: pc 0xffffb298a000: installed 532 bytes, 0 fault sites, 2 entries, text 0xffffb298a000..0xffffb298a008, fpsimd false
[    1.426522] rust_kjit: kjit: pc 0xffffb298a000: installed 532 bytes, 0 fault sites, 2 entries, text 0xffffb298a000..0xffffb298a008, fpsimd false
[    1.428389] rust_kjit: kjit: pc 0xffffb298a000: installed 532 bytes, 0 fault sites, 2 entries, text 0xffffb298a000..0xffffb298a008, fpsimd false
[    1.429588] rust_kjit: kjit: pc 0xffffb298a000: installed 532 bytes, 0 fault sites, 2 entries, text 0xffffb298a000..0xffffb298a008, fpsimd false
[    1.431092] rust_kjit: kjit: pc 0xffffb298a000: installed 532 bytes, 0 fault sites, 2 entries, text 0xffffb298a000..0xffffb298a008, fpsimd false
[    1.432235] rust_kjit: kjit: pc 0xffffb298a000: installed 532 bytes, 0 fault sites, 2 entries, text 0xffffb298a000..0xffffb298a008, fpsimd false
[    1.433964] rust_kjit: kjit: pc 0xffffb298a000: installed 532 bytes, 0 fault sites, 2 entries, text 0xffffb298a000..0xffffb298a008, fpsimd false
[    1.435654] rust_kjit: kjit: pc 0xffffb298a000: installed 532 bytes, 0 fault sites, 2 entries, text 0xffffb298a000..0xffffb298a008, fpsimd false
[    1.436801] rust_kjit: kjit: pc 0xffffb298a000: installed 532 bytes, 0 fault sites, 2 entries, text 0xffffb298a000..0xffffb298a008, fpsimd false
[    1.438482] rust_kjit: kjit: pc 0xffffb298a000: installed 532 bytes, 0 fault sites, 2 entries, text 0xffffb298a000..0xffffb298a008, fpsimd false
[    1.440099] rust_kjit: kjit: pc 0xffffb298a000: installed 532 bytes, 0 fault sites, 2 entries, text 0xffffb298a000..0xffffb298a008, fpsimd false
[    1.441640] rust_kjit: kjit: pc 0xffffb298a000: installed 532 bytes, 0 fault sites, 2 entries, text 0xffffb298a000..0xffffb298a008, fpsimd false
[    1.443250] rust_kjit: kjit: pc 0xffffb298a000: installed 532 bytes, 0 fault sites, 2 entries, text 0xffffb298a000..0xffffb298a008, fpsimd false
[    1.444817] rust_kjit: kjit: pc 0xffffb298a000: installed 532 bytes, 0 fault sites, 2 entries, text 0xffffb298a000..0xffffb298a008, fpsimd false
[    1.445891] rust_kjit: kjit: pc 0xffffb298a000: installed 532 bytes, 0 fault sites, 2 entries, text 0xffffb298a000..0xffffb298a008, fpsimd false
[    1.447636] rust_kjit: kjit: pc 0xffffb298a000: installed 532 bytes, 0 fault sites, 2 entries, text 0xffffb298a000..0xffffb298a008, fpsimd false
[    1.448681] rust_kjit: kjit: pc 0xffffb298a000: installed 532 bytes, 0 fault sites, 2 entries, text 0xffffb298a000..0xffffb298a008, fpsimd false
[    1.450143] rust_kjit: kjit: pc 0xffffb298a000: installed 532 bytes, 0 fault sites, 2 entries, text 0xffffb298a000..0xffffb298a008, fpsimd false
[    1.451371] rust_kjit: kjit: pc 0xffffb298a000: installed 532 bytes, 0 fault sites, 2 entries, text 0xffffb298a000..0xffffb298a008, fpsimd false
[    1.452930] rust_kjit: kjit: pc 0xffffb298a000: installed 532 bytes, 0 fault sites, 2 entries, text 0xffffb298a000..0xffffb298a008, fpsimd false
[    1.454667] rust_kjit: kjit: pc 0xffffb298a000: installed 532 bytes, 0 fault sites, 2 entries, text 0xffffb298a000..0xffffb298a008, fpsimd false
[    1.456369] rust_kjit: kjit: pc 0xffffb298a000: installed 532 bytes, 0 fault sites, 2 entries, text 0xffffb298a000..0xffffb298a008, fpsimd false
[    1.457939] rust_kjit: kjit: pc 0xffffb298a000: installed 532 bytes, 0 fault sites, 2 entries, text 0xffffb298a000..0xffffb298a008, fpsimd false
[    1.459550] rust_kjit: kjit: pc 0xffffb298a000: installed 532 bytes, 0 fault sites, 2 entries, text 0xffffb298a000..0xffffb298a008, fpsimd false
[    1.461200] rust_kjit: kjit: pc 0xffffb298a000: installed 532 bytes, 0 fault sites, 2 entries, text 0xffffb298a000..0xffffb298a008, fpsimd false
[    1.462846] rust_kjit: kjit: pc 0xffffb298a000: installed 532 bytes, 0 fault sites, 2 entries, text 0xffffb298a000..0xffffb298a008, fpsimd false
[    1.464538] rust_kjit: kjit: pc 0xffffb298a000: installed 532 bytes, 0 fault sites, 2 entries, text 0xffffb298a000..0xffffb298a008, fpsimd false
[    1.465786] rust_kjit: kjit: pc 0xffffb298a000: installed 532 bytes, 0 fault sites, 2 entries, text 0xffffb298a000..0xffffb298a008, fpsimd false
[    1.467326] rust_kjit: kjit: pc 0xffffb298a000: installed 532 bytes, 0 fault sites, 2 entries, text 0xffffb298a000..0xffffb298a008, fpsimd false
[    1.468633] rust_kjit: kjit: pc 0xffffb298a000: installed 532 bytes, 0 fault sites, 2 entries, text 0xffffb298a000..0xffffb298a008, fpsimd false
[    1.470500] rust_kjit: kjit: pc 0xffffb298a000: installed 532 bytes, 0 fault sites, 2 entries, text 0xffffb298a000..0xffffb298a008, fpsimd false
[    1.472176] rust_kjit: kjit: pc 0xffffb298a000: installed 532 bytes, 0 fault sites, 2 entries, text 0xffffb298a000..0xffffb298a008, fpsimd false
[    1.473308] rust_kjit: kjit: pc 0xffffb298a000: installed 532 bytes, 0 fault sites, 2 entries, text 0xffffb298a000..0xffffb298a008, fpsimd false
[    1.474980] rust_kjit: kjit: pc 0xffffb298a000: installed 532 bytes, 0 fault sites, 2 entries, text 0xffffb298a000..0xffffb298a008, fpsimd false
[    1.476024] rust_kjit: kjit: pc 0xffffb298a000: installed 532 bytes, 0 fault sites, 2 entries, text 0xffffb298a000..0xffffb298a008, fpsimd false
[    1.477587] rust_kjit: kjit: pc 0xffffb298a000: installed 532 bytes, 0 fault sites, 2 entries, text 0xffffb298a000..0xffffb298a008, fpsimd false
[    1.478724] rust_kjit: kjit: pc 0xffffb298a000: installed 532 bytes, 0 fault sites, 2 entries, text 0xffffb298a000..0xffffb298a008, fpsimd false
[    1.480228] rust_kjit: kjit: pc 0xffffb298a000: installed 532 bytes, 0 fault sites, 2 entries, text 0xffffb298a000..0xffffb298a008, fpsimd false
[    1.481399] rust_kjit: kjit: pc 0xffffb298a000: installed 532 bytes, 0 fault sites, 2 entries, text 0xffffb298a000..0xffffb298a008, fpsimd false
[    1.483101] rust_kjit: kjit: pc 0xffffb298a000: installed 532 bytes, 0 fault sites, 2 entries, text 0xffffb298a000..0xffffb298a008, fpsimd false
[    1.484603] rust_kjit: kjit: pc 0xffffb298a000: installed 532 bytes, 0 fault sites, 2 entries, text 0xffffb298a000..0xffffb298a008, fpsimd false
[    1.485768] rust_kjit: kjit: pc 0xffffb298a000: installed 532 bytes, 0 fault sites, 2 entries, text 0xffffb298a000..0xffffb298a008, fpsimd false
[    1.487378] rust_kjit: kjit: pc 0xffffb298a000: installed 532 bytes, 0 fault sites, 2 entries, text 0xffffb298a000..0xffffb298a008, fpsimd false
[    1.489054] rust_kjit: kjit: pc 0xffffb298a000: installed 532 bytes, 0 fault sites, 2 entries, text 0xffffb298a000..0xffffb298a008, fpsimd false
[    1.490591] rust_kjit: kjit: pc 0xffffb298a000: installed 532 bytes, 0 fault sites, 2 entries, text 0xffffb298a000..0xffffb298a008, fpsimd false
[    1.492364] rust_kjit: kjit: pc 0xffffb298a000: installed 532 bytes, 0 fault sites, 2 entries, text 0xffffb298a000..0xffffb298a008, fpsimd false
[    1.493400] rust_kjit: kjit: pc 0xffffb298a000: installed 532 bytes, 0 fault sites, 2 entries, text 0xffffb298a000..0xffffb298a008, fpsimd false
[    1.495056] rust_kjit: kjit: pc 0xffffb298a000: installed 532 bytes, 0 fault sites, 2 entries, text 0xffffb298a000..0xffffb298a008, fpsimd false
[    1.496193] rust_kjit: kjit: pc 0xffffb298a000: installed 532 bytes, 0 fault sites, 2 entries, text 0xffffb298a000..0xffffb298a008, fpsimd false
[    1.497700] rust_kjit: kjit: pc 0xffffb298a000: installed 532 bytes, 0 fault sites, 2 entries, text 0xffffb298a000..0xffffb298a008, fpsimd false
[    1.498887] rust_kjit: kjit: pc 0xffffb298a000: installed 532 bytes, 0 fault sites, 2 entries, text 0xffffb298a000..0xffffb298a008, fpsimd false
[    1.500591] rust_kjit: kjit: pc 0xffffb298a000: installed 532 bytes, 0 fault sites, 2 entries, text 0xffffb298a000..0xffffb298a008, fpsimd false
[    1.502220] rust_kjit: kjit: pc 0xffffb298a000: installed 532 bytes, 0 fault sites, 2 entries, text 0xffffb298a000..0xffffb298a008, fpsimd false
[    1.503460] rust_kjit: kjit: pc 0xffffb298a000: installed 532 bytes, 0 fault sites, 2 entries, text 0xffffb298a000..0xffffb298a008, fpsimd false
[    1.505033] rust_kjit: kjit: pc 0xffffb298a000: installed 532 bytes, 0 fault sites, 2 entries, text 0xffffb298a000..0xffffb298a008, fpsimd false
[    1.506692] rust_kjit: kjit: pc 0xffffb298a000: installed 532 bytes, 0 fault sites, 2 entries, text 0xffffb298a000..0xffffb298a008, fpsimd false
[    1.508267] rust_kjit: kjit: pc 0xffffb298a000: installed 532 bytes, 0 fault sites, 2 entries, text 0xffffb298a000..0xffffb298a008, fpsimd false
[    1.509397] rust_kjit: kjit: pc 0xffffb298a000: installed 532 bytes, 0 fault sites, 2 entries, text 0xffffb298a000..0xffffb298a008, fpsimd false
[    1.510946] rust_kjit: kjit: pc 0xffffb298a000: installed 532 bytes, 0 fault sites, 2 entries, text 0xffffb298a000..0xffffb298a008, fpsimd false
[    1.512000] rust_kjit: kjit: pc 0xffffb298a000: installed 532 bytes, 0 fault sites, 2 entries, text 0xffffb298a000..0xffffb298a008, fpsimd false
[    1.513679] rust_kjit: kjit: pc 0xffffb298a000: installed 532 bytes, 0 fault sites, 2 entries, text 0xffffb298a000..0xffffb298a008, fpsimd false
[    1.514848] rust_kjit: kjit: pc 0xffffb298a000: installed 532 bytes, 0 fault sites, 2 entries, text 0xffffb298a000..0xffffb298a008, fpsimd false
[    1.516359] rust_kjit: kjit: pc 0xffffb298a000: installed 532 bytes, 0 fault sites, 2 entries, text 0xffffb298a000..0xffffb298a008, fpsimd false
[    1.517415] rust_kjit: kjit: pc 0xffffb298a000: installed 532 bytes, 0 fault sites, 2 entries, text 0xffffb298a000..0xffffb298a008, fpsimd false
[    1.519018] rust_kjit: kjit: pc 0xffffb298a000: installed 532 bytes, 0 fault sites, 2 entries, text 0xffffb298a000..0xffffb298a008, fpsimd false
[    1.520105] rust_kjit: kjit: pc 0xffffb298a000: installed 532 bytes, 0 fault sites, 2 entries, text 0xffffb298a000..0xffffb298a008, fpsimd false
[    1.521676] rust_kjit: kjit: pc 0xffffb298a000: installed 532 bytes, 0 fault sites, 2 entries, text 0xffffb298a000..0xffffb298a008, fpsimd false
[    1.522754] rust_kjit: kjit: pc 0xffffb298a000: installed 532 bytes, 0 fault sites, 2 entries, text 0xffffb298a000..0xffffb298a008, fpsimd false
[    1.524348] rust_kjit: kjit: pc 0xffffb298a000: installed 532 bytes, 0 fault sites, 2 entries, text 0xffffb298a000..0xffffb298a008, fpsimd false
[    1.525498] rust_kjit: kjit: pc 0xffffb298a000: installed 532 bytes, 0 fault sites, 2 entries, text 0xffffb298a000..0xffffb298a008, fpsimd false
[    1.527055] rust_kjit: kjit: pc 0xffffb298a000: installed 532 bytes, 0 fault sites, 2 entries, text 0xffffb298a000..0xffffb298a008, fpsimd false
[    1.528149] rust_kjit: kjit: pc 0xffffb298a000: installed 532 bytes, 0 fault sites, 2 entries, text 0xffffb298a000..0xffffb298a008, fpsimd false
[    1.529732] rust_kjit: kjit: pc 0xffffb298a000: installed 532 bytes, 0 fault sites, 2 entries, text 0xffffb298a000..0xffffb298a008, fpsimd false
[    1.530946] rust_kjit: kjit: pc 0xffffb298a000: installed 532 bytes, 0 fault sites, 2 entries, text 0xffffb298a000..0xffffb298a008, fpsimd false
[    1.532524] rust_kjit: kjit: pc 0xffffb298a000: installed 532 bytes, 0 fault sites, 2 entries, text 0xffffb298a000..0xffffb298a008, fpsimd false
[    1.533785] rust_kjit: kjit: pc 0xffffb298a000: installed 532 bytes, 0 fault sites, 2 entries, text 0xffffb298a000..0xffffb298a008, fpsimd false
[    1.535413] rust_kjit: kjit: pc 0xffffb298a000: installed 532 bytes, 0 fault sites, 2 entries, text 0xffffb298a000..0xffffb298a008, fpsimd false
[    1.536534] rust_kjit: kjit: pc 0xffffb298a000: installed 532 bytes, 0 fault sites, 2 entries, text 0xffffb298a000..0xffffb298a008, fpsimd false
[    1.538068] rust_kjit: kjit: pc 0xffffb298a000: installed 532 bytes, 0 fault sites, 2 entries, text 0xffffb298a000..0xffffb298a008, fpsimd false
[    1.539269] rust_kjit: kjit: pc 0xffffb298a000: installed 532 bytes, 0 fault sites, 2 entries, text 0xffffb298a000..0xffffb298a008, fpsimd false
[    1.540856] rust_kjit: kjit: pc 0xffffb298a000: installed 532 bytes, 0 fault sites, 2 entries, text 0xffffb298a000..0xffffb298a008, fpsimd false
[    1.542499] rust_kjit: kjit: pc 0xffffb298a000: installed 532 bytes, 0 fault sites, 2 entries, text 0xffffb298a000..0xffffb298a008, fpsimd false
[    1.544026] rust_kjit: kjit: pc 0xffffb298a000: installed 532 bytes, 0 fault sites, 2 entries, text 0xffffb298a000..0xffffb298a008, fpsimd false
[    1.545193] rust_kjit: kjit: pc 0xffffb298a000: installed 532 bytes, 0 fault sites, 2 entries, text 0xffffb298a000..0xffffb298a008, fpsimd false
[    1.546732] rust_kjit: kjit: pc 0xffffb298a000: installed 532 bytes, 0 fault sites, 2 entries, text 0xffffb298a000..0xffffb298a008, fpsimd false
[    1.548246] rust_kjit: kjit: pc 0xffffb298a000: installed 532 bytes, 0 fault sites, 2 entries, text 0xffffb298a000..0xffffb298a008, fpsimd false
[    1.549273] rust_kjit: kjit: pc 0xffffb298a000: installed 532 bytes, 0 fault sites, 2 entries, text 0xffffb298a000..0xffffb298a008, fpsimd false
[    1.551065] rust_kjit: kjit: pc 0xffffb298a000: installed 532 bytes, 0 fault sites, 2 entries, text 0xffffb298a000..0xffffb298a008, fpsimd false
[    1.552568] rust_kjit: kjit: pc 0xffffb298a000: installed 532 bytes, 0 fault sites, 2 entries, text 0xffffb298a000..0xffffb298a008, fpsimd false
[    1.553599] rust_kjit: kjit: pc 0xffffb298a000: installed 532 bytes, 0 fault sites, 2 entries, text 0xffffb298a000..0xffffb298a008, fpsimd false
[    1.555245] rust_kjit: kjit: pc 0xffffb298a000: installed 532 bytes, 0 fault sites, 2 entries, text 0xffffb298a000..0xffffb298a008, fpsimd false
[    1.556359] rust_kjit: kjit: pc 0xffffb298a000: installed 532 bytes, 0 fault sites, 2 entries, text 0xffffb298a000..0xffffb298a008, fpsimd false
[    1.557934] rust_kjit: kjit: pc 0xffffb298a000: installed 532 bytes, 0 fault sites, 2 entries, text 0xffffb298a000..0xffffb298a008, fpsimd false
[    1.559619] rust_kjit: kjit: pc 0xffffb298a000: installed 532 bytes, 0 fault sites, 2 entries, text 0xffffb298a000..0xffffb298a008, fpsimd false
[    1.560673] rust_kjit: kjit: pc 0xffffb298a000: installed 532 bytes, 0 fault sites, 2 entries, text 0xffffb298a000..0xffffb298a008, fpsimd false
[    1.562288] rust_kjit: kjit: pc 0xffffb298a000: installed 532 bytes, 0 fault sites, 2 entries, text 0xffffb298a000..0xffffb298a008, fpsimd false
[    1.563765] rust_kjit: kjit: pc 0xffffb298a000: installed 532 bytes, 0 fault sites, 2 entries, text 0xffffb298a000..0xffffb298a008, fpsimd false
[    1.565351] rust_kjit: kjit: pc 0xffffb298a000: installed 532 bytes, 0 fault sites, 2 entries, text 0xffffb298a000..0xffffb298a008, fpsimd false
[    1.566939] rust_kjit: kjit: pc 0xffffb298a000: installed 532 bytes, 0 fault sites, 2 entries, text 0xffffb298a000..0xffffb298a008, fpsimd false
[    1.568523] rust_kjit: kjit: pc 0xffffb298a000: installed 532 bytes, 0 fault sites, 2 entries, text 0xffffb298a000..0xffffb298a008, fpsimd false
[    1.570181] rust_kjit: kjit: pc 0xffffb298a000: installed 532 bytes, 0 fault sites, 2 entries, text 0xffffb298a000..0xffffb298a008, fpsimd false
[    1.572259] rust_kjit: kjit: pc 0xffffb298a000: installed 532 bytes, 0 fault sites, 2 entries, text 0xffffb298a000..0xffffb298a008, fpsimd false
[    1.573850] rust_kjit: kjit: pc 0xffffb298a000: installed 532 bytes, 0 fault sites, 2 entries, text 0xffffb298a000..0xffffb298a008, fpsimd false
[    1.575479] rust_kjit: kjit: pc 0xffffb298a000: installed 532 bytes, 0 fault sites, 2 entries, text 0xffffb298a000..0xffffb298a008, fpsimd false
[    1.577239] rust_kjit: kjit: pc 0xffffb298a000: installed 532 bytes, 0 fault sites, 2 entries, text 0xffffb298a000..0xffffb298a008, fpsimd false
[    1.578671] rust_kjit: kjit: pc 0xffffb298a000: installed 532 bytes, 0 fault sites, 2 entries, text 0xffffb298a000..0xffffb298a008, fpsimd false
[    1.580321] rust_kjit: kjit: pc 0xffffb298a000: installed 532 bytes, 0 fault sites, 2 entries, text 0xffffb298a000..0xffffb298a008, fpsimd false
[    1.581488] rust_kjit: kjit: pc 0xffffb298a000: installed 532 bytes, 0 fault sites, 2 entries, text 0xffffb298a000..0xffffb298a008, fpsimd false
[    1.583349] rust_kjit: kjit: pc 0xffffb298a000: installed 532 bytes, 0 fault sites, 2 entries, text 0xffffb298a000..0xffffb298a008, fpsimd false
[    1.584729] rust_kjit: kjit: pc 0xffffb298a000: installed 532 bytes, 0 fault sites, 2 entries, text 0xffffb298a000..0xffffb298a008, fpsimd false
[    1.586667] rust_kjit: kjit: pc 0xffffb298a000: installed 532 bytes, 0 fault sites, 2 entries, text 0xffffb298a000..0xffffb298a008, fpsimd false
[    1.588316] rust_kjit: kjit: pc 0xffffb298a000: installed 532 bytes, 0 fault sites, 2 entries, text 0xffffb298a000..0xffffb298a008, fpsimd false
[    1.589521] rust_kjit: kjit: pc 0xffffb298a000: installed 532 bytes, 0 fault sites, 2 entries, text 0xffffb298a000..0xffffb298a008, fpsimd false
[    1.591201] rust_kjit: kjit: pc 0xffffb298a000: installed 532 bytes, 0 fault sites, 2 entries, text 0xffffb298a000..0xffffb298a008, fpsimd false
[    1.592377] rust_kjit: kjit: pc 0xffffb298a000: installed 532 bytes, 0 fault sites, 2 entries, text 0xffffb298a000..0xffffb298a008, fpsimd false
[    1.593920] rust_kjit: kjit: pc 0xffffb298a000: installed 532 bytes, 0 fault sites, 2 entries, text 0xffffb298a000..0xffffb298a008, fpsimd false
[    1.595083] rust_kjit: kjit: pc 0xffffb298a000: installed 532 bytes, 0 fault sites, 2 entries, text 0xffffb298a000..0xffffb298a008, fpsimd false
[    1.596615] rust_kjit: kjit: pc 0xffffb298a000: installed 532 bytes, 0 fault sites, 2 entries, text 0xffffb298a000..0xffffb298a008, fpsimd false
[    1.597615] rust_kjit: kjit: pc 0xffffb298a000: installed 532 bytes, 0 fault sites, 2 entries, text 0xffffb298a000..0xffffb298a008, fpsimd false
[    1.599214] rust_kjit: kjit: pc 0xffffb298a000: installed 532 bytes, 0 fault sites, 2 entries, text 0xffffb298a000..0xffffb298a008, fpsimd false
[    1.600747] rust_kjit: kjit: pc 0xffffb298a000: installed 532 bytes, 0 fault sites, 2 entries, text 0xffffb298a000..0xffffb298a008, fpsimd false
[    1.602440] rust_kjit: kjit: pc 0xffffb298a000: installed 532 bytes, 0 fault sites, 2 entries, text 0xffffb298a000..0xffffb298a008, fpsimd false
[    1.604349] rust_kjit: kjit: pc 0xffffb298a000: installed 532 bytes, 0 fault sites, 2 entries, text 0xffffb298a000..0xffffb298a008, fpsimd false
[    1.605871] rust_kjit: kjit: pc 0xffffb298a000: installed 532 bytes, 0 fault sites, 2 entries, text 0xffffb298a000..0xffffb298a008, fpsimd false
[    1.607376] rust_kjit: kjit: pc 0xffffb298a000: installed 532 bytes, 0 fault sites, 2 entries, text 0xffffb298a000..0xffffb298a008, fpsimd false
[    1.608926] rust_kjit: kjit: pc 0xffffb298a000: installed 532 bytes, 0 fault sites, 2 entries, text 0xffffb298a000..0xffffb298a008, fpsimd false
[    1.610535] rust_kjit: kjit: pc 0xffffb298a000: installed 532 bytes, 0 fault sites, 2 entries, text 0xffffb298a000..0xffffb298a008, fpsimd false
[    1.612118] rust_kjit: kjit: pc 0xffffb298a000: installed 532 bytes, 0 fault sites, 2 entries, text 0xffffb298a000..0xffffb298a008, fpsimd false
[    1.613702] rust_kjit: kjit: pc 0xffffb298a000: installed 532 bytes, 0 fault sites, 2 entries, text 0xffffb298a000..0xffffb298a008, fpsimd false
[    1.615300] rust_kjit: kjit: pc 0xffffb298a000: installed 532 bytes, 0 fault sites, 2 entries, text 0xffffb298a000..0xffffb298a008, fpsimd false
[    1.616856] rust_kjit: kjit: pc 0xffffb298a000: installed 532 bytes, 0 fault sites, 2 entries, text 0xffffb298a000..0xffffb298a008, fpsimd false
[    1.618583] rust_kjit: kjit: pc 0xffffb298a000: installed 532 bytes, 0 fault sites, 2 entries, text 0xffffb298a000..0xffffb298a008, fpsimd false
[    1.620183] rust_kjit: kjit: pc 0xffffb298a000: installed 532 bytes, 0 fault sites, 2 entries, text 0xffffb298a000..0xffffb298a008, fpsimd false
[    1.621790] rust_kjit: kjit: pc 0xffffb298a000: installed 532 bytes, 0 fault sites, 2 entries, text 0xffffb298a000..0xffffb298a008, fpsimd false
[    1.623368] rust_kjit: kjit: pc 0xffffb298a000: installed 532 bytes, 0 fault sites, 2 entries, text 0xffffb298a000..0xffffb298a008, fpsimd false
[    1.624960] rust_kjit: kjit: pc 0xffffb298a000: installed 532 bytes, 0 fault sites, 2 entries, text 0xffffb298a000..0xffffb298a008, fpsimd false
[    1.626584] rust_kjit: kjit: pc 0xffffb298a000: installed 532 bytes, 0 fault sites, 2 entries, text 0xffffb298a000..0xffffb298a008, fpsimd false
[    1.628090] rust_kjit: kjit: pc 0xffffb298a000: installed 532 bytes, 0 fault sites, 2 entries, text 0xffffb298a000..0xffffb298a008, fpsimd false
[    1.629707] rust_kjit: kjit: pc 0xffffb298a000: installed 532 bytes, 0 fault sites, 2 entries, text 0xffffb298a000..0xffffb298a008, fpsimd false
[    1.630964] rust_kjit: kjit: pc 0xffffb298a000: installed 532 bytes, 0 fault sites, 2 entries, text 0xffffb298a000..0xffffb298a008, fpsimd false
[    1.632898] rust_kjit: kjit: pc 0xffffb298a000: installed 532 bytes, 0 fault sites, 2 entries, text 0xffffb298a000..0xffffb298a008, fpsimd false
[    1.634084] rust_kjit: kjit: pc 0xffffb298a000: installed 532 bytes, 0 fault sites, 2 entries, text 0xffffb298a000..0xffffb298a008, fpsimd false
[    1.635780] rust_kjit: kjit: pc 0xffffb298a000: installed 532 bytes, 0 fault sites, 2 entries, text 0xffffb298a000..0xffffb298a008, fpsimd false
[    1.637047] rust_kjit: kjit: pc 0xffffb298a000: installed 532 bytes, 0 fault sites, 2 entries, text 0xffffb298a000..0xffffb298a008, fpsimd false
[    1.638771] rust_kjit: kjit: pc 0xffffb298a000: installed 532 bytes, 0 fault sites, 2 entries, text 0xffffb298a000..0xffffb298a008, fpsimd false
[    1.640011] rust_kjit: kjit: pc 0xffffb298a000: installed 532 bytes, 0 fault sites, 2 entries, text 0xffffb298a000..0xffffb298a008, fpsimd false
[    1.641485] rust_kjit: kjit: pc 0xffffb298a000: installed 532 bytes, 0 fault sites, 2 entries, text 0xffffb298a000..0xffffb298a008, fpsimd false
[    1.643169] rust_kjit: kjit: pc 0xffffb298a000: installed 532 bytes, 0 fault sites, 2 entries, text 0xffffb298a000..0xffffb298a008, fpsimd false
[    1.644637] rust_kjit: kjit: pc 0xffffb298a000: installed 532 bytes, 0 fault sites, 2 entries, text 0xffffb298a000..0xffffb298a008, fpsimd false
[    1.645732] rust_kjit: kjit: pc 0xffffb298a000: installed 532 bytes, 0 fault sites, 2 entries, text 0xffffb298a000..0xffffb298a008, fpsimd false
[    1.647341] rust_kjit: kjit: pc 0xffffb298a000: installed 532 bytes, 0 fault sites, 2 entries, text 0xffffb298a000..0xffffb298a008, fpsimd false
[    1.648462] rust_kjit: kjit: pc 0xffffb298a000: installed 532 bytes, 0 fault sites, 2 entries, text 0xffffb298a000..0xffffb298a008, fpsimd false
[    1.649770] rust_kjit: kjit: pc 0xffffb298a000: installed 532 bytes, 0 fault sites, 2 entries, text 0xffffb298a000..0xffffb298a008, fpsimd false
[    1.651395] rust_kjit: kjit: pc 0xffffb298a000: installed 532 bytes, 0 fault sites, 2 entries, text 0xffffb298a000..0xffffb298a008, fpsimd false
[    1.652943] rust_kjit: kjit: pc 0xffffb298a000: installed 532 bytes, 0 fault sites, 2 entries, text 0xffffb298a000..0xffffb298a008, fpsimd false
[    1.654515] rust_kjit: kjit: pc 0xffffb298a000: installed 532 bytes, 0 fault sites, 2 entries, text 0xffffb298a000..0xffffb298a008, fpsimd false
[    1.656509] rust_kjit: kjit: pc 0xffffb298a000: installed 532 bytes, 0 fault sites, 2 entries, text 0xffffb298a000..0xffffb298a008, fpsimd false
[    1.658238] rust_kjit: kjit: pc 0xffffb298a000: installed 532 bytes, 0 fault sites, 2 entries, text 0xffffb298a000..0xffffb298a008, fpsimd false
[    1.660002] rust_kjit: kjit: pc 0xffffb298a000: installed 532 bytes, 0 fault sites, 2 entries, text 0xffffb298a000..0xffffb298a008, fpsimd false
[    1.661154] rust_kjit: kjit: pc 0xffffb298a000: installed 532 bytes, 0 fault sites, 2 entries, text 0xffffb298a000..0xffffb298a008, fpsimd false
[    1.663042] rust_kjit: kjit: pc 0xffffb298a000: installed 532 bytes, 0 fault sites, 2 entries, text 0xffffb298a000..0xffffb298a008, fpsimd false
[    1.664192] rust_kjit: kjit: pc 0xffffb298a000: installed 532 bytes, 0 fault sites, 2 entries, text 0xffffb298a000..0xffffb298a008, fpsimd false
[    1.665754] rust_kjit: kjit: pc 0xffffb298a000: installed 532 bytes, 0 fault sites, 2 entries, text 0xffffb298a000..0xffffb298a008, fpsimd false
[    1.667316] rust_kjit: kjit: pc 0xffffb298a000: installed 532 bytes, 0 fault sites, 2 entries, text 0xffffb298a000..0xffffb298a008, fpsimd false
[    1.668812] rust_kjit: kjit: pc 0xffffb298a000: installed 532 bytes, 0 fault sites, 2 entries, text 0xffffb298a000..0xffffb298a008, fpsimd false
[    1.670503] rust_kjit: kjit: pc 0xffffb298a000: installed 532 bytes, 0 fault sites, 2 entries, text 0xffffb298a000..0xffffb298a008, fpsimd false
[    1.671704] rust_kjit: kjit: pc 0xffffb298a000: installed 532 bytes, 0 fault sites, 2 entries, text 0xffffb298a000..0xffffb298a008, fpsimd false
[    1.673425] rust_kjit: kjit: pc 0xffffb298a000: installed 532 bytes, 0 fault sites, 2 entries, text 0xffffb298a000..0xffffb298a008, fpsimd false
[    1.675034] rust_kjit: kjit: pc 0xffffb298a000: installed 532 bytes, 0 fault sites, 2 entries, text 0xffffb298a000..0xffffb298a008, fpsimd false
[    1.676171] rust_kjit: kjit: pc 0xffffb298a000: installed 532 bytes, 0 fault sites, 2 entries, text 0xffffb298a000..0xffffb298a008, fpsimd false
[    1.677732] rust_kjit: kjit: pc 0xffffb298a000: installed 532 bytes, 0 fault sites, 2 entries, text 0xffffb298a000..0xffffb298a008, fpsimd false
[    1.679035] rust_kjit: kjit: pc 0xffffb298a000: installed 532 bytes, 0 fault sites, 2 entries, text 0xffffb298a000..0xffffb298a008, fpsimd false
[    1.680556] rust_kjit: kjit: pc 0xffffb298a000: installed 532 bytes, 0 fault sites, 2 entries, text 0xffffb298a000..0xffffb298a008, fpsimd false
[    1.682129] rust_kjit: kjit: pc 0xffffb298a000: installed 532 bytes, 0 fault sites, 2 entries, text 0xffffb298a000..0xffffb298a008, fpsimd false
[    1.683871] rust_kjit: kjit: pc 0xffffb298a000: installed 532 bytes, 0 fault sites, 2 entries, text 0xffffb298a000..0xffffb298a008, fpsimd false
[    1.685295] rust_kjit: kjit: pc 0xffffb298a000: installed 532 bytes, 0 fault sites, 2 entries, text 0xffffb298a000..0xffffb298a008, fpsimd false
[    1.686950] rust_kjit: kjit: pc 0xffffb298a000: installed 532 bytes, 0 fault sites, 2 entries, text 0xffffb298a000..0xffffb298a008, fpsimd false
[    1.688566] rust_kjit: kjit: pc 0xffffb298a000: installed 532 bytes, 0 fault sites, 2 entries, text 0xffffb298a000..0xffffb298a008, fpsimd false
[    1.690025] rust_kjit: kjit: pc 0xffffb298a000: installed 532 bytes, 0 fault sites, 2 entries, text 0xffffb298a000..0xffffb298a008, fpsimd false
[    1.691620] rust_kjit: kjit: pc 0xffffb298a000: installed 532 bytes, 0 fault sites, 2 entries, text 0xffffb298a000..0xffffb298a008, fpsimd false
[    1.693245] rust_kjit: kjit: pc 0xffffb298a000: installed 532 bytes, 0 fault sites, 2 entries, text 0xffffb298a000..0xffffb298a008, fpsimd false
[    1.694819] rust_kjit: kjit: pc 0xffffb298a000: installed 532 bytes, 0 fault sites, 2 entries, text 0xffffb298a000..0xffffb298a008, fpsimd false
[    1.696329] rust_kjit: kjit: pc 0xffffb298a000: installed 532 bytes, 0 fault sites, 2 entries, text 0xffffb298a000..0xffffb298a008, fpsimd false
[    1.697910] rust_kjit: kjit: pc 0xffffb298a000: installed 532 bytes, 0 fault sites, 2 entries, text 0xffffb298a000..0xffffb298a008, fpsimd false
[    1.699779] rust_kjit: kjit: pc 0xffffb298a000: installed 532 bytes, 0 fault sites, 2 entries, text 0xffffb298a000..0xffffb298a008, fpsimd false
[    1.701406] rust_kjit: kjit: pc 0xffffb298a000: installed 532 bytes, 0 fault sites, 2 entries, text 0xffffb298a000..0xffffb298a008, fpsimd false
[    1.703100] rust_kjit: kjit: pc 0xffffb298a000: installed 532 bytes, 0 fault sites, 2 entries, text 0xffffb298a000..0xffffb298a008, fpsimd false
[    1.704637] rust_kjit: kjit: pc 0xffffb298a000: installed 532 bytes, 0 fault sites, 2 entries, text 0xffffb298a000..0xffffb298a008, fpsimd false
[    1.706228] rust_kjit: kjit: pc 0xffffb298a000: installed 532 bytes, 0 fault sites, 2 entries, text 0xffffb298a000..0xffffb298a008, fpsimd false
[    1.707828] rust_kjit: kjit: pc 0xffffb298a000: installed 532 bytes, 0 fault sites, 2 entries, text 0xffffb298a000..0xffffb298a008, fpsimd false
[    1.709324] rust_kjit: kjit: pc 0xffffb298a000: installed 532 bytes, 0 fault sites, 2 entries, text 0xffffb298a000..0xffffb298a008, fpsimd false
[    1.710832] rust_kjit: kjit: pc 0xffffb298a000: installed 532 bytes, 0 fault sites, 2 entries, text 0xffffb298a000..0xffffb298a008, fpsimd false
[    1.712396] rust_kjit: kjit: pc 0xffffb298a000: installed 532 bytes, 0 fault sites, 2 entries, text 0xffffb298a000..0xffffb298a008, fpsimd false
[    1.713966] rust_kjit: kjit: pc 0xffffb298a000: installed 532 bytes, 0 fault sites, 2 entries, text 0xffffb298a000..0xffffb298a008, fpsimd false
[    1.715683] rust_kjit: kjit: pc 0xffffb298a000: installed 532 bytes, 0 fault sites, 2 entries, text 0xffffb298a000..0xffffb298a008, fpsimd false
[    1.717266] rust_kjit: kjit: pc 0xffffb298a000: installed 532 bytes, 0 fault sites, 2 entries, text 0xffffb298a000..0xffffb298a008, fpsimd false
[    1.718868] rust_kjit: kjit: pc 0xffffb298a000: installed 532 bytes, 0 fault sites, 2 entries, text 0xffffb298a000..0xffffb298a008, fpsimd false
[    1.720346] rust_kjit: kjit: pc 0xffffb298a000: installed 532 bytes, 0 fault sites, 2 entries, text 0xffffb298a000..0xffffb298a008, fpsimd false
[    1.721971] rust_kjit: kjit: pc 0xffffb298a000: installed 532 bytes, 0 fault sites, 2 entries, text 0xffffb298a000..0xffffb298a008, fpsimd false
[    1.723262] rust_kjit: kjit: pc 0xffffb298a000: installed 532 bytes, 0 fault sites, 2 entries, text 0xffffb298a000..0xffffb298a008, fpsimd false
[    1.724862] rust_kjit: kjit: pc 0xffffb298a000: installed 532 bytes, 0 fault sites, 2 entries, text 0xffffb298a000..0xffffb298a008, fpsimd false
[    1.726568] rust_kjit: kjit: pc 0xffffb298a000: installed 532 bytes, 0 fault sites, 2 entries, text 0xffffb298a000..0xffffb298a008, fpsimd false
[    1.727705] rust_kjit: kjit: pc 0xffffb298a000: installed 532 bytes, 0 fault sites, 2 entries, text 0xffffb298a000..0xffffb298a008, fpsimd false
[    1.729273] rust_kjit: kjit: pc 0xffffb298a000: installed 532 bytes, 0 fault sites, 2 entries, text 0xffffb298a000..0xffffb298a008, fpsimd false
[    1.730963] rust_kjit: kjit: pc 0xffffb298a000: installed 532 bytes, 0 fault sites, 2 entries, text 0xffffb298a000..0xffffb298a008, fpsimd false
[    1.732050] rust_kjit: kjit: pc 0xffffb298a000: installed 532 bytes, 0 fault sites, 2 entries, text 0xffffb298a000..0xffffb298a008, fpsimd false
[    1.733700] rust_kjit: kjit: pc 0xffffb298a000: installed 532 bytes, 0 fault sites, 2 entries, text 0xffffb298a000..0xffffb298a008, fpsimd false
[    1.734800] rust_kjit: kjit: pc 0xffffb298a000: installed 532 bytes, 0 fault sites, 2 entries, text 0xffffb298a000..0xffffb298a008, fpsimd false
[    1.736289] rust_kjit: kjit: pc 0xffffb298a000: installed 532 bytes, 0 fault sites, 2 entries, text 0xffffb298a000..0xffffb298a008, fpsimd false
[    1.737394] rust_kjit: kjit: pc 0xffffb298a000: installed 532 bytes, 0 fault sites, 2 entries, text 0xffffb298a000..0xffffb298a008, fpsimd false
[    1.739161] rust_kjit: kjit: pc 0xffffb298a000: installed 532 bytes, 0 fault sites, 2 entries, text 0xffffb298a000..0xffffb298a008, fpsimd false
[    1.740779] rust_kjit: kjit: pc 0xffffb298a000: installed 532 bytes, 0 fault sites, 2 entries, text 0xffffb298a000..0xffffb298a008, fpsimd false
[    1.742327] rust_kjit: kjit: pc 0xffffb298a000: installed 532 bytes, 0 fault sites, 2 entries, text 0xffffb298a000..0xffffb298a008, fpsimd false
[    1.744058] rust_kjit: kjit: pc 0xffffb298a000: installed 532 bytes, 0 fault sites, 2 entries, text 0xffffb298a000..0xffffb298a008, fpsimd false
[    1.745692] rust_kjit: kjit: pc 0xffffb298a000: installed 532 bytes, 0 fault sites, 2 entries, text 0xffffb298a000..0xffffb298a008, fpsimd false
[    1.747321] rust_kjit: kjit: pc 0xffffb298a000: installed 532 bytes, 0 fault sites, 2 entries, text 0xffffb298a000..0xffffb298a008, fpsimd false
[    1.748868] rust_kjit: kjit: pc 0xffffb298a000: installed 532 bytes, 0 fault sites, 2 entries, text 0xffffb298a000..0xffffb298a008, fpsimd false
[    1.750489] rust_kjit: kjit: pc 0xffffb298a000: installed 532 bytes, 0 fault sites, 2 entries, text 0xffffb298a000..0xffffb298a008, fpsimd false
[    1.752052] rust_kjit: kjit: pc 0xffffb298a000: installed 532 bytes, 0 fault sites, 2 entries, text 0xffffb298a000..0xffffb298a008, fpsimd false
[    1.753555] rust_kjit: kjit: pc 0xffffb298a000: installed 532 bytes, 0 fault sites, 2 entries, text 0xffffb298a000..0xffffb298a008, fpsimd false
[    1.755020] rust_kjit: kjit: pc 0xffffb298a000: installed 532 bytes, 0 fault sites, 2 entries, text 0xffffb298a000..0xffffb298a008, fpsimd false
[    1.756488] rust_kjit: kjit: pc 0xffffb298a000: installed 532 bytes, 0 fault sites, 2 entries, text 0xffffb298a000..0xffffb298a008, fpsimd false
[    1.758062] rust_kjit: kjit: pc 0xffffb298a000: installed 532 bytes, 0 fault sites, 2 entries, text 0xffffb298a000..0xffffb298a008, fpsimd false
[    1.759739] rust_kjit: kjit: pc 0xffffb298a000: installed 532 bytes, 0 fault sites, 2 entries, text 0xffffb298a000..0xffffb298a008, fpsimd false
[    1.761245] rust_kjit: kjit: pc 0xffffb298a000: installed 532 bytes, 0 fault sites, 2 entries, text 0xffffb298a000..0xffffb298a008, fpsimd false
[    1.762877] rust_kjit: kjit: pc 0xffffb298a000: installed 532 bytes, 0 fault sites, 2 entries, text 0xffffb298a000..0xffffb298a008, fpsimd false
[    1.764398] rust_kjit: kjit: pc 0xffffb298a000: installed 532 bytes, 0 fault sites, 2 entries, text 0xffffb298a000..0xffffb298a008, fpsimd false
[    1.765878] rust_kjit: kjit: pc 0xffffb298a000: installed 532 bytes, 0 fault sites, 2 entries, text 0xffffb298a000..0xffffb298a008, fpsimd false
[    1.767744] rust_kjit: kjit: pc 0xffffb298a000: installed 532 bytes, 0 fault sites, 2 entries, text 0xffffb298a000..0xffffb298a008, fpsimd false
[    1.769266] rust_kjit: kjit: pc 0xffffb298a000: installed 532 bytes, 0 fault sites, 2 entries, text 0xffffb298a000..0xffffb298a008, fpsimd false
[    1.770633] rust_kjit: kjit: pc 0xffffb298a000: installed 532 bytes, 0 fault sites, 2 entries, text 0xffffb298a000..0xffffb298a008, fpsimd false
[    1.772223] rust_kjit: kjit: pc 0xffffb298a000: installed 532 bytes, 0 fault sites, 2 entries, text 0xffffb298a000..0xffffb298a008, fpsimd false
[    1.773767] rust_kjit: kjit: pc 0xffffb298a000: installed 532 bytes, 0 fault sites, 2 entries, text 0xffffb298a000..0xffffb298a008, fpsimd false
[    1.775299] rust_kjit: kjit: pc 0xffffb298a000: installed 532 bytes, 0 fault sites, 2 entries, text 0xffffb298a000..0xffffb298a008, fpsimd false
[    1.776925] rust_kjit: kjit: pc 0xffffb298a000: installed 532 bytes, 0 fault sites, 2 entries, text 0xffffb298a000..0xffffb298a008, fpsimd false
[    1.778066] rust_kjit: kjit: pc 0xffffb298a000: installed 532 bytes, 0 fault sites, 2 entries, text 0xffffb298a000..0xffffb298a008, fpsimd false
[    1.779753] rust_kjit: kjit: pc 0xffffb298a000: installed 532 bytes, 0 fault sites, 2 entries, text 0xffffb298a000..0xffffb298a008, fpsimd false
[    1.781395] rust_kjit: kjit: pc 0xffffb298a000: installed 532 bytes, 0 fault sites, 2 entries, text 0xffffb298a000..0xffffb298a008, fpsimd false
[    1.782965] rust_kjit: kjit: pc 0xffffb298a000: installed 532 bytes, 0 fault sites, 2 entries, text 0xffffb298a000..0xffffb298a008, fpsimd false
[    1.784048] rust_kjit: kjit: pc 0xffffb298a000: installed 532 bytes, 0 fault sites, 2 entries, text 0xffffb298a000..0xffffb298a008, fpsimd false
[    1.785613] rust_kjit: kjit: pc 0xffffb298a000: installed 532 bytes, 0 fault sites, 2 entries, text 0xffffb298a000..0xffffb298a008, fpsimd false
[    1.786726] rust_kjit: kjit: pc 0xffffb298a000: installed 532 bytes, 0 fault sites, 2 entries, text 0xffffb298a000..0xffffb298a008, fpsimd false
[    1.788206] rust_kjit: kjit: pc 0xffffb298a000: installed 532 bytes, 0 fault sites, 2 entries, text 0xffffb298a000..0xffffb298a008, fpsimd false
[    1.789322] rust_kjit: kjit: pc 0xffffb298a000: installed 532 bytes, 0 fault sites, 2 entries, text 0xffffb298a000..0xffffb298a008, fpsimd false
[    1.790828] rust_kjit: kjit: pc 0xffffb298a000: installed 532 bytes, 0 fault sites, 2 entries, text 0xffffb298a000..0xffffb298a008, fpsimd false
[    1.791947] rust_kjit: kjit: pc 0xffffb298a000: installed 532 bytes, 0 fault sites, 2 entries, text 0xffffb298a000..0xffffb298a008, fpsimd false
[    1.793499] rust_kjit: kjit: pc 0xffffb298a000: installed 532 bytes, 0 fault sites, 2 entries, text 0xffffb298a000..0xffffb298a008, fpsimd false
[    1.794577] rust_kjit: kjit: pc 0xffffb298a000: installed 532 bytes, 0 fault sites, 2 entries, text 0xffffb298a000..0xffffb298a008, fpsimd false
[    1.795698] rust_kjit: kjit: pc 0xffffb298a000: installed 532 bytes, 0 fault sites, 2 entries, text 0xffffb298a000..0xffffb298a008, fpsimd false
[    1.797250] rust_kjit: kjit: pc 0xffffb298a000: installed 532 bytes, 0 fault sites, 2 entries, text 0xffffb298a000..0xffffb298a008, fpsimd false
[    1.798756] rust_kjit: kjit: pc 0xffffb298a000: installed 532 bytes, 0 fault sites, 2 entries, text 0xffffb298a000..0xffffb298a008, fpsimd false
[    1.800368] rust_kjit: kjit: pc 0xffffb298a000: installed 532 bytes, 0 fault sites, 2 entries, text 0xffffb298a000..0xffffb298a008, fpsimd false
[    1.801912] rust_kjit: kjit: pc 0xffffb298a000: installed 532 bytes, 0 fault sites, 2 entries, text 0xffffb298a000..0xffffb298a008, fpsimd false
[    1.803686] rust_kjit: kjit: pc 0xffffb298a000: installed 532 bytes, 0 fault sites, 2 entries, text 0xffffb298a000..0xffffb298a008, fpsimd false
[    1.805236] rust_kjit: kjit: pc 0xffffb298a000: installed 532 bytes, 0 fault sites, 2 entries, text 0xffffb298a000..0xffffb298a008, fpsimd false
[    1.806441] rust_kjit: kjit: pc 0xffffb298a000: installed 532 bytes, 0 fault sites, 2 entries, text 0xffffb298a000..0xffffb298a008, fpsimd false
[    1.808000] rust_kjit: kjit: pc 0xffffb298a000: installed 532 bytes, 0 fault sites, 2 entries, text 0xffffb298a000..0xffffb298a008, fpsimd false
[    1.809118] rust_kjit: kjit: pc 0xffffb298a000: installed 532 bytes, 0 fault sites, 2 entries, text 0xffffb298a000..0xffffb298a008, fpsimd false
[    1.810754] rust_kjit: kjit: pc 0xffffb298a000: installed 532 bytes, 0 fault sites, 2 entries, text 0xffffb298a000..0xffffb298a008, fpsimd false
[    1.812228] rust_kjit: kjit: pc 0xffffb298a000: installed 532 bytes, 0 fault sites, 2 entries, text 0xffffb298a000..0xffffb298a008, fpsimd false
[    1.813806] rust_kjit: kjit: pc 0xffffb298a000: installed 532 bytes, 0 fault sites, 2 entries, text 0xffffb298a000..0xffffb298a008, fpsimd false
[    1.815602] rust_kjit: kjit: pc 0xffffb298a000: installed 532 bytes, 0 fault sites, 2 entries, text 0xffffb298a000..0xffffb298a008, fpsimd false
[    1.816630] rust_kjit: kjit: pc 0xffffb298a000: installed 532 bytes, 0 fault sites, 2 entries, text 0xffffb298a000..0xffffb298a008, fpsimd false
[    1.818074] rust_kjit: kjit: pc 0xffffb298a000: installed 532 bytes, 0 fault sites, 2 entries, text 0xffffb298a000..0xffffb298a008, fpsimd false
[    1.819330] rust_kjit: kjit: pc 0xffffb298a000: installed 532 bytes, 0 fault sites, 2 entries, text 0xffffb298a000..0xffffb298a008, fpsimd false
[    1.820903] rust_kjit: kjit: pc 0xffffb298a000: installed 532 bytes, 0 fault sites, 2 entries, text 0xffffb298a000..0xffffb298a008, fpsimd false
[    1.822513] rust_kjit: kjit: pc 0xffffb298a000: installed 532 bytes, 0 fault sites, 2 entries, text 0xffffb298a000..0xffffb298a008, fpsimd false
[    1.824118] rust_kjit: kjit: pc 0xffffb298a000: installed 532 bytes, 0 fault sites, 2 entries, text 0xffffb298a000..0xffffb298a008, fpsimd false
[    1.825555] rust_kjit: kjit: pc 0xffffb298a000: installed 532 bytes, 0 fault sites, 2 entries, text 0xffffb298a000..0xffffb298a008, fpsimd false
[    1.827171] rust_kjit: kjit: pc 0xffffb298a000: installed 532 bytes, 0 fault sites, 2 entries, text 0xffffb298a000..0xffffb298a008, fpsimd false
[    1.828826] rust_kjit: kjit: pc 0xffffb298a000: installed 532 bytes, 0 fault sites, 2 entries, text 0xffffb298a000..0xffffb298a008, fpsimd false
[    1.830592] rust_kjit: kjit: pc 0xffffb298a000: installed 532 bytes, 0 fault sites, 2 entries, text 0xffffb298a000..0xffffb298a008, fpsimd false
[    1.832122] rust_kjit: kjit: pc 0xffffb298a000: installed 532 bytes, 0 fault sites, 2 entries, text 0xffffb298a000..0xffffb298a008, fpsimd false
[    1.833652] rust_kjit: kjit: pc 0xffffb298a000: installed 532 bytes, 0 fault sites, 2 entries, text 0xffffb298a000..0xffffb298a008, fpsimd false
[    1.834707] rust_kjit: kjit: pc 0xffffb298a000: installed 532 bytes, 0 fault sites, 2 entries, text 0xffffb298a000..0xffffb298a008, fpsimd false
[    1.836323] rust_kjit: kjit: pc 0xffffb298a000: installed 532 bytes, 0 fault sites, 2 entries, text 0xffffb298a000..0xffffb298a008, fpsimd false
[    1.837450] rust_kjit: kjit: pc 0xffffb298a000: installed 532 bytes, 0 fault sites, 2 entries, text 0xffffb298a000..0xffffb298a008, fpsimd false
[    1.838959] rust_kjit: kjit: pc 0xffffb298a000: installed 532 bytes, 0 fault sites, 2 entries, text 0xffffb298a000..0xffffb298a008, fpsimd false
[    1.840062] rust_kjit: kjit: pc 0xffffb298a000: installed 532 bytes, 0 fault sites, 2 entries, text 0xffffb298a000..0xffffb298a008, fpsimd false
[    1.841626] rust_kjit: kjit: pc 0xffffb298a000: installed 532 bytes, 0 fault sites, 2 entries, text 0xffffb298a000..0xffffb298a008, fpsimd false
[    1.842692] rust_kjit: kjit: pc 0xffffb298a000: installed 532 bytes, 0 fault sites, 2 entries, text 0xffffb298a000..0xffffb298a008, fpsimd false
[    1.844273] rust_kjit: kjit: pc 0xffffb298a000: installed 532 bytes, 0 fault sites, 2 entries, text 0xffffb298a000..0xffffb298a008, fpsimd false
[    1.845917] rust_kjit: kjit: pc 0xffffb298a000: installed 532 bytes, 0 fault sites, 2 entries, text 0xffffb298a000..0xffffb298a008, fpsimd false
[    1.847094] rust_kjit: kjit: pc 0xffffb298a000: installed 532 bytes, 0 fault sites, 2 entries, text 0xffffb298a000..0xffffb298a008, fpsimd false
[    1.848645] rust_kjit: kjit: pc 0xffffb298a000: installed 532 bytes, 0 fault sites, 2 entries, text 0xffffb298a000..0xffffb298a008, fpsimd false
[    1.849747] rust_kjit: kjit: pc 0xffffb298a000: installed 532 bytes, 0 fault sites, 2 entries, text 0xffffb298a000..0xffffb298a008, fpsimd false
[    1.851274] rust_kjit: kjit: pc 0xffffb298a000: installed 532 bytes, 0 fault sites, 2 entries, text 0xffffb298a000..0xffffb298a008, fpsimd false
[    1.852328] rust_kjit: kjit: pc 0xffffb298a000: installed 532 bytes, 0 fault sites, 2 entries, text 0xffffb298a000..0xffffb298a008, fpsimd false
[    1.853991] rust_kjit: kjit: pc 0xffffb298a000: installed 532 bytes, 0 fault sites, 2 entries, text 0xffffb298a000..0xffffb298a008, fpsimd false
[    1.855266] rust_kjit: kjit: pc 0xffffb298a000: installed 532 bytes, 0 fault sites, 2 entries, text 0xffffb298a000..0xffffb298a008, fpsimd false
[    1.856886] rust_kjit: kjit: pc 0xffffb298a000: installed 532 bytes, 0 fault sites, 2 entries, text 0xffffb298a000..0xffffb298a008, fpsimd false
[    1.858532] rust_kjit: kjit: pc 0xffffb298a000: installed 532 bytes, 0 fault sites, 2 entries, text 0xffffb298a000..0xffffb298a008, fpsimd false
[    1.860061] rust_kjit: kjit: pc 0xffffb298a000: installed 532 bytes, 0 fault sites, 2 entries, text 0xffffb298a000..0xffffb298a008, fpsimd false
[    1.861626] rust_kjit: kjit: pc 0xffffb298a000: installed 532 bytes, 0 fault sites, 2 entries, text 0xffffb298a000..0xffffb298a008, fpsimd false
[    1.862709] rust_kjit: kjit: pc 0xffffb298a000: installed 532 bytes, 0 fault sites, 2 entries, text 0xffffb298a000..0xffffb298a008, fpsimd false
[    1.864254] rust_kjit: kjit: pc 0xffffb298a000: installed 532 bytes, 0 fault sites, 2 entries, text 0xffffb298a000..0xffffb298a008, fpsimd false
[    1.865311] rust_kjit: kjit: pc 0xffffb298a000: installed 532 bytes, 0 fault sites, 2 entries, text 0xffffb298a000..0xffffb298a008, fpsimd false
[    1.866928] rust_kjit: kjit: pc 0xffffb298a000: installed 532 bytes, 0 fault sites, 2 entries, text 0xffffb298a000..0xffffb298a008, fpsimd false
[    1.867977] rust_kjit: kjit: pc 0xffffb298a000: installed 532 bytes, 0 fault sites, 2 entries, text 0xffffb298a000..0xffffb298a008, fpsimd false
[    1.869501] rust_kjit: kjit: pc 0xffffb298a000: installed 532 bytes, 0 fault sites, 2 entries, text 0xffffb298a000..0xffffb298a008, fpsimd false
[    1.871114] rust_kjit: kjit: pc 0xffffb298a000: installed 532 bytes, 0 fault sites, 2 entries, text 0xffffb298a000..0xffffb298a008, fpsimd false
[    1.872643] rust_kjit: kjit: pc 0xffffb298a000: installed 532 bytes, 0 fault sites, 2 entries, text 0xffffb298a000..0xffffb298a008, fpsimd false
[    1.873714] rust_kjit: kjit: pc 0xffffb298a000: installed 532 bytes, 0 fault sites, 2 entries, text 0xffffb298a000..0xffffb298a008, fpsimd false
[    1.875276] rust_kjit: kjit: pc 0xffffb298a000: installed 532 bytes, 0 fault sites, 2 entries, text 0xffffb298a000..0xffffb298a008, fpsimd false
[    1.876350] rust_kjit: kjit: pc 0xffffb298a000: installed 532 bytes, 0 fault sites, 2 entries, text 0xffffb298a000..0xffffb298a008, fpsimd false
[    1.877874] rust_kjit: kjit: pc 0xffffb298a000: installed 532 bytes, 0 fault sites, 2 entries, text 0xffffb298a000..0xffffb298a008, fpsimd false
[    1.879134] rust_kjit: kjit: pc 0xffffb298a000: installed 532 bytes, 0 fault sites, 2 entries, text 0xffffb298a000..0xffffb298a008, fpsimd false
[    1.880655] rust_kjit: kjit: pc 0xffffb298a000: installed 532 bytes, 0 fault sites, 2 entries, text 0xffffb298a000..0xffffb298a008, fpsimd false
[    1.882204] rust_kjit: kjit: pc 0xffffb298a000: installed 532 bytes, 0 fault sites, 2 entries, text 0xffffb298a000..0xffffb298a008, fpsimd false
[    1.883946] rust_kjit: kjit: pc 0xffffb298a000: installed 532 bytes, 0 fault sites, 2 entries, text 0xffffb298a000..0xffffb298a008, fpsimd false
[    1.885428] rust_kjit: kjit: pc 0xffffb298a000: installed 532 bytes, 0 fault sites, 2 entries, text 0xffffb298a000..0xffffb298a008, fpsimd false
[    1.886572] rust_kjit: kjit: pc 0xffffb298a000: installed 532 bytes, 0 fault sites, 2 entries, text 0xffffb298a000..0xffffb298a008, fpsimd false
[    1.887717] rust_kjit: kjit: pc 0xffffb298a000: installed 532 bytes, 0 fault sites, 2 entries, text 0xffffb298a000..0xffffb298a008, fpsimd false
[    1.889234] rust_kjit: kjit: pc 0xffffb298a000: installed 532 bytes, 0 fault sites, 2 entries, text 0xffffb298a000..0xffffb298a008, fpsimd false
[    1.890467] rust_kjit: kjit: pc 0xffffb298a000: installed 532 bytes, 0 fault sites, 2 entries, text 0xffffb298a000..0xffffb298a008, fpsimd false
[    1.892054] rust_kjit: kjit: pc 0xffffb298a000: installed 532 bytes, 0 fault sites, 2 entries, text 0xffffb298a000..0xffffb298a008, fpsimd false
[    1.893510] rust_kjit: kjit: pc 0xffffb298a000: installed 532 bytes, 0 fault sites, 2 entries, text 0xffffb298a000..0xffffb298a008, fpsimd false
[    1.895119] rust_kjit: kjit: pc 0xffffb298a000: installed 532 bytes, 0 fault sites, 2 entries, text 0xffffb298a000..0xffffb298a008, fpsimd false
[    1.896233] rust_kjit: kjit: pc 0xffffb298a000: installed 532 bytes, 0 fault sites, 2 entries, text 0xffffb298a000..0xffffb298a008, fpsimd false
[    1.897698] rust_kjit: kjit: pc 0xffffb298a000: installed 532 bytes, 0 fault sites, 2 entries, text 0xffffb298a000..0xffffb298a008, fpsimd false
[    1.898777] rust_kjit: kjit: pc 0xffffb298a000: installed 532 bytes, 0 fault sites, 2 entries, text 0xffffb298a000..0xffffb298a008, fpsimd false
[    1.900306] rust_kjit: kjit: pc 0xffffb298a000: installed 532 bytes, 0 fault sites, 2 entries, text 0xffffb298a000..0xffffb298a008, fpsimd false
[    1.901769] rust_kjit: kjit: pc 0xffffb298a000: installed 532 bytes, 0 fault sites, 2 entries, text 0xffffb298a000..0xffffb298a008, fpsimd false
[    1.903551] rust_kjit: kjit: pc 0xffffb298a000: installed 532 bytes, 0 fault sites, 2 entries, text 0xffffb298a000..0xffffb298a008, fpsimd false
[    1.904742] rust_kjit: kjit: pc 0xffffb298a000: installed 532 bytes, 0 fault sites, 2 entries, text 0xffffb298a000..0xffffb298a008, fpsimd false
[    1.906235] rust_kjit: kjit: pc 0xffffb298a000: installed 532 bytes, 0 fault sites, 2 entries, text 0xffffb298a000..0xffffb298a008, fpsimd false
[    1.907484] rust_kjit: kjit: pc 0xffffb298a000: installed 532 bytes, 0 fault sites, 2 entries, text 0xffffb298a000..0xffffb298a008, fpsimd false
[    1.909105] rust_kjit: kjit: pc 0xffffb298a000: installed 532 bytes, 0 fault sites, 2 entries, text 0xffffb298a000..0xffffb298a008, fpsimd false
[    1.910573] rust_kjit: kjit: pc 0xffffb298a000: installed 532 bytes, 0 fault sites, 2 entries, text 0xffffb298a000..0xffffb298a008, fpsimd false
[    1.912047] rust_kjit: kjit: pc 0xffffb298a000: installed 532 bytes, 0 fault sites, 2 entries, text 0xffffb298a000..0xffffb298a008, fpsimd false
[    1.913202] rust_kjit: kjit: pc 0xffffb298a000: installed 532 bytes, 0 fault sites, 2 entries, text 0xffffb298a000..0xffffb298a008, fpsimd false
[    1.914722] rust_kjit: kjit: pc 0xffffb298a000: installed 532 bytes, 0 fault sites, 2 entries, text 0xffffb298a000..0xffffb298a008, fpsimd false
[    1.915792] rust_kjit: kjit: pc 0xffffb298a000: installed 532 bytes, 0 fault sites, 2 entries, text 0xffffb298a000..0xffffb298a008, fpsimd false
[    1.917426] rust_kjit: kjit: pc 0xffffb298a000: installed 532 bytes, 0 fault sites, 2 entries, text 0xffffb298a000..0xffffb298a008, fpsimd false
[    1.918669] rust_kjit: kjit: pc 0xffffb298a000: installed 532 bytes, 0 fault sites, 2 entries, text 0xffffb298a000..0xffffb298a008, fpsimd false
[    1.920255] rust_kjit: kjit: pc 0xffffb298a000: installed 532 bytes, 0 fault sites, 2 entries, text 0xffffb298a000..0xffffb298a008, fpsimd false
[    1.921360] rust_kjit: kjit: pc 0xffffb298a000: installed 532 bytes, 0 fault sites, 2 entries, text 0xffffb298a000..0xffffb298a008, fpsimd false
[    1.923056] rust_kjit: kjit: pc 0xffffb298a000: installed 532 bytes, 0 fault sites, 2 entries, text 0xffffb298a000..0xffffb298a008, fpsimd false
[    1.924162] rust_kjit: kjit: pc 0xffffb298a000: installed 532 bytes, 0 fault sites, 2 entries, text 0xffffb298a000..0xffffb298a008, fpsimd false
[    1.925732] rust_kjit: kjit: pc 0xffffb298a000: installed 532 bytes, 0 fault sites, 2 entries, text 0xffffb298a000..0xffffb298a008, fpsimd false
[    1.926922] rust_kjit: kjit: pc 0xffffb298a000: installed 532 bytes, 0 fault sites, 2 entries, text 0xffffb298a000..0xffffb298a008, fpsimd false
[    1.928516] rust_kjit: kjit: pc 0xffffb298a000: installed 532 bytes, 0 fault sites, 2 entries, text 0xffffb298a000..0xffffb298a008, fpsimd false
[    1.929589] rust_kjit: kjit: pc 0xffffb298a000: installed 532 bytes, 0 fault sites, 2 entries, text 0xffffb298a000..0xffffb298a008, fpsimd false
[    1.931124] rust_kjit: kjit: pc 0xffffb298a000: installed 532 bytes, 0 fault sites, 2 entries, text 0xffffb298a000..0xffffb298a008, fpsimd false
[    1.932170] rust_kjit: kjit: pc 0xffffb298a000: installed 532 bytes, 0 fault sites, 2 entries, text 0xffffb298a000..0xffffb298a008, fpsimd false
[    1.933764] rust_kjit: kjit: pc 0xffffb298a000: installed 532 bytes, 0 fault sites, 2 entries, text 0xffffb298a000..0xffffb298a008, fpsimd false
[    1.934783] rust_kjit: kjit: pc 0xffffb298a000: installed 532 bytes, 0 fault sites, 2 entries, text 0xffffb298a000..0xffffb298a008, fpsimd false
[    1.936413] rust_kjit: kjit: pc 0xffffb298a000: installed 532 bytes, 0 fault sites, 2 entries, text 0xffffb298a000..0xffffb298a008, fpsimd false
[    1.937613] rust_kjit: kjit: pc 0xffffb298a000: installed 532 bytes, 0 fault sites, 2 entries, text 0xffffb298a000..0xffffb298a008, fpsimd false
[    1.939160] rust_kjit: kjit: pc 0xffffb298a000: installed 532 bytes, 0 fault sites, 2 entries, text 0xffffb298a000..0xffffb298a008, fpsimd false
[    1.940750] rust_kjit: kjit: pc 0xffffb298a000: installed 532 bytes, 0 fault sites, 2 entries, text 0xffffb298a000..0xffffb298a008, fpsimd false
[    1.942577] rust_kjit: kjit: pc 0xffffb298a000: installed 532 bytes, 0 fault sites, 2 entries, text 0xffffb298a000..0xffffb298a008, fpsimd false
[    1.944124] rust_kjit: kjit: pc 0xffffb298a000: installed 532 bytes, 0 fault sites, 2 entries, text 0xffffb298a000..0xffffb298a008, fpsimd false
[    1.945704] rust_kjit: kjit: pc 0xffffb298a000: installed 532 bytes, 0 fault sites, 2 entries, text 0xffffb298a000..0xffffb298a008, fpsimd false
[    1.947331] rust_kjit: kjit: pc 0xffffb298a000: installed 532 bytes, 0 fault sites, 2 entries, text 0xffffb298a000..0xffffb298a008, fpsimd false
[    1.948896] rust_kjit: kjit: pc 0xffffb298a000: installed 532 bytes, 0 fault sites, 2 entries, text 0xffffb298a000..0xffffb298a008, fpsimd false
[    1.950568] rust_kjit: kjit: pc 0xffffb298a000: installed 532 bytes, 0 fault sites, 2 entries, text 0xffffb298a000..0xffffb298a008, fpsimd false
[    1.952154] rust_kjit: kjit: pc 0xffffb298a000: installed 532 bytes, 0 fault sites, 2 entries, text 0xffffb298a000..0xffffb298a008, fpsimd false
[    1.953654] rust_kjit: kjit: pc 0xffffb298a000: installed 532 bytes, 0 fault sites, 2 entries, text 0xffffb298a000..0xffffb298a008, fpsimd false
[    1.954736] rust_kjit: kjit: pc 0xffffb298a000: installed 532 bytes, 0 fault sites, 2 entries, text 0xffffb298a000..0xffffb298a008, fpsimd false
[    1.956417] rust_kjit: kjit: pc 0xffffb298a000: installed 532 bytes, 0 fault sites, 2 entries, text 0xffffb298a000..0xffffb298a008, fpsimd false
[    1.957989] rust_kjit: kjit: pc 0xffffb298a000: installed 532 bytes, 0 fault sites, 2 entries, text 0xffffb298a000..0xffffb298a008, fpsimd false
[    1.959605] rust_kjit: kjit: pc 0xffffb298a000: installed 532 bytes, 0 fault sites, 2 entries, text 0xffffb298a000..0xffffb298a008, fpsimd false
[    1.961146] rust_kjit: kjit: pc 0xffffb298a000: installed 532 bytes, 0 fault sites, 2 entries, text 0xffffb298a000..0xffffb298a008, fpsimd false
[    1.962183] rust_kjit: kjit: pc 0xffffb298a000: installed 532 bytes, 0 fault sites, 2 entries, text 0xffffb298a000..0xffffb298a008, fpsimd false
[    1.963935] rust_kjit: kjit: pc 0xffffb298a000: installed 532 bytes, 0 fault sites, 2 entries, text 0xffffb298a000..0xffffb298a008, fpsimd false
[    1.965011] rust_kjit: kjit: pc 0xffffb298a000: installed 532 bytes, 0 fault sites, 2 entries, text 0xffffb298a000..0xffffb298a008, fpsimd false
[    1.966619] rust_kjit: kjit: pc 0xffffb298a000: installed 532 bytes, 0 fault sites, 2 entries, text 0xffffb298a000..0xffffb298a008, fpsimd false
[    1.967748] rust_kjit: kjit: pc 0xffffb298a000: installed 532 bytes, 0 fault sites, 2 entries, text 0xffffb298a000..0xffffb298a008, fpsimd false
[    1.968873] rust_kjit: kjit: pc 0xffffb298a000: installed 532 bytes, 0 fault sites, 2 entries, text 0xffffb298a000..0xffffb298a008, fpsimd false
[    1.970569] rust_kjit: kjit: pc 0xffffb298a000: installed 532 bytes, 0 fault sites, 2 entries, text 0xffffb298a000..0xffffb298a008, fpsimd false
[    1.971687] rust_kjit: kjit: pc 0xffffb298a000: installed 532 bytes, 0 fault sites, 2 entries, text 0xffffb298a000..0xffffb298a008, fpsimd false
[    1.973558] rust_kjit: kjit: pc 0xffffb298a000: installed 532 bytes, 0 fault sites, 2 entries, text 0xffffb298a000..0xffffb298a008, fpsimd false
[    1.974621] rust_kjit: kjit: pc 0xffffb298a000: installed 532 bytes, 0 fault sites, 2 entries, text 0xffffb298a000..0xffffb298a008, fpsimd false
[    1.976158] rust_kjit: kjit: pc 0xffffb298a000: installed 532 bytes, 0 fault sites, 2 entries, text 0xffffb298a000..0xffffb298a008, fpsimd false
[    1.977327] rust_kjit: kjit: pc 0xffffb298a000: installed 532 bytes, 0 fault sites, 2 entries, text 0xffffb298a000..0xffffb298a008, fpsimd false
[    1.979043] rust_kjit: kjit: pc 0xffffb298a000: installed 532 bytes, 0 fault sites, 2 entries, text 0xffffb298a000..0xffffb298a008, fpsimd false
[    1.980110] rust_kjit: kjit: pc 0xffffb298a000: installed 532 bytes, 0 fault sites, 2 entries, text 0xffffb298a000..0xffffb298a008, fpsimd false
[    1.981720] rust_kjit: kjit: pc 0xffffb298a000: installed 532 bytes, 0 fault sites, 2 entries, text 0xffffb298a000..0xffffb298a008, fpsimd false
[    1.982948] rust_kjit: kjit: pc 0xffffb298a000: installed 532 bytes, 0 fault sites, 2 entries, text 0xffffb298a000..0xffffb298a008, fpsimd false
[    1.984564] rust_kjit: kjit: pc 0xffffb298a000: installed 532 bytes, 0 fault sites, 2 entries, text 0xffffb298a000..0xffffb298a008, fpsimd false
[    1.986082] rust_kjit: kjit: pc 0xffffb298a000: installed 532 bytes, 0 fault sites, 2 entries, text 0xffffb298a000..0xffffb298a008, fpsimd false
[    1.987802] rust_kjit: kjit: pc 0xffffb298a000: installed 532 bytes, 0 fault sites, 2 entries, text 0xffffb298a000..0xffffb298a008, fpsimd false
[    1.989405] rust_kjit: kjit: pc 0xffffb298a000: installed 532 bytes, 0 fault sites, 2 entries, text 0xffffb298a000..0xffffb298a008, fpsimd false
[    1.991186] rust_kjit: kjit: pc 0xffffb298a000: installed 532 bytes, 0 fault sites, 2 entries, text 0xffffb298a000..0xffffb298a008, fpsimd false
[    1.992322] rust_kjit: kjit: pc 0xffffb298a000: installed 532 bytes, 0 fault sites, 2 entries, text 0xffffb298a000..0xffffb298a008, fpsimd false
[    1.993877] rust_kjit: kjit: pc 0xffffb298a000: installed 532 bytes, 0 fault sites, 2 entries, text 0xffffb298a000..0xffffb298a008, fpsimd false
[    1.995150] rust_kjit: kjit: pc 0xffffb298a000: installed 532 bytes, 0 fault sites, 2 entries, text 0xffffb298a000..0xffffb298a008, fpsimd false
[    1.996687] rust_kjit: kjit: pc 0xffffb298a000: installed 532 bytes, 0 fault sites, 2 entries, text 0xffffb298a000..0xffffb298a008, fpsimd false
[    1.998256] rust_kjit: kjit: pc 0xffffb298a000: installed 532 bytes, 0 fault sites, 2 entries, text 0xffffb298a000..0xffffb298a008, fpsimd false
[    1.999986] rust_kjit: kjit: pc 0xffffb298a000: installed 532 bytes, 0 fault sites, 2 entries, text 0xffffb298a000..0xffffb298a008, fpsimd false
[    2.001528] rust_kjit: kjit: pc 0xffffb298a000: installed 532 bytes, 0 fault sites, 2 entries, text 0xffffb298a000..0xffffb298a008, fpsimd false
[    2.003289] rust_kjit: kjit: pc 0xffffb298a000: installed 532 bytes, 0 fault sites, 2 entries, text 0xffffb298a000..0xffffb298a008, fpsimd false
[    2.004923] rust_kjit: kjit: pc 0xffffb298a000: installed 532 bytes, 0 fault sites, 2 entries, text 0xffffb298a000..0xffffb298a008, fpsimd false
[    2.006594] rust_kjit: kjit: pc 0xffffb298a000: installed 532 bytes, 0 fault sites, 2 entries, text 0xffffb298a000..0xffffb298a008, fpsimd false
[    2.008222] rust_kjit: kjit: pc 0xffffb298a000: installed 532 bytes, 0 fault sites, 2 entries, text 0xffffb298a000..0xffffb298a008, fpsimd false
[    2.009790] rust_kjit: kjit: pc 0xffffb298a000: installed 532 bytes, 0 fault sites, 2 entries, text 0xffffb298a000..0xffffb298a008, fpsimd false
[    2.010879] rust_kjit: kjit: pc 0xffffb298a000: installed 532 bytes, 0 fault sites, 2 entries, text 0xffffb298a000..0xffffb298a008, fpsimd false
[    2.012501] rust_kjit: kjit: pc 0xffffb298a000: installed 532 bytes, 0 fault sites, 2 entries, text 0xffffb298a000..0xffffb298a008, fpsimd false
[    2.013676] rust_kjit: kjit: pc 0xffffb298a000: installed 532 bytes, 0 fault sites, 2 entries, text 0xffffb298a000..0xffffb298a008, fpsimd false
[    2.015199] rust_kjit: kjit: pc 0xffffb298a000: installed 532 bytes, 0 fault sites, 2 entries, text 0xffffb298a000..0xffffb298a008, fpsimd false
[    2.016245] rust_kjit: kjit: pc 0xffffb298a000: installed 532 bytes, 0 fault sites, 2 entries, text 0xffffb298a000..0xffffb298a008, fpsimd false
[    2.017726] rust_kjit: kjit: pc 0xffffb298a000: installed 532 bytes, 0 fault sites, 2 entries, text 0xffffb298a000..0xffffb298a008, fpsimd false
[    2.018771] rust_kjit: kjit: pc 0xffffb298a000: installed 532 bytes, 0 fault sites, 2 entries, text 0xffffb298a000..0xffffb298a008, fpsimd false
[    2.020267] rust_kjit: kjit: pc 0xffffb298a000: installed 532 bytes, 0 fault sites, 2 entries, text 0xffffb298a000..0xffffb298a008, fpsimd false
[    2.021404] rust_kjit: kjit: pc 0xffffb298a000: installed 532 bytes, 0 fault sites, 2 entries, text 0xffffb298a000..0xffffb298a008, fpsimd false
[    2.023008] rust_kjit: kjit: pc 0xffffb298a000: installed 532 bytes, 0 fault sites, 2 entries, text 0xffffb298a000..0xffffb298a008, fpsimd false
[    2.024082] rust_kjit: kjit: pc 0xffffb298a000: installed 532 bytes, 0 fault sites, 2 entries, text 0xffffb298a000..0xffffb298a008, fpsimd false
[    2.025597] rust_kjit: kjit: pc 0xffffb298a000: installed 532 bytes, 0 fault sites, 2 entries, text 0xffffb298a000..0xffffb298a008, fpsimd false
[    2.026769] rust_kjit: kjit: pc 0xffffb298a000: installed 532 bytes, 0 fault sites, 2 entries, text 0xffffb298a000..0xffffb298a008, fpsimd false
[    2.028299] rust_kjit: kjit: pc 0xffffb298a000: installed 532 bytes, 0 fault sites, 2 entries, text 0xffffb298a000..0xffffb298a008, fpsimd false
[    2.029407] rust_kjit: kjit: pc 0xffffb298a000: installed 532 bytes, 0 fault sites, 2 entries, text 0xffffb298a000..0xffffb298a008, fpsimd false
[    2.031050] rust_kjit: kjit: pc 0xffffb298a000: installed 532 bytes, 0 fault sites, 2 entries, text 0xffffb298a000..0xffffb298a008, fpsimd false
[    2.032109] rust_kjit: kjit: pc 0xffffb298a000: installed 532 bytes, 0 fault sites, 2 entries, text 0xffffb298a000..0xffffb298a008, fpsimd false
[    2.033671] rust_kjit: kjit: pc 0xffffb298a000: installed 532 bytes, 0 fault sites, 2 entries, text 0xffffb298a000..0xffffb298a008, fpsimd false
[    2.034856] rust_kjit: kjit: pc 0xffffb298a000: installed 532 bytes, 0 fault sites, 2 entries, text 0xffffb298a000..0xffffb298a008, fpsimd false
[    2.036308] rust_kjit: kjit: pc 0xffffb298a000: installed 532 bytes, 0 fault sites, 2 entries, text 0xffffb298a000..0xffffb298a008, fpsimd false
[    2.037926] rust_kjit: kjit: pc 0xffffb298a000: installed 532 bytes, 0 fault sites, 2 entries, text 0xffffb298a000..0xffffb298a008, fpsimd false
[    2.039493] rust_kjit: kjit: pc 0xffffb298a000: installed 532 bytes, 0 fault sites, 2 entries, text 0xffffb298a000..0xffffb298a008, fpsimd false
[    2.040597] rust_kjit: kjit: pc 0xffffb298a000: installed 532 bytes, 0 fault sites, 2 entries, text 0xffffb298a000..0xffffb298a008, fpsimd false
[    2.042152] rust_kjit: kjit: pc 0xffffb298a000: installed 532 bytes, 0 fault sites, 2 entries, text 0xffffb298a000..0xffffb298a008, fpsimd false
[    2.043365] rust_kjit: kjit: pc 0xffffb298a000: installed 532 bytes, 0 fault sites, 2 entries, text 0xffffb298a000..0xffffb298a008, fpsimd false
[    2.044936] rust_kjit: kjit: pc 0xffffb298a000: installed 532 bytes, 0 fault sites, 2 entries, text 0xffffb298a000..0xffffb298a008, fpsimd false
[    2.046596] rust_kjit: kjit: pc 0xffffb298a000: installed 532 bytes, 0 fault sites, 2 entries, text 0xffffb298a000..0xffffb298a008, fpsimd false
[    2.047736] rust_kjit: kjit: pc 0xffffb298a000: installed 532 bytes, 0 fault sites, 2 entries, text 0xffffb298a000..0xffffb298a008, fpsimd false
[    2.049227] rust_kjit: kjit: pc 0xffffb298a000: installed 532 bytes, 0 fault sites, 2 entries, text 0xffffb298a000..0xffffb298a008, fpsimd false
[    2.050471] rust_kjit: kjit: pc 0xffffb298a000: installed 532 bytes, 0 fault sites, 2 entries, text 0xffffb298a000..0xffffb298a008, fpsimd false
[    2.051982] rust_kjit: kjit: pc 0xffffb298a000: installed 532 bytes, 0 fault sites, 2 entries, text 0xffffb298a000..0xffffb298a008, fpsimd false
[    2.053636] rust_kjit: kjit: pc 0xffffb298a000: installed 532 bytes, 0 fault sites, 2 entries, text 0xffffb298a000..0xffffb298a008, fpsimd false
[    2.055269] rust_kjit: kjit: pc 0xffffb298a000: installed 532 bytes, 0 fault sites, 2 entries, text 0xffffb298a000..0xffffb298a008, fpsimd false
[    2.056809] rust_kjit: kjit: pc 0xffffb298a000: installed 532 bytes, 0 fault sites, 2 entries, text 0xffffb298a000..0xffffb298a008, fpsimd false
[    2.058280] rust_kjit: kjit: pc 0xffffb298a000: installed 532 bytes, 0 fault sites, 2 entries, text 0xffffb298a000..0xffffb298a008, fpsimd false
[    2.060180] rust_kjit: kjit: pc 0xffffb298a000: installed 532 bytes, 0 fault sites, 2 entries, text 0xffffb298a000..0xffffb298a008, fpsimd false
[    2.061700] rust_kjit: kjit: pc 0xffffb298a000: installed 532 bytes, 0 fault sites, 2 entries, text 0xffffb298a000..0xffffb298a008, fpsimd false
[    2.063155] rust_kjit: kjit: pc 0xffffb298a000: installed 532 bytes, 0 fault sites, 2 entries, text 0xffffb298a000..0xffffb298a008, fpsimd false
[    2.064684] rust_kjit: kjit: pc 0xffffb298a000: installed 532 bytes, 0 fault sites, 2 entries, text 0xffffb298a000..0xffffb298a008, fpsimd false
[    2.065724] rust_kjit: kjit: pc 0xffffb298a000: installed 532 bytes, 0 fault sites, 2 entries, text 0xffffb298a000..0xffffb298a008, fpsimd false
[    2.067243] rust_kjit: kjit: pc 0xffffb298a000: installed 532 bytes, 0 fault sites, 2 entries, text 0xffffb298a000..0xffffb298a008, fpsimd false
[    2.068396] rust_kjit: kjit: pc 0xffffb298a000: installed 532 bytes, 0 fault sites, 2 entries, text 0xffffb298a000..0xffffb298a008, fpsimd false
[    2.069938] rust_kjit: kjit: pc 0xffffb298a000: installed 532 bytes, 0 fault sites, 2 entries, text 0xffffb298a000..0xffffb298a008, fpsimd false
[    2.071154] rust_kjit: kjit: pc 0xffffb298a000: installed 532 bytes, 0 fault sites, 2 entries, text 0xffffb298a000..0xffffb298a008, fpsimd false
[    2.072710] rust_kjit: kjit: pc 0xffffb298a000: installed 532 bytes, 0 fault sites, 2 entries, text 0xffffb298a000..0xffffb298a008, fpsimd false
[    2.074245] rust_kjit: kjit: pc 0xffffb298a000: installed 532 bytes, 0 fault sites, 2 entries, text 0xffffb298a000..0xffffb298a008, fpsimd false
[    2.075999] rust_kjit: kjit: pc 0xffffb298a000: installed 532 bytes, 0 fault sites, 2 entries, text 0xffffb298a000..0xffffb298a008, fpsimd false
[    2.077146] rust_kjit: kjit: pc 0xffffb298a000: installed 532 bytes, 0 fault sites, 2 entries, text 0xffffb298a000..0xffffb298a008, fpsimd false
[    2.078732] rust_kjit: kjit: pc 0xffffb298a000: installed 532 bytes, 0 fault sites, 2 entries, text 0xffffb298a000..0xffffb298a008, fpsimd false
[    2.080210] rust_kjit: kjit: pc 0xffffb298a000: installed 532 bytes, 0 fault sites, 2 entries, text 0xffffb298a000..0xffffb298a008, fpsimd false
[    2.081755] rust_kjit: kjit: pc 0xffffb298a000: installed 532 bytes, 0 fault sites, 2 entries, text 0xffffb298a000..0xffffb298a008, fpsimd false
[    2.083222] rust_kjit: kjit: pc 0xffffb298a000: installed 532 bytes, 0 fault sites, 2 entries, text 0xffffb298a000..0xffffb298a008, fpsimd false
[    2.084813] rust_kjit: kjit: pc 0xffffb298a000: installed 532 bytes, 0 fault sites, 2 entries, text 0xffffb298a000..0xffffb298a008, fpsimd false
[    2.086327] rust_kjit: kjit: pc 0xffffb298a000: installed 532 bytes, 0 fault sites, 2 entries, text 0xffffb298a000..0xffffb298a008, fpsimd false
[    2.087951] rust_kjit: kjit: pc 0xffffb298a000: installed 532 bytes, 0 fault sites, 2 entries, text 0xffffb298a000..0xffffb298a008, fpsimd false
[    2.089503] rust_kjit: kjit: pc 0xffffb298a000: installed 532 bytes, 0 fault sites, 2 entries, text 0xffffb298a000..0xffffb298a008, fpsimd false
[    2.091108] rust_kjit: kjit: pc 0xffffb298a000: installed 532 bytes, 0 fault sites, 2 entries, text 0xffffb298a000..0xffffb298a008, fpsimd false
[    2.092657] rust_kjit: kjit: pc 0xffffb298a000: installed 532 bytes, 0 fault sites, 2 entries, text 0xffffb298a000..0xffffb298a008, fpsimd false
[    2.094126] rust_kjit: kjit: pc 0xffffb298a000: installed 532 bytes, 0 fault sites, 2 entries, text 0xffffb298a000..0xffffb298a008, fpsimd false
[    2.095897] rust_kjit: kjit: pc 0xffffb298a000: installed 532 bytes, 0 fault sites, 2 entries, text 0xffffb298a000..0xffffb298a008, fpsimd false
[    2.097452] rust_kjit: kjit: pc 0xffffb298a000: installed 532 bytes, 0 fault sites, 2 entries, text 0xffffb298a000..0xffffb298a008, fpsimd false
[    2.098512] rust_kjit: kjit: pc 0xffffb298a000: installed 532 bytes, 0 fault sites, 2 entries, text 0xffffb298a000..0xffffb298a008, fpsimd false
[    2.100063] rust_kjit: kjit: pc 0xffffb298a000: installed 532 bytes, 0 fault sites, 2 entries, text 0xffffb298a000..0xffffb298a008, fpsimd false
[    2.101161] rust_kjit: kjit: pc 0xffffb298a000: installed 532 bytes, 0 fault sites, 2 entries, text 0xffffb298a000..0xffffb298a008, fpsimd false
[    2.102852] rust_kjit: kjit: pc 0xffffb298a000: installed 532 bytes, 0 fault sites, 2 entries, text 0xffffb298a000..0xffffb298a008, fpsimd false
[    2.104193] rust_kjit: kjit: pc 0xffffb298a000: installed 532 bytes, 0 fault sites, 2 entries, text 0xffffb298a000..0xffffb298a008, fpsimd false
[    2.106110] rust_kjit: kjit: pc 0xffffb298a000: installed 532 bytes, 0 fault sites, 2 entries, text 0xffffb298a000..0xffffb298a008, fpsimd false
[    2.107853] rust_kjit: kjit: pc 0xffffb298a000: installed 532 bytes, 0 fault sites, 2 entries, text 0xffffb298a000..0xffffb298a008, fpsimd false
[    2.109439] rust_kjit: kjit: pc 0xffffb298a000: installed 532 bytes, 0 fault sites, 2 entries, text 0xffffb298a000..0xffffb298a008, fpsimd false
[    2.111009] rust_kjit: kjit: pc 0xffffb298a000: installed 532 bytes, 0 fault sites, 2 entries, text 0xffffb298a000..0xffffb298a008, fpsimd false
[    2.112449] rust_kjit: kjit: pc 0xffffb298a000: installed 532 bytes, 0 fault sites, 2 entries, text 0xffffb298a000..0xffffb298a008, fpsimd false
[    2.114047] rust_kjit: kjit: pc 0xffffb298a000: installed 532 bytes, 0 fault sites, 2 entries, text 0xffffb298a000..0xffffb298a008, fpsimd false
[    2.115781] rust_kjit: kjit: pc 0xffffb298a000: installed 532 bytes, 0 fault sites, 2 entries, text 0xffffb298a000..0xffffb298a008, fpsimd false
[    2.117311] rust_kjit: kjit: pc 0xffffb298a000: installed 532 bytes, 0 fault sites, 2 entries, text 0xffffb298a000..0xffffb298a008, fpsimd false
[    2.118890] rust_kjit: kjit: pc 0xffffb298a000: installed 532 bytes, 0 fault sites, 2 entries, text 0xffffb298a000..0xffffb298a008, fpsimd false
[    2.120433] rust_kjit: kjit: pc 0xffffb298a000: installed 532 bytes, 0 fault sites, 2 entries, text 0xffffb298a000..0xffffb298a008, fpsimd false
[    2.121495] rust_kjit: kjit: pc 0xffffb298a000: installed 532 bytes, 0 fault sites, 2 entries, text 0xffffb298a000..0xffffb298a008, fpsimd false
[    2.123115] rust_kjit: kjit: pc 0xffffb298a000: installed 532 bytes, 0 fault sites, 2 entries, text 0xffffb298a000..0xffffb298a008, fpsimd false
[    2.124146] rust_kjit: kjit: pc 0xffffb298a000: installed 532 bytes, 0 fault sites, 2 entries, text 0xffffb298a000..0xffffb298a008, fpsimd false
[    2.125760] rust_kjit: kjit: pc 0xffffb298a000: installed 532 bytes, 0 fault sites, 2 entries, text 0xffffb298a000..0xffffb298a008, fpsimd false
[    2.126941] rust_kjit: kjit: pc 0xffffb298a000: installed 532 bytes, 0 fault sites, 2 entries, text 0xffffb298a000..0xffffb298a008, fpsimd false
[    2.128510] rust_kjit: kjit: pc 0xffffb298a000: installed 532 bytes, 0 fault sites, 2 entries, text 0xffffb298a000..0xffffb298a008, fpsimd false
[    2.129617] rust_kjit: kjit: pc 0xffffb298a000: installed 532 bytes, 0 fault sites, 2 entries, text 0xffffb298a000..0xffffb298a008, fpsimd false
[    2.131166] rust_kjit: kjit: pc 0xffffb298a000: installed 532 bytes, 0 fault sites, 2 entries, text 0xffffb298a000..0xffffb298a008, fpsimd false
[    2.132789] rust_kjit: kjit: pc 0xffffb298a000: installed 532 bytes, 0 fault sites, 2 entries, text 0xffffb298a000..0xffffb298a008, fpsimd false
[    2.134277] rust_kjit: kjit: pc 0xffffb298a000: installed 532 bytes, 0 fault sites, 2 entries, text 0xffffb298a000..0xffffb298a008, fpsimd false
[    2.135595] rust_kjit: kjit: pc 0xffffb298a000: installed 532 bytes, 0 fault sites, 2 entries, text 0xffffb298a000..0xffffb298a008, fpsimd false
[    2.137134] rust_kjit: kjit: pc 0xffffb298a000: installed 532 bytes, 0 fault sites, 2 entries, text 0xffffb298a000..0xffffb298a008, fpsimd false
[    2.138166] rust_kjit: kjit: pc 0xffffb298a000: installed 532 bytes, 0 fault sites, 2 entries, text 0xffffb298a000..0xffffb298a008, fpsimd false
[    2.139844] rust_kjit: kjit: pc 0xffffb298a000: installed 532 bytes, 0 fault sites, 2 entries, text 0xffffb298a000..0xffffb298a008, fpsimd false
[    2.140936] rust_kjit: kjit: pc 0xffffb298a000: installed 532 bytes, 0 fault sites, 2 entries, text 0xffffb298a000..0xffffb298a008, fpsimd false
[    2.142521] rust_kjit: kjit: pc 0xffffb298a000: installed 532 bytes, 0 fault sites, 2 entries, text 0xffffb298a000..0xffffb298a008, fpsimd false
[    2.143716] rust_kjit: kjit: pc 0xffffb298a000: installed 532 bytes, 0 fault sites, 2 entries, text 0xffffb298a000..0xffffb298a008, fpsimd false
[    2.145292] rust_kjit: kjit: pc 0xffffb298a000: installed 532 bytes, 0 fault sites, 2 entries, text 0xffffb298a000..0xffffb298a008, fpsimd false
[    2.146812] rust_kjit: kjit: pc 0xffffb298a000: installed 532 bytes, 0 fault sites, 2 entries, text 0xffffb298a000..0xffffb298a008, fpsimd false
[    2.148413] rust_kjit: kjit: pc 0xffffb298a000: installed 532 bytes, 0 fault sites, 2 entries, text 0xffffb298a000..0xffffb298a008, fpsimd false
[    2.149974] rust_kjit: kjit: pc 0xffffb298a000: installed 532 bytes, 0 fault sites, 2 entries, text 0xffffb298a000..0xffffb298a008, fpsimd false
[    2.151687] rust_kjit: kjit: pc 0xffffb298a000: installed 532 bytes, 0 fault sites, 2 entries, text 0xffffb298a000..0xffffb298a008, fpsimd false
[    2.153227] rust_kjit: kjit: pc 0xffffb298a000: installed 532 bytes, 0 fault sites, 2 entries, text 0xffffb298a000..0xffffb298a008, fpsimd false
[    2.154745] rust_kjit: kjit: pc 0xffffb298a000: installed 532 bytes, 0 fault sites, 2 entries, text 0xffffb298a000..0xffffb298a008, fpsimd false
[    2.156266] rust_kjit: kjit: pc 0xffffb298a000: installed 532 bytes, 0 fault sites, 2 entries, text 0xffffb298a000..0xffffb298a008, fpsimd false
[    2.157830] rust_kjit: kjit: pc 0xffffb298a000: installed 532 bytes, 0 fault sites, 2 entries, text 0xffffb298a000..0xffffb298a008, fpsimd false
[    2.158897] rust_kjit: kjit: pc 0xffffb298a000: installed 532 bytes, 0 fault sites, 2 entries, text 0xffffb298a000..0xffffb298a008, fpsimd false
[    2.160475] rust_kjit: kjit: pc 0xffffb298a000: installed 532 bytes, 0 fault sites, 2 entries, text 0xffffb298a000..0xffffb298a008, fpsimd false
[    2.161572] rust_kjit: kjit: pc 0xffffb298a000: installed 532 bytes, 0 fault sites, 2 entries, text 0xffffb298a000..0xffffb298a008, fpsimd false
[    2.163202] rust_kjit: kjit: pc 0xffffb298a000: installed 532 bytes, 0 fault sites, 2 entries, text 0xffffb298a000..0xffffb298a008, fpsimd false
[    2.164717] rust_kjit: kjit: pc 0xffffb298a000: installed 532 bytes, 0 fault sites, 2 entries, text 0xffffb298a000..0xffffb298a008, fpsimd false
[    2.165786] rust_kjit: kjit: pc 0xffffb298a000: installed 532 bytes, 0 fault sites, 2 entries, text 0xffffb298a000..0xffffb298a008, fpsimd false
[    2.167275] rust_kjit: kjit: pc 0xffffb298a000: installed 532 bytes, 0 fault sites, 2 entries, text 0xffffb298a000..0xffffb298a008, fpsimd false
[    2.168323] rust_kjit: kjit: pc 0xffffb298a000: installed 532 bytes, 0 fault sites, 2 entries, text 0xffffb298a000..0xffffb298a008, fpsimd false
[    2.170024] rust_kjit: kjit: pc 0xffffb298a000: installed 532 bytes, 0 fault sites, 2 entries, text 0xffffb298a000..0xffffb298a008, fpsimd false
[    2.171251] rust_kjit: kjit: pc 0xffffb298a000: installed 532 bytes, 0 fault sites, 2 entries, text 0xffffb298a000..0xffffb298a008, fpsimd false
[    2.172794] rust_kjit: kjit: pc 0xffffb298a000: installed 532 bytes, 0 fault sites, 2 entries, text 0xffffb298a000..0xffffb298a008, fpsimd false
[    2.174311] rust_kjit: kjit: pc 0xffffb298a000: installed 532 bytes, 0 fault sites, 2 entries, text 0xffffb298a000..0xffffb298a008, fpsimd false
[    2.175569] rust_kjit: kjit: pc 0xffffb298a000: installed 532 bytes, 0 fault sites, 2 entries, text 0xffffb298a000..0xffffb298a008, fpsimd false
[    2.177196] rust_kjit: kjit: pc 0xffffb298a000: installed 532 bytes, 0 fault sites, 2 entries, text 0xffffb298a000..0xffffb298a008, fpsimd false
[    2.178743] rust_kjit: kjit: pc 0xffffb298a000: installed 532 bytes, 0 fault sites, 2 entries, text 0xffffb298a000..0xffffb298a008, fpsimd false
[    2.180268] rust_kjit: kjit: pc 0xffffb298a000: installed 532 bytes, 0 fault sites, 2 entries, text 0xffffb298a000..0xffffb298a008, fpsimd false
[    2.181834] rust_kjit: kjit: pc 0xffffb298a000: installed 532 bytes, 0 fault sites, 2 entries, text 0xffffb298a000..0xffffb298a008, fpsimd false
[    2.183344] rust_kjit: kjit: pc 0xffffb298a000: installed 532 bytes, 0 fault sites, 2 entries, text 0xffffb298a000..0xffffb298a008, fpsimd false
[    2.184428] rust_kjit: kjit: pc 0xffffb298a000: installed 532 bytes, 0 fault sites, 2 entries, text 0xffffb298a000..0xffffb298a008, fpsimd false
[    2.185897] rust_kjit: kjit: pc 0xffffb298a000: installed 532 bytes, 0 fault sites, 2 entries, text 0xffffb298a000..0xffffb298a008, fpsimd false
[    2.187632] rust_kjit: kjit: pc 0xffffb298a000: installed 532 bytes, 0 fault sites, 2 entries, text 0xffffb298a000..0xffffb298a008, fpsimd false
[    2.188660] rust_kjit: kjit: pc 0xffffb298a000: installed 532 bytes, 0 fault sites, 2 entries, text 0xffffb298a000..0xffffb298a008, fpsimd false
[    2.190162] rust_kjit: kjit: pc 0xffffb298a000: installed 532 bytes, 0 fault sites, 2 entries, text 0xffffb298a000..0xffffb298a008, fpsimd false
[    2.191410] rust_kjit: kjit: pc 0xffffb298a000: installed 532 bytes, 0 fault sites, 2 entries, text 0xffffb298a000..0xffffb298a008, fpsimd false
[    2.192893] rust_kjit: kjit: pc 0xffffb298a000: installed 532 bytes, 0 fault sites, 2 entries, text 0xffffb298a000..0xffffb298a008, fpsimd false
[    2.194445] rust_kjit: kjit: pc 0xffffb298a000: installed 532 bytes, 0 fault sites, 2 entries, text 0xffffb298a000..0xffffb298a008, fpsimd false
[    2.196039] rust_kjit: kjit: pc 0xffffb298a000: installed 532 bytes, 0 fault sites, 2 entries, text 0xffffb298a000..0xffffb298a008, fpsimd false
[    2.197535] rust_kjit: kjit: pc 0xffffb298a000: installed 532 bytes, 0 fault sites, 2 entries, text 0xffffb298a000..0xffffb298a008, fpsimd false
[    2.199078] rust_kjit: kjit: pc 0xffffb298a000: installed 532 bytes, 0 fault sites, 2 entries, text 0xffffb298a000..0xffffb298a008, fpsimd false
[    2.200734] rust_kjit: kjit: pc 0xffffb298a000: installed 532 bytes, 0 fault sites, 2 entries, text 0xffffb298a000..0xffffb298a008, fpsimd false
[    2.202252] rust_kjit: kjit: pc 0xffffb298a000: installed 532 bytes, 0 fault sites, 2 entries, text 0xffffb298a000..0xffffb298a008, fpsimd false
[    2.203983] rust_kjit: kjit: pc 0xffffb298a000: installed 532 bytes, 0 fault sites, 2 entries, text 0xffffb298a000..0xffffb298a008, fpsimd false
[    2.205544] rust_kjit: kjit: pc 0xffffb298a000: installed 532 bytes, 0 fault sites, 2 entries, text 0xffffb298a000..0xffffb298a008, fpsimd false
[    2.207067] rust_kjit: kjit: pc 0xffffb298a000: installed 532 bytes, 0 fault sites, 2 entries, text 0xffffb298a000..0xffffb298a008, fpsimd false
[    2.208613] rust_kjit: kjit: pc 0xffffb298a000: installed 532 bytes, 0 fault sites, 2 entries, text 0xffffb298a000..0xffffb298a008, fpsimd false
[    2.209720] rust_kjit: kjit: pc 0xffffb298a000: installed 532 bytes, 0 fault sites, 2 entries, text 0xffffb298a000..0xffffb298a008, fpsimd false
[    2.211299] rust_kjit: kjit: pc 0xffffb298a000: installed 532 bytes, 0 fault sites, 2 entries, text 0xffffb298a000..0xffffb298a008, fpsimd false
[    2.212359] rust_kjit: kjit: pc 0xffffb298a000: installed 532 bytes, 0 fault sites, 2 entries, text 0xffffb298a000..0xffffb298a008, fpsimd false
[    2.213881] rust_kjit: kjit: pc 0xffffb298a000: installed 532 bytes, 0 fault sites, 2 entries, text 0xffffb298a000..0xffffb298a008, fpsimd false
[    2.215173] rust_kjit: kjit: pc 0xffffb298a000: installed 532 bytes, 0 fault sites, 2 entries, text 0xffffb298a000..0xffffb298a008, fpsimd false
[    2.216733] rust_kjit: kjit: pc 0xffffb298a000: installed 532 bytes, 0 fault sites, 2 entries, text 0xffffb298a000..0xffffb298a008, fpsimd false
[    2.217817] rust_kjit: kjit: pc 0xffffb298a000: installed 532 bytes, 0 fault sites, 2 entries, text 0xffffb298a000..0xffffb298a008, fpsimd false
[    2.219317] rust_kjit: kjit: pc 0xffffb298a000: installed 532 bytes, 0 fault sites, 2 entries, text 0xffffb298a000..0xffffb298a008, fpsimd false
[    2.220389] rust_kjit: kjit: pc 0xffffb298a000: installed 532 bytes, 0 fault sites, 2 entries, text 0xffffb298a000..0xffffb298a008, fpsimd false
[    2.221903] rust_kjit: kjit: pc 0xffffb298a000: installed 532 bytes, 0 fault sites, 2 entries, text 0xffffb298a000..0xffffb298a008, fpsimd false
[    2.223136] rust_kjit: kjit: pc 0xffffb298a000: installed 532 bytes, 0 fault sites, 2 entries, text 0xffffb298a000..0xffffb298a008, fpsimd false
[    2.224658] rust_kjit: kjit: pc 0xffffb298a000: installed 532 bytes, 0 fault sites, 2 entries, text 0xffffb298a000..0xffffb298a008, fpsimd false
[    2.226215] rust_kjit: kjit: pc 0xffffb298a000: installed 532 bytes, 0 fault sites, 2 entries, text 0xffffb298a000..0xffffb298a008, fpsimd false
[    2.227509] rust_kjit: kjit: pc 0xffffb298a000: installed 532 bytes, 0 fault sites, 2 entries, text 0xffffb298a000..0xffffb298a008, fpsimd false
[    2.229002] rust_kjit: kjit: pc 0xffffb298a000: installed 532 bytes, 0 fault sites, 2 entries, text 0xffffb298a000..0xffffb298a008, fpsimd false
[    2.230521] rust_kjit: kjit: pc 0xffffb298a000: installed 532 bytes, 0 fault sites, 2 entries, text 0xffffb298a000..0xffffb298a008, fpsimd false
[    2.231608] rust_kjit: kjit: pc 0xffffb298a000: installed 532 bytes, 0 fault sites, 2 entries, text 0xffffb298a000..0xffffb298a008, fpsimd false
[    2.233133] rust_kjit: kjit: pc 0xffffb298a000: installed 532 bytes, 0 fault sites, 2 entries, text 0xffffb298a000..0xffffb298a008, fpsimd false
[    2.234210] rust_kjit: kjit: pc 0xffffb298a000: installed 532 bytes, 0 fault sites, 2 entries, text 0xffffb298a000..0xffffb298a008, fpsimd false
[    2.235996] rust_kjit: kjit: pc 0xffffb298a000: installed 532 bytes, 0 fault sites, 2 entries, text 0xffffb298a000..0xffffb298a008, fpsimd false
[    2.237072] rust_kjit: kjit: pc 0xffffb298a000: installed 532 bytes, 0 fault sites, 2 entries, text 0xffffb298a000..0xffffb298a008, fpsimd false
[    2.238627] rust_kjit: kjit: pc 0xffffb298a000: installed 532 bytes, 0 fault sites, 2 entries, text 0xffffb298a000..0xffffb298a008, fpsimd false
[    2.239651] rust_kjit: kjit: pc 0xffffb298a000: installed 532 bytes, 0 fault sites, 2 entries, text 0xffffb298a000..0xffffb298a008, fpsimd false
[    2.241173] rust_kjit: kjit: pc 0xffffb298a000: installed 532 bytes, 0 fault sites, 2 entries, text 0xffffb298a000..0xffffb298a008, fpsimd false
[    2.242232] rust_kjit: kjit: pc 0xffffb298a000: installed 532 bytes, 0 fault sites, 2 entries, text 0xffffb298a000..0xffffb298a008, fpsimd false
[    2.243887] rust_kjit: kjit: pc 0xffffb298a000: installed 532 bytes, 0 fault sites, 2 entries, text 0xffffb298a000..0xffffb298a008, fpsimd false
[    2.245010] rust_kjit: kjit: pc 0xffffb298a000: installed 532 bytes, 0 fault sites, 2 entries, text 0xffffb298a000..0xffffb298a008, fpsimd false
[    2.246120] rust_kjit: kjit: pc 0xffffb298a000: installed 532 bytes, 0 fault sites, 2 entries, text 0xffffb298a000..0xffffb298a008, fpsimd false
[    2.247905] rust_kjit: kjit: pc 0xffffb298a000: installed 532 bytes, 0 fault sites, 2 entries, text 0xffffb298a000..0xffffb298a008, fpsimd false
[    2.248950] rust_kjit: kjit: pc 0xffffb298a000: installed 532 bytes, 0 fault sites, 2 entries, text 0xffffb298a000..0xffffb298a008, fpsimd false
[    2.250591] rust_kjit: kjit: pc 0xffffb298a000: installed 532 bytes, 0 fault sites, 2 entries, text 0xffffb298a000..0xffffb298a008, fpsimd false
[    2.252183] rust_kjit: kjit: pc 0xffffb298a000: installed 532 bytes, 0 fault sites, 2 entries, text 0xffffb298a000..0xffffb298a008, fpsimd false
[    2.253284] rust_kjit: kjit: pc 0xffffb298a000: installed 532 bytes, 0 fault sites, 2 entries, text 0xffffb298a000..0xffffb298a008, fpsimd false
[    2.254867] rust_kjit: kjit: pc 0xffffb298a000: installed 532 bytes, 0 fault sites, 2 entries, text 0xffffb298a000..0xffffb298a008, fpsimd false
[    2.255886] rust_kjit: kjit: pc 0xffffb298a000: installed 532 bytes, 0 fault sites, 2 entries, text 0xffffb298a000..0xffffb298a008, fpsimd false
[    2.257425] rust_kjit: kjit: pc 0xffffb298a000: installed 532 bytes, 0 fault sites, 2 entries, text 0xffffb298a000..0xffffb298a008, fpsimd false
[    2.258570] rust_kjit: kjit: pc 0xffffb298a000: installed 532 bytes, 0 fault sites, 2 entries, text 0xffffb298a000..0xffffb298a008, fpsimd false
[    2.260027] rust_kjit: kjit: pc 0xffffb298a000: installed 532 bytes, 0 fault sites, 2 entries, text 0xffffb298a000..0xffffb298a008, fpsimd false
[    2.261070] rust_kjit: kjit: pc 0xffffb298a000: installed 532 bytes, 0 fault sites, 2 entries, text 0xffffb298a000..0xffffb298a008, fpsimd false
[    2.262646] rust_kjit: kjit: pc 0xffffb298a000: installed 532 bytes, 0 fault sites, 2 entries, text 0xffffb298a000..0xffffb298a008, fpsimd false
[    2.263733] rust_kjit: kjit: pc 0xffffb298a000: installed 532 bytes, 0 fault sites, 2 entries, text 0xffffb298a000..0xffffb298a008, fpsimd false
[    2.265224] rust_kjit: kjit: pc 0xffffb298a000: installed 532 bytes, 0 fault sites, 2 entries, text 0xffffb298a000..0xffffb298a008, fpsimd false
[    2.266497] rust_kjit: kjit: pc 0xffffb298a000: installed 532 bytes, 0 fault sites, 2 entries, text 0xffffb298a000..0xffffb298a008, fpsimd false
[    2.268074] rust_kjit: kjit: pc 0xffffb298a000: installed 532 bytes, 0 fault sites, 2 entries, text 0xffffb298a000..0xffffb298a008, fpsimd false
[    2.269594] rust_kjit: kjit: pc 0xffffb298a000: installed 532 bytes, 0 fault sites, 2 entries, text 0xffffb298a000..0xffffb298a008, fpsimd false
[    2.271221] rust_kjit: kjit: pc 0xffffb298a000: installed 532 bytes, 0 fault sites, 2 entries, text 0xffffb298a000..0xffffb298a008, fpsimd false
[    2.272717] rust_kjit: kjit: pc 0xffffb298a000: installed 532 bytes, 0 fault sites, 2 entries, text 0xffffb298a000..0xffffb298a008, fpsimd false
[    2.274264] rust_kjit: kjit: pc 0xffffb298a000: installed 532 bytes, 0 fault sites, 2 entries, text 0xffffb298a000..0xffffb298a008, fpsimd false
[    2.276038] rust_kjit: kjit: pc 0xffffb298a000: installed 532 bytes, 0 fault sites, 2 entries, text 0xffffb298a000..0xffffb298a008, fpsimd false
[    2.277564] rust_kjit: kjit: pc 0xffffb298a000: installed 532 bytes, 0 fault sites, 2 entries, text 0xffffb298a000..0xffffb298a008, fpsimd false
[    2.278647] rust_kjit: kjit: pc 0xffffb298a000: installed 532 bytes, 0 fault sites, 2 entries, text 0xffffb298a000..0xffffb298a008, fpsimd false
[    2.280287] rust_kjit: kjit: pc 0xffffb298a000: installed 532 bytes, 0 fault sites, 2 entries, text 0xffffb298a000..0xffffb298a008, fpsimd false
[    2.281396] rust_kjit: kjit: pc 0xffffb298a000: installed 532 bytes, 0 fault sites, 2 entries, text 0xffffb298a000..0xffffb298a008, fpsimd false
[    2.282999] rust_kjit: kjit: pc 0xffffb298a000: installed 532 bytes, 0 fault sites, 2 entries, text 0xffffb298a000..0xffffb298a008, fpsimd false
[    2.284135] rust_kjit: kjit: pc 0xffffb298a000: installed 532 bytes, 0 fault sites, 2 entries, text 0xffffb298a000..0xffffb298a008, fpsimd false
[    2.285708] rust_kjit: kjit: pc 0xffffb298a000: installed 532 bytes, 0 fault sites, 2 entries, text 0xffffb298a000..0xffffb298a008, fpsimd false
[    2.286793] rust_kjit: kjit: pc 0xffffb298a000: installed 532 bytes, 0 fault sites, 2 entries, text 0xffffb298a000..0xffffb298a008, fpsimd false
[    2.288271] rust_kjit: kjit: pc 0xffffb298a000: installed 532 bytes, 0 fault sites, 2 entries, text 0xffffb298a000..0xffffb298a008, fpsimd false
[    2.289361] rust_kjit: kjit: pc 0xffffb298a000: installed 532 bytes, 0 fault sites, 2 entries, text 0xffffb298a000..0xffffb298a008, fpsimd false
[    2.290919] rust_kjit: kjit: pc 0xffffb298a000: installed 532 bytes, 0 fault sites, 2 entries, text 0xffffb298a000..0xffffb298a008, fpsimd false
[    2.292079] rust_kjit: kjit: pc 0xffffb298a000: installed 532 bytes, 0 fault sites, 2 entries, text 0xffffb298a000..0xffffb298a008, fpsimd false
[    2.293566] rust_kjit: kjit: pc 0xffffb298a000: installed 532 bytes, 0 fault sites, 2 entries, text 0xffffb298a000..0xffffb298a008, fpsimd false
[    2.294721] rust_kjit: kjit: pc 0xffffb298a000: installed 532 bytes, 0 fault sites, 2 entries, text 0xffffb298a000..0xffffb298a008, fpsimd false
[    2.296266] rust_kjit: kjit: pc 0xffffb298a000: installed 532 bytes, 0 fault sites, 2 entries, text 0xffffb298a000..0xffffb298a008, fpsimd false
[    2.297822] rust_kjit: kjit: pc 0xffffb298a000: installed 532 bytes, 0 fault sites, 2 entries, text 0xffffb298a000..0xffffb298a008, fpsimd false
[    2.299615] rust_kjit: kjit: pc 0xffffb298a000: installed 532 bytes, 0 fault sites, 2 entries, text 0xffffb298a000..0xffffb298a008, fpsimd false
[    2.301224] rust_kjit: kjit: pc 0xffffb298a000: installed 532 bytes, 0 fault sites, 2 entries, text 0xffffb298a000..0xffffb298a008, fpsimd false
[    2.302473] rust_kjit: kjit: pc 0xffffb298a000: installed 532 bytes, 0 fault sites, 2 entries, text 0xffffb298a000..0xffffb298a008, fpsimd false
[    2.304022] rust_kjit: kjit: pc 0xffffb298a000: installed 532 bytes, 0 fault sites, 2 entries, text 0xffffb298a000..0xffffb298a008, fpsimd false
[    2.305156] rust_kjit: kjit: pc 0xffffb298a000: installed 532 bytes, 0 fault sites, 2 entries, text 0xffffb298a000..0xffffb298a008, fpsimd false
[    2.306685] rust_kjit: kjit: pc 0xffffb298a000: installed 532 bytes, 0 fault sites, 2 entries, text 0xffffb298a000..0xffffb298a008, fpsimd false
[    2.308235] rust_kjit: kjit: pc 0xffffb298a000: installed 532 bytes, 0 fault sites, 2 entries, text 0xffffb298a000..0xffffb298a008, fpsimd false
[    2.309814] rust_kjit: kjit: pc 0xffffb298a000: installed 532 bytes, 0 fault sites, 2 entries, text 0xffffb298a000..0xffffb298a008, fpsimd false
[    2.310997] rust_kjit: kjit: pc 0xffffb298a000: installed 532 bytes, 0 fault sites, 2 entries, text 0xffffb298a000..0xffffb298a008, fpsimd false
[    2.312568] rust_kjit: kjit: pc 0xffffb298a000: installed 532 bytes, 0 fault sites, 2 entries, text 0xffffb298a000..0xffffb298a008, fpsimd false
[    2.314098] rust_kjit: kjit: pc 0xffffb298a000: installed 532 bytes, 0 fault sites, 2 entries, text 0xffffb298a000..0xffffb298a008, fpsimd false
[    2.315888] rust_kjit: kjit: pc 0xffffb298a000: installed 532 bytes, 0 fault sites, 2 entries, text 0xffffb298a000..0xffffb298a008, fpsimd false
[    2.317451] rust_kjit: kjit: pc 0xffffb298a000: installed 532 bytes, 0 fault sites, 2 entries, text 0xffffb298a000..0xffffb298a008, fpsimd false
[    2.318622] rust_kjit: kjit: pc 0xffffb298a000: installed 532 bytes, 0 fault sites, 2 entries, text 0xffffb298a000..0xffffb298a008, fpsimd false
[    2.320234] rust_kjit: kjit: pc 0xffffb298a000: installed 532 bytes, 0 fault sites, 2 entries, text 0xffffb298a000..0xffffb298a008, fpsimd false
[    2.321335] rust_kjit: kjit: pc 0xffffb298a000: installed 532 bytes, 0 fault sites, 2 entries, text 0xffffb298a000..0xffffb298a008, fpsimd false
[    2.322952] rust_kjit: kjit: pc 0xffffb298a000: installed 532 bytes, 0 fault sites, 2 entries, text 0xffffb298a000..0xffffb298a008, fpsimd false
[    2.324470] rust_kjit: kjit: pc 0xffffb298a000: installed 532 bytes, 0 fault sites, 2 entries, text 0xffffb298a000..0xffffb298a008, fpsimd false
[    2.325526] rust_kjit: kjit: pc 0xffffb298a000: installed 532 bytes, 0 fault sites, 2 entries, text 0xffffb298a000..0xffffb298a008, fpsimd false
[    2.327237] rust_kjit: kjit: pc 0xffffb298a000: installed 532 bytes, 0 fault sites, 2 entries, text 0xffffb298a000..0xffffb298a008, fpsimd false
[    2.328328] rust_kjit: kjit: pc 0xffffb298a000: installed 532 bytes, 0 fault sites, 2 entries, text 0xffffb298a000..0xffffb298a008, fpsimd false
[    2.329812] rust_kjit: kjit: pc 0xffffb298a000: installed 532 bytes, 0 fault sites, 2 entries, text 0xffffb298a000..0xffffb298a008, fpsimd false
[    2.330899] rust_kjit: kjit: pc 0xffffb298a000: installed 532 bytes, 0 fault sites, 2 entries, text 0xffffb298a000..0xffffb298a008, fpsimd false
[    2.332499] rust_kjit: kjit: pc 0xffffb298a000: installed 532 bytes, 0 fault sites, 2 entries, text 0xffffb298a000..0xffffb298a008, fpsimd false
[    2.333541] rust_kjit: kjit: pc 0xffffb298a000: installed 532 bytes, 0 fault sites, 2 entries, text 0xffffb298a000..0xffffb298a008, fpsimd false
[    2.335248] rust_kjit: kjit: pc 0xffffb298a000: installed 532 bytes, 0 fault sites, 2 entries, text 0xffffb298a000..0xffffb298a008, fpsimd false
[    2.336401] rust_kjit: kjit: pc 0xffffb298a000: installed 532 bytes, 0 fault sites, 2 entries, text 0xffffb298a000..0xffffb298a008, fpsimd false
[    2.337925] rust_kjit: kjit: pc 0xffffb298a000: installed 532 bytes, 0 fault sites, 2 entries, text 0xffffb298a000..0xffffb298a008, fpsimd false
[    2.339630] rust_kjit: kjit: pc 0xffffb298a000: installed 532 bytes, 0 fault sites, 2 entries, text 0xffffb298a000..0xffffb298a008, fpsimd false
[    2.341186] rust_kjit: kjit: pc 0xffffb298a000: installed 532 bytes, 0 fault sites, 2 entries, text 0xffffb298a000..0xffffb298a008, fpsimd false
[    2.342396] rust_kjit: kjit: pc 0xffffb298a000: installed 532 bytes, 0 fault sites, 2 entries, text 0xffffb298a000..0xffffb298a008, fpsimd false
[    2.344188] rust_kjit: kjit: pc 0xffffb298a000: installed 532 bytes, 0 fault sites, 2 entries, text 0xffffb298a000..0xffffb298a008, fpsimd false
[    2.345730] rust_kjit: kjit: pc 0xffffb298a000: installed 532 bytes, 0 fault sites, 2 entries, text 0xffffb298a000..0xffffb298a008, fpsimd false
[    2.346806] rust_kjit: kjit: pc 0xffffb298a000: installed 532 bytes, 0 fault sites, 2 entries, text 0xffffb298a000..0xffffb298a008, fpsimd false
[    2.348458] rust_kjit: kjit: pc 0xffffb298a000: installed 532 bytes, 0 fault sites, 2 entries, text 0xffffb298a000..0xffffb298a008, fpsimd false
[    2.349523] rust_kjit: kjit: pc 0xffffb298a000: installed 532 bytes, 0 fault sites, 2 entries, text 0xffffb298a000..0xffffb298a008, fpsimd false
[    2.351058] rust_kjit: kjit: pc 0xffffb298a000: installed 532 bytes, 0 fault sites, 2 entries, text 0xffffb298a000..0xffffb298a008, fpsimd false
[    2.352171] rust_kjit: kjit: pc 0xffffb298a000: installed 532 bytes, 0 fault sites, 2 entries, text 0xffffb298a000..0xffffb298a008, fpsimd false
[    2.353716] rust_kjit: kjit: pc 0xffffb298a000: installed 532 bytes, 0 fault sites, 2 entries, text 0xffffb298a000..0xffffb298a008, fpsimd false
[    2.354880] rust_kjit: kjit: pc 0xffffb298a000: installed 532 bytes, 0 fault sites, 2 entries, text 0xffffb298a000..0xffffb298a008, fpsimd false
[    2.356487] rust_kjit: kjit: pc 0xffffb298a000: installed 532 bytes, 0 fault sites, 2 entries, text 0xffffb298a000..0xffffb298a008, fpsimd false
[    2.357526] rust_kjit: kjit: pc 0xffffb298a000: installed 532 bytes, 0 fault sites, 2 entries, text 0xffffb298a000..0xffffb298a008, fpsimd false
[    2.359098] rust_kjit: kjit: pc 0xffffb298a000: installed 532 bytes, 0 fault sites, 2 entries, text 0xffffb298a000..0xffffb298a008, fpsimd false
[    2.360373] rust_kjit: kjit: pc 0xffffb298a000: installed 532 bytes, 0 fault sites, 2 entries, text 0xffffb298a000..0xffffb298a008, fpsimd false
[    2.361926] rust_kjit: kjit: pc 0xffffb298a000: installed 532 bytes, 0 fault sites, 2 entries, text 0xffffb298a000..0xffffb298a008, fpsimd false
[    2.363676] rust_kjit: kjit: pc 0xffffb298a000: installed 532 bytes, 0 fault sites, 2 entries, text 0xffffb298a000..0xffffb298a008, fpsimd false
[    2.365200] rust_kjit: kjit: pc 0xffffb298a000: installed 532 bytes, 0 fault sites, 2 entries, text 0xffffb298a000..0xffffb298a008, fpsimd false
[    2.366729] rust_kjit: kjit: pc 0xffffb298a000: installed 532 bytes, 0 fault sites, 2 entries, text 0xffffb298a000..0xffffb298a008, fpsimd false
[    2.368272] rust_kjit: kjit: pc 0xffffb298a000: installed 532 bytes, 0 fault sites, 2 entries, text 0xffffb298a000..0xffffb298a008, fpsimd false
[    2.369856] rust_kjit: kjit: pc 0xffffb298a000: installed 532 bytes, 0 fault sites, 2 entries, text 0xffffb298a000..0xffffb298a008, fpsimd false
[    2.371587] rust_kjit: kjit: pc 0xffffb298a000: installed 532 bytes, 0 fault sites, 2 entries, text 0xffffb298a000..0xffffb298a008, fpsimd false
[    2.373117] rust_kjit: kjit: pc 0xffffb298a000: installed 532 bytes, 0 fault sites, 2 entries, text 0xffffb298a000..0xffffb298a008, fpsimd false
[    2.374713] rust_kjit: kjit: pc 0xffffb298a000: installed 532 bytes, 0 fault sites, 2 entries, text 0xffffb298a000..0xffffb298a008, fpsimd false
[    2.376214] rust_kjit: kjit: pc 0xffffb298a000: installed 532 bytes, 0 fault sites, 2 entries, text 0xffffb298a000..0xffffb298a008, fpsimd false
[    2.377935] rust_kjit: kjit: pc 0xffffb298a000: installed 532 bytes, 0 fault sites, 2 entries, text 0xffffb298a000..0xffffb298a008, fpsimd false
[    2.379715] rust_kjit: kjit: pc 0xffffb298a000: installed 532 bytes, 0 fault sites, 2 entries, text 0xffffb298a000..0xffffb298a008, fpsimd false
[    2.381277] rust_kjit: kjit: pc 0xffffb298a000: installed 532 bytes, 0 fault sites, 2 entries, text 0xffffb298a000..0xffffb298a008, fpsimd false
[    2.382827] rust_kjit: kjit: pc 0xffffb298a000: installed 532 bytes, 0 fault sites, 2 entries, text 0xffffb298a000..0xffffb298a008, fpsimd false
[    2.384706] rust_kjit: kjit: pc 0xffffb298a000: installed 532 bytes, 0 fault sites, 2 entries, text 0xffffb298a000..0xffffb298a008, fpsimd false
[    2.386487] rust_kjit: kjit: pc 0xffffb298a000: installed 532 bytes, 0 fault sites, 2 entries, text 0xffffb298a000..0xffffb298a008, fpsimd false
[    2.387635] rust_kjit: kjit: pc 0xffffb298a000: installed 532 bytes, 0 fault sites, 2 entries, text 0xffffb298a000..0xffffb298a008, fpsimd false
[    2.388759] rust_kjit: kjit: pc 0xffffb298a000: installed 532 bytes, 0 fault sites, 2 entries, text 0xffffb298a000..0xffffb298a008, fpsimd false
[    2.390224] rust_kjit: kjit: pc 0xffffb298a000: installed 532 bytes, 0 fault sites, 2 entries, text 0xffffb298a000..0xffffb298a008, fpsimd false
[    2.391577] rust_kjit: kjit: pc 0xffffb298a000: installed 532 bytes, 0 fault sites, 2 entries, text 0xffffb298a000..0xffffb298a008, fpsimd false
[    2.393084] rust_kjit: kjit: pc 0xffffb298a000: installed 532 bytes, 0 fault sites, 2 entries, text 0xffffb298a000..0xffffb298a008, fpsimd false
[    2.394224] rust_kjit: kjit: pc 0xffffb298a000: installed 532 bytes, 0 fault sites, 2 entries, text 0xffffb298a000..0xffffb298a008, fpsimd false
[    2.396382] rust_kjit: kjit: pc 0xffffb298a000: installed 532 bytes, 0 fault sites, 2 entries, text 0xffffb298a000..0xffffb298a008, fpsimd false
[    2.398126] rust_kjit: kjit: pc 0xffffb298a000: installed 532 bytes, 0 fault sites, 2 entries, text 0xffffb298a000..0xffffb298a008, fpsimd false
[    2.399316] rust_kjit: kjit: pc 0xffffb298a000: installed 532 bytes, 0 fault sites, 2 entries, text 0xffffb298a000..0xffffb298a008, fpsimd false
[    2.400869] rust_kjit: kjit: pc 0xffffb298a000: installed 532 bytes, 0 fault sites, 2 entries, text 0xffffb298a000..0xffffb298a008, fpsimd false
[    2.402023] rust_kjit: kjit: pc 0xffffb298a000: installed 532 bytes, 0 fault sites, 2 entries, text 0xffffb298a000..0xffffb298a008, fpsimd false
[    2.403240] rust_kjit: kjit: pc 0xffffb298a000: installed 532 bytes, 0 fault sites, 2 entries, text 0xffffb298a000..0xffffb298a008, fpsimd false
[    2.404834] rust_kjit: kjit: pc 0xffffb298a000: installed 532 bytes, 0 fault sites, 2 entries, text 0xffffb298a000..0xffffb298a008, fpsimd false
[    2.406439] rust_kjit: kjit: pc 0xffffb298a000: installed 532 bytes, 0 fault sites, 2 entries, text 0xffffb298a000..0xffffb298a008, fpsimd false
[    2.407613] rust_kjit: kjit: pc 0xffffb298a000: installed 532 bytes, 0 fault sites, 2 entries, text 0xffffb298a000..0xffffb298a008, fpsimd false
[    2.409200] rust_kjit: kjit: pc 0xffffb298a000: installed 532 bytes, 0 fault sites, 2 entries, text 0xffffb298a000..0xffffb298a008, fpsimd false
[    2.411027] rust_kjit: kjit: pc 0xffffb298a000: installed 532 bytes, 0 fault sites, 2 entries, text 0xffffb298a000..0xffffb298a008, fpsimd false
[    2.412711] rust_kjit: kjit: pc 0xffffb298a000: installed 532 bytes, 0 fault sites, 2 entries, text 0xffffb298a000..0xffffb298a008, fpsimd false
[    2.413848] rust_kjit: kjit: pc 0xffffb298a000: installed 532 bytes, 0 fault sites, 2 entries, text 0xffffb298a000..0xffffb298a008, fpsimd false
[    2.415431] rust_kjit: kjit: pc 0xffffb298a000: installed 532 bytes, 0 fault sites, 2 entries, text 0xffffb298a000..0xffffb298a008, fpsimd false
[    2.416960] rust_kjit: kjit: pc 0xffffb298a000: installed 532 bytes, 0 fault sites, 2 entries, text 0xffffb298a000..0xffffb298a008, fpsimd false
[    2.418026] rust_kjit: kjit: pc 0xffffb298a000: installed 532 bytes, 0 fault sites, 2 entries, text 0xffffb298a000..0xffffb298a008, fpsimd false
[    2.419819] rust_kjit: kjit: pc 0xffffb298a000: installed 532 bytes, 0 fault sites, 2 entries, text 0xffffb298a000..0xffffb298a008, fpsimd false
[    2.420949] rust_kjit: kjit: pc 0xffffb298a000: installed 532 bytes, 0 fault sites, 2 entries, text 0xffffb298a000..0xffffb298a008, fpsimd false
[    2.422608] rust_kjit: kjit: pc 0xffffb298a000: installed 532 bytes, 0 fault sites, 2 entries, text 0xffffb298a000..0xffffb298a008, fpsimd false
[    2.423781] rust_kjit: kjit: pc 0xffffb298a000: installed 532 bytes, 0 fault sites, 2 entries, text 0xffffb298a000..0xffffb298a008, fpsimd false
[    2.425273] rust_kjit: kjit: pc 0xffffb298a000: installed 532 bytes, 0 fault sites, 2 entries, text 0xffffb298a000..0xffffb298a008, fpsimd false
[    2.426313] rust_kjit: kjit: pc 0xffffb298a000: installed 532 bytes, 0 fault sites, 2 entries, text 0xffffb298a000..0xffffb298a008, fpsimd false
[    2.428071] rust_kjit: kjit: pc 0xffffb298a000: installed 532 bytes, 0 fault sites, 2 entries, text 0xffffb298a000..0xffffb298a008, fpsimd false
[    2.429098] rust_kjit: kjit: pc 0xffffb298a000: installed 532 bytes, 0 fault sites, 2 entries, text 0xffffb298a000..0xffffb298a008, fpsimd false
[    2.430722] rust_kjit: kjit: pc 0xffffb298a000: installed 532 bytes, 0 fault sites, 2 entries, text 0xffffb298a000..0xffffb298a008, fpsimd false
[    2.431986] rust_kjit: kjit: pc 0xffffb298a000: installed 532 bytes, 0 fault sites, 2 entries, text 0xffffb298a000..0xffffb298a008, fpsimd false
[    2.433674] rust_kjit: kjit: pc 0xffffb298a000: installed 532 bytes, 0 fault sites, 2 entries, text 0xffffb298a000..0xffffb298a008, fpsimd false
[    2.435405] rust_kjit: kjit: pc 0xffffb298a000: installed 532 bytes, 0 fault sites, 2 entries, text 0xffffb298a000..0xffffb298a008, fpsimd false
[    2.437075] rust_kjit: kjit: pc 0xffffb298a000: installed 532 bytes, 0 fault sites, 2 entries, text 0xffffb298a000..0xffffb298a008, fpsimd false
[    2.438779] rust_kjit: kjit: pc 0xffffb298a000: installed 532 bytes, 0 fault sites, 2 entries, text 0xffffb298a000..0xffffb298a008, fpsimd false
[    2.440265] rust_kjit: kjit: pc 0xffffb298a000: installed 532 bytes, 0 fault sites, 2 entries, text 0xffffb298a000..0xffffb298a008, fpsimd false
[    2.441765] rust_kjit: kjit: pc 0xffffb298a000: installed 532 bytes, 0 fault sites, 2 entries, text 0xffffb298a000..0xffffb298a008, fpsimd false
[    2.443320] rust_kjit: kjit: pc 0xffffb298a000: installed 532 bytes, 0 fault sites, 2 entries, text 0xffffb298a000..0xffffb298a008, fpsimd false
[    2.444982] rust_kjit: kjit: pc 0xffffb298a000: installed 532 bytes, 0 fault sites, 2 entries, text 0xffffb298a000..0xffffb298a008, fpsimd false
[    2.446604] rust_kjit: kjit: pc 0xffffb298a000: installed 532 bytes, 0 fault sites, 2 entries, text 0xffffb298a000..0xffffb298a008, fpsimd false
[    2.448394] rust_kjit: kjit: pc 0xffffb298a000: installed 532 bytes, 0 fault sites, 2 entries, text 0xffffb298a000..0xffffb298a008, fpsimd false
[    2.449878] rust_kjit: kjit: pc 0xffffb298a000: installed 532 bytes, 0 fault sites, 2 entries, text 0xffffb298a000..0xffffb298a008, fpsimd false
[    2.451974] rust_kjit: kjit: pc 0xffffb298a000: installed 532 bytes, 0 fault sites, 2 entries, text 0xffffb298a000..0xffffb298a008, fpsimd false
[    2.453771] rust_kjit: kjit: pc 0xffffb298a000: installed 532 bytes, 0 fault sites, 2 entries, text 0xffffb298a000..0xffffb298a008, fpsimd false
[    2.455236] rust_kjit: kjit: pc 0xffffb298a000: installed 532 bytes, 0 fault sites, 2 entries, text 0xffffb298a000..0xffffb298a008, fpsimd false
[    2.456749] rust_kjit: kjit: pc 0xffffb298a000: installed 532 bytes, 0 fault sites, 2 entries, text 0xffffb298a000..0xffffb298a008, fpsimd false
[    2.458255] rust_kjit: kjit: pc 0xffffb298a000: installed 532 bytes, 0 fault sites, 2 entries, text 0xffffb298a000..0xffffb298a008, fpsimd false
[    2.460028] rust_kjit: kjit: pc 0xffffb298a000: installed 532 bytes, 0 fault sites, 2 entries, text 0xffffb298a000..0xffffb298a008, fpsimd false
[    2.461719] rust_kjit: kjit: pc 0xffffb298a000: installed 532 bytes, 0 fault sites, 2 entries, text 0xffffb298a000..0xffffb298a008, fpsimd false
[    2.463583] rust_kjit: kjit: pc 0xffffb298a000: installed 532 bytes, 0 fault sites, 2 entries, text 0xffffb298a000..0xffffb298a008, fpsimd false
[    2.464764] rust_kjit: kjit: pc 0xffffb298a000: installed 532 bytes, 0 fault sites, 2 entries, text 0xffffb298a000..0xffffb298a008, fpsimd false
[    2.466542] rust_kjit: kjit: pc 0xffffb298a000: installed 532 bytes, 0 fault sites, 2 entries, text 0xffffb298a000..0xffffb298a008, fpsimd false
[    2.467621] rust_kjit: kjit: pc 0xffffb298a000: installed 532 bytes, 0 fault sites, 2 entries, text 0xffffb298a000..0xffffb298a008, fpsimd false
[    2.469239] rust_kjit: kjit: pc 0xffffb298a000: installed 532 bytes, 0 fault sites, 2 entries, text 0xffffb298a000..0xffffb298a008, fpsimd false
[    2.470620] rust_kjit: kjit: pc 0xffffb298a000: installed 532 bytes, 0 fault sites, 2 entries, text 0xffffb298a000..0xffffb298a008, fpsimd false
[    2.472275] rust_kjit: kjit: pc 0xffffb298a000: installed 532 bytes, 0 fault sites, 2 entries, text 0xffffb298a000..0xffffb298a008, fpsimd false
[    2.473379] rust_kjit: kjit: pc 0xffffb298a000: installed 532 bytes, 0 fault sites, 2 entries, text 0xffffb298a000..0xffffb298a008, fpsimd false
[    2.475217] rust_kjit: kjit: pc 0xffffb298a000: installed 532 bytes, 0 fault sites, 2 entries, text 0xffffb298a000..0xffffb298a008, fpsimd false
[    2.476377] rust_kjit: kjit: pc 0xffffb298a000: installed 532 bytes, 0 fault sites, 2 entries, text 0xffffb298a000..0xffffb298a008, fpsimd false
[    2.478042] rust_kjit: kjit: pc 0xffffb298a000: installed 532 bytes, 0 fault sites, 2 entries, text 0xffffb298a000..0xffffb298a008, fpsimd false
[    2.479637] rust_kjit: kjit: pc 0xffffb298a000: installed 532 bytes, 0 fault sites, 2 entries, text 0xffffb298a000..0xffffb298a008, fpsimd false
[    2.481247] rust_kjit: kjit: pc 0xffffb298a000: installed 532 bytes, 0 fault sites, 2 entries, text 0xffffb298a000..0xffffb298a008, fpsimd false
[    2.482853] rust_kjit: kjit: pc 0xffffb298a000: installed 532 bytes, 0 fault sites, 2 entries, text 0xffffb298a000..0xffffb298a008, fpsimd false
[    2.484463] rust_kjit: kjit: pc 0xffffb298a000: installed 532 bytes, 0 fault sites, 2 entries, text 0xffffb298a000..0xffffb298a008, fpsimd false
[    2.485978] rust_kjit: kjit: pc 0xffffb298a000: installed 532 bytes, 0 fault sites, 2 entries, text 0xffffb298a000..0xffffb298a008, fpsimd false
[    2.487853] rust_kjit: kjit: pc 0xffffb298a000: installed 532 bytes, 0 fault sites, 2 entries, text 0xffffb298a000..0xffffb298a008, fpsimd false
[    2.489472] rust_kjit: kjit: pc 0xffffb298a000: installed 532 bytes, 0 fault sites, 2 entries, text 0xffffb298a000..0xffffb298a008, fpsimd false
[    2.491117] rust_kjit: kjit: pc 0xffffb298a000: installed 532 bytes, 0 fault sites, 2 entries, text 0xffffb298a000..0xffffb298a008, fpsimd false
[    2.492670] rust_kjit: kjit: pc 0xffffb298a000: installed 532 bytes, 0 fault sites, 2 entries, text 0xffffb298a000..0xffffb298a008, fpsimd false
[    2.494309] rust_kjit: kjit: pc 0xffffb298a000: installed 532 bytes, 0 fault sites, 2 entries, text 0xffffb298a000..0xffffb298a008, fpsimd false
[    2.496580] rust_kjit: kjit: pc 0xffffb298a000: installed 532 bytes, 0 fault sites, 2 entries, text 0xffffb298a000..0xffffb298a008, fpsimd false
[    2.498169] rust_kjit: kjit: pc 0xffffb298a000: installed 532 bytes, 0 fault sites, 2 entries, text 0xffffb298a000..0xffffb298a008, fpsimd false
[    2.500044] rust_kjit: kjit: pc 0xffffb298a000: installed 532 bytes, 0 fault sites, 2 entries, text 0xffffb298a000..0xffffb298a008, fpsimd false
[    2.501628] rust_kjit: kjit: pc 0xffffb298a000: installed 532 bytes, 0 fault sites, 2 entries, text 0xffffb298a000..0xffffb298a008, fpsimd false
[    2.503667] rust_kjit: kjit: pc 0xffffb298a000: installed 532 bytes, 0 fault sites, 2 entries, text 0xffffb298a000..0xffffb298a008, fpsimd false
[    2.505360] rust_kjit: kjit: pc 0xffffb298a000: installed 532 bytes, 0 fault sites, 2 entries, text 0xffffb298a000..0xffffb298a008, fpsimd false
[    2.507134] rust_kjit: kjit: pc 0xffffb298a000: installed 532 bytes, 0 fault sites, 2 entries, text 0xffffb298a000..0xffffb298a008, fpsimd false
[    2.508641] rust_kjit: kjit: pc 0xffffb298a000: installed 532 bytes, 0 fault sites, 2 entries, text 0xffffb298a000..0xffffb298a008, fpsimd false
[    2.510272] rust_kjit: kjit: pc 0xffffb298a000: installed 532 bytes, 0 fault sites, 2 entries, text 0xffffb298a000..0xffffb298a008, fpsimd false
[    2.512716] rust_kjit: kjit: pc 0xffffb298a000: installed 532 bytes, 0 fault sites, 2 entries, text 0xffffb298a000..0xffffb298a008, fpsimd false
[    2.513797] rust_kjit: kjit: pc 0xffffb298a000: installed 532 bytes, 0 fault sites, 2 entries, text 0xffffb298a000..0xffffb298a008, fpsimd false
[    2.515448] rust_kjit: kjit: pc 0xffffb298a000: installed 532 bytes, 0 fault sites, 2 entries, text 0xffffb298a000..0xffffb298a008, fpsimd false
[    2.516530] rust_kjit: kjit: pc 0xffffb298a000: installed 532 bytes, 0 fault sites, 2 entries, text 0xffffb298a000..0xffffb298a008, fpsimd false
[    2.518094] rust_kjit: kjit: pc 0xffffb298a000: installed 532 bytes, 0 fault sites, 2 entries, text 0xffffb298a000..0xffffb298a008, fpsimd false
[    2.520484] rust_kjit: kjit: pc 0xffffb298a000: installed 532 bytes, 0 fault sites, 2 entries, text 0xffffb298a000..0xffffb298a008, fpsimd false
[    2.521547] rust_kjit: kjit: pc 0xffffb298a000: installed 532 bytes, 0 fault sites, 2 entries, text 0xffffb298a000..0xffffb298a008, fpsimd false
[    2.523158] rust_kjit: kjit: pc 0xffffb298a000: installed 532 bytes, 0 fault sites, 2 entries, text 0xffffb298a000..0xffffb298a008, fpsimd false
[    2.524374] rust_kjit: kjit: pc 0xffffb298a000: installed 532 bytes, 0 fault sites, 2 entries, text 0xffffb298a000..0xffffb298a008, fpsimd false
[    2.525855] rust_kjit: kjit: pc 0xffffb298a000: installed 532 bytes, 0 fault sites, 2 entries, text 0xffffb298a000..0xffffb298a008, fpsimd false
[    2.527347] rust_kjit: kjit: pc 0xffffb298a000: installed 532 bytes, 0 fault sites, 2 entries, text 0xffffb298a000..0xffffb298a008, fpsimd false
[    2.529069] rust_kjit: kjit: pc 0xffffb298a000: installed 532 bytes, 0 fault sites, 2 entries, text 0xffffb298a000..0xffffb298a008, fpsimd false
[    2.535901] rust_kjit: kjit: pc 0xffffb298a000: installed 532 bytes, 0 fault sites, 2 entries, text 0xffffb298a000..0xffffb298a008, fpsimd false
[    2.538732] rust_kjit: kjit: pc 0xffffb298a000: installed 532 bytes, 0 fault sites, 2 entries, text 0xffffb298a000..0xffffb298a008, fpsimd false
[    2.541375] rust_kjit: kjit: pc 0xffffb298a000: installed 532 bytes, 0 fault sites, 2 entries, text 0xffffb298a000..0xffffb298a008, fpsimd false
[    2.543002] rust_kjit: kjit: pc 0xffffb298a000: installed 532 bytes, 0 fault sites, 2 entries, text 0xffffb298a000..0xffffb298a008, fpsimd false
[    2.544604] rust_kjit: kjit: pc 0xffffb298a000: installed 532 bytes, 0 fault sites, 2 entries, text 0xffffb298a000..0xffffb298a008, fpsimd false
[    2.546174] rust_kjit: kjit: pc 0xffffb298a000: installed 532 bytes, 0 fault sites, 2 entries, text 0xffffb298a000..0xffffb298a008, fpsimd false
[    2.548098] rust_kjit: kjit: pc 0xffffb298a000: installed 532 bytes, 0 fault sites, 2 entries, text 0xffffb298a000..0xffffb298a008, fpsimd false
[    2.549871] rust_kjit: kjit: pc 0xffffb298a000: installed 532 bytes, 0 fault sites, 2 entries, text 0xffffb298a000..0xffffb298a008, fpsimd false
[    2.551995] rust_kjit: kjit: pc 0xffffb298a000: installed 532 bytes, 0 fault sites, 2 entries, text 0xffffb298a000..0xffffb298a008, fpsimd false
[    2.553576] rust_kjit: kjit: pc 0xffffb298a000: installed 532 bytes, 0 fault sites, 2 entries, text 0xffffb298a000..0xffffb298a008, fpsimd false
[    2.555864] rust_kjit: kjit: pc 0xffffb298a000: installed 532 bytes, 0 fault sites, 2 entries, text 0xffffb298a000..0xffffb298a008, fpsimd false
[    2.557473] rust_kjit: kjit: pc 0xffffb298a000: installed 532 bytes, 0 fault sites, 2 entries, text 0xffffb298a000..0xffffb298a008, fpsimd false
[    2.558993] rust_kjit: kjit: pc 0xffffb298a000: installed 532 bytes, 0 fault sites, 2 entries, text 0xffffb298a000..0xffffb298a008, fpsimd false
[    2.560847] rust_kjit: kjit: pc 0xffffb298a000: installed 532 bytes, 0 fault sites, 2 entries, text 0xffffb298a000..0xffffb298a008, fpsimd false
[    2.562759] rust_kjit: kjit: pc 0xffffb298a000: installed 532 bytes, 0 fault sites, 2 entries, text 0xffffb298a000..0xffffb298a008, fpsimd false
[    2.564349] rust_kjit: kjit: pc 0xffffb298a000: installed 532 bytes, 0 fault sites, 2 entries, text 0xffffb298a000..0xffffb298a008, fpsimd false
[    2.565897] rust_kjit: kjit: pc 0xffffb298a000: installed 532 bytes, 0 fault sites, 2 entries, text 0xffffb298a000..0xffffb298a008, fpsimd false
[    2.567255] rust_kjit: kjit: pc 0xffffb298a000: installed 532 bytes, 0 fault sites, 2 entries, text 0xffffb298a000..0xffffb298a008, fpsimd false
[    2.568922] rust_kjit: kjit: pc 0xffffb298a000: installed 532 bytes, 0 fault sites, 2 entries, text 0xffffb298a000..0xffffb298a008, fpsimd false
[    2.570901] rust_kjit: kjit: pc 0xffffb298a000: installed 532 bytes, 0 fault sites, 2 entries, text 0xffffb298a000..0xffffb298a008, fpsimd false
[    2.572538] rust_kjit: kjit: pc 0xffffb298a000: installed 532 bytes, 0 fault sites, 2 entries, text 0xffffb298a000..0xffffb298a008, fpsimd false
[    2.574187] rust_kjit: kjit: pc 0xffffb298a000: installed 532 bytes, 0 fault sites, 2 entries, text 0xffffb298a000..0xffffb298a008, fpsimd false
[    2.576066] rust_kjit: kjit: pc 0xffffb298a000: installed 532 bytes, 0 fault sites, 2 entries, text 0xffffb298a000..0xffffb298a008, fpsimd false
[    2.577836] rust_kjit: kjit: pc 0xffffb298a000: installed 532 bytes, 0 fault sites, 2 entries, text 0xffffb298a000..0xffffb298a008, fpsimd false
[    2.579854] rust_kjit: kjit: pc 0xffffb298a000: installed 532 bytes, 0 fault sites, 2 entries, text 0xffffb298a000..0xffffb298a008, fpsimd false
[    2.581541] rust_kjit: kjit: pc 0xffffb298a000: installed 532 bytes, 0 fault sites, 2 entries, text 0xffffb298a000..0xffffb298a008, fpsimd false
[    2.583176] rust_kjit: kjit: pc 0xffffb298a000: installed 532 bytes, 0 fault sites, 2 entries, text 0xffffb298a000..0xffffb298a008, fpsimd false
[    2.584220] rust_kjit: kjit: pc 0xffffb298a000: installed 532 bytes, 0 fault sites, 2 entries, text 0xffffb298a000..0xffffb298a008, fpsimd false
[    2.585864] rust_kjit: kjit: pc 0xffffb298a000: installed 532 bytes, 0 fault sites, 2 entries, text 0xffffb298a000..0xffffb298a008, fpsimd false
[    2.587380] rust_kjit: kjit: pc 0xffffb298a000: installed 532 bytes, 0 fault sites, 2 entries, text 0xffffb298a000..0xffffb298a008, fpsimd false
[    2.589067] rust_kjit: kjit: pc 0xffffb298a000: installed 532 bytes, 0 fault sites, 2 entries, text 0xffffb298a000..0xffffb298a008, fpsimd false
[    2.590146] rust_kjit: kjit: pc 0xffffb298a000: installed 532 bytes, 0 fault sites, 2 entries, text 0xffffb298a000..0xffffb298a008, fpsimd false
[    2.592134] rust_kjit: kjit: pc 0xffffb298a000: installed 532 bytes, 0 fault sites, 2 entries, text 0xffffb298a000..0xffffb298a008, fpsimd false
[    2.593252] rust_kjit: kjit: pc 0xffffb298a000: installed 532 bytes, 0 fault sites, 2 entries, text 0xffffb298a000..0xffffb298a008, fpsimd false
[    2.595145] rust_kjit: kjit: pc 0xffffb298a000: installed 532 bytes, 0 fault sites, 2 entries, text 0xffffb298a000..0xffffb298a008, fpsimd false
[    2.596254] rust_kjit: kjit: pc 0xffffb298a000: installed 532 bytes, 0 fault sites, 2 entries, text 0xffffb298a000..0xffffb298a008, fpsimd false
[    2.597820] rust_kjit: kjit: pc 0xffffb298a000: installed 532 bytes, 0 fault sites, 2 entries, text 0xffffb298a000..0xffffb298a008, fpsimd false
[    2.599150] rust_kjit: kjit: pc 0xffffb298a000: installed 532 bytes, 0 fault sites, 2 entries, text 0xffffb298a000..0xffffb298a008, fpsimd false
[    2.600772] rust_kjit: kjit: pc 0xffffb298a000: installed 532 bytes, 0 fault sites, 2 entries, text 0xffffb298a000..0xffffb298a008, fpsimd false
[    2.602653] rust_kjit: kjit: pc 0xffffb298a000: installed 532 bytes, 0 fault sites, 2 entries, text 0xffffb298a000..0xffffb298a008, fpsimd false
[    2.604587] rust_kjit: kjit: pc 0xffffb298a000: installed 532 bytes, 0 fault sites, 2 entries, text 0xffffb298a000..0xffffb298a008, fpsimd false
[    2.605803] rust_kjit: kjit: pc 0xffffb298a000: installed 532 bytes, 0 fault sites, 2 entries, text 0xffffb298a000..0xffffb298a008, fpsimd false
[    2.606926] rust_kjit: kjit: pc 0xffffb298a000: installed 532 bytes, 0 fault sites, 2 entries, text 0xffffb298a000..0xffffb298a008, fpsimd false
[    2.608448] rust_kjit: kjit: pc 0xffffb298a000: installed 532 bytes, 0 fault sites, 2 entries, text 0xffffb298a000..0xffffb298a008, fpsimd false
[    2.609634] rust_kjit: kjit: pc 0xffffb298a000: installed 532 bytes, 0 fault sites, 2 entries, text 0xffffb298a000..0xffffb298a008, fpsimd false
[    2.611322] rust_kjit: kjit: pc 0xffffb298a000: installed 532 bytes, 0 fault sites, 2 entries, text 0xffffb298a000..0xffffb298a008, fpsimd false
[    2.612477] rust_kjit: kjit: pc 0xffffb298a000: installed 532 bytes, 0 fault sites, 2 entries, text 0xffffb298a000..0xffffb298a008, fpsimd false
[    2.614226] rust_kjit: kjit: pc 0xffffb298a000: installed 532 bytes, 0 fault sites, 2 entries, text 0xffffb298a000..0xffffb298a008, fpsimd false
[    2.615441] rust_kjit: kjit: pc 0xffffb298a000: installed 532 bytes, 0 fault sites, 2 entries, text 0xffffb298a000..0xffffb298a008, fpsimd false
[    2.617026] rust_kjit: kjit: pc 0xffffb298a000: installed 532 bytes, 0 fault sites, 2 entries, text 0xffffb298a000..0xffffb298a008, fpsimd false
[    2.618681] rust_kjit: kjit: pc 0xffffb298a000: installed 532 bytes, 0 fault sites, 2 entries, text 0xffffb298a000..0xffffb298a008, fpsimd false
[    2.620265] rust_kjit: kjit: pc 0xffffb298a000: installed 532 bytes, 0 fault sites, 2 entries, text 0xffffb298a000..0xffffb298a008, fpsimd false
[    2.621838] rust_kjit: kjit: pc 0xffffb298a000: installed 532 bytes, 0 fault sites, 2 entries, text 0xffffb298a000..0xffffb298a008, fpsimd false
[    2.623367] rust_kjit: kjit: pc 0xffffb298a000: installed 532 bytes, 0 fault sites, 2 entries, text 0xffffb298a000..0xffffb298a008, fpsimd false
[    2.624953] rust_kjit: kjit: pc 0xffffb298a000: installed 532 bytes, 0 fault sites, 2 entries, text 0xffffb298a000..0xffffb298a008, fpsimd false
[    2.626063] rust_kjit: kjit: pc 0xffffb298a000: installed 532 bytes, 0 fault sites, 2 entries, text 0xffffb298a000..0xffffb298a008, fpsimd false
[    2.627329] rust_kjit: kjit: pc 0xffffb298a000: installed 532 bytes, 0 fault sites, 2 entries, text 0xffffb298a000..0xffffb298a008, fpsimd false
[    2.628900] rust_kjit: kjit: pc 0xffffb298a000: installed 532 bytes, 0 fault sites, 2 entries, text 0xffffb298a000..0xffffb298a008, fpsimd false
[    2.630638] rust_kjit: kjit: pc 0xffffb298a000: installed 532 bytes, 0 fault sites, 2 entries, text 0xffffb298a000..0xffffb298a008, fpsimd false
[    2.632314] rust_kjit: kjit: pc 0xffffb298a000: installed 532 bytes, 0 fault sites, 2 entries, text 0xffffb298a000..0xffffb298a008, fpsimd false
[    2.633839] rust_kjit: kjit: pc 0xffffb298a000: installed 532 bytes, 0 fault sites, 2 entries, text 0xffffb298a000..0xffffb298a008, fpsimd false
[    2.635459] rust_kjit: kjit: pc 0xffffb298a000: installed 532 bytes, 0 fault sites, 2 entries, text 0xffffb298a000..0xffffb298a008, fpsimd false
[    2.637133] rust_kjit: kjit: pc 0xffffb298a000: installed 532 bytes, 0 fault sites, 2 entries, text 0xffffb298a000..0xffffb298a008, fpsimd false
[    2.638734] rust_kjit: kjit: pc 0xffffb298a000: installed 532 bytes, 0 fault sites, 2 entries, text 0xffffb298a000..0xffffb298a008, fpsimd false
[    2.640276] rust_kjit: kjit: pc 0xffffb298a000: installed 532 bytes, 0 fault sites, 2 entries, text 0xffffb298a000..0xffffb298a008, fpsimd false
[    2.641790] rust_kjit: kjit: pc 0xffffb298a000: installed 532 bytes, 0 fault sites, 2 entries, text 0xffffb298a000..0xffffb298a008, fpsimd false
[    2.643322] rust_kjit: kjit: pc 0xffffb298a000: installed 532 bytes, 0 fault sites, 2 entries, text 0xffffb298a000..0xffffb298a008, fpsimd false
[    2.644905] rust_kjit: kjit: pc 0xffffb298a000: installed 532 bytes, 0 fault sites, 2 entries, text 0xffffb298a000..0xffffb298a008, fpsimd false
[    2.646600] rust_kjit: kjit: pc 0xffffb298a000: installed 532 bytes, 0 fault sites, 2 entries, text 0xffffb298a000..0xffffb298a008, fpsimd false
[    2.647726] rust_kjit: kjit: pc 0xffffb298a000: installed 532 bytes, 0 fault sites, 2 entries, text 0xffffb298a000..0xffffb298a008, fpsimd false
[    2.649264] rust_kjit: kjit: pc 0xffffb298a000: installed 532 bytes, 0 fault sites, 2 entries, text 0xffffb298a000..0xffffb298a008, fpsimd false
[    2.650423] rust_kjit: kjit: pc 0xffffb298a000: installed 532 bytes, 0 fault sites, 2 entries, text 0xffffb298a000..0xffffb298a008, fpsimd false
[    2.652337] rust_kjit: kjit: pc 0xffffb298a000: installed 532 bytes, 0 fault sites, 2 entries, text 0xffffb298a000..0xffffb298a008, fpsimd false
[    2.653550] rust_kjit: kjit: pc 0xffffb298a000: installed 532 bytes, 0 fault sites, 2 entries, text 0xffffb298a000..0xffffb298a008, fpsimd false
[    2.655279] rust_kjit: kjit: pc 0xffffb298a000: installed 532 bytes, 0 fault sites, 2 entries, text 0xffffb298a000..0xffffb298a008, fpsimd false
[    2.656779] rust_kjit: kjit: pc 0xffffb298a000: installed 532 bytes, 0 fault sites, 2 entries, text 0xffffb298a000..0xffffb298a008, fpsimd false
[    2.658277] rust_kjit: kjit: pc 0xffffb298a000: installed 532 bytes, 0 fault sites, 2 entries, text 0xffffb298a000..0xffffb298a008, fpsimd false
[    2.660264] rust_kjit: kjit: pc 0xffffb298a000: installed 532 bytes, 0 fault sites, 2 entries, text 0xffffb298a000..0xffffb298a008, fpsimd false
[    2.661354] rust_kjit: kjit: pc 0xffffb298a000: installed 532 bytes, 0 fault sites, 2 entries, text 0xffffb298a000..0xffffb298a008, fpsimd false
[    2.663054] rust_kjit: kjit: pc 0xffffb298a000: installed 532 bytes, 0 fault sites, 2 entries, text 0xffffb298a000..0xffffb298a008, fpsimd false
[    2.664201] rust_kjit: kjit: pc 0xffffb298a000: installed 532 bytes, 0 fault sites, 2 entries, text 0xffffb298a000..0xffffb298a008, fpsimd false
[    2.665887] rust_kjit: kjit: pc 0xffffb298a000: installed 532 bytes, 0 fault sites, 2 entries, text 0xffffb298a000..0xffffb298a008, fpsimd false
[    2.667213] rust_kjit: kjit: pc 0xffffb298a000: installed 532 bytes, 0 fault sites, 2 entries, text 0xffffb298a000..0xffffb298a008, fpsimd false
[    2.668779] rust_kjit: kjit: pc 0xffffb298a000: installed 532 bytes, 0 fault sites, 2 entries, text 0xffffb298a000..0xffffb298a008, fpsimd false
[    2.670548] rust_kjit: kjit: pc 0xffffb298a000: installed 532 bytes, 0 fault sites, 2 entries, text 0xffffb298a000..0xffffb298a008, fpsimd false
[    2.671649] rust_kjit: kjit: pc 0xffffb298a000: installed 532 bytes, 0 fault sites, 2 entries, text 0xffffb298a000..0xffffb298a008, fpsimd false
[    2.673298] rust_kjit: kjit: pc 0xffffb298a000: installed 532 bytes, 0 fault sites, 2 entries, text 0xffffb298a000..0xffffb298a008, fpsimd false
[    2.674531] rust_kjit: kjit: pc 0xffffb298a000: installed 532 bytes, 0 fault sites, 2 entries, text 0xffffb298a000..0xffffb298a008, fpsimd false
[    2.675598] rust_kjit: kjit: pc 0xffffb298a000: installed 532 bytes, 0 fault sites, 2 entries, text 0xffffb298a000..0xffffb298a008, fpsimd false
[    2.677204] rust_kjit: kjit: pc 0xffffb298a000: installed 532 bytes, 0 fault sites, 2 entries, text 0xffffb298a000..0xffffb298a008, fpsimd false
[    2.678286] rust_kjit: kjit: pc 0xffffb298a000: installed 532 bytes, 0 fault sites, 2 entries, text 0xffffb298a000..0xffffb298a008, fpsimd false
[    2.680075] rust_kjit: kjit: pc 0xffffb298a000: installed 532 bytes, 0 fault sites, 2 entries, text 0xffffb298a000..0xffffb298a008, fpsimd false
[    2.681178] rust_kjit: kjit: pc 0xffffb298a000: installed 532 bytes, 0 fault sites, 2 entries, text 0xffffb298a000..0xffffb298a008, fpsimd false
[    2.682451] rust_kjit: kjit: pc 0xffffb298a000: installed 532 bytes, 0 fault sites, 2 entries, text 0xffffb298a000..0xffffb298a008, fpsimd false
[    2.684151] rust_kjit: kjit: pc 0xffffb298a000: installed 532 bytes, 0 fault sites, 2 entries, text 0xffffb298a000..0xffffb298a008, fpsimd false
[    2.685349] rust_kjit: kjit: pc 0xffffb298a000: installed 532 bytes, 0 fault sites, 2 entries, text 0xffffb298a000..0xffffb298a008, fpsimd false
[    2.686917] rust_kjit: kjit: pc 0xffffb298a000: installed 532 bytes, 0 fault sites, 2 entries, text 0xffffb298a000..0xffffb298a008, fpsimd false
[    2.687978] rust_kjit: kjit: pc 0xffffb298a000: installed 532 bytes, 0 fault sites, 2 entries, text 0xffffb298a000..0xffffb298a008, fpsimd false
[    2.689546] rust_kjit: kjit: pc 0xffffb298a000: installed 532 bytes, 0 fault sites, 2 entries, text 0xffffb298a000..0xffffb298a008, fpsimd false
[    2.690719] rust_kjit: kjit: pc 0xffffb298a000: installed 532 bytes, 0 fault sites, 2 entries, text 0xffffb298a000..0xffffb298a008, fpsimd false
[    2.692276] rust_kjit: kjit: pc 0xffffb298a000: installed 532 bytes, 0 fault sites, 2 entries, text 0xffffb298a000..0xffffb298a008, fpsimd false
[    2.693838] rust_kjit: kjit: pc 0xffffb298a000: installed 532 bytes, 0 fault sites, 2 entries, text 0xffffb298a000..0xffffb298a008, fpsimd false
[    2.695311] rust_kjit: kjit: pc 0xffffb298a000: installed 532 bytes, 0 fault sites, 2 entries, text 0xffffb298a000..0xffffb298a008, fpsimd false
[    2.696887] rust_kjit: kjit: pc 0xffffb298a000: installed 532 bytes, 0 fault sites, 2 entries, text 0xffffb298a000..0xffffb298a008, fpsimd false
[    2.698056] rust_kjit: kjit: pc 0xffffb298a000: installed 532 bytes, 0 fault sites, 2 entries, text 0xffffb298a000..0xffffb298a008, fpsimd false
[    2.699785] rust_kjit: kjit: pc 0xffffb298a000: installed 532 bytes, 0 fault sites, 2 entries, text 0xffffb298a000..0xffffb298a008, fpsimd false
[    2.700880] rust_kjit: kjit: pc 0xffffb298a000: installed 532 bytes, 0 fault sites, 2 entries, text 0xffffb298a000..0xffffb298a008, fpsimd false
[    2.702591] rust_kjit: kjit: pc 0xffffb298a000: installed 532 bytes, 0 fault sites, 2 entries, text 0xffffb298a000..0xffffb298a008, fpsimd false
[    2.703668] rust_kjit: kjit: pc 0xffffb298a000: installed 532 bytes, 0 fault sites, 2 entries, text 0xffffb298a000..0xffffb298a008, fpsimd false
[    2.705196] rust_kjit: kjit: pc 0xffffb298a000: installed 532 bytes, 0 fault sites, 2 entries, text 0xffffb298a000..0xffffb298a008, fpsimd false
[    2.706459] rust_kjit: kjit: pc 0xffffb298a000: installed 532 bytes, 0 fault sites, 2 entries, text 0xffffb298a000..0xffffb298a008, fpsimd false
[    2.708226] rust_kjit: kjit: pc 0xffffb298a000: installed 532 bytes, 0 fault sites, 2 entries, text 0xffffb298a000..0xffffb298a008, fpsimd false
[    2.709773] rust_kjit: kjit: pc 0xffffb298a000: installed 532 bytes, 0 fault sites, 2 entries, text 0xffffb298a000..0xffffb298a008, fpsimd false
[    2.711407] rust_kjit: kjit: pc 0xffffb298a000: installed 532 bytes, 0 fault sites, 2 entries, text 0xffffb298a000..0xffffb298a008, fpsimd false
[    2.712928] rust_kjit: kjit: pc 0xffffb298a000: installed 532 bytes, 0 fault sites, 2 entries, text 0xffffb298a000..0xffffb298a008, fpsimd false
[    2.714562] rust_kjit: kjit: pc 0xffffb298a000: installed 532 bytes, 0 fault sites, 2 entries, text 0xffffb298a000..0xffffb298a008, fpsimd false
[    2.716124] rust_kjit: kjit: pc 0xffffb298a000: installed 532 bytes, 0 fault sites, 2 entries, text 0xffffb298a000..0xffffb298a008, fpsimd false
[    2.717722] rust_kjit: kjit: pc 0xffffb298a000: installed 532 bytes, 0 fault sites, 2 entries, text 0xffffb298a000..0xffffb298a008, fpsimd false
[    2.718823] rust_kjit: kjit: pc 0xffffb298a000: installed 532 bytes, 0 fault sites, 2 entries, text 0xffffb298a000..0xffffb298a008, fpsimd false
[    2.720410] rust_kjit: kjit: pc 0xffffb298a000: installed 532 bytes, 0 fault sites, 2 entries, text 0xffffb298a000..0xffffb298a008, fpsimd false
[    2.721472] rust_kjit: kjit: pc 0xffffb298a000: installed 532 bytes, 0 fault sites, 2 entries, text 0xffffb298a000..0xffffb298a008, fpsimd false
[    2.722991] rust_kjit: kjit: pc 0xffffb298a000: installed 532 bytes, 0 fault sites, 2 entries, text 0xffffb298a000..0xffffb298a008, fpsimd false
[    2.724241] rust_kjit: kjit: pc 0xffffb298a000: installed 532 bytes, 0 fault sites, 2 entries, text 0xffffb298a000..0xffffb298a008, fpsimd false
[    2.725812] rust_kjit: kjit: pc 0xffffb298a000: installed 532 bytes, 0 fault sites, 2 entries, text 0xffffb298a000..0xffffb298a008, fpsimd false
[    2.726874] rust_kjit: kjit: pc 0xffffb298a000: installed 532 bytes, 0 fault sites, 2 entries, text 0xffffb298a000..0xffffb298a008, fpsimd false
[    2.728412] rust_kjit: kjit: pc 0xffffb298a000: installed 532 bytes, 0 fault sites, 2 entries, text 0xffffb298a000..0xffffb298a008, fpsimd false
[    2.729487] rust_kjit: kjit: pc 0xffffb298a000: installed 532 bytes, 0 fault sites, 2 entries, text 0xffffb298a000..0xffffb298a008, fpsimd false
[    2.730677] rust_kjit: kjit: pc 0xffffb298a000: installed 532 bytes, 0 fault sites, 2 entries, text 0xffffb298a000..0xffffb298a008, fpsimd false
[    2.732345] rust_kjit: kjit: pc 0xffffb298a000: installed 532 bytes, 0 fault sites, 2 entries, text 0xffffb298a000..0xffffb298a008, fpsimd false
[    2.733500] rust_kjit: kjit: pc 0xffffb298a000: installed 532 bytes, 0 fault sites, 2 entries, text 0xffffb298a000..0xffffb298a008, fpsimd false
[    2.735102] rust_kjit: kjit: pc 0xffffb298a000: installed 532 bytes, 0 fault sites, 2 entries, text 0xffffb298a000..0xffffb298a008, fpsimd false
[    2.736674] rust_kjit: kjit: pc 0xffffb298a000: installed 532 bytes, 0 fault sites, 2 entries, text 0xffffb298a000..0xffffb298a008, fpsimd false
[    2.738157] rust_kjit: kjit: pc 0xffffb298a000: installed 532 bytes, 0 fault sites, 2 entries, text 0xffffb298a000..0xffffb298a008, fpsimd false
[    2.739411] rust_kjit: kjit: pc 0xffffb298a000: installed 532 bytes, 0 fault sites, 2 entries, text 0xffffb298a000..0xffffb298a008, fpsimd false
[    2.741104] rust_kjit: kjit: pc 0xffffb298a000: installed 532 bytes, 0 fault sites, 2 entries, text 0xffffb298a000..0xffffb298a008, fpsimd false
[    2.742252] rust_kjit: kjit: pc 0xffffb298a000: installed 532 bytes, 0 fault sites, 2 entries, text 0xffffb298a000..0xffffb298a008, fpsimd false
[    2.743950] rust_kjit: kjit: pc 0xffffb298a000: installed 532 bytes, 0 fault sites, 2 entries, text 0xffffb298a000..0xffffb298a008, fpsimd false
[    2.745047] rust_kjit: kjit: pc 0xffffb298a000: installed 532 bytes, 0 fault sites, 2 entries, text 0xffffb298a000..0xffffb298a008, fpsimd false
[    2.746638] rust_kjit: kjit: pc 0xffffb298a000: installed 532 bytes, 0 fault sites, 2 entries, text 0xffffb298a000..0xffffb298a008, fpsimd false
[    2.748201] rust_kjit: kjit: pc 0xffffb298a000: installed 532 bytes, 0 fault sites, 2 entries, text 0xffffb298a000..0xffffb298a008, fpsimd false
[    2.749298] rust_kjit: kjit: pc 0xffffb298a000: installed 532 bytes, 0 fault sites, 2 entries, text 0xffffb298a000..0xffffb298a008, fpsimd false
[    2.750829] rust_kjit: kjit: pc 0xffffb298a000: installed 532 bytes, 0 fault sites, 2 entries, text 0xffffb298a000..0xffffb298a008, fpsimd false
[    2.752438] rust_kjit: kjit: pc 0xffffb298a000: installed 532 bytes, 0 fault sites, 2 entries, text 0xffffb298a000..0xffffb298a008, fpsimd false
[    2.753972] rust_kjit: kjit: pc 0xffffb298a000: installed 532 bytes, 0 fault sites, 2 entries, text 0xffffb298a000..0xffffb298a008, fpsimd false
[    2.755072] rust_kjit: kjit: pc 0xffffb298a000: installed 532 bytes, 0 fault sites, 2 entries, text 0xffffb298a000..0xffffb298a008, fpsimd false
[    2.756572] rust_kjit: kjit: pc 0xffffb298a000: installed 532 bytes, 0 fault sites, 2 entries, text 0xffffb298a000..0xffffb298a008, fpsimd false
[    2.758270] rust_kjit: kjit: pc 0xffffb298a000: installed 532 bytes, 0 fault sites, 2 entries, text 0xffffb298a000..0xffffb298a008, fpsimd false
[    2.759556] rust_kjit: kjit: pc 0xffffb298a000: installed 532 bytes, 0 fault sites, 2 entries, text 0xffffb298a000..0xffffb298a008, fpsimd false
[    2.761041] rust_kjit: kjit: pc 0xffffb298a000: installed 532 bytes, 0 fault sites, 2 entries, text 0xffffb298a000..0xffffb298a008, fpsimd false
[    2.762593] rust_kjit: kjit: pc 0xffffb298a000: installed 532 bytes, 0 fault sites, 2 entries, text 0xffffb298a000..0xffffb298a008, fpsimd false
[    2.764220] rust_kjit: kjit: pc 0xffffb298a000: installed 532 bytes, 0 fault sites, 2 entries, text 0xffffb298a000..0xffffb298a008, fpsimd false
[    2.765276] rust_kjit: kjit: pc 0xffffb298a000: installed 532 bytes, 0 fault sites, 2 entries, text 0xffffb298a000..0xffffb298a008, fpsimd false
[    2.766803] rust_kjit: kjit: pc 0xffffb298a000: installed 532 bytes, 0 fault sites, 2 entries, text 0xffffb298a000..0xffffb298a008, fpsimd false
[    2.767884] rust_kjit: kjit: pc 0xffffb298a000: installed 532 bytes, 0 fault sites, 2 entries, text 0xffffb298a000..0xffffb298a008, fpsimd false
[    2.769463] rust_kjit: kjit: pc 0xffffb298a000: installed 532 bytes, 0 fault sites, 2 entries, text 0xffffb298a000..0xffffb298a008, fpsimd false
[    2.770570] rust_kjit: kjit: pc 0xffffb298a000: installed 532 bytes, 0 fault sites, 2 entries, text 0xffffb298a000..0xffffb298a008, fpsimd false
[    2.772103] rust_kjit: kjit: pc 0xffffb298a000: installed 532 bytes, 0 fault sites, 2 entries, text 0xffffb298a000..0xffffb298a008, fpsimd false
[    2.773258] rust_kjit: kjit: pc 0xffffb298a000: installed 532 bytes, 0 fault sites, 2 entries, text 0xffffb298a000..0xffffb298a008, fpsimd false
[    2.775035] rust_kjit: kjit: pc 0xffffb298a000: installed 532 bytes, 0 fault sites, 2 entries, text 0xffffb298a000..0xffffb298a008, fpsimd false
[    2.776098] rust_kjit: kjit: pc 0xffffb298a000: installed 532 bytes, 0 fault sites, 2 entries, text 0xffffb298a000..0xffffb298a008, fpsimd false
[    2.777656] rust_kjit: kjit: pc 0xffffb298a000: installed 532 bytes, 0 fault sites, 2 entries, text 0xffffb298a000..0xffffb298a008, fpsimd false
[    2.778962] rust_kjit: kjit: pc 0xffffb298a000: installed 532 bytes, 0 fault sites, 2 entries, text 0xffffb298a000..0xffffb298a008, fpsimd false
[    2.780439] rust_kjit: kjit: pc 0xffffb298a000: installed 532 bytes, 0 fault sites, 2 entries, text 0xffffb298a000..0xffffb298a008, fpsimd false
[    2.781884] rust_kjit: kjit: pc 0xffffb298a000: installed 532 bytes, 0 fault sites, 2 entries, text 0xffffb298a000..0xffffb298a008, fpsimd false
[    2.783677] rust_kjit: kjit: pc 0xffffb298a000: installed 532 bytes, 0 fault sites, 2 entries, text 0xffffb298a000..0xffffb298a008, fpsimd false
[    2.785299] rust_kjit: kjit: pc 0xffffb298a000: installed 532 bytes, 0 fault sites, 2 entries, text 0xffffb298a000..0xffffb298a008, fpsimd false
[    2.786758] rust_kjit: kjit: pc 0xffffb298a000: installed 532 bytes, 0 fault sites, 2 entries, text 0xffffb298a000..0xffffb298a008, fpsimd false
[    2.788399] rust_kjit: kjit: pc 0xffffb298a000: installed 532 bytes, 0 fault sites, 2 entries, text 0xffffb298a000..0xffffb298a008, fpsimd false
[    2.789947] rust_kjit: kjit: pc 0xffffb298a000: installed 532 bytes, 0 fault sites, 2 entries, text 0xffffb298a000..0xffffb298a008, fpsimd false
[    2.791706] rust_kjit: kjit: pc 0xffffb298a000: installed 532 bytes, 0 fault sites, 2 entries, text 0xffffb298a000..0xffffb298a008, fpsimd false
[    2.793280] rust_kjit: kjit: pc 0xffffb298a000: installed 532 bytes, 0 fault sites, 2 entries, text 0xffffb298a000..0xffffb298a008, fpsimd false
[    2.794818] rust_kjit: kjit: pc 0xffffb298a000: installed 532 bytes, 0 fault sites, 2 entries, text 0xffffb298a000..0xffffb298a008, fpsimd false
[    2.796368] rust_kjit: kjit: pc 0xffffb298a000: installed 532 bytes, 0 fault sites, 2 entries, text 0xffffb298a000..0xffffb298a008, fpsimd false
[    2.797965] rust_kjit: kjit: pc 0xffffb298a000: installed 532 bytes, 0 fault sites, 2 entries, text 0xffffb298a000..0xffffb298a008, fpsimd false
[    2.799670] rust_kjit: kjit: pc 0xffffb298a000: installed 532 bytes, 0 fault sites, 2 entries, text 0xffffb298a000..0xffffb298a008, fpsimd false
[    2.800750] rust_kjit: kjit: pc 0xffffb298a000: installed 532 bytes, 0 fault sites, 2 entries, text 0xffffb298a000..0xffffb298a008, fpsimd false
[    2.802468] rust_kjit: kjit: pc 0xffffb298a000: installed 532 bytes, 0 fault sites, 2 entries, text 0xffffb298a000..0xffffb298a008, fpsimd false
[    2.803958] rust_kjit: kjit: pc 0xffffb298a000: installed 532 bytes, 0 fault sites, 2 entries, text 0xffffb298a000..0xffffb298a008, fpsimd false
[    2.805433] rust_kjit: kjit: pc 0xffffb298a000: installed 532 bytes, 0 fault sites, 2 entries, text 0xffffb298a000..0xffffb298a008, fpsimd false
[    2.806619] rust_kjit: kjit: pc 0xffffb298a000: installed 532 bytes, 0 fault sites, 2 entries, text 0xffffb298a000..0xffffb298a008, fpsimd false
[    2.808158] rust_kjit: kjit: pc 0xffffb298a000: installed 532 bytes, 0 fault sites, 2 entries, text 0xffffb298a000..0xffffb298a008, fpsimd false
[    2.809231] rust_kjit: kjit: pc 0xffffb298a000: installed 532 bytes, 0 fault sites, 2 entries, text 0xffffb298a000..0xffffb298a008, fpsimd false
[    2.810806] rust_kjit: kjit: pc 0xffffb298a000: installed 532 bytes, 0 fault sites, 2 entries, text 0xffffb298a000..0xffffb298a008, fpsimd false
[    2.812014] rust_kjit: kjit: pc 0xffffb298a000: installed 532 bytes, 0 fault sites, 2 entries, text 0xffffb298a000..0xffffb298a008, fpsimd false
[    2.813550] rust_kjit: kjit: pc 0xffffb298a000: installed 532 bytes, 0 fault sites, 2 entries, text 0xffffb298a000..0xffffb298a008, fpsimd false
[    2.815195] rust_kjit: kjit: pc 0xffffb298a000: installed 532 bytes, 0 fault sites, 2 entries, text 0xffffb298a000..0xffffb298a008, fpsimd false
[    2.816293] rust_kjit: kjit: pc 0xffffb298a000: installed 532 bytes, 0 fault sites, 2 entries, text 0xffffb298a000..0xffffb298a008, fpsimd false
[    2.817794] rust_kjit: kjit: pc 0xffffb298a000: installed 532 bytes, 0 fault sites, 2 entries, text 0xffffb298a000..0xffffb298a008, fpsimd false
[    2.819421] rust_kjit: kjit: pc 0xffffb298a000: installed 532 bytes, 0 fault sites, 2 entries, text 0xffffb298a000..0xffffb298a008, fpsimd false
[    2.820933] rust_kjit: kjit: pc 0xffffb298a000: installed 532 bytes, 0 fault sites, 2 entries, text 0xffffb298a000..0xffffb298a008, fpsimd false
[    2.822465] rust_kjit: kjit: pc 0xffffb298a000: installed 532 bytes, 0 fault sites, 2 entries, text 0xffffb298a000..0xffffb298a008, fpsimd false
[    2.823580] rust_kjit: kjit: pc 0xffffb298a000: installed 532 bytes, 0 fault sites, 2 entries, text 0xffffb298a000..0xffffb298a008, fpsimd false
[    2.825100] rust_kjit: kjit: pc 0xffffb298a000: installed 532 bytes, 0 fault sites, 2 entries, text 0xffffb298a000..0xffffb298a008, fpsimd false
[    2.826210] rust_kjit: kjit: pc 0xffffb298a000: installed 532 bytes, 0 fault sites, 2 entries, text 0xffffb298a000..0xffffb298a008, fpsimd false
[    2.827998] rust_kjit: kjit: pc 0xffffb298a000: installed 532 bytes, 0 fault sites, 2 entries, text 0xffffb298a000..0xffffb298a008, fpsimd false
[    2.829512] rust_kjit: kjit: pc 0xffffb298a000: installed 532 bytes, 0 fault sites, 2 entries, text 0xffffb298a000..0xffffb298a008, fpsimd false
[    2.830564] rust_kjit: kjit: pc 0xffffb298a000: installed 532 bytes, 0 fault sites, 2 entries, text 0xffffb298a000..0xffffb298a008, fpsimd false
[    2.832128] rust_kjit: kjit: pc 0xffffb298a000: installed 532 bytes, 0 fault sites, 2 entries, text 0xffffb298a000..0xffffb298a008, fpsimd false
[    2.833234] rust_kjit: kjit: pc 0xffffb298a000: installed 532 bytes, 0 fault sites, 2 entries, text 0xffffb298a000..0xffffb298a008, fpsimd false
[    2.834757] rust_kjit: kjit: pc 0xffffb298a000: installed 532 bytes, 0 fault sites, 2 entries, text 0xffffb298a000..0xffffb298a008, fpsimd false
[    2.836313] rust_kjit: kjit: pc 0xffffb298a000: installed 532 bytes, 0 fault sites, 2 entries, text 0xffffb298a000..0xffffb298a008, fpsimd false
[    2.837818] rust_kjit: kjit: pc 0xffffb298a000: installed 532 bytes, 0 fault sites, 2 entries, text 0xffffb298a000..0xffffb298a008, fpsimd false
[    2.838866] rust_kjit: kjit: pc 0xffffb298a000: installed 532 bytes, 0 fault sites, 2 entries, text 0xffffb298a000..0xffffb298a008, fpsimd false
[    2.840434] rust_kjit: kjit: pc 0xffffb298a000: installed 532 bytes, 0 fault sites, 2 entries, text 0xffffb298a000..0xffffb298a008, fpsimd false
[    2.841545] rust_kjit: kjit: pc 0xffffb298a000: installed 532 bytes, 0 fault sites, 2 entries, text 0xffffb298a000..0xffffb298a008, fpsimd false
[    2.843204] rust_kjit: kjit: pc 0xffffb298a000: installed 532 bytes, 0 fault sites, 2 entries, text 0xffffb298a000..0xffffb298a008, fpsimd false
[    2.844825] rust_kjit: kjit: pc 0xffffb298a000: installed 532 bytes, 0 fault sites, 2 entries, text 0xffffb298a000..0xffffb298a008, fpsimd false
[    2.846665] rust_kjit: kjit: pc 0xffffb298a000: installed 532 bytes, 0 fault sites, 2 entries, text 0xffffb298a000..0xffffb298a008, fpsimd false
[    2.848236] rust_kjit: kjit: pc 0xffffb298a000: installed 532 bytes, 0 fault sites, 2 entries, text 0xffffb298a000..0xffffb298a008, fpsimd false
[    2.849345] rust_kjit: kjit: pc 0xffffb298a000: installed 532 bytes, 0 fault sites, 2 entries, text 0xffffb298a000..0xffffb298a008, fpsimd false
[    2.850594] rust_kjit: kjit: pc 0xffffb298a000: installed 532 bytes, 0 fault sites, 2 entries, text 0xffffb298a000..0xffffb298a008, fpsimd false
[    2.852326] rust_kjit: kjit: pc 0xffffb298a000: installed 532 bytes, 0 fault sites, 2 entries, text 0xffffb298a000..0xffffb298a008, fpsimd false
[    2.854137] rust_kjit: kjit: pc 0xffffb298a000: installed 532 bytes, 0 fault sites, 2 entries, text 0xffffb298a000..0xffffb298a008, fpsimd false
[    2.855811] rust_kjit: kjit: pc 0xffffb298a000: installed 532 bytes, 0 fault sites, 2 entries, text 0xffffb298a000..0xffffb298a008, fpsimd false
[    2.857369] rust_kjit: kjit: pc 0xffffb298a000: installed 532 bytes, 0 fault sites, 2 entries, text 0xffffb298a000..0xffffb298a008, fpsimd false
[    2.859103] rust_kjit: kjit: pc 0xffffb298a000: installed 532 bytes, 0 fault sites, 2 entries, text 0xffffb298a000..0xffffb298a008, fpsimd false
[    2.861385] rust_kjit: kjit: pc 0xffffb298a000: installed 532 bytes, 0 fault sites, 2 entries, text 0xffffb298a000..0xffffb298a008, fpsimd false
[    2.862572] rust_kjit: kjit: pc 0xffffb298a000: installed 532 bytes, 0 fault sites, 2 entries, text 0xffffb298a000..0xffffb298a008, fpsimd false
[    2.864250] rust_kjit: kjit: pc 0xffffb298a000: installed 532 bytes, 0 fault sites, 2 entries, text 0xffffb298a000..0xffffb298a008, fpsimd false
[    2.865364] rust_kjit: kjit: pc 0xffffb298a000: installed 532 bytes, 0 fault sites, 2 entries, text 0xffffb298a000..0xffffb298a008, fpsimd false
[    2.867042] rust_kjit: kjit: pc 0xffffb298a000: installed 532 bytes, 0 fault sites, 2 entries, text 0xffffb298a000..0xffffb298a008, fpsimd false
[    2.868234] rust_kjit: kjit: pc 0xffffb298a000: installed 532 bytes, 0 fault sites, 2 entries, text 0xffffb298a000..0xffffb298a008, fpsimd false
[    2.869830] rust_kjit: kjit: pc 0xffffb298a000: installed 532 bytes, 0 fault sites, 2 entries, text 0xffffb298a000..0xffffb298a008, fpsimd false
[    2.870869] rust_kjit: kjit: pc 0xffffb298a000: installed 532 bytes, 0 fault sites, 2 entries, text 0xffffb298a000..0xffffb298a008, fpsimd false
[    2.872428] rust_kjit: kjit: pc 0xffffb298a000: installed 532 bytes, 0 fault sites, 2 entries, text 0xffffb298a000..0xffffb298a008, fpsimd false
[    2.873522] rust_kjit: kjit: pc 0xffffb298a000: installed 532 bytes, 0 fault sites, 2 entries, text 0xffffb298a000..0xffffb298a008, fpsimd false
[    2.875061] rust_kjit: kjit: pc 0xffffb298a000: installed 532 bytes, 0 fault sites, 2 entries, text 0xffffb298a000..0xffffb298a008, fpsimd false
[    2.876248] rust_kjit: kjit: pc 0xffffb298a000: installed 532 bytes, 0 fault sites, 2 entries, text 0xffffb298a000..0xffffb298a008, fpsimd false
[    2.877862] rust_kjit: kjit: pc 0xffffb298a000: installed 532 bytes, 0 fault sites, 2 entries, text 0xffffb298a000..0xffffb298a008, fpsimd false
[    2.879555] rust_kjit: kjit: pc 0xffffb298a000: installed 532 bytes, 0 fault sites, 2 entries, text 0xffffb298a000..0xffffb298a008, fpsimd false
[    2.880670] rust_kjit: kjit: pc 0xffffb298a000: installed 532 bytes, 0 fault sites, 2 entries, text 0xffffb298a000..0xffffb298a008, fpsimd false
[    2.882175] rust_kjit: kjit: pc 0xffffb298a000: installed 532 bytes, 0 fault sites, 2 entries, text 0xffffb298a000..0xffffb298a008, fpsimd false
[    2.883354] rust_kjit: kjit: pc 0xffffb298a000: installed 532 bytes, 0 fault sites, 2 entries, text 0xffffb298a000..0xffffb298a008, fpsimd false
[    2.884935] rust_kjit: kjit: pc 0xffffb298a000: installed 532 bytes, 0 fault sites, 2 entries, text 0xffffb298a000..0xffffb298a008, fpsimd false
[    2.886541] rust_kjit: kjit: pc 0xffffb298a000: installed 532 bytes, 0 fault sites, 2 entries, text 0xffffb298a000..0xffffb298a008, fpsimd false
[    2.887636] rust_kjit: kjit: pc 0xffffb298a000: installed 532 bytes, 0 fault sites, 2 entries, text 0xffffb298a000..0xffffb298a008, fpsimd false
[    2.889204] rust_kjit: kjit: pc 0xffffb298a000: installed 532 bytes, 0 fault sites, 2 entries, text 0xffffb298a000..0xffffb298a008, fpsimd false
[    2.890253] rust_kjit: kjit: pc 0xffffb298a000: installed 532 bytes, 0 fault sites, 2 entries, text 0xffffb298a000..0xffffb298a008, fpsimd false
[    2.891931] rust_kjit: kjit: pc 0xffffb298a000: installed 532 bytes, 0 fault sites, 2 entries, text 0xffffb298a000..0xffffb298a008, fpsimd false
[    2.893091] rust_kjit: kjit: pc 0xffffb298a000: installed 532 bytes, 0 fault sites, 2 entries, text 0xffffb298a000..0xffffb298a008, fpsimd false
[    2.894686] rust_kjit: kjit: pc 0xffffb298a000: installed 532 bytes, 0 fault sites, 2 entries, text 0xffffb298a000..0xffffb298a008, fpsimd false
[    2.896567] rust_kjit: kjit: pc 0xffffb298a000: installed 532 bytes, 0 fault sites, 2 entries, text 0xffffb298a000..0xffffb298a008, fpsimd false
[    2.898161] rust_kjit: kjit: pc 0xffffb298a000: installed 532 bytes, 0 fault sites, 2 entries, text 0xffffb298a000..0xffffb298a008, fpsimd false
[    2.899871] rust_kjit: kjit: pc 0xffffb298a000: installed 532 bytes, 0 fault sites, 2 entries, text 0xffffb298a000..0xffffb298a008, fpsimd false
[    2.901395] rust_kjit: kjit: pc 0xffffb298a000: installed 532 bytes, 0 fault sites, 2 entries, text 0xffffb298a000..0xffffb298a008, fpsimd false
[    2.902997] rust_kjit: kjit: pc 0xffffb298a000: installed 532 bytes, 0 fault sites, 2 entries, text 0xffffb298a000..0xffffb298a008, fpsimd false
[    2.904578] rust_kjit: kjit: pc 0xffffb298a000: installed 532 bytes, 0 fault sites, 2 entries, text 0xffffb298a000..0xffffb298a008, fpsimd false
[    2.905640] rust_kjit: kjit: pc 0xffffb298a000: installed 532 bytes, 0 fault sites, 2 entries, text 0xffffb298a000..0xffffb298a008, fpsimd false
[    2.906740] rust_kjit: kjit: pc 0xffffb298a000: installed 532 bytes, 0 fault sites, 2 entries, text 0xffffb298a000..0xffffb298a008, fpsimd false
[    2.908193] rust_kjit: kjit: pc 0xffffb298a000: installed 532 bytes, 0 fault sites, 2 entries, text 0xffffb298a000..0xffffb298a008, fpsimd false
[    2.909285] rust_kjit: kjit: pc 0xffffb298a000: installed 532 bytes, 0 fault sites, 2 entries, text 0xffffb298a000..0xffffb298a008, fpsimd false
[    2.910897] rust_kjit: kjit: pc 0xffffb298a000: installed 532 bytes, 0 fault sites, 2 entries, text 0xffffb298a000..0xffffb298a008, fpsimd false
[    2.912538] rust_kjit: kjit: pc 0xffffb298a000: installed 532 bytes, 0 fault sites, 2 entries, text 0xffffb298a000..0xffffb298a008, fpsimd false
[    2.913633] rust_kjit: kjit: pc 0xffffb298a000: installed 532 bytes, 0 fault sites, 2 entries, text 0xffffb298a000..0xffffb298a008, fpsimd false
[    2.915308] rust_kjit: kjit: pc 0xffffb298a000: installed 532 bytes, 0 fault sites, 2 entries, text 0xffffb298a000..0xffffb298a008, fpsimd false
[    2.916352] rust_kjit: kjit: pc 0xffffb298a000: installed 532 bytes, 0 fault sites, 2 entries, text 0xffffb298a000..0xffffb298a008, fpsimd false
[    2.917911] rust_kjit: kjit: pc 0xffffb298a000: installed 532 bytes, 0 fault sites, 2 entries, text 0xffffb298a000..0xffffb298a008, fpsimd false
[    2.919277] rust_kjit: kjit: pc 0xffffb298a000: installed 532 bytes, 0 fault sites, 2 entries, text 0xffffb298a000..0xffffb298a008, fpsimd false
[    2.920768] rust_kjit: kjit: pc 0xffffb298a000: installed 532 bytes, 0 fault sites, 2 entries, text 0xffffb298a000..0xffffb298a008, fpsimd false
[    2.922327] rust_kjit: kjit: pc 0xffffb298a000: installed 532 bytes, 0 fault sites, 2 entries, text 0xffffb298a000..0xffffb298a008, fpsimd false
[    2.923984] rust_kjit: kjit: pc 0xffffb298a000: installed 532 bytes, 0 fault sites, 2 entries, text 0xffffb298a000..0xffffb298a008, fpsimd false
[    2.925468] rust_kjit: kjit: pc 0xffffb298a000: installed 532 bytes, 0 fault sites, 2 entries, text 0xffffb298a000..0xffffb298a008, fpsimd false
[    2.927031] rust_kjit: kjit: pc 0xffffb298a000: installed 532 bytes, 0 fault sites, 2 entries, text 0xffffb298a000..0xffffb298a008, fpsimd false
[    2.928586] rust_kjit: kjit: pc 0xffffb298a000: installed 532 bytes, 0 fault sites, 2 entries, text 0xffffb298a000..0xffffb298a008, fpsimd false
[    2.930103] rust_kjit: kjit: pc 0xffffb298a000: installed 532 bytes, 0 fault sites, 2 entries, text 0xffffb298a000..0xffffb298a008, fpsimd false
[    2.931737] rust_kjit: kjit: pc 0xffffb298a000: installed 532 bytes, 0 fault sites, 2 entries, text 0xffffb298a000..0xffffb298a008, fpsimd false
[    2.933291] rust_kjit: kjit: pc 0xffffb298a000: installed 532 bytes, 0 fault sites, 2 entries, text 0xffffb298a000..0xffffb298a008, fpsimd false
[    2.934849] rust_kjit: kjit: pc 0xffffb298a000: installed 532 bytes, 0 fault sites, 2 entries, text 0xffffb298a000..0xffffb298a008, fpsimd false
[    2.936335] rust_kjit: kjit: pc 0xffffb298a000: installed 532 bytes, 0 fault sites, 2 entries, text 0xffffb298a000..0xffffb298a008, fpsimd false
[    2.937859] rust_kjit: kjit: pc 0xffffb298a000: installed 532 bytes, 0 fault sites, 2 entries, text 0xffffb298a000..0xffffb298a008, fpsimd false
[    2.939472] rust_kjit: kjit: pc 0xffffb298a000: installed 532 bytes, 0 fault sites, 2 entries, text 0xffffb298a000..0xffffb298a008, fpsimd false
[    2.941058] rust_kjit: kjit: pc 0xffffb298a000: installed 532 bytes, 0 fault sites, 2 entries, text 0xffffb298a000..0xffffb298a008, fpsimd false
[    2.942567] rust_kjit: kjit: pc 0xffffb298a000: installed 532 bytes, 0 fault sites, 2 entries, text 0xffffb298a000..0xffffb298a008, fpsimd false
[    2.944151] rust_kjit: kjit: pc 0xffffb298a000: installed 532 bytes, 0 fault sites, 2 entries, text 0xffffb298a000..0xffffb298a008, fpsimd false
[    2.945702] rust_kjit: kjit: pc 0xffffb298a000: installed 532 bytes, 0 fault sites, 2 entries, text 0xffffb298a000..0xffffb298a008, fpsimd false
[    2.946865] rust_kjit: kjit: pc 0xffffb298a000: installed 532 bytes, 0 fault sites, 2 entries, text 0xffffb298a000..0xffffb298a008, fpsimd false
[    2.948344] rust_kjit: kjit: pc 0xffffb298a000: installed 532 bytes, 0 fault sites, 2 entries, text 0xffffb298a000..0xffffb298a008, fpsimd false
[    2.949437] rust_kjit: kjit: pc 0xffffb298a000: installed 532 bytes, 0 fault sites, 2 entries, text 0xffffb298a000..0xffffb298a008, fpsimd false
[    2.951087] rust_kjit: kjit: pc 0xffffb298a000: installed 532 bytes, 0 fault sites, 2 entries, text 0xffffb298a000..0xffffb298a008, fpsimd false
[    2.952697] rust_kjit: kjit: pc 0xffffb298a000: installed 532 bytes, 0 fault sites, 2 entries, text 0xffffb298a000..0xffffb298a008, fpsimd false
[    2.953801] rust_kjit: kjit: pc 0xffffb298a000: installed 532 bytes, 0 fault sites, 2 entries, text 0xffffb298a000..0xffffb298a008, fpsimd false
[    2.955440] rust_kjit: kjit: pc 0xffffb298a000: installed 532 bytes, 0 fault sites, 2 entries, text 0xffffb298a000..0xffffb298a008, fpsimd false
[    2.956484] rust_kjit: kjit: pc 0xffffb298a000: installed 532 bytes, 0 fault sites, 2 entries, text 0xffffb298a000..0xffffb298a008, fpsimd false
[    2.958012] rust_kjit: kjit: pc 0xffffb298a000: installed 532 bytes, 0 fault sites, 2 entries, text 0xffffb298a000..0xffffb298a008, fpsimd false
[    2.959246] rust_kjit: kjit: pc 0xffffb298a000: installed 532 bytes, 0 fault sites, 2 entries, text 0xffffb298a000..0xffffb298a008, fpsimd false
[    2.960737] rust_kjit: kjit: pc 0xffffb298a000: installed 532 bytes, 0 fault sites, 2 entries, text 0xffffb298a000..0xffffb298a008, fpsimd false
[    2.962306] rust_kjit: kjit: pc 0xffffb298a000: installed 532 bytes, 0 fault sites, 2 entries, text 0xffffb298a000..0xffffb298a008, fpsimd false
[    2.964084] rust_kjit: kjit: pc 0xffffb298a000: installed 532 bytes, 0 fault sites, 2 entries, text 0xffffb298a000..0xffffb298a008, fpsimd false
[    2.965622] rust_kjit: kjit: pc 0xffffb298a000: installed 532 bytes, 0 fault sites, 2 entries, text 0xffffb298a000..0xffffb298a008, fpsimd false
[    2.967101] rust_kjit: kjit: pc 0xffffb298a000: installed 532 bytes, 0 fault sites, 2 entries, text 0xffffb298a000..0xffffb298a008, fpsimd false
[    2.968629] rust_kjit: kjit: pc 0xffffb298a000: installed 532 bytes, 0 fault sites, 2 entries, text 0xffffb298a000..0xffffb298a008, fpsimd false
[    2.970161] rust_kjit: kjit: pc 0xffffb298a000: installed 532 bytes, 0 fault sites, 2 entries, text 0xffffb298a000..0xffffb298a008, fpsimd false
[    2.971821] rust_kjit: kjit: pc 0xffffb298a000: installed 532 bytes, 0 fault sites, 2 entries, text 0xffffb298a000..0xffffb298a008, fpsimd false
[    2.973401] rust_kjit: kjit: pc 0xffffb298a000: installed 532 bytes, 0 fault sites, 2 entries, text 0xffffb298a000..0xffffb298a008, fpsimd false
[    2.975053] rust_kjit: kjit: pc 0xffffb298a000: installed 532 bytes, 0 fault sites, 2 entries, text 0xffffb298a000..0xffffb298a008, fpsimd false
[    2.976102] rust_kjit: kjit: pc 0xffffb298a000: installed 532 bytes, 0 fault sites, 2 entries, text 0xffffb298a000..0xffffb298a008, fpsimd false
[    2.977717] rust_kjit: kjit: pc 0xffffb298a000: installed 532 bytes, 0 fault sites, 2 entries, text 0xffffb298a000..0xffffb298a008, fpsimd false
[    2.979300] rust_kjit: kjit: pc 0xffffb298a000: installed 532 bytes, 0 fault sites, 2 entries, text 0xffffb298a000..0xffffb298a008, fpsimd false
[    2.980954] rust_kjit: kjit: pc 0xffffb298a000: installed 532 bytes, 0 fault sites, 2 entries, text 0xffffb298a000..0xffffb298a008, fpsimd false
[    2.982545] rust_kjit: kjit: pc 0xffffb298a000: installed 532 bytes, 0 fault sites, 2 entries, text 0xffffb298a000..0xffffb298a008, fpsimd false
[    2.984051] rust_kjit: kjit: pc 0xffffb298a000: installed 532 bytes, 0 fault sites, 2 entries, text 0xffffb298a000..0xffffb298a008, fpsimd false
[    2.985656] rust_kjit: kjit: pc 0xffffb298a000: installed 532 bytes, 0 fault sites, 2 entries, text 0xffffb298a000..0xffffb298a008, fpsimd false
[    2.987327] rust_kjit: kjit: pc 0xffffb298a000: installed 532 bytes, 0 fault sites, 2 entries, text 0xffffb298a000..0xffffb298a008, fpsimd false
[    2.988818] rust_kjit: kjit: pc 0xffffb298a000: installed 532 bytes, 0 fault sites, 2 entries, text 0xffffb298a000..0xffffb298a008, fpsimd false
[    2.990520] rust_kjit: kjit: pc 0xffffb298a000: installed 532 bytes, 0 fault sites, 2 entries, text 0xffffb298a000..0xffffb298a008, fpsimd false
[    2.992203] rust_kjit: kjit: pc 0xffffb298a000: installed 532 bytes, 0 fault sites, 2 entries, text 0xffffb298a000..0xffffb298a008, fpsimd false
[    2.993365] rust_kjit: kjit: pc 0xffffb298a000: installed 532 bytes, 0 fault sites, 2 entries, text 0xffffb298a000..0xffffb298a008, fpsimd false
[    2.994988] rust_kjit: kjit: pc 0xffffb298a000: installed 532 bytes, 0 fault sites, 2 entries, text 0xffffb298a000..0xffffb298a008, fpsimd false
[    2.996560] rust_kjit: kjit: pc 0xffffb298a000: installed 532 bytes, 0 fault sites, 2 entries, text 0xffffb298a000..0xffffb298a008, fpsimd false
[    2.998126] rust_kjit: kjit: pc 0xffffb298a000: installed 532 bytes, 0 fault sites, 2 entries, text 0xffffb298a000..0xffffb298a008, fpsimd false
[    2.999877] rust_kjit: kjit: pc 0xffffb298a000: installed 532 bytes, 0 fault sites, 2 entries, text 0xffffb298a000..0xffffb298a008, fpsimd false
[    3.001415] rust_kjit: kjit: pc 0xffffb298a000: installed 532 bytes, 0 fault sites, 2 entries, text 0xffffb298a000..0xffffb298a008, fpsimd false
[    3.002996] rust_kjit: kjit: pc 0xffffb298a000: installed 532 bytes, 0 fault sites, 2 entries, text 0xffffb298a000..0xffffb298a008, fpsimd false
[    3.004468] rust_kjit: kjit: pc 0xffffb298a000: installed 532 bytes, 0 fault sites, 2 entries, text 0xffffb298a000..0xffffb298a008, fpsimd false
[    3.005597] rust_kjit: kjit: pc 0xffffb298a000: installed 532 bytes, 0 fault sites, 2 entries, text 0xffffb298a000..0xffffb298a008, fpsimd false
[    3.007115] rust_kjit: kjit: pc 0xffffb298a000: installed 532 bytes, 0 fault sites, 2 entries, text 0xffffb298a000..0xffffb298a008, fpsimd false
[    3.008167] rust_kjit: kjit: pc 0xffffb298a000: installed 532 bytes, 0 fault sites, 2 entries, text 0xffffb298a000..0xffffb298a008, fpsimd false
[    3.009772] rust_kjit: kjit: pc 0xffffb298a000: installed 532 bytes, 0 fault sites, 2 entries, text 0xffffb298a000..0xffffb298a008, fpsimd false
[    3.010848] rust_kjit: kjit: pc 0xffffb298a000: installed 532 bytes, 0 fault sites, 2 entries, text 0xffffb298a000..0xffffb298a008, fpsimd false
[    3.012336] rust_kjit: kjit: pc 0xffffb298a000: installed 532 bytes, 0 fault sites, 2 entries, text 0xffffb298a000..0xffffb298a008, fpsimd false
[    3.013449] rust_kjit: kjit: pc 0xffffb298a000: installed 532 bytes, 0 fault sites, 2 entries, text 0xffffb298a000..0xffffb298a008, fpsimd false
[    3.015086] rust_kjit: kjit: pc 0xffffb298a000: installed 532 bytes, 0 fault sites, 2 entries, text 0xffffb298a000..0xffffb298a008, fpsimd false
[    3.016200] rust_kjit: kjit: pc 0xffffb298a000: installed 532 bytes, 0 fault sites, 2 entries, text 0xffffb298a000..0xffffb298a008, fpsimd false
[    3.017752] rust_kjit: kjit: pc 0xffffb298a000: installed 532 bytes, 0 fault sites, 2 entries, text 0xffffb298a000..0xffffb298a008, fpsimd false
[    3.019290] rust_kjit: kjit: pc 0xffffb298a000: installed 532 bytes, 0 fault sites, 2 entries, text 0xffffb298a000..0xffffb298a008, fpsimd false
[    3.020902] rust_kjit: kjit: pc 0xffffb298a000: installed 532 bytes, 0 fault sites, 2 entries, text 0xffffb298a000..0xffffb298a008, fpsimd false
[    3.021995] rust_kjit: kjit: pc 0xffffb298a000: installed 532 bytes, 0 fault sites, 2 entries, text 0xffffb298a000..0xffffb298a008, fpsimd false
[    3.023700] rust_kjit: kjit: pc 0xffffb298a000: installed 532 bytes, 0 fault sites, 2 entries, text 0xffffb298a000..0xffffb298a008, fpsimd false
[    3.024764] rust_kjit: kjit: pc 0xffffb298a000: installed 532 bytes, 0 fault sites, 2 entries, text 0xffffb298a000..0xffffb298a008, fpsimd false
[    3.026400] rust_kjit: kjit: pc 0xffffb298a000: installed 532 bytes, 0 fault sites, 2 entries, text 0xffffb298a000..0xffffb298a008, fpsimd false
[    3.027559] rust_kjit: kjit: pc 0xffffb298a000: installed 532 bytes, 0 fault sites, 2 entries, text 0xffffb298a000..0xffffb298a008, fpsimd false
[    3.029042] rust_kjit: kjit: pc 0xffffb298a000: installed 532 bytes, 0 fault sites, 2 entries, text 0xffffb298a000..0xffffb298a008, fpsimd false
[    3.030584] rust_kjit: kjit: pc 0xffffb298a000: installed 532 bytes, 0 fault sites, 2 entries, text 0xffffb298a000..0xffffb298a008, fpsimd false
[    3.031633] rust_kjit: kjit: pc 0xffffb298a000: installed 532 bytes, 0 fault sites, 2 entries, text 0xffffb298a000..0xffffb298a008, fpsimd false
[    3.033103] rust_kjit: kjit: pc 0xffffb298a000: installed 532 bytes, 0 fault sites, 2 entries, text 0xffffb298a000..0xffffb298a008, fpsimd false
[    3.034228] rust_kjit: kjit: pc 0xffffb298a000: installed 532 bytes, 0 fault sites, 2 entries, text 0xffffb298a000..0xffffb298a008, fpsimd false
[    3.036017] rust_kjit: kjit: pc 0xffffb298a000: installed 532 bytes, 0 fault sites, 2 entries, text 0xffffb298a000..0xffffb298a008, fpsimd false
[    3.037086] rust_kjit: kjit: pc 0xffffb298a000: installed 532 bytes, 0 fault sites, 2 entries, text 0xffffb298a000..0xffffb298a008, fpsimd false
[    3.038619] rust_kjit: kjit: pc 0xffffb298a000: installed 532 bytes, 0 fault sites, 2 entries, text 0xffffb298a000..0xffffb298a008, fpsimd false
[    3.039672] rust_kjit: kjit: pc 0xffffb298a000: installed 532 bytes, 0 fault sites, 2 entries, text 0xffffb298a000..0xffffb298a008, fpsimd false
[    3.041233] rust_kjit: kjit: pc 0xffffb298a000: installed 532 bytes, 0 fault sites, 2 entries, text 0xffffb298a000..0xffffb298a008, fpsimd false
[    3.042617] rust_kjit: kjit: pc 0xffffb298a000: installed 532 bytes, 0 fault sites, 2 entries, text 0xffffb298a000..0xffffb298a008, fpsimd false
[    3.044222] rust_kjit: kjit: pc 0xffffb298a000: installed 532 bytes, 0 fault sites, 2 entries, text 0xffffb298a000..0xffffb298a008, fpsimd false
[    3.045326] rust_kjit: kjit: pc 0xffffb298a000: installed 532 bytes, 0 fault sites, 2 entries, text 0xffffb298a000..0xffffb298a008, fpsimd false
[    3.046901] rust_kjit: kjit: pc 0xffffb298a000: installed 532 bytes, 0 fault sites, 2 entries, text 0xffffb298a000..0xffffb298a008, fpsimd false
[    3.048393] rust_kjit: kjit: pc 0xffffb298a000: installed 532 bytes, 0 fault sites, 2 entries, text 0xffffb298a000..0xffffb298a008, fpsimd false
[    3.049865] rust_kjit: kjit: pc 0xffffb298a000: installed 532 bytes, 0 fault sites, 2 entries, text 0xffffb298a000..0xffffb298a008, fpsimd false
[    3.051583] rust_kjit: kjit: pc 0xffffb298a000: installed 532 bytes, 0 fault sites, 2 entries, text 0xffffb298a000..0xffffb298a008, fpsimd false
[    3.052644] rust_kjit: kjit: pc 0xffffb298a000: installed 532 bytes, 0 fault sites, 2 entries, text 0xffffb298a000..0xffffb298a008, fpsimd false
[    3.054120] rust_kjit: kjit: pc 0xffffb298a000: installed 532 bytes, 0 fault sites, 2 entries, text 0xffffb298a000..0xffffb298a008, fpsimd false
[    3.055432] rust_kjit: kjit: pc 0xffffb298a000: installed 532 bytes, 0 fault sites, 2 entries, text 0xffffb298a000..0xffffb298a008, fpsimd false
[    3.056961] rust_kjit: kjit: pc 0xffffb298a000: installed 532 bytes, 0 fault sites, 2 entries, text 0xffffb298a000..0xffffb298a008, fpsimd false
[    3.058549] rust_kjit: kjit: pc 0xffffb298a000: installed 532 bytes, 0 fault sites, 2 entries, text 0xffffb298a000..0xffffb298a008, fpsimd false
[    3.060159] rust_kjit: kjit: pc 0xffffb298a000: installed 532 bytes, 0 fault sites, 2 entries, text 0xffffb298a000..0xffffb298a008, fpsimd false
[    3.061669] rust_kjit: kjit: pc 0xffffb298a000: installed 532 bytes, 0 fault sites, 2 entries, text 0xffffb298a000..0xffffb298a008, fpsimd false
[    3.063204] rust_kjit: kjit: pc 0xffffb298a000: installed 532 bytes, 0 fault sites, 2 entries, text 0xffffb298a000..0xffffb298a008, fpsimd false
[    3.064838] rust_kjit: kjit: pc 0xffffb298a000: installed 532 bytes, 0 fault sites, 2 entries, text 0xffffb298a000..0xffffb298a008, fpsimd false
[    3.066458] rust_kjit: kjit: pc 0xffffb298a000: installed 532 bytes, 0 fault sites, 2 entries, text 0xffffb298a000..0xffffb298a008, fpsimd false
[    3.067976] rust_kjit: kjit: pc 0xffffb298a000: installed 532 bytes, 0 fault sites, 2 entries, text 0xffffb298a000..0xffffb298a008, fpsimd false
[    3.069535] rust_kjit: kjit: pc 0xffffb298a000: installed 532 bytes, 0 fault sites, 2 entries, text 0xffffb298a000..0xffffb298a008, fpsimd false
[    3.071036] rust_kjit: kjit: pc 0xffffb298a000: installed 532 bytes, 0 fault sites, 2 entries, text 0xffffb298a000..0xffffb298a008, fpsimd false
[    3.072087] rust_kjit: kjit: pc 0xffffb298a000: installed 532 bytes, 0 fault sites, 2 entries, text 0xffffb298a000..0xffffb298a008, fpsimd false
[    3.073649] rust_kjit: kjit: pc 0xffffb298a000: installed 532 bytes, 0 fault sites, 2 entries, text 0xffffb298a000..0xffffb298a008, fpsimd false
[    3.074753] rust_kjit: kjit: pc 0xffffb298a000: installed 532 bytes, 0 fault sites, 2 entries, text 0xffffb298a000..0xffffb298a008, fpsimd false
[    3.076270] rust_kjit: kjit: pc 0xffffb298a000: installed 532 bytes, 0 fault sites, 2 entries, text 0xffffb298a000..0xffffb298a008, fpsimd false
[    3.077937] rust_kjit: kjit: pc 0xffffb298a000: installed 532 bytes, 0 fault sites, 2 entries, text 0xffffb298a000..0xffffb298a008, fpsimd false
[    3.079113] rust_kjit: kjit: pc 0xffffb298a000: installed 532 bytes, 0 fault sites, 2 entries, text 0xffffb298a000..0xffffb298a008, fpsimd false
[    3.080224] rust_kjit: kjit: pc 0xffffb298a000: installed 532 bytes, 0 fault sites, 2 entries, text 0xffffb298a000..0xffffb298a008, fpsimd false
[    3.081320] rust_kjit: kjit: pc 0xffffb298a000: installed 532 bytes, 0 fault sites, 2 entries, text 0xffffb298a000..0xffffb298a008, fpsimd false
[    3.082908] rust_kjit: kjit: pc 0xffffb298a000: installed 532 bytes, 0 fault sites, 2 entries, text 0xffffb298a000..0xffffb298a008, fpsimd false
[    3.083968] rust_kjit: kjit: pc 0xffffb298a000: installed 532 bytes, 0 fault sites, 2 entries, text 0xffffb298a000..0xffffb298a008, fpsimd false
[    3.085570] rust_kjit: kjit: pc 0xffffb298a000: installed 532 bytes, 0 fault sites, 2 entries, text 0xffffb298a000..0xffffb298a008, fpsimd false
[    3.086694] rust_kjit: kjit: pc 0xffffb298a000: installed 532 bytes, 0 fault sites, 2 entries, text 0xffffb298a000..0xffffb298a008, fpsimd false
[    3.088221] rust_kjit: kjit: pc 0xffffb298a000: installed 532 bytes, 0 fault sites, 2 entries, text 0xffffb298a000..0xffffb298a008, fpsimd false
[    3.089326] rust_kjit: kjit: pc 0xffffb298a000: installed 532 bytes, 0 fault sites, 2 entries, text 0xffffb298a000..0xffffb298a008, fpsimd false
[    3.090848] rust_kjit: kjit: pc 0xffffb298a000: installed 532 bytes, 0 fault sites, 2 entries, text 0xffffb298a000..0xffffb298a008, fpsimd false
[    3.091906] rust_kjit: kjit: pc 0xffffb298a000: installed 532 bytes, 0 fault sites, 2 entries, text 0xffffb298a000..0xffffb298a008, fpsimd false
[    3.093533] rust_kjit: kjit: pc 0xffffb298a000: installed 532 bytes, 0 fault sites, 2 entries, text 0xffffb298a000..0xffffb298a008, fpsimd false
[    3.094615] rust_kjit: kjit: pc 0xffffb298a000: installed 532 bytes, 0 fault sites, 2 entries, text 0xffffb298a000..0xffffb298a008, fpsimd false
[    3.096148] rust_kjit: kjit: pc 0xffffb298a000: installed 532 bytes, 0 fault sites, 2 entries, text 0xffffb298a000..0xffffb298a008, fpsimd false
[    3.097284] rust_kjit: kjit: pc 0xffffb298a000: installed 532 bytes, 0 fault sites, 2 entries, text 0xffffb298a000..0xffffb298a008, fpsimd false
[    3.098823] rust_kjit: kjit: pc 0xffffb298a000: installed 532 bytes, 0 fault sites, 2 entries, text 0xffffb298a000..0xffffb298a008, fpsimd false
[    3.099897] rust_kjit: kjit: pc 0xffffb298a000: installed 532 bytes, 0 fault sites, 2 entries, text 0xffffb298a000..0xffffb298a008, fpsimd false
[    3.101491] rust_kjit: kjit: pc 0xffffb298a000: installed 532 bytes, 0 fault sites, 2 entries, text 0xffffb298a000..0xffffb298a008, fpsimd false
[    3.102549] rust_kjit: kjit: pc 0xffffb298a000: installed 532 bytes, 0 fault sites, 2 entries, text 0xffffb298a000..0xffffb298a008, fpsimd false
[    3.103676] rust_kjit: kjit: pc 0xffffb298a000: installed 532 bytes, 0 fault sites, 2 entries, text 0xffffb298a000..0xffffb298a008, fpsimd false
[    3.105316] rust_kjit: kjit: pc 0xffffb298a000: installed 532 bytes, 0 fault sites, 2 entries, text 0xffffb298a000..0xffffb298a008, fpsimd false
[    3.106509] rust_kjit: kjit: pc 0xffffb298a000: installed 532 bytes, 0 fault sites, 2 entries, text 0xffffb298a000..0xffffb298a008, fpsimd false
[    3.108116] rust_kjit: kjit: pc 0xffffb298a000: installed 532 bytes, 0 fault sites, 2 entries, text 0xffffb298a000..0xffffb298a008, fpsimd false
[    3.109186] rust_kjit: kjit: pc 0xffffb298a000: installed 532 bytes, 0 fault sites, 2 entries, text 0xffffb298a000..0xffffb298a008, fpsimd false
[    3.110752] rust_kjit: kjit: pc 0xffffb298a000: installed 532 bytes, 0 fault sites, 2 entries, text 0xffffb298a000..0xffffb298a008, fpsimd false
[    3.111912] rust_kjit: kjit: pc 0xffffb298a000: installed 532 bytes, 0 fault sites, 2 entries, text 0xffffb298a000..0xffffb298a008, fpsimd false
[    3.113524] rust_kjit: kjit: pc 0xffffb298a000: installed 532 bytes, 0 fault sites, 2 entries, text 0xffffb298a000..0xffffb298a008, fpsimd false
[    3.115067] rust_kjit: kjit: pc 0xffffb298a000: installed 532 bytes, 0 fault sites, 2 entries, text 0xffffb298a000..0xffffb298a008, fpsimd false
[    3.116638] rust_kjit: kjit: pc 0xffffb298a000: installed 532 bytes, 0 fault sites, 2 entries, text 0xffffb298a000..0xffffb298a008, fpsimd false
[    3.118197] rust_kjit: kjit: pc 0xffffb298a000: installed 532 bytes, 0 fault sites, 2 entries, text 0xffffb298a000..0xffffb298a008, fpsimd false
[    3.119462] rust_kjit: kjit: pc 0xffffb298a000: installed 532 bytes, 0 fault sites, 2 entries, text 0xffffb298a000..0xffffb298a008, fpsimd false
[    3.120918] rust_kjit: kjit: pc 0xffffb298a000: installed 532 bytes, 0 fault sites, 2 entries, text 0xffffb298a000..0xffffb298a008, fpsimd false
[    3.122591] rust_kjit: kjit: pc 0xffffb298a000: installed 532 bytes, 0 fault sites, 2 entries, text 0xffffb298a000..0xffffb298a008, fpsimd false
[    3.124069] rust_kjit: kjit: pc 0xffffb298a000: installed 532 bytes, 0 fault sites, 2 entries, text 0xffffb298a000..0xffffb298a008, fpsimd false
[    3.125192] rust_kjit: kjit: pc 0xffffb298a000: installed 532 bytes, 0 fault sites, 2 entries, text 0xffffb298a000..0xffffb298a008, fpsimd false
[    3.126750] rust_kjit: kjit: pc 0xffffb298a000: installed 532 bytes, 0 fault sites, 2 entries, text 0xffffb298a000..0xffffb298a008, fpsimd false
[    3.128323] rust_kjit: kjit: pc 0xffffb298a000: installed 532 bytes, 0 fault sites, 2 entries, text 0xffffb298a000..0xffffb298a008, fpsimd false
[    3.129828] rust_kjit: kjit: pc 0xffffb298a000: installed 532 bytes, 0 fault sites, 2 entries, text 0xffffb298a000..0xffffb298a008, fpsimd false
[    3.131021] rust_kjit: kjit: pc 0xffffb298a000: installed 532 bytes, 0 fault sites, 2 entries, text 0xffffb298a000..0xffffb298a008, fpsimd false
[    3.132519] rust_kjit: kjit: pc 0xffffb298a000: installed 532 bytes, 0 fault sites, 2 entries, text 0xffffb298a000..0xffffb298a008, fpsimd false
[    3.133629] rust_kjit: kjit: pc 0xffffb298a000: installed 532 bytes, 0 fault sites, 2 entries, text 0xffffb298a000..0xffffb298a008, fpsimd false
[    3.135211] rust_kjit: kjit: pc 0xffffb298a000: installed 532 bytes, 0 fault sites, 2 entries, text 0xffffb298a000..0xffffb298a008, fpsimd false
[    3.136807] rust_kjit: kjit: pc 0xffffb298a000: installed 532 bytes, 0 fault sites, 2 entries, text 0xffffb298a000..0xffffb298a008, fpsimd false
[    3.138391] rust_kjit: kjit: pc 0xffffb298a000: installed 532 bytes, 0 fault sites, 2 entries, text 0xffffb298a000..0xffffb298a008, fpsimd false
[    3.139563] rust_kjit: kjit: pc 0xffffb298a000: installed 532 bytes, 0 fault sites, 2 entries, text 0xffffb298a000..0xffffb298a008, fpsimd false
[    3.141047] rust_kjit: kjit: pc 0xffffb298a000: installed 532 bytes, 0 fault sites, 2 entries, text 0xffffb298a000..0xffffb298a008, fpsimd false
[    3.142196] rust_kjit: kjit: pc 0xffffb298a000: installed 532 bytes, 0 fault sites, 2 entries, text 0xffffb298a000..0xffffb298a008, fpsimd false
[    3.143928] rust_kjit: kjit: pc 0xffffb298a000: installed 532 bytes, 0 fault sites, 2 entries, text 0xffffb298a000..0xffffb298a008, fpsimd false
[    3.145044] rust_kjit: kjit: pc 0xffffb298a000: installed 532 bytes, 0 fault sites, 2 entries, text 0xffffb298a000..0xffffb298a008, fpsimd false
[    3.146536] rust_kjit: kjit: pc 0xffffb298a000: installed 532 bytes, 0 fault sites, 2 entries, text 0xffffb298a000..0xffffb298a008, fpsimd false
[    3.147666] rust_kjit: kjit: pc 0xffffb298a000: installed 532 bytes, 0 fault sites, 2 entries, text 0xffffb298a000..0xffffb298a008, fpsimd false
[    3.149230] rust_kjit: kjit: pc 0xffffb298a000: installed 532 bytes, 0 fault sites, 2 entries, text 0xffffb298a000..0xffffb298a008, fpsimd false
[    3.150450] rust_kjit: kjit: pc 0xffffb298a000: installed 532 bytes, 0 fault sites, 2 entries, text 0xffffb298a000..0xffffb298a008, fpsimd false
[    3.152055] rust_kjit: kjit: pc 0xffffb298a000: installed 532 bytes, 0 fault sites, 2 entries, text 0xffffb298a000..0xffffb298a008, fpsimd false
[    3.153653] rust_kjit: kjit: pc 0xffffb298a000: installed 532 bytes, 0 fault sites, 2 entries, text 0xffffb298a000..0xffffb298a008, fpsimd false
[    3.154755] rust_kjit: kjit: pc 0xffffb298a000: installed 532 bytes, 0 fault sites, 2 entries, text 0xffffb298a000..0xffffb298a008, fpsimd false
[    3.156400] rust_kjit: kjit: pc 0xffffb298a000: installed 532 bytes, 0 fault sites, 2 entries, text 0xffffb298a000..0xffffb298a008, fpsimd false
[    3.157521] rust_kjit: kjit: pc 0xffffb298a000: installed 532 bytes, 0 fault sites, 2 entries, text 0xffffb298a000..0xffffb298a008, fpsimd false
[    3.159039] rust_kjit: kjit: pc 0xffffb298a000: installed 532 bytes, 0 fault sites, 2 entries, text 0xffffb298a000..0xffffb298a008, fpsimd false
[    3.160632] rust_kjit: kjit: pc 0xffffb298a000: installed 532 bytes, 0 fault sites, 2 entries, text 0xffffb298a000..0xffffb298a008, fpsimd false
[    3.161695] rust_kjit: kjit: pc 0xffffb298a000: installed 532 bytes, 0 fault sites, 2 entries, text 0xffffb298a000..0xffffb298a008, fpsimd false
[    3.163609] rust_kjit: kjit: pc 0xffffb298a000: installed 532 bytes, 0 fault sites, 2 entries, text 0xffffb298a000..0xffffb298a008, fpsimd false
[    3.164847] rust_kjit: kjit: pc 0xffffb298a000: installed 532 bytes, 0 fault sites, 2 entries, text 0xffffb298a000..0xffffb298a008, fpsimd false
[    3.166428] rust_kjit: kjit: pc 0xffffb298a000: installed 532 bytes, 0 fault sites, 2 entries, text 0xffffb298a000..0xffffb298a008, fpsimd false
[    3.168006] rust_kjit: kjit: pc 0xffffb298a000: installed 532 bytes, 0 fault sites, 2 entries, text 0xffffb298a000..0xffffb298a008, fpsimd false
[    3.169843] rust_kjit: kjit: pc 0xffffb298a000: installed 532 bytes, 0 fault sites, 2 entries, text 0xffffb298a000..0xffffb298a008, fpsimd false
[    3.171432] rust_kjit: kjit: pc 0xffffb298a000: installed 532 bytes, 0 fault sites, 2 entries, text 0xffffb298a000..0xffffb298a008, fpsimd false
[    3.173037] rust_kjit: kjit: pc 0xffffb298a000: installed 532 bytes, 0 fault sites, 2 entries, text 0xffffb298a000..0xffffb298a008, fpsimd false
[    3.174649] rust_kjit: kjit: pc 0xffffb298a000: installed 532 bytes, 0 fault sites, 2 entries, text 0xffffb298a000..0xffffb298a008, fpsimd false
[    3.176298] rust_kjit: kjit: pc 0xffffb298a000: installed 532 bytes, 0 fault sites, 2 entries, text 0xffffb298a000..0xffffb298a008, fpsimd false
[    3.177944] rust_kjit: kjit: pc 0xffffb298a000: installed 532 bytes, 0 fault sites, 2 entries, text 0xffffb298a000..0xffffb298a008, fpsimd false
[    3.179650] rust_kjit: kjit: pc 0xffffb298a000: installed 532 bytes, 0 fault sites, 2 entries, text 0xffffb298a000..0xffffb298a008, fpsimd false
[    3.181202] rust_kjit: kjit: pc 0xffffb298a000: installed 532 bytes, 0 fault sites, 2 entries, text 0xffffb298a000..0xffffb298a008, fpsimd false
[    3.182904] rust_kjit: kjit: pc 0xffffb298a000: installed 532 bytes, 0 fault sites, 2 entries, text 0xffffb298a000..0xffffb298a008, fpsimd false
[    3.183565] rust_kjit: kjit: pc 0xffffb298a000: installed 532 bytes, 0 fault sites, 2 entries, text 0xffffb298a000..0xffffb298a008, fpsimd false
[    3.184213] rust_kjit: kjit: pc 0xffffb298a000: installed 532 bytes, 0 fault sites, 2 entries, text 0xffffb298a000..0xffffb298a008, fpsimd false
[    3.225738] kjit: translate_svc_sites pid 164: 3 text ranges, 164 svc sites
[    3.226684] rust_kjit: kjit: pc 0x400f90: installed 1024 bytes, 0 fault sites, 11 entries, text 0x400f80..0x400fac, fpsimd false
[    3.227226] rust_kjit: kjit: pc 0xffffac3c4000: installed 532 bytes, 0 fault sites, 2 entries, text 0xffffac3c4000..0xffffac3c4008, fpsimd false
[    3.230686] rust_kjit: kjit: pc 0xffffac3c4000: installed 532 bytes, 0 fault sites, 2 entries, text 0xffffac3c4000..0xffffac3c4008, fpsimd false
[    3.231756] rust_kjit: kjit: pc 0xffffac3c4000: installed 532 bytes, 0 fault sites, 2 entries, text 0xffffac3c4000..0xffffac3c4008, fpsimd false
[    3.232821] rust_kjit: kjit: pc 0xffffac3c4000: installed 532 bytes, 0 fault sites, 2 entries, text 0xffffac3c4000..0xffffac3c4008, fpsimd false
[    3.234056] rust_kjit: kjit: pc 0xffffac3c4000: installed 532 bytes, 0 fault sites, 2 entries, text 0xffffac3c4000..0xffffac3c4008, fpsimd false
[    3.235165] rust_kjit: kjit: pc 0xffffac3c4000: installed 532 bytes, 0 fault sites, 2 entries, text 0xffffac3c4000..0xffffac3c4008, fpsimd false
[    3.236240] rust_kjit: kjit: pc 0xffffac3c4000: installed 532 bytes, 0 fault sites, 2 entries, text 0xffffac3c4000..0xffffac3c4008, fpsimd false
[    3.237719] rust_kjit: kjit: pc 0xffffac3c4000: installed 532 bytes, 0 fault sites, 2 entries, text 0xffffac3c4000..0xffffac3c4008, fpsimd false
[    3.239194] rust_kjit: kjit: pc 0xffffac3c4000: installed 532 bytes, 0 fault sites, 2 entries, text 0xffffac3c4000..0xffffac3c4008, fpsimd false
[    3.240322] rust_kjit: kjit: pc 0xffffac3c4000: installed 532 bytes, 0 fault sites, 2 entries, text 0xffffac3c4000..0xffffac3c4008, fpsimd false
[    3.241510] rust_kjit: kjit: pc 0xffffac3c4000: installed 532 bytes, 0 fault sites, 2 entries, text 0xffffac3c4000..0xffffac3c4008, fpsimd false
[    3.242610] rust_kjit: kjit: pc 0xffffac3c4000: installed 532 bytes, 0 fault sites, 2 entries, text 0xffffac3c4000..0xffffac3c4008, fpsimd false
[    3.243722] rust_kjit: kjit: pc 0xffffac3c4000: installed 532 bytes, 0 fault sites, 2 entries, text 0xffffac3c4000..0xffffac3c4008, fpsimd false
[    3.244838] rust_kjit: kjit: pc 0xffffac3c4000: installed 532 bytes, 0 fault sites, 2 entries, text 0xffffac3c4000..0xffffac3c4008, fpsimd false
[    3.245889] rust_kjit: kjit: pc 0xffffac3c4000: installed 532 bytes, 0 fault sites, 2 entries, text 0xffffac3c4000..0xffffac3c4008, fpsimd false
[    3.246973] rust_kjit: kjit: pc 0xffffac3c4000: installed 532 bytes, 0 fault sites, 2 entries, text 0xffffac3c4000..0xffffac3c4008, fpsimd false
[    3.248219] rust_kjit: kjit: pc 0xffffac3c4000: installed 532 bytes, 0 fault sites, 2 entries, text 0xffffac3c4000..0xffffac3c4008, fpsimd false
[    3.249278] rust_kjit: kjit: pc 0xffffac3c4000: installed 532 bytes, 0 fault sites, 2 entries, text 0xffffac3c4000..0xffffac3c4008, fpsimd false
[    3.250445] rust_kjit: kjit: pc 0xffffac3c4000: installed 532 bytes, 0 fault sites, 2 entries, text 0xffffac3c4000..0xffffac3c4008, fpsimd false
[    3.251609] rust_kjit: kjit: pc 0xffffac3c4000: installed 532 bytes, 0 fault sites, 2 entries, text 0xffffac3c4000..0xffffac3c4008, fpsimd false
[    3.252675] rust_kjit: kjit: pc 0xffffac3c4000: installed 532 bytes, 0 fault sites, 2 entries, text 0xffffac3c4000..0xffffac3c4008, fpsimd false
[    3.253833] rust_kjit: kjit: pc 0xffffac3c4000: installed 532 bytes, 0 fault sites, 2 entries, text 0xffffac3c4000..0xffffac3c4008, fpsimd false
[    3.254996] rust_kjit: kjit: pc 0xffffac3c4000: installed 532 bytes, 0 fault sites, 2 entries, text 0xffffac3c4000..0xffffac3c4008, fpsimd false
[    3.256132] rust_kjit: kjit: pc 0xffffac3c4000: installed 532 bytes, 0 fault sites, 2 entries, text 0xffffac3c4000..0xffffac3c4008, fpsimd false
[    3.257205] rust_kjit: kjit: pc 0xffffac3c4000: installed 532 bytes, 0 fault sites, 2 entries, text 0xffffac3c4000..0xffffac3c4008, fpsimd false
[    3.258271] rust_kjit: kjit: pc 0xffffac3c4000: installed 532 bytes, 0 fault sites, 2 entries, text 0xffffac3c4000..0xffffac3c4008, fpsimd false
[    3.263070] rust_kjit: kjit: pc 0xffffac3c4000: installed 532 bytes, 0 fault sites, 2 entries, text 0xffffac3c4000..0xffffac3c4008, fpsimd false
[    3.264272] rust_kjit: kjit: pc 0xffffac3c4000: installed 532 bytes, 0 fault sites, 2 entries, text 0xffffac3c4000..0xffffac3c4008, fpsimd false
[    3.265457] rust_kjit: kjit: pc 0xffffac3c4000: installed 532 bytes, 0 fault sites, 2 entries, text 0xffffac3c4000..0xffffac3c4008, fpsimd false
[    3.266664] rust_kjit: kjit: pc 0xffffac3c4000: installed 532 bytes, 0 fault sites, 2 entries, text 0xffffac3c4000..0xffffac3c4008, fpsimd false
[    3.267802] rust_kjit: kjit: pc 0xffffac3c4000: installed 532 bytes, 0 fault sites, 2 entries, text 0xffffac3c4000..0xffffac3c4008, fpsimd false
[    3.269020] rust_kjit: kjit: pc 0xffffac3c4000: installed 532 bytes, 0 fault sites, 2 entries, text 0xffffac3c4000..0xffffac3c4008, fpsimd false
[    3.270168] rust_kjit: kjit: pc 0xffffac3c4000: installed 532 bytes, 0 fault sites, 2 entries, text 0xffffac3c4000..0xffffac3c4008, fpsimd false
[    3.271369] rust_kjit: kjit: pc 0xffffac3c4000: installed 532 bytes, 0 fault sites, 2 entries, text 0xffffac3c4000..0xffffac3c4008, fpsimd false
[    3.272537] rust_kjit: kjit: pc 0xffffac3c4000: installed 532 bytes, 0 fault sites, 2 entries, text 0xffffac3c4000..0xffffac3c4008, fpsimd false
[    3.273675] rust_kjit: kjit: pc 0xffffac3c4000: installed 532 bytes, 0 fault sites, 2 entries, text 0xffffac3c4000..0xffffac3c4008, fpsimd false
[    3.274784] rust_kjit: kjit: pc 0xffffac3c4000: installed 532 bytes, 0 fault sites, 2 entries, text 0xffffac3c4000..0xffffac3c4008, fpsimd false
[    3.275883] rust_kjit: kjit: pc 0xffffac3c4000: installed 532 bytes, 0 fault sites, 2 entries, text 0xffffac3c4000..0xffffac3c4008, fpsimd false
[    3.276990] rust_kjit: kjit: pc 0xffffac3c4000: installed 532 bytes, 0 fault sites, 2 entries, text 0xffffac3c4000..0xffffac3c4008, fpsimd false
[    3.278074] rust_kjit: kjit: pc 0xffffac3c4000: installed 532 bytes, 0 fault sites, 2 entries, text 0xffffac3c4000..0xffffac3c4008, fpsimd false
[    3.279293] rust_kjit: kjit: pc 0xffffac3c4000: installed 532 bytes, 0 fault sites, 2 entries, text 0xffffac3c4000..0xffffac3c4008, fpsimd false
[    3.280415] rust_kjit: kjit: pc 0xffffac3c4000: installed 532 bytes, 0 fault sites, 2 entries, text 0xffffac3c4000..0xffffac3c4008, fpsimd false
[    3.281558] rust_kjit: kjit: pc 0xffffac3c4000: installed 532 bytes, 0 fault sites, 2 entries, text 0xffffac3c4000..0xffffac3c4008, fpsimd false
[    3.282700] rust_kjit: kjit: pc 0xffffac3c4000: installed 532 bytes, 0 fault sites, 2 entries, text 0xffffac3c4000..0xffffac3c4008, fpsimd false
[    3.283780] rust_kjit: kjit: pc 0xffffac3c4000: installed 532 bytes, 0 fault sites, 2 entries, text 0xffffac3c4000..0xffffac3c4008, fpsimd false
[    3.284963] rust_kjit: kjit: pc 0xffffac3c4000: installed 532 bytes, 0 fault sites, 2 entries, text 0xffffac3c4000..0xffffac3c4008, fpsimd false
[    3.286084] rust_kjit: kjit: pc 0xffffac3c4000: installed 532 bytes, 0 fault sites, 2 entries, text 0xffffac3c4000..0xffffac3c4008, fpsimd false
[    3.287158] rust_kjit: kjit: pc 0xffffac3c4000: installed 532 bytes, 0 fault sites, 2 entries, text 0xffffac3c4000..0xffffac3c4008, fpsimd false
[    3.288226] rust_kjit: kjit: pc 0xffffac3c4000: installed 532 bytes, 0 fault sites, 2 entries, text 0xffffac3c4000..0xffffac3c4008, fpsimd false
[    3.289329] rust_kjit: kjit: pc 0xffffac3c4000: installed 532 bytes, 0 fault sites, 2 entries, text 0xffffac3c4000..0xffffac3c4008, fpsimd false
[    3.290480] rust_kjit: kjit: pc 0xffffac3c4000: installed 532 bytes, 0 fault sites, 2 entries, text 0xffffac3c4000..0xffffac3c4008, fpsimd false
[    3.291599] rust_kjit: kjit: pc 0xffffac3c4000: installed 532 bytes, 0 fault sites, 2 entries, text 0xffffac3c4000..0xffffac3c4008, fpsimd false
[    3.292736] rust_kjit: kjit: pc 0xffffac3c4000: installed 532 bytes, 0 fault sites, 2 entries, text 0xffffac3c4000..0xffffac3c4008, fpsimd false
[    3.293933] rust_kjit: kjit: pc 0xffffac3c4000: installed 532 bytes, 0 fault sites, 2 entries, text 0xffffac3c4000..0xffffac3c4008, fpsimd false
[    3.295043] rust_kjit: kjit: pc 0xffffac3c4000: installed 532 bytes, 0 fault sites, 2 entries, text 0xffffac3c4000..0xffffac3c4008, fpsimd false
[    3.296307] rust_kjit: kjit: pc 0xffffac3c4000: installed 532 bytes, 0 fault sites, 2 entries, text 0xffffac3c4000..0xffffac3c4008, fpsimd false
[    3.297423] rust_kjit: kjit: pc 0xffffac3c4000: installed 532 bytes, 0 fault sites, 2 entries, text 0xffffac3c4000..0xffffac3c4008, fpsimd false
[    3.298596] rust_kjit: kjit: pc 0xffffac3c4000: installed 532 bytes, 0 fault sites, 2 entries, text 0xffffac3c4000..0xffffac3c4008, fpsimd false
[    3.299742] rust_kjit: kjit: pc 0xffffac3c4000: installed 532 bytes, 0 fault sites, 2 entries, text 0xffffac3c4000..0xffffac3c4008, fpsimd false
[    3.300854] rust_kjit: kjit: pc 0xffffac3c4000: installed 532 bytes, 0 fault sites, 2 entries, text 0xffffac3c4000..0xffffac3c4008, fpsimd false
[    3.301911] rust_kjit: kjit: pc 0xffffac3c4000: installed 532 bytes, 0 fault sites, 2 entries, text 0xffffac3c4000..0xffffac3c4008, fpsimd false
[    3.303164] rust_kjit: kjit: pc 0xffffac3c4000: installed 532 bytes, 0 fault sites, 2 entries, text 0xffffac3c4000..0xffffac3c4008, fpsimd false
[    3.304299] rust_kjit: kjit: pc 0xffffac3c4000: installed 532 bytes, 0 fault sites, 2 entries, text 0xffffac3c4000..0xffffac3c4008, fpsimd false
[    3.305357] rust_kjit: kjit: pc 0xffffac3c4000: installed 532 bytes, 0 fault sites, 2 entries, text 0xffffac3c4000..0xffffac3c4008, fpsimd false
[    3.306603] rust_kjit: kjit: pc 0xffffac3c4000: installed 532 bytes, 0 fault sites, 2 entries, text 0xffffac3c4000..0xffffac3c4008, fpsimd false
[    3.307758] rust_kjit: kjit: pc 0xffffac3c4000: installed 532 bytes, 0 fault sites, 2 entries, text 0xffffac3c4000..0xffffac3c4008, fpsimd false
[    3.308852] rust_kjit: kjit: pc 0xffffac3c4000: installed 532 bytes, 0 fault sites, 2 entries, text 0xffffac3c4000..0xffffac3c4008, fpsimd false
[    3.310034] rust_kjit: kjit: pc 0xffffac3c4000: installed 532 bytes, 0 fault sites, 2 entries, text 0xffffac3c4000..0xffffac3c4008, fpsimd false
[    3.311233] rust_kjit: kjit: pc 0xffffac3c4000: installed 532 bytes, 0 fault sites, 2 entries, text 0xffffac3c4000..0xffffac3c4008, fpsimd false
[    3.312279] rust_kjit: kjit: pc 0xffffac3c4000: installed 532 bytes, 0 fault sites, 2 entries, text 0xffffac3c4000..0xffffac3c4008, fpsimd false
[    3.313488] rust_kjit: kjit: pc 0xffffac3c4000: installed 532 bytes, 0 fault sites, 2 entries, text 0xffffac3c4000..0xffffac3c4008, fpsimd false
[    3.314733] rust_kjit: kjit: pc 0xffffac3c4000: installed 532 bytes, 0 fault sites, 2 entries, text 0xffffac3c4000..0xffffac3c4008, fpsimd false
[    3.316303] rust_kjit: kjit: pc 0xffffac3c4000: installed 532 bytes, 0 fault sites, 2 entries, text 0xffffac3c4000..0xffffac3c4008, fpsimd false
[    3.317409] rust_kjit: kjit: pc 0xffffac3c4000: installed 532 bytes, 0 fault sites, 2 entries, text 0xffffac3c4000..0xffffac3c4008, fpsimd false
[    3.319116] rust_kjit: kjit: pc 0xffffac3c4000: installed 532 bytes, 0 fault sites, 2 entries, text 0xffffac3c4000..0xffffac3c4008, fpsimd false
[    3.320275] rust_kjit: kjit: pc 0xffffac3c4000: installed 532 bytes, 0 fault sites, 2 entries, text 0xffffac3c4000..0xffffac3c4008, fpsimd false
[    3.321425] rust_kjit: kjit: pc 0xffffac3c4000: installed 532 bytes, 0 fault sites, 2 entries, text 0xffffac3c4000..0xffffac3c4008, fpsimd false
[    3.323183] rust_kjit: kjit: pc 0xffffac3c4000: installed 532 bytes, 0 fault sites, 2 entries, text 0xffffac3c4000..0xffffac3c4008, fpsimd false
[    3.324220] rust_kjit: kjit: pc 0xffffac3c4000: installed 532 bytes, 0 fault sites, 2 entries, text 0xffffac3c4000..0xffffac3c4008, fpsimd false
[    3.325880] rust_kjit: kjit: pc 0xffffac3c4000: installed 532 bytes, 0 fault sites, 2 entries, text 0xffffac3c4000..0xffffac3c4008, fpsimd false
[    3.327282] rust_kjit: kjit: pc 0xffffac3c4000: installed 532 bytes, 0 fault sites, 2 entries, text 0xffffac3c4000..0xffffac3c4008, fpsimd false
[    3.328904] rust_kjit: kjit: pc 0xffffac3c4000: installed 532 bytes, 0 fault sites, 2 entries, text 0xffffac3c4000..0xffffac3c4008, fpsimd false
[    3.330034] rust_kjit: kjit: pc 0xffffac3c4000: installed 532 bytes, 0 fault sites, 2 entries, text 0xffffac3c4000..0xffffac3c4008, fpsimd false
[    3.331811] rust_kjit: kjit: pc 0xffffac3c4000: installed 532 bytes, 0 fault sites, 2 entries, text 0xffffac3c4000..0xffffac3c4008, fpsimd false
[    3.332999] rust_kjit: kjit: pc 0xffffac3c4000: installed 532 bytes, 0 fault sites, 2 entries, text 0xffffac3c4000..0xffffac3c4008, fpsimd false
[    3.334699] rust_kjit: kjit: pc 0xffffac3c4000: installed 532 bytes, 0 fault sites, 2 entries, text 0xffffac3c4000..0xffffac3c4008, fpsimd false
[    3.336166] rust_kjit: kjit: pc 0xffffac3c4000: installed 532 bytes, 0 fault sites, 2 entries, text 0xffffac3c4000..0xffffac3c4008, fpsimd false
[    3.337701] rust_kjit: kjit: pc 0xffffac3c4000: installed 532 bytes, 0 fault sites, 2 entries, text 0xffffac3c4000..0xffffac3c4008, fpsimd false
[    3.339371] rust_kjit: kjit: pc 0xffffac3c4000: installed 532 bytes, 0 fault sites, 2 entries, text 0xffffac3c4000..0xffffac3c4008, fpsimd false
[    3.340961] rust_kjit: kjit: pc 0xffffac3c4000: installed 532 bytes, 0 fault sites, 2 entries, text 0xffffac3c4000..0xffffac3c4008, fpsimd false
[    3.342559] rust_kjit: kjit: pc 0xffffac3c4000: installed 532 bytes, 0 fault sites, 2 entries, text 0xffffac3c4000..0xffffac3c4008, fpsimd false
[    3.344131] rust_kjit: kjit: pc 0xffffac3c4000: installed 532 bytes, 0 fault sites, 2 entries, text 0xffffac3c4000..0xffffac3c4008, fpsimd false
[    3.345682] rust_kjit: kjit: pc 0xffffac3c4000: installed 532 bytes, 0 fault sites, 2 entries, text 0xffffac3c4000..0xffffac3c4008, fpsimd false
[    3.346779] rust_kjit: kjit: pc 0xffffac3c4000: installed 532 bytes, 0 fault sites, 2 entries, text 0xffffac3c4000..0xffffac3c4008, fpsimd false
[    3.348359] rust_kjit: kjit: pc 0xffffac3c4000: installed 532 bytes, 0 fault sites, 2 entries, text 0xffffac3c4000..0xffffac3c4008, fpsimd false
[    3.349395] rust_kjit: kjit: pc 0xffffac3c4000: installed 532 bytes, 0 fault sites, 2 entries, text 0xffffac3c4000..0xffffac3c4008, fpsimd false
[    3.351104] rust_kjit: kjit: pc 0xffffac3c4000: installed 532 bytes, 0 fault sites, 2 entries, text 0xffffac3c4000..0xffffac3c4008, fpsimd false
[    3.352295] rust_kjit: kjit: pc 0xffffac3c4000: installed 532 bytes, 0 fault sites, 2 entries, text 0xffffac3c4000..0xffffac3c4008, fpsimd false
[    3.353896] rust_kjit: kjit: pc 0xffffac3c4000: installed 532 bytes, 0 fault sites, 2 entries, text 0xffffac3c4000..0xffffac3c4008, fpsimd false
[    3.355283] rust_kjit: kjit: pc 0xffffac3c4000: installed 532 bytes, 0 fault sites, 2 entries, text 0xffffac3c4000..0xffffac3c4008, fpsimd false
[    3.356526] rust_kjit: kjit: pc 0xffffac3c4000: installed 532 bytes, 0 fault sites, 2 entries, text 0xffffac3c4000..0xffffac3c4008, fpsimd false
[    3.358145] rust_kjit: kjit: pc 0xffffac3c4000: installed 532 bytes, 0 fault sites, 2 entries, text 0xffffac3c4000..0xffffac3c4008, fpsimd false
[    3.359888] rust_kjit: kjit: pc 0xffffac3c4000: installed 532 bytes, 0 fault sites, 2 entries, text 0xffffac3c4000..0xffffac3c4008, fpsimd false
[    3.361632] rust_kjit: kjit: pc 0xffffac3c4000: installed 532 bytes, 0 fault sites, 2 entries, text 0xffffac3c4000..0xffffac3c4008, fpsimd false
[    3.363396] rust_kjit: kjit: pc 0xffffac3c4000: installed 532 bytes, 0 fault sites, 2 entries, text 0xffffac3c4000..0xffffac3c4008, fpsimd false
[    3.364948] rust_kjit: kjit: pc 0xffffac3c4000: installed 532 bytes, 0 fault sites, 2 entries, text 0xffffac3c4000..0xffffac3c4008, fpsimd false
[    3.366579] rust_kjit: kjit: pc 0xffffac3c4000: installed 532 bytes, 0 fault sites, 2 entries, text 0xffffac3c4000..0xffffac3c4008, fpsimd false
[    3.368276] rust_kjit: kjit: pc 0xffffac3c4000: installed 532 bytes, 0 fault sites, 2 entries, text 0xffffac3c4000..0xffffac3c4008, fpsimd false
[    3.369710] rust_kjit: kjit: pc 0xffffac3c4000: installed 532 bytes, 0 fault sites, 2 entries, text 0xffffac3c4000..0xffffac3c4008, fpsimd false
[    3.371330] rust_kjit: kjit: pc 0xffffac3c4000: installed 532 bytes, 0 fault sites, 2 entries, text 0xffffac3c4000..0xffffac3c4008, fpsimd false
[    3.372409] rust_kjit: kjit: pc 0xffffac3c4000: installed 532 bytes, 0 fault sites, 2 entries, text 0xffffac3c4000..0xffffac3c4008, fpsimd false
[    3.373867] rust_kjit: kjit: pc 0xffffac3c4000: installed 532 bytes, 0 fault sites, 2 entries, text 0xffffac3c4000..0xffffac3c4008, fpsimd false
[    3.375130] rust_kjit: kjit: pc 0xffffac3c4000: installed 532 bytes, 0 fault sites, 2 entries, text 0xffffac3c4000..0xffffac3c4008, fpsimd false
[    3.376820] rust_kjit: kjit: pc 0xffffac3c4000: installed 532 bytes, 0 fault sites, 2 entries, text 0xffffac3c4000..0xffffac3c4008, fpsimd false
[    3.377849] rust_kjit: kjit: pc 0xffffac3c4000: installed 532 bytes, 0 fault sites, 2 entries, text 0xffffac3c4000..0xffffac3c4008, fpsimd false
[    3.379628] rust_kjit: kjit: pc 0xffffac3c4000: installed 532 bytes, 0 fault sites, 2 entries, text 0xffffac3c4000..0xffffac3c4008, fpsimd false
[    3.380675] rust_kjit: kjit: pc 0xffffac3c4000: installed 532 bytes, 0 fault sites, 2 entries, text 0xffffac3c4000..0xffffac3c4008, fpsimd false
[    3.382239] rust_kjit: kjit: pc 0xffffac3c4000: installed 532 bytes, 0 fault sites, 2 entries, text 0xffffac3c4000..0xffffac3c4008, fpsimd false
[    3.383591] rust_kjit: kjit: pc 0xffffac3c4000: installed 532 bytes, 0 fault sites, 2 entries, text 0xffffac3c4000..0xffffac3c4008, fpsimd false
[    3.385220] rust_kjit: kjit: pc 0xffffac3c4000: installed 532 bytes, 0 fault sites, 2 entries, text 0xffffac3c4000..0xffffac3c4008, fpsimd false
[    3.386840] rust_kjit: kjit: pc 0xffffac3c4000: installed 532 bytes, 0 fault sites, 2 entries, text 0xffffac3c4000..0xffffac3c4008, fpsimd false
[    3.388454] rust_kjit: kjit: pc 0xffffac3c4000: installed 532 bytes, 0 fault sites, 2 entries, text 0xffffac3c4000..0xffffac3c4008, fpsimd false
[    3.390266] rust_kjit: kjit: pc 0xffffac3c4000: installed 532 bytes, 0 fault sites, 2 entries, text 0xffffac3c4000..0xffffac3c4008, fpsimd false
[    3.392045] rust_kjit: kjit: pc 0xffffac3c4000: installed 532 bytes, 0 fault sites, 2 entries, text 0xffffac3c4000..0xffffac3c4008, fpsimd false
[    3.393691] rust_kjit: kjit: pc 0xffffac3c4000: installed 532 bytes, 0 fault sites, 2 entries, text 0xffffac3c4000..0xffffac3c4008, fpsimd false
[    3.395228] rust_kjit: kjit: pc 0xffffac3c4000: installed 532 bytes, 0 fault sites, 2 entries, text 0xffffac3c4000..0xffffac3c4008, fpsimd false
[    3.396834] rust_kjit: kjit: pc 0xffffac3c4000: installed 532 bytes, 0 fault sites, 2 entries, text 0xffffac3c4000..0xffffac3c4008, fpsimd false
[    3.398568] rust_kjit: kjit: pc 0xffffac3c4000: installed 532 bytes, 0 fault sites, 2 entries, text 0xffffac3c4000..0xffffac3c4008, fpsimd false
[    3.400195] rust_kjit: kjit: pc 0xffffac3c4000: installed 532 bytes, 0 fault sites, 2 entries, text 0xffffac3c4000..0xffffac3c4008, fpsimd false
[    3.401724] rust_kjit: kjit: pc 0xffffac3c4000: installed 532 bytes, 0 fault sites, 2 entries, text 0xffffac3c4000..0xffffac3c4008, fpsimd false
[    3.403391] rust_kjit: kjit: pc 0xffffac3c4000: installed 532 bytes, 0 fault sites, 2 entries, text 0xffffac3c4000..0xffffac3c4008, fpsimd false
[    3.404438] rust_kjit: kjit: pc 0xffffac3c4000: installed 532 bytes, 0 fault sites, 2 entries, text 0xffffac3c4000..0xffffac3c4008, fpsimd false
[    3.405984] rust_kjit: kjit: pc 0xffffac3c4000: installed 532 bytes, 0 fault sites, 2 entries, text 0xffffac3c4000..0xffffac3c4008, fpsimd false
[    3.407360] rust_kjit: kjit: pc 0xffffac3c4000: installed 532 bytes, 0 fault sites, 2 entries, text 0xffffac3c4000..0xffffac3c4008, fpsimd false
[    3.409016] rust_kjit: kjit: pc 0xffffac3c4000: installed 532 bytes, 0 fault sites, 2 entries, text 0xffffac3c4000..0xffffac3c4008, fpsimd false
[    3.410077] rust_kjit: kjit: pc 0xffffac3c4000: installed 532 bytes, 0 fault sites, 2 entries, text 0xffffac3c4000..0xffffac3c4008, fpsimd false
[    3.411888] rust_kjit: kjit: pc 0xffffac3c4000: installed 532 bytes, 0 fault sites, 2 entries, text 0xffffac3c4000..0xffffac3c4008, fpsimd false
[    3.412959] rust_kjit: kjit: pc 0xffffac3c4000: installed 532 bytes, 0 fault sites, 2 entries, text 0xffffac3c4000..0xffffac3c4008, fpsimd false
[    3.414579] rust_kjit: kjit: pc 0xffffac3c4000: installed 532 bytes, 0 fault sites, 2 entries, text 0xffffac3c4000..0xffffac3c4008, fpsimd false
[    3.415714] rust_kjit: kjit: pc 0xffffac3c4000: installed 532 bytes, 0 fault sites, 2 entries, text 0xffffac3c4000..0xffffac3c4008, fpsimd false
[    3.417282] rust_kjit: kjit: pc 0xffffac3c4000: installed 532 bytes, 0 fault sites, 2 entries, text 0xffffac3c4000..0xffffac3c4008, fpsimd false
[    3.418528] rust_kjit: kjit: pc 0xffffac3c4000: installed 532 bytes, 0 fault sites, 2 entries, text 0xffffac3c4000..0xffffac3c4008, fpsimd false
[    3.420143] rust_kjit: kjit: pc 0xffffac3c4000: installed 532 bytes, 0 fault sites, 2 entries, text 0xffffac3c4000..0xffffac3c4008, fpsimd false
[    3.421774] rust_kjit: kjit: pc 0xffffac3c4000: installed 532 bytes, 0 fault sites, 2 entries, text 0xffffac3c4000..0xffffac3c4008, fpsimd false
[    3.422905] rust_kjit: kjit: pc 0xffffac3c4000: installed 532 bytes, 0 fault sites, 2 entries, text 0xffffac3c4000..0xffffac3c4008, fpsimd false
[    3.424498] rust_kjit: kjit: pc 0xffffac3c4000: installed 532 bytes, 0 fault sites, 2 entries, text 0xffffac3c4000..0xffffac3c4008, fpsimd false
[    3.425576] rust_kjit: kjit: pc 0xffffac3c4000: installed 532 bytes, 0 fault sites, 2 entries, text 0xffffac3c4000..0xffffac3c4008, fpsimd false
[    3.427199] rust_kjit: kjit: pc 0xffffac3c4000: installed 532 bytes, 0 fault sites, 2 entries, text 0xffffac3c4000..0xffffac3c4008, fpsimd false
[    3.428340] rust_kjit: kjit: pc 0xffffac3c4000: installed 532 bytes, 0 fault sites, 2 entries, text 0xffffac3c4000..0xffffac3c4008, fpsimd false
[    3.429934] rust_kjit: kjit: pc 0xffffac3c4000: installed 532 bytes, 0 fault sites, 2 entries, text 0xffffac3c4000..0xffffac3c4008, fpsimd false
[    3.431162] rust_kjit: kjit: pc 0xffffac3c4000: installed 532 bytes, 0 fault sites, 2 entries, text 0xffffac3c4000..0xffffac3c4008, fpsimd false
[    3.432720] rust_kjit: kjit: pc 0xffffac3c4000: installed 532 bytes, 0 fault sites, 2 entries, text 0xffffac3c4000..0xffffac3c4008, fpsimd false
[    3.434309] rust_kjit: kjit: pc 0xffffac3c4000: installed 532 bytes, 0 fault sites, 2 entries, text 0xffffac3c4000..0xffffac3c4008, fpsimd false
[    3.435516] rust_kjit: kjit: pc 0xffffac3c4000: installed 532 bytes, 0 fault sites, 2 entries, text 0xffffac3c4000..0xffffac3c4008, fpsimd false
[    3.437080] rust_kjit: kjit: pc 0xffffac3c4000: installed 532 bytes, 0 fault sites, 2 entries, text 0xffffac3c4000..0xffffac3c4008, fpsimd false
[    3.438658] rust_kjit: kjit: pc 0xffffac3c4000: installed 532 bytes, 0 fault sites, 2 entries, text 0xffffac3c4000..0xffffac3c4008, fpsimd false
[    3.439731] rust_kjit: kjit: pc 0xffffac3c4000: installed 532 bytes, 0 fault sites, 2 entries, text 0xffffac3c4000..0xffffac3c4008, fpsimd false
[    3.441325] rust_kjit: kjit: pc 0xffffac3c4000: installed 532 bytes, 0 fault sites, 2 entries, text 0xffffac3c4000..0xffffac3c4008, fpsimd false
[    3.442517] rust_kjit: kjit: pc 0xffffac3c4000: installed 532 bytes, 0 fault sites, 2 entries, text 0xffffac3c4000..0xffffac3c4008, fpsimd false
[    3.444019] rust_kjit: kjit: pc 0xffffac3c4000: installed 532 bytes, 0 fault sites, 2 entries, text 0xffffac3c4000..0xffffac3c4008, fpsimd false
[    3.445213] rust_kjit: kjit: pc 0xffffac3c4000: installed 532 bytes, 0 fault sites, 2 entries, text 0xffffac3c4000..0xffffac3c4008, fpsimd false
[    3.446745] rust_kjit: kjit: pc 0xffffac3c4000: installed 532 bytes, 0 fault sites, 2 entries, text 0xffffac3c4000..0xffffac3c4008, fpsimd false
[    3.447821] rust_kjit: kjit: pc 0xffffac3c4000: installed 532 bytes, 0 fault sites, 2 entries, text 0xffffac3c4000..0xffffac3c4008, fpsimd false
[    3.449390] rust_kjit: kjit: pc 0xffffac3c4000: installed 532 bytes, 0 fault sites, 2 entries, text 0xffffac3c4000..0xffffac3c4008, fpsimd false
[    3.450581] rust_kjit: kjit: pc 0xffffac3c4000: installed 532 bytes, 0 fault sites, 2 entries, text 0xffffac3c4000..0xffffac3c4008, fpsimd false
[    3.452185] rust_kjit: kjit: pc 0xffffac3c4000: installed 532 bytes, 0 fault sites, 2 entries, text 0xffffac3c4000..0xffffac3c4008, fpsimd false
[    3.453305] rust_kjit: kjit: pc 0xffffac3c4000: installed 532 bytes, 0 fault sites, 2 entries, text 0xffffac3c4000..0xffffac3c4008, fpsimd false
[    3.454796] rust_kjit: kjit: pc 0xffffac3c4000: installed 532 bytes, 0 fault sites, 2 entries, text 0xffffac3c4000..0xffffac3c4008, fpsimd false
[    3.455894] rust_kjit: kjit: pc 0xffffac3c4000: installed 532 bytes, 0 fault sites, 2 entries, text 0xffffac3c4000..0xffffac3c4008, fpsimd false
[    3.457414] rust_kjit: kjit: pc 0xffffac3c4000: installed 532 bytes, 0 fault sites, 2 entries, text 0xffffac3c4000..0xffffac3c4008, fpsimd false
[    3.458740] rust_kjit: kjit: pc 0xffffac3c4000: installed 532 bytes, 0 fault sites, 2 entries, text 0xffffac3c4000..0xffffac3c4008, fpsimd false
[    3.460304] rust_kjit: kjit: pc 0xffffac3c4000: installed 532 bytes, 0 fault sites, 2 entries, text 0xffffac3c4000..0xffffac3c4008, fpsimd false
[    3.461425] rust_kjit: kjit: pc 0xffffac3c4000: installed 532 bytes, 0 fault sites, 2 entries, text 0xffffac3c4000..0xffffac3c4008, fpsimd false
[    3.462996] rust_kjit: kjit: pc 0xffffac3c4000: installed 532 bytes, 0 fault sites, 2 entries, text 0xffffac3c4000..0xffffac3c4008, fpsimd false
[    3.464110] rust_kjit: kjit: pc 0xffffac3c4000: installed 532 bytes, 0 fault sites, 2 entries, text 0xffffac3c4000..0xffffac3c4008, fpsimd false
[    3.465833] rust_kjit: kjit: pc 0xffffac3c4000: installed 532 bytes, 0 fault sites, 2 entries, text 0xffffac3c4000..0xffffac3c4008, fpsimd false
[    3.466894] rust_kjit: kjit: pc 0xffffac3c4000: installed 532 bytes, 0 fault sites, 2 entries, text 0xffffac3c4000..0xffffac3c4008, fpsimd false
[    3.468477] rust_kjit: kjit: pc 0xffffac3c4000: installed 532 bytes, 0 fault sites, 2 entries, text 0xffffac3c4000..0xffffac3c4008, fpsimd false
[    3.469589] rust_kjit: kjit: pc 0xffffac3c4000: installed 532 bytes, 0 fault sites, 2 entries, text 0xffffac3c4000..0xffffac3c4008, fpsimd false
[    3.471351] rust_kjit: kjit: pc 0xffffac3c4000: installed 532 bytes, 0 fault sites, 2 entries, text 0xffffac3c4000..0xffffac3c4008, fpsimd false
[    3.472399] rust_kjit: kjit: pc 0xffffac3c4000: installed 532 bytes, 0 fault sites, 2 entries, text 0xffffac3c4000..0xffffac3c4008, fpsimd false
[    3.474029] rust_kjit: kjit: pc 0xffffac3c4000: installed 532 bytes, 0 fault sites, 2 entries, text 0xffffac3c4000..0xffffac3c4008, fpsimd false
[    3.475466] rust_kjit: kjit: pc 0xffffac3c4000: installed 532 bytes, 0 fault sites, 2 entries, text 0xffffac3c4000..0xffffac3c4008, fpsimd false
[    3.477034] rust_kjit: kjit: pc 0xffffac3c4000: installed 532 bytes, 0 fault sites, 2 entries, text 0xffffac3c4000..0xffffac3c4008, fpsimd false
[    3.478228] rust_kjit: kjit: pc 0xffffac3c4000: installed 532 bytes, 0 fault sites, 2 entries, text 0xffffac3c4000..0xffffac3c4008, fpsimd false
[    3.480119] rust_kjit: kjit: pc 0xffffac3c4000: installed 532 bytes, 0 fault sites, 2 entries, text 0xffffac3c4000..0xffffac3c4008, fpsimd false
[    3.481250] rust_kjit: kjit: pc 0xffffac3c4000: installed 532 bytes, 0 fault sites, 2 entries, text 0xffffac3c4000..0xffffac3c4008, fpsimd false
[    3.482867] rust_kjit: kjit: pc 0xffffac3c4000: installed 532 bytes, 0 fault sites, 2 entries, text 0xffffac3c4000..0xffffac3c4008, fpsimd false
[    3.483915] rust_kjit: kjit: pc 0xffffac3c4000: installed 532 bytes, 0 fault sites, 2 entries, text 0xffffac3c4000..0xffffac3c4008, fpsimd false
[    3.485535] rust_kjit: kjit: pc 0xffffac3c4000: installed 532 bytes, 0 fault sites, 2 entries, text 0xffffac3c4000..0xffffac3c4008, fpsimd false
[    3.486665] rust_kjit: kjit: pc 0xffffac3c4000: installed 532 bytes, 0 fault sites, 2 entries, text 0xffffac3c4000..0xffffac3c4008, fpsimd false
[    3.488299] rust_kjit: kjit: pc 0xffffac3c4000: installed 532 bytes, 0 fault sites, 2 entries, text 0xffffac3c4000..0xffffac3c4008, fpsimd false
[    3.489364] rust_kjit: kjit: pc 0xffffac3c4000: installed 532 bytes, 0 fault sites, 2 entries, text 0xffffac3c4000..0xffffac3c4008, fpsimd false
[    3.491011] rust_kjit: kjit: pc 0xffffac3c4000: installed 532 bytes, 0 fault sites, 2 entries, text 0xffffac3c4000..0xffffac3c4008, fpsimd false
[    3.492135] rust_kjit: kjit: pc 0xffffac3c4000: installed 532 bytes, 0 fault sites, 2 entries, text 0xffffac3c4000..0xffffac3c4008, fpsimd false
[    3.493740] rust_kjit: kjit: pc 0xffffac3c4000: installed 532 bytes, 0 fault sites, 2 entries, text 0xffffac3c4000..0xffffac3c4008, fpsimd false
[    3.494964] rust_kjit: kjit: pc 0xffffac3c4000: installed 532 bytes, 0 fault sites, 2 entries, text 0xffffac3c4000..0xffffac3c4008, fpsimd false
[    3.496032] rust_kjit: kjit: pc 0xffffac3c4000: installed 532 bytes, 0 fault sites, 2 entries, text 0xffffac3c4000..0xffffac3c4008, fpsimd false
[    3.497529] rust_kjit: kjit: pc 0xffffac3c4000: installed 532 bytes, 0 fault sites, 2 entries, text 0xffffac3c4000..0xffffac3c4008, fpsimd false
[    3.498588] rust_kjit: kjit: pc 0xffffac3c4000: installed 532 bytes, 0 fault sites, 2 entries, text 0xffffac3c4000..0xffffac3c4008, fpsimd false
[    3.500237] rust_kjit: kjit: pc 0xffffac3c4000: installed 532 bytes, 0 fault sites, 2 entries, text 0xffffac3c4000..0xffffac3c4008, fpsimd false
[    3.501435] rust_kjit: kjit: pc 0xffffac3c4000: installed 532 bytes, 0 fault sites, 2 entries, text 0xffffac3c4000..0xffffac3c4008, fpsimd false
[    3.503056] rust_kjit: kjit: pc 0xffffac3c4000: installed 532 bytes, 0 fault sites, 2 entries, text 0xffffac3c4000..0xffffac3c4008, fpsimd false
[    3.504212] rust_kjit: kjit: pc 0xffffac3c4000: installed 532 bytes, 0 fault sites, 2 entries, text 0xffffac3c4000..0xffffac3c4008, fpsimd false
[    3.505695] rust_kjit: kjit: pc 0xffffac3c4000: installed 532 bytes, 0 fault sites, 2 entries, text 0xffffac3c4000..0xffffac3c4008, fpsimd false
[    3.506828] rust_kjit: kjit: pc 0xffffac3c4000: installed 532 bytes, 0 fault sites, 2 entries, text 0xffffac3c4000..0xffffac3c4008, fpsimd false
[    3.508448] rust_kjit: kjit: pc 0xffffac3c4000: installed 532 bytes, 0 fault sites, 2 entries, text 0xffffac3c4000..0xffffac3c4008, fpsimd false
[    3.509553] rust_kjit: kjit: pc 0xffffac3c4000: installed 532 bytes, 0 fault sites, 2 entries, text 0xffffac3c4000..0xffffac3c4008, fpsimd false
[    3.511362] rust_kjit: kjit: pc 0xffffac3c4000: installed 532 bytes, 0 fault sites, 2 entries, text 0xffffac3c4000..0xffffac3c4008, fpsimd false
[    3.512867] rust_kjit: kjit: pc 0xffffac3c4000: installed 532 bytes, 0 fault sites, 2 entries, text 0xffffac3c4000..0xffffac3c4008, fpsimd false
[    3.514460] rust_kjit: kjit: pc 0xffffac3c4000: installed 532 bytes, 0 fault sites, 2 entries, text 0xffffac3c4000..0xffffac3c4008, fpsimd false
[    3.516111] rust_kjit: kjit: pc 0xffffac3c4000: installed 532 bytes, 0 fault sites, 2 entries, text 0xffffac3c4000..0xffffac3c4008, fpsimd false
[    3.517273] rust_kjit: kjit: pc 0xffffac3c4000: installed 532 bytes, 0 fault sites, 2 entries, text 0xffffac3c4000..0xffffac3c4008, fpsimd false
[    3.518893] rust_kjit: kjit: pc 0xffffac3c4000: installed 532 bytes, 0 fault sites, 2 entries, text 0xffffac3c4000..0xffffac3c4008, fpsimd false
[    3.520133] rust_kjit: kjit: pc 0xffffac3c4000: installed 532 bytes, 0 fault sites, 2 entries, text 0xffffac3c4000..0xffffac3c4008, fpsimd false
[    3.521640] rust_kjit: kjit: pc 0xffffac3c4000: installed 532 bytes, 0 fault sites, 2 entries, text 0xffffac3c4000..0xffffac3c4008, fpsimd false
[    3.523082] rust_kjit: kjit: pc 0xffffac3c4000: installed 532 bytes, 0 fault sites, 2 entries, text 0xffffac3c4000..0xffffac3c4008, fpsimd false
[    3.524723] rust_kjit: kjit: pc 0xffffac3c4000: installed 532 bytes, 0 fault sites, 2 entries, text 0xffffac3c4000..0xffffac3c4008, fpsimd false
[    3.526222] rust_kjit: kjit: pc 0xffffac3c4000: installed 532 bytes, 0 fault sites, 2 entries, text 0xffffac3c4000..0xffffac3c4008, fpsimd false
[    3.527977] rust_kjit: kjit: pc 0xffffac3c4000: installed 532 bytes, 0 fault sites, 2 entries, text 0xffffac3c4000..0xffffac3c4008, fpsimd false
[    3.529879] rust_kjit: kjit: pc 0xffffac3c4000: installed 532 bytes, 0 fault sites, 2 entries, text 0xffffac3c4000..0xffffac3c4008, fpsimd false
[    3.531849] rust_kjit: kjit: pc 0xffffac3c4000: installed 532 bytes, 0 fault sites, 2 entries, text 0xffffac3c4000..0xffffac3c4008, fpsimd false
[    3.532934] rust_kjit: kjit: pc 0xffffac3c4000: installed 532 bytes, 0 fault sites, 2 entries, text 0xffffac3c4000..0xffffac3c4008, fpsimd false
[    3.534568] rust_kjit: kjit: pc 0xffffac3c4000: installed 532 bytes, 0 fault sites, 2 entries, text 0xffffac3c4000..0xffffac3c4008, fpsimd false
[    3.535762] rust_kjit: kjit: pc 0xffffac3c4000: installed 532 bytes, 0 fault sites, 2 entries, text 0xffffac3c4000..0xffffac3c4008, fpsimd false
[    3.537267] rust_kjit: kjit: pc 0xffffac3c4000: installed 532 bytes, 0 fault sites, 2 entries, text 0xffffac3c4000..0xffffac3c4008, fpsimd false
[    3.538482] rust_kjit: kjit: pc 0xffffac3c4000: installed 532 bytes, 0 fault sites, 2 entries, text 0xffffac3c4000..0xffffac3c4008, fpsimd false
[    3.540096] rust_kjit: kjit: pc 0xffffac3c4000: installed 532 bytes, 0 fault sites, 2 entries, text 0xffffac3c4000..0xffffac3c4008, fpsimd false
[    3.541169] rust_kjit: kjit: pc 0xffffac3c4000: installed 532 bytes, 0 fault sites, 2 entries, text 0xffffac3c4000..0xffffac3c4008, fpsimd false
[    3.542755] rust_kjit: kjit: pc 0xffffac3c4000: installed 532 bytes, 0 fault sites, 2 entries, text 0xffffac3c4000..0xffffac3c4008, fpsimd false
[    3.543947] rust_kjit: kjit: pc 0xffffac3c4000: installed 532 bytes, 0 fault sites, 2 entries, text 0xffffac3c4000..0xffffac3c4008, fpsimd false
[    3.545514] rust_kjit: kjit: pc 0xffffac3c4000: installed 532 bytes, 0 fault sites, 2 entries, text 0xffffac3c4000..0xffffac3c4008, fpsimd false
[    3.546651] rust_kjit: kjit: pc 0xffffac3c4000: installed 532 bytes, 0 fault sites, 2 entries, text 0xffffac3c4000..0xffffac3c4008, fpsimd false
[    3.548159] rust_kjit: kjit: pc 0xffffac3c4000: installed 532 bytes, 0 fault sites, 2 entries, text 0xffffac3c4000..0xffffac3c4008, fpsimd false
[    3.549247] rust_kjit: kjit: pc 0xffffac3c4000: installed 532 bytes, 0 fault sites, 2 entries, text 0xffffac3c4000..0xffffac3c4008, fpsimd false
[    3.550822] rust_kjit: kjit: pc 0xffffac3c4000: installed 532 bytes, 0 fault sites, 2 entries, text 0xffffac3c4000..0xffffac3c4008, fpsimd false
[    3.551952] rust_kjit: kjit: pc 0xffffac3c4000: installed 532 bytes, 0 fault sites, 2 entries, text 0xffffac3c4000..0xffffac3c4008, fpsimd false
[    3.553468] rust_kjit: kjit: pc 0xffffac3c4000: installed 532 bytes, 0 fault sites, 2 entries, text 0xffffac3c4000..0xffffac3c4008, fpsimd false
[    3.554601] rust_kjit: kjit: pc 0xffffac3c4000: installed 532 bytes, 0 fault sites, 2 entries, text 0xffffac3c4000..0xffffac3c4008, fpsimd false
[    3.556136] rust_kjit: kjit: pc 0xffffac3c4000: installed 532 bytes, 0 fault sites, 2 entries, text 0xffffac3c4000..0xffffac3c4008, fpsimd false
[    3.557257] rust_kjit: kjit: pc 0xffffac3c4000: installed 532 bytes, 0 fault sites, 2 entries, text 0xffffac3c4000..0xffffac3c4008, fpsimd false
[    3.558415] rust_kjit: kjit: pc 0xffffac3c4000: installed 532 bytes, 0 fault sites, 2 entries, text 0xffffac3c4000..0xffffac3c4008, fpsimd false
[    3.560046] rust_kjit: kjit: pc 0xffffac3c4000: installed 532 bytes, 0 fault sites, 2 entries, text 0xffffac3c4000..0xffffac3c4008, fpsimd false
[    3.561120] rust_kjit: kjit: pc 0xffffac3c4000: installed 532 bytes, 0 fault sites, 2 entries, text 0xffffac3c4000..0xffffac3c4008, fpsimd false
[    3.562750] rust_kjit: kjit: pc 0xffffac3c4000: installed 532 bytes, 0 fault sites, 2 entries, text 0xffffac3c4000..0xffffac3c4008, fpsimd false
[    3.563857] rust_kjit: kjit: pc 0xffffac3c4000: installed 532 bytes, 0 fault sites, 2 entries, text 0xffffac3c4000..0xffffac3c4008, fpsimd false
[    3.565390] rust_kjit: kjit: pc 0xffffac3c4000: installed 532 bytes, 0 fault sites, 2 entries, text 0xffffac3c4000..0xffffac3c4008, fpsimd false
[    3.566574] rust_kjit: kjit: pc 0xffffac3c4000: installed 532 bytes, 0 fault sites, 2 entries, text 0xffffac3c4000..0xffffac3c4008, fpsimd false
[    3.568097] rust_kjit: kjit: pc 0xffffac3c4000: installed 532 bytes, 0 fault sites, 2 entries, text 0xffffac3c4000..0xffffac3c4008, fpsimd false
[    3.569152] rust_kjit: kjit: pc 0xffffac3c4000: installed 532 bytes, 0 fault sites, 2 entries, text 0xffffac3c4000..0xffffac3c4008, fpsimd false
[    3.570722] rust_kjit: kjit: pc 0xffffac3c4000: installed 532 bytes, 0 fault sites, 2 entries, text 0xffffac3c4000..0xffffac3c4008, fpsimd false
[    3.571753] rust_kjit: kjit: pc 0xffffac3c4000: installed 532 bytes, 0 fault sites, 2 entries, text 0xffffac3c4000..0xffffac3c4008, fpsimd false
[    3.573279] rust_kjit: kjit: pc 0xffffac3c4000: installed 532 bytes, 0 fault sites, 2 entries, text 0xffffac3c4000..0xffffac3c4008, fpsimd false
[    3.574588] rust_kjit: kjit: pc 0xffffac3c4000: installed 532 bytes, 0 fault sites, 2 entries, text 0xffffac3c4000..0xffffac3c4008, fpsimd false
[    3.576132] rust_kjit: kjit: pc 0xffffac3c4000: installed 532 bytes, 0 fault sites, 2 entries, text 0xffffac3c4000..0xffffac3c4008, fpsimd false
[    3.577631] rust_kjit: kjit: pc 0xffffac3c4000: installed 532 bytes, 0 fault sites, 2 entries, text 0xffffac3c4000..0xffffac3c4008, fpsimd false
[    3.579217] rust_kjit: kjit: pc 0xffffac3c4000: installed 532 bytes, 0 fault sites, 2 entries, text 0xffffac3c4000..0xffffac3c4008, fpsimd false
[    3.580718] rust_kjit: kjit: pc 0xffffac3c4000: installed 532 bytes, 0 fault sites, 2 entries, text 0xffffac3c4000..0xffffac3c4008, fpsimd false
[    3.582169] rust_kjit: kjit: pc 0xffffac3c4000: installed 532 bytes, 0 fault sites, 2 entries, text 0xffffac3c4000..0xffffac3c4008, fpsimd false
[    3.583922] rust_kjit: kjit: pc 0xffffac3c4000: installed 532 bytes, 0 fault sites, 2 entries, text 0xffffac3c4000..0xffffac3c4008, fpsimd false
[    3.585486] rust_kjit: kjit: pc 0xffffac3c4000: installed 532 bytes, 0 fault sites, 2 entries, text 0xffffac3c4000..0xffffac3c4008, fpsimd false
[    3.587078] rust_kjit: kjit: pc 0xffffac3c4000: installed 532 bytes, 0 fault sites, 2 entries, text 0xffffac3c4000..0xffffac3c4008, fpsimd false
[    3.588159] rust_kjit: kjit: pc 0xffffac3c4000: installed 532 bytes, 0 fault sites, 2 entries, text 0xffffac3c4000..0xffffac3c4008, fpsimd false
[    3.589671] rust_kjit: kjit: pc 0xffffac3c4000: installed 532 bytes, 0 fault sites, 2 entries, text 0xffffac3c4000..0xffffac3c4008, fpsimd false
[    3.590746] rust_kjit: kjit: pc 0xffffac3c4000: installed 532 bytes, 0 fault sites, 2 entries, text 0xffffac3c4000..0xffffac3c4008, fpsimd false
[    3.592333] rust_kjit: kjit: pc 0xffffac3c4000: installed 532 bytes, 0 fault sites, 2 entries, text 0xffffac3c4000..0xffffac3c4008, fpsimd false
[    3.593394] rust_kjit: kjit: pc 0xffffac3c4000: installed 532 bytes, 0 fault sites, 2 entries, text 0xffffac3c4000..0xffffac3c4008, fpsimd false
[    3.594878] rust_kjit: kjit: pc 0xffffac3c4000: installed 532 bytes, 0 fault sites, 2 entries, text 0xffffac3c4000..0xffffac3c4008, fpsimd false
[    3.595999] rust_kjit: kjit: pc 0xffffac3c4000: installed 532 bytes, 0 fault sites, 2 entries, text 0xffffac3c4000..0xffffac3c4008, fpsimd false
[    3.597469] rust_kjit: kjit: pc 0xffffac3c4000: installed 532 bytes, 0 fault sites, 2 entries, text 0xffffac3c4000..0xffffac3c4008, fpsimd false
[    3.598567] rust_kjit: kjit: pc 0xffffac3c4000: installed 532 bytes, 0 fault sites, 2 entries, text 0xffffac3c4000..0xffffac3c4008, fpsimd false
[    3.600147] rust_kjit: kjit: pc 0xffffac3c4000: installed 532 bytes, 0 fault sites, 2 entries, text 0xffffac3c4000..0xffffac3c4008, fpsimd false
[    3.601250] rust_kjit: kjit: pc 0xffffac3c4000: installed 532 bytes, 0 fault sites, 2 entries, text 0xffffac3c4000..0xffffac3c4008, fpsimd false
[    3.602802] rust_kjit: kjit: pc 0xffffac3c4000: installed 532 bytes, 0 fault sites, 2 entries, text 0xffffac3c4000..0xffffac3c4008, fpsimd false
[    3.604047] rust_kjit: kjit: pc 0xffffac3c4000: installed 532 bytes, 0 fault sites, 2 entries, text 0xffffac3c4000..0xffffac3c4008, fpsimd false
[    3.605592] rust_kjit: kjit: pc 0xffffac3c4000: installed 532 bytes, 0 fault sites, 2 entries, text 0xffffac3c4000..0xffffac3c4008, fpsimd false
[    3.606642] rust_kjit: kjit: pc 0xffffac3c4000: installed 532 bytes, 0 fault sites, 2 entries, text 0xffffac3c4000..0xffffac3c4008, fpsimd false
[    3.608160] rust_kjit: kjit: pc 0xffffac3c4000: installed 532 bytes, 0 fault sites, 2 entries, text 0xffffac3c4000..0xffffac3c4008, fpsimd false
[    3.609174] rust_kjit: kjit: pc 0xffffac3c4000: installed 532 bytes, 0 fault sites, 2 entries, text 0xffffac3c4000..0xffffac3c4008, fpsimd false
[    3.610697] rust_kjit: kjit: pc 0xffffac3c4000: installed 532 bytes, 0 fault sites, 2 entries, text 0xffffac3c4000..0xffffac3c4008, fpsimd false
[    3.611866] rust_kjit: kjit: pc 0xffffac3c4000: installed 532 bytes, 0 fault sites, 2 entries, text 0xffffac3c4000..0xffffac3c4008, fpsimd false
[    3.613406] rust_kjit: kjit: pc 0xffffac3c4000: installed 532 bytes, 0 fault sites, 2 entries, text 0xffffac3c4000..0xffffac3c4008, fpsimd false
[    3.614559] rust_kjit: kjit: pc 0xffffac3c4000: installed 532 bytes, 0 fault sites, 2 entries, text 0xffffac3c4000..0xffffac3c4008, fpsimd false
[    3.616112] rust_kjit: kjit: pc 0xffffac3c4000: installed 532 bytes, 0 fault sites, 2 entries, text 0xffffac3c4000..0xffffac3c4008, fpsimd false
[    3.617214] rust_kjit: kjit: pc 0xffffac3c4000: installed 532 bytes, 0 fault sites, 2 entries, text 0xffffac3c4000..0xffffac3c4008, fpsimd false
[    3.618811] rust_kjit: kjit: pc 0xffffac3c4000: installed 532 bytes, 0 fault sites, 2 entries, text 0xffffac3c4000..0xffffac3c4008, fpsimd false
[    3.620056] rust_kjit: kjit: pc 0xffffac3c4000: installed 532 bytes, 0 fault sites, 2 entries, text 0xffffac3c4000..0xffffac3c4008, fpsimd false
[    3.621636] rust_kjit: kjit: pc 0xffffac3c4000: installed 532 bytes, 0 fault sites, 2 entries, text 0xffffac3c4000..0xffffac3c4008, fpsimd false
[    3.623228] rust_kjit: kjit: pc 0xffffac3c4000: installed 532 bytes, 0 fault sites, 2 entries, text 0xffffac3c4000..0xffffac3c4008, fpsimd false
[    3.624845] rust_kjit: kjit: pc 0xffffac3c4000: installed 532 bytes, 0 fault sites, 2 entries, text 0xffffac3c4000..0xffffac3c4008, fpsimd false
[    3.626433] rust_kjit: kjit: pc 0xffffac3c4000: installed 532 bytes, 0 fault sites, 2 entries, text 0xffffac3c4000..0xffffac3c4008, fpsimd false
[    3.628050] rust_kjit: kjit: pc 0xffffac3c4000: installed 532 bytes, 0 fault sites, 2 entries, text 0xffffac3c4000..0xffffac3c4008, fpsimd false
[    3.629687] rust_kjit: kjit: pc 0xffffac3c4000: installed 532 bytes, 0 fault sites, 2 entries, text 0xffffac3c4000..0xffffac3c4008, fpsimd false
[    3.631287] rust_kjit: kjit: pc 0xffffac3c4000: installed 532 bytes, 0 fault sites, 2 entries, text 0xffffac3c4000..0xffffac3c4008, fpsimd false
[    3.632358] rust_kjit: kjit: pc 0xffffac3c4000: installed 532 bytes, 0 fault sites, 2 entries, text 0xffffac3c4000..0xffffac3c4008, fpsimd false
[    3.634058] rust_kjit: kjit: pc 0xffffac3c4000: installed 532 bytes, 0 fault sites, 2 entries, text 0xffffac3c4000..0xffffac3c4008, fpsimd false
[    3.635750] rust_kjit: kjit: pc 0xffffac3c4000: installed 532 bytes, 0 fault sites, 2 entries, text 0xffffac3c4000..0xffffac3c4008, fpsimd false
[    3.636813] rust_kjit: kjit: pc 0xffffac3c4000: installed 532 bytes, 0 fault sites, 2 entries, text 0xffffac3c4000..0xffffac3c4008, fpsimd false
[    3.638454] rust_kjit: kjit: pc 0xffffac3c4000: installed 532 bytes, 0 fault sites, 2 entries, text 0xffffac3c4000..0xffffac3c4008, fpsimd false
[    3.639686] rust_kjit: kjit: pc 0xffffac3c4000: installed 532 bytes, 0 fault sites, 2 entries, text 0xffffac3c4000..0xffffac3c4008, fpsimd false
[    3.641182] rust_kjit: kjit: pc 0xffffac3c4000: installed 532 bytes, 0 fault sites, 2 entries, text 0xffffac3c4000..0xffffac3c4008, fpsimd false
[    3.642733] rust_kjit: kjit: pc 0xffffac3c4000: installed 532 bytes, 0 fault sites, 2 entries, text 0xffffac3c4000..0xffffac3c4008, fpsimd false
[    3.644310] rust_kjit: kjit: pc 0xffffac3c4000: installed 532 bytes, 0 fault sites, 2 entries, text 0xffffac3c4000..0xffffac3c4008, fpsimd false
[    3.645837] rust_kjit: kjit: pc 0xffffac3c4000: installed 532 bytes, 0 fault sites, 2 entries, text 0xffffac3c4000..0xffffac3c4008, fpsimd false
[    3.647614] rust_kjit: kjit: pc 0xffffac3c4000: installed 532 bytes, 0 fault sites, 2 entries, text 0xffffac3c4000..0xffffac3c4008, fpsimd false
[    3.648644] rust_kjit: kjit: pc 0xffffac3c4000: installed 532 bytes, 0 fault sites, 2 entries, text 0xffffac3c4000..0xffffac3c4008, fpsimd false
[    3.650167] rust_kjit: kjit: pc 0xffffac3c4000: installed 532 bytes, 0 fault sites, 2 entries, text 0xffffac3c4000..0xffffac3c4008, fpsimd false
[    3.651393] rust_kjit: kjit: pc 0xffffac3c4000: installed 532 bytes, 0 fault sites, 2 entries, text 0xffffac3c4000..0xffffac3c4008, fpsimd false
[    3.653019] rust_kjit: kjit: pc 0xffffac3c4000: installed 532 bytes, 0 fault sites, 2 entries, text 0xffffac3c4000..0xffffac3c4008, fpsimd false
[    3.654522] rust_kjit: kjit: pc 0xffffac3c4000: installed 532 bytes, 0 fault sites, 2 entries, text 0xffffac3c4000..0xffffac3c4008, fpsimd false
[    3.656127] rust_kjit: kjit: pc 0xffffac3c4000: installed 532 bytes, 0 fault sites, 2 entries, text 0xffffac3c4000..0xffffac3c4008, fpsimd false
[    3.657597] rust_kjit: kjit: pc 0xffffac3c4000: installed 532 bytes, 0 fault sites, 2 entries, text 0xffffac3c4000..0xffffac3c4008, fpsimd false
[    3.659080] rust_kjit: kjit: pc 0xffffac3c4000: installed 532 bytes, 0 fault sites, 2 entries, text 0xffffac3c4000..0xffffac3c4008, fpsimd false
[    3.660684] rust_kjit: kjit: pc 0xffffac3c4000: installed 532 bytes, 0 fault sites, 2 entries, text 0xffffac3c4000..0xffffac3c4008, fpsimd false
[    3.662248] rust_kjit: kjit: pc 0xffffac3c4000: installed 532 bytes, 0 fault sites, 2 entries, text 0xffffac3c4000..0xffffac3c4008, fpsimd false
[    3.663940] rust_kjit: kjit: pc 0xffffac3c4000: installed 532 bytes, 0 fault sites, 2 entries, text 0xffffac3c4000..0xffffac3c4008, fpsimd false
[    3.665063] rust_kjit: kjit: pc 0xffffac3c4000: installed 532 bytes, 0 fault sites, 2 entries, text 0xffffac3c4000..0xffffac3c4008, fpsimd false
[    3.666548] rust_kjit: kjit: pc 0xffffac3c4000: installed 532 bytes, 0 fault sites, 2 entries, text 0xffffac3c4000..0xffffac3c4008, fpsimd false
[    3.667649] rust_kjit: kjit: pc 0xffffac3c4000: installed 532 bytes, 0 fault sites, 2 entries, text 0xffffac3c4000..0xffffac3c4008, fpsimd false
[    3.669196] rust_kjit: kjit: pc 0xffffac3c4000: installed 532 bytes, 0 fault sites, 2 entries, text 0xffffac3c4000..0xffffac3c4008, fpsimd false
[    3.670327] rust_kjit: kjit: pc 0xffffac3c4000: installed 532 bytes, 0 fault sites, 2 entries, text 0xffffac3c4000..0xffffac3c4008, fpsimd false
[    3.672104] rust_kjit: kjit: pc 0xffffac3c4000: installed 532 bytes, 0 fault sites, 2 entries, text 0xffffac3c4000..0xffffac3c4008, fpsimd false
[    3.673738] rust_kjit: kjit: pc 0xffffac3c4000: installed 532 bytes, 0 fault sites, 2 entries, text 0xffffac3c4000..0xffffac3c4008, fpsimd false
[    3.675355] rust_kjit: kjit: pc 0xffffac3c4000: installed 532 bytes, 0 fault sites, 2 entries, text 0xffffac3c4000..0xffffac3c4008, fpsimd false
[    3.676907] rust_kjit: kjit: pc 0xffffac3c4000: installed 532 bytes, 0 fault sites, 2 entries, text 0xffffac3c4000..0xffffac3c4008, fpsimd false
[    3.678558] rust_kjit: kjit: pc 0xffffac3c4000: installed 532 bytes, 0 fault sites, 2 entries, text 0xffffac3c4000..0xffffac3c4008, fpsimd false
[    3.680011] rust_kjit: kjit: pc 0xffffac3c4000: installed 532 bytes, 0 fault sites, 2 entries, text 0xffffac3c4000..0xffffac3c4008, fpsimd false
[    3.681613] rust_kjit: kjit: pc 0xffffac3c4000: installed 532 bytes, 0 fault sites, 2 entries, text 0xffffac3c4000..0xffffac3c4008, fpsimd false
[    3.683208] rust_kjit: kjit: pc 0xffffac3c4000: installed 532 bytes, 0 fault sites, 2 entries, text 0xffffac3c4000..0xffffac3c4008, fpsimd false
[    3.684738] rust_kjit: kjit: pc 0xffffac3c4000: installed 532 bytes, 0 fault sites, 2 entries, text 0xffffac3c4000..0xffffac3c4008, fpsimd false
[    3.686237] rust_kjit: kjit: pc 0xffffac3c4000: installed 532 bytes, 0 fault sites, 2 entries, text 0xffffac3c4000..0xffffac3c4008, fpsimd false
[    3.687961] rust_kjit: kjit: pc 0xffffac3c4000: installed 532 bytes, 0 fault sites, 2 entries, text 0xffffac3c4000..0xffffac3c4008, fpsimd false
[    3.689378] rust_kjit: kjit: pc 0xffffac3c4000: installed 532 bytes, 0 fault sites, 2 entries, text 0xffffac3c4000..0xffffac3c4008, fpsimd false
[    3.691037] rust_kjit: kjit: pc 0xffffac3c4000: installed 532 bytes, 0 fault sites, 2 entries, text 0xffffac3c4000..0xffffac3c4008, fpsimd false
[    3.692552] rust_kjit: kjit: pc 0xffffac3c4000: installed 532 bytes, 0 fault sites, 2 entries, text 0xffffac3c4000..0xffffac3c4008, fpsimd false
[    3.694148] rust_kjit: kjit: pc 0xffffac3c4000: installed 532 bytes, 0 fault sites, 2 entries, text 0xffffac3c4000..0xffffac3c4008, fpsimd false
[    3.695905] rust_kjit: kjit: pc 0xffffac3c4000: installed 532 bytes, 0 fault sites, 2 entries, text 0xffffac3c4000..0xffffac3c4008, fpsimd false
[    3.697440] rust_kjit: kjit: pc 0xffffac3c4000: installed 532 bytes, 0 fault sites, 2 entries, text 0xffffac3c4000..0xffffac3c4008, fpsimd false
[    3.699089] rust_kjit: kjit: pc 0xffffac3c4000: installed 532 bytes, 0 fault sites, 2 entries, text 0xffffac3c4000..0xffffac3c4008, fpsimd false
[    3.700209] rust_kjit: kjit: pc 0xffffac3c4000: installed 532 bytes, 0 fault sites, 2 entries, text 0xffffac3c4000..0xffffac3c4008, fpsimd false
[    3.701777] rust_kjit: kjit: pc 0xffffac3c4000: installed 532 bytes, 0 fault sites, 2 entries, text 0xffffac3c4000..0xffffac3c4008, fpsimd false
[    3.702922] rust_kjit: kjit: pc 0xffffac3c4000: installed 532 bytes, 0 fault sites, 2 entries, text 0xffffac3c4000..0xffffac3c4008, fpsimd false
[    3.704446] rust_kjit: kjit: pc 0xffffac3c4000: installed 532 bytes, 0 fault sites, 2 entries, text 0xffffac3c4000..0xffffac3c4008, fpsimd false
[    3.706060] rust_kjit: kjit: pc 0xffffac3c4000: installed 532 bytes, 0 fault sites, 2 entries, text 0xffffac3c4000..0xffffac3c4008, fpsimd false
[    3.707894] rust_kjit: kjit: pc 0xffffac3c4000: installed 532 bytes, 0 fault sites, 2 entries, text 0xffffac3c4000..0xffffac3c4008, fpsimd false
[    3.708984] rust_kjit: kjit: pc 0xffffac3c4000: installed 532 bytes, 0 fault sites, 2 entries, text 0xffffac3c4000..0xffffac3c4008, fpsimd false
[    3.710568] rust_kjit: kjit: pc 0xffffac3c4000: installed 532 bytes, 0 fault sites, 2 entries, text 0xffffac3c4000..0xffffac3c4008, fpsimd false
[    3.712062] rust_kjit: kjit: pc 0xffffac3c4000: installed 532 bytes, 0 fault sites, 2 entries, text 0xffffac3c4000..0xffffac3c4008, fpsimd false
[    3.713111] rust_kjit: kjit: pc 0xffffac3c4000: installed 532 bytes, 0 fault sites, 2 entries, text 0xffffac3c4000..0xffffac3c4008, fpsimd false
[    3.714663] rust_kjit: kjit: pc 0xffffac3c4000: installed 532 bytes, 0 fault sites, 2 entries, text 0xffffac3c4000..0xffffac3c4008, fpsimd false
[    3.715736] rust_kjit: kjit: pc 0xffffac3c4000: installed 532 bytes, 0 fault sites, 2 entries, text 0xffffac3c4000..0xffffac3c4008, fpsimd false
[    3.717222] rust_kjit: kjit: pc 0xffffac3c4000: installed 532 bytes, 0 fault sites, 2 entries, text 0xffffac3c4000..0xffffac3c4008, fpsimd false
[    3.718334] rust_kjit: kjit: pc 0xffffac3c4000: installed 532 bytes, 0 fault sites, 2 entries, text 0xffffac3c4000..0xffffac3c4008, fpsimd false
[    3.720017] rust_kjit: kjit: pc 0xffffac3c4000: installed 532 bytes, 0 fault sites, 2 entries, text 0xffffac3c4000..0xffffac3c4008, fpsimd false
[    3.721063] rust_kjit: kjit: pc 0xffffac3c4000: installed 532 bytes, 0 fault sites, 2 entries, text 0xffffac3c4000..0xffffac3c4008, fpsimd false
[    3.722648] rust_kjit: kjit: pc 0xffffac3c4000: installed 532 bytes, 0 fault sites, 2 entries, text 0xffffac3c4000..0xffffac3c4008, fpsimd false
[    3.723681] rust_kjit: kjit: pc 0xffffac3c4000: installed 532 bytes, 0 fault sites, 2 entries, text 0xffffac3c4000..0xffffac3c4008, fpsimd false
[    3.725154] rust_kjit: kjit: pc 0xffffac3c4000: installed 532 bytes, 0 fault sites, 2 entries, text 0xffffac3c4000..0xffffac3c4008, fpsimd false
[    3.726228] rust_kjit: kjit: pc 0xffffac3c4000: installed 532 bytes, 0 fault sites, 2 entries, text 0xffffac3c4000..0xffffac3c4008, fpsimd false
[    3.727940] rust_kjit: kjit: pc 0xffffac3c4000: installed 532 bytes, 0 fault sites, 2 entries, text 0xffffac3c4000..0xffffac3c4008, fpsimd false
[    3.728983] rust_kjit: kjit: pc 0xffffac3c4000: installed 532 bytes, 0 fault sites, 2 entries, text 0xffffac3c4000..0xffffac3c4008, fpsimd false
[    3.730602] rust_kjit: kjit: pc 0xffffac3c4000: installed 532 bytes, 0 fault sites, 2 entries, text 0xffffac3c4000..0xffffac3c4008, fpsimd false
[    3.731721] rust_kjit: kjit: pc 0xffffac3c4000: installed 532 bytes, 0 fault sites, 2 entries, text 0xffffac3c4000..0xffffac3c4008, fpsimd false
[    3.733251] rust_kjit: kjit: pc 0xffffac3c4000: installed 532 bytes, 0 fault sites, 2 entries, text 0xffffac3c4000..0xffffac3c4008, fpsimd false
[    3.734572] rust_kjit: kjit: pc 0xffffac3c4000: installed 532 bytes, 0 fault sites, 2 entries, text 0xffffac3c4000..0xffffac3c4008, fpsimd false
[    3.736206] rust_kjit: kjit: pc 0xffffac3c4000: installed 532 bytes, 0 fault sites, 2 entries, text 0xffffac3c4000..0xffffac3c4008, fpsimd false
[    3.737294] rust_kjit: kjit: pc 0xffffac3c4000: installed 532 bytes, 0 fault sites, 2 entries, text 0xffffac3c4000..0xffffac3c4008, fpsimd false
[    3.738878] rust_kjit: kjit: pc 0xffffac3c4000: installed 532 bytes, 0 fault sites, 2 entries, text 0xffffac3c4000..0xffffac3c4008, fpsimd false
[    3.739937] rust_kjit: kjit: pc 0xffffac3c4000: installed 532 bytes, 0 fault sites, 2 entries, text 0xffffac3c4000..0xffffac3c4008, fpsimd false
[    3.741414] rust_kjit: kjit: pc 0xffffac3c4000: installed 532 bytes, 0 fault sites, 2 entries, text 0xffffac3c4000..0xffffac3c4008, fpsimd false
[    3.742574] rust_kjit: kjit: pc 0xffffac3c4000: installed 532 bytes, 0 fault sites, 2 entries, text 0xffffac3c4000..0xffffac3c4008, fpsimd false
[    3.744065] rust_kjit: kjit: pc 0xffffac3c4000: installed 532 bytes, 0 fault sites, 2 entries, text 0xffffac3c4000..0xffffac3c4008, fpsimd false
[    3.745115] rust_kjit: kjit: pc 0xffffac3c4000: installed 532 bytes, 0 fault sites, 2 entries, text 0xffffac3c4000..0xffffac3c4008, fpsimd false
[    3.746746] rust_kjit: kjit: pc 0xffffac3c4000: installed 532 bytes, 0 fault sites, 2 entries, text 0xffffac3c4000..0xffffac3c4008, fpsimd false
[    3.747795] rust_kjit: kjit: pc 0xffffac3c4000: installed 532 bytes, 0 fault sites, 2 entries, text 0xffffac3c4000..0xffffac3c4008, fpsimd false
[    3.749282] rust_kjit: kjit: pc 0xffffac3c4000: installed 532 bytes, 0 fault sites, 2 entries, text 0xffffac3c4000..0xffffac3c4008, fpsimd false
[    3.750485] rust_kjit: kjit: pc 0xffffac3c4000: installed 532 bytes, 0 fault sites, 2 entries, text 0xffffac3c4000..0xffffac3c4008, fpsimd false
[    3.752149] rust_kjit: kjit: pc 0xffffac3c4000: installed 532 bytes, 0 fault sites, 2 entries, text 0xffffac3c4000..0xffffac3c4008, fpsimd false
[    3.753256] rust_kjit: kjit: pc 0xffffac3c4000: installed 532 bytes, 0 fault sites, 2 entries, text 0xffffac3c4000..0xffffac3c4008, fpsimd false
[    3.754842] rust_kjit: kjit: pc 0xffffac3c4000: installed 532 bytes, 0 fault sites, 2 entries, text 0xffffac3c4000..0xffffac3c4008, fpsimd false
[    3.755949] rust_kjit: kjit: pc 0xffffac3c4000: installed 532 bytes, 0 fault sites, 2 entries, text 0xffffac3c4000..0xffffac3c4008, fpsimd false
[    3.757484] rust_kjit: kjit: pc 0xffffac3c4000: installed 532 bytes, 0 fault sites, 2 entries, text 0xffffac3c4000..0xffffac3c4008, fpsimd false
[    3.759014] rust_kjit: kjit: pc 0xffffac3c4000: installed 532 bytes, 0 fault sites, 2 entries, text 0xffffac3c4000..0xffffac3c4008, fpsimd false
[    3.760246] rust_kjit: kjit: pc 0xffffac3c4000: installed 532 bytes, 0 fault sites, 2 entries, text 0xffffac3c4000..0xffffac3c4008, fpsimd false
[    3.761334] rust_kjit: kjit: pc 0xffffac3c4000: installed 532 bytes, 0 fault sites, 2 entries, text 0xffffac3c4000..0xffffac3c4008, fpsimd false
[    3.762866] rust_kjit: kjit: pc 0xffffac3c4000: installed 532 bytes, 0 fault sites, 2 entries, text 0xffffac3c4000..0xffffac3c4008, fpsimd false
[    3.763904] rust_kjit: kjit: pc 0xffffac3c4000: installed 532 bytes, 0 fault sites, 2 entries, text 0xffffac3c4000..0xffffac3c4008, fpsimd false
[    3.765528] rust_kjit: kjit: pc 0xffffac3c4000: installed 532 bytes, 0 fault sites, 2 entries, text 0xffffac3c4000..0xffffac3c4008, fpsimd false
[    3.766762] rust_kjit: kjit: pc 0xffffac3c4000: installed 532 bytes, 0 fault sites, 2 entries, text 0xffffac3c4000..0xffffac3c4008, fpsimd false
[    3.768364] rust_kjit: kjit: pc 0xffffac3c4000: installed 532 bytes, 0 fault sites, 2 entries, text 0xffffac3c4000..0xffffac3c4008, fpsimd false
[    3.769528] rust_kjit: kjit: pc 0xffffac3c4000: installed 532 bytes, 0 fault sites, 2 entries, text 0xffffac3c4000..0xffffac3c4008, fpsimd false
[    3.771063] rust_kjit: kjit: pc 0xffffac3c4000: installed 532 bytes, 0 fault sites, 2 entries, text 0xffffac3c4000..0xffffac3c4008, fpsimd false
[    3.772697] rust_kjit: kjit: pc 0xffffac3c4000: installed 532 bytes, 0 fault sites, 2 entries, text 0xffffac3c4000..0xffffac3c4008, fpsimd false
[    3.774182] rust_kjit: kjit: pc 0xffffac3c4000: installed 532 bytes, 0 fault sites, 2 entries, text 0xffffac3c4000..0xffffac3c4008, fpsimd false
[    3.775464] rust_kjit: kjit: pc 0xffffac3c4000: installed 532 bytes, 0 fault sites, 2 entries, text 0xffffac3c4000..0xffffac3c4008, fpsimd false
[    3.776963] rust_kjit: kjit: pc 0xffffac3c4000: installed 532 bytes, 0 fault sites, 2 entries, text 0xffffac3c4000..0xffffac3c4008, fpsimd false
[    3.778626] rust_kjit: kjit: pc 0xffffac3c4000: installed 532 bytes, 0 fault sites, 2 entries, text 0xffffac3c4000..0xffffac3c4008, fpsimd false
[    3.780282] rust_kjit: kjit: pc 0xffffac3c4000: installed 532 bytes, 0 fault sites, 2 entries, text 0xffffac3c4000..0xffffac3c4008, fpsimd false
[    3.781818] rust_kjit: kjit: pc 0xffffac3c4000: installed 532 bytes, 0 fault sites, 2 entries, text 0xffffac3c4000..0xffffac3c4008, fpsimd false
[    3.783384] rust_kjit: kjit: pc 0xffffac3c4000: installed 532 bytes, 0 fault sites, 2 entries, text 0xffffac3c4000..0xffffac3c4008, fpsimd false
[    3.784955] rust_kjit: kjit: pc 0xffffac3c4000: installed 532 bytes, 0 fault sites, 2 entries, text 0xffffac3c4000..0xffffac3c4008, fpsimd false
[    3.786703] rust_kjit: kjit: pc 0xffffac3c4000: installed 532 bytes, 0 fault sites, 2 entries, text 0xffffac3c4000..0xffffac3c4008, fpsimd false
[    3.788291] rust_kjit: kjit: pc 0xffffac3c4000: installed 532 bytes, 0 fault sites, 2 entries, text 0xffffac3c4000..0xffffac3c4008, fpsimd false
[    3.789880] rust_kjit: kjit: pc 0xffffac3c4000: installed 532 bytes, 0 fault sites, 2 entries, text 0xffffac3c4000..0xffffac3c4008, fpsimd false
[    3.791141] rust_kjit: kjit: pc 0xffffac3c4000: installed 532 bytes, 0 fault sites, 2 entries, text 0xffffac3c4000..0xffffac3c4008, fpsimd false
[    3.792756] rust_kjit: kjit: pc 0xffffac3c4000: installed 532 bytes, 0 fault sites, 2 entries, text 0xffffac3c4000..0xffffac3c4008, fpsimd false
[    3.793872] rust_kjit: kjit: pc 0xffffac3c4000: installed 532 bytes, 0 fault sites, 2 entries, text 0xffffac3c4000..0xffffac3c4008, fpsimd false
[    3.795638] rust_kjit: kjit: pc 0xffffac3c4000: installed 532 bytes, 0 fault sites, 2 entries, text 0xffffac3c4000..0xffffac3c4008, fpsimd false
[    3.796697] rust_kjit: kjit: pc 0xffffac3c4000: installed 532 bytes, 0 fault sites, 2 entries, text 0xffffac3c4000..0xffffac3c4008, fpsimd false
[    3.798247] rust_kjit: kjit: pc 0xffffac3c4000: installed 532 bytes, 0 fault sites, 2 entries, text 0xffffac3c4000..0xffffac3c4008, fpsimd false
[    3.799536] rust_kjit: kjit: pc 0xffffac3c4000: installed 532 bytes, 0 fault sites, 2 entries, text 0xffffac3c4000..0xffffac3c4008, fpsimd false
[    3.801062] rust_kjit: kjit: pc 0xffffac3c4000: installed 532 bytes, 0 fault sites, 2 entries, text 0xffffac3c4000..0xffffac3c4008, fpsimd false
[    3.802227] rust_kjit: kjit: pc 0xffffac3c4000: installed 532 bytes, 0 fault sites, 2 entries, text 0xffffac3c4000..0xffffac3c4008, fpsimd false
[    3.804069] rust_kjit: kjit: pc 0xffffac3c4000: installed 532 bytes, 0 fault sites, 2 entries, text 0xffffac3c4000..0xffffac3c4008, fpsimd false
[    3.805199] rust_kjit: kjit: pc 0xffffac3c4000: installed 532 bytes, 0 fault sites, 2 entries, text 0xffffac3c4000..0xffffac3c4008, fpsimd false
[    3.806754] rust_kjit: kjit: pc 0xffffac3c4000: installed 532 bytes, 0 fault sites, 2 entries, text 0xffffac3c4000..0xffffac3c4008, fpsimd false
[    3.807864] rust_kjit: kjit: pc 0xffffac3c4000: installed 532 bytes, 0 fault sites, 2 entries, text 0xffffac3c4000..0xffffac3c4008, fpsimd false
[    3.809347] rust_kjit: kjit: pc 0xffffac3c4000: installed 532 bytes, 0 fault sites, 2 entries, text 0xffffac3c4000..0xffffac3c4008, fpsimd false
[    3.810601] rust_kjit: kjit: pc 0xffffac3c4000: installed 532 bytes, 0 fault sites, 2 entries, text 0xffffac3c4000..0xffffac3c4008, fpsimd false
[    3.812181] rust_kjit: kjit: pc 0xffffac3c4000: installed 532 bytes, 0 fault sites, 2 entries, text 0xffffac3c4000..0xffffac3c4008, fpsimd false
[    3.813280] rust_kjit: kjit: pc 0xffffac3c4000: installed 532 bytes, 0 fault sites, 2 entries, text 0xffffac3c4000..0xffffac3c4008, fpsimd false
[    3.814956] rust_kjit: kjit: pc 0xffffac3c4000: installed 532 bytes, 0 fault sites, 2 entries, text 0xffffac3c4000..0xffffac3c4008, fpsimd false
[    3.815977] rust_kjit: kjit: pc 0xffffac3c4000: installed 532 bytes, 0 fault sites, 2 entries, text 0xffffac3c4000..0xffffac3c4008, fpsimd false
[    3.817504] rust_kjit: kjit: pc 0xffffac3c4000: installed 532 bytes, 0 fault sites, 2 entries, text 0xffffac3c4000..0xffffac3c4008, fpsimd false
[    3.818661] rust_kjit: kjit: pc 0xffffac3c4000: installed 532 bytes, 0 fault sites, 2 entries, text 0xffffac3c4000..0xffffac3c4008, fpsimd false
[    3.820270] rust_kjit: kjit: pc 0xffffac3c4000: installed 532 bytes, 0 fault sites, 2 entries, text 0xffffac3c4000..0xffffac3c4008, fpsimd false
[    3.821323] rust_kjit: kjit: pc 0xffffac3c4000: installed 532 bytes, 0 fault sites, 2 entries, text 0xffffac3c4000..0xffffac3c4008, fpsimd false
[    3.822883] rust_kjit: kjit: pc 0xffffac3c4000: installed 532 bytes, 0 fault sites, 2 entries, text 0xffffac3c4000..0xffffac3c4008, fpsimd false
[    3.823956] rust_kjit: kjit: pc 0xffffac3c4000: installed 532 bytes, 0 fault sites, 2 entries, text 0xffffac3c4000..0xffffac3c4008, fpsimd false
[    3.825448] rust_kjit: kjit: pc 0xffffac3c4000: installed 532 bytes, 0 fault sites, 2 entries, text 0xffffac3c4000..0xffffac3c4008, fpsimd false
[    3.826690] rust_kjit: kjit: pc 0xffffac3c4000: installed 532 bytes, 0 fault sites, 2 entries, text 0xffffac3c4000..0xffffac3c4008, fpsimd false
[    3.828218] rust_kjit: kjit: pc 0xffffac3c4000: installed 532 bytes, 0 fault sites, 2 entries, text 0xffffac3c4000..0xffffac3c4008, fpsimd false
[    3.829325] rust_kjit: kjit: pc 0xffffac3c4000: installed 532 bytes, 0 fault sites, 2 entries, text 0xffffac3c4000..0xffffac3c4008, fpsimd false
[    3.830830] rust_kjit: kjit: pc 0xffffac3c4000: installed 532 bytes, 0 fault sites, 2 entries, text 0xffffac3c4000..0xffffac3c4008, fpsimd false
[    3.831876] rust_kjit: kjit: pc 0xffffac3c4000: installed 532 bytes, 0 fault sites, 2 entries, text 0xffffac3c4000..0xffffac3c4008, fpsimd false
[    3.833453] rust_kjit: kjit: pc 0xffffac3c4000: installed 532 bytes, 0 fault sites, 2 entries, text 0xffffac3c4000..0xffffac3c4008, fpsimd false
[    3.834589] rust_kjit: kjit: pc 0xffffac3c4000: installed 532 bytes, 0 fault sites, 2 entries, text 0xffffac3c4000..0xffffac3c4008, fpsimd false
[    3.836090] rust_kjit: kjit: pc 0xffffac3c4000: installed 532 bytes, 0 fault sites, 2 entries, text 0xffffac3c4000..0xffffac3c4008, fpsimd false
[    3.837275] rust_kjit: kjit: pc 0xffffac3c4000: installed 532 bytes, 0 fault sites, 2 entries, text 0xffffac3c4000..0xffffac3c4008, fpsimd false
[    3.838843] rust_kjit: kjit: pc 0xffffac3c4000: installed 532 bytes, 0 fault sites, 2 entries, text 0xffffac3c4000..0xffffac3c4008, fpsimd false
[    3.840392] rust_kjit: kjit: pc 0xffffac3c4000: installed 532 bytes, 0 fault sites, 2 entries, text 0xffffac3c4000..0xffffac3c4008, fpsimd false
[    3.841457] rust_kjit: kjit: pc 0xffffac3c4000: installed 532 bytes, 0 fault sites, 2 entries, text 0xffffac3c4000..0xffffac3c4008, fpsimd false
[    3.843025] rust_kjit: kjit: pc 0xffffac3c4000: installed 532 bytes, 0 fault sites, 2 entries, text 0xffffac3c4000..0xffffac3c4008, fpsimd false
[    3.844075] rust_kjit: kjit: pc 0xffffac3c4000: installed 532 bytes, 0 fault sites, 2 entries, text 0xffffac3c4000..0xffffac3c4008, fpsimd false
[    3.845637] rust_kjit: kjit: pc 0xffffac3c4000: installed 532 bytes, 0 fault sites, 2 entries, text 0xffffac3c4000..0xffffac3c4008, fpsimd false
[    3.846742] rust_kjit: kjit: pc 0xffffac3c4000: installed 532 bytes, 0 fault sites, 2 entries, text 0xffffac3c4000..0xffffac3c4008, fpsimd false
[    3.848174] rust_kjit: kjit: pc 0xffffac3c4000: installed 532 bytes, 0 fault sites, 2 entries, text 0xffffac3c4000..0xffffac3c4008, fpsimd false
[    3.849267] rust_kjit: kjit: pc 0xffffac3c4000: installed 532 bytes, 0 fault sites, 2 entries, text 0xffffac3c4000..0xffffac3c4008, fpsimd false
[    3.850833] rust_kjit: kjit: pc 0xffffac3c4000: installed 532 bytes, 0 fault sites, 2 entries, text 0xffffac3c4000..0xffffac3c4008, fpsimd false
[    3.851963] rust_kjit: kjit: pc 0xffffac3c4000: installed 532 bytes, 0 fault sites, 2 entries, text 0xffffac3c4000..0xffffac3c4008, fpsimd false
[    3.853524] rust_kjit: kjit: pc 0xffffac3c4000: installed 532 bytes, 0 fault sites, 2 entries, text 0xffffac3c4000..0xffffac3c4008, fpsimd false
[    3.854647] rust_kjit: kjit: pc 0xffffac3c4000: installed 532 bytes, 0 fault sites, 2 entries, text 0xffffac3c4000..0xffffac3c4008, fpsimd false
[    3.856171] rust_kjit: kjit: pc 0xffffac3c4000: installed 532 bytes, 0 fault sites, 2 entries, text 0xffffac3c4000..0xffffac3c4008, fpsimd false
[    3.857281] rust_kjit: kjit: pc 0xffffac3c4000: installed 532 bytes, 0 fault sites, 2 entries, text 0xffffac3c4000..0xffffac3c4008, fpsimd false
[    3.858875] rust_kjit: kjit: pc 0xffffac3c4000: installed 532 bytes, 0 fault sites, 2 entries, text 0xffffac3c4000..0xffffac3c4008, fpsimd false
[    3.859961] rust_kjit: kjit: pc 0xffffac3c4000: installed 532 bytes, 0 fault sites, 2 entries, text 0xffffac3c4000..0xffffac3c4008, fpsimd false
[    3.861565] rust_kjit: kjit: pc 0xffffac3c4000: installed 532 bytes, 0 fault sites, 2 entries, text 0xffffac3c4000..0xffffac3c4008, fpsimd false
[    3.862743] rust_kjit: kjit: pc 0xffffac3c4000: installed 532 bytes, 0 fault sites, 2 entries, text 0xffffac3c4000..0xffffac3c4008, fpsimd false
[    3.864261] rust_kjit: kjit: pc 0xffffac3c4000: installed 532 bytes, 0 fault sites, 2 entries, text 0xffffac3c4000..0xffffac3c4008, fpsimd false
[    3.865307] rust_kjit: kjit: pc 0xffffac3c4000: installed 532 bytes, 0 fault sites, 2 entries, text 0xffffac3c4000..0xffffac3c4008, fpsimd false
[    3.866864] rust_kjit: kjit: pc 0xffffac3c4000: installed 532 bytes, 0 fault sites, 2 entries, text 0xffffac3c4000..0xffffac3c4008, fpsimd false
[    3.867899] rust_kjit: kjit: pc 0xffffac3c4000: installed 532 bytes, 0 fault sites, 2 entries, text 0xffffac3c4000..0xffffac3c4008, fpsimd false
[    3.869477] rust_kjit: kjit: pc 0xffffac3c4000: installed 532 bytes, 0 fault sites, 2 entries, text 0xffffac3c4000..0xffffac3c4008, fpsimd false
[    3.870670] rust_kjit: kjit: pc 0xffffac3c4000: installed 532 bytes, 0 fault sites, 2 entries, text 0xffffac3c4000..0xffffac3c4008, fpsimd false
[    3.872207] rust_kjit: kjit: pc 0xffffac3c4000: installed 532 bytes, 0 fault sites, 2 entries, text 0xffffac3c4000..0xffffac3c4008, fpsimd false
[    3.873249] rust_kjit: kjit: pc 0xffffac3c4000: installed 532 bytes, 0 fault sites, 2 entries, text 0xffffac3c4000..0xffffac3c4008, fpsimd false
[    3.875042] rust_kjit: kjit: pc 0xffffac3c4000: installed 532 bytes, 0 fault sites, 2 entries, text 0xffffac3c4000..0xffffac3c4008, fpsimd false
[    3.876117] rust_kjit: kjit: pc 0xffffac3c4000: installed 532 bytes, 0 fault sites, 2 entries, text 0xffffac3c4000..0xffffac3c4008, fpsimd false
[    3.877606] rust_kjit: kjit: pc 0xffffac3c4000: installed 532 bytes, 0 fault sites, 2 entries, text 0xffffac3c4000..0xffffac3c4008, fpsimd false
[    3.878721] rust_kjit: kjit: pc 0xffffac3c4000: installed 532 bytes, 0 fault sites, 2 entries, text 0xffffac3c4000..0xffffac3c4008, fpsimd false
[    3.880264] rust_kjit: kjit: pc 0xffffac3c4000: installed 532 bytes, 0 fault sites, 2 entries, text 0xffffac3c4000..0xffffac3c4008, fpsimd false
[    3.881305] rust_kjit: kjit: pc 0xffffac3c4000: installed 532 bytes, 0 fault sites, 2 entries, text 0xffffac3c4000..0xffffac3c4008, fpsimd false
[    3.882862] rust_kjit: kjit: pc 0xffffac3c4000: installed 532 bytes, 0 fault sites, 2 entries, text 0xffffac3c4000..0xffffac3c4008, fpsimd false
[    3.883969] rust_kjit: kjit: pc 0xffffac3c4000: installed 532 bytes, 0 fault sites, 2 entries, text 0xffffac3c4000..0xffffac3c4008, fpsimd false
[    3.885495] rust_kjit: kjit: pc 0xffffac3c4000: installed 532 bytes, 0 fault sites, 2 entries, text 0xffffac3c4000..0xffffac3c4008, fpsimd false
[    3.886585] rust_kjit: kjit: pc 0xffffac3c4000: installed 532 bytes, 0 fault sites, 2 entries, text 0xffffac3c4000..0xffffac3c4008, fpsimd false
[    3.888056] rust_kjit: kjit: pc 0xffffac3c4000: installed 532 bytes, 0 fault sites, 2 entries, text 0xffffac3c4000..0xffffac3c4008, fpsimd false
[    3.889550] rust_kjit: kjit: pc 0xffffac3c4000: installed 532 bytes, 0 fault sites, 2 entries, text 0xffffac3c4000..0xffffac3c4008, fpsimd false
[    3.890644] rust_kjit: kjit: pc 0xffffac3c4000: installed 532 bytes, 0 fault sites, 2 entries, text 0xffffac3c4000..0xffffac3c4008, fpsimd false
[    3.892183] rust_kjit: kjit: pc 0xffffac3c4000: installed 532 bytes, 0 fault sites, 2 entries, text 0xffffac3c4000..0xffffac3c4008, fpsimd false
[    3.893261] rust_kjit: kjit: pc 0xffffac3c4000: installed 532 bytes, 0 fault sites, 2 entries, text 0xffffac3c4000..0xffffac3c4008, fpsimd false
[    3.894922] rust_kjit: kjit: pc 0xffffac3c4000: installed 532 bytes, 0 fault sites, 2 entries, text 0xffffac3c4000..0xffffac3c4008, fpsimd false
[    3.896056] rust_kjit: kjit: pc 0xffffac3c4000: installed 532 bytes, 0 fault sites, 2 entries, text 0xffffac3c4000..0xffffac3c4008, fpsimd false
[    3.897550] rust_kjit: kjit: pc 0xffffac3c4000: installed 532 bytes, 0 fault sites, 2 entries, text 0xffffac3c4000..0xffffac3c4008, fpsimd false
[    3.898695] rust_kjit: kjit: pc 0xffffac3c4000: installed 532 bytes, 0 fault sites, 2 entries, text 0xffffac3c4000..0xffffac3c4008, fpsimd false
[    3.900262] rust_kjit: kjit: pc 0xffffac3c4000: installed 532 bytes, 0 fault sites, 2 entries, text 0xffffac3c4000..0xffffac3c4008, fpsimd false
[    3.901319] rust_kjit: kjit: pc 0xffffac3c4000: installed 532 bytes, 0 fault sites, 2 entries, text 0xffffac3c4000..0xffffac3c4008, fpsimd false
[    3.903051] rust_kjit: kjit: pc 0xffffac3c4000: installed 532 bytes, 0 fault sites, 2 entries, text 0xffffac3c4000..0xffffac3c4008, fpsimd false
[    3.904184] rust_kjit: kjit: pc 0xffffac3c4000: installed 532 bytes, 0 fault sites, 2 entries, text 0xffffac3c4000..0xffffac3c4008, fpsimd false
[    3.905739] rust_kjit: kjit: pc 0xffffac3c4000: installed 532 bytes, 0 fault sites, 2 entries, text 0xffffac3c4000..0xffffac3c4008, fpsimd false
[    3.906863] rust_kjit: kjit: pc 0xffffac3c4000: installed 532 bytes, 0 fault sites, 2 entries, text 0xffffac3c4000..0xffffac3c4008, fpsimd false
[    3.908341] rust_kjit: kjit: pc 0xffffac3c4000: installed 532 bytes, 0 fault sites, 2 entries, text 0xffffac3c4000..0xffffac3c4008, fpsimd false
[    3.909395] rust_kjit: kjit: pc 0xffffac3c4000: installed 532 bytes, 0 fault sites, 2 entries, text 0xffffac3c4000..0xffffac3c4008, fpsimd false
[    3.911156] rust_kjit: kjit: pc 0xffffac3c4000: installed 532 bytes, 0 fault sites, 2 entries, text 0xffffac3c4000..0xffffac3c4008, fpsimd false
[    3.912251] rust_kjit: kjit: pc 0xffffac3c4000: installed 532 bytes, 0 fault sites, 2 entries, text 0xffffac3c4000..0xffffac3c4008, fpsimd false
[    3.913782] rust_kjit: kjit: pc 0xffffac3c4000: installed 532 bytes, 0 fault sites, 2 entries, text 0xffffac3c4000..0xffffac3c4008, fpsimd false
[    3.914879] rust_kjit: kjit: pc 0xffffac3c4000: installed 532 bytes, 0 fault sites, 2 entries, text 0xffffac3c4000..0xffffac3c4008, fpsimd false
[    3.916473] rust_kjit: kjit: pc 0xffffac3c4000: installed 532 bytes, 0 fault sites, 2 entries, text 0xffffac3c4000..0xffffac3c4008, fpsimd false
[    3.917559] rust_kjit: kjit: pc 0xffffac3c4000: installed 532 bytes, 0 fault sites, 2 entries, text 0xffffac3c4000..0xffffac3c4008, fpsimd false
[    3.919148] rust_kjit: kjit: pc 0xffffac3c4000: installed 532 bytes, 0 fault sites, 2 entries, text 0xffffac3c4000..0xffffac3c4008, fpsimd false
[    3.920771] rust_kjit: kjit: pc 0xffffac3c4000: installed 532 bytes, 0 fault sites, 2 entries, text 0xffffac3c4000..0xffffac3c4008, fpsimd false
[    3.921860] rust_kjit: kjit: pc 0xffffac3c4000: installed 532 bytes, 0 fault sites, 2 entries, text 0xffffac3c4000..0xffffac3c4008, fpsimd false
[    3.923619] rust_kjit: kjit: pc 0xffffac3c4000: installed 532 bytes, 0 fault sites, 2 entries, text 0xffffac3c4000..0xffffac3c4008, fpsimd false
[    3.924676] rust_kjit: kjit: pc 0xffffac3c4000: installed 532 bytes, 0 fault sites, 2 entries, text 0xffffac3c4000..0xffffac3c4008, fpsimd false
[    3.926122] rust_kjit: kjit: pc 0xffffac3c4000: installed 532 bytes, 0 fault sites, 2 entries, text 0xffffac3c4000..0xffffac3c4008, fpsimd false
[    3.927430] rust_kjit: kjit: pc 0xffffac3c4000: installed 532 bytes, 0 fault sites, 2 entries, text 0xffffac3c4000..0xffffac3c4008, fpsimd false
[    3.928969] rust_kjit: kjit: pc 0xffffac3c4000: installed 532 bytes, 0 fault sites, 2 entries, text 0xffffac3c4000..0xffffac3c4008, fpsimd false
[    3.930557] rust_kjit: kjit: pc 0xffffac3c4000: installed 532 bytes, 0 fault sites, 2 entries, text 0xffffac3c4000..0xffffac3c4008, fpsimd false
[    3.932115] rust_kjit: kjit: pc 0xffffac3c4000: installed 532 bytes, 0 fault sites, 2 entries, text 0xffffac3c4000..0xffffac3c4008, fpsimd false
[    3.933634] rust_kjit: kjit: pc 0xffffac3c4000: installed 532 bytes, 0 fault sites, 2 entries, text 0xffffac3c4000..0xffffac3c4008, fpsimd false
[    3.935100] rust_kjit: kjit: pc 0xffffac3c4000: installed 532 bytes, 0 fault sites, 2 entries, text 0xffffac3c4000..0xffffac3c4008, fpsimd false
[    3.936755] rust_kjit: kjit: pc 0xffffac3c4000: installed 532 bytes, 0 fault sites, 2 entries, text 0xffffac3c4000..0xffffac3c4008, fpsimd false
[    3.938270] rust_kjit: kjit: pc 0xffffac3c4000: installed 532 bytes, 0 fault sites, 2 entries, text 0xffffac3c4000..0xffffac3c4008, fpsimd false
[    3.940006] rust_kjit: kjit: pc 0xffffac3c4000: installed 532 bytes, 0 fault sites, 2 entries, text 0xffffac3c4000..0xffffac3c4008, fpsimd false
[    3.941576] rust_kjit: kjit: pc 0xffffac3c4000: installed 532 bytes, 0 fault sites, 2 entries, text 0xffffac3c4000..0xffffac3c4008, fpsimd false
[    3.942700] rust_kjit: kjit: pc 0xffffac3c4000: installed 532 bytes, 0 fault sites, 2 entries, text 0xffffac3c4000..0xffffac3c4008, fpsimd false
[    3.944249] rust_kjit: kjit: pc 0xffffac3c4000: installed 532 bytes, 0 fault sites, 2 entries, text 0xffffac3c4000..0xffffac3c4008, fpsimd false
[    3.945407] rust_kjit: kjit: pc 0xffffac3c4000: installed 532 bytes, 0 fault sites, 2 entries, text 0xffffac3c4000..0xffffac3c4008, fpsimd false
[    3.946946] rust_kjit: kjit: pc 0xffffac3c4000: installed 532 bytes, 0 fault sites, 2 entries, text 0xffffac3c4000..0xffffac3c4008, fpsimd false
[    3.948035] rust_kjit: kjit: pc 0xffffac3c4000: installed 532 bytes, 0 fault sites, 2 entries, text 0xffffac3c4000..0xffffac3c4008, fpsimd false
[    3.949718] rust_kjit: kjit: pc 0xffffac3c4000: installed 532 bytes, 0 fault sites, 2 entries, text 0xffffac3c4000..0xffffac3c4008, fpsimd false
[    3.950783] rust_kjit: kjit: pc 0xffffac3c4000: installed 532 bytes, 0 fault sites, 2 entries, text 0xffffac3c4000..0xffffac3c4008, fpsimd false
[    3.952275] rust_kjit: kjit: pc 0xffffac3c4000: installed 532 bytes, 0 fault sites, 2 entries, text 0xffffac3c4000..0xffffac3c4008, fpsimd false
[    3.953452] rust_kjit: kjit: pc 0xffffac3c4000: installed 532 bytes, 0 fault sites, 2 entries, text 0xffffac3c4000..0xffffac3c4008, fpsimd false
[    3.955107] rust_kjit: kjit: pc 0xffffac3c4000: installed 532 bytes, 0 fault sites, 2 entries, text 0xffffac3c4000..0xffffac3c4008, fpsimd false
[    3.956140] rust_kjit: kjit: pc 0xffffac3c4000: installed 532 bytes, 0 fault sites, 2 entries, text 0xffffac3c4000..0xffffac3c4008, fpsimd false
[    3.957722] rust_kjit: kjit: pc 0xffffac3c4000: installed 532 bytes, 0 fault sites, 2 entries, text 0xffffac3c4000..0xffffac3c4008, fpsimd false
[    3.958846] rust_kjit: kjit: pc 0xffffac3c4000: installed 532 bytes, 0 fault sites, 2 entries, text 0xffffac3c4000..0xffffac3c4008, fpsimd false
[    3.960435] rust_kjit: kjit: pc 0xffffac3c4000: installed 532 bytes, 0 fault sites, 2 entries, text 0xffffac3c4000..0xffffac3c4008, fpsimd false
[    3.961969] rust_kjit: kjit: pc 0xffffac3c4000: installed 532 bytes, 0 fault sites, 2 entries, text 0xffffac3c4000..0xffffac3c4008, fpsimd false
[    3.963291] rust_kjit: kjit: pc 0xffffac3c4000: installed 532 bytes, 0 fault sites, 2 entries, text 0xffffac3c4000..0xffffac3c4008, fpsimd false
[    3.964761] rust_kjit: kjit: pc 0xffffac3c4000: installed 532 bytes, 0 fault sites, 2 entries, text 0xffffac3c4000..0xffffac3c4008, fpsimd false
[    3.966458] rust_kjit: kjit: pc 0xffffac3c4000: installed 532 bytes, 0 fault sites, 2 entries, text 0xffffac3c4000..0xffffac3c4008, fpsimd false
[    3.968063] rust_kjit: kjit: pc 0xffffac3c4000: installed 532 bytes, 0 fault sites, 2 entries, text 0xffffac3c4000..0xffffac3c4008, fpsimd false
[    3.969611] rust_kjit: kjit: pc 0xffffac3c4000: installed 532 bytes, 0 fault sites, 2 entries, text 0xffffac3c4000..0xffffac3c4008, fpsimd false
[    3.971145] rust_kjit: kjit: pc 0xffffac3c4000: installed 532 bytes, 0 fault sites, 2 entries, text 0xffffac3c4000..0xffffac3c4008, fpsimd false
[    3.972683] rust_kjit: kjit: pc 0xffffac3c4000: installed 532 bytes, 0 fault sites, 2 entries, text 0xffffac3c4000..0xffffac3c4008, fpsimd false
[    3.974249] rust_kjit: kjit: pc 0xffffac3c4000: installed 532 bytes, 0 fault sites, 2 entries, text 0xffffac3c4000..0xffffac3c4008, fpsimd false
[    3.975988] rust_kjit: kjit: pc 0xffffac3c4000: installed 532 bytes, 0 fault sites, 2 entries, text 0xffffac3c4000..0xffffac3c4008, fpsimd false
[    3.977545] rust_kjit: kjit: pc 0xffffac3c4000: installed 532 bytes, 0 fault sites, 2 entries, text 0xffffac3c4000..0xffffac3c4008, fpsimd false
[    3.979264] rust_kjit: kjit: pc 0xffffac3c4000: installed 532 bytes, 0 fault sites, 2 entries, text 0xffffac3c4000..0xffffac3c4008, fpsimd false
[    3.980965] rust_kjit: kjit: pc 0xffffac3c4000: installed 532 bytes, 0 fault sites, 2 entries, text 0xffffac3c4000..0xffffac3c4008, fpsimd false
[    3.982110] rust_kjit: kjit: pc 0xffffac3c4000: installed 532 bytes, 0 fault sites, 2 entries, text 0xffffac3c4000..0xffffac3c4008, fpsimd false
[    3.983786] rust_kjit: kjit: pc 0xffffac3c4000: installed 532 bytes, 0 fault sites, 2 entries, text 0xffffac3c4000..0xffffac3c4008, fpsimd false
[    3.984880] rust_kjit: kjit: pc 0xffffac3c4000: installed 532 bytes, 0 fault sites, 2 entries, text 0xffffac3c4000..0xffffac3c4008, fpsimd false
[    3.986516] rust_kjit: kjit: pc 0xffffac3c4000: installed 532 bytes, 0 fault sites, 2 entries, text 0xffffac3c4000..0xffffac3c4008, fpsimd false
[    3.987612] rust_kjit: kjit: pc 0xffffac3c4000: installed 532 bytes, 0 fault sites, 2 entries, text 0xffffac3c4000..0xffffac3c4008, fpsimd false
[    3.989191] rust_kjit: kjit: pc 0xffffac3c4000: installed 532 bytes, 0 fault sites, 2 entries, text 0xffffac3c4000..0xffffac3c4008, fpsimd false
[    3.990292] rust_kjit: kjit: pc 0xffffac3c4000: installed 532 bytes, 0 fault sites, 2 entries, text 0xffffac3c4000..0xffffac3c4008, fpsimd false
[    3.992025] rust_kjit: kjit: pc 0xffffac3c4000: installed 532 bytes, 0 fault sites, 2 entries, text 0xffffac3c4000..0xffffac3c4008, fpsimd false
[    3.993115] rust_kjit: kjit: pc 0xffffac3c4000: installed 532 bytes, 0 fault sites, 2 entries, text 0xffffac3c4000..0xffffac3c4008, fpsimd false
[    3.994667] rust_kjit: kjit: pc 0xffffac3c4000: installed 532 bytes, 0 fault sites, 2 entries, text 0xffffac3c4000..0xffffac3c4008, fpsimd false
[    3.995759] rust_kjit: kjit: pc 0xffffac3c4000: installed 532 bytes, 0 fault sites, 2 entries, text 0xffffac3c4000..0xffffac3c4008, fpsimd false
[    3.997373] rust_kjit: kjit: pc 0xffffac3c4000: installed 532 bytes, 0 fault sites, 2 entries, text 0xffffac3c4000..0xffffac3c4008, fpsimd false
[    3.998586] rust_kjit: kjit: pc 0xffffac3c4000: installed 532 bytes, 0 fault sites, 2 entries, text 0xffffac3c4000..0xffffac3c4008, fpsimd false
[    4.000141] rust_kjit: kjit: pc 0xffffac3c4000: installed 532 bytes, 0 fault sites, 2 entries, text 0xffffac3c4000..0xffffac3c4008, fpsimd false
[    4.001315] rust_kjit: kjit: pc 0xffffac3c4000: installed 532 bytes, 0 fault sites, 2 entries, text 0xffffac3c4000..0xffffac3c4008, fpsimd false
[    4.002847] rust_kjit: kjit: pc 0xffffac3c4000: installed 532 bytes, 0 fault sites, 2 entries, text 0xffffac3c4000..0xffffac3c4008, fpsimd false
[    4.004040] rust_kjit: kjit: pc 0xffffac3c4000: installed 532 bytes, 0 fault sites, 2 entries, text 0xffffac3c4000..0xffffac3c4008, fpsimd false
[    4.005646] rust_kjit: kjit: pc 0xffffac3c4000: installed 532 bytes, 0 fault sites, 2 entries, text 0xffffac3c4000..0xffffac3c4008, fpsimd false
[    4.006779] rust_kjit: kjit: pc 0xffffac3c4000: installed 532 bytes, 0 fault sites, 2 entries, text 0xffffac3c4000..0xffffac3c4008, fpsimd false
[    4.008329] rust_kjit: kjit: pc 0xffffac3c4000: installed 532 bytes, 0 fault sites, 2 entries, text 0xffffac3c4000..0xffffac3c4008, fpsimd false
[    4.009407] rust_kjit: kjit: pc 0xffffac3c4000: installed 532 bytes, 0 fault sites, 2 entries, text 0xffffac3c4000..0xffffac3c4008, fpsimd false
[    4.011101] rust_kjit: kjit: pc 0xffffac3c4000: installed 532 bytes, 0 fault sites, 2 entries, text 0xffffac3c4000..0xffffac3c4008, fpsimd false
[    4.012208] rust_kjit: kjit: pc 0xffffac3c4000: installed 532 bytes, 0 fault sites, 2 entries, text 0xffffac3c4000..0xffffac3c4008, fpsimd false
[    4.013772] rust_kjit: kjit: pc 0xffffac3c4000: installed 532 bytes, 0 fault sites, 2 entries, text 0xffffac3c4000..0xffffac3c4008, fpsimd false
[    4.014833] rust_kjit: kjit: pc 0xffffac3c4000: installed 532 bytes, 0 fault sites, 2 entries, text 0xffffac3c4000..0xffffac3c4008, fpsimd false
[    4.016370] rust_kjit: kjit: pc 0xffffac3c4000: installed 532 bytes, 0 fault sites, 2 entries, text 0xffffac3c4000..0xffffac3c4008, fpsimd false
[    4.017472] rust_kjit: kjit: pc 0xffffac3c4000: installed 532 bytes, 0 fault sites, 2 entries, text 0xffffac3c4000..0xffffac3c4008, fpsimd false
[    4.019115] rust_kjit: kjit: pc 0xffffac3c4000: installed 532 bytes, 0 fault sites, 2 entries, text 0xffffac3c4000..0xffffac3c4008, fpsimd false
[    4.020214] rust_kjit: kjit: pc 0xffffac3c4000: installed 532 bytes, 0 fault sites, 2 entries, text 0xffffac3c4000..0xffffac3c4008, fpsimd false
[    4.021729] rust_kjit: kjit: pc 0xffffac3c4000: installed 532 bytes, 0 fault sites, 2 entries, text 0xffffac3c4000..0xffffac3c4008, fpsimd false
[    4.022814] rust_kjit: kjit: pc 0xffffac3c4000: installed 532 bytes, 0 fault sites, 2 entries, text 0xffffac3c4000..0xffffac3c4008, fpsimd false
[    4.024336] rust_kjit: kjit: pc 0xffffac3c4000: installed 532 bytes, 0 fault sites, 2 entries, text 0xffffac3c4000..0xffffac3c4008, fpsimd false
[    4.025474] rust_kjit: kjit: pc 0xffffac3c4000: installed 532 bytes, 0 fault sites, 2 entries, text 0xffffac3c4000..0xffffac3c4008, fpsimd false
[    4.027217] rust_kjit: kjit: pc 0xffffac3c4000: installed 532 bytes, 0 fault sites, 2 entries, text 0xffffac3c4000..0xffffac3c4008, fpsimd false
[    4.028304] rust_kjit: kjit: pc 0xffffac3c4000: installed 532 bytes, 0 fault sites, 2 entries, text 0xffffac3c4000..0xffffac3c4008, fpsimd false
[    4.029906] rust_kjit: kjit: pc 0xffffac3c4000: installed 532 bytes, 0 fault sites, 2 entries, text 0xffffac3c4000..0xffffac3c4008, fpsimd false
[    4.031125] rust_kjit: kjit: pc 0xffffac3c4000: installed 532 bytes, 0 fault sites, 2 entries, text 0xffffac3c4000..0xffffac3c4008, fpsimd false
[    4.032618] rust_kjit: kjit: pc 0xffffac3c4000: installed 532 bytes, 0 fault sites, 2 entries, text 0xffffac3c4000..0xffffac3c4008, fpsimd false
[    4.034228] rust_kjit: kjit: pc 0xffffac3c4000: installed 532 bytes, 0 fault sites, 2 entries, text 0xffffac3c4000..0xffffac3c4008, fpsimd false
[    4.036023] rust_kjit: kjit: pc 0xffffac3c4000: installed 532 bytes, 0 fault sites, 2 entries, text 0xffffac3c4000..0xffffac3c4008, fpsimd false
[    4.037641] rust_kjit: kjit: pc 0xffffac3c4000: installed 532 bytes, 0 fault sites, 2 entries, text 0xffffac3c4000..0xffffac3c4008, fpsimd false
[    4.039199] rust_kjit: kjit: pc 0xffffac3c4000: installed 532 bytes, 0 fault sites, 2 entries, text 0xffffac3c4000..0xffffac3c4008, fpsimd false
[    4.040243] rust_kjit: kjit: pc 0xffffac3c4000: installed 532 bytes, 0 fault sites, 2 entries, text 0xffffac3c4000..0xffffac3c4008, fpsimd false
[    4.041786] rust_kjit: kjit: pc 0xffffac3c4000: installed 532 bytes, 0 fault sites, 2 entries, text 0xffffac3c4000..0xffffac3c4008, fpsimd false
[    4.043240] rust_kjit: kjit: pc 0xffffac3c4000: installed 532 bytes, 0 fault sites, 2 entries, text 0xffffac3c4000..0xffffac3c4008, fpsimd false
[    4.044921] rust_kjit: kjit: pc 0xffffac3c4000: installed 532 bytes, 0 fault sites, 2 entries, text 0xffffac3c4000..0xffffac3c4008, fpsimd false
[    4.046086] rust_kjit: kjit: pc 0xffffac3c4000: installed 532 bytes, 0 fault sites, 2 entries, text 0xffffac3c4000..0xffffac3c4008, fpsimd false
[    4.047812] rust_kjit: kjit: pc 0xffffac3c4000: installed 532 bytes, 0 fault sites, 2 entries, text 0xffffac3c4000..0xffffac3c4008, fpsimd false
[    4.048855] rust_kjit: kjit: pc 0xffffac3c4000: installed 532 bytes, 0 fault sites, 2 entries, text 0xffffac3c4000..0xffffac3c4008, fpsimd false
[    4.050530] rust_kjit: kjit: pc 0xffffac3c4000: installed 532 bytes, 0 fault sites, 2 entries, text 0xffffac3c4000..0xffffac3c4008, fpsimd false
[    4.051653] rust_kjit: kjit: pc 0xffffac3c4000: installed 532 bytes, 0 fault sites, 2 entries, text 0xffffac3c4000..0xffffac3c4008, fpsimd false
[    4.053287] rust_kjit: kjit: pc 0xffffac3c4000: installed 532 bytes, 0 fault sites, 2 entries, text 0xffffac3c4000..0xffffac3c4008, fpsimd false
[    4.054811] rust_kjit: kjit: pc 0xffffac3c4000: installed 532 bytes, 0 fault sites, 2 entries, text 0xffffac3c4000..0xffffac3c4008, fpsimd false
[    4.056383] rust_kjit: kjit: pc 0xffffac3c4000: installed 532 bytes, 0 fault sites, 2 entries, text 0xffffac3c4000..0xffffac3c4008, fpsimd false
[    4.057433] rust_kjit: kjit: pc 0xffffac3c4000: installed 532 bytes, 0 fault sites, 2 entries, text 0xffffac3c4000..0xffffac3c4008, fpsimd false
[    4.058981] rust_kjit: kjit: pc 0xffffac3c4000: installed 532 bytes, 0 fault sites, 2 entries, text 0xffffac3c4000..0xffffac3c4008, fpsimd false
[    4.060158] rust_kjit: kjit: pc 0xffffac3c4000: installed 532 bytes, 0 fault sites, 2 entries, text 0xffffac3c4000..0xffffac3c4008, fpsimd false
[    4.061731] rust_kjit: kjit: pc 0xffffac3c4000: installed 532 bytes, 0 fault sites, 2 entries, text 0xffffac3c4000..0xffffac3c4008, fpsimd false
[    4.062841] rust_kjit: kjit: pc 0xffffac3c4000: installed 532 bytes, 0 fault sites, 2 entries, text 0xffffac3c4000..0xffffac3c4008, fpsimd false
[    4.064389] rust_kjit: kjit: pc 0xffffac3c4000: installed 532 bytes, 0 fault sites, 2 entries, text 0xffffac3c4000..0xffffac3c4008, fpsimd false
[    4.065450] rust_kjit: kjit: pc 0xffffac3c4000: installed 532 bytes, 0 fault sites, 2 entries, text 0xffffac3c4000..0xffffac3c4008, fpsimd false
[    4.067015] rust_kjit: kjit: pc 0xffffac3c4000: installed 532 bytes, 0 fault sites, 2 entries, text 0xffffac3c4000..0xffffac3c4008, fpsimd false
[    4.068162] rust_kjit: kjit: pc 0xffffac3c4000: installed 532 bytes, 0 fault sites, 2 entries, text 0xffffac3c4000..0xffffac3c4008, fpsimd false
[    4.069595] rust_kjit: kjit: pc 0xffffac3c4000: installed 532 bytes, 0 fault sites, 2 entries, text 0xffffac3c4000..0xffffac3c4008, fpsimd false
[    4.070660] rust_kjit: kjit: pc 0xffffac3c4000: installed 532 bytes, 0 fault sites, 2 entries, text 0xffffac3c4000..0xffffac3c4008, fpsimd false
[    4.072278] rust_kjit: kjit: pc 0xffffac3c4000: installed 532 bytes, 0 fault sites, 2 entries, text 0xffffac3c4000..0xffffac3c4008, fpsimd false
[    4.073757] rust_kjit: kjit: pc 0xffffac3c4000: installed 532 bytes, 0 fault sites, 2 entries, text 0xffffac3c4000..0xffffac3c4008, fpsimd false
[    4.075353] rust_kjit: kjit: pc 0xffffac3c4000: installed 532 bytes, 0 fault sites, 2 entries, text 0xffffac3c4000..0xffffac3c4008, fpsimd false
[    4.076573] rust_kjit: kjit: pc 0xffffac3c4000: installed 532 bytes, 0 fault sites, 2 entries, text 0xffffac3c4000..0xffffac3c4008, fpsimd false
[    4.077808] rust_kjit: kjit: pc 0xffffac3c4000: installed 532 bytes, 0 fault sites, 2 entries, text 0xffffac3c4000..0xffffac3c4008, fpsimd false
[    4.079310] rust_kjit: kjit: pc 0xffffac3c4000: installed 532 bytes, 0 fault sites, 2 entries, text 0xffffac3c4000..0xffffac3c4008, fpsimd false
[    4.080434] rust_kjit: kjit: pc 0xffffac3c4000: installed 532 bytes, 0 fault sites, 2 entries, text 0xffffac3c4000..0xffffac3c4008, fpsimd false
[    4.081967] rust_kjit: kjit: pc 0xffffac3c4000: installed 532 bytes, 0 fault sites, 2 entries, text 0xffffac3c4000..0xffffac3c4008, fpsimd false
[    4.083169] rust_kjit: kjit: pc 0xffffac3c4000: installed 532 bytes, 0 fault sites, 2 entries, text 0xffffac3c4000..0xffffac3c4008, fpsimd false
[    4.084783] rust_kjit: kjit: pc 0xffffac3c4000: installed 532 bytes, 0 fault sites, 2 entries, text 0xffffac3c4000..0xffffac3c4008, fpsimd false
[    4.086433] rust_kjit: kjit: pc 0xffffac3c4000: installed 532 bytes, 0 fault sites, 2 entries, text 0xffffac3c4000..0xffffac3c4008, fpsimd false
[    4.087538] rust_kjit: kjit: pc 0xffffac3c4000: installed 532 bytes, 0 fault sites, 2 entries, text 0xffffac3c4000..0xffffac3c4008, fpsimd false
[    4.089089] rust_kjit: kjit: pc 0xffffac3c4000: installed 532 bytes, 0 fault sites, 2 entries, text 0xffffac3c4000..0xffffac3c4008, fpsimd false
[    4.090195] rust_kjit: kjit: pc 0xffffac3c4000: installed 532 bytes, 0 fault sites, 2 entries, text 0xffffac3c4000..0xffffac3c4008, fpsimd false
[    4.091890] rust_kjit: kjit: pc 0xffffac3c4000: installed 532 bytes, 0 fault sites, 2 entries, text 0xffffac3c4000..0xffffac3c4008, fpsimd false
[    4.093025] rust_kjit: kjit: pc 0xffffac3c4000: installed 532 bytes, 0 fault sites, 2 entries, text 0xffffac3c4000..0xffffac3c4008, fpsimd false
[    4.094729] rust_kjit: kjit: pc 0xffffac3c4000: installed 532 bytes, 0 fault sites, 2 entries, text 0xffffac3c4000..0xffffac3c4008, fpsimd false
[    4.095778] rust_kjit: kjit: pc 0xffffac3c4000: installed 532 bytes, 0 fault sites, 2 entries, text 0xffffac3c4000..0xffffac3c4008, fpsimd false
[    4.097305] rust_kjit: kjit: pc 0xffffac3c4000: installed 532 bytes, 0 fault sites, 2 entries, text 0xffffac3c4000..0xffffac3c4008, fpsimd false
[    4.098451] rust_kjit: kjit: pc 0xffffac3c4000: installed 532 bytes, 0 fault sites, 2 entries, text 0xffffac3c4000..0xffffac3c4008, fpsimd false
[    4.100034] rust_kjit: kjit: pc 0xffffac3c4000: installed 532 bytes, 0 fault sites, 2 entries, text 0xffffac3c4000..0xffffac3c4008, fpsimd false
[    4.101189] rust_kjit: kjit: pc 0xffffac3c4000: installed 532 bytes, 0 fault sites, 2 entries, text 0xffffac3c4000..0xffffac3c4008, fpsimd false
[    4.102859] rust_kjit: kjit: pc 0xffffac3c4000: installed 532 bytes, 0 fault sites, 2 entries, text 0xffffac3c4000..0xffffac3c4008, fpsimd false
[    4.103913] rust_kjit: kjit: pc 0xffffac3c4000: installed 532 bytes, 0 fault sites, 2 entries, text 0xffffac3c4000..0xffffac3c4008, fpsimd false
[    4.105443] rust_kjit: kjit: pc 0xffffac3c4000: installed 532 bytes, 0 fault sites, 2 entries, text 0xffffac3c4000..0xffffac3c4008, fpsimd false
[    4.106521] rust_kjit: kjit: pc 0xffffac3c4000: installed 532 bytes, 0 fault sites, 2 entries, text 0xffffac3c4000..0xffffac3c4008, fpsimd false
[    4.108024] rust_kjit: kjit: pc 0xffffac3c4000: installed 532 bytes, 0 fault sites, 2 entries, text 0xffffac3c4000..0xffffac3c4008, fpsimd false
[    4.109174] rust_kjit: kjit: pc 0xffffac3c4000: installed 532 bytes, 0 fault sites, 2 entries, text 0xffffac3c4000..0xffffac3c4008, fpsimd false
[    4.110792] rust_kjit: kjit: pc 0xffffac3c4000: installed 532 bytes, 0 fault sites, 2 entries, text 0xffffac3c4000..0xffffac3c4008, fpsimd false
[    4.111871] rust_kjit: kjit: pc 0xffffac3c4000: installed 532 bytes, 0 fault sites, 2 entries, text 0xffffac3c4000..0xffffac3c4008, fpsimd false
[    4.113462] rust_kjit: kjit: pc 0xffffac3c4000: installed 532 bytes, 0 fault sites, 2 entries, text 0xffffac3c4000..0xffffac3c4008, fpsimd false
[    4.114657] rust_kjit: kjit: pc 0xffffac3c4000: installed 532 bytes, 0 fault sites, 2 entries, text 0xffffac3c4000..0xffffac3c4008, fpsimd false
[    4.116183] rust_kjit: kjit: pc 0xffffac3c4000: installed 532 bytes, 0 fault sites, 2 entries, text 0xffffac3c4000..0xffffac3c4008, fpsimd false
[    4.117323] rust_kjit: kjit: pc 0xffffac3c4000: installed 532 bytes, 0 fault sites, 2 entries, text 0xffffac3c4000..0xffffac3c4008, fpsimd false
[    4.118855] rust_kjit: kjit: pc 0xffffac3c4000: installed 532 bytes, 0 fault sites, 2 entries, text 0xffffac3c4000..0xffffac3c4008, fpsimd false
[    4.119911] rust_kjit: kjit: pc 0xffffac3c4000: installed 532 bytes, 0 fault sites, 2 entries, text 0xffffac3c4000..0xffffac3c4008, fpsimd false
[    4.121519] rust_kjit: kjit: pc 0xffffac3c4000: installed 532 bytes, 0 fault sites, 2 entries, text 0xffffac3c4000..0xffffac3c4008, fpsimd false
[    4.122592] rust_kjit: kjit: pc 0xffffac3c4000: installed 532 bytes, 0 fault sites, 2 entries, text 0xffffac3c4000..0xffffac3c4008, fpsimd false
[    4.124108] rust_kjit: kjit: pc 0xffffac3c4000: installed 532 bytes, 0 fault sites, 2 entries, text 0xffffac3c4000..0xffffac3c4008, fpsimd false
[    4.125226] rust_kjit: kjit: pc 0xffffac3c4000: installed 532 bytes, 0 fault sites, 2 entries, text 0xffffac3c4000..0xffffac3c4008, fpsimd false
[    4.126815] rust_kjit: kjit: pc 0xffffac3c4000: installed 532 bytes, 0 fault sites, 2 entries, text 0xffffac3c4000..0xffffac3c4008, fpsimd false
[    4.128022] rust_kjit: kjit: pc 0xffffac3c4000: installed 532 bytes, 0 fault sites, 2 entries, text 0xffffac3c4000..0xffffac3c4008, fpsimd false
[    4.129564] rust_kjit: kjit: pc 0xffffac3c4000: installed 532 bytes, 0 fault sites, 2 entries, text 0xffffac3c4000..0xffffac3c4008, fpsimd false
[    4.130669] rust_kjit: kjit: pc 0xffffac3c4000: installed 532 bytes, 0 fault sites, 2 entries, text 0xffffac3c4000..0xffffac3c4008, fpsimd false
[    4.132186] rust_kjit: kjit: pc 0xffffac3c4000: installed 532 bytes, 0 fault sites, 2 entries, text 0xffffac3c4000..0xffffac3c4008, fpsimd false
[    4.133301] rust_kjit: kjit: pc 0xffffac3c4000: installed 532 bytes, 0 fault sites, 2 entries, text 0xffffac3c4000..0xffffac3c4008, fpsimd false
[    4.134816] rust_kjit: kjit: pc 0xffffac3c4000: installed 532 bytes, 0 fault sites, 2 entries, text 0xffffac3c4000..0xffffac3c4008, fpsimd false
[    4.136375] rust_kjit: kjit: pc 0xffffac3c4000: installed 532 bytes, 0 fault sites, 2 entries, text 0xffffac3c4000..0xffffac3c4008, fpsimd false
[    4.138012] rust_kjit: kjit: pc 0xffffac3c4000: installed 532 bytes, 0 fault sites, 2 entries, text 0xffffac3c4000..0xffffac3c4008, fpsimd false
[    4.139653] rust_kjit: kjit: pc 0xffffac3c4000: installed 532 bytes, 0 fault sites, 2 entries, text 0xffffac3c4000..0xffffac3c4008, fpsimd false
[    4.141196] rust_kjit: kjit: pc 0xffffac3c4000: installed 532 bytes, 0 fault sites, 2 entries, text 0xffffac3c4000..0xffffac3c4008, fpsimd false
[    4.142321] rust_kjit: kjit: pc 0xffffac3c4000: installed 532 bytes, 0 fault sites, 2 entries, text 0xffffac3c4000..0xffffac3c4008, fpsimd false
[    4.144101] rust_kjit: kjit: pc 0xffffac3c4000: installed 532 bytes, 0 fault sites, 2 entries, text 0xffffac3c4000..0xffffac3c4008, fpsimd false
[    4.145227] rust_kjit: kjit: pc 0xffffac3c4000: installed 532 bytes, 0 fault sites, 2 entries, text 0xffffac3c4000..0xffffac3c4008, fpsimd false
[    4.146810] rust_kjit: kjit: pc 0xffffac3c4000: installed 532 bytes, 0 fault sites, 2 entries, text 0xffffac3c4000..0xffffac3c4008, fpsimd false
[    4.147923] rust_kjit: kjit: pc 0xffffac3c4000: installed 532 bytes, 0 fault sites, 2 entries, text 0xffffac3c4000..0xffffac3c4008, fpsimd false
[    4.149468] rust_kjit: kjit: pc 0xffffac3c4000: installed 532 bytes, 0 fault sites, 2 entries, text 0xffffac3c4000..0xffffac3c4008, fpsimd false
[    4.150578] rust_kjit: kjit: pc 0xffffac3c4000: installed 532 bytes, 0 fault sites, 2 entries, text 0xffffac3c4000..0xffffac3c4008, fpsimd false
[    4.152046] rust_kjit: kjit: pc 0xffffac3c4000: installed 532 bytes, 0 fault sites, 2 entries, text 0xffffac3c4000..0xffffac3c4008, fpsimd false
[    4.153130] rust_kjit: kjit: pc 0xffffac3c4000: installed 532 bytes, 0 fault sites, 2 entries, text 0xffffac3c4000..0xffffac3c4008, fpsimd false
[    4.154673] rust_kjit: kjit: pc 0xffffac3c4000: installed 532 bytes, 0 fault sites, 2 entries, text 0xffffac3c4000..0xffffac3c4008, fpsimd false
[    4.155760] rust_kjit: kjit: pc 0xffffac3c4000: installed 532 bytes, 0 fault sites, 2 entries, text 0xffffac3c4000..0xffffac3c4008, fpsimd false
[    4.157280] rust_kjit: kjit: pc 0xffffac3c4000: installed 532 bytes, 0 fault sites, 2 entries, text 0xffffac3c4000..0xffffac3c4008, fpsimd false
[    4.158541] rust_kjit: kjit: pc 0xffffac3c4000: installed 532 bytes, 0 fault sites, 2 entries, text 0xffffac3c4000..0xffffac3c4008, fpsimd false
[    4.160068] rust_kjit: kjit: pc 0xffffac3c4000: installed 532 bytes, 0 fault sites, 2 entries, text 0xffffac3c4000..0xffffac3c4008, fpsimd false
[    4.161142] rust_kjit: kjit: pc 0xffffac3c4000: installed 532 bytes, 0 fault sites, 2 entries, text 0xffffac3c4000..0xffffac3c4008, fpsimd false
[    4.162654] rust_kjit: kjit: pc 0xffffac3c4000: installed 532 bytes, 0 fault sites, 2 entries, text 0xffffac3c4000..0xffffac3c4008, fpsimd false
[    4.163732] rust_kjit: kjit: pc 0xffffac3c4000: installed 532 bytes, 0 fault sites, 2 entries, text 0xffffac3c4000..0xffffac3c4008, fpsimd false
[    4.165293] rust_kjit: kjit: pc 0xffffac3c4000: installed 532 bytes, 0 fault sites, 2 entries, text 0xffffac3c4000..0xffffac3c4008, fpsimd false
[    4.166544] rust_kjit: kjit: pc 0xffffac3c4000: installed 532 bytes, 0 fault sites, 2 entries, text 0xffffac3c4000..0xffffac3c4008, fpsimd false
[    4.168160] rust_kjit: kjit: pc 0xffffac3c4000: installed 532 bytes, 0 fault sites, 2 entries, text 0xffffac3c4000..0xffffac3c4008, fpsimd false
[    4.169271] rust_kjit: kjit: pc 0xffffac3c4000: installed 532 bytes, 0 fault sites, 2 entries, text 0xffffac3c4000..0xffffac3c4008, fpsimd false
[    4.170799] rust_kjit: kjit: pc 0xffffac3c4000: installed 532 bytes, 0 fault sites, 2 entries, text 0xffffac3c4000..0xffffac3c4008, fpsimd false
[    4.171858] rust_kjit: kjit: pc 0xffffac3c4000: installed 532 bytes, 0 fault sites, 2 entries, text 0xffffac3c4000..0xffffac3c4008, fpsimd false
[    4.173362] rust_kjit: kjit: pc 0xffffac3c4000: installed 532 bytes, 0 fault sites, 2 entries, text 0xffffac3c4000..0xffffac3c4008, fpsimd false
[    4.174622] rust_kjit: kjit: pc 0xffffac3c4000: installed 532 bytes, 0 fault sites, 2 entries, text 0xffffac3c4000..0xffffac3c4008, fpsimd false
[    4.176174] rust_kjit: kjit: pc 0xffffac3c4000: installed 532 bytes, 0 fault sites, 2 entries, text 0xffffac3c4000..0xffffac3c4008, fpsimd false
[    4.177274] rust_kjit: kjit: pc 0xffffac3c4000: installed 532 bytes, 0 fault sites, 2 entries, text 0xffffac3c4000..0xffffac3c4008, fpsimd false
[    4.178872] rust_kjit: kjit: pc 0xffffac3c4000: installed 532 bytes, 0 fault sites, 2 entries, text 0xffffac3c4000..0xffffac3c4008, fpsimd false
[    4.179972] rust_kjit: kjit: pc 0xffffac3c4000: installed 532 bytes, 0 fault sites, 2 entries, text 0xffffac3c4000..0xffffac3c4008, fpsimd false
[    4.181449] rust_kjit: kjit: pc 0xffffac3c4000: installed 532 bytes, 0 fault sites, 2 entries, text 0xffffac3c4000..0xffffac3c4008, fpsimd false
[    4.182624] rust_kjit: kjit: pc 0xffffac3c4000: installed 532 bytes, 0 fault sites, 2 entries, text 0xffffac3c4000..0xffffac3c4008, fpsimd false
[    4.184228] rust_kjit: kjit: pc 0xffffac3c4000: installed 532 bytes, 0 fault sites, 2 entries, text 0xffffac3c4000..0xffffac3c4008, fpsimd false
[    4.185834] rust_kjit: kjit: pc 0xffffac3c4000: installed 532 bytes, 0 fault sites, 2 entries, text 0xffffac3c4000..0xffffac3c4008, fpsimd false
[    4.187623] rust_kjit: kjit: pc 0xffffac3c4000: installed 532 bytes, 0 fault sites, 2 entries, text 0xffffac3c4000..0xffffac3c4008, fpsimd false
[    4.189149] rust_kjit: kjit: pc 0xffffac3c4000: installed 532 bytes, 0 fault sites, 2 entries, text 0xffffac3c4000..0xffffac3c4008, fpsimd false
[    4.190674] rust_kjit: kjit: pc 0xffffac3c4000: installed 532 bytes, 0 fault sites, 2 entries, text 0xffffac3c4000..0xffffac3c4008, fpsimd false
[    4.192210] rust_kjit: kjit: pc 0xffffac3c4000: installed 532 bytes, 0 fault sites, 2 entries, text 0xffffac3c4000..0xffffac3c4008, fpsimd false
[    4.193862] rust_kjit: kjit: pc 0xffffac3c4000: installed 532 bytes, 0 fault sites, 2 entries, text 0xffffac3c4000..0xffffac3c4008, fpsimd false
[    4.195598] rust_kjit: kjit: pc 0xffffac3c4000: installed 532 bytes, 0 fault sites, 2 entries, text 0xffffac3c4000..0xffffac3c4008, fpsimd false
[    4.196685] rust_kjit: kjit: pc 0xffffac3c4000: installed 532 bytes, 0 fault sites, 2 entries, text 0xffffac3c4000..0xffffac3c4008, fpsimd false
[    4.198226] rust_kjit: kjit: pc 0xffffac3c4000: installed 532 bytes, 0 fault sites, 2 entries, text 0xffffac3c4000..0xffffac3c4008, fpsimd false
[    4.199467] rust_kjit: kjit: pc 0xffffac3c4000: installed 532 bytes, 0 fault sites, 2 entries, text 0xffffac3c4000..0xffffac3c4008, fpsimd false
[    4.200981] rust_kjit: kjit: pc 0xffffac3c4000: installed 532 bytes, 0 fault sites, 2 entries, text 0xffffac3c4000..0xffffac3c4008, fpsimd false
[    4.202762] rust_kjit: kjit: pc 0xffffac3c4000: installed 532 bytes, 0 fault sites, 2 entries, text 0xffffac3c4000..0xffffac3c4008, fpsimd false
[    4.203884] rust_kjit: kjit: pc 0xffffac3c4000: installed 532 bytes, 0 fault sites, 2 entries, text 0xffffac3c4000..0xffffac3c4008, fpsimd false
[    4.205398] rust_kjit: kjit: pc 0xffffac3c4000: installed 532 bytes, 0 fault sites, 2 entries, text 0xffffac3c4000..0xffffac3c4008, fpsimd false
[    4.206556] rust_kjit: kjit: pc 0xffffac3c4000: installed 532 bytes, 0 fault sites, 2 entries, text 0xffffac3c4000..0xffffac3c4008, fpsimd false
[    4.208140] rust_kjit: kjit: pc 0xffffac3c4000: installed 532 bytes, 0 fault sites, 2 entries, text 0xffffac3c4000..0xffffac3c4008, fpsimd false
[    4.209298] rust_kjit: kjit: pc 0xffffac3c4000: installed 532 bytes, 0 fault sites, 2 entries, text 0xffffac3c4000..0xffffac3c4008, fpsimd false
[    4.210908] rust_kjit: kjit: pc 0xffffac3c4000: installed 532 bytes, 0 fault sites, 2 entries, text 0xffffac3c4000..0xffffac3c4008, fpsimd false
[    4.212023] rust_kjit: kjit: pc 0xffffac3c4000: installed 532 bytes, 0 fault sites, 2 entries, text 0xffffac3c4000..0xffffac3c4008, fpsimd false
[    4.213543] rust_kjit: kjit: pc 0xffffac3c4000: installed 532 bytes, 0 fault sites, 2 entries, text 0xffffac3c4000..0xffffac3c4008, fpsimd false
[    4.214639] rust_kjit: kjit: pc 0xffffac3c4000: installed 532 bytes, 0 fault sites, 2 entries, text 0xffffac3c4000..0xffffac3c4008, fpsimd false
[    4.216156] rust_kjit: kjit: pc 0xffffac3c4000: installed 532 bytes, 0 fault sites, 2 entries, text 0xffffac3c4000..0xffffac3c4008, fpsimd false
[    4.217247] rust_kjit: kjit: pc 0xffffac3c4000: installed 532 bytes, 0 fault sites, 2 entries, text 0xffffac3c4000..0xffffac3c4008, fpsimd false
[    4.218859] rust_kjit: kjit: pc 0xffffac3c4000: installed 532 bytes, 0 fault sites, 2 entries, text 0xffffac3c4000..0xffffac3c4008, fpsimd false
[    4.219938] rust_kjit: kjit: pc 0xffffac3c4000: installed 532 bytes, 0 fault sites, 2 entries, text 0xffffac3c4000..0xffffac3c4008, fpsimd false
[    4.221483] rust_kjit: kjit: pc 0xffffac3c4000: installed 532 bytes, 0 fault sites, 2 entries, text 0xffffac3c4000..0xffffac3c4008, fpsimd false
[    4.222600] rust_kjit: kjit: pc 0xffffac3c4000: installed 532 bytes, 0 fault sites, 2 entries, text 0xffffac3c4000..0xffffac3c4008, fpsimd false
[    4.224148] rust_kjit: kjit: pc 0xffffac3c4000: installed 532 bytes, 0 fault sites, 2 entries, text 0xffffac3c4000..0xffffac3c4008, fpsimd false
[    4.225267] rust_kjit: kjit: pc 0xffffac3c4000: installed 532 bytes, 0 fault sites, 2 entries, text 0xffffac3c4000..0xffffac3c4008, fpsimd false
[    4.226804] rust_kjit: kjit: pc 0xffffac3c4000: installed 532 bytes, 0 fault sites, 2 entries, text 0xffffac3c4000..0xffffac3c4008, fpsimd false
[    4.227928] rust_kjit: kjit: pc 0xffffac3c4000: installed 532 bytes, 0 fault sites, 2 entries, text 0xffffac3c4000..0xffffac3c4008, fpsimd false
[    4.229497] rust_kjit: kjit: pc 0xffffac3c4000: installed 532 bytes, 0 fault sites, 2 entries, text 0xffffac3c4000..0xffffac3c4008, fpsimd false
[    4.230536] rust_kjit: kjit: pc 0xffffac3c4000: installed 532 bytes, 0 fault sites, 2 entries, text 0xffffac3c4000..0xffffac3c4008, fpsimd false
[    4.232091] rust_kjit: kjit: pc 0xffffac3c4000: installed 532 bytes, 0 fault sites, 2 entries, text 0xffffac3c4000..0xffffac3c4008, fpsimd false
[    4.233588] rust_kjit: kjit: pc 0xffffac3c4000: installed 532 bytes, 0 fault sites, 2 entries, text 0xffffac3c4000..0xffffac3c4008, fpsimd false
[    4.234692] rust_kjit: kjit: pc 0xffffac3c4000: installed 532 bytes, 0 fault sites, 2 entries, text 0xffffac3c4000..0xffffac3c4008, fpsimd false
[    4.236201] rust_kjit: kjit: pc 0xffffac3c4000: installed 532 bytes, 0 fault sites, 2 entries, text 0xffffac3c4000..0xffffac3c4008, fpsimd false
[    4.237326] rust_kjit: kjit: pc 0xffffac3c4000: installed 532 bytes, 0 fault sites, 2 entries, text 0xffffac3c4000..0xffffac3c4008, fpsimd false
[    4.238925] rust_kjit: kjit: pc 0xffffac3c4000: installed 532 bytes, 0 fault sites, 2 entries, text 0xffffac3c4000..0xffffac3c4008, fpsimd false
[    4.240057] rust_kjit: kjit: pc 0xffffac3c4000: installed 532 bytes, 0 fault sites, 2 entries, text 0xffffac3c4000..0xffffac3c4008, fpsimd false
[    4.241592] rust_kjit: kjit: pc 0xffffac3c4000: installed 532 bytes, 0 fault sites, 2 entries, text 0xffffac3c4000..0xffffac3c4008, fpsimd false
[    4.242814] rust_kjit: kjit: pc 0xffffac3c4000: installed 532 bytes, 0 fault sites, 2 entries, text 0xffffac3c4000..0xffffac3c4008, fpsimd false
[    4.244369] rust_kjit: kjit: pc 0xffffac3c4000: installed 532 bytes, 0 fault sites, 2 entries, text 0xffffac3c4000..0xffffac3c4008, fpsimd false
[    4.245473] rust_kjit: kjit: pc 0xffffac3c4000: installed 532 bytes, 0 fault sites, 2 entries, text 0xffffac3c4000..0xffffac3c4008, fpsimd false
[    4.247037] rust_kjit: kjit: pc 0xffffac3c4000: installed 532 bytes, 0 fault sites, 2 entries, text 0xffffac3c4000..0xffffac3c4008, fpsimd false
[    4.248186] rust_kjit: kjit: pc 0xffffac3c4000: installed 532 bytes, 0 fault sites, 2 entries, text 0xffffac3c4000..0xffffac3c4008, fpsimd false
[    4.249638] rust_kjit: kjit: pc 0xffffac3c4000: installed 532 bytes, 0 fault sites, 2 entries, text 0xffffac3c4000..0xffffac3c4008, fpsimd false
[    4.250698] rust_kjit: kjit: pc 0xffffac3c4000: installed 532 bytes, 0 fault sites, 2 entries, text 0xffffac3c4000..0xffffac3c4008, fpsimd false
[    4.252150] rust_kjit: kjit: pc 0xffffac3c4000: installed 532 bytes, 0 fault sites, 2 entries, text 0xffffac3c4000..0xffffac3c4008, fpsimd false
[    4.253243] rust_kjit: kjit: pc 0xffffac3c4000: installed 532 bytes, 0 fault sites, 2 entries, text 0xffffac3c4000..0xffffac3c4008, fpsimd false
[    4.254778] rust_kjit: kjit: pc 0xffffac3c4000: installed 532 bytes, 0 fault sites, 2 entries, text 0xffffac3c4000..0xffffac3c4008, fpsimd false
[    4.255845] rust_kjit: kjit: pc 0xffffac3c4000: installed 532 bytes, 0 fault sites, 2 entries, text 0xffffac3c4000..0xffffac3c4008, fpsimd false
[    4.257371] rust_kjit: kjit: pc 0xffffac3c4000: installed 532 bytes, 0 fault sites, 2 entries, text 0xffffac3c4000..0xffffac3c4008, fpsimd false
[    4.258505] rust_kjit: kjit: pc 0xffffac3c4000: installed 532 bytes, 0 fault sites, 2 entries, text 0xffffac3c4000..0xffffac3c4008, fpsimd false
[    4.260107] rust_kjit: kjit: pc 0xffffac3c4000: installed 532 bytes, 0 fault sites, 2 entries, text 0xffffac3c4000..0xffffac3c4008, fpsimd false
[    4.261254] rust_kjit: kjit: pc 0xffffac3c4000: installed 532 bytes, 0 fault sites, 2 entries, text 0xffffac3c4000..0xffffac3c4008, fpsimd false
[    4.262816] rust_kjit: kjit: pc 0xffffac3c4000: installed 532 bytes, 0 fault sites, 2 entries, text 0xffffac3c4000..0xffffac3c4008, fpsimd false
[    4.263861] rust_kjit: kjit: pc 0xffffac3c4000: installed 532 bytes, 0 fault sites, 2 entries, text 0xffffac3c4000..0xffffac3c4008, fpsimd false
[    4.265495] rust_kjit: kjit: pc 0xffffac3c4000: installed 532 bytes, 0 fault sites, 2 entries, text 0xffffac3c4000..0xffffac3c4008, fpsimd false
[    4.266497] rust_kjit: kjit: pc 0xffffac3c4000: installed 532 bytes, 0 fault sites, 2 entries, text 0xffffac3c4000..0xffffac3c4008, fpsimd false
[    4.268039] rust_kjit: kjit: pc 0xffffac3c4000: installed 532 bytes, 0 fault sites, 2 entries, text 0xffffac3c4000..0xffffac3c4008, fpsimd false
[    4.269186] rust_kjit: kjit: pc 0xffffac3c4000: installed 532 bytes, 0 fault sites, 2 entries, text 0xffffac3c4000..0xffffac3c4008, fpsimd false
[    4.270707] rust_kjit: kjit: pc 0xffffac3c4000: installed 532 bytes, 0 fault sites, 2 entries, text 0xffffac3c4000..0xffffac3c4008, fpsimd false
[    4.271792] rust_kjit: kjit: pc 0xffffac3c4000: installed 532 bytes, 0 fault sites, 2 entries, text 0xffffac3c4000..0xffffac3c4008, fpsimd false
[    4.273377] rust_kjit: kjit: pc 0xffffac3c4000: installed 532 bytes, 0 fault sites, 2 entries, text 0xffffac3c4000..0xffffac3c4008, fpsimd false
[    4.274513] rust_kjit: kjit: pc 0xffffac3c4000: installed 532 bytes, 0 fault sites, 2 entries, text 0xffffac3c4000..0xffffac3c4008, fpsimd false
[    4.276029] rust_kjit: kjit: pc 0xffffac3c4000: installed 532 bytes, 0 fault sites, 2 entries, text 0xffffac3c4000..0xffffac3c4008, fpsimd false
[    4.277175] rust_kjit: kjit: pc 0xffffac3c4000: installed 532 bytes, 0 fault sites, 2 entries, text 0xffffac3c4000..0xffffac3c4008, fpsimd false
[    4.278981] rust_kjit: kjit: pc 0xffffac3c4000: installed 532 bytes, 0 fault sites, 2 entries, text 0xffffac3c4000..0xffffac3c4008, fpsimd false
[    4.280075] rust_kjit: kjit: pc 0xffffac3c4000: installed 532 bytes, 0 fault sites, 2 entries, text 0xffffac3c4000..0xffffac3c4008, fpsimd false
[    4.281656] rust_kjit: kjit: pc 0xffffac3c4000: installed 532 bytes, 0 fault sites, 2 entries, text 0xffffac3c4000..0xffffac3c4008, fpsimd false
[    4.282747] rust_kjit: kjit: pc 0xffffac3c4000: installed 532 bytes, 0 fault sites, 2 entries, text 0xffffac3c4000..0xffffac3c4008, fpsimd false
[    4.284290] rust_kjit: kjit: pc 0xffffac3c4000: installed 532 bytes, 0 fault sites, 2 entries, text 0xffffac3c4000..0xffffac3c4008, fpsimd false
[    4.285750] rust_kjit: kjit: pc 0xffffac3c4000: installed 532 bytes, 0 fault sites, 2 entries, text 0xffffac3c4000..0xffffac3c4008, fpsimd false
[    4.287489] rust_kjit: kjit: pc 0xffffac3c4000: installed 532 bytes, 0 fault sites, 2 entries, text 0xffffac3c4000..0xffffac3c4008, fpsimd false
[    4.289034] rust_kjit: kjit: pc 0xffffac3c4000: installed 532 bytes, 0 fault sites, 2 entries, text 0xffffac3c4000..0xffffac3c4008, fpsimd false
[    4.290638] rust_kjit: kjit: pc 0xffffac3c4000: installed 532 bytes, 0 fault sites, 2 entries, text 0xffffac3c4000..0xffffac3c4008, fpsimd false
[    4.292133] rust_kjit: kjit: pc 0xffffac3c4000: installed 532 bytes, 0 fault sites, 2 entries, text 0xffffac3c4000..0xffffac3c4008, fpsimd false
[    4.293665] rust_kjit: kjit: pc 0xffffac3c4000: installed 532 bytes, 0 fault sites, 2 entries, text 0xffffac3c4000..0xffffac3c4008, fpsimd false
[    4.295392] rust_kjit: kjit: pc 0xffffac3c4000: installed 532 bytes, 0 fault sites, 2 entries, text 0xffffac3c4000..0xffffac3c4008, fpsimd false
[    4.296967] rust_kjit: kjit: pc 0xffffac3c4000: installed 532 bytes, 0 fault sites, 2 entries, text 0xffffac3c4000..0xffffac3c4008, fpsimd false
[    4.298574] rust_kjit: kjit: pc 0xffffac3c4000: installed 532 bytes, 0 fault sites, 2 entries, text 0xffffac3c4000..0xffffac3c4008, fpsimd false
[    4.300236] rust_kjit: kjit: pc 0xffffac3c4000: installed 532 bytes, 0 fault sites, 2 entries, text 0xffffac3c4000..0xffffac3c4008, fpsimd false
[    4.301687] rust_kjit: kjit: pc 0xffffac3c4000: installed 532 bytes, 0 fault sites, 2 entries, text 0xffffac3c4000..0xffffac3c4008, fpsimd false
[    4.303314] rust_kjit: kjit: pc 0xffffac3c4000: installed 532 bytes, 0 fault sites, 2 entries, text 0xffffac3c4000..0xffffac3c4008, fpsimd false
[    4.304980] rust_kjit: kjit: pc 0xffffac3c4000: installed 532 bytes, 0 fault sites, 2 entries, text 0xffffac3c4000..0xffffac3c4008, fpsimd false
[    4.306646] rust_kjit: kjit: pc 0xffffac3c4000: installed 532 bytes, 0 fault sites, 2 entries, text 0xffffac3c4000..0xffffac3c4008, fpsimd false
[    4.308180] rust_kjit: kjit: pc 0xffffac3c4000: installed 532 bytes, 0 fault sites, 2 entries, text 0xffffac3c4000..0xffffac3c4008, fpsimd false
[    4.309763] rust_kjit: kjit: pc 0xffffac3c4000: installed 532 bytes, 0 fault sites, 2 entries, text 0xffffac3c4000..0xffffac3c4008, fpsimd false
[    4.311311] rust_kjit: kjit: pc 0xffffac3c4000: installed 532 bytes, 0 fault sites, 2 entries, text 0xffffac3c4000..0xffffac3c4008, fpsimd false
[    4.312919] rust_kjit: kjit: pc 0xffffac3c4000: installed 532 bytes, 0 fault sites, 2 entries, text 0xffffac3c4000..0xffffac3c4008, fpsimd false
[    4.314581] rust_kjit: kjit: pc 0xffffac3c4000: installed 532 bytes, 0 fault sites, 2 entries, text 0xffffac3c4000..0xffffac3c4008, fpsimd false
[    4.316158] rust_kjit: kjit: pc 0xffffac3c4000: installed 532 bytes, 0 fault sites, 2 entries, text 0xffffac3c4000..0xffffac3c4008, fpsimd false
[    4.317709] rust_kjit: kjit: pc 0xffffac3c4000: installed 532 bytes, 0 fault sites, 2 entries, text 0xffffac3c4000..0xffffac3c4008, fpsimd false
[    4.319283] rust_kjit: kjit: pc 0xffffac3c4000: installed 532 bytes, 0 fault sites, 2 entries, text 0xffffac3c4000..0xffffac3c4008, fpsimd false
[    4.321020] rust_kjit: kjit: pc 0xffffac3c4000: installed 532 bytes, 0 fault sites, 2 entries, text 0xffffac3c4000..0xffffac3c4008, fpsimd false
[    4.322603] rust_kjit: kjit: pc 0xffffac3c4000: installed 532 bytes, 0 fault sites, 2 entries, text 0xffffac3c4000..0xffffac3c4008, fpsimd false
[    4.323984] rust_kjit: kjit: pc 0xffffac3c4000: installed 532 bytes, 0 fault sites, 2 entries, text 0xffffac3c4000..0xffffac3c4008, fpsimd false
[    4.325524] rust_kjit: kjit: pc 0xffffac3c4000: installed 532 bytes, 0 fault sites, 2 entries, text 0xffffac3c4000..0xffffac3c4008, fpsimd false
[    4.327084] rust_kjit: kjit: pc 0xffffac3c4000: installed 532 bytes, 0 fault sites, 2 entries, text 0xffffac3c4000..0xffffac3c4008, fpsimd false
[    4.328925] rust_kjit: kjit: pc 0xffffac3c4000: installed 532 bytes, 0 fault sites, 2 entries, text 0xffffac3c4000..0xffffac3c4008, fpsimd false
[    4.330072] rust_kjit: kjit: pc 0xffffac3c4000: installed 532 bytes, 0 fault sites, 2 entries, text 0xffffac3c4000..0xffffac3c4008, fpsimd false
[    4.331750] rust_kjit: kjit: pc 0xffffac3c4000: installed 532 bytes, 0 fault sites, 2 entries, text 0xffffac3c4000..0xffffac3c4008, fpsimd false
[    4.332852] rust_kjit: kjit: pc 0xffffac3c4000: installed 532 bytes, 0 fault sites, 2 entries, text 0xffffac3c4000..0xffffac3c4008, fpsimd false
[    4.334486] rust_kjit: kjit: pc 0xffffac3c4000: installed 532 bytes, 0 fault sites, 2 entries, text 0xffffac3c4000..0xffffac3c4008, fpsimd false
[    4.335633] rust_kjit: kjit: pc 0xffffac3c4000: installed 532 bytes, 0 fault sites, 2 entries, text 0xffffac3c4000..0xffffac3c4008, fpsimd false
[    4.337226] rust_kjit: kjit: pc 0xffffac3c4000: installed 532 bytes, 0 fault sites, 2 entries, text 0xffffac3c4000..0xffffac3c4008, fpsimd false
[    4.338792] rust_kjit: kjit: pc 0xffffac3c4000: installed 532 bytes, 0 fault sites, 2 entries, text 0xffffac3c4000..0xffffac3c4008, fpsimd false
[    4.339852] rust_kjit: kjit: pc 0xffffac3c4000: installed 532 bytes, 0 fault sites, 2 entries, text 0xffffac3c4000..0xffffac3c4008, fpsimd false
[    4.341427] rust_kjit: kjit: pc 0xffffac3c4000: installed 532 bytes, 0 fault sites, 2 entries, text 0xffffac3c4000..0xffffac3c4008, fpsimd false
[    4.342482] rust_kjit: kjit: pc 0xffffac3c4000: installed 532 bytes, 0 fault sites, 2 entries, text 0xffffac3c4000..0xffffac3c4008, fpsimd false
[    4.343968] rust_kjit: kjit: pc 0xffffac3c4000: installed 532 bytes, 0 fault sites, 2 entries, text 0xffffac3c4000..0xffffac3c4008, fpsimd false
[    4.345096] rust_kjit: kjit: pc 0xffffac3c4000: installed 532 bytes, 0 fault sites, 2 entries, text 0xffffac3c4000..0xffffac3c4008, fpsimd false
[    4.346584] rust_kjit: kjit: pc 0xffffac3c4000: installed 532 bytes, 0 fault sites, 2 entries, text 0xffffac3c4000..0xffffac3c4008, fpsimd false
[    4.347646] rust_kjit: kjit: pc 0xffffac3c4000: installed 532 bytes, 0 fault sites, 2 entries, text 0xffffac3c4000..0xffffac3c4008, fpsimd false
[    4.349262] rust_kjit: kjit: pc 0xffffac3c4000: installed 532 bytes, 0 fault sites, 2 entries, text 0xffffac3c4000..0xffffac3c4008, fpsimd false
[    4.350298] rust_kjit: kjit: pc 0xffffac3c4000: installed 532 bytes, 0 fault sites, 2 entries, text 0xffffac3c4000..0xffffac3c4008, fpsimd false
[    4.352097] rust_kjit: kjit: pc 0xffffac3c4000: installed 532 bytes, 0 fault sites, 2 entries, text 0xffffac3c4000..0xffffac3c4008, fpsimd false
[    4.353209] rust_kjit: kjit: pc 0xffffac3c4000: installed 532 bytes, 0 fault sites, 2 entries, text 0xffffac3c4000..0xffffac3c4008, fpsimd false
[    4.354813] rust_kjit: kjit: pc 0xffffac3c4000: installed 532 bytes, 0 fault sites, 2 entries, text 0xffffac3c4000..0xffffac3c4008, fpsimd false
[    4.355939] rust_kjit: kjit: pc 0xffffac3c4000: installed 532 bytes, 0 fault sites, 2 entries, text 0xffffac3c4000..0xffffac3c4008, fpsimd false
[    4.357520] rust_kjit: kjit: pc 0xffffac3c4000: installed 532 bytes, 0 fault sites, 2 entries, text 0xffffac3c4000..0xffffac3c4008, fpsimd false
[    4.358611] rust_kjit: kjit: pc 0xffffac3c4000: installed 532 bytes, 0 fault sites, 2 entries, text 0xffffac3c4000..0xffffac3c4008, fpsimd false
[    4.360219] rust_kjit: kjit: pc 0xffffac3c4000: installed 532 bytes, 0 fault sites, 2 entries, text 0xffffac3c4000..0xffffac3c4008, fpsimd false
[    4.361353] rust_kjit: kjit: pc 0xffffac3c4000: installed 532 bytes, 0 fault sites, 2 entries, text 0xffffac3c4000..0xffffac3c4008, fpsimd false
[    4.362904] rust_kjit: kjit: pc 0xffffac3c4000: installed 532 bytes, 0 fault sites, 2 entries, text 0xffffac3c4000..0xffffac3c4008, fpsimd false
[    4.364005] rust_kjit: kjit: pc 0xffffac3c4000: installed 532 bytes, 0 fault sites, 2 entries, text 0xffffac3c4000..0xffffac3c4008, fpsimd false
[    4.365546] rust_kjit: kjit: pc 0xffffac3c4000: installed 532 bytes, 0 fault sites, 2 entries, text 0xffffac3c4000..0xffffac3c4008, fpsimd false
[    4.366618] rust_kjit: kjit: pc 0xffffac3c4000: installed 532 bytes, 0 fault sites, 2 entries, text 0xffffac3c4000..0xffffac3c4008, fpsimd false
[    4.368118] rust_kjit: kjit: pc 0xffffac3c4000: installed 532 bytes, 0 fault sites, 2 entries, text 0xffffac3c4000..0xffffac3c4008, fpsimd false
[    4.369352] rust_kjit: kjit: pc 0xffffac3c4000: installed 532 bytes, 0 fault sites, 2 entries, text 0xffffac3c4000..0xffffac3c4008, fpsimd false
[    4.370488] rust_kjit: kjit: pc 0xffffac3c4000: installed 532 bytes, 0 fault sites, 2 entries, text 0xffffac3c4000..0xffffac3c4008, fpsimd false
[    4.372024] rust_kjit: kjit: pc 0xffffac3c4000: installed 532 bytes, 0 fault sites, 2 entries, text 0xffffac3c4000..0xffffac3c4008, fpsimd false
[    4.373156] rust_kjit: kjit: pc 0xffffac3c4000: installed 532 bytes, 0 fault sites, 2 entries, text 0xffffac3c4000..0xffffac3c4008, fpsimd false
[    4.374736] rust_kjit: kjit: pc 0xffffac3c4000: installed 532 bytes, 0 fault sites, 2 entries, text 0xffffac3c4000..0xffffac3c4008, fpsimd false
[    4.375798] rust_kjit: kjit: pc 0xffffac3c4000: installed 532 bytes, 0 fault sites, 2 entries, text 0xffffac3c4000..0xffffac3c4008, fpsimd false
[    4.377422] rust_kjit: kjit: pc 0xffffac3c4000: installed 532 bytes, 0 fault sites, 2 entries, text 0xffffac3c4000..0xffffac3c4008, fpsimd false
[    4.378669] rust_kjit: kjit: pc 0xffffac3c4000: installed 532 bytes, 0 fault sites, 2 entries, text 0xffffac3c4000..0xffffac3c4008, fpsimd false
[    4.380126] rust_kjit: kjit: pc 0xffffac3c4000: installed 532 bytes, 0 fault sites, 2 entries, text 0xffffac3c4000..0xffffac3c4008, fpsimd false
[    4.381747] rust_kjit: kjit: pc 0xffffac3c4000: installed 532 bytes, 0 fault sites, 2 entries, text 0xffffac3c4000..0xffffac3c4008, fpsimd false
[    4.383317] rust_kjit: kjit: pc 0xffffac3c4000: installed 532 bytes, 0 fault sites, 2 entries, text 0xffffac3c4000..0xffffac3c4008, fpsimd false
[    4.384350] rust_kjit: kjit: pc 0xffffac3c4000: installed 532 bytes, 0 fault sites, 2 entries, text 0xffffac3c4000..0xffffac3c4008, fpsimd false
[    4.385895] rust_kjit: kjit: pc 0xffffac3c4000: installed 532 bytes, 0 fault sites, 2 entries, text 0xffffac3c4000..0xffffac3c4008, fpsimd false
[    4.387211] rust_kjit: kjit: pc 0xffffac3c4000: installed 532 bytes, 0 fault sites, 2 entries, text 0xffffac3c4000..0xffffac3c4008, fpsimd false
[    4.388981] rust_kjit: kjit: pc 0xffffac3c4000: installed 532 bytes, 0 fault sites, 2 entries, text 0xffffac3c4000..0xffffac3c4008, fpsimd false
[    4.390573] rust_kjit: kjit: pc 0xffffac3c4000: installed 532 bytes, 0 fault sites, 2 entries, text 0xffffac3c4000..0xffffac3c4008, fpsimd false
[    4.392106] rust_kjit: kjit: pc 0xffffac3c4000: installed 532 bytes, 0 fault sites, 2 entries, text 0xffffac3c4000..0xffffac3c4008, fpsimd false
[    4.393655] rust_kjit: kjit: pc 0xffffac3c4000: installed 532 bytes, 0 fault sites, 2 entries, text 0xffffac3c4000..0xffffac3c4008, fpsimd false
[    4.395399] rust_kjit: kjit: pc 0xffffac3c4000: installed 532 bytes, 0 fault sites, 2 entries, text 0xffffac3c4000..0xffffac3c4008, fpsimd false
[    4.396971] rust_kjit: kjit: pc 0xffffac3c4000: installed 532 bytes, 0 fault sites, 2 entries, text 0xffffac3c4000..0xffffac3c4008, fpsimd false
[    4.398483] rust_kjit: kjit: pc 0xffffac3c4000: installed 532 bytes, 0 fault sites, 2 entries, text 0xffffac3c4000..0xffffac3c4008, fpsimd false
[    4.399619] rust_kjit: kjit: pc 0xffffac3c4000: installed 532 bytes, 0 fault sites, 2 entries, text 0xffffac3c4000..0xffffac3c4008, fpsimd false
[    4.401156] rust_kjit: kjit: pc 0xffffac3c4000: installed 532 bytes, 0 fault sites, 2 entries, text 0xffffac3c4000..0xffffac3c4008, fpsimd false
[    4.402228] rust_kjit: kjit: pc 0xffffac3c4000: installed 532 bytes, 0 fault sites, 2 entries, text 0xffffac3c4000..0xffffac3c4008, fpsimd false
[    4.404200] rust_kjit: kjit: pc 0xffffac3c4000: installed 532 bytes, 0 fault sites, 2 entries, text 0xffffac3c4000..0xffffac3c4008, fpsimd false
[    4.405302] rust_kjit: kjit: pc 0xffffac3c4000: installed 532 bytes, 0 fault sites, 2 entries, text 0xffffac3c4000..0xffffac3c4008, fpsimd false
[    4.406819] rust_kjit: kjit: pc 0xffffac3c4000: installed 532 bytes, 0 fault sites, 2 entries, text 0xffffac3c4000..0xffffac3c4008, fpsimd false
[    4.407927] rust_kjit: kjit: pc 0xffffac3c4000: installed 532 bytes, 0 fault sites, 2 entries, text 0xffffac3c4000..0xffffac3c4008, fpsimd false
[    4.409490] rust_kjit: kjit: pc 0xffffac3c4000: installed 532 bytes, 0 fault sites, 2 entries, text 0xffffac3c4000..0xffffac3c4008, fpsimd false
[    4.410517] rust_kjit: kjit: pc 0xffffac3c4000: installed 532 bytes, 0 fault sites, 2 entries, text 0xffffac3c4000..0xffffac3c4008, fpsimd false
[    4.412096] rust_kjit: kjit: pc 0xffffac3c4000: installed 532 bytes, 0 fault sites, 2 entries, text 0xffffac3c4000..0xffffac3c4008, fpsimd false
[    4.413238] rust_kjit: kjit: pc 0xffffac3c4000: installed 532 bytes, 0 fault sites, 2 entries, text 0xffffac3c4000..0xffffac3c4008, fpsimd false
[    4.414777] rust_kjit: kjit: pc 0xffffac3c4000: installed 532 bytes, 0 fault sites, 2 entries, text 0xffffac3c4000..0xffffac3c4008, fpsimd false
[    4.415923] rust_kjit: kjit: pc 0xffffac3c4000: installed 532 bytes, 0 fault sites, 2 entries, text 0xffffac3c4000..0xffffac3c4008, fpsimd false
[    4.417447] rust_kjit: kjit: pc 0xffffac3c4000: installed 532 bytes, 0 fault sites, 2 entries, text 0xffffac3c4000..0xffffac3c4008, fpsimd false
[    4.418554] rust_kjit: kjit: pc 0xffffac3c4000: installed 532 bytes, 0 fault sites, 2 entries, text 0xffffac3c4000..0xffffac3c4008, fpsimd false
[    4.420180] rust_kjit: kjit: pc 0xffffac3c4000: installed 532 bytes, 0 fault sites, 2 entries, text 0xffffac3c4000..0xffffac3c4008, fpsimd false
[    4.421216] rust_kjit: kjit: pc 0xffffac3c4000: installed 532 bytes, 0 fault sites, 2 entries, text 0xffffac3c4000..0xffffac3c4008, fpsimd false
[    4.422763] rust_kjit: kjit: pc 0xffffac3c4000: installed 532 bytes, 0 fault sites, 2 entries, text 0xffffac3c4000..0xffffac3c4008, fpsimd false
[    4.423933] rust_kjit: kjit: pc 0xffffac3c4000: installed 532 bytes, 0 fault sites, 2 entries, text 0xffffac3c4000..0xffffac3c4008, fpsimd false
[    4.425422] rust_kjit: kjit: pc 0xffffac3c4000: installed 532 bytes, 0 fault sites, 2 entries, text 0xffffac3c4000..0xffffac3c4008, fpsimd false
[    4.426516] rust_kjit: kjit: pc 0xffffac3c4000: installed 532 bytes, 0 fault sites, 2 entries, text 0xffffac3c4000..0xffffac3c4008, fpsimd false
[    4.428040] rust_kjit: kjit: pc 0xffffac3c4000: installed 532 bytes, 0 fault sites, 2 entries, text 0xffffac3c4000..0xffffac3c4008, fpsimd false
[    4.429619] rust_kjit: kjit: pc 0xffffac3c4000: installed 532 bytes, 0 fault sites, 2 entries, text 0xffffac3c4000..0xffffac3c4008, fpsimd false
[    4.430704] rust_kjit: kjit: pc 0xffffac3c4000: installed 532 bytes, 0 fault sites, 2 entries, text 0xffffac3c4000..0xffffac3c4008, fpsimd false
[    4.432313] rust_kjit: kjit: pc 0xffffac3c4000: installed 532 bytes, 0 fault sites, 2 entries, text 0xffffac3c4000..0xffffac3c4008, fpsimd false
[    4.433424] rust_kjit: kjit: pc 0xffffac3c4000: installed 532 bytes, 0 fault sites, 2 entries, text 0xffffac3c4000..0xffffac3c4008, fpsimd false
[    4.434859] rust_kjit: kjit: pc 0xffffac3c4000: installed 532 bytes, 0 fault sites, 2 entries, text 0xffffac3c4000..0xffffac3c4008, fpsimd false
[    4.435989] rust_kjit: kjit: pc 0xffffac3c4000: installed 532 bytes, 0 fault sites, 2 entries, text 0xffffac3c4000..0xffffac3c4008, fpsimd false
[    4.437468] rust_kjit: kjit: pc 0xffffac3c4000: installed 532 bytes, 0 fault sites, 2 entries, text 0xffffac3c4000..0xffffac3c4008, fpsimd false
[    4.438595] rust_kjit: kjit: pc 0xffffac3c4000: installed 532 bytes, 0 fault sites, 2 entries, text 0xffffac3c4000..0xffffac3c4008, fpsimd false
[    4.440145] rust_kjit: kjit: pc 0xffffac3c4000: installed 532 bytes, 0 fault sites, 2 entries, text 0xffffac3c4000..0xffffac3c4008, fpsimd false
[    4.441743] rust_kjit: kjit: pc 0xffffac3c4000: installed 532 bytes, 0 fault sites, 2 entries, text 0xffffac3c4000..0xffffac3c4008, fpsimd false
[    4.443310] rust_kjit: kjit: pc 0xffffac3c4000: installed 532 bytes, 0 fault sites, 2 entries, text 0xffffac3c4000..0xffffac3c4008, fpsimd false
[    4.444991] rust_kjit: kjit: pc 0xffffac3c4000: installed 532 bytes, 0 fault sites, 2 entries, text 0xffffac3c4000..0xffffac3c4008, fpsimd false
[    4.446035] rust_kjit: kjit: pc 0xffffac3c4000: installed 532 bytes, 0 fault sites, 2 entries, text 0xffffac3c4000..0xffffac3c4008, fpsimd false
[    4.447720] rust_kjit: kjit: pc 0xffffac3c4000: installed 532 bytes, 0 fault sites, 2 entries, text 0xffffac3c4000..0xffffac3c4008, fpsimd false
[    4.448827] rust_kjit: kjit: pc 0xffffac3c4000: installed 532 bytes, 0 fault sites, 2 entries, text 0xffffac3c4000..0xffffac3c4008, fpsimd false
[    4.450254] rust_kjit: kjit: pc 0xffffac3c4000: installed 532 bytes, 0 fault sites, 2 entries, text 0xffffac3c4000..0xffffac3c4008, fpsimd false
[    4.451512] rust_kjit: kjit: pc 0xffffac3c4000: installed 532 bytes, 0 fault sites, 2 entries, text 0xffffac3c4000..0xffffac3c4008, fpsimd false
[    4.453204] rust_kjit: kjit: pc 0xffffac3c4000: installed 532 bytes, 0 fault sites, 2 entries, text 0xffffac3c4000..0xffffac3c4008, fpsimd false
[    4.454711] rust_kjit: kjit: pc 0xffffac3c4000: installed 532 bytes, 0 fault sites, 2 entries, text 0xffffac3c4000..0xffffac3c4008, fpsimd false
[    4.455754] rust_kjit: kjit: pc 0xffffac3c4000: installed 532 bytes, 0 fault sites, 2 entries, text 0xffffac3c4000..0xffffac3c4008, fpsimd false
[    4.457319] rust_kjit: kjit: pc 0xffffac3c4000: installed 532 bytes, 0 fault sites, 2 entries, text 0xffffac3c4000..0xffffac3c4008, fpsimd false
[    4.458499] rust_kjit: kjit: pc 0xffffac3c4000: installed 532 bytes, 0 fault sites, 2 entries, text 0xffffac3c4000..0xffffac3c4008, fpsimd false
[    4.460062] rust_kjit: kjit: pc 0xffffac3c4000: installed 532 bytes, 0 fault sites, 2 entries, text 0xffffac3c4000..0xffffac3c4008, fpsimd false
[    4.461239] rust_kjit: kjit: pc 0xffffac3c4000: installed 532 bytes, 0 fault sites, 2 entries, text 0xffffac3c4000..0xffffac3c4008, fpsimd false
[    4.462833] rust_kjit: kjit: pc 0xffffac3c4000: installed 532 bytes, 0 fault sites, 2 entries, text 0xffffac3c4000..0xffffac3c4008, fpsimd false
[    4.463897] rust_kjit: kjit: pc 0xffffac3c4000: installed 532 bytes, 0 fault sites, 2 entries, text 0xffffac3c4000..0xffffac3c4008, fpsimd false
[    4.465473] rust_kjit: kjit: pc 0xffffac3c4000: installed 532 bytes, 0 fault sites, 2 entries, text 0xffffac3c4000..0xffffac3c4008, fpsimd false
[    4.466591] rust_kjit: kjit: pc 0xffffac3c4000: installed 532 bytes, 0 fault sites, 2 entries, text 0xffffac3c4000..0xffffac3c4008, fpsimd false
[    4.468149] rust_kjit: kjit: pc 0xffffac3c4000: installed 532 bytes, 0 fault sites, 2 entries, text 0xffffac3c4000..0xffffac3c4008, fpsimd false
[    4.469259] rust_kjit: kjit: pc 0xffffac3c4000: installed 532 bytes, 0 fault sites, 2 entries, text 0xffffac3c4000..0xffffac3c4008, fpsimd false
[    4.470877] rust_kjit: kjit: pc 0xffffac3c4000: installed 532 bytes, 0 fault sites, 2 entries, text 0xffffac3c4000..0xffffac3c4008, fpsimd false
[    4.471951] rust_kjit: kjit: pc 0xffffac3c4000: installed 532 bytes, 0 fault sites, 2 entries, text 0xffffac3c4000..0xffffac3c4008, fpsimd false
[    4.473523] rust_kjit: kjit: pc 0xffffac3c4000: installed 532 bytes, 0 fault sites, 2 entries, text 0xffffac3c4000..0xffffac3c4008, fpsimd false
[    4.474649] rust_kjit: kjit: pc 0xffffac3c4000: installed 532 bytes, 0 fault sites, 2 entries, text 0xffffac3c4000..0xffffac3c4008, fpsimd false
[    4.476204] rust_kjit: kjit: pc 0xffffac3c4000: installed 532 bytes, 0 fault sites, 2 entries, text 0xffffac3c4000..0xffffac3c4008, fpsimd false
[    4.477308] rust_kjit: kjit: pc 0xffffac3c4000: installed 532 bytes, 0 fault sites, 2 entries, text 0xffffac3c4000..0xffffac3c4008, fpsimd false
[    4.478832] rust_kjit: kjit: pc 0xffffac3c4000: installed 532 bytes, 0 fault sites, 2 entries, text 0xffffac3c4000..0xffffac3c4008, fpsimd false
[    4.480013] rust_kjit: kjit: pc 0xffffac3c4000: installed 532 bytes, 0 fault sites, 2 entries, text 0xffffac3c4000..0xffffac3c4008, fpsimd false
[    4.481602] rust_kjit: kjit: pc 0xffffac3c4000: installed 532 bytes, 0 fault sites, 2 entries, text 0xffffac3c4000..0xffffac3c4008, fpsimd false
[    4.482630] rust_kjit: kjit: pc 0xffffac3c4000: installed 532 bytes, 0 fault sites, 2 entries, text 0xffffac3c4000..0xffffac3c4008, fpsimd false
[    4.484120] rust_kjit: kjit: pc 0xffffac3c4000: installed 532 bytes, 0 fault sites, 2 entries, text 0xffffac3c4000..0xffffac3c4008, fpsimd false
[    4.485257] rust_kjit: kjit: pc 0xffffac3c4000: installed 532 bytes, 0 fault sites, 2 entries, text 0xffffac3c4000..0xffffac3c4008, fpsimd false
[    4.486936] rust_kjit: kjit: pc 0xffffac3c4000: installed 532 bytes, 0 fault sites, 2 entries, text 0xffffac3c4000..0xffffac3c4008, fpsimd false
[    4.488133] rust_kjit: kjit: pc 0xffffac3c4000: installed 532 bytes, 0 fault sites, 2 entries, text 0xffffac3c4000..0xffffac3c4008, fpsimd false
[    4.489675] rust_kjit: kjit: pc 0xffffac3c4000: installed 532 bytes, 0 fault sites, 2 entries, text 0xffffac3c4000..0xffffac3c4008, fpsimd false
[    4.490799] rust_kjit: kjit: pc 0xffffac3c4000: installed 532 bytes, 0 fault sites, 2 entries, text 0xffffac3c4000..0xffffac3c4008, fpsimd false
[    4.492278] rust_kjit: kjit: pc 0xffffac3c4000: installed 532 bytes, 0 fault sites, 2 entries, text 0xffffac3c4000..0xffffac3c4008, fpsimd false
[    4.493497] rust_kjit: kjit: pc 0xffffac3c4000: installed 532 bytes, 0 fault sites, 2 entries, text 0xffffac3c4000..0xffffac3c4008, fpsimd false
[    4.495218] rust_kjit: kjit: pc 0xffffac3c4000: installed 532 bytes, 0 fault sites, 2 entries, text 0xffffac3c4000..0xffffac3c4008, fpsimd false
[    4.496265] rust_kjit: kjit: pc 0xffffac3c4000: installed 532 bytes, 0 fault sites, 2 entries, text 0xffffac3c4000..0xffffac3c4008, fpsimd false
[    4.497814] rust_kjit: kjit: pc 0xffffac3c4000: installed 532 bytes, 0 fault sites, 2 entries, text 0xffffac3c4000..0xffffac3c4008, fpsimd false
[    4.498881] rust_kjit: kjit: pc 0xffffac3c4000: installed 532 bytes, 0 fault sites, 2 entries, text 0xffffac3c4000..0xffffac3c4008, fpsimd false
[    4.500364] rust_kjit: kjit: pc 0xffffac3c4000: installed 532 bytes, 0 fault sites, 2 entries, text 0xffffac3c4000..0xffffac3c4008, fpsimd false
[    4.501460] rust_kjit: kjit: pc 0xffffac3c4000: installed 532 bytes, 0 fault sites, 2 entries, text 0xffffac3c4000..0xffffac3c4008, fpsimd false
[    4.503002] rust_kjit: kjit: pc 0xffffac3c4000: installed 532 bytes, 0 fault sites, 2 entries, text 0xffffac3c4000..0xffffac3c4008, fpsimd false
[    4.504080] rust_kjit: kjit: pc 0xffffac3c4000: installed 532 bytes, 0 fault sites, 2 entries, text 0xffffac3c4000..0xffffac3c4008, fpsimd false
[    4.505604] rust_kjit: kjit: pc 0xffffac3c4000: installed 532 bytes, 0 fault sites, 2 entries, text 0xffffac3c4000..0xffffac3c4008, fpsimd false
[    4.506667] rust_kjit: kjit: pc 0xffffac3c4000: installed 532 bytes, 0 fault sites, 2 entries, text 0xffffac3c4000..0xffffac3c4008, fpsimd false
[    4.508154] rust_kjit: kjit: pc 0xffffac3c4000: installed 532 bytes, 0 fault sites, 2 entries, text 0xffffac3c4000..0xffffac3c4008, fpsimd false
[    4.509282] rust_kjit: kjit: pc 0xffffac3c4000: installed 532 bytes, 0 fault sites, 2 entries, text 0xffffac3c4000..0xffffac3c4008, fpsimd false
[    4.510874] rust_kjit: kjit: pc 0xffffac3c4000: installed 532 bytes, 0 fault sites, 2 entries, text 0xffffac3c4000..0xffffac3c4008, fpsimd false
[    4.511930] rust_kjit: kjit: pc 0xffffac3c4000: installed 532 bytes, 0 fault sites, 2 entries, text 0xffffac3c4000..0xffffac3c4008, fpsimd false
[    4.513610] rust_kjit: kjit: pc 0xffffac3c4000: installed 532 bytes, 0 fault sites, 2 entries, text 0xffffac3c4000..0xffffac3c4008, fpsimd false
[    4.514669] rust_kjit: kjit: pc 0xffffac3c4000: installed 532 bytes, 0 fault sites, 2 entries, text 0xffffac3c4000..0xffffac3c4008, fpsimd false
[    4.516234] rust_kjit: kjit: pc 0xffffac3c4000: installed 532 bytes, 0 fault sites, 2 entries, text 0xffffac3c4000..0xffffac3c4008, fpsimd false
[    4.517423] rust_kjit: kjit: pc 0xffffac3c4000: installed 532 bytes, 0 fault sites, 2 entries, text 0xffffac3c4000..0xffffac3c4008, fpsimd false
[    4.518915] rust_kjit: kjit: pc 0xffffac3c4000: installed 532 bytes, 0 fault sites, 2 entries, text 0xffffac3c4000..0xffffac3c4008, fpsimd false
[    4.519976] rust_kjit: kjit: pc 0xffffac3c4000: installed 532 bytes, 0 fault sites, 2 entries, text 0xffffac3c4000..0xffffac3c4008, fpsimd false
[    4.521533] rust_kjit: kjit: pc 0xffffac3c4000: installed 532 bytes, 0 fault sites, 2 entries, text 0xffffac3c4000..0xffffac3c4008, fpsimd false
[    4.522614] rust_kjit: kjit: pc 0xffffac3c4000: installed 532 bytes, 0 fault sites, 2 entries, text 0xffffac3c4000..0xffffac3c4008, fpsimd false
[    4.524172] rust_kjit: kjit: pc 0xffffac3c4000: installed 532 bytes, 0 fault sites, 2 entries, text 0xffffac3c4000..0xffffac3c4008, fpsimd false
[    4.525765] rust_kjit: kjit: pc 0xffffac3c4000: installed 532 bytes, 0 fault sites, 2 entries, text 0xffffac3c4000..0xffffac3c4008, fpsimd false
[    4.526864] rust_kjit: kjit: pc 0xffffac3c4000: installed 532 bytes, 0 fault sites, 2 entries, text 0xffffac3c4000..0xffffac3c4008, fpsimd false
[    4.528701] rust_kjit: kjit: pc 0xffffac3c4000: installed 532 bytes, 0 fault sites, 2 entries, text 0xffffac3c4000..0xffffac3c4008, fpsimd false
[    4.529850] rust_kjit: kjit: pc 0xffffac3c4000: installed 532 bytes, 0 fault sites, 2 entries, text 0xffffac3c4000..0xffffac3c4008, fpsimd false
[    4.531482] rust_kjit: kjit: pc 0xffffac3c4000: installed 532 bytes, 0 fault sites, 2 entries, text 0xffffac3c4000..0xffffac3c4008, fpsimd false
[    4.532596] rust_kjit: kjit: pc 0xffffac3c4000: installed 532 bytes, 0 fault sites, 2 entries, text 0xffffac3c4000..0xffffac3c4008, fpsimd false
[    4.534310] rust_kjit: kjit: pc 0xffffac3c4000: installed 532 bytes, 0 fault sites, 2 entries, text 0xffffac3c4000..0xffffac3c4008, fpsimd false
[    4.535604] rust_kjit: kjit: pc 0xffffac3c4000: installed 532 bytes, 0 fault sites, 2 entries, text 0xffffac3c4000..0xffffac3c4008, fpsimd false
[    4.537222] rust_kjit: kjit: pc 0xffffac3c4000: installed 532 bytes, 0 fault sites, 2 entries, text 0xffffac3c4000..0xffffac3c4008, fpsimd false
[    4.538805] rust_kjit: kjit: pc 0xffffac3c4000: installed 532 bytes, 0 fault sites, 2 entries, text 0xffffac3c4000..0xffffac3c4008, fpsimd false
[    4.540384] rust_kjit: kjit: pc 0xffffac3c4000: installed 532 bytes, 0 fault sites, 2 entries, text 0xffffac3c4000..0xffffac3c4008, fpsimd false
[    4.541920] rust_kjit: kjit: pc 0xffffac3c4000: installed 532 bytes, 0 fault sites, 2 entries, text 0xffffac3c4000..0xffffac3c4008, fpsimd false
[    4.543675] rust_kjit: kjit: pc 0xffffac3c4000: installed 532 bytes, 0 fault sites, 2 entries, text 0xffffac3c4000..0xffffac3c4008, fpsimd false
[    4.545328] rust_kjit: kjit: pc 0xffffac3c4000: installed 532 bytes, 0 fault sites, 2 entries, text 0xffffac3c4000..0xffffac3c4008, fpsimd false
[    4.546846] rust_kjit: kjit: pc 0xffffac3c4000: installed 532 bytes, 0 fault sites, 2 entries, text 0xffffac3c4000..0xffffac3c4008, fpsimd false
[    4.547998] rust_kjit: kjit: pc 0xffffac3c4000: installed 532 bytes, 0 fault sites, 2 entries, text 0xffffac3c4000..0xffffac3c4008, fpsimd false
[    4.549571] rust_kjit: kjit: pc 0xffffac3c4000: installed 532 bytes, 0 fault sites, 2 entries, text 0xffffac3c4000..0xffffac3c4008, fpsimd false
[    4.550632] rust_kjit: kjit: pc 0xffffac3c4000: installed 532 bytes, 0 fault sites, 2 entries, text 0xffffac3c4000..0xffffac3c4008, fpsimd false
[    4.551722] rust_kjit: kjit: pc 0xffffac3c4000: installed 532 bytes, 0 fault sites, 2 entries, text 0xffffac3c4000..0xffffac3c4008, fpsimd false
[    4.553394] rust_kjit: kjit: pc 0xffffac3c4000: installed 532 bytes, 0 fault sites, 2 entries, text 0xffffac3c4000..0xffffac3c4008, fpsimd false
[    4.554548] rust_kjit: kjit: pc 0xffffac3c4000: installed 532 bytes, 0 fault sites, 2 entries, text 0xffffac3c4000..0xffffac3c4008, fpsimd false
[    4.556156] rust_kjit: kjit: pc 0xffffac3c4000: installed 532 bytes, 0 fault sites, 2 entries, text 0xffffac3c4000..0xffffac3c4008, fpsimd false
[    4.557211] rust_kjit: kjit: pc 0xffffac3c4000: installed 532 bytes, 0 fault sites, 2 entries, text 0xffffac3c4000..0xffffac3c4008, fpsimd false
[    4.558689] rust_kjit: kjit: pc 0xffffac3c4000: installed 532 bytes, 0 fault sites, 2 entries, text 0xffffac3c4000..0xffffac3c4008, fpsimd false
[    4.559760] rust_kjit: kjit: pc 0xffffac3c4000: installed 532 bytes, 0 fault sites, 2 entries, text 0xffffac3c4000..0xffffac3c4008, fpsimd false
[    4.561247] rust_kjit: kjit: pc 0xffffac3c4000: installed 532 bytes, 0 fault sites, 2 entries, text 0xffffac3c4000..0xffffac3c4008, fpsimd false
[    4.562419] rust_kjit: kjit: pc 0xffffac3c4000: installed 532 bytes, 0 fault sites, 2 entries, text 0xffffac3c4000..0xffffac3c4008, fpsimd false
[    4.564044] rust_kjit: kjit: pc 0xffffac3c4000: installed 532 bytes, 0 fault sites, 2 entries, text 0xffffac3c4000..0xffffac3c4008, fpsimd false
[    4.565072] rust_kjit: kjit: pc 0xffffac3c4000: installed 532 bytes, 0 fault sites, 2 entries, text 0xffffac3c4000..0xffffac3c4008, fpsimd false
[    4.566603] rust_kjit: kjit: pc 0xffffac3c4000: installed 532 bytes, 0 fault sites, 2 entries, text 0xffffac3c4000..0xffffac3c4008, fpsimd false
[    4.567685] rust_kjit: kjit: pc 0xffffac3c4000: installed 532 bytes, 0 fault sites, 2 entries, text 0xffffac3c4000..0xffffac3c4008, fpsimd false
[    4.569263] rust_kjit: kjit: pc 0xffffac3c4000: installed 532 bytes, 0 fault sites, 2 entries, text 0xffffac3c4000..0xffffac3c4008, fpsimd false
[    4.570293] rust_kjit: kjit: pc 0xffffac3c4000: installed 532 bytes, 0 fault sites, 2 entries, text 0xffffac3c4000..0xffffac3c4008, fpsimd false
[    4.572052] rust_kjit: kjit: pc 0xffffac3c4000: installed 532 bytes, 0 fault sites, 2 entries, text 0xffffac3c4000..0xffffac3c4008, fpsimd false
[    4.573061] rust_kjit: kjit: pc 0xffffac3c4000: installed 532 bytes, 0 fault sites, 2 entries, text 0xffffac3c4000..0xffffac3c4008, fpsimd false
[    4.574531] rust_kjit: kjit: pc 0xffffac3c4000: installed 532 bytes, 0 fault sites, 2 entries, text 0xffffac3c4000..0xffffac3c4008, fpsimd false
[    4.575717] rust_kjit: kjit: pc 0xffffac3c4000: installed 532 bytes, 0 fault sites, 2 entries, text 0xffffac3c4000..0xffffac3c4008, fpsimd false
[    4.577216] rust_kjit: kjit: pc 0xffffac3c4000: installed 532 bytes, 0 fault sites, 2 entries, text 0xffffac3c4000..0xffffac3c4008, fpsimd false
[    4.578258] rust_kjit: kjit: pc 0xffffac3c4000: installed 532 bytes, 0 fault sites, 2 entries, text 0xffffac3c4000..0xffffac3c4008, fpsimd false
[    4.580027] rust_kjit: kjit: pc 0xffffac3c4000: installed 532 bytes, 0 fault sites, 2 entries, text 0xffffac3c4000..0xffffac3c4008, fpsimd false
[    4.581075] rust_kjit: kjit: pc 0xffffac3c4000: installed 532 bytes, 0 fault sites, 2 entries, text 0xffffac3c4000..0xffffac3c4008, fpsimd false
[    4.582603] rust_kjit: kjit: pc 0xffffac3c4000: installed 532 bytes, 0 fault sites, 2 entries, text 0xffffac3c4000..0xffffac3c4008, fpsimd false
[    4.583665] rust_kjit: kjit: pc 0xffffac3c4000: installed 532 bytes, 0 fault sites, 2 entries, text 0xffffac3c4000..0xffffac3c4008, fpsimd false
[    4.585192] rust_kjit: kjit: pc 0xffffac3c4000: installed 532 bytes, 0 fault sites, 2 entries, text 0xffffac3c4000..0xffffac3c4008, fpsimd false
[    4.586278] rust_kjit: kjit: pc 0xffffac3c4000: installed 532 bytes, 0 fault sites, 2 entries, text 0xffffac3c4000..0xffffac3c4008, fpsimd false
[    4.587508] rust_kjit: kjit: pc 0xffffac3c4000: installed 532 bytes, 0 fault sites, 2 entries, text 0xffffac3c4000..0xffffac3c4008, fpsimd false
[    4.589059] rust_kjit: kjit: pc 0xffffac3c4000: installed 532 bytes, 0 fault sites, 2 entries, text 0xffffac3c4000..0xffffac3c4008, fpsimd false
[    4.590599] rust_kjit: kjit: pc 0xffffac3c4000: installed 532 bytes, 0 fault sites, 2 entries, text 0xffffac3c4000..0xffffac3c4008, fpsimd false
[    4.592139] rust_kjit: kjit: pc 0xffffac3c4000: installed 532 bytes, 0 fault sites, 2 entries, text 0xffffac3c4000..0xffffac3c4008, fpsimd false
[    4.593682] rust_kjit: kjit: pc 0xffffac3c4000: installed 532 bytes, 0 fault sites, 2 entries, text 0xffffac3c4000..0xffffac3c4008, fpsimd false
[    4.595318] rust_kjit: kjit: pc 0xffffac3c4000: installed 532 bytes, 0 fault sites, 2 entries, text 0xffffac3c4000..0xffffac3c4008, fpsimd false
[    4.596514] rust_kjit: kjit: pc 0xffffac3c4000: installed 532 bytes, 0 fault sites, 2 entries, text 0xffffac3c4000..0xffffac3c4008, fpsimd false
[    4.598083] rust_kjit: kjit: pc 0xffffac3c4000: installed 532 bytes, 0 fault sites, 2 entries, text 0xffffac3c4000..0xffffac3c4008, fpsimd false
[    4.599368] rust_kjit: kjit: pc 0xffffac3c4000: installed 532 bytes, 0 fault sites, 2 entries, text 0xffffac3c4000..0xffffac3c4008, fpsimd false
[    4.600876] rust_kjit: kjit: pc 0xffffac3c4000: installed 532 bytes, 0 fault sites, 2 entries, text 0xffffac3c4000..0xffffac3c4008, fpsimd false
[    4.601923] rust_kjit: kjit: pc 0xffffac3c4000: installed 532 bytes, 0 fault sites, 2 entries, text 0xffffac3c4000..0xffffac3c4008, fpsimd false
[    4.603541] rust_kjit: kjit: pc 0xffffac3c4000: installed 532 bytes, 0 fault sites, 2 entries, text 0xffffac3c4000..0xffffac3c4008, fpsimd false
[    4.604674] rust_kjit: kjit: pc 0xffffac3c4000: installed 532 bytes, 0 fault sites, 2 entries, text 0xffffac3c4000..0xffffac3c4008, fpsimd false
[    4.606269] rust_kjit: kjit: pc 0xffffac3c4000: installed 532 bytes, 0 fault sites, 2 entries, text 0xffffac3c4000..0xffffac3c4008, fpsimd false
[    4.607468] rust_kjit: kjit: pc 0xffffac3c4000: installed 532 bytes, 0 fault sites, 2 entries, text 0xffffac3c4000..0xffffac3c4008, fpsimd false
[    4.609017] rust_kjit: kjit: pc 0xffffac3c4000: installed 532 bytes, 0 fault sites, 2 entries, text 0xffffac3c4000..0xffffac3c4008, fpsimd false
[    4.610677] rust_kjit: kjit: pc 0xffffac3c4000: installed 532 bytes, 0 fault sites, 2 entries, text 0xffffac3c4000..0xffffac3c4008, fpsimd false
[    4.611714] rust_kjit: kjit: pc 0xffffac3c4000: installed 532 bytes, 0 fault sites, 2 entries, text 0xffffac3c4000..0xffffac3c4008, fpsimd false
[    4.613291] rust_kjit: kjit: pc 0xffffac3c4000: installed 532 bytes, 0 fault sites, 2 entries, text 0xffffac3c4000..0xffffac3c4008, fpsimd false
[    4.614496] rust_kjit: kjit: pc 0xffffac3c4000: installed 532 bytes, 0 fault sites, 2 entries, text 0xffffac3c4000..0xffffac3c4008, fpsimd false
[    4.616026] rust_kjit: kjit: pc 0xffffac3c4000: installed 532 bytes, 0 fault sites, 2 entries, text 0xffffac3c4000..0xffffac3c4008, fpsimd false
[    4.617177] rust_kjit: kjit: pc 0xffffac3c4000: installed 532 bytes, 0 fault sites, 2 entries, text 0xffffac3c4000..0xffffac3c4008, fpsimd false
[    4.618699] rust_kjit: kjit: pc 0xffffac3c4000: installed 532 bytes, 0 fault sites, 2 entries, text 0xffffac3c4000..0xffffac3c4008, fpsimd false
[    4.619946] rust_kjit: kjit: pc 0xffffac3c4000: installed 532 bytes, 0 fault sites, 2 entries, text 0xffffac3c4000..0xffffac3c4008, fpsimd false
[    4.621520] rust_kjit: kjit: pc 0xffffac3c4000: installed 532 bytes, 0 fault sites, 2 entries, text 0xffffac3c4000..0xffffac3c4008, fpsimd false
[    4.622999] rust_kjit: kjit: pc 0xffffac3c4000: installed 532 bytes, 0 fault sites, 2 entries, text 0xffffac3c4000..0xffffac3c4008, fpsimd false
[    4.624089] rust_kjit: kjit: pc 0xffffac3c4000: installed 532 bytes, 0 fault sites, 2 entries, text 0xffffac3c4000..0xffffac3c4008, fpsimd false
[    4.625641] rust_kjit: kjit: pc 0xffffac3c4000: installed 532 bytes, 0 fault sites, 2 entries, text 0xffffac3c4000..0xffffac3c4008, fpsimd false
[    4.626726] rust_kjit: kjit: pc 0xffffac3c4000: installed 532 bytes, 0 fault sites, 2 entries, text 0xffffac3c4000..0xffffac3c4008, fpsimd false
[    4.628282] rust_kjit: kjit: pc 0xffffac3c4000: installed 532 bytes, 0 fault sites, 2 entries, text 0xffffac3c4000..0xffffac3c4008, fpsimd false
[    4.629383] rust_kjit: kjit: pc 0xffffac3c4000: installed 532 bytes, 0 fault sites, 2 entries, text 0xffffac3c4000..0xffffac3c4008, fpsimd false
[    4.631062] rust_kjit: kjit: pc 0xffffac3c4000: installed 532 bytes, 0 fault sites, 2 entries, text 0xffffac3c4000..0xffffac3c4008, fpsimd false
[    4.632624] rust_kjit: kjit: pc 0xffffac3c4000: installed 532 bytes, 0 fault sites, 2 entries, text 0xffffac3c4000..0xffffac3c4008, fpsimd false
[    4.633692] rust_kjit: kjit: pc 0xffffac3c4000: installed 532 bytes, 0 fault sites, 2 entries, text 0xffffac3c4000..0xffffac3c4008, fpsimd false
[    4.635214] rust_kjit: kjit: pc 0xffffac3c4000: installed 532 bytes, 0 fault sites, 2 entries, text 0xffffac3c4000..0xffffac3c4008, fpsimd false
[    4.636409] rust_kjit: kjit: pc 0xffffac3c4000: installed 532 bytes, 0 fault sites, 2 entries, text 0xffffac3c4000..0xffffac3c4008, fpsimd false
[    4.637917] rust_kjit: kjit: pc 0xffffac3c4000: installed 532 bytes, 0 fault sites, 2 entries, text 0xffffac3c4000..0xffffac3c4008, fpsimd false
[    4.639242] rust_kjit: kjit: pc 0xffffac3c4000: installed 532 bytes, 0 fault sites, 2 entries, text 0xffffac3c4000..0xffffac3c4008, fpsimd false
[    4.640788] rust_kjit: kjit: pc 0xffffac3c4000: installed 532 bytes, 0 fault sites, 2 entries, text 0xffffac3c4000..0xffffac3c4008, fpsimd false
[    4.642324] rust_kjit: kjit: pc 0xffffac3c4000: installed 532 bytes, 0 fault sites, 2 entries, text 0xffffac3c4000..0xffffac3c4008, fpsimd false
[    4.643970] rust_kjit: kjit: pc 0xffffac3c4000: installed 532 bytes, 0 fault sites, 2 entries, text 0xffffac3c4000..0xffffac3c4008, fpsimd false
[    4.645549] rust_kjit: kjit: pc 0xffffac3c4000: installed 532 bytes, 0 fault sites, 2 entries, text 0xffffac3c4000..0xffffac3c4008, fpsimd false
[    4.647108] rust_kjit: kjit: pc 0xffffac3c4000: installed 532 bytes, 0 fault sites, 2 entries, text 0xffffac3c4000..0xffffac3c4008, fpsimd false
[    4.648629] rust_kjit: kjit: pc 0xffffac3c4000: installed 532 bytes, 0 fault sites, 2 entries, text 0xffffac3c4000..0xffffac3c4008, fpsimd false
[    4.650155] rust_kjit: kjit: pc 0xffffac3c4000: installed 532 bytes, 0 fault sites, 2 entries, text 0xffffac3c4000..0xffffac3c4008, fpsimd false
[    4.651830] rust_kjit: kjit: pc 0xffffac3c4000: installed 532 bytes, 0 fault sites, 2 entries, text 0xffffac3c4000..0xffffac3c4008, fpsimd false
[    4.653458] rust_kjit: kjit: pc 0xffffac3c4000: installed 532 bytes, 0 fault sites, 2 entries, text 0xffffac3c4000..0xffffac3c4008, fpsimd false
[    4.654948] rust_kjit: kjit: pc 0xffffac3c4000: installed 532 bytes, 0 fault sites, 2 entries, text 0xffffac3c4000..0xffffac3c4008, fpsimd false
[    4.656478] rust_kjit: kjit: pc 0xffffac3c4000: installed 532 bytes, 0 fault sites, 2 entries, text 0xffffac3c4000..0xffffac3c4008, fpsimd false
[    4.657996] rust_kjit: kjit: pc 0xffffac3c4000: installed 532 bytes, 0 fault sites, 2 entries, text 0xffffac3c4000..0xffffac3c4008, fpsimd false
[    4.659224] rust_kjit: kjit: pc 0xffffac3c4000: installed 532 bytes, 0 fault sites, 2 entries, text 0xffffac3c4000..0xffffac3c4008, fpsimd false
[    4.660858] rust_kjit: kjit: pc 0xffffac3c4000: installed 532 bytes, 0 fault sites, 2 entries, text 0xffffac3c4000..0xffffac3c4008, fpsimd false
[    4.661953] rust_kjit: kjit: pc 0xffffac3c4000: installed 532 bytes, 0 fault sites, 2 entries, text 0xffffac3c4000..0xffffac3c4008, fpsimd false
[    4.663593] rust_kjit: kjit: pc 0xffffac3c4000: installed 532 bytes, 0 fault sites, 2 entries, text 0xffffac3c4000..0xffffac3c4008, fpsimd false
[    4.664709] rust_kjit: kjit: pc 0xffffac3c4000: installed 532 bytes, 0 fault sites, 2 entries, text 0xffffac3c4000..0xffffac3c4008, fpsimd false
[    4.666187] rust_kjit: kjit: pc 0xffffac3c4000: installed 532 bytes, 0 fault sites, 2 entries, text 0xffffac3c4000..0xffffac3c4008, fpsimd false
[    4.667461] rust_kjit: kjit: pc 0xffffac3c4000: installed 532 bytes, 0 fault sites, 2 entries, text 0xffffac3c4000..0xffffac3c4008, fpsimd false
[    4.669085] rust_kjit: kjit: pc 0xffffac3c4000: installed 532 bytes, 0 fault sites, 2 entries, text 0xffffac3c4000..0xffffac3c4008, fpsimd false
[    4.670155] rust_kjit: kjit: pc 0xffffac3c4000: installed 532 bytes, 0 fault sites, 2 entries, text 0xffffac3c4000..0xffffac3c4008, fpsimd false
[    4.671856] rust_kjit: kjit: pc 0xffffac3c4000: installed 532 bytes, 0 fault sites, 2 entries, text 0xffffac3c4000..0xffffac3c4008, fpsimd false
[    4.673000] rust_kjit: kjit: pc 0xffffac3c4000: installed 532 bytes, 0 fault sites, 2 entries, text 0xffffac3c4000..0xffffac3c4008, fpsimd false
[    4.674520] rust_kjit: kjit: pc 0xffffac3c4000: installed 532 bytes, 0 fault sites, 2 entries, text 0xffffac3c4000..0xffffac3c4008, fpsimd false
[    4.675636] rust_kjit: kjit: pc 0xffffac3c4000: installed 532 bytes, 0 fault sites, 2 entries, text 0xffffac3c4000..0xffffac3c4008, fpsimd false
[    4.677224] rust_kjit: kjit: pc 0xffffac3c4000: installed 532 bytes, 0 fault sites, 2 entries, text 0xffffac3c4000..0xffffac3c4008, fpsimd false
[    4.678327] rust_kjit: kjit: pc 0xffffac3c4000: installed 532 bytes, 0 fault sites, 2 entries, text 0xffffac3c4000..0xffffac3c4008, fpsimd false
[    4.680001] rust_kjit: kjit: pc 0xffffac3c4000: installed 532 bytes, 0 fault sites, 2 entries, text 0xffffac3c4000..0xffffac3c4008, fpsimd false
[    4.681547] rust_kjit: kjit: pc 0xffffac3c4000: installed 532 bytes, 0 fault sites, 2 entries, text 0xffffac3c4000..0xffffac3c4008, fpsimd false
[    4.683133] rust_kjit: kjit: pc 0xffffac3c4000: installed 532 bytes, 0 fault sites, 2 entries, text 0xffffac3c4000..0xffffac3c4008, fpsimd false
[    4.684629] rust_kjit: kjit: pc 0xffffac3c4000: installed 532 bytes, 0 fault sites, 2 entries, text 0xffffac3c4000..0xffffac3c4008, fpsimd false
[    4.686188] rust_kjit: kjit: pc 0xffffac3c4000: installed 532 bytes, 0 fault sites, 2 entries, text 0xffffac3c4000..0xffffac3c4008, fpsimd false
[    4.687993] rust_kjit: kjit: pc 0xffffac3c4000: installed 532 bytes, 0 fault sites, 2 entries, text 0xffffac3c4000..0xffffac3c4008, fpsimd false
[    4.689593] rust_kjit: kjit: pc 0xffffac3c4000: installed 532 bytes, 0 fault sites, 2 entries, text 0xffffac3c4000..0xffffac3c4008, fpsimd false
[    4.691217] rust_kjit: kjit: pc 0xffffac3c4000: installed 532 bytes, 0 fault sites, 2 entries, text 0xffffac3c4000..0xffffac3c4008, fpsimd false
[    4.692731] rust_kjit: kjit: pc 0xffffac3c4000: installed 532 bytes, 0 fault sites, 2 entries, text 0xffffac3c4000..0xffffac3c4008, fpsimd false
[    4.694254] rust_kjit: kjit: pc 0xffffac3c4000: installed 532 bytes, 0 fault sites, 2 entries, text 0xffffac3c4000..0xffffac3c4008, fpsimd false
[    4.696015] rust_kjit: kjit: pc 0xffffac3c4000: installed 532 bytes, 0 fault sites, 2 entries, text 0xffffac3c4000..0xffffac3c4008, fpsimd false
[    4.697087] rust_kjit: kjit: pc 0xffffac3c4000: installed 532 bytes, 0 fault sites, 2 entries, text 0xffffac3c4000..0xffffac3c4008, fpsimd false
[    4.698564] rust_kjit: kjit: pc 0xffffac3c4000: installed 532 bytes, 0 fault sites, 2 entries, text 0xffffac3c4000..0xffffac3c4008, fpsimd false
[    4.699728] rust_kjit: kjit: pc 0xffffac3c4000: installed 532 bytes, 0 fault sites, 2 entries, text 0xffffac3c4000..0xffffac3c4008, fpsimd false
[    4.701197] rust_kjit: kjit: pc 0xffffac3c4000: installed 532 bytes, 0 fault sites, 2 entries, text 0xffffac3c4000..0xffffac3c4008, fpsimd false
[    4.702243] rust_kjit: kjit: pc 0xffffac3c4000: installed 532 bytes, 0 fault sites, 2 entries, text 0xffffac3c4000..0xffffac3c4008, fpsimd false
[    4.703995] rust_kjit: kjit: pc 0xffffac3c4000: installed 532 bytes, 0 fault sites, 2 entries, text 0xffffac3c4000..0xffffac3c4008, fpsimd false
[    4.705040] rust_kjit: kjit: pc 0xffffac3c4000: installed 532 bytes, 0 fault sites, 2 entries, text 0xffffac3c4000..0xffffac3c4008, fpsimd false
[    4.706551] rust_kjit: kjit: pc 0xffffac3c4000: installed 532 bytes, 0 fault sites, 2 entries, text 0xffffac3c4000..0xffffac3c4008, fpsimd false
[    4.707695] rust_kjit: kjit: pc 0xffffac3c4000: installed 532 bytes, 0 fault sites, 2 entries, text 0xffffac3c4000..0xffffac3c4008, fpsimd false
[    4.709258] rust_kjit: kjit: pc 0xffffac3c4000: installed 532 bytes, 0 fault sites, 2 entries, text 0xffffac3c4000..0xffffac3c4008, fpsimd false
[    4.710860] rust_kjit: kjit: pc 0xffffac3c4000: installed 532 bytes, 0 fault sites, 2 entries, text 0xffffac3c4000..0xffffac3c4008, fpsimd false
[    4.711994] rust_kjit: kjit: pc 0xffffac3c4000: installed 532 bytes, 0 fault sites, 2 entries, text 0xffffac3c4000..0xffffac3c4008, fpsimd false
[    4.713546] rust_kjit: kjit: pc 0xffffac3c4000: installed 532 bytes, 0 fault sites, 2 entries, text 0xffffac3c4000..0xffffac3c4008, fpsimd false
[    4.714625] rust_kjit: kjit: pc 0xffffac3c4000: installed 532 bytes, 0 fault sites, 2 entries, text 0xffffac3c4000..0xffffac3c4008, fpsimd false
[    4.715738] rust_kjit: kjit: pc 0xffffac3c4000: installed 532 bytes, 0 fault sites, 2 entries, text 0xffffac3c4000..0xffffac3c4008, fpsimd false
[    4.717230] rust_kjit: kjit: pc 0xffffac3c4000: installed 532 bytes, 0 fault sites, 2 entries, text 0xffffac3c4000..0xffffac3c4008, fpsimd false
[    4.718278] rust_kjit: kjit: pc 0xffffac3c4000: installed 532 bytes, 0 fault sites, 2 entries, text 0xffffac3c4000..0xffffac3c4008, fpsimd false
[    4.720085] rust_kjit: kjit: pc 0xffffac3c4000: installed 532 bytes, 0 fault sites, 2 entries, text 0xffffac3c4000..0xffffac3c4008, fpsimd false
[    4.721178] rust_kjit: kjit: pc 0xffffac3c4000: installed 532 bytes, 0 fault sites, 2 entries, text 0xffffac3c4000..0xffffac3c4008, fpsimd false
[    4.722638] rust_kjit: kjit: pc 0xffffac3c4000: installed 532 bytes, 0 fault sites, 2 entries, text 0xffffac3c4000..0xffffac3c4008, fpsimd false
[    4.723755] rust_kjit: kjit: pc 0xffffac3c4000: installed 532 bytes, 0 fault sites, 2 entries, text 0xffffac3c4000..0xffffac3c4008, fpsimd false
[    4.725330] rust_kjit: kjit: pc 0xffffac3c4000: installed 532 bytes, 0 fault sites, 2 entries, text 0xffffac3c4000..0xffffac3c4008, fpsimd false
[    4.726522] rust_kjit: kjit: pc 0xffffac3c4000: installed 532 bytes, 0 fault sites, 2 entries, text 0xffffac3c4000..0xffffac3c4008, fpsimd false
[    4.728092] rust_kjit: kjit: pc 0xffffac3c4000: installed 532 bytes, 0 fault sites, 2 entries, text 0xffffac3c4000..0xffffac3c4008, fpsimd false
[    4.729151] rust_kjit: kjit: pc 0xffffac3c4000: installed 532 bytes, 0 fault sites, 2 entries, text 0xffffac3c4000..0xffffac3c4008, fpsimd false
[    4.730626] rust_kjit: kjit: pc 0xffffac3c4000: installed 532 bytes, 0 fault sites, 2 entries, text 0xffffac3c4000..0xffffac3c4008, fpsimd false
[    4.732239] rust_kjit: kjit: pc 0xffffac3c4000: installed 532 bytes, 0 fault sites, 2 entries, text 0xffffac3c4000..0xffffac3c4008, fpsimd false
[    4.733291] rust_kjit: kjit: pc 0xffffac3c4000: installed 532 bytes, 0 fault sites, 2 entries, text 0xffffac3c4000..0xffffac3c4008, fpsimd false
[    4.734773] rust_kjit: kjit: pc 0xffffac3c4000: installed 532 bytes, 0 fault sites, 2 entries, text 0xffffac3c4000..0xffffac3c4008, fpsimd false
[    4.735879] rust_kjit: kjit: pc 0xffffac3c4000: installed 532 bytes, 0 fault sites, 2 entries, text 0xffffac3c4000..0xffffac3c4008, fpsimd false
[    4.737478] rust_kjit: kjit: pc 0xffffac3c4000: installed 532 bytes, 0 fault sites, 2 entries, text 0xffffac3c4000..0xffffac3c4008, fpsimd false
[    4.738601] rust_kjit: kjit: pc 0xffffac3c4000: installed 532 bytes, 0 fault sites, 2 entries, text 0xffffac3c4000..0xffffac3c4008, fpsimd false
[    4.740232] rust_kjit: kjit: pc 0xffffac3c4000: installed 532 bytes, 0 fault sites, 2 entries, text 0xffffac3c4000..0xffffac3c4008, fpsimd false
[    4.741254] rust_kjit: kjit: pc 0xffffac3c4000: installed 532 bytes, 0 fault sites, 2 entries, text 0xffffac3c4000..0xffffac3c4008, fpsimd false
[    4.742789] rust_kjit: kjit: pc 0xffffac3c4000: installed 532 bytes, 0 fault sites, 2 entries, text 0xffffac3c4000..0xffffac3c4008, fpsimd false
[    4.743919] rust_kjit: kjit: pc 0xffffac3c4000: installed 532 bytes, 0 fault sites, 2 entries, text 0xffffac3c4000..0xffffac3c4008, fpsimd false
[    4.745435] rust_kjit: kjit: pc 0xffffac3c4000: installed 532 bytes, 0 fault sites, 2 entries, text 0xffffac3c4000..0xffffac3c4008, fpsimd false
[    4.746612] rust_kjit: kjit: pc 0xffffac3c4000: installed 532 bytes, 0 fault sites, 2 entries, text 0xffffac3c4000..0xffffac3c4008, fpsimd false
[    4.748285] rust_kjit: kjit: pc 0xffffac3c4000: installed 532 bytes, 0 fault sites, 2 entries, text 0xffffac3c4000..0xffffac3c4008, fpsimd false
[    4.749327] rust_kjit: kjit: pc 0xffffac3c4000: installed 532 bytes, 0 fault sites, 2 entries, text 0xffffac3c4000..0xffffac3c4008, fpsimd false
[    4.750795] rust_kjit: kjit: pc 0xffffac3c4000: installed 532 bytes, 0 fault sites, 2 entries, text 0xffffac3c4000..0xffffac3c4008, fpsimd false
[    4.751979] rust_kjit: kjit: pc 0xffffac3c4000: installed 532 bytes, 0 fault sites, 2 entries, text 0xffffac3c4000..0xffffac3c4008, fpsimd false
[    4.753517] rust_kjit: kjit: pc 0xffffac3c4000: installed 532 bytes, 0 fault sites, 2 entries, text 0xffffac3c4000..0xffffac3c4008, fpsimd false
[    4.754591] rust_kjit: kjit: pc 0xffffac3c4000: installed 532 bytes, 0 fault sites, 2 entries, text 0xffffac3c4000..0xffffac3c4008, fpsimd false
[    4.756158] rust_kjit: kjit: pc 0xffffac3c4000: installed 532 bytes, 0 fault sites, 2 entries, text 0xffffac3c4000..0xffffac3c4008, fpsimd false
[    4.757198] rust_kjit: kjit: pc 0xffffac3c4000: installed 532 bytes, 0 fault sites, 2 entries, text 0xffffac3c4000..0xffffac3c4008, fpsimd false
[    4.758719] rust_kjit: kjit: pc 0xffffac3c4000: installed 532 bytes, 0 fault sites, 2 entries, text 0xffffac3c4000..0xffffac3c4008, fpsimd false
[    4.759869] rust_kjit: kjit: pc 0xffffac3c4000: installed 532 bytes, 0 fault sites, 2 entries, text 0xffffac3c4000..0xffffac3c4008, fpsimd false
[    4.761443] rust_kjit: kjit: pc 0xffffac3c4000: installed 532 bytes, 0 fault sites, 2 entries, text 0xffffac3c4000..0xffffac3c4008, fpsimd false
[    4.762523] rust_kjit: kjit: pc 0xffffac3c4000: installed 532 bytes, 0 fault sites, 2 entries, text 0xffffac3c4000..0xffffac3c4008, fpsimd false
[    4.764153] rust_kjit: kjit: pc 0xffffac3c4000: installed 532 bytes, 0 fault sites, 2 entries, text 0xffffac3c4000..0xffffac3c4008, fpsimd false
[    4.765267] rust_kjit: kjit: pc 0xffffac3c4000: installed 532 bytes, 0 fault sites, 2 entries, text 0xffffac3c4000..0xffffac3c4008, fpsimd false
[    4.766806] rust_kjit: kjit: pc 0xffffac3c4000: installed 532 bytes, 0 fault sites, 2 entries, text 0xffffac3c4000..0xffffac3c4008, fpsimd false
[    4.767948] rust_kjit: kjit: pc 0xffffac3c4000: installed 532 bytes, 0 fault sites, 2 entries, text 0xffffac3c4000..0xffffac3c4008, fpsimd false
[    4.769565] rust_kjit: kjit: pc 0xffffac3c4000: installed 532 bytes, 0 fault sites, 2 entries, text 0xffffac3c4000..0xffffac3c4008, fpsimd false
[    4.770796] rust_kjit: kjit: pc 0xffffac3c4000: installed 532 bytes, 0 fault sites, 2 entries, text 0xffffac3c4000..0xffffac3c4008, fpsimd false
[    4.772351] rust_kjit: kjit: pc 0xffffac3c4000: installed 532 bytes, 0 fault sites, 2 entries, text 0xffffac3c4000..0xffffac3c4008, fpsimd false
[    4.773413] rust_kjit: kjit: pc 0xffffac3c4000: installed 532 bytes, 0 fault sites, 2 entries, text 0xffffac3c4000..0xffffac3c4008, fpsimd false
[    4.775080] rust_kjit: kjit: pc 0xffffac3c4000: installed 532 bytes, 0 fault sites, 2 entries, text 0xffffac3c4000..0xffffac3c4008, fpsimd false
[    4.776202] rust_kjit: kjit: pc 0xffffac3c4000: installed 532 bytes, 0 fault sites, 2 entries, text 0xffffac3c4000..0xffffac3c4008, fpsimd false
[    4.777742] rust_kjit: kjit: pc 0xffffac3c4000: installed 532 bytes, 0 fault sites, 2 entries, text 0xffffac3c4000..0xffffac3c4008, fpsimd false
[    4.778823] rust_kjit: kjit: pc 0xffffac3c4000: installed 532 bytes, 0 fault sites, 2 entries, text 0xffffac3c4000..0xffffac3c4008, fpsimd false
[    4.780356] rust_kjit: kjit: pc 0xffffac3c4000: installed 532 bytes, 0 fault sites, 2 entries, text 0xffffac3c4000..0xffffac3c4008, fpsimd false
[    4.781415] rust_kjit: kjit: pc 0xffffac3c4000: installed 532 bytes, 0 fault sites, 2 entries, text 0xffffac3c4000..0xffffac3c4008, fpsimd false
[    4.782876] rust_kjit: kjit: pc 0xffffac3c4000: installed 532 bytes, 0 fault sites, 2 entries, text 0xffffac3c4000..0xffffac3c4008, fpsimd false
[    4.783987] rust_kjit: kjit: pc 0xffffac3c4000: installed 532 bytes, 0 fault sites, 2 entries, text 0xffffac3c4000..0xffffac3c4008, fpsimd false
[    4.785446] rust_kjit: kjit: pc 0xffffac3c4000: installed 532 bytes, 0 fault sites, 2 entries, text 0xffffac3c4000..0xffffac3c4008, fpsimd false
[    4.786577] rust_kjit: kjit: pc 0xffffac3c4000: installed 532 bytes, 0 fault sites, 2 entries, text 0xffffac3c4000..0xffffac3c4008, fpsimd false
[    4.788167] rust_kjit: kjit: pc 0xffffac3c4000: installed 532 bytes, 0 fault sites, 2 entries, text 0xffffac3c4000..0xffffac3c4008, fpsimd false
[    4.789751] rust_kjit: kjit: pc 0xffffac3c4000: installed 532 bytes, 0 fault sites, 2 entries, text 0xffffac3c4000..0xffffac3c4008, fpsimd false
[    4.791325] rust_kjit: kjit: pc 0xffffac3c4000: installed 532 bytes, 0 fault sites, 2 entries, text 0xffffac3c4000..0xffffac3c4008, fpsimd false
[    4.792424] rust_kjit: kjit: pc 0xffffac3c4000: installed 532 bytes, 0 fault sites, 2 entries, text 0xffffac3c4000..0xffffac3c4008, fpsimd false
[    4.793935] rust_kjit: kjit: pc 0xffffac3c4000: installed 532 bytes, 0 fault sites, 2 entries, text 0xffffac3c4000..0xffffac3c4008, fpsimd false
[    4.795211] rust_kjit: kjit: pc 0xffffac3c4000: installed 532 bytes, 0 fault sites, 2 entries, text 0xffffac3c4000..0xffffac3c4008, fpsimd false
[    4.796811] rust_kjit: kjit: pc 0xffffac3c4000: installed 532 bytes, 0 fault sites, 2 entries, text 0xffffac3c4000..0xffffac3c4008, fpsimd false
[    4.797886] rust_kjit: kjit: pc 0xffffac3c4000: installed 532 bytes, 0 fault sites, 2 entries, text 0xffffac3c4000..0xffffac3c4008, fpsimd false
[    4.799562] rust_kjit: kjit: pc 0xffffac3c4000: installed 532 bytes, 0 fault sites, 2 entries, text 0xffffac3c4000..0xffffac3c4008, fpsimd false
[    4.800664] rust_kjit: kjit: pc 0xffffac3c4000: installed 532 bytes, 0 fault sites, 2 entries, text 0xffffac3c4000..0xffffac3c4008, fpsimd false
[    4.802169] rust_kjit: kjit: pc 0xffffac3c4000: installed 532 bytes, 0 fault sites, 2 entries, text 0xffffac3c4000..0xffffac3c4008, fpsimd false
[    4.803501] rust_kjit: kjit: pc 0xffffac3c4000: installed 532 bytes, 0 fault sites, 2 entries, text 0xffffac3c4000..0xffffac3c4008, fpsimd false
[    4.805018] rust_kjit: kjit: pc 0xffffac3c4000: installed 532 bytes, 0 fault sites, 2 entries, text 0xffffac3c4000..0xffffac3c4008, fpsimd false
[    4.806558] rust_kjit: kjit: pc 0xffffac3c4000: installed 532 bytes, 0 fault sites, 2 entries, text 0xffffac3c4000..0xffffac3c4008, fpsimd false
[    4.808032] rust_kjit: kjit: pc 0xffffac3c4000: installed 532 bytes, 0 fault sites, 2 entries, text 0xffffac3c4000..0xffffac3c4008, fpsimd false
[    4.809608] rust_kjit: kjit: pc 0xffffac3c4000: installed 532 bytes, 0 fault sites, 2 entries, text 0xffffac3c4000..0xffffac3c4008, fpsimd false
[    4.811397] rust_kjit: kjit: pc 0xffffac3c4000: installed 532 bytes, 0 fault sites, 2 entries, text 0xffffac3c4000..0xffffac3c4008, fpsimd false
[    4.812925] rust_kjit: kjit: pc 0xffffac3c4000: installed 532 bytes, 0 fault sites, 2 entries, text 0xffffac3c4000..0xffffac3c4008, fpsimd false
[    4.814522] rust_kjit: kjit: pc 0xffffac3c4000: installed 532 bytes, 0 fault sites, 2 entries, text 0xffffac3c4000..0xffffac3c4008, fpsimd false
[    4.815682] rust_kjit: kjit: pc 0xffffac3c4000: installed 532 bytes, 0 fault sites, 2 entries, text 0xffffac3c4000..0xffffac3c4008, fpsimd false
[    4.817212] rust_kjit: kjit: pc 0xffffac3c4000: installed 532 bytes, 0 fault sites, 2 entries, text 0xffffac3c4000..0xffffac3c4008, fpsimd false
[    4.818275] rust_kjit: kjit: pc 0xffffac3c4000: installed 532 bytes, 0 fault sites, 2 entries, text 0xffffac3c4000..0xffffac3c4008, fpsimd false
[    4.819945] rust_kjit: kjit: pc 0xffffac3c4000: installed 532 bytes, 0 fault sites, 2 entries, text 0xffffac3c4000..0xffffac3c4008, fpsimd false
[    4.821050] rust_kjit: kjit: pc 0xffffac3c4000: installed 532 bytes, 0 fault sites, 2 entries, text 0xffffac3c4000..0xffffac3c4008, fpsimd false
[    4.822551] rust_kjit: kjit: pc 0xffffac3c4000: installed 532 bytes, 0 fault sites, 2 entries, text 0xffffac3c4000..0xffffac3c4008, fpsimd false
[    4.824281] rust_kjit: kjit: pc 0xffffac3c4000: installed 532 bytes, 0 fault sites, 2 entries, text 0xffffac3c4000..0xffffac3c4008, fpsimd false
[    4.825783] rust_kjit: kjit: pc 0xffffac3c4000: installed 532 bytes, 0 fault sites, 2 entries, text 0xffffac3c4000..0xffffac3c4008, fpsimd false
[    4.827334] rust_kjit: kjit: pc 0xffffac3c4000: installed 532 bytes, 0 fault sites, 2 entries, text 0xffffac3c4000..0xffffac3c4008, fpsimd false
[    4.828445] rust_kjit: kjit: pc 0xffffac3c4000: installed 532 bytes, 0 fault sites, 2 entries, text 0xffffac3c4000..0xffffac3c4008, fpsimd false
[    4.830017] rust_kjit: kjit: pc 0xffffac3c4000: installed 532 bytes, 0 fault sites, 2 entries, text 0xffffac3c4000..0xffffac3c4008, fpsimd false
[    4.831322] rust_kjit: kjit: pc 0xffffac3c4000: installed 532 bytes, 0 fault sites, 2 entries, text 0xffffac3c4000..0xffffac3c4008, fpsimd false
[    4.832884] rust_kjit: kjit: pc 0xffffac3c4000: installed 532 bytes, 0 fault sites, 2 entries, text 0xffffac3c4000..0xffffac3c4008, fpsimd false
[    4.834408] rust_kjit: kjit: pc 0xffffac3c4000: installed 532 bytes, 0 fault sites, 2 entries, text 0xffffac3c4000..0xffffac3c4008, fpsimd false
[    4.836002] rust_kjit: kjit: pc 0xffffac3c4000: installed 532 bytes, 0 fault sites, 2 entries, text 0xffffac3c4000..0xffffac3c4008, fpsimd false
[    4.837520] rust_kjit: kjit: pc 0xffffac3c4000: installed 532 bytes, 0 fault sites, 2 entries, text 0xffffac3c4000..0xffffac3c4008, fpsimd false
[    4.839063] rust_kjit: kjit: pc 0xffffac3c4000: installed 532 bytes, 0 fault sites, 2 entries, text 0xffffac3c4000..0xffffac3c4008, fpsimd false
[    4.840715] rust_kjit: kjit: pc 0xffffac3c4000: installed 532 bytes, 0 fault sites, 2 entries, text 0xffffac3c4000..0xffffac3c4008, fpsimd false
[    4.841854] rust_kjit: kjit: pc 0xffffac3c4000: installed 532 bytes, 0 fault sites, 2 entries, text 0xffffac3c4000..0xffffac3c4008, fpsimd false
[    4.843429] rust_kjit: kjit: pc 0xffffac3c4000: installed 532 bytes, 0 fault sites, 2 entries, text 0xffffac3c4000..0xffffac3c4008, fpsimd false
[    4.844703] rust_kjit: kjit: pc 0xffffac3c4000: installed 532 bytes, 0 fault sites, 2 entries, text 0xffffac3c4000..0xffffac3c4008, fpsimd false
[    4.846226] rust_kjit: kjit: pc 0xffffac3c4000: installed 532 bytes, 0 fault sites, 2 entries, text 0xffffac3c4000..0xffffac3c4008, fpsimd false
[    4.847433] rust_kjit: kjit: pc 0xffffac3c4000: installed 532 bytes, 0 fault sites, 2 entries, text 0xffffac3c4000..0xffffac3c4008, fpsimd false
[    4.849068] rust_kjit: kjit: pc 0xffffac3c4000: installed 532 bytes, 0 fault sites, 2 entries, text 0xffffac3c4000..0xffffac3c4008, fpsimd false
[    4.850127] rust_kjit: kjit: pc 0xffffac3c4000: installed 532 bytes, 0 fault sites, 2 entries, text 0xffffac3c4000..0xffffac3c4008, fpsimd false
[    4.851782] rust_kjit: kjit: pc 0xffffac3c4000: installed 532 bytes, 0 fault sites, 2 entries, text 0xffffac3c4000..0xffffac3c4008, fpsimd false
[    4.852917] rust_kjit: kjit: pc 0xffffac3c4000: installed 532 bytes, 0 fault sites, 2 entries, text 0xffffac3c4000..0xffffac3c4008, fpsimd false
[    4.854489] rust_kjit: kjit: pc 0xffffac3c4000: installed 532 bytes, 0 fault sites, 2 entries, text 0xffffac3c4000..0xffffac3c4008, fpsimd false
[    4.855664] rust_kjit: kjit: pc 0xffffac3c4000: installed 532 bytes, 0 fault sites, 2 entries, text 0xffffac3c4000..0xffffac3c4008, fpsimd false
[    4.857252] rust_kjit: kjit: pc 0xffffac3c4000: installed 532 bytes, 0 fault sites, 2 entries, text 0xffffac3c4000..0xffffac3c4008, fpsimd false
[    4.859087] rust_kjit: kjit: pc 0xffffac3c4000: installed 532 bytes, 0 fault sites, 2 entries, text 0xffffac3c4000..0xffffac3c4008, fpsimd false
[    4.860610] rust_kjit: kjit: pc 0xffffac3c4000: installed 532 bytes, 0 fault sites, 2 entries, text 0xffffac3c4000..0xffffac3c4008, fpsimd false
[    4.862207] rust_kjit: kjit: pc 0xffffac3c4000: installed 532 bytes, 0 fault sites, 2 entries, text 0xffffac3c4000..0xffffac3c4008, fpsimd false
[    4.863547] rust_kjit: kjit: pc 0xffffac3c4000: installed 532 bytes, 0 fault sites, 2 entries, text 0xffffac3c4000..0xffffac3c4008, fpsimd false
[    4.865156] rust_kjit: kjit: pc 0xffffac3c4000: installed 532 bytes, 0 fault sites, 2 entries, text 0xffffac3c4000..0xffffac3c4008, fpsimd false
[    4.866294] rust_kjit: kjit: pc 0xffffac3c4000: installed 532 bytes, 0 fault sites, 2 entries, text 0xffffac3c4000..0xffffac3c4008, fpsimd false
[    4.867994] rust_kjit: kjit: pc 0xffffac3c4000: installed 532 bytes, 0 fault sites, 2 entries, text 0xffffac3c4000..0xffffac3c4008, fpsimd false
[    4.869061] rust_kjit: kjit: pc 0xffffac3c4000: installed 532 bytes, 0 fault sites, 2 entries, text 0xffffac3c4000..0xffffac3c4008, fpsimd false
[    4.870531] rust_kjit: kjit: pc 0xffffac3c4000: installed 532 bytes, 0 fault sites, 2 entries, text 0xffffac3c4000..0xffffac3c4008, fpsimd false
[    4.871624] rust_kjit: kjit: pc 0xffffac3c4000: installed 532 bytes, 0 fault sites, 2 entries, text 0xffffac3c4000..0xffffac3c4008, fpsimd false
[    4.873141] rust_kjit: kjit: pc 0xffffac3c4000: installed 532 bytes, 0 fault sites, 2 entries, text 0xffffac3c4000..0xffffac3c4008, fpsimd false
[    4.874285] rust_kjit: kjit: pc 0xffffac3c4000: installed 532 bytes, 0 fault sites, 2 entries, text 0xffffac3c4000..0xffffac3c4008, fpsimd false
[    4.876163] rust_kjit: kjit: pc 0xffffac3c4000: installed 532 bytes, 0 fault sites, 2 entries, text 0xffffac3c4000..0xffffac3c4008, fpsimd false
[    4.877230] rust_kjit: kjit: pc 0xffffac3c4000: installed 532 bytes, 0 fault sites, 2 entries, text 0xffffac3c4000..0xffffac3c4008, fpsimd false
[    4.878775] rust_kjit: kjit: pc 0xffffac3c4000: installed 532 bytes, 0 fault sites, 2 entries, text 0xffffac3c4000..0xffffac3c4008, fpsimd false
[    4.879801] rust_kjit: kjit: pc 0xffffac3c4000: installed 532 bytes, 0 fault sites, 2 entries, text 0xffffac3c4000..0xffffac3c4008, fpsimd false
[    4.881309] rust_kjit: kjit: pc 0xffffac3c4000: installed 532 bytes, 0 fault sites, 2 entries, text 0xffffac3c4000..0xffffac3c4008, fpsimd false
[    4.882469] rust_kjit: kjit: pc 0xffffac3c4000: installed 532 bytes, 0 fault sites, 2 entries, text 0xffffac3c4000..0xffffac3c4008, fpsimd false
[    4.883972] rust_kjit: kjit: pc 0xffffac3c4000: installed 532 bytes, 0 fault sites, 2 entries, text 0xffffac3c4000..0xffffac3c4008, fpsimd false
[    4.885032] rust_kjit: kjit: pc 0xffffac3c4000: installed 532 bytes, 0 fault sites, 2 entries, text 0xffffac3c4000..0xffffac3c4008, fpsimd false
[    4.886658] rust_kjit: kjit: pc 0xffffac3c4000: installed 532 bytes, 0 fault sites, 2 entries, text 0xffffac3c4000..0xffffac3c4008, fpsimd false
[    4.887739] rust_kjit: kjit: pc 0xffffac3c4000: installed 532 bytes, 0 fault sites, 2 entries, text 0xffffac3c4000..0xffffac3c4008, fpsimd false
[    4.889260] rust_kjit: kjit: pc 0xffffac3c4000: installed 532 bytes, 0 fault sites, 2 entries, text 0xffffac3c4000..0xffffac3c4008, fpsimd false
[    4.890608] rust_kjit: kjit: pc 0xffffac3c4000: installed 532 bytes, 0 fault sites, 2 entries, text 0xffffac3c4000..0xffffac3c4008, fpsimd false
[    4.892197] rust_kjit: kjit: pc 0xffffac3c4000: installed 532 bytes, 0 fault sites, 2 entries, text 0xffffac3c4000..0xffffac3c4008, fpsimd false
[    4.893697] rust_kjit: kjit: pc 0xffffac3c4000: installed 532 bytes, 0 fault sites, 2 entries, text 0xffffac3c4000..0xffffac3c4008, fpsimd false
[    4.895297] rust_kjit: kjit: pc 0xffffac3c4000: installed 532 bytes, 0 fault sites, 2 entries, text 0xffffac3c4000..0xffffac3c4008, fpsimd false
[    4.896849] rust_kjit: kjit: pc 0xffffac3c4000: installed 532 bytes, 0 fault sites, 2 entries, text 0xffffac3c4000..0xffffac3c4008, fpsimd false
[    4.898329] rust_kjit: kjit: pc 0xffffac3c4000: installed 532 bytes, 0 fault sites, 2 entries, text 0xffffac3c4000..0xffffac3c4008, fpsimd false
[    4.900070] rust_kjit: kjit: pc 0xffffac3c4000: installed 532 bytes, 0 fault sites, 2 entries, text 0xffffac3c4000..0xffffac3c4008, fpsimd false
[    4.901204] rust_kjit: kjit: pc 0xffffac3c4000: installed 532 bytes, 0 fault sites, 2 entries, text 0xffffac3c4000..0xffffac3c4008, fpsimd false
[    4.902743] rust_kjit: kjit: pc 0xffffac3c4000: installed 532 bytes, 0 fault sites, 2 entries, text 0xffffac3c4000..0xffffac3c4008, fpsimd false
[    4.903890] rust_kjit: kjit: pc 0xffffac3c4000: installed 532 bytes, 0 fault sites, 2 entries, text 0xffffac3c4000..0xffffac3c4008, fpsimd false
[    4.905383] rust_kjit: kjit: pc 0xffffac3c4000: installed 532 bytes, 0 fault sites, 2 entries, text 0xffffac3c4000..0xffffac3c4008, fpsimd false
[    4.906592] rust_kjit: kjit: pc 0xffffac3c4000: installed 532 bytes, 0 fault sites, 2 entries, text 0xffffac3c4000..0xffffac3c4008, fpsimd false
[    4.908164] rust_kjit: kjit: pc 0xffffac3c4000: installed 532 bytes, 0 fault sites, 2 entries, text 0xffffac3c4000..0xffffac3c4008, fpsimd false
[    4.909246] rust_kjit: kjit: pc 0xffffac3c4000: installed 532 bytes, 0 fault sites, 2 entries, text 0xffffac3c4000..0xffffac3c4008, fpsimd false
[    4.910803] rust_kjit: kjit: pc 0xffffac3c4000: installed 532 bytes, 0 fault sites, 2 entries, text 0xffffac3c4000..0xffffac3c4008, fpsimd false
[    4.911965] rust_kjit: kjit: pc 0xffffac3c4000: installed 532 bytes, 0 fault sites, 2 entries, text 0xffffac3c4000..0xffffac3c4008, fpsimd false
[    4.913400] rust_kjit: kjit: pc 0xffffac3c4000: installed 532 bytes, 0 fault sites, 2 entries, text 0xffffac3c4000..0xffffac3c4008, fpsimd false
[    4.914552] rust_kjit: kjit: pc 0xffffac3c4000: installed 532 bytes, 0 fault sites, 2 entries, text 0xffffac3c4000..0xffffac3c4008, fpsimd false
[    4.915724] rust_kjit: kjit: pc 0xffffac3c4000: installed 532 bytes, 0 fault sites, 2 entries, text 0xffffac3c4000..0xffffac3c4008, fpsimd false
[    4.917280] rust_kjit: kjit: pc 0xffffac3c4000: installed 532 bytes, 0 fault sites, 2 entries, text 0xffffac3c4000..0xffffac3c4008, fpsimd false
[    4.918839] rust_kjit: kjit: pc 0xffffac3c4000: installed 532 bytes, 0 fault sites, 2 entries, text 0xffffac3c4000..0xffffac3c4008, fpsimd false
[    4.920356] rust_kjit: kjit: pc 0xffffac3c4000: installed 532 bytes, 0 fault sites, 2 entries, text 0xffffac3c4000..0xffffac3c4008, fpsimd false
[    4.921931] rust_kjit: kjit: pc 0xffffac3c4000: installed 532 bytes, 0 fault sites, 2 entries, text 0xffffac3c4000..0xffffac3c4008, fpsimd false
[    4.923605] rust_kjit: kjit: pc 0xffffac3c4000: installed 532 bytes, 0 fault sites, 2 entries, text 0xffffac3c4000..0xffffac3c4008, fpsimd false
[    4.925120] rust_kjit: kjit: pc 0xffffac3c4000: installed 532 bytes, 0 fault sites, 2 entries, text 0xffffac3c4000..0xffffac3c4008, fpsimd false
[    4.926713] rust_kjit: kjit: pc 0xffffac3c4000: installed 532 bytes, 0 fault sites, 2 entries, text 0xffffac3c4000..0xffffac3c4008, fpsimd false
[    4.928224] rust_kjit: kjit: pc 0xffffac3c4000: installed 532 bytes, 0 fault sites, 2 entries, text 0xffffac3c4000..0xffffac3c4008, fpsimd false
[    4.929745] rust_kjit: kjit: pc 0xffffac3c4000: installed 532 bytes, 0 fault sites, 2 entries, text 0xffffac3c4000..0xffffac3c4008, fpsimd false
[    4.931335] rust_kjit: kjit: pc 0xffffac3c4000: installed 532 bytes, 0 fault sites, 2 entries, text 0xffffac3c4000..0xffffac3c4008, fpsimd false
[    4.932841] rust_kjit: kjit: pc 0xffffac3c4000: installed 532 bytes, 0 fault sites, 2 entries, text 0xffffac3c4000..0xffffac3c4008, fpsimd false
[    4.934430] rust_kjit: kjit: pc 0xffffac3c4000: installed 532 bytes, 0 fault sites, 2 entries, text 0xffffac3c4000..0xffffac3c4008, fpsimd false
[    4.935998] rust_kjit: kjit: pc 0xffffac3c4000: installed 532 bytes, 0 fault sites, 2 entries, text 0xffffac3c4000..0xffffac3c4008, fpsimd false
[    4.937521] rust_kjit: kjit: pc 0xffffac3c4000: installed 532 bytes, 0 fault sites, 2 entries, text 0xffffac3c4000..0xffffac3c4008, fpsimd false
[    4.939080] rust_kjit: kjit: pc 0xffffac3c4000: installed 532 bytes, 0 fault sites, 2 entries, text 0xffffac3c4000..0xffffac3c4008, fpsimd false
[    4.940567] rust_kjit: kjit: pc 0xffffac3c4000: installed 532 bytes, 0 fault sites, 2 entries, text 0xffffac3c4000..0xffffac3c4008, fpsimd false
[    4.941630] rust_kjit: kjit: pc 0xffffac3c4000: installed 532 bytes, 0 fault sites, 2 entries, text 0xffffac3c4000..0xffffac3c4008, fpsimd false
[    4.943184] rust_kjit: kjit: pc 0xffffac3c4000: installed 532 bytes, 0 fault sites, 2 entries, text 0xffffac3c4000..0xffffac3c4008, fpsimd false
[    4.944432] rust_kjit: kjit: pc 0xffffac3c4000: installed 532 bytes, 0 fault sites, 2 entries, text 0xffffac3c4000..0xffffac3c4008, fpsimd false
[    4.946018] rust_kjit: kjit: pc 0xffffac3c4000: installed 532 bytes, 0 fault sites, 2 entries, text 0xffffac3c4000..0xffffac3c4008, fpsimd false
[    4.947380] rust_kjit: kjit: pc 0xffffac3c4000: installed 532 bytes, 0 fault sites, 2 entries, text 0xffffac3c4000..0xffffac3c4008, fpsimd false
[    4.948953] rust_kjit: kjit: pc 0xffffac3c4000: installed 532 bytes, 0 fault sites, 2 entries, text 0xffffac3c4000..0xffffac3c4008, fpsimd false
[    4.950521] rust_kjit: kjit: pc 0xffffac3c4000: installed 532 bytes, 0 fault sites, 2 entries, text 0xffffac3c4000..0xffffac3c4008, fpsimd false
[    4.952081] rust_kjit: kjit: pc 0xffffac3c4000: installed 532 bytes, 0 fault sites, 2 entries, text 0xffffac3c4000..0xffffac3c4008, fpsimd false
[    4.953204] rust_kjit: kjit: pc 0xffffac3c4000: installed 532 bytes, 0 fault sites, 2 entries, text 0xffffac3c4000..0xffffac3c4008, fpsimd false
[    4.954767] rust_kjit: kjit: pc 0xffffac3c4000: installed 532 bytes, 0 fault sites, 2 entries, text 0xffffac3c4000..0xffffac3c4008, fpsimd false
[    4.955862] rust_kjit: kjit: pc 0xffffac3c4000: installed 532 bytes, 0 fault sites, 2 entries, text 0xffffac3c4000..0xffffac3c4008, fpsimd false
[    4.957375] rust_kjit: kjit: pc 0xffffac3c4000: installed 532 bytes, 0 fault sites, 2 entries, text 0xffffac3c4000..0xffffac3c4008, fpsimd false
[    4.958551] rust_kjit: kjit: pc 0xffffac3c4000: installed 532 bytes, 0 fault sites, 2 entries, text 0xffffac3c4000..0xffffac3c4008, fpsimd false
[    4.960119] rust_kjit: kjit: pc 0xffffac3c4000: installed 532 bytes, 0 fault sites, 2 entries, text 0xffffac3c4000..0xffffac3c4008, fpsimd false
[    4.961180] rust_kjit: kjit: pc 0xffffac3c4000: installed 532 bytes, 0 fault sites, 2 entries, text 0xffffac3c4000..0xffffac3c4008, fpsimd false
[    4.962797] rust_kjit: kjit: pc 0xffffac3c4000: installed 532 bytes, 0 fault sites, 2 entries, text 0xffffac3c4000..0xffffac3c4008, fpsimd false
[    4.964006] rust_kjit: kjit: pc 0xffffac3c4000: installed 532 bytes, 0 fault sites, 2 entries, text 0xffffac3c4000..0xffffac3c4008, fpsimd false
[    4.965535] rust_kjit: kjit: pc 0xffffac3c4000: installed 532 bytes, 0 fault sites, 2 entries, text 0xffffac3c4000..0xffffac3c4008, fpsimd false
[    4.966606] rust_kjit: kjit: pc 0xffffac3c4000: installed 532 bytes, 0 fault sites, 2 entries, text 0xffffac3c4000..0xffffac3c4008, fpsimd false
[    4.968232] rust_kjit: kjit: pc 0xffffac3c4000: installed 532 bytes, 0 fault sites, 2 entries, text 0xffffac3c4000..0xffffac3c4008, fpsimd false
[    4.969254] rust_kjit: kjit: pc 0xffffac3c4000: installed 532 bytes, 0 fault sites, 2 entries, text 0xffffac3c4000..0xffffac3c4008, fpsimd false
[    4.970762] rust_kjit: kjit: pc 0xffffac3c4000: installed 532 bytes, 0 fault sites, 2 entries, text 0xffffac3c4000..0xffffac3c4008, fpsimd false
[    4.971925] rust_kjit: kjit: pc 0xffffac3c4000: installed 532 bytes, 0 fault sites, 2 entries, text 0xffffac3c4000..0xffffac3c4008, fpsimd false
[    4.973464] rust_kjit: kjit: pc 0xffffac3c4000: installed 532 bytes, 0 fault sites, 2 entries, text 0xffffac3c4000..0xffffac3c4008, fpsimd false
[    4.974613] rust_kjit: kjit: pc 0xffffac3c4000: installed 532 bytes, 0 fault sites, 2 entries, text 0xffffac3c4000..0xffffac3c4008, fpsimd false
[    4.976264] rust_kjit: kjit: pc 0xffffac3c4000: installed 532 bytes, 0 fault sites, 2 entries, text 0xffffac3c4000..0xffffac3c4008, fpsimd false
[    4.978044] rust_kjit: kjit: pc 0xffffac3c4000: installed 532 bytes, 0 fault sites, 2 entries, text 0xffffac3c4000..0xffffac3c4008, fpsimd false
[    4.979750] rust_kjit: kjit: pc 0xffffac3c4000: installed 532 bytes, 0 fault sites, 2 entries, text 0xffffac3c4000..0xffffac3c4008, fpsimd false
[    4.980814] rust_kjit: kjit: pc 0xffffac3c4000: installed 532 bytes, 0 fault sites, 2 entries, text 0xffffac3c4000..0xffffac3c4008, fpsimd false
[    4.982317] rust_kjit: kjit: pc 0xffffac3c4000: installed 532 bytes, 0 fault sites, 2 entries, text 0xffffac3c4000..0xffffac3c4008, fpsimd false
[    4.983637] rust_kjit: kjit: pc 0xffffac3c4000: installed 532 bytes, 0 fault sites, 2 entries, text 0xffffac3c4000..0xffffac3c4008, fpsimd false
[    4.985265] rust_kjit: kjit: pc 0xffffac3c4000: installed 532 bytes, 0 fault sites, 2 entries, text 0xffffac3c4000..0xffffac3c4008, fpsimd false
[    4.987082] rust_kjit: kjit: pc 0xffffac3c4000: installed 532 bytes, 0 fault sites, 2 entries, text 0xffffac3c4000..0xffffac3c4008, fpsimd false
[    4.988153] rust_kjit: kjit: pc 0xffffac3c4000: installed 532 bytes, 0 fault sites, 2 entries, text 0xffffac3c4000..0xffffac3c4008, fpsimd false
[    4.989768] rust_kjit: kjit: pc 0xffffac3c4000: installed 532 bytes, 0 fault sites, 2 entries, text 0xffffac3c4000..0xffffac3c4008, fpsimd false
[    4.990867] rust_kjit: kjit: pc 0xffffac3c4000: installed 532 bytes, 0 fault sites, 2 entries, text 0xffffac3c4000..0xffffac3c4008, fpsimd false
[    4.992389] rust_kjit: kjit: pc 0xffffac3c4000: installed 532 bytes, 0 fault sites, 2 entries, text 0xffffac3c4000..0xffffac3c4008, fpsimd false
[    4.993469] rust_kjit: kjit: pc 0xffffac3c4000: installed 532 bytes, 0 fault sites, 2 entries, text 0xffffac3c4000..0xffffac3c4008, fpsimd false
[    4.995048] rust_kjit: kjit: pc 0xffffac3c4000: installed 532 bytes, 0 fault sites, 2 entries, text 0xffffac3c4000..0xffffac3c4008, fpsimd false
[    4.996240] rust_kjit: kjit: pc 0xffffac3c4000: installed 532 bytes, 0 fault sites, 2 entries, text 0xffffac3c4000..0xffffac3c4008, fpsimd false
[    4.997866] rust_kjit: kjit: pc 0xffffac3c4000: installed 532 bytes, 0 fault sites, 2 entries, text 0xffffac3c4000..0xffffac3c4008, fpsimd false
[    4.998939] rust_kjit: kjit: pc 0xffffac3c4000: installed 532 bytes, 0 fault sites, 2 entries, text 0xffffac3c4000..0xffffac3c4008, fpsimd false
[    5.000502] rust_kjit: kjit: pc 0xffffac3c4000: installed 532 bytes, 0 fault sites, 2 entries, text 0xffffac3c4000..0xffffac3c4008, fpsimd false
[    5.001717] rust_kjit: kjit: pc 0xffffac3c4000: installed 532 bytes, 0 fault sites, 2 entries, text 0xffffac3c4000..0xffffac3c4008, fpsimd false
[    5.003412] rust_kjit: kjit: pc 0xffffac3c4000: installed 532 bytes, 0 fault sites, 2 entries, text 0xffffac3c4000..0xffffac3c4008, fpsimd false
[    5.004542] rust_kjit: kjit: pc 0xffffac3c4000: installed 532 bytes, 0 fault sites, 2 entries, text 0xffffac3c4000..0xffffac3c4008, fpsimd false
[    5.006032] rust_kjit: kjit: pc 0xffffac3c4000: installed 532 bytes, 0 fault sites, 2 entries, text 0xffffac3c4000..0xffffac3c4008, fpsimd false
[    5.007299] rust_kjit: kjit: pc 0xffffac3c4000: installed 532 bytes, 0 fault sites, 2 entries, text 0xffffac3c4000..0xffffac3c4008, fpsimd false
[    5.008821] rust_kjit: kjit: pc 0xffffac3c4000: installed 532 bytes, 0 fault sites, 2 entries, text 0xffffac3c4000..0xffffac3c4008, fpsimd false
[    5.009946] rust_kjit: kjit: pc 0xffffac3c4000: installed 532 bytes, 0 fault sites, 2 entries, text 0xffffac3c4000..0xffffac3c4008, fpsimd false
[    5.011819] rust_kjit: kjit: pc 0xffffac3c4000: installed 532 bytes, 0 fault sites, 2 entries, text 0xffffac3c4000..0xffffac3c4008, fpsimd false
[    5.012871] rust_kjit: kjit: pc 0xffffac3c4000: installed 532 bytes, 0 fault sites, 2 entries, text 0xffffac3c4000..0xffffac3c4008, fpsimd false
[    5.014551] rust_kjit: kjit: pc 0xffffac3c4000: installed 532 bytes, 0 fault sites, 2 entries, text 0xffffac3c4000..0xffffac3c4008, fpsimd false
[    5.015591] rust_kjit: kjit: pc 0xffffac3c4000: installed 532 bytes, 0 fault sites, 2 entries, text 0xffffac3c4000..0xffffac3c4008, fpsimd false
[    5.017114] rust_kjit: kjit: pc 0xffffac3c4000: installed 532 bytes, 0 fault sites, 2 entries, text 0xffffac3c4000..0xffffac3c4008, fpsimd false
[    5.018314] rust_kjit: kjit: pc 0xffffac3c4000: installed 532 bytes, 0 fault sites, 2 entries, text 0xffffac3c4000..0xffffac3c4008, fpsimd false
[    5.020248] rust_kjit: kjit: pc 0xffffac3c4000: installed 532 bytes, 0 fault sites, 2 entries, text 0xffffac3c4000..0xffffac3c4008, fpsimd false
[    5.021746] rust_kjit: kjit: pc 0xffffac3c4000: installed 532 bytes, 0 fault sites, 2 entries, text 0xffffac3c4000..0xffffac3c4008, fpsimd false
[    5.023348] rust_kjit: kjit: pc 0xffffac3c4000: installed 532 bytes, 0 fault sites, 2 entries, text 0xffffac3c4000..0xffffac3c4008, fpsimd false
[    5.024877] rust_kjit: kjit: pc 0xffffac3c4000: installed 532 bytes, 0 fault sites, 2 entries, text 0xffffac3c4000..0xffffac3c4008, fpsimd false
[    5.026562] rust_kjit: kjit: pc 0xffffac3c4000: installed 532 bytes, 0 fault sites, 2 entries, text 0xffffac3c4000..0xffffac3c4008, fpsimd false
[    5.028187] rust_kjit: kjit: pc 0xffffac3c4000: installed 532 bytes, 0 fault sites, 2 entries, text 0xffffac3c4000..0xffffac3c4008, fpsimd false
[    5.029724] rust_kjit: kjit: pc 0xffffac3c4000: installed 532 bytes, 0 fault sites, 2 entries, text 0xffffac3c4000..0xffffac3c4008, fpsimd false
[    5.031279] rust_kjit: kjit: pc 0xffffac3c4000: installed 532 bytes, 0 fault sites, 2 entries, text 0xffffac3c4000..0xffffac3c4008, fpsimd false
[    5.032919] rust_kjit: kjit: pc 0xffffac3c4000: installed 532 bytes, 0 fault sites, 2 entries, text 0xffffac3c4000..0xffffac3c4008, fpsimd false
[    5.034473] rust_kjit: kjit: pc 0xffffac3c4000: installed 532 bytes, 0 fault sites, 2 entries, text 0xffffac3c4000..0xffffac3c4008, fpsimd false
[    5.036038] rust_kjit: kjit: pc 0xffffac3c4000: installed 532 bytes, 0 fault sites, 2 entries, text 0xffffac3c4000..0xffffac3c4008, fpsimd false
[    5.037645] rust_kjit: kjit: pc 0xffffac3c4000: installed 532 bytes, 0 fault sites, 2 entries, text 0xffffac3c4000..0xffffac3c4008, fpsimd false
[    5.039162] rust_kjit: kjit: pc 0xffffac3c4000: installed 532 bytes, 0 fault sites, 2 entries, text 0xffffac3c4000..0xffffac3c4008, fpsimd false
[    5.040829] rust_kjit: kjit: pc 0xffffac3c4000: installed 532 bytes, 0 fault sites, 2 entries, text 0xffffac3c4000..0xffffac3c4008, fpsimd false
[    5.042443] rust_kjit: kjit: pc 0xffffac3c4000: installed 532 bytes, 0 fault sites, 2 entries, text 0xffffac3c4000..0xffffac3c4008, fpsimd false
[    5.044027] rust_kjit: kjit: pc 0xffffac3c4000: installed 532 bytes, 0 fault sites, 2 entries, text 0xffffac3c4000..0xffffac3c4008, fpsimd false
[    5.045089] rust_kjit: kjit: pc 0xffffac3c4000: installed 532 bytes, 0 fault sites, 2 entries, text 0xffffac3c4000..0xffffac3c4008, fpsimd false
[    5.046637] rust_kjit: kjit: pc 0xffffac3c4000: installed 532 bytes, 0 fault sites, 2 entries, text 0xffffac3c4000..0xffffac3c4008, fpsimd false
[    5.047683] rust_kjit: kjit: pc 0xffffac3c4000: installed 532 bytes, 0 fault sites, 2 entries, text 0xffffac3c4000..0xffffac3c4008, fpsimd false
[    5.049193] rust_kjit: kjit: pc 0xffffac3c4000: installed 532 bytes, 0 fault sites, 2 entries, text 0xffffac3c4000..0xffffac3c4008, fpsimd false
[    5.050318] rust_kjit: kjit: pc 0xffffac3c4000: installed 532 bytes, 0 fault sites, 2 entries, text 0xffffac3c4000..0xffffac3c4008, fpsimd false
[    5.052020] rust_kjit: kjit: pc 0xffffac3c4000: installed 532 bytes, 0 fault sites, 2 entries, text 0xffffac3c4000..0xffffac3c4008, fpsimd false
[    5.053103] rust_kjit: kjit: pc 0xffffac3c4000: installed 532 bytes, 0 fault sites, 2 entries, text 0xffffac3c4000..0xffffac3c4008, fpsimd false
[    5.054668] rust_kjit: kjit: pc 0xffffac3c4000: installed 532 bytes, 0 fault sites, 2 entries, text 0xffffac3c4000..0xffffac3c4008, fpsimd false
[    5.055708] rust_kjit: kjit: pc 0xffffac3c4000: installed 532 bytes, 0 fault sites, 2 entries, text 0xffffac3c4000..0xffffac3c4008, fpsimd false
[    5.057211] rust_kjit: kjit: pc 0xffffac3c4000: installed 532 bytes, 0 fault sites, 2 entries, text 0xffffac3c4000..0xffffac3c4008, fpsimd false
[    5.058461] rust_kjit: kjit: pc 0xffffac3c4000: installed 532 bytes, 0 fault sites, 2 entries, text 0xffffac3c4000..0xffffac3c4008, fpsimd false
[    5.059968] rust_kjit: kjit: pc 0xffffac3c4000: installed 532 bytes, 0 fault sites, 2 entries, text 0xffffac3c4000..0xffffac3c4008, fpsimd false
[    5.061057] rust_kjit: kjit: pc 0xffffac3c4000: installed 532 bytes, 0 fault sites, 2 entries, text 0xffffac3c4000..0xffffac3c4008, fpsimd false
[    5.062692] rust_kjit: kjit: pc 0xffffac3c4000: installed 532 bytes, 0 fault sites, 2 entries, text 0xffffac3c4000..0xffffac3c4008, fpsimd false
[    5.063829] rust_kjit: kjit: pc 0xffffac3c4000: installed 532 bytes, 0 fault sites, 2 entries, text 0xffffac3c4000..0xffffac3c4008, fpsimd false
[    5.065358] rust_kjit: kjit: pc 0xffffac3c4000: installed 532 bytes, 0 fault sites, 2 entries, text 0xffffac3c4000..0xffffac3c4008, fpsimd false
[    5.066554] rust_kjit: kjit: pc 0xffffac3c4000: installed 532 bytes, 0 fault sites, 2 entries, text 0xffffac3c4000..0xffffac3c4008, fpsimd false
[    5.068073] rust_kjit: kjit: pc 0xffffac3c4000: installed 532 bytes, 0 fault sites, 2 entries, text 0xffffac3c4000..0xffffac3c4008, fpsimd false
[    5.069152] rust_kjit: kjit: pc 0xffffac3c4000: installed 532 bytes, 0 fault sites, 2 entries, text 0xffffac3c4000..0xffffac3c4008, fpsimd false
[    5.070777] rust_kjit: kjit: pc 0xffffac3c4000: installed 532 bytes, 0 fault sites, 2 entries, text 0xffffac3c4000..0xffffac3c4008, fpsimd false
[    5.071915] rust_kjit: kjit: pc 0xffffac3c4000: installed 532 bytes, 0 fault sites, 2 entries, text 0xffffac3c4000..0xffffac3c4008, fpsimd false
[    5.073456] rust_kjit: kjit: pc 0xffffac3c4000: installed 532 bytes, 0 fault sites, 2 entries, text 0xffffac3c4000..0xffffac3c4008, fpsimd false
[    5.074603] rust_kjit: kjit: pc 0xffffac3c4000: installed 532 bytes, 0 fault sites, 2 entries, text 0xffffac3c4000..0xffffac3c4008, fpsimd false
[    5.076188] rust_kjit: kjit: pc 0xffffac3c4000: installed 532 bytes, 0 fault sites, 2 entries, text 0xffffac3c4000..0xffffac3c4008, fpsimd false
[    5.077434] rust_kjit: kjit: pc 0xffffac3c4000: installed 532 bytes, 0 fault sites, 2 entries, text 0xffffac3c4000..0xffffac3c4008, fpsimd false
[    5.079029] rust_kjit: kjit: pc 0xffffac3c4000: installed 532 bytes, 0 fault sites, 2 entries, text 0xffffac3c4000..0xffffac3c4008, fpsimd false
[    5.080685] rust_kjit: kjit: pc 0xffffac3c4000: installed 532 bytes, 0 fault sites, 2 entries, text 0xffffac3c4000..0xffffac3c4008, fpsimd false
[    5.082309] rust_kjit: kjit: pc 0xffffac3c4000: installed 532 bytes, 0 fault sites, 2 entries, text 0xffffac3c4000..0xffffac3c4008, fpsimd false
[    5.083595] rust_kjit: kjit: pc 0xffffac3c4000: installed 532 bytes, 0 fault sites, 2 entries, text 0xffffac3c4000..0xffffac3c4008, fpsimd false
[    5.085118] rust_kjit: kjit: pc 0xffffac3c4000: installed 532 bytes, 0 fault sites, 2 entries, text 0xffffac3c4000..0xffffac3c4008, fpsimd false
[    5.086672] rust_kjit: kjit: pc 0xffffac3c4000: installed 532 bytes, 0 fault sites, 2 entries, text 0xffffac3c4000..0xffffac3c4008, fpsimd false
[    5.088332] rust_kjit: kjit: pc 0xffffac3c4000: installed 532 bytes, 0 fault sites, 2 entries, text 0xffffac3c4000..0xffffac3c4008, fpsimd false
[    5.089920] rust_kjit: kjit: pc 0xffffac3c4000: installed 532 bytes, 0 fault sites, 2 entries, text 0xffffac3c4000..0xffffac3c4008, fpsimd false
[    5.091755] rust_kjit: kjit: pc 0xffffac3c4000: installed 532 bytes, 0 fault sites, 2 entries, text 0xffffac3c4000..0xffffac3c4008, fpsimd false
[    5.093422] rust_kjit: kjit: pc 0xffffac3c4000: installed 532 bytes, 0 fault sites, 2 entries, text 0xffffac3c4000..0xffffac3c4008, fpsimd false
[    5.095082] rust_kjit: kjit: pc 0xffffac3c4000: installed 532 bytes, 0 fault sites, 2 entries, text 0xffffac3c4000..0xffffac3c4008, fpsimd false
[    5.096198] rust_kjit: kjit: pc 0xffffac3c4000: installed 532 bytes, 0 fault sites, 2 entries, text 0xffffac3c4000..0xffffac3c4008, fpsimd false
[    5.097791] rust_kjit: kjit: pc 0xffffac3c4000: installed 532 bytes, 0 fault sites, 2 entries, text 0xffffac3c4000..0xffffac3c4008, fpsimd false
[    5.098862] rust_kjit: kjit: pc 0xffffac3c4000: installed 532 bytes, 0 fault sites, 2 entries, text 0xffffac3c4000..0xffffac3c4008, fpsimd false
[    5.100405] rust_kjit: kjit: pc 0xffffac3c4000: installed 532 bytes, 0 fault sites, 2 entries, text 0xffffac3c4000..0xffffac3c4008, fpsimd false
[    5.101538] rust_kjit: kjit: pc 0xffffac3c4000: installed 532 bytes, 0 fault sites, 2 entries, text 0xffffac3c4000..0xffffac3c4008, fpsimd false
[    5.103209] rust_kjit: kjit: pc 0xffffac3c4000: installed 532 bytes, 0 fault sites, 2 entries, text 0xffffac3c4000..0xffffac3c4008, fpsimd false
[    5.104251] rust_kjit: kjit: pc 0xffffac3c4000: installed 532 bytes, 0 fault sites, 2 entries, text 0xffffac3c4000..0xffffac3c4008, fpsimd false
[    5.105802] rust_kjit: kjit: pc 0xffffac3c4000: installed 532 bytes, 0 fault sites, 2 entries, text 0xffffac3c4000..0xffffac3c4008, fpsimd false
[    5.107199] rust_kjit: kjit: pc 0xffffac3c4000: installed 532 bytes, 0 fault sites, 2 entries, text 0xffffac3c4000..0xffffac3c4008, fpsimd false
[    5.108779] rust_kjit: kjit: pc 0xffffac3c4000: installed 532 bytes, 0 fault sites, 2 entries, text 0xffffac3c4000..0xffffac3c4008, fpsimd false
[    5.110441] rust_kjit: kjit: pc 0xffffac3c4000: installed 532 bytes, 0 fault sites, 2 entries, text 0xffffac3c4000..0xffffac3c4008, fpsimd false
[    5.111931] rust_kjit: kjit: pc 0xffffac3c4000: installed 532 bytes, 0 fault sites, 2 entries, text 0xffffac3c4000..0xffffac3c4008, fpsimd false
[    5.113404] rust_kjit: kjit: pc 0xffffac3c4000: installed 532 bytes, 0 fault sites, 2 entries, text 0xffffac3c4000..0xffffac3c4008, fpsimd false
[    5.114746] rust_kjit: kjit: pc 0xffffac3c4000: installed 532 bytes, 0 fault sites, 2 entries, text 0xffffac3c4000..0xffffac3c4008, fpsimd false
[    5.116398] rust_kjit: kjit: pc 0xffffac3c4000: installed 532 bytes, 0 fault sites, 2 entries, text 0xffffac3c4000..0xffffac3c4008, fpsimd false
[    5.117969] rust_kjit: kjit: pc 0xffffac3c4000: installed 532 bytes, 0 fault sites, 2 entries, text 0xffffac3c4000..0xffffac3c4008, fpsimd false
[    5.119728] rust_kjit: kjit: pc 0xffffac3c4000: installed 532 bytes, 0 fault sites, 2 entries, text 0xffffac3c4000..0xffffac3c4008, fpsimd false
[    5.121243] rust_kjit: kjit: pc 0xffffac3c4000: installed 532 bytes, 0 fault sites, 2 entries, text 0xffffac3c4000..0xffffac3c4008, fpsimd false
[    5.122800] rust_kjit: kjit: pc 0xffffac3c4000: installed 532 bytes, 0 fault sites, 2 entries, text 0xffffac3c4000..0xffffac3c4008, fpsimd false
[    5.124401] rust_kjit: kjit: pc 0xffffac3c4000: installed 532 bytes, 0 fault sites, 2 entries, text 0xffffac3c4000..0xffffac3c4008, fpsimd false
[    5.125942] rust_kjit: kjit: pc 0xffffac3c4000: installed 532 bytes, 0 fault sites, 2 entries, text 0xffffac3c4000..0xffffac3c4008, fpsimd false
[    5.127620] rust_kjit: kjit: pc 0xffffac3c4000: installed 532 bytes, 0 fault sites, 2 entries, text 0xffffac3c4000..0xffffac3c4008, fpsimd false
[    5.129149] rust_kjit: kjit: pc 0xffffac3c4000: installed 532 bytes, 0 fault sites, 2 entries, text 0xffffac3c4000..0xffffac3c4008, fpsimd false
[    5.130711] rust_kjit: kjit: pc 0xffffac3c4000: installed 532 bytes, 0 fault sites, 2 entries, text 0xffffac3c4000..0xffffac3c4008, fpsimd false
[    5.132307] rust_kjit: kjit: pc 0xffffac3c4000: installed 532 bytes, 0 fault sites, 2 entries, text 0xffffac3c4000..0xffffac3c4008, fpsimd false
[    5.133894] rust_kjit: kjit: pc 0xffffac3c4000: installed 532 bytes, 0 fault sites, 2 entries, text 0xffffac3c4000..0xffffac3c4008, fpsimd false
[    5.135637] rust_kjit: kjit: pc 0xffffac3c4000: installed 532 bytes, 0 fault sites, 2 entries, text 0xffffac3c4000..0xffffac3c4008, fpsimd false
[    5.137151] rust_kjit: kjit: pc 0xffffac3c4000: installed 532 bytes, 0 fault sites, 2 entries, text 0xffffac3c4000..0xffffac3c4008, fpsimd false
[    5.138660] rust_kjit: kjit: pc 0xffffac3c4000: installed 532 bytes, 0 fault sites, 2 entries, text 0xffffac3c4000..0xffffac3c4008, fpsimd false
[    5.139714] rust_kjit: kjit: pc 0xffffac3c4000: installed 532 bytes, 0 fault sites, 2 entries, text 0xffffac3c4000..0xffffac3c4008, fpsimd false
[    5.141235] rust_kjit: kjit: pc 0xffffac3c4000: installed 532 bytes, 0 fault sites, 2 entries, text 0xffffac3c4000..0xffffac3c4008, fpsimd false
[    5.142444] rust_kjit: kjit: pc 0xffffac3c4000: installed 532 bytes, 0 fault sites, 2 entries, text 0xffffac3c4000..0xffffac3c4008, fpsimd false
[    5.144035] rust_kjit: kjit: pc 0xffffac3c4000: installed 532 bytes, 0 fault sites, 2 entries, text 0xffffac3c4000..0xffffac3c4008, fpsimd false
[    5.145065] rust_kjit: kjit: pc 0xffffac3c4000: installed 532 bytes, 0 fault sites, 2 entries, text 0xffffac3c4000..0xffffac3c4008, fpsimd false
[    5.146580] rust_kjit: kjit: pc 0xffffac3c4000: installed 532 bytes, 0 fault sites, 2 entries, text 0xffffac3c4000..0xffffac3c4008, fpsimd false
[    5.147833] rust_kjit: kjit: pc 0xffffac3c4000: installed 532 bytes, 0 fault sites, 2 entries, text 0xffffac3c4000..0xffffac3c4008, fpsimd false
[    5.149392] rust_kjit: kjit: pc 0xffffac3c4000: installed 532 bytes, 0 fault sites, 2 entries, text 0xffffac3c4000..0xffffac3c4008, fpsimd false
[    5.151112] rust_kjit: kjit: pc 0xffffac3c4000: installed 532 bytes, 0 fault sites, 2 entries, text 0xffffac3c4000..0xffffac3c4008, fpsimd false
[    5.152870] rust_kjit: kjit: pc 0xffffac3c4000: installed 532 bytes, 0 fault sites, 2 entries, text 0xffffac3c4000..0xffffac3c4008, fpsimd false
[    5.154549] rust_kjit: kjit: pc 0xffffac3c4000: installed 532 bytes, 0 fault sites, 2 entries, text 0xffffac3c4000..0xffffac3c4008, fpsimd false
[    5.156063] rust_kjit: kjit: pc 0xffffac3c4000: installed 532 bytes, 0 fault sites, 2 entries, text 0xffffac3c4000..0xffffac3c4008, fpsimd false
[    5.157196] rust_kjit: kjit: pc 0xffffac3c4000: installed 532 bytes, 0 fault sites, 2 entries, text 0xffffac3c4000..0xffffac3c4008, fpsimd false
[    5.158708] rust_kjit: kjit: pc 0xffffac3c4000: installed 532 bytes, 0 fault sites, 2 entries, text 0xffffac3c4000..0xffffac3c4008, fpsimd false
[    5.159834] rust_kjit: kjit: pc 0xffffac3c4000: installed 532 bytes, 0 fault sites, 2 entries, text 0xffffac3c4000..0xffffac3c4008, fpsimd false
[    5.161553] rust_kjit: kjit: pc 0xffffac3c4000: installed 532 bytes, 0 fault sites, 2 entries, text 0xffffac3c4000..0xffffac3c4008, fpsimd false
[    5.162667] rust_kjit: kjit: pc 0xffffac3c4000: installed 532 bytes, 0 fault sites, 2 entries, text 0xffffac3c4000..0xffffac3c4008, fpsimd false
[    5.164601] rust_kjit: kjit: pc 0xffffac3c4000: installed 532 bytes, 0 fault sites, 2 entries, text 0xffffac3c4000..0xffffac3c4008, fpsimd false
[    5.166183] rust_kjit: kjit: pc 0xffffac3c4000: installed 532 bytes, 0 fault sites, 2 entries, text 0xffffac3c4000..0xffffac3c4008, fpsimd false
[    5.167901] rust_kjit: kjit: pc 0xffffac3c4000: installed 532 bytes, 0 fault sites, 2 entries, text 0xffffac3c4000..0xffffac3c4008, fpsimd false
[    5.169648] rust_kjit: kjit: pc 0xffffac3c4000: installed 532 bytes, 0 fault sites, 2 entries, text 0xffffac3c4000..0xffffac3c4008, fpsimd false
[    5.171522] rust_kjit: kjit: pc 0xffffac3c4000: installed 532 bytes, 0 fault sites, 2 entries, text 0xffffac3c4000..0xffffac3c4008, fpsimd false
[    5.173373] rust_kjit: kjit: pc 0xffffac3c4000: installed 532 bytes, 0 fault sites, 2 entries, text 0xffffac3c4000..0xffffac3c4008, fpsimd false
[    5.174787] rust_kjit: kjit: pc 0xffffac3c4000: installed 532 bytes, 0 fault sites, 2 entries, text 0xffffac3c4000..0xffffac3c4008, fpsimd false
[    5.176337] rust_kjit: kjit: pc 0xffffac3c4000: installed 532 bytes, 0 fault sites, 2 entries, text 0xffffac3c4000..0xffffac3c4008, fpsimd false
[    5.177688] rust_kjit: kjit: pc 0xffffac3c4000: installed 532 bytes, 0 fault sites, 2 entries, text 0xffffac3c4000..0xffffac3c4008, fpsimd false
[    5.179397] rust_kjit: kjit: pc 0xffffac3c4000: installed 532 bytes, 0 fault sites, 2 entries, text 0xffffac3c4000..0xffffac3c4008, fpsimd false
[    5.181038] rust_kjit: kjit: pc 0xffffac3c4000: installed 532 bytes, 0 fault sites, 2 entries, text 0xffffac3c4000..0xffffac3c4008, fpsimd false
[    5.182786] rust_kjit: kjit: pc 0xffffac3c4000: installed 532 bytes, 0 fault sites, 2 entries, text 0xffffac3c4000..0xffffac3c4008, fpsimd false
[    5.184376] rust_kjit: kjit: pc 0xffffac3c4000: installed 532 bytes, 0 fault sites, 2 entries, text 0xffffac3c4000..0xffffac3c4008, fpsimd false
[    5.185978] rust_kjit: kjit: pc 0xffffac3c4000: installed 532 bytes, 0 fault sites, 2 entries, text 0xffffac3c4000..0xffffac3c4008, fpsimd false
[    5.187822] rust_kjit: kjit: pc 0xffffac3c4000: installed 532 bytes, 0 fault sites, 2 entries, text 0xffffac3c4000..0xffffac3c4008, fpsimd false
[    5.189450] rust_kjit: kjit: pc 0xffffac3c4000: installed 532 bytes, 0 fault sites, 2 entries, text 0xffffac3c4000..0xffffac3c4008, fpsimd false
[    5.191110] rust_kjit: kjit: pc 0xffffac3c4000: installed 532 bytes, 0 fault sites, 2 entries, text 0xffffac3c4000..0xffffac3c4008, fpsimd false
[    5.192714] rust_kjit: kjit: pc 0xffffac3c4000: installed 532 bytes, 0 fault sites, 2 entries, text 0xffffac3c4000..0xffffac3c4008, fpsimd false
[    5.194509] rust_kjit: kjit: pc 0xffffac3c4000: installed 532 bytes, 0 fault sites, 2 entries, text 0xffffac3c4000..0xffffac3c4008, fpsimd false
[    5.196170] rust_kjit: kjit: pc 0xffffac3c4000: installed 532 bytes, 0 fault sites, 2 entries, text 0xffffac3c4000..0xffffac3c4008, fpsimd false
[    5.197752] rust_kjit: kjit: pc 0xffffac3c4000: installed 532 bytes, 0 fault sites, 2 entries, text 0xffffac3c4000..0xffffac3c4008, fpsimd false
[    5.198955] rust_kjit: kjit: pc 0xffffac3c4000: installed 532 bytes, 0 fault sites, 2 entries, text 0xffffac3c4000..0xffffac3c4008, fpsimd false
[    5.200502] rust_kjit: kjit: pc 0xffffac3c4000: installed 532 bytes, 0 fault sites, 2 entries, text 0xffffac3c4000..0xffffac3c4008, fpsimd false
[    5.202198] rust_kjit: kjit: pc 0xffffac3c4000: installed 532 bytes, 0 fault sites, 2 entries, text 0xffffac3c4000..0xffffac3c4008, fpsimd false
[    5.203583] rust_kjit: kjit: pc 0xffffac3c4000: installed 532 bytes, 0 fault sites, 2 entries, text 0xffffac3c4000..0xffffac3c4008, fpsimd false
[    5.205150] rust_kjit: kjit: pc 0xffffac3c4000: installed 532 bytes, 0 fault sites, 2 entries, text 0xffffac3c4000..0xffffac3c4008, fpsimd false
[    5.206217] rust_kjit: kjit: pc 0xffffac3c4000: installed 532 bytes, 0 fault sites, 2 entries, text 0xffffac3c4000..0xffffac3c4008, fpsimd false
[    5.207988] rust_kjit: kjit: pc 0xffffac3c4000: installed 532 bytes, 0 fault sites, 2 entries, text 0xffffac3c4000..0xffffac3c4008, fpsimd false
[    5.209069] rust_kjit: kjit: pc 0xffffac3c4000: installed 532 bytes, 0 fault sites, 2 entries, text 0xffffac3c4000..0xffffac3c4008, fpsimd false
[    5.210874] rust_kjit: kjit: pc 0xffffac3c4000: installed 532 bytes, 0 fault sites, 2 entries, text 0xffffac3c4000..0xffffac3c4008, fpsimd false
[    5.212220] rust_kjit: kjit: pc 0xffffac3c4000: installed 532 bytes, 0 fault sites, 2 entries, text 0xffffac3c4000..0xffffac3c4008, fpsimd false
[    5.213837] rust_kjit: kjit: pc 0xffffac3c4000: installed 532 bytes, 0 fault sites, 2 entries, text 0xffffac3c4000..0xffffac3c4008, fpsimd false
[    5.215569] rust_kjit: kjit: pc 0xffffac3c4000: installed 532 bytes, 0 fault sites, 2 entries, text 0xffffac3c4000..0xffffac3c4008, fpsimd false
[    5.217169] rust_kjit: kjit: pc 0xffffac3c4000: installed 532 bytes, 0 fault sites, 2 entries, text 0xffffac3c4000..0xffffac3c4008, fpsimd false
[    5.218740] rust_kjit: kjit: pc 0xffffac3c4000: installed 532 bytes, 0 fault sites, 2 entries, text 0xffffac3c4000..0xffffac3c4008, fpsimd false
[    5.220492] rust_kjit: kjit: pc 0xffffac3c4000: installed 532 bytes, 0 fault sites, 2 entries, text 0xffffac3c4000..0xffffac3c4008, fpsimd false
[    5.222125] rust_kjit: kjit: pc 0xffffac3c4000: installed 532 bytes, 0 fault sites, 2 entries, text 0xffffac3c4000..0xffffac3c4008, fpsimd false
[    5.223945] rust_kjit: kjit: pc 0xffffac3c4000: installed 532 bytes, 0 fault sites, 2 entries, text 0xffffac3c4000..0xffffac3c4008, fpsimd false
[    5.225051] rust_kjit: kjit: pc 0xffffac3c4000: installed 532 bytes, 0 fault sites, 2 entries, text 0xffffac3c4000..0xffffac3c4008, fpsimd false
[    5.226692] rust_kjit: kjit: pc 0xffffac3c4000: installed 532 bytes, 0 fault sites, 2 entries, text 0xffffac3c4000..0xffffac3c4008, fpsimd false
[    5.228278] rust_kjit: kjit: pc 0xffffac3c4000: installed 532 bytes, 0 fault sites, 2 entries, text 0xffffac3c4000..0xffffac3c4008, fpsimd false
[    5.230074] rust_kjit: kjit: pc 0xffffac3c4000: installed 532 bytes, 0 fault sites, 2 entries, text 0xffffac3c4000..0xffffac3c4008, fpsimd false
[    5.231033] rust_kjit: kjit: pc 0xffffac3c4000: installed 532 bytes, 0 fault sites, 2 entries, text 0xffffac3c4000..0xffffac3c4008, fpsimd false
[    5.231832] rust_kjit: kjit: pc 0xffffac3c4000: installed 532 bytes, 0 fault sites, 2 entries, text 0xffffac3c4000..0xffffac3c4008, fpsimd false
k2:   link_race storm: in_kernel=1595166 entries=4509652 exit_mem=0 exit_budget=0 exit_unsupported=0 fpsimd_entries=1 fpsimd_preempted=0 fpsimd_exit_mem=0
k2:   link_race: storm: entries=4509652 invalidated=1425 ibtc_clear=2848
k2:   link_race: steady: 2004 fragment entries for 2000 rounds of 256 calls
[    5.275824] kjit: translate_svc_sites pid 175: 2 text ranges, 112 svc sites
[    5.363756] kjit: translate_svc_sites pid 177: 2 text ranges, 112 svc sites
k2:   signal_loop: in_kernel=399917 entries=399961 exit_mem=0 exit_budget=0 exit_unsupported=0 fpsimd_entries=0 fpsimd_preempted=0 fpsimd_exit_mem=0
k2:   signal_loop: 25 alarms handled
[    5.422771] kjit: translate_svc_sites pid 183: 2 text ranges, 112 svc sites
[    5.473877] kjit: translate_svc_sites pid 184: 2 text ranges, 112 svc sites
k2:   fp_loop: in_kernel=39990 entries=40027 exit_mem=0 exit_budget=0 exit_unsupported=0 fpsimd_entries=39991 fpsimd_preempted=0 fpsimd_exit_mem=0
[    5.539375] kjit: translate_svc_sites pid 189: 2 text ranges, 111 svc sites
[    5.600462] kjit: translate_svc_sites pid 190: 2 text ranges, 111 svc sites
k2:   fp_regs: in_kernel=199951 entries=199988 exit_mem=0 exit_budget=0 exit_unsupported=1 fpsimd_entries=199952 fpsimd_preempted=0 fpsimd_exit_mem=0
[    5.681505] kjit: translate_svc_sites pid 196: 2 text ranges, 119 svc sites
[    5.685766] kjit: translate_svc_sites pid 195: 2 text ranges, 119 svc sites
[    5.787433] kjit: translate_svc_sites pid 197: 2 text ranges, 119 svc sites
[    5.787959] kjit: translate_svc_sites pid 198: 2 text ranges, 119 svc sites
k2:   fp_switch: in_kernel=79980 entries=79995 exit_mem=0 exit_budget=0 exit_unsupported=2 fpsimd_entries=79982 fpsimd_preempted=0 fpsimd_exit_mem=0
[    5.869088] kjit: translate_svc_sites pid 203: 2 text ranges, 112 svc sites
[    5.965357] kjit: translate_svc_sites pid 204: 2 text ranges, 112 svc sites
k2:   fp_signal: in_kernel=399907 entries=399984 exit_mem=0 exit_budget=0 exit_unsupported=1 fpsimd_entries=399946 fpsimd_preempted=0 fpsimd_exit_mem=0
k2:   fp_signal: 53 alarms handled
[    6.056979] kjit: translate_svc_sites pid 212: 2 text ranges, 114 svc sites
[    6.092859] kjit: translate_svc_sites pid 213: 2 text ranges, 114 svc sites
[    6.132964] kjit: translate_svc_sites pid 223: 2 text ranges, 114 svc sites
[    6.169044] kjit: translate_svc_sites pid 224: 2 text ranges, 114 svc sites
[    6.212215] kjit: translate_svc_sites pid 234: 2 text ranges, 114 svc sites
[    6.246095] kjit: translate_svc_sites pid 235: 2 text ranges, 114 svc sites
[    6.286208] kjit: translate_svc_sites pid 245: 2 text ranges, 114 svc sites
[    6.321558] kjit: translate_svc_sites pid 247: 2 text ranges, 114 svc sites
k2:   fp_fault demand: in_kernel=511 entries=1060 exit_mem=512 exit_budget=0 exit_unsupported=0 fpsimd_entries=1024 fpsimd_preempted=0 fpsimd_exit_mem=512
[    6.374561] kjit: translate_svc_sites pid 258: 2 text ranges, 115 svc sites
[    6.379395] kjit: translate_svc_sites pid 259: 2 text ranges, 115 svc sites
[    6.381309] kjit: translate_svc_sites pid 257: 2 text ranges, 115 svc sites
[    6.417450] kjit: translate_svc_sites pid 260: 2 text ranges, 115 svc sites
[    6.419551] kjit: translate_svc_sites pid 263: 2 text ranges, 115 svc sites
[    6.430764] kjit: translate_svc_sites pid 261: 2 text ranges, 115 svc sites
[    6.436206] kjit: translate_svc_sites pid 264: 2 text ranges, 115 svc sites
[    6.443526] kjit: translate_svc_sites pid 262: 2 text ranges, 115 svc sites
[    6.628899] kjit: translate_svc_sites pid 268: 2 text ranges, 115 svc sites
[    6.636025] kjit: translate_svc_sites pid 267: 2 text ranges, 115 svc sites
[    6.656037] kjit: translate_svc_sites pid 270: 2 text ranges, 115 svc sites
[    6.659161] kjit: translate_svc_sites pid 269: 2 text ranges, 115 svc sites
[    6.673877] kjit: translate_svc_sites pid 273: 2 text ranges, 115 svc sites
[    6.677948] kjit: translate_svc_sites pid 266: 2 text ranges, 115 svc sites
[    6.678777] kjit: translate_svc_sites pid 272: 2 text ranges, 115 svc sites
[    6.683453] kjit: translate_svc_sites pid 271: 2 text ranges, 115 svc sites
k2:   fp_preempt: in_kernel=15983 entries=16024 exit_mem=0 exit_budget=0 exit_unsupported=0 fpsimd_entries=16000 fpsimd_preempted=53 fpsimd_exit_mem=0
k2:   fp_preempt: 53 brackets switched out
[    7.078391] kjit: translate_svc_sites pid 284: 2 text ranges, 115 svc sites
[    7.159685] kjit: translate_svc_sites pid 289: 2 text ranges, 115 svc sites
[    7.166067] kjit: translate_svc_sites pid 282: 2 text ranges, 115 svc sites
[    7.173245] kjit: translate_svc_sites pid 291: 2 text ranges, 115 svc sites
[    7.184335] kjit: translate_svc_sites pid 287: 2 text ranges, 115 svc sites
[    7.234193] kjit: translate_svc_sites pid 285: 2 text ranges, 115 svc sites
[    7.256213] kjit: translate_svc_sites pid 290: 2 text ranges, 115 svc sites
[    7.315895] kjit: translate_svc_sites pid 288: 2 text ranges, 115 svc sites
[    8.761943] kjit: translate_svc_sites pid 297: 2 text ranges, 115 svc sites
[    8.843657] kjit: translate_svc_sites pid 301: 2 text ranges, 115 svc sites
[    8.867775] kjit: translate_svc_sites pid 295: 2 text ranges, 115 svc sites
[    8.873743] kjit: translate_svc_sites pid 302: 2 text ranges, 115 svc sites
[    8.907196] kjit: translate_svc_sites pid 299: 2 text ranges, 115 svc sites
[    8.915410] kjit: translate_svc_sites pid 298: 2 text ranges, 115 svc sites
[    8.924945] kjit: translate_svc_sites pid 300: 2 text ranges, 115 svc sites
[    8.992096] kjit: translate_svc_sites pid 296: 2 text ranges, 115 svc sites
k2:   fp_preempt: in_kernel=15981 entries=16021 exit_mem=0 exit_budget=0 exit_unsupported=0 fpsimd_entries=16000 fpsimd_preempted=466 fpsimd_exit_mem=0
k2:   fp_preempt_noise: 26323 NEON softirq rounds interrupted a bracket
[   10.274494] kjit: translate_svc_sites pid 310: 2 text ranges, 167 svc sites
[   10.380048] kjit: translate_svc_sites pid 312: 2 text ranges, 167 svc sites
k2:   fp_stale: in_kernel=300 entries=2757 exit_mem=0 exit_budget=0 exit_unsupported=0 fpsimd_entries=301 fpsimd_preempted=0 fpsimd_exit_mem=0
k2:   lat cpus=4 samples=7995 interval_us=1000 p50_us=34.6 p99_us=109.7 p999_us=471.2 max_us=2897.0 gt100us=122 gt1ms=4 gt5ms=0 max_cpu=1
k2:   fpsimd_run_max_ns=12558541 before fp_budget
[   12.482064] kjit: translate_svc_sites pid 326: 2 text ranges, 110 svc sites
[   12.535637] kjit: translate_svc_sites pid 327: 2 text ranges, 110 svc sites
k2:   fp_budget: in_kernel=0 entries=436 exit_mem=0 exit_budget=400 exit_unsupported=0 fpsimd_entries=400 fpsimd_preempted=2 fpsimd_exit_mem=0
k2:   fpsimd_run_max_ns=12558541 after fp_budget
[   12.622265] rust_kjit: kjit: pc 0xffff84bf5008: installed 456 bytes, 0 fault sites, 4 entries, text 0xffff84bf5000..0xffff84bf5010, fpsimd false
[   12.839701] rust_kjit: kjit: pc 0xffff9db39008: installed 456 bytes, 0 fault sites, 4 entries, text 0xffff9db39000..0xffff9db39010, fpsimd false
k2:   munmap_race: in_kernel=3774272 entries=3774511 exit_mem=0 exit_budget=0 exit_unsupported=0 fpsimd_entries=0 fpsimd_preempted=0 fpsimd_exit_mem=0
k2:   Segmentation fault
[   13.073334] kjit: translate_svc_sites pid 346: 2 text ranges, 112 svc sites
[   13.111005] kjit: translate_svc_sites pid 347: 2 text ranges, 112 svc sites
k2:   seccomp_loop: in_kernel=0 entries=0 exit_mem=0 exit_budget=0 exit_unsupported=0 fpsimd_entries=0 fpsimd_preempted=0 fpsimd_exit_mem=0
[   13.149426] kjit: translate_svc_sites pid 353: 2 text ranges, 117 svc sites
[   13.187242] kjit: translate_svc_sites pid 355: 2 text ranges, 117 svc sites
k2:   ptrace_loop: in_kernel=0 entries=0 exit_mem=0 exit_budget=0 exit_unsupported=0 fpsimd_entries=0 fpsimd_preempted=0 fpsimd_exit_mem=0
[   13.226767] kjit: translate_svc_sites pid 362: 2 text ranges, 111 svc sites
Killed
[   14.244702] kjit: translate_svc_sites pid 368: 2 text ranges, 110 svc sites
Killed
[   15.260668] kjit: translate_svc_sites pid 374: 2 text ranges, 110 svc sites
[   15.261748] rust_kjit: kjit: pc 0x400be8: installed 532 bytes, 0 fault sites, 2 entries, text 0x400be8..0x400bf0, fpsimd false
[   15.262736] rust_kjit: kjit: pc 0x400bcc: installed 1104 bytes, 1 fault sites, 11 entries, text 0x400bbc..0x400be8, fpsimd false
Killed
[   16.287345] kjit: translate_svc_sites pid 380: 3 text ranges, 110 svc sites
[   16.287550] rust_kjit: kjit: pc 0x1000000: installed 532 bytes, 0 fault sites, 2 entries, text 0x1000000..0x1000008, fpsimd false
[   16.287925] rust_kjit: kjit: pc 0x1400000: installed 532 bytes, 0 fault sites, 2 entries, text 0x1400000..0x1400008, fpsimd false
[   16.288499] rust_kjit: kjit: pc 0x1800000: installed 532 bytes, 0 fault sites, 2 entries, text 0x1800000..0x1800008, fpsimd false
[   16.289251] rust_kjit: kjit: pc 0xc00034: installed 1108 bytes, 1 fault sites, 15 entries, text 0xc00024..0xc00060, fpsimd false
Killed
k2: iteration 1 PASS
k2: stats
k2:   syscalls_in_kernel 21501904
k2:   fragment_entries 42119502
k2:   chains 17453738
k2:   chain_cap 17058
k2:   run_declined 40851
k2:   exit_svc 21501952
k2:   exit_bl 9019
k2:   exit_blr 20356107
k2:   exit_br 0
k2:   exit_ret 61506
k2:   exit_mem 518
k2:   exit_unsupported 20003
k2:   exit_budget 170397
k2:   exit_invalid 0
k2:   svc_declined 48
k2:   translate_ok 12617
k2:   translate_exists 0
k2:   translate_text_unreadable 0
k2:   translate_entry_unsupported 174
k2:   translate_compile_failed 0
k2:   translate_encode_failed 0
k2:   translate_verify_rejected 0
k2:   translate_verify_falls_off_end 0
k2:   translate_raced 0
k2:   translate_capped 0
k2:   translate_install_failed 0
k2:   invalidated_fragments 2802
k2:   released_fragments 9815
k2:   svc_sites_scanned 9967
k2:   auto_mm_created 0
k2:   auto_mm_setup_failed 0
k2:   auto_prof_full 0
k2:   auto_hot_negative 0
k2:   auto_hot_capped 0
k2:   auto_hot_queue_full 0
k2:   auto_req_svc_resume 0
k2:   auto_req_exit_target 0
k2:   auto_req_dropped 0
k2:   auto_req_stale 0
k2:   auto_neg_added 0
k2:   auto_neg_evicted 0
k2:   auto_translate_ns 0
k2:   unsupported_top_dropped 0
k2:   unsupported_bad_word 0
k2:   fpsimd_entries 762597
k2:   fpsimd_preempted 521
k2:   fpsimd_exit_mem 515
k2:   fpsimd_refused_sve_sme 0
k2:   ibtc_insert 69805280
k2:   ibtc_replace 69802404
k2:   ibtc_clear 2876
k2:   ibtc_fpsimd_boundary 0
k2:   ibtc_miss_cold 2958957
k2:   ibtc_miss_conflict 17467661
k2:   ibtc_miss_other 14
k2:   hook_calls 24720114
k2:   fpsimd_run_max_ns 12558541
k2:   chain_max 1024
k2:   chain_hist_1_1 24645576
k2:   chain_hist_2_3 3129
k2:   chain_hist_256_511 1
k2:   chain_hist_1024_2047 17058
k2: ALL PASS (1 iterations, auto=0)
[   17.300431] kjit: translate_svc_sites pid 385: 2 text ranges, 111 svc sites
k2: left toy_loop 385 hot for rmmod (36618852 syscalls in kernel so far)
[   18.289008] kjit: 0 of 0 translation requests still queued at unload (freed by the kernel)
[   18.351105] rust_kjit: ######## Rust KJIT exits ########
kjit-init: rmmod kjit ok
kjit-init: run exit=0
[   18.368532] reboot: Power down
