[    0.000000] Booting Linux on physical CPU 0x0000000000 [0x610f0000]
[    0.000000] Linux version 7.1.0-rc1+ (@kjit-dev-container) (Ubuntu clang version 18.1.3 (1ubuntu1), Ubuntu LLD 18.1.3) #2 SMP PREEMPT Sat Oct 10 02:33:24 UTC 2026
[    0.000000] random: crng init done
[    0.000000] Machine model: linux,dummy-virt
[    0.000000] OF: reserved mem: Reserved memory: No reserved-memory node in the DT
[    0.000000] psci: probing for conduit method from DT.
[    0.000000] psci: PSCIv1.1 detected in firmware.
[    0.000000] psci: Using standard PSCI v0.2 function IDs
[    0.000000] psci: Trusted OS migration not required
[    0.000000] psci: SMC Calling Convention v1.0
[    0.000000] Zone ranges:
[    0.000000]   Normal   [mem 0x0000000040000000-0x000000013fffffff]
[    0.000000] Movable zone start for each node
[    0.000000] Early memory node ranges
[    0.000000]   node   0: [mem 0x0000000040000000-0x000000013fffffff]
[    0.000000] Initmem setup node 0 [mem 0x0000000040000000-0x000000013fffffff]
[    0.000000] percpu: Embedded 19 pages/cpu s38488 r8192 d31144 u77824
[    0.000000] Detected PIPT I-cache on CPU0
[    0.000000] CPU features: detected: Address authentication (IMP DEF algorithm)
[    0.000000] CPU features: detected: Spectre-v4
[    0.000000] CPU features: detected: Spectre-BHB
[    0.000000] alternatives: applying boot alternatives
[    0.000000] Kernel command line: console=ttyAMA0 panic=-1 nokaslr
[    0.000000] Unknown kernel command line parameters "nokaslr", will be passed to user space.
[    0.000000] printk: log buffer data + meta data: 131072 + 458752 = 589824 bytes
[    0.000000] Dentry cache hash table entries: 524288 (order: 10, 4194304 bytes, linear)
[    0.000000] Inode-cache hash table entries: 262144 (order: 9, 2097152 bytes, linear)
[    0.000000] software IO TLB: SWIOTLB bounce buffer size adjusted to 4MB
[    0.000000] software IO TLB: area num 4.
[    0.000000] software IO TLB: mapped [mem 0x000000013ac00000-0x000000013b000000] (4MB)
[    0.000000] Built 1 zonelists, mobility grouping on.  Total pages: 1048576
[    0.000000] mem auto-init: stack:all(zero), heap alloc:off, heap free:off
[    0.000000] SLUB: HWalign=64, Order=0-3, MinObjects=0, CPUs=4, Nodes=1
[    0.000000] rcu: Preemptible hierarchical RCU implementation.
[    0.000000] rcu: 	RCU restricting CPUs from NR_CPUS=512 to nr_cpu_ids=4.
[    0.000000] rcu: RCU calculated value of scheduler-enlistment delay is 25 jiffies.
[    0.000000] rcu: Adjusting geometry for rcu_fanout_leaf=16, nr_cpu_ids=4
[    0.000000] NR_IRQS: 64, nr_irqs: 64, preallocated irqs: 0
[    0.000000] Root IRQ handler: gic_handle_irq
[    0.000000] GICv2m: range[mem 0x08020000-0x08020fff], SPI[80:143]
[    0.000000] rcu: srcu_init: Setting srcu_struct sizes based on contention.
[    0.000000] arch_timer: cp15 timer running at 24.00MHz (virt).
[    0.000000] clocksource: arch_sys_counter: mask: 0xffffffffffffff max_cycles: 0x588fe9dc0, max_idle_ns: 440795202592 ns
[    0.000000] sched_clock: 56 bits at 24MHz, resolution 41ns, wraps every 4398046511097ns
[    0.000114] Console: colour dummy device 80x25
[    0.000120] Calibrating delay loop (skipped), value calculated using timer frequency.. 48.00 BogoMIPS (lpj=96000)
[    0.000124] pid_max: default: 32768 minimum: 301
[    0.000264] Mount-cache hash table entries: 8192 (order: 4, 65536 bytes, linear)
[    0.000272] Mountpoint-cache hash table entries: 8192 (order: 4, 65536 bytes, linear)
[    0.000344] VFS: Finished mounting rootfs on nullfs
[    0.000483] cacheinfo: Unable to detect cache hierarchy for CPU 0
[    0.000591] rcu: Hierarchical SRCU implementation.
[    0.000591] rcu: 	Max phase no-delay instances is 1000.
[    0.000610] Timer migration: 1 hierarchy levels; 8 children per group; 1 crossnode level
[    0.000643] smp: Bringing up secondary CPUs ...
[    0.000821] Detected PIPT I-cache on CPU1
[    0.000898] CPU1: Booted secondary processor 0x0000000001 [0x610f0000]
[    0.001112] Detected PIPT I-cache on CPU2
[    0.001206] CPU2: Booted secondary processor 0x0000000002 [0x610f0000]
[    0.001455] Detected PIPT I-cache on CPU3
[    0.001563] CPU3: Booted secondary processor 0x0000000003 [0x610f0000]
[    0.001636] smp: Brought up 1 node, 4 CPUs
[    0.001637] SMP: Total of 4 processors activated.
[    0.001638] CPU: All CPU(s) started at EL1
[    0.001638] CPU features: detected: ARMv8.4 Translation Table Level
[    0.001639] CPU features: detected: Data cache clean to the PoU not required for I/D coherence
[    0.001639] CPU features: detected: CRC32 instructions
[    0.001639] CPU features: detected: Data independent timing control (DIT)
[    0.001640] CPU features: detected: E0PD
[    0.001640] CPU features: detected: Generic authentication (IMP DEF algorithm)
[    0.001641] CPU features: detected: RCpc load-acquire (LDAPR)
[    0.001641] CPU features: detected: LSE atomic instructions
[    0.001642] CPU features: detected: Privileged Access Never
[    0.001642] CPU features: detected: Speculation barrier (SB)
[    0.001642] CPU features: detected: TLB range maintenance instructions
[    0.001643] CPU features: detected: XNX
[    0.001785] alternatives: applying system-wide alternatives
[    0.002744] Memory: 3909756K/4194304K available (5248K kernel code, 754K rwdata, 2356K rodata, 576K init, 405K bss, 281368K reserved, 0K cma-reserved)
[    0.002975] devtmpfs: initialized
[    0.003253] clocksource: jiffies: mask: 0xffffffff max_cycles: 0xffffffff, max_idle_ns: 7645041785100000 ns
[    0.003256] posixtimers hash table entries: 2048 (order: 3, 32768 bytes, linear)
[    0.003271] futex hash table entries: 1024 (65536 bytes on 1 NUMA nodes, total 64 KiB, linear).
[    0.003276] 30384 pages in range for non-PLT usage
[    0.003281] 521904 pages in range for PLT usage
[    0.003334] NET: Registered PF_NETLINK/PF_ROUTE protocol family
[    0.003771] DMA: preallocated 512 KiB GFP_KERNEL pool for atomic allocations
[    0.003810] ASID allocator initialised with 256 entries
[    0.003818] Serial: AMBA PL011 UART driver
[    0.004339] 9000000.pl011: ttyAMA0 at MMIO 0x9000000 (irq = 13, base_baud = 0) is a PL011 rev1
[    0.004604] printk: console [ttyAMA0] enabled
[    0.010612] vgaarb: loaded
[    0.010885] clocksource: Switched to clocksource arch_sys_counter
[    0.022051] NET: Registered PF_INET protocol family
[    0.022149] IP idents hash table entries: 65536 (order: 7, 524288 bytes, linear)
[    0.022615] tcp_listen_portaddr_hash hash table entries: 2048 (order: 3, 32768 bytes, linear)
[    0.022622] Table-perturb hash table entries: 65536 (order: 6, 262144 bytes, linear)
[    0.022624] TCP established hash table entries: 32768 (order: 6, 262144 bytes, linear)
[    0.022682] TCP bind hash table entries: 32768 (order: 8, 1048576 bytes, linear)
[    0.022858] TCP: Hash tables configured (established 32768 bind 32768)
[    0.022922] UDP hash table entries: 2048 (order: 5, 131072 bytes, linear)
[    0.022953] NET: Registered PF_UNIX/PF_LOCAL protocol family
[    0.022957] PCI: CLS 0 bytes, default 64
[    0.023251] Unpacking initramfs...
[    0.027410] workingset: timestamp_bits=46 (anon: 42) max_order=20 bucket_order=0 (anon: 0)
[    0.027532] 9p: Installing v9fs 9p2000 file system support
[    0.028025] pci-host-generic 4010000000.pcie: host bridge /pcie@10000000 ranges:
[    0.028031] pci-host-generic 4010000000.pcie:       IO 0x003eff0000..0x003effffff -> 0x0000000000
[    0.028033] pci-host-generic 4010000000.pcie:      MEM 0x0010000000..0x003efeffff -> 0x0010000000
[    0.028034] pci-host-generic 4010000000.pcie:      MEM 0x8000000000..0xffffffffff -> 0x8000000000
[    0.028046] pci-host-generic 4010000000.pcie: Memory resource size exceeds max for 32 bits
[    0.028055] pci-host-generic 4010000000.pcie: ECAM at [mem 0x4010000000-0x401fffffff] for [bus 00-ff]
[    0.028069] pci-host-generic 4010000000.pcie: PCI host bridge to bus 0000:00
[    0.028070] pci_bus 0000:00: root bus resource [bus 00-ff]
[    0.028071] pci_bus 0000:00: root bus resource [io  0x0000-0xffff]
[    0.028071] pci_bus 0000:00: root bus resource [mem 0x10000000-0x3efeffff]
[    0.028072] pci_bus 0000:00: root bus resource [mem 0x8000000000-0xffffffffff]
[    0.028116] pci 0000:00:00.0: [1b36:0008] type 00 class 0x060000 conventional PCI endpoint
[    0.028628] pci 0000:00:01.0: [1af4:1000] type 00 class 0x020000 conventional PCI endpoint
[    0.028905] pci 0000:00:01.0: BAR 0 [io  0x0000-0x001f]
[    0.028908] pci 0000:00:01.0: BAR 1 [mem 0x00000000-0x00000fff]
[    0.028914] pci 0000:00:01.0: BAR 4 [mem 0x00000000-0x00003fff 64bit pref]
[    0.028916] pci 0000:00:01.0: ROM [mem 0x00000000-0x0003ffff pref]
[    0.029241] pci 0000:00:02.0: [1af4:1009] type 00 class 0x000200 conventional PCI endpoint
[    0.029358] pci 0000:00:02.0: BAR 0 [io  0x0000-0x003f]
[    0.029363] pci 0000:00:02.0: BAR 1 [mem 0x00000000-0x00000fff]
[    0.029429] pci 0000:00:02.0: BAR 4 [mem 0x00000000-0x00003fff 64bit pref]
[    0.029769] pci 0000:00:03.0: [1af4:1005] type 00 class 0x00ff00 conventional PCI endpoint
[    0.030001] pci 0000:00:03.0: BAR 0 [io  0x0000-0x001f]
[    0.030003] pci 0000:00:03.0: BAR 1 [mem 0x00000000-0x00000fff]
[    0.030019] pci 0000:00:03.0: BAR 4 [mem 0x00000000-0x00003fff 64bit pref]
[    0.030506] pci 0000:00:01.0: ROM [mem 0x10000000-0x1003ffff pref]: assigned
[    0.030508] pci 0000:00:01.0: BAR 4 [mem 0x8000000000-0x8000003fff 64bit pref]: assigned
[    0.030554] pci 0000:00:02.0: BAR 4 [mem 0x8000004000-0x8000007fff 64bit pref]: assigned
[    0.030619] pci 0000:00:03.0: BAR 4 [mem 0x8000008000-0x800000bfff 64bit pref]: assigned
[    0.030695] pci 0000:00:01.0: BAR 1 [mem 0x10040000-0x10040fff]: assigned
[    0.030700] pci 0000:00:02.0: BAR 1 [mem 0x10041000-0x10041fff]: assigned
[    0.030735] pci 0000:00:03.0: BAR 1 [mem 0x10042000-0x10042fff]: assigned
[    0.030755] pci 0000:00:02.0: BAR 0 [io  0x1000-0x103f]: assigned
[    0.030770] pci 0000:00:01.0: BAR 0 [io  0x1040-0x105f]: assigned
[    0.030775] pci 0000:00:03.0: BAR 0 [io  0x1060-0x107f]: assigned
[    0.030826] pci_bus 0000:00: resource 4 [io  0x0000-0xffff]
[    0.030827] pci_bus 0000:00: resource 5 [mem 0x10000000-0x3efeffff]
[    0.030827] pci_bus 0000:00: resource 6 [mem 0x8000000000-0xffffffffff]
[    0.031874] virtio-pci 0000:00:01.0: enabling device (0000 -> 0003)
[    0.032799] virtio-pci 0000:00:02.0: enabling device (0000 -> 0003)
[    0.033622] virtio-pci 0000:00:03.0: enabling device (0000 -> 0003)
[    0.083164] rtc-pl031 9010000.pl031: registered as rtc0
[    0.083187] rtc-pl031 9010000.pl031: setting system clock to 2026-10-10T03:07:38 UTC (1791601658)
[    0.083309] NET: Registered PF_INET6 protocol family
[    0.083831] Segment Routing with IPv6
[    0.083835] In-situ OAM (IOAM) with IPv6
[    0.083842] sit: IPv6, IPv4 and MPLS over IPv4 tunneling driver
[    0.083899] NET: Registered PF_PACKET protocol family
[    0.083904] 9pnet: Installing 9P2000 support
[    0.088909] clk: Disabling unused clocks
[    0.131245] Freeing initrd memory: 186348K
[    0.131642] Freeing unused kernel memory: 576K
[    0.131687] Run /init as init process
[    0.146711] kjit: loading out-of-tree module taints kernel.
[    0.147728] rust_kjit: ######## Rust KJIT inits ########
[    0.147779] rust_kjit: golden tests/arm64/toy_cfg.s:hot_svc_mark PASS: 844 fragment bytes match harness
kjit-init: insmod kjit.ko ok
[    0.193061] kjit: translate_svc_sites pid 83: 2 text ranges, 115 svc sites
[    0.194935] kjit: translate_svc_sites pid 82: 2 text ranges, 115 svc sites
[    0.205862] kjit: translate_svc_sites pid 81: 2 text ranges, 115 svc sites
[    0.210198] kjit: translate_svc_sites pid 87: 2 text ranges, 115 svc sites
[    0.224622] kjit: translate_svc_sites pid 88: 2 text ranges, 115 svc sites
[    0.228072] kjit: translate_svc_sites pid 86: 2 text ranges, 115 svc sites
[    0.228723] kjit: translate_svc_sites pid 84: 2 text ranges, 115 svc sites
[    0.233643] kjit: translate_svc_sites pid 85: 2 text ranges, 115 svc sites
[    0.450348] kjit: translate_svc_sites pid 97: 2 text ranges, 115 svc sites
[    0.453259] kjit: translate_svc_sites pid 100: 2 text ranges, 115 svc sites
[    0.459202] kjit: translate_svc_sites pid 98: 2 text ranges, 115 svc sites
[    0.460264] kjit: translate_svc_sites pid 101: 2 text ranges, 115 svc sites
[    0.460851] kjit: translate_svc_sites pid 103: 2 text ranges, 115 svc sites
[    0.463491] kjit: translate_svc_sites pid 102: 2 text ranges, 115 svc sites
[    0.465938] kjit: translate_svc_sites pid 99: 2 text ranges, 115 svc sites
[    0.468096] kjit: translate_svc_sites pid 104: 2 text ranges, 115 svc sites
[    0.680634] kjit: translate_svc_sites pid 110: 2 text ranges, 115 svc sites
[    0.685700] kjit: translate_svc_sites pid 113: 2 text ranges, 115 svc sites
[    0.689757] kjit: translate_svc_sites pid 109: 2 text ranges, 115 svc sites
[    0.697537] kjit: translate_svc_sites pid 115: 2 text ranges, 115 svc sites
[    0.702194] kjit: translate_svc_sites pid 111: 2 text ranges, 115 svc sites
[    0.707338] kjit: translate_svc_sites pid 114: 2 text ranges, 115 svc sites
[    0.708269] kjit: translate_svc_sites pid 112: 2 text ranges, 115 svc sites
[    0.715660] kjit: translate_svc_sites pid 116: 2 text ranges, 115 svc sites
[    0.912482] kjit: translate_svc_sites pid 129: 2 text ranges, 115 svc sites
[    0.917712] kjit: translate_svc_sites pid 128: 2 text ranges, 115 svc sites
[    0.920677] kjit: translate_svc_sites pid 130: 2 text ranges, 115 svc sites
[    0.921344] kjit: translate_svc_sites pid 125: 2 text ranges, 115 svc sites
[    0.925551] kjit: translate_svc_sites pid 127: 2 text ranges, 115 svc sites
[    0.926860] kjit: translate_svc_sites pid 132: 2 text ranges, 115 svc sites
[    0.929465] kjit: translate_svc_sites pid 126: 2 text ranges, 115 svc sites
[    0.930559] kjit: translate_svc_sites pid 131: 2 text ranges, 115 svc sites
[    1.138515] kjit: translate_svc_sites pid 141: 2 text ranges, 115 svc sites
[    1.162274] kjit: translate_svc_sites pid 140: 2 text ranges, 115 svc sites
[    1.170313] kjit: translate_svc_sites pid 145: 2 text ranges, 115 svc sites
[    1.174377] kjit: translate_svc_sites pid 143: 2 text ranges, 115 svc sites
[    1.174805] kjit: translate_svc_sites pid 142: 2 text ranges, 115 svc sites
[    1.176313] kjit: translate_svc_sites pid 139: 2 text ranges, 115 svc sites
[    1.178008] kjit: translate_svc_sites pid 146: 2 text ranges, 115 svc sites
[    1.182632] kjit: translate_svc_sites pid 144: 2 text ranges, 115 svc sites
[    1.386996] kjit: translate_svc_sites pid 151: 2 text ranges, 115 svc sites
[    1.396457] kjit: translate_svc_sites pid 152: 2 text ranges, 115 svc sites
[    1.400653] kjit: translate_svc_sites pid 150: 2 text ranges, 115 svc sites
[    1.404395] kjit: translate_svc_sites pid 156: 2 text ranges, 115 svc sites
[    1.413955] kjit: translate_svc_sites pid 154: 2 text ranges, 115 svc sites
[    1.427369] kjit: translate_svc_sites pid 157: 2 text ranges, 115 svc sites
[    1.429284] kjit: translate_svc_sites pid 153: 2 text ranges, 115 svc sites
[    1.431249] kjit: translate_svc_sites pid 155: 2 text ranges, 115 svc sites
[    1.617885] kjit: translate_svc_sites pid 167: 2 text ranges, 115 svc sites
[    1.635754] kjit: translate_svc_sites pid 166: 2 text ranges, 115 svc sites
[    1.651997] kjit: translate_svc_sites pid 165: 2 text ranges, 115 svc sites
[    1.653035] kjit: translate_svc_sites pid 171: 2 text ranges, 115 svc sites
[    1.653677] kjit: translate_svc_sites pid 168: 2 text ranges, 115 svc sites
[    1.655806] kjit: translate_svc_sites pid 172: 2 text ranges, 115 svc sites
[    1.656371] kjit: translate_svc_sites pid 170: 2 text ranges, 115 svc sites
[    1.657012] kjit: translate_svc_sites pid 169: 2 text ranges, 115 svc sites
[    1.859733] kjit: translate_svc_sites pid 176: 2 text ranges, 115 svc sites
[    1.869775] kjit: translate_svc_sites pid 175: 2 text ranges, 115 svc sites
[    1.875191] kjit: translate_svc_sites pid 181: 2 text ranges, 115 svc sites
[    1.887772] kjit: translate_svc_sites pid 180: 2 text ranges, 115 svc sites
[    1.892301] kjit: translate_svc_sites pid 179: 2 text ranges, 115 svc sites
[    1.892403] kjit: translate_svc_sites pid 177: 2 text ranges, 115 svc sites
[    1.897764] kjit: translate_svc_sites pid 178: 2 text ranges, 115 svc sites
[    1.901306] kjit: translate_svc_sites pid 182: 2 text ranges, 115 svc sites
[    2.101251] kjit: translate_svc_sites pid 190: 2 text ranges, 115 svc sites
[    2.111595] kjit: translate_svc_sites pid 192: 2 text ranges, 115 svc sites
[    2.119651] kjit: translate_svc_sites pid 195: 2 text ranges, 115 svc sites
[    2.120171] kjit: translate_svc_sites pid 197: 2 text ranges, 115 svc sites
[    2.120790] kjit: translate_svc_sites pid 191: 2 text ranges, 115 svc sites
[    2.127564] kjit: translate_svc_sites pid 196: 2 text ranges, 115 svc sites
[    2.129083] kjit: translate_svc_sites pid 193: 2 text ranges, 115 svc sites
[    2.132242] kjit: translate_svc_sites pid 194: 2 text ranges, 115 svc sites
[    2.340070] kjit: translate_svc_sites pid 200: 2 text ranges, 115 svc sites
[    2.342370] kjit: translate_svc_sites pid 205: 2 text ranges, 115 svc sites
[    2.347842] kjit: translate_svc_sites pid 207: 2 text ranges, 115 svc sites
[    2.348643] kjit: translate_svc_sites pid 202: 2 text ranges, 115 svc sites
[    2.352431] kjit: translate_svc_sites pid 204: 2 text ranges, 115 svc sites
[    2.354680] kjit: translate_svc_sites pid 206: 2 text ranges, 115 svc sites
[    2.355243] kjit: translate_svc_sites pid 201: 2 text ranges, 115 svc sites
[    2.355289] kjit: translate_svc_sites pid 203: 2 text ranges, 115 svc sites
[    2.559339] kjit: translate_svc_sites pid 212: 2 text ranges, 115 svc sites
[    2.561303] kjit: translate_svc_sites pid 210: 2 text ranges, 115 svc sites
[    2.580549] kjit: translate_svc_sites pid 215: 2 text ranges, 115 svc sites
[    2.582872] kjit: translate_svc_sites pid 216: 2 text ranges, 115 svc sites
[    2.584416] kjit: translate_svc_sites pid 213: 2 text ranges, 115 svc sites
[    2.584851] kjit: translate_svc_sites pid 214: 2 text ranges, 115 svc sites
[    2.587205] kjit: translate_svc_sites pid 211: 2 text ranges, 115 svc sites
[    2.592476] kjit: translate_svc_sites pid 217: 2 text ranges, 115 svc sites
[    2.793173] kjit: translate_svc_sites pid 232: 2 text ranges, 115 svc sites
[    2.797521] kjit: translate_svc_sites pid 229: 2 text ranges, 115 svc sites
[    2.798399] kjit: translate_svc_sites pid 228: 2 text ranges, 115 svc sites
[    2.800007] kjit: translate_svc_sites pid 234: 2 text ranges, 115 svc sites
[    2.805826] kjit: translate_svc_sites pid 227: 2 text ranges, 115 svc sites
[    2.809013] kjit: translate_svc_sites pid 231: 2 text ranges, 115 svc sites
[    2.815648] kjit: translate_svc_sites pid 233: 2 text ranges, 115 svc sites
[    2.820579] kjit: translate_svc_sites pid 230: 2 text ranges, 115 svc sites
[    3.022726] kjit: translate_svc_sites pid 243: 2 text ranges, 115 svc sites
[    3.024851] kjit: translate_svc_sites pid 242: 2 text ranges, 115 svc sites
[    3.043152] kjit: translate_svc_sites pid 244: 2 text ranges, 115 svc sites
[    3.044395] kjit: translate_svc_sites pid 245: 2 text ranges, 115 svc sites
[    3.058974] kjit: translate_svc_sites pid 248: 2 text ranges, 115 svc sites
[    3.060853] kjit: translate_svc_sites pid 247: 2 text ranges, 115 svc sites
[    3.063737] kjit: translate_svc_sites pid 241: 2 text ranges, 115 svc sites
[    3.065350] kjit: translate_svc_sites pid 246: 2 text ranges, 115 svc sites
[    3.269369] kjit: translate_svc_sites pid 255: 2 text ranges, 115 svc sites
[    3.272264] kjit: translate_svc_sites pid 256: 2 text ranges, 115 svc sites
[    3.298744] kjit: translate_svc_sites pid 254: 2 text ranges, 115 svc sites
[    3.303720] kjit: translate_svc_sites pid 258: 2 text ranges, 115 svc sites
[    3.304769] kjit: translate_svc_sites pid 257: 2 text ranges, 115 svc sites
[    3.305611] kjit: translate_svc_sites pid 260: 2 text ranges, 115 svc sites
[    3.309230] kjit: translate_svc_sites pid 261: 2 text ranges, 115 svc sites
[    3.313717] kjit: translate_svc_sites pid 259: 2 text ranges, 115 svc sites
[    3.510196] kjit: translate_svc_sites pid 268: 2 text ranges, 115 svc sites
[    3.515409] kjit: translate_svc_sites pid 267: 2 text ranges, 115 svc sites
[    3.518112] kjit: translate_svc_sites pid 266: 2 text ranges, 115 svc sites
[    3.518180] kjit: translate_svc_sites pid 265: 2 text ranges, 115 svc sites
[    3.531416] kjit: translate_svc_sites pid 272: 2 text ranges, 115 svc sites
[    3.542877] kjit: translate_svc_sites pid 271: 2 text ranges, 115 svc sites
[    3.548940] kjit: translate_svc_sites pid 269: 2 text ranges, 115 svc sites
[    3.549193] kjit: translate_svc_sites pid 270: 2 text ranges, 115 svc sites
[    3.747232] kjit: translate_svc_sites pid 281: 2 text ranges, 115 svc sites
[    3.763573] kjit: translate_svc_sites pid 278: 2 text ranges, 115 svc sites
[    3.764517] kjit: translate_svc_sites pid 282: 2 text ranges, 115 svc sites
[    3.764564] kjit: translate_svc_sites pid 279: 2 text ranges, 115 svc sites
[    3.766379] kjit: translate_svc_sites pid 283: 2 text ranges, 115 svc sites
[    3.770373] kjit: translate_svc_sites pid 284: 2 text ranges, 115 svc sites
[    3.771488] kjit: translate_svc_sites pid 280: 2 text ranges, 115 svc sites
[    3.780918] kjit: translate_svc_sites pid 277: 2 text ranges, 115 svc sites
[    3.974068] kjit: translate_svc_sites pid 291: 2 text ranges, 115 svc sites
[    3.989365] kjit: translate_svc_sites pid 292: 2 text ranges, 115 svc sites
[    4.004481] kjit: translate_svc_sites pid 294: 2 text ranges, 115 svc sites
[    4.005483] kjit: translate_svc_sites pid 295: 2 text ranges, 115 svc sites
[    4.006162] kjit: translate_svc_sites pid 296: 2 text ranges, 115 svc sites
[    4.009213] kjit: translate_svc_sites pid 293: 2 text ranges, 115 svc sites
[    4.014708] kjit: translate_svc_sites pid 297: 2 text ranges, 115 svc sites
[    4.015508] kjit: translate_svc_sites pid 290: 2 text ranges, 115 svc sites
[    4.213109] kjit: translate_svc_sites pid 305: 2 text ranges, 115 svc sites
[    4.225489] kjit: translate_svc_sites pid 306: 2 text ranges, 115 svc sites
[    4.241672] kjit: translate_svc_sites pid 307: 2 text ranges, 115 svc sites
[    4.246365] kjit: translate_svc_sites pid 310: 2 text ranges, 115 svc sites
[    4.264954] kjit: translate_svc_sites pid 311: 2 text ranges, 115 svc sites
[    4.268581] kjit: translate_svc_sites pid 309: 2 text ranges, 115 svc sites
[    4.270511] kjit: translate_svc_sites pid 312: 2 text ranges, 115 svc sites
[    4.277432] kjit: translate_svc_sites pid 308: 2 text ranges, 115 svc sites
[    4.474594] kjit: translate_svc_sites pid 319: 2 text ranges, 115 svc sites
[    4.483369] kjit: translate_svc_sites pid 315: 2 text ranges, 115 svc sites
[    4.485679] kjit: translate_svc_sites pid 320: 2 text ranges, 115 svc sites
[    4.487395] kjit: translate_svc_sites pid 317: 2 text ranges, 115 svc sites
[    4.490759] kjit: translate_svc_sites pid 322: 2 text ranges, 115 svc sites
[    4.505696] kjit: translate_svc_sites pid 316: 2 text ranges, 115 svc sites
[    4.507446] kjit: translate_svc_sites pid 321: 2 text ranges, 115 svc sites
[    4.509682] kjit: translate_svc_sites pid 318: 2 text ranges, 115 svc sites
[    4.723964] kjit: translate_svc_sites pid 331: 2 text ranges, 115 svc sites
[    4.725898] kjit: translate_svc_sites pid 334: 2 text ranges, 115 svc sites
[    4.742208] kjit: translate_svc_sites pid 337: 2 text ranges, 115 svc sites
[    4.742290] kjit: translate_svc_sites pid 336: 2 text ranges, 115 svc sites
[    4.743041] kjit: translate_svc_sites pid 332: 2 text ranges, 115 svc sites
[    4.743322] kjit: translate_svc_sites pid 333: 2 text ranges, 115 svc sites
[    4.750457] kjit: translate_svc_sites pid 335: 2 text ranges, 115 svc sites
[    4.754329] kjit: translate_svc_sites pid 330: 2 text ranges, 115 svc sites
[    4.945152] kjit: translate_svc_sites pid 345: 2 text ranges, 115 svc sites
[    4.975349] kjit: translate_svc_sites pid 344: 2 text ranges, 115 svc sites
[    4.975788] kjit: translate_svc_sites pid 349: 2 text ranges, 115 svc sites
[    4.976491] kjit: translate_svc_sites pid 343: 2 text ranges, 115 svc sites
[    4.977078] kjit: translate_svc_sites pid 350: 2 text ranges, 115 svc sites
[    4.986807] kjit: translate_svc_sites pid 346: 2 text ranges, 115 svc sites
[    4.987997] kjit: translate_svc_sites pid 347: 2 text ranges, 115 svc sites
[    4.988953] kjit: translate_svc_sites pid 348: 2 text ranges, 115 svc sites
[    5.177524] kjit: translate_svc_sites pid 354: 2 text ranges, 115 svc sites
[    5.181799] kjit: translate_svc_sites pid 355: 2 text ranges, 115 svc sites
[    5.208238] kjit: translate_svc_sites pid 359: 2 text ranges, 115 svc sites
[    5.210584] kjit: translate_svc_sites pid 360: 2 text ranges, 115 svc sites
[    5.211191] kjit: translate_svc_sites pid 357: 2 text ranges, 115 svc sites
[    5.212720] kjit: translate_svc_sites pid 356: 2 text ranges, 115 svc sites
[    5.213577] kjit: translate_svc_sites pid 353: 2 text ranges, 115 svc sites
[    5.218594] kjit: translate_svc_sites pid 358: 2 text ranges, 115 svc sites
[    5.417029] kjit: translate_svc_sites pid 367: 2 text ranges, 115 svc sites
[    5.423910] kjit: translate_svc_sites pid 366: 2 text ranges, 115 svc sites
[    5.441393] kjit: translate_svc_sites pid 368: 2 text ranges, 115 svc sites
[    5.443771] kjit: translate_svc_sites pid 369: 2 text ranges, 115 svc sites
[    5.462030] kjit: translate_svc_sites pid 370: 2 text ranges, 115 svc sites
[    5.464953] kjit: translate_svc_sites pid 365: 2 text ranges, 115 svc sites
[    5.468113] kjit: translate_svc_sites pid 371: 2 text ranges, 115 svc sites
[    5.471429] kjit: translate_svc_sites pid 372: 2 text ranges, 115 svc sites
[    5.665933] kjit: translate_svc_sites pid 375: 2 text ranges, 115 svc sites
[    5.671489] kjit: translate_svc_sites pid 380: 2 text ranges, 115 svc sites
[    5.686308] kjit: translate_svc_sites pid 378: 2 text ranges, 115 svc sites
[    5.692825] kjit: translate_svc_sites pid 376: 2 text ranges, 115 svc sites
[    5.695301] kjit: translate_svc_sites pid 379: 2 text ranges, 115 svc sites
[    5.699579] kjit: translate_svc_sites pid 377: 2 text ranges, 115 svc sites
[    5.701539] kjit: translate_svc_sites pid 382: 2 text ranges, 115 svc sites
[    5.703409] kjit: translate_svc_sites pid 381: 2 text ranges, 115 svc sites
[    5.923349] kjit: translate_svc_sites pid 392: 2 text ranges, 115 svc sites
[    5.924125] kjit: translate_svc_sites pid 386: 2 text ranges, 115 svc sites
[    5.931837] kjit: translate_svc_sites pid 388: 2 text ranges, 115 svc sites
[    5.932837] kjit: translate_svc_sites pid 390: 2 text ranges, 115 svc sites
[    5.937837] kjit: translate_svc_sites pid 389: 2 text ranges, 115 svc sites
[    5.940302] kjit: translate_svc_sites pid 391: 2 text ranges, 115 svc sites
[    5.940874] kjit: translate_svc_sites pid 387: 2 text ranges, 115 svc sites
[    5.941473] kjit: translate_svc_sites pid 393: 2 text ranges, 115 svc sites
[    6.151783] kjit: translate_svc_sites pid 398: 2 text ranges, 115 svc sites
[    6.155516] kjit: translate_svc_sites pid 397: 2 text ranges, 115 svc sites
[    6.156318] kjit: translate_svc_sites pid 402: 2 text ranges, 115 svc sites
[    6.160724] kjit: translate_svc_sites pid 396: 2 text ranges, 115 svc sites
[    6.170620] kjit: translate_svc_sites pid 401: 2 text ranges, 115 svc sites
[    6.173560] kjit: translate_svc_sites pid 403: 2 text ranges, 115 svc sites
[    6.174139] kjit: translate_svc_sites pid 399: 2 text ranges, 115 svc sites
[    6.174657] kjit: translate_svc_sites pid 400: 2 text ranges, 115 svc sites
[    6.375733] kjit: translate_svc_sites pid 415: 2 text ranges, 115 svc sites
[    6.378386] kjit: translate_svc_sites pid 413: 2 text ranges, 115 svc sites
[    6.379609] kjit: translate_svc_sites pid 414: 2 text ranges, 115 svc sites
[    6.400480] kjit: translate_svc_sites pid 419: 2 text ranges, 115 svc sites
[    6.401486] kjit: translate_svc_sites pid 417: 2 text ranges, 115 svc sites
[    6.405041] kjit: translate_svc_sites pid 418: 2 text ranges, 115 svc sites
[    6.405971] kjit: translate_svc_sites pid 412: 2 text ranges, 115 svc sites
[    6.406446] kjit: translate_svc_sites pid 416: 2 text ranges, 115 svc sites
[    6.606733] kjit: translate_svc_sites pid 426: 2 text ranges, 115 svc sites
[    6.613812] kjit: translate_svc_sites pid 425: 2 text ranges, 115 svc sites
[    6.631232] kjit: translate_svc_sites pid 430: 2 text ranges, 115 svc sites
[    6.637833] kjit: translate_svc_sites pid 428: 2 text ranges, 115 svc sites
[    6.641728] kjit: translate_svc_sites pid 431: 2 text ranges, 115 svc sites
[    6.643419] kjit: translate_svc_sites pid 429: 2 text ranges, 115 svc sites
[    6.647807] kjit: translate_svc_sites pid 427: 2 text ranges, 115 svc sites
[    6.656082] kjit: translate_svc_sites pid 424: 2 text ranges, 115 svc sites
[    6.847549] kjit: translate_svc_sites pid 440: 2 text ranges, 115 svc sites
[    6.860646] kjit: translate_svc_sites pid 439: 2 text ranges, 115 svc sites
[    6.863991] kjit: translate_svc_sites pid 442: 2 text ranges, 115 svc sites
[    6.870032] kjit: translate_svc_sites pid 443: 2 text ranges, 115 svc sites
[    6.871540] kjit: translate_svc_sites pid 441: 2 text ranges, 115 svc sites
[    6.873916] kjit: translate_svc_sites pid 445: 2 text ranges, 115 svc sites
[    6.876898] kjit: translate_svc_sites pid 438: 2 text ranges, 115 svc sites
[    6.879468] kjit: translate_svc_sites pid 444: 2 text ranges, 115 svc sites
[    7.074558] kjit: translate_svc_sites pid 449: 2 text ranges, 115 svc sites
[    7.078354] kjit: translate_svc_sites pid 450: 2 text ranges, 115 svc sites
[    7.096657] kjit: translate_svc_sites pid 451: 2 text ranges, 115 svc sites
[    7.097852] kjit: translate_svc_sites pid 452: 2 text ranges, 115 svc sites
[    7.103602] kjit: translate_svc_sites pid 454: 2 text ranges, 115 svc sites
[    7.104378] kjit: translate_svc_sites pid 453: 2 text ranges, 115 svc sites
[    7.104809] kjit: translate_svc_sites pid 448: 2 text ranges, 115 svc sites
[    7.106056] kjit: translate_svc_sites pid 455: 2 text ranges, 115 svc sites
[    7.312854] kjit: translate_svc_sites pid 466: 2 text ranges, 115 svc sites
[    7.318668] kjit: translate_svc_sites pid 460: 2 text ranges, 115 svc sites
[    7.328475] kjit: translate_svc_sites pid 464: 2 text ranges, 115 svc sites
[    7.330341] kjit: translate_svc_sites pid 463: 2 text ranges, 115 svc sites
[    7.332114] kjit: translate_svc_sites pid 462: 2 text ranges, 115 svc sites
[    7.334137] kjit: translate_svc_sites pid 461: 2 text ranges, 115 svc sites
[    7.338137] kjit: translate_svc_sites pid 467: 2 text ranges, 115 svc sites
[    7.340489] kjit: translate_svc_sites pid 465: 2 text ranges, 115 svc sites
[    7.547387] kjit: translate_svc_sites pid 473: 2 text ranges, 115 svc sites
[    7.555129] kjit: translate_svc_sites pid 472: 2 text ranges, 115 svc sites
[    7.560114] kjit: translate_svc_sites pid 475: 2 text ranges, 115 svc sites
[    7.567395] kjit: translate_svc_sites pid 471: 2 text ranges, 115 svc sites
[    7.570989] kjit: translate_svc_sites pid 477: 2 text ranges, 115 svc sites
[    7.574180] kjit: translate_svc_sites pid 474: 2 text ranges, 115 svc sites
[    7.583664] kjit: translate_svc_sites pid 478: 2 text ranges, 115 svc sites
[    7.584778] kjit: translate_svc_sites pid 476: 2 text ranges, 115 svc sites
[    7.772643] kjit: translate_svc_sites pid 485: 2 text ranges, 115 svc sites
[    7.787027] kjit: translate_svc_sites pid 488: 2 text ranges, 115 svc sites
[    7.788804] kjit: translate_svc_sites pid 489: 2 text ranges, 115 svc sites
[    7.789971] kjit: translate_svc_sites pid 484: 2 text ranges, 115 svc sites
[    7.792345] kjit: translate_svc_sites pid 483: 2 text ranges, 115 svc sites
[    7.797575] kjit: translate_svc_sites pid 490: 2 text ranges, 115 svc sites
[    7.799056] kjit: translate_svc_sites pid 486: 2 text ranges, 115 svc sites
[    7.815261] kjit: translate_svc_sites pid 487: 2 text ranges, 115 svc sites
[    8.015461] kjit: translate_svc_sites pid 497: 2 text ranges, 115 svc sites
[    8.019337] kjit: translate_svc_sites pid 500: 2 text ranges, 115 svc sites
[    8.027155] kjit: translate_svc_sites pid 502: 2 text ranges, 115 svc sites
[    8.028954] kjit: translate_svc_sites pid 501: 2 text ranges, 115 svc sites
[    8.029571] kjit: translate_svc_sites pid 495: 2 text ranges, 115 svc sites
[    8.032670] kjit: translate_svc_sites pid 498: 2 text ranges, 115 svc sites
[    8.033953] kjit: translate_svc_sites pid 496: 2 text ranges, 115 svc sites
[    8.034715] kjit: translate_svc_sites pid 499: 2 text ranges, 115 svc sites
[    8.241446] kjit: translate_svc_sites pid 511: 2 text ranges, 115 svc sites
[    8.244881] kjit: translate_svc_sites pid 514: 2 text ranges, 115 svc sites
[    8.246045] kjit: translate_svc_sites pid 509: 2 text ranges, 115 svc sites
[    8.261525] kjit: translate_svc_sites pid 510: 2 text ranges, 115 svc sites
[    8.272063] kjit: translate_svc_sites pid 513: 2 text ranges, 115 svc sites
[    8.273805] kjit: translate_svc_sites pid 512: 2 text ranges, 115 svc sites
[    8.274757] kjit: translate_svc_sites pid 515: 2 text ranges, 115 svc sites
[    8.278721] kjit: translate_svc_sites pid 508: 2 text ranges, 115 svc sites
[    8.485061] kjit: translate_svc_sites pid 523: 2 text ranges, 115 svc sites
[    8.489628] kjit: translate_svc_sites pid 525: 2 text ranges, 115 svc sites
[    8.491262] kjit: translate_svc_sites pid 520: 2 text ranges, 115 svc sites
[    8.497114] kjit: translate_svc_sites pid 518: 2 text ranges, 115 svc sites
[    8.506708] kjit: translate_svc_sites pid 522: 2 text ranges, 115 svc sites
[    8.511788] kjit: translate_svc_sites pid 519: 2 text ranges, 115 svc sites
[    8.512754] kjit: translate_svc_sites pid 524: 2 text ranges, 115 svc sites
[    8.519868] kjit: translate_svc_sites pid 521: 2 text ranges, 115 svc sites
[    8.710063] kjit: translate_svc_sites pid 531: 2 text ranges, 115 svc sites
[    8.714527] kjit: translate_svc_sites pid 532: 2 text ranges, 115 svc sites
[    8.718496] kjit: translate_svc_sites pid 533: 2 text ranges, 115 svc sites
[    8.761792] kjit: translate_svc_sites pid 535: 2 text ranges, 115 svc sites
[    8.774337] kjit: translate_svc_sites pid 534: 2 text ranges, 115 svc sites
[    8.775404] kjit: translate_svc_sites pid 536: 2 text ranges, 115 svc sites
[    8.776608] kjit: translate_svc_sites pid 538: 2 text ranges, 115 svc sites
[    8.779961] kjit: translate_svc_sites pid 537: 2 text ranges, 115 svc sites
[    8.971285] kjit: translate_svc_sites pid 544: 2 text ranges, 115 svc sites
[    8.973307] kjit: translate_svc_sites pid 546: 2 text ranges, 115 svc sites
[    8.973953] kjit: translate_svc_sites pid 547: 2 text ranges, 115 svc sites
[    8.977630] kjit: translate_svc_sites pid 543: 2 text ranges, 115 svc sites
[    8.988746] kjit: translate_svc_sites pid 548: 2 text ranges, 115 svc sites
[    8.988808] kjit: translate_svc_sites pid 549: 2 text ranges, 115 svc sites
[    8.989669] kjit: translate_svc_sites pid 545: 2 text ranges, 115 svc sites
[    8.992609] kjit: translate_svc_sites pid 550: 2 text ranges, 115 svc sites
[    9.185149] kjit: translate_svc_sites pid 556: 2 text ranges, 115 svc sites
[    9.191738] kjit: translate_svc_sites pid 561: 2 text ranges, 115 svc sites
[    9.192932] kjit: translate_svc_sites pid 554: 2 text ranges, 115 svc sites
[    9.208603] kjit: translate_svc_sites pid 555: 2 text ranges, 115 svc sites
[    9.211895] kjit: translate_svc_sites pid 559: 2 text ranges, 115 svc sites
[    9.213696] kjit: translate_svc_sites pid 557: 2 text ranges, 115 svc sites
[    9.215867] kjit: translate_svc_sites pid 558: 2 text ranges, 115 svc sites
[    9.216787] kjit: translate_svc_sites pid 560: 2 text ranges, 115 svc sites
[    9.409150] kjit: translate_svc_sites pid 572: 2 text ranges, 115 svc sites
[    9.414617] kjit: translate_svc_sites pid 573: 2 text ranges, 115 svc sites
[    9.418701] kjit: translate_svc_sites pid 576: 2 text ranges, 115 svc sites
[    9.421688] kjit: translate_svc_sites pid 574: 2 text ranges, 115 svc sites
[    9.428387] kjit: translate_svc_sites pid 577: 2 text ranges, 115 svc sites
[    9.435584] kjit: translate_svc_sites pid 575: 2 text ranges, 115 svc sites
[    9.439717] kjit: translate_svc_sites pid 578: 2 text ranges, 115 svc sites
[    9.442256] kjit: translate_svc_sites pid 579: 2 text ranges, 115 svc sites
[    9.622312] kjit: translate_svc_sites pid 584: 2 text ranges, 115 svc sites
[    9.637748] kjit: translate_svc_sites pid 582: 2 text ranges, 115 svc sites
[    9.641271] kjit: translate_svc_sites pid 583: 2 text ranges, 115 svc sites
[    9.644832] kjit: translate_svc_sites pid 587: 2 text ranges, 115 svc sites
[    9.652390] kjit: translate_svc_sites pid 585: 2 text ranges, 115 svc sites
[    9.658580] kjit: translate_svc_sites pid 589: 2 text ranges, 115 svc sites
[    9.665286] kjit: translate_svc_sites pid 586: 2 text ranges, 115 svc sites
[    9.669998] kjit: translate_svc_sites pid 588: 2 text ranges, 115 svc sites
[    9.878584] kjit: translate_svc_sites pid 595: 2 text ranges, 115 svc sites
[    9.889510] kjit: translate_svc_sites pid 602: 2 text ranges, 115 svc sites
[    9.889533] kjit: translate_svc_sites pid 596: 2 text ranges, 115 svc sites
[    9.894158] kjit: translate_svc_sites pid 597: 2 text ranges, 115 svc sites
[    9.901826] kjit: translate_svc_sites pid 601: 2 text ranges, 115 svc sites
[    9.903860] kjit: translate_svc_sites pid 598: 2 text ranges, 115 svc sites
[    9.908275] kjit: translate_svc_sites pid 599: 2 text ranges, 115 svc sites
[    9.908925] kjit: translate_svc_sites pid 600: 2 text ranges, 115 svc sites
[   10.089451] kjit: translate_svc_sites pid 606: 2 text ranges, 115 svc sites
[   10.105732] kjit: translate_svc_sites pid 610: 2 text ranges, 115 svc sites
[   10.110671] kjit: translate_svc_sites pid 611: 2 text ranges, 115 svc sites
[   10.115268] kjit: translate_svc_sites pid 607: 2 text ranges, 115 svc sites
[   10.116268] kjit: translate_svc_sites pid 608: 2 text ranges, 115 svc sites
[   10.118537] kjit: translate_svc_sites pid 613: 2 text ranges, 115 svc sites
[   10.121596] kjit: translate_svc_sites pid 609: 2 text ranges, 115 svc sites
[   10.124568] kjit: translate_svc_sites pid 612: 2 text ranges, 115 svc sites
[   10.340020] kjit: translate_svc_sites pid 628: 2 text ranges, 115 svc sites
[   10.342338] kjit: translate_svc_sites pid 625: 2 text ranges, 115 svc sites
[   10.343315] kjit: translate_svc_sites pid 624: 2 text ranges, 115 svc sites
[   10.350414] kjit: translate_svc_sites pid 627: 2 text ranges, 115 svc sites
[   10.352420] kjit: translate_svc_sites pid 626: 2 text ranges, 115 svc sites
[   10.353402] kjit: translate_svc_sites pid 630: 2 text ranges, 115 svc sites
[   10.354329] kjit: translate_svc_sites pid 629: 2 text ranges, 115 svc sites
[   10.355018] kjit: translate_svc_sites pid 631: 2 text ranges, 115 svc sites
[   10.562486] kjit: translate_svc_sites pid 636: 2 text ranges, 115 svc sites
[   10.563859] kjit: translate_svc_sites pid 635: 2 text ranges, 115 svc sites
[   10.571371] kjit: translate_svc_sites pid 638: 2 text ranges, 115 svc sites
[   10.577265] kjit: translate_svc_sites pid 641: 2 text ranges, 115 svc sites
[   10.587882] kjit: translate_svc_sites pid 640: 2 text ranges, 115 svc sites
[   10.589572] kjit: translate_svc_sites pid 637: 2 text ranges, 115 svc sites
[   10.589630] kjit: translate_svc_sites pid 634: 2 text ranges, 115 svc sites
[   10.590673] kjit: translate_svc_sites pid 639: 2 text ranges, 115 svc sites
[   10.782745] kjit: translate_svc_sites pid 644: 2 text ranges, 115 svc sites
[   10.793472] kjit: translate_svc_sites pid 645: 2 text ranges, 115 svc sites
[   10.796642] kjit: translate_svc_sites pid 646: 2 text ranges, 115 svc sites
[   10.822318] kjit: translate_svc_sites pid 649: 2 text ranges, 115 svc sites
[   10.830068] kjit: translate_svc_sites pid 648: 2 text ranges, 115 svc sites
[   10.839665] kjit: translate_svc_sites pid 651: 2 text ranges, 115 svc sites
[   10.840215] kjit: translate_svc_sites pid 650: 2 text ranges, 115 svc sites
[   10.841249] kjit: translate_svc_sites pid 647: 2 text ranges, 115 svc sites
[   11.044163] kjit: translate_svc_sites pid 657: 2 text ranges, 115 svc sites
[   11.045833] kjit: translate_svc_sites pid 654: 2 text ranges, 115 svc sites
[   11.048033] kjit: translate_svc_sites pid 658: 2 text ranges, 115 svc sites
[   11.059432] kjit: translate_svc_sites pid 661: 2 text ranges, 115 svc sites
[   11.064052] kjit: translate_svc_sites pid 659: 2 text ranges, 115 svc sites
[   11.068745] kjit: translate_svc_sites pid 660: 2 text ranges, 115 svc sites
[   11.069088] kjit: translate_svc_sites pid 655: 2 text ranges, 115 svc sites
[   11.069741] kjit: translate_svc_sites pid 656: 2 text ranges, 115 svc sites
[   11.268503] kjit: translate_svc_sites pid 665: 2 text ranges, 115 svc sites
[   11.279658] kjit: translate_svc_sites pid 668: 2 text ranges, 115 svc sites
[   11.280809] kjit: translate_svc_sites pid 667: 2 text ranges, 115 svc sites
[   11.284624] kjit: translate_svc_sites pid 669: 2 text ranges, 115 svc sites
[   11.287402] kjit: translate_svc_sites pid 670: 2 text ranges, 115 svc sites
[   11.290336] kjit: translate_svc_sites pid 671: 2 text ranges, 115 svc sites
[   11.292234] kjit: translate_svc_sites pid 672: 2 text ranges, 115 svc sites
[   11.296621] kjit: translate_svc_sites pid 666: 2 text ranges, 115 svc sites
[   11.496769] kjit: translate_svc_sites pid 680: 2 text ranges, 115 svc sites
[   11.514204] kjit: translate_svc_sites pid 681: 2 text ranges, 115 svc sites
[   11.517213] kjit: translate_svc_sites pid 683: 2 text ranges, 115 svc sites
[   11.522540] kjit: translate_svc_sites pid 682: 2 text ranges, 115 svc sites
[   11.531721] kjit: translate_svc_sites pid 685: 2 text ranges, 115 svc sites
[   11.539693] kjit: translate_svc_sites pid 686: 2 text ranges, 115 svc sites
[   11.540564] kjit: translate_svc_sites pid 687: 2 text ranges, 115 svc sites
[   11.541848] kjit: translate_svc_sites pid 684: 2 text ranges, 115 svc sites
[   11.732571] kjit: translate_svc_sites pid 690: 2 text ranges, 115 svc sites
[   11.741813] kjit: translate_svc_sites pid 692: 2 text ranges, 115 svc sites
[   11.751162] kjit: translate_svc_sites pid 691: 2 text ranges, 115 svc sites
[   11.777530] kjit: translate_svc_sites pid 695: 2 text ranges, 115 svc sites
[   11.780398] kjit: translate_svc_sites pid 697: 2 text ranges, 115 svc sites
[   11.785888] kjit: translate_svc_sites pid 693: 2 text ranges, 115 svc sites
[   11.789404] kjit: translate_svc_sites pid 694: 2 text ranges, 115 svc sites
[   11.792087] kjit: translate_svc_sites pid 696: 2 text ranges, 115 svc sites
[   11.981813] kjit: translate_svc_sites pid 701: 2 text ranges, 115 svc sites
[   11.994426] kjit: translate_svc_sites pid 707: 2 text ranges, 115 svc sites
[   12.001719] kjit: translate_svc_sites pid 705: 2 text ranges, 115 svc sites
[   12.002694] kjit: translate_svc_sites pid 708: 2 text ranges, 115 svc sites
[   12.008543] kjit: translate_svc_sites pid 702: 2 text ranges, 115 svc sites
[   12.009732] kjit: translate_svc_sites pid 706: 2 text ranges, 115 svc sites
[   12.011449] kjit: translate_svc_sites pid 703: 2 text ranges, 115 svc sites
[   12.014459] kjit: translate_svc_sites pid 704: 2 text ranges, 115 svc sites
[   12.227540] kjit: translate_svc_sites pid 712: 2 text ranges, 115 svc sites
[   12.236854] kjit: translate_svc_sites pid 716: 2 text ranges, 115 svc sites
[   12.238459] kjit: translate_svc_sites pid 713: 2 text ranges, 115 svc sites
[   12.239999] kjit: translate_svc_sites pid 711: 2 text ranges, 115 svc sites
[   12.243288] kjit: translate_svc_sites pid 715: 2 text ranges, 115 svc sites
[   12.244255] kjit: translate_svc_sites pid 718: 2 text ranges, 115 svc sites
[   12.245706] kjit: translate_svc_sites pid 717: 2 text ranges, 115 svc sites
[   12.246681] kjit: translate_svc_sites pid 714: 2 text ranges, 115 svc sites
[   12.461052] kjit: translate_svc_sites pid 724: 2 text ranges, 115 svc sites
[   12.467869] kjit: translate_svc_sites pid 722: 2 text ranges, 115 svc sites
[   12.476775] kjit: translate_svc_sites pid 723: 2 text ranges, 115 svc sites
[   12.476777] kjit: translate_svc_sites pid 721: 2 text ranges, 115 svc sites
[   12.480042] kjit: translate_svc_sites pid 725: 2 text ranges, 115 svc sites
[   12.481441] kjit: translate_svc_sites pid 726: 2 text ranges, 115 svc sites
[   12.484988] kjit: translate_svc_sites pid 727: 2 text ranges, 115 svc sites
[   12.491174] kjit: translate_svc_sites pid 728: 2 text ranges, 115 svc sites
[   12.696735] kjit: translate_svc_sites pid 737: 2 text ranges, 115 svc sites
[   12.705730] kjit: translate_svc_sites pid 738: 2 text ranges, 115 svc sites
[   12.707648] kjit: translate_svc_sites pid 743: 2 text ranges, 115 svc sites
[   12.708206] kjit: translate_svc_sites pid 739: 2 text ranges, 115 svc sites
[   12.716024] kjit: translate_svc_sites pid 742: 2 text ranges, 115 svc sites
[   12.716575] kjit: translate_svc_sites pid 741: 2 text ranges, 115 svc sites
[   12.717436] kjit: translate_svc_sites pid 744: 2 text ranges, 115 svc sites
[   12.718680] kjit: translate_svc_sites pid 740: 2 text ranges, 115 svc sites
[   12.922588] kjit: translate_svc_sites pid 749: 2 text ranges, 115 svc sites
[   12.923833] kjit: translate_svc_sites pid 748: 2 text ranges, 115 svc sites
[   12.929616] kjit: translate_svc_sites pid 753: 2 text ranges, 115 svc sites
[   12.931640] kjit: translate_svc_sites pid 754: 2 text ranges, 115 svc sites
[   12.933431] kjit: translate_svc_sites pid 747: 2 text ranges, 115 svc sites
[   12.936328] kjit: translate_svc_sites pid 752: 2 text ranges, 115 svc sites
[   12.940732] kjit: translate_svc_sites pid 751: 2 text ranges, 115 svc sites
[   12.942787] kjit: translate_svc_sites pid 750: 2 text ranges, 115 svc sites
[   13.136855] kjit: translate_svc_sites pid 759: 2 text ranges, 115 svc sites
[   13.142556] kjit: translate_svc_sites pid 758: 2 text ranges, 115 svc sites
[   13.157713] kjit: translate_svc_sites pid 760: 2 text ranges, 115 svc sites
[   13.158023] kjit: translate_svc_sites pid 765: 2 text ranges, 115 svc sites
[   13.172015] kjit: translate_svc_sites pid 761: 2 text ranges, 115 svc sites
[   13.175273] kjit: translate_svc_sites pid 763: 2 text ranges, 115 svc sites
[   13.178605] kjit: translate_svc_sites pid 762: 2 text ranges, 115 svc sites
[   13.178625] kjit: translate_svc_sites pid 764: 2 text ranges, 115 svc sites
[   13.381969] kjit: translate_svc_sites pid 774: 2 text ranges, 115 svc sites
[   13.389579] kjit: translate_svc_sites pid 771: 2 text ranges, 115 svc sites
[   13.394854] kjit: translate_svc_sites pid 778: 2 text ranges, 115 svc sites
[   13.399235] kjit: translate_svc_sites pid 777: 2 text ranges, 115 svc sites
[   13.406204] kjit: translate_svc_sites pid 772: 2 text ranges, 115 svc sites
[   13.410854] kjit: translate_svc_sites pid 776: 2 text ranges, 115 svc sites
[   13.412437] kjit: translate_svc_sites pid 775: 2 text ranges, 115 svc sites
[   13.414297] kjit: translate_svc_sites pid 773: 2 text ranges, 115 svc sites
[   13.621410] kjit: translate_svc_sites pid 784: 2 text ranges, 115 svc sites
[   13.637293] kjit: translate_svc_sites pid 783: 2 text ranges, 115 svc sites
[   13.639132] kjit: translate_svc_sites pid 782: 2 text ranges, 115 svc sites
[   13.639865] kjit: translate_svc_sites pid 781: 2 text ranges, 115 svc sites
[   13.646579] kjit: translate_svc_sites pid 785: 2 text ranges, 115 svc sites
[   13.649930] kjit: translate_svc_sites pid 788: 2 text ranges, 115 svc sites
[   13.651032] kjit: translate_svc_sites pid 786: 2 text ranges, 115 svc sites
[   13.653341] kjit: translate_svc_sites pid 787: 2 text ranges, 115 svc sites
[   13.854868] kjit: translate_svc_sites pid 791: 2 text ranges, 115 svc sites
[   13.862519] kjit: translate_svc_sites pid 798: 2 text ranges, 115 svc sites
[   13.867795] kjit: translate_svc_sites pid 795: 2 text ranges, 115 svc sites
[   13.872121] kjit: translate_svc_sites pid 793: 2 text ranges, 115 svc sites
[   13.875059] kjit: translate_svc_sites pid 794: 2 text ranges, 115 svc sites
[   13.889910] kjit: translate_svc_sites pid 792: 2 text ranges, 115 svc sites
[   13.893807] kjit: translate_svc_sites pid 797: 2 text ranges, 115 svc sites
[   13.900715] kjit: translate_svc_sites pid 796: 2 text ranges, 115 svc sites
[   14.095387] kjit: translate_svc_sites pid 801: 2 text ranges, 115 svc sites
[   14.105611] kjit: translate_svc_sites pid 804: 2 text ranges, 115 svc sites
[   14.112024] kjit: translate_svc_sites pid 808: 2 text ranges, 115 svc sites
[   14.122077] kjit: translate_svc_sites pid 807: 2 text ranges, 115 svc sites
[   14.123026] kjit: translate_svc_sites pid 805: 2 text ranges, 115 svc sites
[   14.130435] kjit: translate_svc_sites pid 803: 2 text ranges, 115 svc sites
[   14.133901] kjit: translate_svc_sites pid 802: 2 text ranges, 115 svc sites
[   14.135932] kjit: translate_svc_sites pid 806: 2 text ranges, 115 svc sites
[   14.326735] kjit: translate_svc_sites pid 813: 2 text ranges, 115 svc sites
[   14.341276] kjit: translate_svc_sites pid 814: 2 text ranges, 115 svc sites
[   14.353277] kjit: translate_svc_sites pid 815: 2 text ranges, 115 svc sites
[   14.365978] kjit: translate_svc_sites pid 817: 2 text ranges, 115 svc sites
[   14.370137] kjit: translate_svc_sites pid 819: 2 text ranges, 115 svc sites
[   14.373663] kjit: translate_svc_sites pid 818: 2 text ranges, 115 svc sites
[   14.379963] kjit: translate_svc_sites pid 820: 2 text ranges, 115 svc sites
[   14.380740] kjit: translate_svc_sites pid 816: 2 text ranges, 115 svc sites
[   14.596971] kjit: translate_svc_sites pid 826: 2 text ranges, 115 svc sites
[   14.606776] kjit: translate_svc_sites pid 823: 2 text ranges, 115 svc sites
[   14.608985] kjit: translate_svc_sites pid 830: 2 text ranges, 115 svc sites
[   14.609695] kjit: translate_svc_sites pid 824: 2 text ranges, 115 svc sites
[   14.611030] kjit: translate_svc_sites pid 825: 2 text ranges, 115 svc sites
[   14.621791] kjit: translate_svc_sites pid 829: 2 text ranges, 115 svc sites
[   14.623606] kjit: translate_svc_sites pid 827: 2 text ranges, 115 svc sites
[   14.625882] kjit: translate_svc_sites pid 828: 2 text ranges, 115 svc sites
[   14.832482] kjit: translate_svc_sites pid 833: 2 text ranges, 115 svc sites
[   14.836037] kjit: translate_svc_sites pid 838: 2 text ranges, 115 svc sites
[   14.841444] kjit: translate_svc_sites pid 836: 2 text ranges, 115 svc sites
[   14.841924] kjit: translate_svc_sites pid 835: 2 text ranges, 115 svc sites
[   14.851339] kjit: translate_svc_sites pid 837: 2 text ranges, 115 svc sites
[   14.852358] kjit: translate_svc_sites pid 840: 2 text ranges, 115 svc sites
[   14.856084] kjit: translate_svc_sites pid 839: 2 text ranges, 115 svc sites
[   14.864371] kjit: translate_svc_sites pid 834: 2 text ranges, 115 svc sites
[   15.066161] kjit: translate_svc_sites pid 850: 2 text ranges, 115 svc sites
[   15.068656] kjit: translate_svc_sites pid 844: 2 text ranges, 115 svc sites
[   15.069908] kjit: translate_svc_sites pid 845: 2 text ranges, 115 svc sites
[   15.073570] kjit: translate_svc_sites pid 851: 2 text ranges, 115 svc sites
[   15.074273] kjit: translate_svc_sites pid 846: 2 text ranges, 115 svc sites
[   15.082250] kjit: translate_svc_sites pid 847: 2 text ranges, 115 svc sites
[   15.086377] kjit: translate_svc_sites pid 849: 2 text ranges, 115 svc sites
[   15.088440] kjit: translate_svc_sites pid 848: 2 text ranges, 115 svc sites
[   15.293966] kjit: translate_svc_sites pid 862: 2 text ranges, 115 svc sites
[   15.295091] kjit: translate_svc_sites pid 856: 2 text ranges, 115 svc sites
[   15.297022] kjit: translate_svc_sites pid 863: 2 text ranges, 115 svc sites
[   15.306341] kjit: translate_svc_sites pid 857: 2 text ranges, 115 svc sites
[   15.308185] kjit: translate_svc_sites pid 859: 2 text ranges, 115 svc sites
[   15.318410] kjit: translate_svc_sites pid 858: 2 text ranges, 115 svc sites
[   15.319202] kjit: translate_svc_sites pid 861: 2 text ranges, 115 svc sites
[   15.324874] kjit: translate_svc_sites pid 860: 2 text ranges, 115 svc sites
[   15.539600] kjit: translate_svc_sites pid 870: 2 text ranges, 115 svc sites
[   15.551026] kjit: translate_svc_sites pid 868: 2 text ranges, 115 svc sites
[   15.552262] kjit: translate_svc_sites pid 866: 2 text ranges, 115 svc sites
[   15.554628] kjit: translate_svc_sites pid 871: 2 text ranges, 115 svc sites
[   15.557874] kjit: translate_svc_sites pid 873: 2 text ranges, 115 svc sites
[   15.561001] kjit: translate_svc_sites pid 867: 2 text ranges, 115 svc sites
[   15.563063] kjit: translate_svc_sites pid 872: 2 text ranges, 115 svc sites
[   15.566235] kjit: translate_svc_sites pid 869: 2 text ranges, 115 svc sites
[   15.773754] kjit: translate_svc_sites pid 879: 2 text ranges, 115 svc sites
[   15.796142] kjit: translate_svc_sites pid 886: 2 text ranges, 115 svc sites
[   15.798873] kjit: translate_svc_sites pid 885: 2 text ranges, 115 svc sites
[   15.799726] kjit: translate_svc_sites pid 882: 2 text ranges, 115 svc sites
[   15.800656] kjit: translate_svc_sites pid 881: 2 text ranges, 115 svc sites
[   15.803902] kjit: translate_svc_sites pid 884: 2 text ranges, 115 svc sites
[   15.806158] kjit: translate_svc_sites pid 883: 2 text ranges, 115 svc sites
[   15.806716] kjit: translate_svc_sites pid 880: 2 text ranges, 115 svc sites
[   16.008869] kjit: translate_svc_sites pid 894: 2 text ranges, 115 svc sites
[   16.020736] kjit: translate_svc_sites pid 891: 2 text ranges, 115 svc sites
[   16.028469] kjit: translate_svc_sites pid 889: 2 text ranges, 115 svc sites
[   16.035569] kjit: translate_svc_sites pid 890: 2 text ranges, 115 svc sites
[   16.043366] kjit: translate_svc_sites pid 892: 2 text ranges, 115 svc sites
[   16.043898] kjit: translate_svc_sites pid 893: 2 text ranges, 115 svc sites
[   16.048419] kjit: translate_svc_sites pid 895: 2 text ranges, 115 svc sites
[   16.050774] kjit: translate_svc_sites pid 896: 2 text ranges, 115 svc sites
[   16.259201] kjit: translate_svc_sites pid 900: 2 text ranges, 115 svc sites
[   16.265432] kjit: translate_svc_sites pid 901: 2 text ranges, 115 svc sites
[   16.274625] kjit: translate_svc_sites pid 906: 2 text ranges, 115 svc sites
[   16.275617] kjit: translate_svc_sites pid 899: 2 text ranges, 115 svc sites
[   16.278473] kjit: translate_svc_sites pid 905: 2 text ranges, 115 svc sites
[   16.279487] kjit: translate_svc_sites pid 902: 2 text ranges, 115 svc sites
[   16.281190] kjit: translate_svc_sites pid 903: 2 text ranges, 115 svc sites
[   16.284499] kjit: translate_svc_sites pid 904: 2 text ranges, 115 svc sites
[   16.486581] kjit: translate_svc_sites pid 911: 2 text ranges, 115 svc sites
[   16.489733] kjit: translate_svc_sites pid 909: 2 text ranges, 115 svc sites
[   16.500033] kjit: translate_svc_sites pid 910: 2 text ranges, 115 svc sites
[   16.512962] kjit: translate_svc_sites pid 915: 2 text ranges, 115 svc sites
[   16.515516] kjit: translate_svc_sites pid 914: 2 text ranges, 115 svc sites
[   16.517993] kjit: translate_svc_sites pid 913: 2 text ranges, 115 svc sites
[   16.523138] kjit: translate_svc_sites pid 916: 2 text ranges, 115 svc sites
[   16.527024] kjit: translate_svc_sites pid 912: 2 text ranges, 115 svc sites
[   16.726305] kjit: translate_svc_sites pid 923: 2 text ranges, 115 svc sites
[   16.738325] kjit: translate_svc_sites pid 926: 2 text ranges, 115 svc sites
[   16.745335] kjit: translate_svc_sites pid 922: 2 text ranges, 115 svc sites
[   16.746116] kjit: translate_svc_sites pid 920: 2 text ranges, 115 svc sites
[   16.746807] kjit: translate_svc_sites pid 927: 2 text ranges, 115 svc sites
[   16.748082] kjit: translate_svc_sites pid 921: 2 text ranges, 115 svc sites
[   16.748687] kjit: translate_svc_sites pid 925: 2 text ranges, 115 svc sites
[   16.756808] kjit: translate_svc_sites pid 924: 2 text ranges, 115 svc sites
[   16.939555] kjit: translate_svc_sites pid 933: 2 text ranges, 115 svc sites
[   16.960700] kjit: translate_svc_sites pid 935: 2 text ranges, 115 svc sites
[   16.965700] kjit: translate_svc_sites pid 939: 2 text ranges, 115 svc sites
[   16.972980] kjit: translate_svc_sites pid 934: 2 text ranges, 115 svc sites
[   16.974481] kjit: translate_svc_sites pid 936: 2 text ranges, 115 svc sites
[   16.977707] kjit: translate_svc_sites pid 938: 2 text ranges, 115 svc sites
[   16.979764] kjit: translate_svc_sites pid 940: 2 text ranges, 115 svc sites
[   16.989123] kjit: translate_svc_sites pid 937: 2 text ranges, 115 svc sites
[   17.198166] kjit: translate_svc_sites pid 944: 2 text ranges, 115 svc sites
[   17.209313] kjit: translate_svc_sites pid 947: 2 text ranges, 115 svc sites
[   17.214698] kjit: translate_svc_sites pid 943: 2 text ranges, 115 svc sites
[   17.214704] kjit: translate_svc_sites pid 945: 2 text ranges, 115 svc sites
[   17.221632] kjit: translate_svc_sites pid 949: 2 text ranges, 115 svc sites
[   17.224667] kjit: translate_svc_sites pid 948: 2 text ranges, 115 svc sites
[   17.226195] kjit: translate_svc_sites pid 950: 2 text ranges, 115 svc sites
[   17.226620] kjit: translate_svc_sites pid 946: 2 text ranges, 115 svc sites
[   17.424982] kjit: translate_svc_sites pid 955: 2 text ranges, 115 svc sites
[   17.448800] kjit: translate_svc_sites pid 959: 2 text ranges, 115 svc sites
[   17.449301] kjit: translate_svc_sites pid 956: 2 text ranges, 115 svc sites
[   17.453187] kjit: translate_svc_sites pid 953: 2 text ranges, 115 svc sites
[   17.454728] kjit: translate_svc_sites pid 957: 2 text ranges, 115 svc sites
[   17.458019] kjit: translate_svc_sites pid 954: 2 text ranges, 115 svc sites
[   17.459026] kjit: translate_svc_sites pid 960: 2 text ranges, 115 svc sites
[   17.461433] kjit: translate_svc_sites pid 958: 2 text ranges, 115 svc sites
[   17.675672] kjit: translate_svc_sites pid 970: 2 text ranges, 115 svc sites
[   17.679467] kjit: translate_svc_sites pid 968: 2 text ranges, 115 svc sites
[   17.688458] kjit: translate_svc_sites pid 966: 2 text ranges, 115 svc sites
[   17.694656] kjit: translate_svc_sites pid 965: 2 text ranges, 115 svc sites
[   17.696508] kjit: translate_svc_sites pid 964: 2 text ranges, 115 svc sites
[   17.697339] kjit: translate_svc_sites pid 967: 2 text ranges, 115 svc sites
[   17.700354] kjit: translate_svc_sites pid 971: 2 text ranges, 115 svc sites
[   17.702875] kjit: translate_svc_sites pid 969: 2 text ranges, 115 svc sites
[   17.901255] kjit: translate_svc_sites pid 975: 2 text ranges, 115 svc sites
[   17.914118] kjit: translate_svc_sites pid 980: 2 text ranges, 115 svc sites
[   17.927831] kjit: translate_svc_sites pid 977: 2 text ranges, 115 svc sites
[   17.930203] kjit: translate_svc_sites pid 978: 2 text ranges, 115 svc sites
[   17.935810] kjit: translate_svc_sites pid 982: 2 text ranges, 115 svc sites
[   17.936658] kjit: translate_svc_sites pid 981: 2 text ranges, 115 svc sites
[   17.939224] kjit: translate_svc_sites pid 976: 2 text ranges, 115 svc sites
[   17.941194] kjit: translate_svc_sites pid 979: 2 text ranges, 115 svc sites
[   18.157460] kjit: translate_svc_sites pid 989: 2 text ranges, 115 svc sites
[   18.163026] kjit: translate_svc_sites pid 985: 2 text ranges, 115 svc sites
[   18.169761] kjit: translate_svc_sites pid 987: 2 text ranges, 115 svc sites
[   18.170470] kjit: translate_svc_sites pid 986: 2 text ranges, 115 svc sites
[   18.177919] kjit: translate_svc_sites pid 991: 2 text ranges, 115 svc sites
[   18.180827] kjit: translate_svc_sites pid 992: 2 text ranges, 115 svc sites
[   18.180868] kjit: translate_svc_sites pid 990: 2 text ranges, 115 svc sites
[   18.181698] kjit: translate_svc_sites pid 988: 2 text ranges, 115 svc sites
[   18.385144] kjit: translate_svc_sites pid 1001: 2 text ranges, 115 svc sites
[   18.394115] kjit: translate_svc_sites pid 998: 2 text ranges, 115 svc sites
[   18.396065] kjit: translate_svc_sites pid 1000: 2 text ranges, 115 svc sites
[   18.396791] kjit: translate_svc_sites pid 1004: 2 text ranges, 115 svc sites
[   18.400752] kjit: translate_svc_sites pid 999: 2 text ranges, 115 svc sites
[   18.407106] kjit: translate_svc_sites pid 1002: 2 text ranges, 115 svc sites
[   18.409088] kjit: translate_svc_sites pid 1003: 2 text ranges, 115 svc sites
[   18.411586] kjit: translate_svc_sites pid 1005: 2 text ranges, 115 svc sites
[   18.626248] kjit: translate_svc_sites pid 1009: 2 text ranges, 115 svc sites
[   18.639831] kjit: translate_svc_sites pid 1008: 2 text ranges, 115 svc sites
[   18.640522] kjit: translate_svc_sites pid 1010: 2 text ranges, 115 svc sites
[   18.647846] kjit: translate_svc_sites pid 1014: 2 text ranges, 115 svc sites
[   18.650056] kjit: translate_svc_sites pid 1015: 2 text ranges, 115 svc sites
[   18.650764] kjit: translate_svc_sites pid 1011: 2 text ranges, 115 svc sites
[   18.656464] kjit: translate_svc_sites pid 1012: 2 text ranges, 115 svc sites
[   18.657238] kjit: translate_svc_sites pid 1013: 2 text ranges, 115 svc sites
[   18.860809] kjit: translate_svc_sites pid 1019: 2 text ranges, 115 svc sites
[   18.864762] kjit: translate_svc_sites pid 1018: 2 text ranges, 115 svc sites
[   18.871687] kjit: translate_svc_sites pid 1020: 2 text ranges, 115 svc sites
[   18.875307] kjit: translate_svc_sites pid 1025: 2 text ranges, 115 svc sites
[   18.878138] kjit: translate_svc_sites pid 1021: 2 text ranges, 115 svc sites
[   18.879371] kjit: translate_svc_sites pid 1024: 2 text ranges, 115 svc sites
[   18.880682] kjit: translate_svc_sites pid 1023: 2 text ranges, 115 svc sites
[   18.883436] kjit: translate_svc_sites pid 1022: 2 text ranges, 115 svc sites
[   19.085639] kjit: translate_svc_sites pid 1036: 2 text ranges, 115 svc sites
[   19.101722] kjit: translate_svc_sites pid 1039: 2 text ranges, 115 svc sites
[   19.103494] kjit: translate_svc_sites pid 1040: 2 text ranges, 115 svc sites
[   19.108061] kjit: translate_svc_sites pid 1037: 2 text ranges, 115 svc sites
[   19.111007] kjit: translate_svc_sites pid 1042: 2 text ranges, 115 svc sites
[   19.115269] kjit: translate_svc_sites pid 1043: 2 text ranges, 115 svc sites
[   19.115845] kjit: translate_svc_sites pid 1038: 2 text ranges, 115 svc sites
[   19.116483] kjit: translate_svc_sites pid 1041: 2 text ranges, 115 svc sites
[   19.309896] kjit: translate_svc_sites pid 1051: 2 text ranges, 115 svc sites
[   19.318283] kjit: translate_svc_sites pid 1046: 2 text ranges, 115 svc sites
[   19.321919] kjit: translate_svc_sites pid 1049: 2 text ranges, 115 svc sites
[   19.322458] kjit: translate_svc_sites pid 1047: 2 text ranges, 115 svc sites
[   19.333452] kjit: translate_svc_sites pid 1053: 2 text ranges, 115 svc sites
[   19.337044] kjit: translate_svc_sites pid 1050: 2 text ranges, 115 svc sites
[   19.340567] kjit: translate_svc_sites pid 1048: 2 text ranges, 115 svc sites
[   19.343868] kjit: translate_svc_sites pid 1052: 2 text ranges, 115 svc sites
[   19.545862] kjit: translate_svc_sites pid 1063: 2 text ranges, 115 svc sites
[   19.548522] kjit: translate_svc_sites pid 1061: 2 text ranges, 115 svc sites
[   19.556536] kjit: translate_svc_sites pid 1067: 2 text ranges, 115 svc sites
[   19.559370] kjit: translate_svc_sites pid 1066: 2 text ranges, 115 svc sites
[   19.560407] kjit: translate_svc_sites pid 1062: 2 text ranges, 115 svc sites
[   19.560806] kjit: translate_svc_sites pid 1064: 2 text ranges, 115 svc sites
[   19.562232] kjit: translate_svc_sites pid 1068: 2 text ranges, 115 svc sites
[   19.563187] kjit: translate_svc_sites pid 1065: 2 text ranges, 115 svc sites
fpb lat state=off rep=1 lat cpus=4 samples=79996 interval_us=1000 p50_us=15.9 p99_us=197.8 p999_us=380.4 max_us=3554.3 gt100us=5771 gt1ms=2 gt5ms=0 max_cpu=0 preempted=0 brackets=0 run_max_ns=0
[   20.192622] kjit: translate_svc_sites pid 1092: 2 text ranges, 115 svc sites
[   20.198156] kjit: translate_svc_sites pid 1090: 2 text ranges, 115 svc sites
[   20.199883] kjit: translate_svc_sites pid 1091: 2 text ranges, 115 svc sites
[   20.243168] kjit: translate_svc_sites pid 1094: 2 text ranges, 115 svc sites
[   20.252780] kjit: translate_svc_sites pid 1095: 2 text ranges, 115 svc sites
[   20.256813] kjit: translate_svc_sites pid 1093: 2 text ranges, 115 svc sites
[   20.259761] kjit: translate_svc_sites pid 1097: 2 text ranges, 115 svc sites
[   20.264093] kjit: translate_svc_sites pid 1096: 2 text ranges, 115 svc sites
[   20.455839] kjit: translate_svc_sites pid 1102: 2 text ranges, 115 svc sites
[   20.465471] kjit: translate_svc_sites pid 1101: 2 text ranges, 115 svc sites
[   20.472940] kjit: translate_svc_sites pid 1100: 2 text ranges, 115 svc sites
[   20.486580] kjit: translate_svc_sites pid 1105: 2 text ranges, 115 svc sites
[   20.489798] kjit: translate_svc_sites pid 1106: 2 text ranges, 115 svc sites
[   20.494213] kjit: translate_svc_sites pid 1107: 2 text ranges, 115 svc sites
[   20.500340] kjit: translate_svc_sites pid 1104: 2 text ranges, 115 svc sites
[   20.501105] kjit: translate_svc_sites pid 1103: 2 text ranges, 115 svc sites
[   20.732566] kjit: translate_svc_sites pid 1114: 2 text ranges, 115 svc sites
[   20.733315] kjit: translate_svc_sites pid 1113: 2 text ranges, 115 svc sites
[   20.740844] kjit: translate_svc_sites pid 1112: 2 text ranges, 115 svc sites
[   20.745138] kjit: translate_svc_sites pid 1116: 2 text ranges, 115 svc sites
[   20.748602] kjit: translate_svc_sites pid 1117: 2 text ranges, 115 svc sites
[   20.749000] kjit: translate_svc_sites pid 1110: 2 text ranges, 115 svc sites
[   20.750356] kjit: translate_svc_sites pid 1111: 2 text ranges, 115 svc sites
[   20.750710] kjit: translate_svc_sites pid 1115: 2 text ranges, 115 svc sites
[   20.957772] kjit: translate_svc_sites pid 1121: 2 text ranges, 115 svc sites
[   20.980823] kjit: translate_svc_sites pid 1122: 2 text ranges, 115 svc sites
[   20.989126] kjit: translate_svc_sites pid 1124: 2 text ranges, 115 svc sites
[   20.995141] kjit: translate_svc_sites pid 1126: 2 text ranges, 115 svc sites
[   20.996161] kjit: translate_svc_sites pid 1120: 2 text ranges, 115 svc sites
[   20.998176] kjit: translate_svc_sites pid 1127: 2 text ranges, 115 svc sites
[   21.002137] kjit: translate_svc_sites pid 1123: 2 text ranges, 115 svc sites
[   21.004371] kjit: translate_svc_sites pid 1125: 2 text ranges, 115 svc sites
[   21.216506] kjit: translate_svc_sites pid 1130: 2 text ranges, 115 svc sites
[   21.218394] kjit: translate_svc_sites pid 1131: 2 text ranges, 115 svc sites
[   21.222046] kjit: translate_svc_sites pid 1135: 2 text ranges, 115 svc sites
[   21.222609] kjit: translate_svc_sites pid 1133: 2 text ranges, 115 svc sites
[   21.226231] kjit: translate_svc_sites pid 1134: 2 text ranges, 115 svc sites
[   21.237250] kjit: translate_svc_sites pid 1136: 2 text ranges, 115 svc sites
[   21.243616] kjit: translate_svc_sites pid 1137: 2 text ranges, 115 svc sites
[   21.247105] kjit: translate_svc_sites pid 1132: 2 text ranges, 115 svc sites
[   21.460452] kjit: translate_svc_sites pid 1148: 2 text ranges, 115 svc sites
[   21.472854] kjit: translate_svc_sites pid 1147: 2 text ranges, 115 svc sites
[   21.473838] kjit: translate_svc_sites pid 1143: 2 text ranges, 115 svc sites
[   21.476175] kjit: translate_svc_sites pid 1144: 2 text ranges, 115 svc sites
[   21.479706] kjit: translate_svc_sites pid 1146: 2 text ranges, 115 svc sites
[   21.494410] kjit: translate_svc_sites pid 1149: 2 text ranges, 115 svc sites
[   21.496610] kjit: translate_svc_sites pid 1142: 2 text ranges, 115 svc sites
[   21.500443] kjit: translate_svc_sites pid 1145: 2 text ranges, 115 svc sites
[   21.694206] kjit: translate_svc_sites pid 1152: 2 text ranges, 115 svc sites
[   21.696572] kjit: translate_svc_sites pid 1154: 2 text ranges, 115 svc sites
[   21.704159] kjit: translate_svc_sites pid 1158: 2 text ranges, 115 svc sites
[   21.705905] kjit: translate_svc_sites pid 1153: 2 text ranges, 115 svc sites
[   21.708328] kjit: translate_svc_sites pid 1159: 2 text ranges, 115 svc sites
[   21.712826] kjit: translate_svc_sites pid 1156: 2 text ranges, 115 svc sites
[   21.715185] kjit: translate_svc_sites pid 1155: 2 text ranges, 115 svc sites
[   21.719132] kjit: translate_svc_sites pid 1157: 2 text ranges, 115 svc sites
[   21.913273] kjit: translate_svc_sites pid 1168: 2 text ranges, 115 svc sites
[   21.917616] kjit: translate_svc_sites pid 1167: 2 text ranges, 115 svc sites
[   21.926854] kjit: translate_svc_sites pid 1171: 2 text ranges, 115 svc sites
[   21.934400] kjit: translate_svc_sites pid 1173: 2 text ranges, 115 svc sites
[   21.957884] kjit: translate_svc_sites pid 1170: 2 text ranges, 115 svc sites
[   21.960850] kjit: translate_svc_sites pid 1172: 2 text ranges, 115 svc sites
[   21.961505] kjit: translate_svc_sites pid 1169: 2 text ranges, 115 svc sites
[   21.964990] kjit: translate_svc_sites pid 1166: 2 text ranges, 115 svc sites
[   22.156387] kjit: translate_svc_sites pid 1185: 2 text ranges, 115 svc sites
[   22.168272] kjit: translate_svc_sites pid 1186: 2 text ranges, 115 svc sites
[   22.174117] kjit: translate_svc_sites pid 1184: 2 text ranges, 115 svc sites
[   22.177735] kjit: translate_svc_sites pid 1187: 2 text ranges, 115 svc sites
[   22.185830] kjit: translate_svc_sites pid 1191: 2 text ranges, 115 svc sites
[   22.186679] kjit: translate_svc_sites pid 1189: 2 text ranges, 115 svc sites
[   22.187589] kjit: translate_svc_sites pid 1190: 2 text ranges, 115 svc sites
[   22.188435] kjit: translate_svc_sites pid 1188: 2 text ranges, 115 svc sites
[   22.380312] kjit: translate_svc_sites pid 1195: 2 text ranges, 115 svc sites
[   22.393813] kjit: translate_svc_sites pid 1196: 2 text ranges, 115 svc sites
[   22.422839] kjit: translate_svc_sites pid 1200: 2 text ranges, 115 svc sites
[   22.424407] kjit: translate_svc_sites pid 1199: 2 text ranges, 115 svc sites
[   22.426085] kjit: translate_svc_sites pid 1197: 2 text ranges, 115 svc sites
[   22.426972] kjit: translate_svc_sites pid 1201: 2 text ranges, 115 svc sites
[   22.430817] kjit: translate_svc_sites pid 1194: 2 text ranges, 115 svc sites
[   22.430956] kjit: translate_svc_sites pid 1198: 2 text ranges, 115 svc sites
[   22.642449] kjit: translate_svc_sites pid 1210: 2 text ranges, 115 svc sites
[   22.658796] kjit: translate_svc_sites pid 1209: 2 text ranges, 115 svc sites
[   22.659394] kjit: translate_svc_sites pid 1207: 2 text ranges, 115 svc sites
[   22.663554] kjit: translate_svc_sites pid 1208: 2 text ranges, 115 svc sites
[   22.666488] kjit: translate_svc_sites pid 1205: 2 text ranges, 115 svc sites
[   22.667935] kjit: translate_svc_sites pid 1211: 2 text ranges, 115 svc sites
[   22.669333] kjit: translate_svc_sites pid 1212: 2 text ranges, 115 svc sites
[   22.671533] kjit: translate_svc_sites pid 1206: 2 text ranges, 115 svc sites
[   22.873697] kjit: translate_svc_sites pid 1223: 2 text ranges, 115 svc sites
[   22.880625] kjit: translate_svc_sites pid 1224: 2 text ranges, 115 svc sites
[   22.884847] kjit: translate_svc_sites pid 1217: 2 text ranges, 115 svc sites
[   22.887984] kjit: translate_svc_sites pid 1220: 2 text ranges, 115 svc sites
[   22.889160] kjit: translate_svc_sites pid 1221: 2 text ranges, 115 svc sites
[   22.895309] kjit: translate_svc_sites pid 1218: 2 text ranges, 115 svc sites
[   22.898105] kjit: translate_svc_sites pid 1219: 2 text ranges, 115 svc sites
[   22.899535] kjit: translate_svc_sites pid 1222: 2 text ranges, 115 svc sites
[   23.094610] kjit: translate_svc_sites pid 1236: 2 text ranges, 115 svc sites
[   23.097758] kjit: translate_svc_sites pid 1237: 2 text ranges, 115 svc sites
[   23.113448] kjit: translate_svc_sites pid 1241: 2 text ranges, 115 svc sites
[   23.117745] kjit: translate_svc_sites pid 1235: 2 text ranges, 115 svc sites
[   23.120001] kjit: translate_svc_sites pid 1242: 2 text ranges, 115 svc sites
[   23.130531] kjit: translate_svc_sites pid 1238: 2 text ranges, 115 svc sites
[   23.131756] kjit: translate_svc_sites pid 1240: 2 text ranges, 115 svc sites
[   23.137117] kjit: translate_svc_sites pid 1239: 2 text ranges, 115 svc sites
[   23.339765] kjit: translate_svc_sites pid 1254: 2 text ranges, 115 svc sites
[   23.346424] kjit: translate_svc_sites pid 1250: 2 text ranges, 115 svc sites
[   23.351267] kjit: translate_svc_sites pid 1253: 2 text ranges, 115 svc sites
[   23.355572] kjit: translate_svc_sites pid 1251: 2 text ranges, 115 svc sites
[   23.362321] kjit: translate_svc_sites pid 1247: 2 text ranges, 115 svc sites
[   23.372762] kjit: translate_svc_sites pid 1248: 2 text ranges, 115 svc sites
[   23.377396] kjit: translate_svc_sites pid 1249: 2 text ranges, 115 svc sites
[   23.383251] kjit: translate_svc_sites pid 1252: 2 text ranges, 115 svc sites
[   23.575444] kjit: translate_svc_sites pid 1268: 2 text ranges, 115 svc sites
[   23.582327] kjit: translate_svc_sites pid 1269: 2 text ranges, 115 svc sites
[   23.600778] kjit: translate_svc_sites pid 1270: 2 text ranges, 115 svc sites
[   23.601678] kjit: translate_svc_sites pid 1271: 2 text ranges, 115 svc sites
[   23.603033] kjit: translate_svc_sites pid 1272: 2 text ranges, 115 svc sites
[   23.612664] kjit: translate_svc_sites pid 1274: 2 text ranges, 115 svc sites
[   23.613212] kjit: translate_svc_sites pid 1267: 2 text ranges, 115 svc sites
[   23.614458] kjit: translate_svc_sites pid 1273: 2 text ranges, 115 svc sites
[   23.824183] kjit: translate_svc_sites pid 1283: 2 text ranges, 115 svc sites
[   23.853340] kjit: translate_svc_sites pid 1282: 2 text ranges, 115 svc sites
[   23.856245] kjit: translate_svc_sites pid 1287: 2 text ranges, 115 svc sites
[   23.858807] kjit: translate_svc_sites pid 1285: 2 text ranges, 115 svc sites
[   23.859710] kjit: translate_svc_sites pid 1284: 2 text ranges, 115 svc sites
[   23.872842] kjit: translate_svc_sites pid 1281: 2 text ranges, 115 svc sites
[   23.875221] kjit: translate_svc_sites pid 1288: 2 text ranges, 115 svc sites
[   23.879995] kjit: translate_svc_sites pid 1286: 2 text ranges, 115 svc sites
[   24.081631] kjit: translate_svc_sites pid 1296: 2 text ranges, 115 svc sites
[   24.092759] kjit: translate_svc_sites pid 1293: 2 text ranges, 115 svc sites
[   24.095473] kjit: translate_svc_sites pid 1297: 2 text ranges, 115 svc sites
[   24.096471] kjit: translate_svc_sites pid 1291: 2 text ranges, 115 svc sites
[   24.101959] kjit: translate_svc_sites pid 1292: 2 text ranges, 115 svc sites
[   24.105994] kjit: translate_svc_sites pid 1298: 2 text ranges, 115 svc sites
[   24.106801] kjit: translate_svc_sites pid 1295: 2 text ranges, 115 svc sites
[   24.112558] kjit: translate_svc_sites pid 1294: 2 text ranges, 115 svc sites
[   24.314501] kjit: translate_svc_sites pid 1309: 2 text ranges, 115 svc sites
[   24.332829] kjit: translate_svc_sites pid 1310: 2 text ranges, 115 svc sites
[   24.337182] kjit: translate_svc_sites pid 1304: 2 text ranges, 115 svc sites
[   24.341306] kjit: translate_svc_sites pid 1305: 2 text ranges, 115 svc sites
[   24.342094] kjit: translate_svc_sites pid 1307: 2 text ranges, 115 svc sites
[   24.349892] kjit: translate_svc_sites pid 1308: 2 text ranges, 115 svc sites
[   24.351882] kjit: translate_svc_sites pid 1311: 2 text ranges, 115 svc sites
[   24.352422] kjit: translate_svc_sites pid 1306: 2 text ranges, 115 svc sites
[   24.566186] kjit: translate_svc_sites pid 1320: 2 text ranges, 115 svc sites
[   24.578850] kjit: translate_svc_sites pid 1315: 2 text ranges, 115 svc sites
[   24.581404] kjit: translate_svc_sites pid 1314: 2 text ranges, 115 svc sites
[   24.586070] kjit: translate_svc_sites pid 1321: 2 text ranges, 115 svc sites
[   24.586160] kjit: translate_svc_sites pid 1317: 2 text ranges, 115 svc sites
[   24.589317] kjit: translate_svc_sites pid 1319: 2 text ranges, 115 svc sites
[   24.591089] kjit: translate_svc_sites pid 1318: 2 text ranges, 115 svc sites
[   24.593590] kjit: translate_svc_sites pid 1316: 2 text ranges, 115 svc sites
[   24.804160] kjit: translate_svc_sites pid 1331: 2 text ranges, 115 svc sites
[   24.825575] kjit: translate_svc_sites pid 1330: 2 text ranges, 115 svc sites
[   24.828684] kjit: translate_svc_sites pid 1328: 2 text ranges, 115 svc sites
[   24.834545] kjit: translate_svc_sites pid 1329: 2 text ranges, 115 svc sites
[   24.835486] kjit: translate_svc_sites pid 1332: 2 text ranges, 115 svc sites
[   24.846752] kjit: translate_svc_sites pid 1333: 2 text ranges, 115 svc sites
[   24.851141] kjit: translate_svc_sites pid 1334: 2 text ranges, 115 svc sites
[   24.852021] kjit: translate_svc_sites pid 1327: 2 text ranges, 115 svc sites
[   25.055657] kjit: translate_svc_sites pid 1337: 2 text ranges, 115 svc sites
[   25.073372] kjit: translate_svc_sites pid 1343: 2 text ranges, 115 svc sites
[   25.076795] kjit: translate_svc_sites pid 1339: 2 text ranges, 115 svc sites
[   25.079487] kjit: translate_svc_sites pid 1341: 2 text ranges, 115 svc sites
[   25.080399] kjit: translate_svc_sites pid 1342: 2 text ranges, 115 svc sites
[   25.080899] kjit: translate_svc_sites pid 1338: 2 text ranges, 115 svc sites
[   25.081386] kjit: translate_svc_sites pid 1340: 2 text ranges, 115 svc sites
[   25.082700] kjit: translate_svc_sites pid 1344: 2 text ranges, 115 svc sites
[   25.298711] kjit: translate_svc_sites pid 1349: 2 text ranges, 115 svc sites
[   25.313506] kjit: translate_svc_sites pid 1352: 2 text ranges, 115 svc sites
[   25.316717] kjit: translate_svc_sites pid 1350: 2 text ranges, 115 svc sites
[   25.323857] kjit: translate_svc_sites pid 1355: 2 text ranges, 115 svc sites
[   25.328895] kjit: translate_svc_sites pid 1354: 2 text ranges, 115 svc sites
[   25.337814] kjit: translate_svc_sites pid 1353: 2 text ranges, 115 svc sites
[   25.338422] kjit: translate_svc_sites pid 1348: 2 text ranges, 115 svc sites
[   25.342263] kjit: translate_svc_sites pid 1351: 2 text ranges, 115 svc sites
[   25.555260] kjit: translate_svc_sites pid 1373: 2 text ranges, 115 svc sites
[   25.560611] kjit: translate_svc_sites pid 1371: 2 text ranges, 115 svc sites
[   25.562042] kjit: translate_svc_sites pid 1372: 2 text ranges, 115 svc sites
[   25.565085] kjit: translate_svc_sites pid 1378: 2 text ranges, 115 svc sites
[   25.576716] kjit: translate_svc_sites pid 1377: 2 text ranges, 115 svc sites
[   25.577101] kjit: translate_svc_sites pid 1374: 2 text ranges, 115 svc sites
[   25.578794] kjit: translate_svc_sites pid 1375: 2 text ranges, 115 svc sites
[   25.582659] kjit: translate_svc_sites pid 1376: 2 text ranges, 115 svc sites
[   25.805312] kjit: translate_svc_sites pid 1387: 2 text ranges, 115 svc sites
[   25.812078] kjit: translate_svc_sites pid 1391: 2 text ranges, 115 svc sites
[   25.816557] kjit: translate_svc_sites pid 1389: 2 text ranges, 115 svc sites
[   25.819293] kjit: translate_svc_sites pid 1392: 2 text ranges, 115 svc sites
[   25.825373] kjit: translate_svc_sites pid 1388: 2 text ranges, 115 svc sites
[   25.826517] kjit: translate_svc_sites pid 1393: 2 text ranges, 115 svc sites
[   25.826970] kjit: translate_svc_sites pid 1390: 2 text ranges, 115 svc sites
[   25.831528] kjit: translate_svc_sites pid 1394: 2 text ranges, 115 svc sites
[   26.019709] kjit: translate_svc_sites pid 1410: 2 text ranges, 115 svc sites
[   26.036753] kjit: translate_svc_sites pid 1409: 2 text ranges, 115 svc sites
[   26.042135] kjit: translate_svc_sites pid 1411: 2 text ranges, 115 svc sites
[   26.056898] kjit: translate_svc_sites pid 1412: 2 text ranges, 115 svc sites
[   26.057599] kjit: translate_svc_sites pid 1414: 2 text ranges, 115 svc sites
[   26.068143] kjit: translate_svc_sites pid 1413: 2 text ranges, 115 svc sites
[   26.073754] kjit: translate_svc_sites pid 1415: 2 text ranges, 115 svc sites
[   26.077483] kjit: translate_svc_sites pid 1416: 2 text ranges, 115 svc sites
[   26.284325] kjit: translate_svc_sites pid 1439: 2 text ranges, 115 svc sites
[   26.314873] kjit: translate_svc_sites pid 1434: 2 text ranges, 115 svc sites
[   26.315807] kjit: translate_svc_sites pid 1437: 2 text ranges, 115 svc sites
[   26.316795] kjit: translate_svc_sites pid 1435: 2 text ranges, 115 svc sites
[   26.317379] kjit: translate_svc_sites pid 1440: 2 text ranges, 115 svc sites
[   26.322169] kjit: translate_svc_sites pid 1436: 2 text ranges, 115 svc sites
[   26.326370] kjit: translate_svc_sites pid 1438: 2 text ranges, 115 svc sites
[   26.330463] kjit: translate_svc_sites pid 1441: 2 text ranges, 115 svc sites
[   26.547995] kjit: translate_svc_sites pid 1448: 2 text ranges, 115 svc sites
[   26.550477] kjit: translate_svc_sites pid 1445: 2 text ranges, 115 svc sites
[   26.553296] kjit: translate_svc_sites pid 1444: 2 text ranges, 115 svc sites
[   26.558322] kjit: translate_svc_sites pid 1446: 2 text ranges, 115 svc sites
[   26.558994] kjit: translate_svc_sites pid 1449: 2 text ranges, 115 svc sites
[   26.561718] kjit: translate_svc_sites pid 1447: 2 text ranges, 115 svc sites
[   26.566386] kjit: translate_svc_sites pid 1450: 2 text ranges, 115 svc sites
[   26.566838] kjit: translate_svc_sites pid 1451: 2 text ranges, 115 svc sites
[   26.770099] kjit: translate_svc_sites pid 1456: 2 text ranges, 115 svc sites
[   26.788616] kjit: translate_svc_sites pid 1455: 2 text ranges, 115 svc sites
[   26.795128] kjit: translate_svc_sites pid 1462: 2 text ranges, 115 svc sites
[   26.797200] kjit: translate_svc_sites pid 1461: 2 text ranges, 115 svc sites
[   26.798730] kjit: translate_svc_sites pid 1459: 2 text ranges, 115 svc sites
[   26.806594] kjit: translate_svc_sites pid 1460: 2 text ranges, 115 svc sites
[   26.809970] kjit: translate_svc_sites pid 1457: 2 text ranges, 115 svc sites
[   26.811312] kjit: translate_svc_sites pid 1458: 2 text ranges, 115 svc sites
[   27.039538] kjit: translate_svc_sites pid 1476: 2 text ranges, 115 svc sites
[   27.045471] kjit: translate_svc_sites pid 1475: 2 text ranges, 115 svc sites
[   27.046446] kjit: translate_svc_sites pid 1478: 2 text ranges, 115 svc sites
[   27.047944] kjit: translate_svc_sites pid 1481: 2 text ranges, 115 svc sites
[   27.049306] kjit: translate_svc_sites pid 1482: 2 text ranges, 115 svc sites
[   27.051748] kjit: translate_svc_sites pid 1479: 2 text ranges, 115 svc sites
[   27.054366] kjit: translate_svc_sites pid 1480: 2 text ranges, 115 svc sites
[   27.056089] kjit: translate_svc_sites pid 1477: 2 text ranges, 115 svc sites
[   27.286672] kjit: translate_svc_sites pid 1498: 2 text ranges, 115 svc sites
[   27.290484] kjit: translate_svc_sites pid 1503: 2 text ranges, 115 svc sites
[   27.294335] kjit: translate_svc_sites pid 1500: 2 text ranges, 115 svc sites
[   27.297287] kjit: translate_svc_sites pid 1504: 2 text ranges, 115 svc sites
[   27.298860] kjit: translate_svc_sites pid 1499: 2 text ranges, 115 svc sites
[   27.302132] kjit: translate_svc_sites pid 1497: 2 text ranges, 115 svc sites
[   27.308999] kjit: translate_svc_sites pid 1501: 2 text ranges, 115 svc sites
[   27.309629] kjit: translate_svc_sites pid 1502: 2 text ranges, 115 svc sites
[   27.524451] kjit: translate_svc_sites pid 1523: 2 text ranges, 115 svc sites
[   27.554707] kjit: translate_svc_sites pid 1519: 2 text ranges, 115 svc sites
[   27.555941] kjit: translate_svc_sites pid 1522: 2 text ranges, 115 svc sites
[   27.557438] kjit: translate_svc_sites pid 1518: 2 text ranges, 115 svc sites
[   27.558989] kjit: translate_svc_sites pid 1521: 2 text ranges, 115 svc sites
[   27.565476] kjit: translate_svc_sites pid 1517: 2 text ranges, 115 svc sites
[   27.567899] kjit: translate_svc_sites pid 1520: 2 text ranges, 115 svc sites
[   27.569954] kjit: translate_svc_sites pid 1524: 2 text ranges, 115 svc sites
[   27.783256] kjit: translate_svc_sites pid 1529: 2 text ranges, 115 svc sites
[   27.792182] kjit: translate_svc_sites pid 1530: 2 text ranges, 115 svc sites
[   27.793218] kjit: translate_svc_sites pid 1528: 2 text ranges, 115 svc sites
[   27.797949] kjit: translate_svc_sites pid 1532: 2 text ranges, 115 svc sites
[   27.807273] kjit: translate_svc_sites pid 1533: 2 text ranges, 115 svc sites
[   27.814006] kjit: translate_svc_sites pid 1535: 2 text ranges, 115 svc sites
[   27.819364] kjit: translate_svc_sites pid 1534: 2 text ranges, 115 svc sites
[   27.821680] kjit: translate_svc_sites pid 1531: 2 text ranges, 115 svc sites
[   28.038821] kjit: translate_svc_sites pid 1544: 2 text ranges, 115 svc sites
[   28.042583] kjit: translate_svc_sites pid 1538: 2 text ranges, 115 svc sites
[   28.052180] kjit: translate_svc_sites pid 1543: 2 text ranges, 115 svc sites
[   28.056739] kjit: translate_svc_sites pid 1540: 2 text ranges, 115 svc sites
[   28.058744] kjit: translate_svc_sites pid 1539: 2 text ranges, 115 svc sites
[   28.068665] kjit: translate_svc_sites pid 1541: 2 text ranges, 115 svc sites
[   28.071971] kjit: translate_svc_sites pid 1545: 2 text ranges, 115 svc sites
[   28.078704] kjit: translate_svc_sites pid 1542: 2 text ranges, 115 svc sites
[   28.285250] kjit: translate_svc_sites pid 1574: 2 text ranges, 115 svc sites
[   28.303409] kjit: translate_svc_sites pid 1575: 2 text ranges, 115 svc sites
[   28.313228] kjit: translate_svc_sites pid 1576: 2 text ranges, 115 svc sites
[   28.314283] kjit: translate_svc_sites pid 1578: 2 text ranges, 115 svc sites
[   28.314830] kjit: translate_svc_sites pid 1580: 2 text ranges, 115 svc sites
[   28.316253] kjit: translate_svc_sites pid 1577: 2 text ranges, 115 svc sites
[   28.321415] kjit: translate_svc_sites pid 1573: 2 text ranges, 115 svc sites
[   28.322419] kjit: translate_svc_sites pid 1579: 2 text ranges, 115 svc sites
[   28.532653] kjit: translate_svc_sites pid 1586: 2 text ranges, 115 svc sites
[   28.564659] kjit: translate_svc_sites pid 1585: 2 text ranges, 115 svc sites
[   28.565420] kjit: translate_svc_sites pid 1590: 2 text ranges, 115 svc sites
[   28.566247] kjit: translate_svc_sites pid 1583: 2 text ranges, 115 svc sites
[   28.570955] kjit: translate_svc_sites pid 1584: 2 text ranges, 115 svc sites
[   28.573614] kjit: translate_svc_sites pid 1589: 2 text ranges, 115 svc sites
[   28.576695] kjit: translate_svc_sites pid 1588: 2 text ranges, 115 svc sites
[   28.581517] kjit: translate_svc_sites pid 1587: 2 text ranges, 115 svc sites
[   28.788796] kjit: translate_svc_sites pid 1597: 2 text ranges, 115 svc sites
[   28.805638] kjit: translate_svc_sites pid 1599: 2 text ranges, 115 svc sites
[   28.807219] kjit: translate_svc_sites pid 1598: 2 text ranges, 115 svc sites
[   28.813584] kjit: translate_svc_sites pid 1596: 2 text ranges, 115 svc sites
[   28.817127] kjit: translate_svc_sites pid 1601: 2 text ranges, 115 svc sites
[   28.818256] kjit: translate_svc_sites pid 1600: 2 text ranges, 115 svc sites
[   28.825314] kjit: translate_svc_sites pid 1595: 2 text ranges, 115 svc sites
[   28.839214] kjit: translate_svc_sites pid 1594: 2 text ranges, 115 svc sites
[   29.043668] kjit: translate_svc_sites pid 1605: 2 text ranges, 115 svc sites
[   29.048755] kjit: translate_svc_sites pid 1604: 2 text ranges, 115 svc sites
[   29.055262] kjit: translate_svc_sites pid 1606: 2 text ranges, 115 svc sites
[   29.060253] kjit: translate_svc_sites pid 1607: 2 text ranges, 115 svc sites
[   29.063820] kjit: translate_svc_sites pid 1609: 2 text ranges, 115 svc sites
[   29.066658] kjit: translate_svc_sites pid 1611: 2 text ranges, 115 svc sites
[   29.071714] kjit: translate_svc_sites pid 1608: 2 text ranges, 115 svc sites
[   29.073113] kjit: translate_svc_sites pid 1610: 2 text ranges, 115 svc sites
[   29.293648] kjit: translate_svc_sites pid 1622: 2 text ranges, 115 svc sites
[   29.294632] kjit: translate_svc_sites pid 1625: 2 text ranges, 115 svc sites
[   29.313338] kjit: translate_svc_sites pid 1621: 2 text ranges, 115 svc sites
[   29.320540] kjit: translate_svc_sites pid 1627: 2 text ranges, 115 svc sites
[   29.321856] kjit: translate_svc_sites pid 1620: 2 text ranges, 115 svc sites
[   29.325331] kjit: translate_svc_sites pid 1626: 2 text ranges, 115 svc sites
[   29.330579] kjit: translate_svc_sites pid 1623: 2 text ranges, 115 svc sites
[   29.331517] kjit: translate_svc_sites pid 1624: 2 text ranges, 115 svc sites
[   29.527048] kjit: translate_svc_sites pid 1632: 2 text ranges, 115 svc sites
[   29.556121] kjit: translate_svc_sites pid 1636: 2 text ranges, 115 svc sites
[   29.564873] kjit: translate_svc_sites pid 1635: 2 text ranges, 115 svc sites
[   29.565629] kjit: translate_svc_sites pid 1631: 2 text ranges, 115 svc sites
[   29.567368] kjit: translate_svc_sites pid 1637: 2 text ranges, 115 svc sites
[   29.570810] kjit: translate_svc_sites pid 1630: 2 text ranges, 115 svc sites
[   29.577485] kjit: translate_svc_sites pid 1633: 2 text ranges, 115 svc sites
[   29.580130] kjit: translate_svc_sites pid 1634: 2 text ranges, 115 svc sites
[   29.792201] kjit: translate_svc_sites pid 1646: 2 text ranges, 115 svc sites
[   29.801531] kjit: translate_svc_sites pid 1652: 2 text ranges, 115 svc sites
[   29.806267] kjit: translate_svc_sites pid 1649: 2 text ranges, 115 svc sites
[   29.808838] kjit: translate_svc_sites pid 1647: 2 text ranges, 115 svc sites
[   29.816344] kjit: translate_svc_sites pid 1645: 2 text ranges, 115 svc sites
[   29.817377] kjit: translate_svc_sites pid 1651: 2 text ranges, 115 svc sites
[   29.823837] kjit: translate_svc_sites pid 1648: 2 text ranges, 115 svc sites
[   29.828970] kjit: translate_svc_sites pid 1650: 2 text ranges, 115 svc sites
[   30.051748] kjit: translate_svc_sites pid 1658: 2 text ranges, 115 svc sites
[   30.071697] kjit: translate_svc_sites pid 1660: 2 text ranges, 115 svc sites
[   30.073348] kjit: translate_svc_sites pid 1657: 2 text ranges, 115 svc sites
[   30.074009] kjit: translate_svc_sites pid 1661: 2 text ranges, 115 svc sites
[   30.076795] kjit: translate_svc_sites pid 1664: 2 text ranges, 115 svc sites
[   30.078189] kjit: translate_svc_sites pid 1659: 2 text ranges, 115 svc sites
[   30.081127] kjit: translate_svc_sites pid 1662: 2 text ranges, 115 svc sites
[   30.082334] kjit: translate_svc_sites pid 1663: 2 text ranges, 115 svc sites
[   30.305709] kjit: translate_svc_sites pid 1673: 2 text ranges, 115 svc sites
[   30.309204] kjit: translate_svc_sites pid 1669: 2 text ranges, 115 svc sites
[   30.314796] kjit: translate_svc_sites pid 1672: 2 text ranges, 115 svc sites
[   30.322100] kjit: translate_svc_sites pid 1668: 2 text ranges, 115 svc sites
[   30.325089] kjit: translate_svc_sites pid 1667: 2 text ranges, 115 svc sites
[   30.325809] kjit: translate_svc_sites pid 1674: 2 text ranges, 115 svc sites
[   30.327130] kjit: translate_svc_sites pid 1670: 2 text ranges, 115 svc sites
[   30.330010] kjit: translate_svc_sites pid 1671: 2 text ranges, 115 svc sites
[   30.538230] kjit: translate_svc_sites pid 1688: 2 text ranges, 115 svc sites
[   30.557838] kjit: translate_svc_sites pid 1683: 2 text ranges, 115 svc sites
[   30.559502] kjit: translate_svc_sites pid 1682: 2 text ranges, 115 svc sites
[   30.560084] kjit: translate_svc_sites pid 1687: 2 text ranges, 115 svc sites
[   30.563886] kjit: translate_svc_sites pid 1685: 2 text ranges, 115 svc sites
[   30.571889] kjit: translate_svc_sites pid 1681: 2 text ranges, 115 svc sites
[   30.580641] kjit: translate_svc_sites pid 1684: 2 text ranges, 115 svc sites
[   30.583848] kjit: translate_svc_sites pid 1686: 2 text ranges, 115 svc sites
[   30.792043] kjit: translate_svc_sites pid 1697: 2 text ranges, 115 svc sites
[   30.800685] kjit: translate_svc_sites pid 1694: 2 text ranges, 115 svc sites
[   30.800977] kjit: translate_svc_sites pid 1699: 2 text ranges, 115 svc sites
[   30.807684] kjit: translate_svc_sites pid 1696: 2 text ranges, 115 svc sites
[   30.808377] kjit: translate_svc_sites pid 1695: 2 text ranges, 115 svc sites
[   30.808490] kjit: translate_svc_sites pid 1700: 2 text ranges, 115 svc sites
[   30.814007] kjit: translate_svc_sites pid 1698: 2 text ranges, 115 svc sites
[   30.814320] kjit: translate_svc_sites pid 1693: 2 text ranges, 115 svc sites
[   31.030286] kjit: translate_svc_sites pid 1713: 2 text ranges, 115 svc sites
[   31.045313] kjit: translate_svc_sites pid 1711: 2 text ranges, 115 svc sites
[   31.046865] kjit: translate_svc_sites pid 1712: 2 text ranges, 115 svc sites
[   31.048444] kjit: translate_svc_sites pid 1717: 2 text ranges, 115 svc sites
[   31.051549] kjit: translate_svc_sites pid 1715: 2 text ranges, 115 svc sites
[   31.053460] kjit: translate_svc_sites pid 1716: 2 text ranges, 115 svc sites
[   31.054098] kjit: translate_svc_sites pid 1714: 2 text ranges, 115 svc sites
[   31.055974] kjit: translate_svc_sites pid 1718: 2 text ranges, 115 svc sites
[   31.240545] kjit: translate_svc_sites pid 1726: 2 text ranges, 115 svc sites
[   31.263770] kjit: translate_svc_sites pid 1728: 2 text ranges, 115 svc sites
[   31.272306] kjit: translate_svc_sites pid 1729: 2 text ranges, 115 svc sites
[   31.275795] kjit: translate_svc_sites pid 1725: 2 text ranges, 115 svc sites
[   31.286088] kjit: translate_svc_sites pid 1730: 2 text ranges, 115 svc sites
[   31.288629] kjit: translate_svc_sites pid 1727: 2 text ranges, 115 svc sites
[   31.296689] kjit: translate_svc_sites pid 1731: 2 text ranges, 115 svc sites
[   31.318607] kjit: translate_svc_sites pid 1724: 2 text ranges, 115 svc sites
[   31.494441] kjit: translate_svc_sites pid 1746: 2 text ranges, 115 svc sites
[   31.501667] kjit: translate_svc_sites pid 1747: 2 text ranges, 115 svc sites
[   31.515402] kjit: translate_svc_sites pid 1750: 2 text ranges, 115 svc sites
[   31.516818] kjit: translate_svc_sites pid 1748: 2 text ranges, 115 svc sites
[   31.524107] kjit: translate_svc_sites pid 1749: 2 text ranges, 115 svc sites
[   31.527428] kjit: translate_svc_sites pid 1751: 2 text ranges, 115 svc sites
[   31.537627] kjit: translate_svc_sites pid 1752: 2 text ranges, 115 svc sites
[   31.539203] kjit: translate_svc_sites pid 1745: 2 text ranges, 115 svc sites
[   31.731664] kjit: translate_svc_sites pid 1760: 2 text ranges, 115 svc sites
[   31.741856] kjit: translate_svc_sites pid 1762: 2 text ranges, 115 svc sites
[   31.742874] kjit: translate_svc_sites pid 1764: 2 text ranges, 115 svc sites
[   31.764420] kjit: translate_svc_sites pid 1761: 2 text ranges, 115 svc sites
[   31.768556] kjit: translate_svc_sites pid 1763: 2 text ranges, 115 svc sites
[   31.778236] kjit: translate_svc_sites pid 1766: 2 text ranges, 115 svc sites
[   31.783377] kjit: translate_svc_sites pid 1767: 2 text ranges, 115 svc sites
[   31.784550] kjit: translate_svc_sites pid 1765: 2 text ranges, 115 svc sites
[   31.981248] kjit: translate_svc_sites pid 1777: 2 text ranges, 115 svc sites
[   31.987157] kjit: translate_svc_sites pid 1775: 2 text ranges, 115 svc sites
[   31.990334] kjit: translate_svc_sites pid 1776: 2 text ranges, 115 svc sites
[   31.999837] kjit: translate_svc_sites pid 1780: 2 text ranges, 115 svc sites
[   32.004708] kjit: translate_svc_sites pid 1778: 2 text ranges, 115 svc sites
[   32.009412] kjit: translate_svc_sites pid 1779: 2 text ranges, 115 svc sites
[   32.018841] kjit: translate_svc_sites pid 1781: 2 text ranges, 115 svc sites
[   32.021845] kjit: translate_svc_sites pid 1774: 2 text ranges, 115 svc sites
[   32.222253] kjit: translate_svc_sites pid 1789: 2 text ranges, 115 svc sites
[   32.234288] kjit: translate_svc_sites pid 1787: 2 text ranges, 115 svc sites
[   32.242141] kjit: translate_svc_sites pid 1794: 2 text ranges, 115 svc sites
[   32.243129] kjit: translate_svc_sites pid 1792: 2 text ranges, 115 svc sites
[   32.244861] kjit: translate_svc_sites pid 1791: 2 text ranges, 115 svc sites
[   32.246390] kjit: translate_svc_sites pid 1788: 2 text ranges, 115 svc sites
[   32.249233] kjit: translate_svc_sites pid 1793: 2 text ranges, 115 svc sites
[   32.251543] kjit: translate_svc_sites pid 1790: 2 text ranges, 115 svc sites
[   32.466067] kjit: translate_svc_sites pid 1802: 2 text ranges, 115 svc sites
[   32.469438] kjit: translate_svc_sites pid 1797: 2 text ranges, 115 svc sites
[   32.469973] kjit: translate_svc_sites pid 1798: 2 text ranges, 115 svc sites
[   32.471390] kjit: translate_svc_sites pid 1799: 2 text ranges, 115 svc sites
[   32.477621] kjit: translate_svc_sites pid 1803: 2 text ranges, 115 svc sites
[   32.496306] kjit: translate_svc_sites pid 1804: 2 text ranges, 115 svc sites
[   32.500148] kjit: translate_svc_sites pid 1800: 2 text ranges, 115 svc sites
[   32.506470] kjit: translate_svc_sites pid 1801: 2 text ranges, 115 svc sites
[   32.734749] kjit: translate_svc_sites pid 1820: 2 text ranges, 115 svc sites
[   32.738217] kjit: translate_svc_sites pid 1825: 2 text ranges, 115 svc sites
[   32.738300] kjit: translate_svc_sites pid 1818: 2 text ranges, 115 svc sites
[   32.739748] kjit: translate_svc_sites pid 1824: 2 text ranges, 115 svc sites
[   32.742006] kjit: translate_svc_sites pid 1819: 2 text ranges, 115 svc sites
[   32.742053] kjit: translate_svc_sites pid 1823: 2 text ranges, 115 svc sites
[   32.743316] kjit: translate_svc_sites pid 1822: 2 text ranges, 115 svc sites
[   32.747650] kjit: translate_svc_sites pid 1821: 2 text ranges, 115 svc sites
[   32.970192] kjit: translate_svc_sites pid 1831: 2 text ranges, 115 svc sites
[   32.978339] kjit: translate_svc_sites pid 1832: 2 text ranges, 115 svc sites
[   32.979451] kjit: translate_svc_sites pid 1833: 2 text ranges, 115 svc sites
[   32.984143] kjit: translate_svc_sites pid 1837: 2 text ranges, 115 svc sites
[   32.989669] kjit: translate_svc_sites pid 1830: 2 text ranges, 115 svc sites
[   32.995898] kjit: translate_svc_sites pid 1834: 2 text ranges, 115 svc sites
[   33.008479] kjit: translate_svc_sites pid 1835: 2 text ranges, 115 svc sites
[   33.012619] kjit: translate_svc_sites pid 1836: 2 text ranges, 115 svc sites
[   33.222550] kjit: translate_svc_sites pid 1864: 2 text ranges, 115 svc sites
[   33.224624] kjit: translate_svc_sites pid 1867: 2 text ranges, 115 svc sites
[   33.231213] kjit: translate_svc_sites pid 1862: 2 text ranges, 115 svc sites
[   33.236254] kjit: translate_svc_sites pid 1869: 2 text ranges, 115 svc sites
[   33.239089] kjit: translate_svc_sites pid 1865: 2 text ranges, 115 svc sites
[   33.251683] kjit: translate_svc_sites pid 1866: 2 text ranges, 115 svc sites
[   33.253546] kjit: translate_svc_sites pid 1868: 2 text ranges, 115 svc sites
[   33.255349] kjit: translate_svc_sites pid 1863: 2 text ranges, 115 svc sites
[   33.467989] kjit: translate_svc_sites pid 1874: 2 text ranges, 115 svc sites
[   33.472770] kjit: translate_svc_sites pid 1872: 2 text ranges, 115 svc sites
[   33.483700] kjit: translate_svc_sites pid 1879: 2 text ranges, 115 svc sites
[   33.486515] kjit: translate_svc_sites pid 1878: 2 text ranges, 115 svc sites
[   33.505401] kjit: translate_svc_sites pid 1873: 2 text ranges, 115 svc sites
[   33.519037] kjit: translate_svc_sites pid 1875: 2 text ranges, 115 svc sites
[   33.521594] kjit: translate_svc_sites pid 1876: 2 text ranges, 115 svc sites
[   33.544694] kjit: translate_svc_sites pid 1877: 2 text ranges, 115 svc sites
[   33.723255] kjit: translate_svc_sites pid 1886: 2 text ranges, 115 svc sites
[   33.737302] kjit: translate_svc_sites pid 1884: 2 text ranges, 115 svc sites
[   33.745474] kjit: translate_svc_sites pid 1885: 2 text ranges, 115 svc sites
[   33.748249] kjit: translate_svc_sites pid 1889: 2 text ranges, 115 svc sites
[   33.748863] kjit: translate_svc_sites pid 1888: 2 text ranges, 115 svc sites
[   33.750767] kjit: translate_svc_sites pid 1883: 2 text ranges, 115 svc sites
[   33.752594] kjit: translate_svc_sites pid 1887: 2 text ranges, 115 svc sites
[   33.759273] kjit: translate_svc_sites pid 1882: 2 text ranges, 115 svc sites
[   33.951756] kjit: translate_svc_sites pid 1894: 2 text ranges, 115 svc sites
[   33.962868] kjit: translate_svc_sites pid 1893: 2 text ranges, 115 svc sites
[   33.963615] kjit: translate_svc_sites pid 1892: 2 text ranges, 115 svc sites
[   34.019870] kjit: translate_svc_sites pid 1896: 2 text ranges, 115 svc sites
[   34.021316] kjit: translate_svc_sites pid 1895: 2 text ranges, 115 svc sites
[   34.025196] kjit: translate_svc_sites pid 1898: 2 text ranges, 115 svc sites
[   34.027987] kjit: translate_svc_sites pid 1897: 2 text ranges, 115 svc sites
[   34.031196] kjit: translate_svc_sites pid 1899: 2 text ranges, 115 svc sites
[   34.210065] kjit: translate_svc_sites pid 1902: 2 text ranges, 115 svc sites
[   34.218685] kjit: translate_svc_sites pid 1904: 2 text ranges, 115 svc sites
[   34.223544] kjit: translate_svc_sites pid 1903: 2 text ranges, 115 svc sites
[   34.238208] kjit: translate_svc_sites pid 1905: 2 text ranges, 115 svc sites
[   34.238943] kjit: translate_svc_sites pid 1906: 2 text ranges, 115 svc sites
[   34.241195] kjit: translate_svc_sites pid 1907: 2 text ranges, 115 svc sites
[   34.242227] kjit: translate_svc_sites pid 1908: 2 text ranges, 115 svc sites
[   34.242335] kjit: translate_svc_sites pid 1909: 2 text ranges, 115 svc sites
[   34.455746] kjit: translate_svc_sites pid 1917: 2 text ranges, 115 svc sites
[   34.465735] kjit: translate_svc_sites pid 1918: 2 text ranges, 115 svc sites
[   34.467894] kjit: translate_svc_sites pid 1912: 2 text ranges, 115 svc sites
[   34.468684] kjit: translate_svc_sites pid 1919: 2 text ranges, 115 svc sites
[   34.470225] kjit: translate_svc_sites pid 1913: 2 text ranges, 115 svc sites
[   34.489182] kjit: translate_svc_sites pid 1914: 2 text ranges, 115 svc sites
[   34.490969] kjit: translate_svc_sites pid 1915: 2 text ranges, 115 svc sites
[   34.499593] kjit: translate_svc_sites pid 1916: 2 text ranges, 115 svc sites
[   34.708318] kjit: translate_svc_sites pid 1926: 2 text ranges, 115 svc sites
[   34.717007] kjit: translate_svc_sites pid 1928: 2 text ranges, 115 svc sites
[   34.728886] kjit: translate_svc_sites pid 1927: 2 text ranges, 115 svc sites
[   34.730452] kjit: translate_svc_sites pid 1930: 2 text ranges, 115 svc sites
[   34.737614] kjit: translate_svc_sites pid 1925: 2 text ranges, 115 svc sites
[   34.747930] kjit: translate_svc_sites pid 1924: 2 text ranges, 115 svc sites
[   34.759282] kjit: translate_svc_sites pid 1923: 2 text ranges, 115 svc sites
[   34.762948] kjit: translate_svc_sites pid 1929: 2 text ranges, 115 svc sites
[   34.968980] kjit: translate_svc_sites pid 1935: 2 text ranges, 115 svc sites
[   34.983656] kjit: translate_svc_sites pid 1936: 2 text ranges, 115 svc sites
[   34.989721] kjit: translate_svc_sites pid 1937: 2 text ranges, 115 svc sites
[   34.994544] kjit: translate_svc_sites pid 1934: 2 text ranges, 115 svc sites
[   34.995705] kjit: translate_svc_sites pid 1941: 2 text ranges, 115 svc sites
[   35.000235] kjit: translate_svc_sites pid 1938: 2 text ranges, 115 svc sites
[   35.001616] kjit: translate_svc_sites pid 1939: 2 text ranges, 115 svc sites
[   35.005750] kjit: translate_svc_sites pid 1940: 2 text ranges, 115 svc sites
[   35.198587] kjit: translate_svc_sites pid 1947: 2 text ranges, 115 svc sites
[   35.212189] kjit: translate_svc_sites pid 1949: 2 text ranges, 115 svc sites
[   35.220114] kjit: translate_svc_sites pid 1948: 2 text ranges, 115 svc sites
[   35.225212] kjit: translate_svc_sites pid 1950: 2 text ranges, 115 svc sites
[   35.231680] kjit: translate_svc_sites pid 1954: 2 text ranges, 115 svc sites
[   35.234403] kjit: translate_svc_sites pid 1952: 2 text ranges, 115 svc sites
[   35.236869] kjit: translate_svc_sites pid 1953: 2 text ranges, 115 svc sites
[   35.238769] kjit: translate_svc_sites pid 1951: 2 text ranges, 115 svc sites
[   35.450275] kjit: translate_svc_sites pid 1961: 2 text ranges, 115 svc sites
[   35.461155] kjit: translate_svc_sites pid 1960: 2 text ranges, 115 svc sites
[   35.488997] kjit: translate_svc_sites pid 1958: 2 text ranges, 115 svc sites
[   35.496304] kjit: translate_svc_sites pid 1959: 2 text ranges, 115 svc sites
[   35.500792] kjit: translate_svc_sites pid 1964: 2 text ranges, 115 svc sites
[   35.501357] kjit: translate_svc_sites pid 1957: 2 text ranges, 115 svc sites
[   35.502282] kjit: translate_svc_sites pid 1963: 2 text ranges, 115 svc sites
[   35.505986] kjit: translate_svc_sites pid 1962: 2 text ranges, 115 svc sites
[   35.696524] kjit: translate_svc_sites pid 1973: 2 text ranges, 115 svc sites
[   35.729390] kjit: translate_svc_sites pid 1975: 2 text ranges, 115 svc sites
[   35.731244] kjit: translate_svc_sites pid 1971: 2 text ranges, 115 svc sites
[   35.740492] kjit: translate_svc_sites pid 1974: 2 text ranges, 115 svc sites
[   35.744177] kjit: translate_svc_sites pid 1978: 2 text ranges, 115 svc sites
[   35.745099] kjit: translate_svc_sites pid 1977: 2 text ranges, 115 svc sites
[   35.749811] kjit: translate_svc_sites pid 1976: 2 text ranges, 115 svc sites
[   35.753427] kjit: translate_svc_sites pid 1972: 2 text ranges, 115 svc sites
[   35.966876] kjit: translate_svc_sites pid 1984: 2 text ranges, 115 svc sites
[   35.967744] kjit: translate_svc_sites pid 1981: 2 text ranges, 115 svc sites
[   35.973441] kjit: translate_svc_sites pid 1982: 2 text ranges, 115 svc sites
[   35.974477] kjit: translate_svc_sites pid 1983: 2 text ranges, 115 svc sites
[   35.979596] kjit: translate_svc_sites pid 1985: 2 text ranges, 115 svc sites
[   35.982820] kjit: translate_svc_sites pid 1987: 2 text ranges, 115 svc sites
[   35.987889] kjit: translate_svc_sites pid 1988: 2 text ranges, 115 svc sites
[   35.988826] kjit: translate_svc_sites pid 1986: 2 text ranges, 115 svc sites
[   36.194059] kjit: translate_svc_sites pid 1994: 2 text ranges, 115 svc sites
[   36.209537] kjit: translate_svc_sites pid 1996: 2 text ranges, 115 svc sites
[   36.220399] kjit: translate_svc_sites pid 1992: 2 text ranges, 115 svc sites
[   36.242228] kjit: translate_svc_sites pid 1995: 2 text ranges, 115 svc sites
[   36.246965] kjit: translate_svc_sites pid 1997: 2 text ranges, 115 svc sites
[   36.250866] kjit: translate_svc_sites pid 1998: 2 text ranges, 115 svc sites
[   36.250997] kjit: translate_svc_sites pid 1993: 2 text ranges, 115 svc sites
[   36.251740] kjit: translate_svc_sites pid 1999: 2 text ranges, 115 svc sites
[   36.451251] kjit: translate_svc_sites pid 2007: 2 text ranges, 115 svc sites
[   36.454304] kjit: translate_svc_sites pid 2004: 2 text ranges, 115 svc sites
[   36.454955] kjit: translate_svc_sites pid 2002: 2 text ranges, 115 svc sites
[   36.470268] kjit: translate_svc_sites pid 2006: 2 text ranges, 115 svc sites
[   36.473140] kjit: translate_svc_sites pid 2005: 2 text ranges, 115 svc sites
[   36.475695] kjit: translate_svc_sites pid 2009: 2 text ranges, 115 svc sites
[   36.480262] kjit: translate_svc_sites pid 2008: 2 text ranges, 115 svc sites
[   36.487170] kjit: translate_svc_sites pid 2003: 2 text ranges, 115 svc sites
[   36.707794] kjit: translate_svc_sites pid 2015: 2 text ranges, 115 svc sites
[   36.714347] kjit: translate_svc_sites pid 2016: 2 text ranges, 115 svc sites
[   36.723319] kjit: translate_svc_sites pid 2019: 2 text ranges, 115 svc sites
[   36.724638] kjit: translate_svc_sites pid 2013: 2 text ranges, 115 svc sites
[   36.726713] kjit: translate_svc_sites pid 2012: 2 text ranges, 115 svc sites
[   36.727532] kjit: translate_svc_sites pid 2014: 2 text ranges, 115 svc sites
[   36.729161] kjit: translate_svc_sites pid 2017: 2 text ranges, 115 svc sites
[   36.731769] kjit: translate_svc_sites pid 2018: 2 text ranges, 115 svc sites
[   36.961249] kjit: translate_svc_sites pid 2025: 2 text ranges, 115 svc sites
[   36.972174] kjit: translate_svc_sites pid 2027: 2 text ranges, 115 svc sites
[   36.976092] kjit: translate_svc_sites pid 2026: 2 text ranges, 115 svc sites
[   36.980999] kjit: translate_svc_sites pid 2029: 2 text ranges, 115 svc sites
[   36.983411] kjit: translate_svc_sites pid 2030: 2 text ranges, 115 svc sites
[   36.988310] kjit: translate_svc_sites pid 2024: 2 text ranges, 115 svc sites
[   36.988364] kjit: translate_svc_sites pid 2028: 2 text ranges, 115 svc sites
[   36.990094] kjit: translate_svc_sites pid 2023: 2 text ranges, 115 svc sites
[   37.213904] kjit: translate_svc_sites pid 2035: 2 text ranges, 115 svc sites
[   37.218097] kjit: translate_svc_sites pid 2038: 2 text ranges, 115 svc sites
[   37.224955] kjit: translate_svc_sites pid 2039: 2 text ranges, 115 svc sites
[   37.234734] kjit: translate_svc_sites pid 2033: 2 text ranges, 115 svc sites
[   37.236523] kjit: translate_svc_sites pid 2034: 2 text ranges, 115 svc sites
[   37.243745] kjit: translate_svc_sites pid 2036: 2 text ranges, 115 svc sites
[   37.254378] kjit: translate_svc_sites pid 2037: 2 text ranges, 115 svc sites
[   37.257307] kjit: translate_svc_sites pid 2040: 2 text ranges, 115 svc sites
[   37.461898] kjit: translate_svc_sites pid 2059: 2 text ranges, 115 svc sites
[   37.485351] kjit: translate_svc_sites pid 2055: 2 text ranges, 115 svc sites
[   37.490572] kjit: translate_svc_sites pid 2056: 2 text ranges, 115 svc sites
[   37.496101] kjit: translate_svc_sites pid 2058: 2 text ranges, 115 svc sites
[   37.496534] kjit: translate_svc_sites pid 2061: 2 text ranges, 115 svc sites
[   37.499621] kjit: translate_svc_sites pid 2057: 2 text ranges, 115 svc sites
[   37.500406] kjit: translate_svc_sites pid 2062: 2 text ranges, 115 svc sites
[   37.503128] kjit: translate_svc_sites pid 2060: 2 text ranges, 115 svc sites
[   37.708353] kjit: translate_svc_sites pid 2066: 2 text ranges, 115 svc sites
[   37.718544] kjit: translate_svc_sites pid 2070: 2 text ranges, 115 svc sites
[   37.725585] kjit: translate_svc_sites pid 2067: 2 text ranges, 115 svc sites
[   37.726995] kjit: translate_svc_sites pid 2072: 2 text ranges, 115 svc sites
[   37.730512] kjit: translate_svc_sites pid 2068: 2 text ranges, 115 svc sites
[   37.735896] kjit: translate_svc_sites pid 2071: 2 text ranges, 115 svc sites
[   37.737078] kjit: translate_svc_sites pid 2069: 2 text ranges, 115 svc sites
[   37.738420] kjit: translate_svc_sites pid 2065: 2 text ranges, 115 svc sites
[   37.953358] kjit: translate_svc_sites pid 2075: 2 text ranges, 115 svc sites
[   37.965788] kjit: translate_svc_sites pid 2077: 2 text ranges, 115 svc sites
[   37.978529] kjit: translate_svc_sites pid 2078: 2 text ranges, 115 svc sites
[   37.981711] kjit: translate_svc_sites pid 2079: 2 text ranges, 115 svc sites
[   37.983205] kjit: translate_svc_sites pid 2076: 2 text ranges, 115 svc sites
[   37.985493] kjit: translate_svc_sites pid 2081: 2 text ranges, 115 svc sites
[   37.986057] kjit: translate_svc_sites pid 2080: 2 text ranges, 115 svc sites
[   37.991410] kjit: translate_svc_sites pid 2082: 2 text ranges, 115 svc sites
[   38.210857] kjit: translate_svc_sites pid 2089: 2 text ranges, 115 svc sites
[   38.231110] kjit: translate_svc_sites pid 2092: 2 text ranges, 115 svc sites
[   38.232405] kjit: translate_svc_sites pid 2090: 2 text ranges, 115 svc sites
[   38.233768] kjit: translate_svc_sites pid 2087: 2 text ranges, 115 svc sites
[   38.234291] kjit: translate_svc_sites pid 2086: 2 text ranges, 115 svc sites
[   38.238137] kjit: translate_svc_sites pid 2085: 2 text ranges, 115 svc sites
[   38.253763] kjit: translate_svc_sites pid 2091: 2 text ranges, 115 svc sites
[   38.258385] kjit: translate_svc_sites pid 2088: 2 text ranges, 115 svc sites
[   38.464812] kjit: translate_svc_sites pid 2101: 2 text ranges, 115 svc sites
[   38.466241] kjit: translate_svc_sites pid 2106: 2 text ranges, 115 svc sites
[   38.479191] kjit: translate_svc_sites pid 2100: 2 text ranges, 115 svc sites
[   38.488307] kjit: translate_svc_sites pid 2103: 2 text ranges, 115 svc sites
[   38.495906] kjit: translate_svc_sites pid 2104: 2 text ranges, 115 svc sites
[   38.496043] kjit: translate_svc_sites pid 2107: 2 text ranges, 115 svc sites
[   38.500943] kjit: translate_svc_sites pid 2105: 2 text ranges, 115 svc sites
[   38.510437] kjit: translate_svc_sites pid 2102: 2 text ranges, 115 svc sites
[   38.702481] kjit: translate_svc_sites pid 2111: 2 text ranges, 115 svc sites
[   38.705785] kjit: translate_svc_sites pid 2112: 2 text ranges, 115 svc sites
[   38.721596] kjit: translate_svc_sites pid 2110: 2 text ranges, 115 svc sites
[   38.730985] kjit: translate_svc_sites pid 2113: 2 text ranges, 115 svc sites
[   38.732260] kjit: translate_svc_sites pid 2116: 2 text ranges, 115 svc sites
[   38.734270] kjit: translate_svc_sites pid 2117: 2 text ranges, 115 svc sites
[   38.738039] kjit: translate_svc_sites pid 2115: 2 text ranges, 115 svc sites
[   38.738944] kjit: translate_svc_sites pid 2114: 2 text ranges, 115 svc sites
[   38.943035] kjit: translate_svc_sites pid 2123: 2 text ranges, 115 svc sites
[   38.959490] kjit: translate_svc_sites pid 2121: 2 text ranges, 115 svc sites
[   38.965015] kjit: translate_svc_sites pid 2125: 2 text ranges, 115 svc sites
[   38.965841] kjit: translate_svc_sites pid 2120: 2 text ranges, 115 svc sites
[   38.970387] kjit: translate_svc_sites pid 2127: 2 text ranges, 115 svc sites
[   38.971365] kjit: translate_svc_sites pid 2124: 2 text ranges, 115 svc sites
[   38.979345] kjit: translate_svc_sites pid 2122: 2 text ranges, 115 svc sites
[   38.983738] kjit: translate_svc_sites pid 2126: 2 text ranges, 115 svc sites
[   39.199136] kjit: translate_svc_sites pid 2137: 2 text ranges, 115 svc sites
[   39.202156] kjit: translate_svc_sites pid 2136: 2 text ranges, 115 svc sites
[   39.207285] kjit: translate_svc_sites pid 2134: 2 text ranges, 115 svc sites
[   39.209831] kjit: translate_svc_sites pid 2139: 2 text ranges, 115 svc sites
[   39.213401] kjit: translate_svc_sites pid 2140: 2 text ranges, 115 svc sites
[   39.214523] kjit: translate_svc_sites pid 2138: 2 text ranges, 115 svc sites
[   39.215001] kjit: translate_svc_sites pid 2135: 2 text ranges, 115 svc sites
[   39.216134] kjit: translate_svc_sites pid 2133: 2 text ranges, 115 svc sites
[   39.437095] kjit: translate_svc_sites pid 2143: 2 text ranges, 115 svc sites
[   39.449351] kjit: translate_svc_sites pid 2147: 2 text ranges, 115 svc sites
[   39.455827] kjit: translate_svc_sites pid 2150: 2 text ranges, 115 svc sites
[   39.464261] kjit: translate_svc_sites pid 2148: 2 text ranges, 115 svc sites
[   39.469253] kjit: translate_svc_sites pid 2149: 2 text ranges, 115 svc sites
[   39.469612] kjit: translate_svc_sites pid 2145: 2 text ranges, 115 svc sites
[   39.470169] kjit: translate_svc_sites pid 2144: 2 text ranges, 115 svc sites
[   39.470996] kjit: translate_svc_sites pid 2146: 2 text ranges, 115 svc sites
fpb lat state=on rep=1 lat cpus=4 samples=80000 interval_us=1000 p50_us=60.7 p99_us=230.8 p999_us=442.9 max_us=679.9 gt100us=16762 gt1ms=0 gt5ms=0 max_cpu=3 preempted=24743 brackets=1263999 run_max_ns=4134916
[   40.216491] kjit: translate_svc_sites pid 2189: 2 text ranges, 115 svc sites
[   40.231665] kjit: translate_svc_sites pid 2187: 2 text ranges, 115 svc sites
[   40.235801] kjit: translate_svc_sites pid 2186: 2 text ranges, 115 svc sites
[   40.236635] kjit: translate_svc_sites pid 2191: 2 text ranges, 115 svc sites
[   40.239252] kjit: translate_svc_sites pid 2188: 2 text ranges, 115 svc sites
[   40.242174] kjit: translate_svc_sites pid 2192: 2 text ranges, 115 svc sites
[   40.243318] kjit: translate_svc_sites pid 2193: 2 text ranges, 115 svc sites
[   40.243932] kjit: translate_svc_sites pid 2190: 2 text ranges, 115 svc sites
[   40.440817] kjit: translate_svc_sites pid 2196: 2 text ranges, 115 svc sites
[   40.445935] kjit: translate_svc_sites pid 2198: 2 text ranges, 115 svc sites
[   40.459482] kjit: translate_svc_sites pid 2199: 2 text ranges, 115 svc sites
[   40.462313] kjit: translate_svc_sites pid 2202: 2 text ranges, 115 svc sites
[   40.464302] kjit: translate_svc_sites pid 2197: 2 text ranges, 115 svc sites
[   40.464802] kjit: translate_svc_sites pid 2200: 2 text ranges, 115 svc sites
[   40.467170] kjit: translate_svc_sites pid 2203: 2 text ranges, 115 svc sites
[   40.467663] kjit: translate_svc_sites pid 2201: 2 text ranges, 115 svc sites
[   40.675698] kjit: translate_svc_sites pid 2211: 2 text ranges, 115 svc sites
[   40.676264] kjit: translate_svc_sites pid 2207: 2 text ranges, 115 svc sites
[   40.683407] kjit: translate_svc_sites pid 2209: 2 text ranges, 115 svc sites
[   40.686102] kjit: translate_svc_sites pid 2206: 2 text ranges, 115 svc sites
[   40.689871] kjit: translate_svc_sites pid 2208: 2 text ranges, 115 svc sites
[   40.693571] kjit: translate_svc_sites pid 2213: 2 text ranges, 115 svc sites
[   40.699472] kjit: translate_svc_sites pid 2210: 2 text ranges, 115 svc sites
[   40.703393] kjit: translate_svc_sites pid 2212: 2 text ranges, 115 svc sites
[   40.906614] kjit: translate_svc_sites pid 2216: 2 text ranges, 115 svc sites
[   40.911189] kjit: translate_svc_sites pid 2219: 2 text ranges, 115 svc sites
[   40.933829] kjit: translate_svc_sites pid 2220: 2 text ranges, 115 svc sites
[   40.934558] kjit: translate_svc_sites pid 2221: 2 text ranges, 115 svc sites
[   40.936776] kjit: translate_svc_sites pid 2218: 2 text ranges, 115 svc sites
[   40.939580] kjit: translate_svc_sites pid 2223: 2 text ranges, 115 svc sites
[   40.950382] kjit: translate_svc_sites pid 2217: 2 text ranges, 115 svc sites
[   40.952683] kjit: translate_svc_sites pid 2222: 2 text ranges, 115 svc sites
[   41.173293] kjit: translate_svc_sites pid 2239: 2 text ranges, 115 svc sites
[   41.174137] kjit: translate_svc_sites pid 2235: 2 text ranges, 115 svc sites
[   41.175284] kjit: translate_svc_sites pid 2242: 2 text ranges, 115 svc sites
[   41.179769] kjit: translate_svc_sites pid 2237: 2 text ranges, 115 svc sites
[   41.181834] kjit: translate_svc_sites pid 2240: 2 text ranges, 115 svc sites
[   41.182525] kjit: translate_svc_sites pid 2236: 2 text ranges, 115 svc sites
[   41.183059] kjit: translate_svc_sites pid 2238: 2 text ranges, 115 svc sites
[   41.188055] kjit: translate_svc_sites pid 2241: 2 text ranges, 115 svc sites
[   41.397538] kjit: translate_svc_sites pid 2248: 2 text ranges, 115 svc sites
[   41.402177] kjit: translate_svc_sites pid 2247: 2 text ranges, 115 svc sites
[   41.414772] kjit: translate_svc_sites pid 2252: 2 text ranges, 115 svc sites
[   41.415697] kjit: translate_svc_sites pid 2245: 2 text ranges, 115 svc sites
[   41.439627] kjit: translate_svc_sites pid 2251: 2 text ranges, 115 svc sites
[   41.449383] kjit: translate_svc_sites pid 2250: 2 text ranges, 115 svc sites
[   41.450266] kjit: translate_svc_sites pid 2249: 2 text ranges, 115 svc sites
[   41.452268] kjit: translate_svc_sites pid 2246: 2 text ranges, 115 svc sites
[   41.643596] kjit: translate_svc_sites pid 2277: 2 text ranges, 115 svc sites
[   41.657728] kjit: translate_svc_sites pid 2281: 2 text ranges, 115 svc sites
[   41.658737] kjit: translate_svc_sites pid 2278: 2 text ranges, 115 svc sites
[   41.664254] kjit: translate_svc_sites pid 2275: 2 text ranges, 115 svc sites
[   41.671293] kjit: translate_svc_sites pid 2282: 2 text ranges, 115 svc sites
[   41.679474] kjit: translate_svc_sites pid 2280: 2 text ranges, 115 svc sites
[   41.680739] kjit: translate_svc_sites pid 2279: 2 text ranges, 115 svc sites
[   41.784515] kjit: translate_svc_sites pid 2276: 2 text ranges, 115 svc sites
[   41.936503] kjit: translate_svc_sites pid 2287: 2 text ranges, 115 svc sites
[   41.940096] kjit: translate_svc_sites pid 2290: 2 text ranges, 115 svc sites
[   41.949337] kjit: translate_svc_sites pid 2286: 2 text ranges, 115 svc sites
[   41.954108] kjit: translate_svc_sites pid 2289: 2 text ranges, 115 svc sites
[   41.961482] kjit: translate_svc_sites pid 2288: 2 text ranges, 115 svc sites
[   41.966221] kjit: translate_svc_sites pid 2292: 2 text ranges, 115 svc sites
[   41.967973] kjit: translate_svc_sites pid 2293: 2 text ranges, 115 svc sites
[   41.969456] kjit: translate_svc_sites pid 2291: 2 text ranges, 115 svc sites
[   42.162328] kjit: translate_svc_sites pid 2298: 2 text ranges, 115 svc sites
[   42.181380] kjit: translate_svc_sites pid 2297: 2 text ranges, 115 svc sites
[   42.189634] kjit: translate_svc_sites pid 2302: 2 text ranges, 115 svc sites
[   42.196065] kjit: translate_svc_sites pid 2296: 2 text ranges, 115 svc sites
[   42.199490] kjit: translate_svc_sites pid 2303: 2 text ranges, 115 svc sites
[   42.200941] kjit: translate_svc_sites pid 2299: 2 text ranges, 115 svc sites
[   42.222157] kjit: translate_svc_sites pid 2301: 2 text ranges, 115 svc sites
[   42.230629] kjit: translate_svc_sites pid 2300: 2 text ranges, 115 svc sites
[   42.426178] kjit: translate_svc_sites pid 2314: 2 text ranges, 115 svc sites
[   42.426711] kjit: translate_svc_sites pid 2315: 2 text ranges, 115 svc sites
[   42.437224] kjit: translate_svc_sites pid 2310: 2 text ranges, 115 svc sites
[   42.437764] kjit: translate_svc_sites pid 2311: 2 text ranges, 115 svc sites
[   42.439086] kjit: translate_svc_sites pid 2309: 2 text ranges, 115 svc sites
[   42.442684] kjit: translate_svc_sites pid 2313: 2 text ranges, 115 svc sites
[   42.454025] kjit: translate_svc_sites pid 2308: 2 text ranges, 115 svc sites
[   42.458013] kjit: translate_svc_sites pid 2312: 2 text ranges, 115 svc sites
[   42.649459] kjit: translate_svc_sites pid 2327: 2 text ranges, 115 svc sites
[   42.656737] kjit: translate_svc_sites pid 2323: 2 text ranges, 115 svc sites
[   42.671155] kjit: translate_svc_sites pid 2325: 2 text ranges, 115 svc sites
[   42.685487] kjit: translate_svc_sites pid 2328: 2 text ranges, 115 svc sites
[   42.686092] kjit: translate_svc_sites pid 2324: 2 text ranges, 115 svc sites
[   42.688979] kjit: translate_svc_sites pid 2330: 2 text ranges, 115 svc sites
[   42.691560] kjit: translate_svc_sites pid 2329: 2 text ranges, 115 svc sites
[   42.695592] kjit: translate_svc_sites pid 2326: 2 text ranges, 115 svc sites
[   42.905560] kjit: translate_svc_sites pid 2336: 2 text ranges, 115 svc sites
[   42.910084] kjit: translate_svc_sites pid 2334: 2 text ranges, 115 svc sites
[   42.917475] kjit: translate_svc_sites pid 2337: 2 text ranges, 115 svc sites
[   42.923475] kjit: translate_svc_sites pid 2339: 2 text ranges, 115 svc sites
[   42.925519] kjit: translate_svc_sites pid 2340: 2 text ranges, 115 svc sites
[   42.929573] kjit: translate_svc_sites pid 2335: 2 text ranges, 115 svc sites
[   42.932697] kjit: translate_svc_sites pid 2333: 2 text ranges, 115 svc sites
[   42.934459] kjit: translate_svc_sites pid 2338: 2 text ranges, 115 svc sites
[   43.127416] kjit: translate_svc_sites pid 2343: 2 text ranges, 115 svc sites
[   43.131825] kjit: translate_svc_sites pid 2346: 2 text ranges, 115 svc sites
[   43.133378] kjit: translate_svc_sites pid 2345: 2 text ranges, 115 svc sites
[   43.136753] kjit: translate_svc_sites pid 2347: 2 text ranges, 115 svc sites
[   43.186127] kjit: translate_svc_sites pid 2348: 2 text ranges, 115 svc sites
[   43.195782] kjit: translate_svc_sites pid 2350: 2 text ranges, 115 svc sites
[   43.197062] kjit: translate_svc_sites pid 2344: 2 text ranges, 115 svc sites
[   43.216390] kjit: translate_svc_sites pid 2349: 2 text ranges, 115 svc sites
[   43.389209] kjit: translate_svc_sites pid 2361: 2 text ranges, 115 svc sites
[   43.396299] kjit: translate_svc_sites pid 2359: 2 text ranges, 115 svc sites
[   43.408042] kjit: translate_svc_sites pid 2363: 2 text ranges, 115 svc sites
[   43.408805] kjit: translate_svc_sites pid 2362: 2 text ranges, 115 svc sites
[   43.421839] kjit: translate_svc_sites pid 2360: 2 text ranges, 115 svc sites
[   43.423329] kjit: translate_svc_sites pid 2366: 2 text ranges, 115 svc sites
[   43.425918] kjit: translate_svc_sites pid 2364: 2 text ranges, 115 svc sites
[   43.430459] kjit: translate_svc_sites pid 2365: 2 text ranges, 115 svc sites
[   43.649417] kjit: translate_svc_sites pid 2372: 2 text ranges, 115 svc sites
[   43.650839] kjit: translate_svc_sites pid 2373: 2 text ranges, 115 svc sites
[   43.658616] kjit: translate_svc_sites pid 2370: 2 text ranges, 115 svc sites
[   43.660488] kjit: translate_svc_sites pid 2376: 2 text ranges, 115 svc sites
[   43.661212] kjit: translate_svc_sites pid 2371: 2 text ranges, 115 svc sites
[   43.661287] kjit: translate_svc_sites pid 2375: 2 text ranges, 115 svc sites
[   43.664035] kjit: translate_svc_sites pid 2374: 2 text ranges, 115 svc sites
[   43.664491] kjit: translate_svc_sites pid 2369: 2 text ranges, 115 svc sites
[   43.856265] kjit: translate_svc_sites pid 2380: 2 text ranges, 115 svc sites
[   43.858564] kjit: translate_svc_sites pid 2381: 2 text ranges, 115 svc sites
[   43.899305] kjit: translate_svc_sites pid 2384: 2 text ranges, 115 svc sites
[   43.901612] kjit: translate_svc_sites pid 2386: 2 text ranges, 115 svc sites
[   43.906297] kjit: translate_svc_sites pid 2379: 2 text ranges, 115 svc sites
[   43.907852] kjit: translate_svc_sites pid 2383: 2 text ranges, 115 svc sites
[   43.908798] kjit: translate_svc_sites pid 2382: 2 text ranges, 115 svc sites
[   43.911628] kjit: translate_svc_sites pid 2385: 2 text ranges, 115 svc sites
[   44.118721] kjit: translate_svc_sites pid 2394: 2 text ranges, 115 svc sites
[   44.120482] kjit: translate_svc_sites pid 2393: 2 text ranges, 115 svc sites
[   44.124754] kjit: translate_svc_sites pid 2392: 2 text ranges, 115 svc sites
[   44.135953] kjit: translate_svc_sites pid 2391: 2 text ranges, 115 svc sites
[   44.147207] kjit: translate_svc_sites pid 2390: 2 text ranges, 115 svc sites
[   44.155471] kjit: translate_svc_sites pid 2396: 2 text ranges, 115 svc sites
[   44.157600] kjit: translate_svc_sites pid 2389: 2 text ranges, 115 svc sites
[   44.160072] kjit: translate_svc_sites pid 2395: 2 text ranges, 115 svc sites
[   44.349817] kjit: translate_svc_sites pid 2400: 2 text ranges, 115 svc sites
[   44.355030] kjit: translate_svc_sites pid 2401: 2 text ranges, 115 svc sites
[   44.377750] kjit: translate_svc_sites pid 2404: 2 text ranges, 115 svc sites
[   44.384475] kjit: translate_svc_sites pid 2407: 2 text ranges, 115 svc sites
[   44.386341] kjit: translate_svc_sites pid 2403: 2 text ranges, 115 svc sites
[   44.396411] kjit: translate_svc_sites pid 2405: 2 text ranges, 115 svc sites
[   44.399065] kjit: translate_svc_sites pid 2402: 2 text ranges, 115 svc sites
[   44.401111] kjit: translate_svc_sites pid 2406: 2 text ranges, 115 svc sites
[   44.595532] kjit: translate_svc_sites pid 2415: 2 text ranges, 115 svc sites
[   44.604701] kjit: translate_svc_sites pid 2410: 2 text ranges, 115 svc sites
[   44.609150] kjit: translate_svc_sites pid 2412: 2 text ranges, 115 svc sites
[   44.613468] kjit: translate_svc_sites pid 2414: 2 text ranges, 115 svc sites
[   44.613571] kjit: translate_svc_sites pid 2411: 2 text ranges, 115 svc sites
[   44.618521] kjit: translate_svc_sites pid 2416: 2 text ranges, 115 svc sites
[   44.620165] kjit: translate_svc_sites pid 2413: 2 text ranges, 115 svc sites
[   44.622149] kjit: translate_svc_sites pid 2417: 2 text ranges, 115 svc sites
[   44.849453] kjit: translate_svc_sites pid 2424: 2 text ranges, 115 svc sites
[   44.851688] kjit: translate_svc_sites pid 2420: 2 text ranges, 115 svc sites
[   44.861360] kjit: translate_svc_sites pid 2426: 2 text ranges, 115 svc sites
[   44.866745] kjit: translate_svc_sites pid 2423: 2 text ranges, 115 svc sites
[   44.876705] kjit: translate_svc_sites pid 2425: 2 text ranges, 115 svc sites
[   44.877368] kjit: translate_svc_sites pid 2422: 2 text ranges, 115 svc sites
[   44.878452] kjit: translate_svc_sites pid 2427: 2 text ranges, 115 svc sites
[   44.881670] kjit: translate_svc_sites pid 2421: 2 text ranges, 115 svc sites
[   45.091257] kjit: translate_svc_sites pid 2436: 2 text ranges, 115 svc sites
[   45.096115] kjit: translate_svc_sites pid 2443: 2 text ranges, 115 svc sites
[   45.096225] kjit: translate_svc_sites pid 2437: 2 text ranges, 115 svc sites
[   45.099305] kjit: translate_svc_sites pid 2442: 2 text ranges, 115 svc sites
[   45.107121] kjit: translate_svc_sites pid 2438: 2 text ranges, 115 svc sites
[   45.123696] kjit: translate_svc_sites pid 2439: 2 text ranges, 115 svc sites
[   45.124147] kjit: translate_svc_sites pid 2441: 2 text ranges, 115 svc sites
[   45.125863] kjit: translate_svc_sites pid 2440: 2 text ranges, 115 svc sites
[   45.333897] kjit: translate_svc_sites pid 2448: 2 text ranges, 115 svc sites
[   45.345910] kjit: translate_svc_sites pid 2454: 2 text ranges, 115 svc sites
[   45.349594] kjit: translate_svc_sites pid 2453: 2 text ranges, 115 svc sites
[   45.353931] kjit: translate_svc_sites pid 2455: 2 text ranges, 115 svc sites
[   45.355317] kjit: translate_svc_sites pid 2452: 2 text ranges, 115 svc sites
[   45.356943] kjit: translate_svc_sites pid 2450: 2 text ranges, 115 svc sites
[   45.358564] kjit: translate_svc_sites pid 2449: 2 text ranges, 115 svc sites
[   45.358653] kjit: translate_svc_sites pid 2451: 2 text ranges, 115 svc sites
[   45.572043] kjit: translate_svc_sites pid 2458: 2 text ranges, 115 svc sites
[   45.577610] kjit: translate_svc_sites pid 2464: 2 text ranges, 115 svc sites
[   45.594317] kjit: translate_svc_sites pid 2460: 2 text ranges, 115 svc sites
[   45.595397] kjit: translate_svc_sites pid 2463: 2 text ranges, 115 svc sites
[   45.600597] kjit: translate_svc_sites pid 2459: 2 text ranges, 115 svc sites
[   45.603884] kjit: translate_svc_sites pid 2462: 2 text ranges, 115 svc sites
[   45.604976] kjit: translate_svc_sites pid 2465: 2 text ranges, 115 svc sites
[   45.609395] kjit: translate_svc_sites pid 2461: 2 text ranges, 115 svc sites
[   45.814715] kjit: translate_svc_sites pid 2472: 2 text ranges, 115 svc sites
[   45.817906] kjit: translate_svc_sites pid 2470: 2 text ranges, 115 svc sites
[   45.836589] kjit: translate_svc_sites pid 2473: 2 text ranges, 115 svc sites
[   45.837622] kjit: translate_svc_sites pid 2471: 2 text ranges, 115 svc sites
[   45.838199] kjit: translate_svc_sites pid 2475: 2 text ranges, 115 svc sites
[   45.839323] kjit: translate_svc_sites pid 2474: 2 text ranges, 115 svc sites
[   45.870361] kjit: translate_svc_sites pid 2469: 2 text ranges, 115 svc sites
[   45.879182] kjit: translate_svc_sites pid 2468: 2 text ranges, 115 svc sites
[   46.078215] kjit: translate_svc_sites pid 2478: 2 text ranges, 115 svc sites
[   46.079112] kjit: translate_svc_sites pid 2485: 2 text ranges, 115 svc sites
[   46.090604] kjit: translate_svc_sites pid 2483: 2 text ranges, 115 svc sites
[   46.092411] kjit: translate_svc_sites pid 2480: 2 text ranges, 115 svc sites
[   46.093098] kjit: translate_svc_sites pid 2482: 2 text ranges, 115 svc sites
[   46.094649] kjit: translate_svc_sites pid 2484: 2 text ranges, 115 svc sites
[   46.096448] kjit: translate_svc_sites pid 2479: 2 text ranges, 115 svc sites
[   46.099512] kjit: translate_svc_sites pid 2481: 2 text ranges, 115 svc sites
[   46.291944] kjit: translate_svc_sites pid 2489: 2 text ranges, 115 svc sites
[   46.311399] kjit: translate_svc_sites pid 2490: 2 text ranges, 115 svc sites
[   46.319912] kjit: translate_svc_sites pid 2488: 2 text ranges, 115 svc sites
[   46.329324] kjit: translate_svc_sites pid 2494: 2 text ranges, 115 svc sites
[   46.340393] kjit: translate_svc_sites pid 2492: 2 text ranges, 115 svc sites
[   46.342426] kjit: translate_svc_sites pid 2495: 2 text ranges, 115 svc sites
[   46.352400] kjit: translate_svc_sites pid 2491: 2 text ranges, 115 svc sites
[   46.353228] kjit: translate_svc_sites pid 2493: 2 text ranges, 115 svc sites
[   46.568628] kjit: translate_svc_sites pid 2501: 2 text ranges, 115 svc sites
[   46.572019] kjit: translate_svc_sites pid 2502: 2 text ranges, 115 svc sites
[   46.576480] kjit: translate_svc_sites pid 2498: 2 text ranges, 115 svc sites
[   46.578020] kjit: translate_svc_sites pid 2504: 2 text ranges, 115 svc sites
[   46.580379] kjit: translate_svc_sites pid 2499: 2 text ranges, 115 svc sites
[   46.584451] kjit: translate_svc_sites pid 2503: 2 text ranges, 115 svc sites
[   46.585360] kjit: translate_svc_sites pid 2500: 2 text ranges, 115 svc sites
[   46.587618] kjit: translate_svc_sites pid 2505: 2 text ranges, 115 svc sites
[   46.800362] kjit: translate_svc_sites pid 2513: 2 text ranges, 115 svc sites
[   46.818053] kjit: translate_svc_sites pid 2514: 2 text ranges, 115 svc sites
[   46.819416] kjit: translate_svc_sites pid 2510: 2 text ranges, 115 svc sites
[   46.825642] kjit: translate_svc_sites pid 2511: 2 text ranges, 115 svc sites
[   46.831741] kjit: translate_svc_sites pid 2509: 2 text ranges, 115 svc sites
[   46.834426] kjit: translate_svc_sites pid 2512: 2 text ranges, 115 svc sites
[   46.846176] kjit: translate_svc_sites pid 2515: 2 text ranges, 115 svc sites
[   46.847351] kjit: translate_svc_sites pid 2508: 2 text ranges, 115 svc sites
[   47.038267] kjit: translate_svc_sites pid 2518: 2 text ranges, 115 svc sites
[   47.065012] kjit: translate_svc_sites pid 2519: 2 text ranges, 115 svc sites
[   47.074535] kjit: translate_svc_sites pid 2525: 2 text ranges, 115 svc sites
[   47.077676] kjit: translate_svc_sites pid 2520: 2 text ranges, 115 svc sites
[   47.078173] kjit: translate_svc_sites pid 2521: 2 text ranges, 115 svc sites
[   47.081889] kjit: translate_svc_sites pid 2523: 2 text ranges, 115 svc sites
[   47.093898] kjit: translate_svc_sites pid 2522: 2 text ranges, 115 svc sites
[   47.095553] kjit: translate_svc_sites pid 2524: 2 text ranges, 115 svc sites
[   47.327610] kjit: translate_svc_sites pid 2528: 2 text ranges, 115 svc sites
[   47.329314] kjit: translate_svc_sites pid 2535: 2 text ranges, 115 svc sites
[   47.333255] kjit: translate_svc_sites pid 2530: 2 text ranges, 115 svc sites
[   47.340054] kjit: translate_svc_sites pid 2531: 2 text ranges, 115 svc sites
[   47.340990] kjit: translate_svc_sites pid 2534: 2 text ranges, 115 svc sites
[   47.341790] kjit: translate_svc_sites pid 2529: 2 text ranges, 115 svc sites
[   47.342576] kjit: translate_svc_sites pid 2533: 2 text ranges, 115 svc sites
[   47.343169] kjit: translate_svc_sites pid 2532: 2 text ranges, 115 svc sites
[   47.555202] kjit: translate_svc_sites pid 2543: 2 text ranges, 115 svc sites
[   47.596877] kjit: translate_svc_sites pid 2542: 2 text ranges, 115 svc sites
[   47.597642] kjit: translate_svc_sites pid 2539: 2 text ranges, 115 svc sites
[   47.599086] kjit: translate_svc_sites pid 2544: 2 text ranges, 115 svc sites
[   47.600604] kjit: translate_svc_sites pid 2538: 2 text ranges, 115 svc sites
[   47.601489] kjit: translate_svc_sites pid 2541: 2 text ranges, 115 svc sites
[   47.602580] kjit: translate_svc_sites pid 2540: 2 text ranges, 115 svc sites
[   47.605295] kjit: translate_svc_sites pid 2545: 2 text ranges, 115 svc sites
[   47.818881] kjit: translate_svc_sites pid 2551: 2 text ranges, 115 svc sites
[   47.842304] kjit: translate_svc_sites pid 2556: 2 text ranges, 115 svc sites
[   47.843832] kjit: translate_svc_sites pid 2557: 2 text ranges, 115 svc sites
[   47.846384] kjit: translate_svc_sites pid 2558: 2 text ranges, 115 svc sites
[   47.854688] kjit: translate_svc_sites pid 2555: 2 text ranges, 115 svc sites
[   47.856247] kjit: translate_svc_sites pid 2552: 2 text ranges, 115 svc sites
[   47.860124] kjit: translate_svc_sites pid 2554: 2 text ranges, 115 svc sites
[   47.864099] kjit: translate_svc_sites pid 2553: 2 text ranges, 115 svc sites
[   48.071970] kjit: translate_svc_sites pid 2561: 2 text ranges, 115 svc sites
[   48.083561] kjit: translate_svc_sites pid 2564: 2 text ranges, 115 svc sites
[   48.087676] kjit: translate_svc_sites pid 2565: 2 text ranges, 115 svc sites
[   48.098838] kjit: translate_svc_sites pid 2562: 2 text ranges, 115 svc sites
[   48.099057] kjit: translate_svc_sites pid 2563: 2 text ranges, 115 svc sites
[   48.102278] kjit: translate_svc_sites pid 2567: 2 text ranges, 115 svc sites
[   48.104354] kjit: translate_svc_sites pid 2566: 2 text ranges, 115 svc sites
[   48.105912] kjit: translate_svc_sites pid 2568: 2 text ranges, 115 svc sites
[   48.329283] kjit: translate_svc_sites pid 2572: 2 text ranges, 115 svc sites
[   48.334470] kjit: translate_svc_sites pid 2577: 2 text ranges, 115 svc sites
[   48.340580] kjit: translate_svc_sites pid 2574: 2 text ranges, 115 svc sites
[   48.341930] kjit: translate_svc_sites pid 2575: 2 text ranges, 115 svc sites
[   48.343226] kjit: translate_svc_sites pid 2571: 2 text ranges, 115 svc sites
[   48.346760] kjit: translate_svc_sites pid 2573: 2 text ranges, 115 svc sites
[   48.350219] kjit: translate_svc_sites pid 2576: 2 text ranges, 115 svc sites
[   48.356511] kjit: translate_svc_sites pid 2578: 2 text ranges, 115 svc sites
[   48.551960] kjit: translate_svc_sites pid 2586: 2 text ranges, 115 svc sites
[   48.563295] kjit: translate_svc_sites pid 2583: 2 text ranges, 115 svc sites
[   48.579181] kjit: translate_svc_sites pid 2587: 2 text ranges, 115 svc sites
[   48.599614] kjit: translate_svc_sites pid 2582: 2 text ranges, 115 svc sites
[   48.601615] kjit: translate_svc_sites pid 2581: 2 text ranges, 115 svc sites
[   48.603097] kjit: translate_svc_sites pid 2588: 2 text ranges, 115 svc sites
[   48.604252] kjit: translate_svc_sites pid 2585: 2 text ranges, 115 svc sites
[   48.606154] kjit: translate_svc_sites pid 2584: 2 text ranges, 115 svc sites
[   48.810850] kjit: translate_svc_sites pid 2594: 2 text ranges, 115 svc sites
[   48.812878] kjit: translate_svc_sites pid 2593: 2 text ranges, 115 svc sites
[   48.814550] kjit: translate_svc_sites pid 2592: 2 text ranges, 115 svc sites
[   48.815958] kjit: translate_svc_sites pid 2595: 2 text ranges, 115 svc sites
[   48.843036] kjit: translate_svc_sites pid 2596: 2 text ranges, 115 svc sites
[   48.844796] kjit: translate_svc_sites pid 2591: 2 text ranges, 115 svc sites
[   48.845793] kjit: translate_svc_sites pid 2598: 2 text ranges, 115 svc sites
[   48.856789] kjit: translate_svc_sites pid 2597: 2 text ranges, 115 svc sites
[   49.048716] kjit: translate_svc_sites pid 2603: 2 text ranges, 115 svc sites
[   49.049614] kjit: translate_svc_sites pid 2601: 2 text ranges, 115 svc sites
[   49.050381] kjit: translate_svc_sites pid 2602: 2 text ranges, 115 svc sites
[   49.076057] kjit: translate_svc_sites pid 2606: 2 text ranges, 115 svc sites
[   49.084641] kjit: translate_svc_sites pid 2608: 2 text ranges, 115 svc sites
[   49.092451] kjit: translate_svc_sites pid 2605: 2 text ranges, 115 svc sites
[   49.094709] kjit: translate_svc_sites pid 2604: 2 text ranges, 115 svc sites
[   49.098473] kjit: translate_svc_sites pid 2607: 2 text ranges, 115 svc sites
[   49.301937] kjit: translate_svc_sites pid 2616: 2 text ranges, 115 svc sites
[   49.303847] kjit: translate_svc_sites pid 2611: 2 text ranges, 115 svc sites
[   49.314034] kjit: translate_svc_sites pid 2615: 2 text ranges, 115 svc sites
[   49.325192] kjit: translate_svc_sites pid 2613: 2 text ranges, 115 svc sites
[   49.325893] kjit: translate_svc_sites pid 2617: 2 text ranges, 115 svc sites
[   49.330940] kjit: translate_svc_sites pid 2614: 2 text ranges, 115 svc sites
[   49.331822] kjit: translate_svc_sites pid 2618: 2 text ranges, 115 svc sites
[   49.332210] kjit: translate_svc_sites pid 2612: 2 text ranges, 115 svc sites
[   49.525233] kjit: translate_svc_sites pid 2627: 2 text ranges, 115 svc sites
[   49.560107] kjit: translate_svc_sites pid 2622: 2 text ranges, 115 svc sites
[   49.569274] kjit: translate_svc_sites pid 2628: 2 text ranges, 115 svc sites
[   49.571295] kjit: translate_svc_sites pid 2625: 2 text ranges, 115 svc sites
[   49.572701] kjit: translate_svc_sites pid 2623: 2 text ranges, 115 svc sites
[   49.574517] kjit: translate_svc_sites pid 2626: 2 text ranges, 115 svc sites
[   49.576781] kjit: translate_svc_sites pid 2624: 2 text ranges, 115 svc sites
[   49.577824] kjit: translate_svc_sites pid 2621: 2 text ranges, 115 svc sites
[   49.776114] kjit: translate_svc_sites pid 2638: 2 text ranges, 115 svc sites
[   49.786195] kjit: translate_svc_sites pid 2639: 2 text ranges, 115 svc sites
[   49.799387] kjit: translate_svc_sites pid 2641: 2 text ranges, 115 svc sites
[   49.808868] kjit: translate_svc_sites pid 2642: 2 text ranges, 115 svc sites
[   49.810487] kjit: translate_svc_sites pid 2644: 2 text ranges, 115 svc sites
[   49.815972] kjit: translate_svc_sites pid 2640: 2 text ranges, 115 svc sites
[   49.819025] kjit: translate_svc_sites pid 2643: 2 text ranges, 115 svc sites
[   49.822540] kjit: translate_svc_sites pid 2637: 2 text ranges, 115 svc sites
[   50.019746] kjit: translate_svc_sites pid 2649: 2 text ranges, 115 svc sites
[   50.034110] kjit: translate_svc_sites pid 2647: 2 text ranges, 115 svc sites
[   50.034990] kjit: translate_svc_sites pid 2648: 2 text ranges, 115 svc sites
[   50.035554] kjit: translate_svc_sites pid 2654: 2 text ranges, 115 svc sites
[   50.037285] kjit: translate_svc_sites pid 2650: 2 text ranges, 115 svc sites
[   50.039236] kjit: translate_svc_sites pid 2653: 2 text ranges, 115 svc sites
[   50.040262] kjit: translate_svc_sites pid 2651: 2 text ranges, 115 svc sites
[   50.047918] kjit: translate_svc_sites pid 2652: 2 text ranges, 115 svc sites
[   50.243034] kjit: translate_svc_sites pid 2657: 2 text ranges, 115 svc sites
[   50.261696] kjit: translate_svc_sites pid 2658: 2 text ranges, 115 svc sites
[   50.264819] kjit: translate_svc_sites pid 2664: 2 text ranges, 115 svc sites
[   50.265903] kjit: translate_svc_sites pid 2659: 2 text ranges, 115 svc sites
[   50.267466] kjit: translate_svc_sites pid 2660: 2 text ranges, 115 svc sites
[   50.276492] kjit: translate_svc_sites pid 2661: 2 text ranges, 115 svc sites
[   50.276997] kjit: translate_svc_sites pid 2662: 2 text ranges, 115 svc sites
[   50.280423] kjit: translate_svc_sites pid 2663: 2 text ranges, 115 svc sites
[   50.489242] kjit: translate_svc_sites pid 2669: 2 text ranges, 115 svc sites
[   50.494799] kjit: translate_svc_sites pid 2674: 2 text ranges, 115 svc sites
[   50.502413] kjit: translate_svc_sites pid 2672: 2 text ranges, 115 svc sites
[   50.503605] kjit: translate_svc_sites pid 2668: 2 text ranges, 115 svc sites
[   50.509061] kjit: translate_svc_sites pid 2667: 2 text ranges, 115 svc sites
[   50.511957] kjit: translate_svc_sites pid 2671: 2 text ranges, 115 svc sites
[   50.513005] kjit: translate_svc_sites pid 2673: 2 text ranges, 115 svc sites
[   50.517950] kjit: translate_svc_sites pid 2670: 2 text ranges, 115 svc sites
[   50.721953] kjit: translate_svc_sites pid 2677: 2 text ranges, 115 svc sites
[   50.735662] kjit: translate_svc_sites pid 2682: 2 text ranges, 115 svc sites
[   50.742301] kjit: translate_svc_sites pid 2684: 2 text ranges, 115 svc sites
[   50.751105] kjit: translate_svc_sites pid 2680: 2 text ranges, 115 svc sites
[   50.756442] kjit: translate_svc_sites pid 2678: 2 text ranges, 115 svc sites
[   50.761287] kjit: translate_svc_sites pid 2679: 2 text ranges, 115 svc sites
[   50.771733] kjit: translate_svc_sites pid 2681: 2 text ranges, 115 svc sites
[   50.775187] kjit: translate_svc_sites pid 2683: 2 text ranges, 115 svc sites
[   50.989512] kjit: translate_svc_sites pid 2692: 2 text ranges, 115 svc sites
[   50.992120] kjit: translate_svc_sites pid 2693: 2 text ranges, 115 svc sites
[   50.994230] kjit: translate_svc_sites pid 2689: 2 text ranges, 115 svc sites
[   51.002458] kjit: translate_svc_sites pid 2694: 2 text ranges, 115 svc sites
[   51.006200] kjit: translate_svc_sites pid 2687: 2 text ranges, 115 svc sites
[   51.007459] kjit: translate_svc_sites pid 2688: 2 text ranges, 115 svc sites
[   51.008976] kjit: translate_svc_sites pid 2690: 2 text ranges, 115 svc sites
[   51.009651] kjit: translate_svc_sites pid 2691: 2 text ranges, 115 svc sites
[   51.203531] kjit: translate_svc_sites pid 2697: 2 text ranges, 115 svc sites
[   51.214032] kjit: translate_svc_sites pid 2701: 2 text ranges, 115 svc sites
[   51.221886] kjit: translate_svc_sites pid 2699: 2 text ranges, 115 svc sites
[   51.225683] kjit: translate_svc_sites pid 2702: 2 text ranges, 115 svc sites
[   51.236461] kjit: translate_svc_sites pid 2704: 2 text ranges, 115 svc sites
[   51.237470] kjit: translate_svc_sites pid 2698: 2 text ranges, 115 svc sites
[   51.237605] kjit: translate_svc_sites pid 2703: 2 text ranges, 115 svc sites
[   51.244235] kjit: translate_svc_sites pid 2700: 2 text ranges, 115 svc sites
[   51.466704] kjit: translate_svc_sites pid 2709: 2 text ranges, 115 svc sites
[   51.471465] kjit: translate_svc_sites pid 2712: 2 text ranges, 115 svc sites
[   51.473388] kjit: translate_svc_sites pid 2711: 2 text ranges, 115 svc sites
[   51.474173] kjit: translate_svc_sites pid 2707: 2 text ranges, 115 svc sites
[   51.479774] kjit: translate_svc_sites pid 2708: 2 text ranges, 115 svc sites
[   51.483684] kjit: translate_svc_sites pid 2710: 2 text ranges, 115 svc sites
[   51.483814] kjit: translate_svc_sites pid 2713: 2 text ranges, 115 svc sites
[   51.488650] kjit: translate_svc_sites pid 2714: 2 text ranges, 115 svc sites
[   51.689056] kjit: translate_svc_sites pid 2718: 2 text ranges, 115 svc sites
[   51.692438] kjit: translate_svc_sites pid 2724: 2 text ranges, 115 svc sites
[   51.700904] kjit: translate_svc_sites pid 2721: 2 text ranges, 115 svc sites
[   51.701813] kjit: translate_svc_sites pid 2717: 2 text ranges, 115 svc sites
[   51.708637] kjit: translate_svc_sites pid 2719: 2 text ranges, 115 svc sites
[   51.712659] kjit: translate_svc_sites pid 2720: 2 text ranges, 115 svc sites
[   51.730010] kjit: translate_svc_sites pid 2722: 2 text ranges, 115 svc sites
[   51.734316] kjit: translate_svc_sites pid 2723: 2 text ranges, 115 svc sites
[   51.944467] kjit: translate_svc_sites pid 2732: 2 text ranges, 115 svc sites
[   51.945494] kjit: translate_svc_sites pid 2733: 2 text ranges, 115 svc sites
[   51.950396] kjit: translate_svc_sites pid 2729: 2 text ranges, 115 svc sites
[   51.956966] kjit: translate_svc_sites pid 2731: 2 text ranges, 115 svc sites
[   51.958621] kjit: translate_svc_sites pid 2735: 2 text ranges, 115 svc sites
[   51.959337] kjit: translate_svc_sites pid 2734: 2 text ranges, 115 svc sites
[   51.960068] kjit: translate_svc_sites pid 2730: 2 text ranges, 115 svc sites
[   51.960560] kjit: translate_svc_sites pid 2736: 2 text ranges, 115 svc sites
[   52.153798] kjit: translate_svc_sites pid 2740: 2 text ranges, 115 svc sites
[   52.178193] kjit: translate_svc_sites pid 2741: 2 text ranges, 115 svc sites
[   52.181683] kjit: translate_svc_sites pid 2742: 2 text ranges, 115 svc sites
[   52.184104] kjit: translate_svc_sites pid 2743: 2 text ranges, 115 svc sites
[   52.185423] kjit: translate_svc_sites pid 2745: 2 text ranges, 115 svc sites
[   52.187042] kjit: translate_svc_sites pid 2744: 2 text ranges, 115 svc sites
[   52.194401] kjit: translate_svc_sites pid 2739: 2 text ranges, 115 svc sites
[   52.203370] kjit: translate_svc_sites pid 2746: 2 text ranges, 115 svc sites
[   52.394060] kjit: translate_svc_sites pid 2750: 2 text ranges, 115 svc sites
[   52.397290] kjit: translate_svc_sites pid 2753: 2 text ranges, 115 svc sites
[   52.400128] kjit: translate_svc_sites pid 2756: 2 text ranges, 115 svc sites
[   52.412969] kjit: translate_svc_sites pid 2752: 2 text ranges, 115 svc sites
[   52.423119] kjit: translate_svc_sites pid 2754: 2 text ranges, 115 svc sites
[   52.453133] kjit: translate_svc_sites pid 2755: 2 text ranges, 115 svc sites
[   52.455722] kjit: translate_svc_sites pid 2749: 2 text ranges, 115 svc sites
[   52.459496] kjit: translate_svc_sites pid 2751: 2 text ranges, 115 svc sites
[   52.655280] kjit: translate_svc_sites pid 2759: 2 text ranges, 115 svc sites
[   52.662791] kjit: translate_svc_sites pid 2761: 2 text ranges, 115 svc sites
[   52.673643] kjit: translate_svc_sites pid 2763: 2 text ranges, 115 svc sites
[   52.674685] kjit: translate_svc_sites pid 2760: 2 text ranges, 115 svc sites
[   52.685642] kjit: translate_svc_sites pid 2762: 2 text ranges, 115 svc sites
[   52.688407] kjit: translate_svc_sites pid 2764: 2 text ranges, 115 svc sites
[   52.689328] kjit: translate_svc_sites pid 2766: 2 text ranges, 115 svc sites
[   52.694089] kjit: translate_svc_sites pid 2765: 2 text ranges, 115 svc sites
[   52.888074] kjit: translate_svc_sites pid 2771: 2 text ranges, 115 svc sites
[   52.897165] kjit: translate_svc_sites pid 2770: 2 text ranges, 115 svc sites
[   52.911361] kjit: translate_svc_sites pid 2772: 2 text ranges, 115 svc sites
[   52.919556] kjit: translate_svc_sites pid 2773: 2 text ranges, 115 svc sites
[   52.920360] kjit: translate_svc_sites pid 2774: 2 text ranges, 115 svc sites
[   52.922096] kjit: translate_svc_sites pid 2769: 2 text ranges, 115 svc sites
[   52.922737] kjit: translate_svc_sites pid 2775: 2 text ranges, 115 svc sites
[   52.931990] kjit: translate_svc_sites pid 2776: 2 text ranges, 115 svc sites
[   53.143862] kjit: translate_svc_sites pid 2781: 2 text ranges, 115 svc sites
[   53.157874] kjit: translate_svc_sites pid 2785: 2 text ranges, 115 svc sites
[   53.161729] kjit: translate_svc_sites pid 2780: 2 text ranges, 115 svc sites
[   53.169511] kjit: translate_svc_sites pid 2786: 2 text ranges, 115 svc sites
[   53.169799] kjit: translate_svc_sites pid 2782: 2 text ranges, 115 svc sites
[   53.173029] kjit: translate_svc_sites pid 2783: 2 text ranges, 115 svc sites
[   53.176538] kjit: translate_svc_sites pid 2784: 2 text ranges, 115 svc sites
[   53.178151] kjit: translate_svc_sites pid 2779: 2 text ranges, 115 svc sites
[   53.400502] kjit: translate_svc_sites pid 2795: 2 text ranges, 115 svc sites
[   53.403484] kjit: translate_svc_sites pid 2792: 2 text ranges, 115 svc sites
[   53.409759] kjit: translate_svc_sites pid 2789: 2 text ranges, 115 svc sites
[   53.413914] kjit: translate_svc_sites pid 2791: 2 text ranges, 115 svc sites
[   53.421545] kjit: translate_svc_sites pid 2796: 2 text ranges, 115 svc sites
[   53.423159] kjit: translate_svc_sites pid 2790: 2 text ranges, 115 svc sites
[   53.428151] kjit: translate_svc_sites pid 2794: 2 text ranges, 115 svc sites
[   53.442850] kjit: translate_svc_sites pid 2793: 2 text ranges, 115 svc sites
[   53.636358] kjit: translate_svc_sites pid 2800: 2 text ranges, 115 svc sites
[   53.644963] kjit: translate_svc_sites pid 2799: 2 text ranges, 115 svc sites
[   53.653900] kjit: translate_svc_sites pid 2803: 2 text ranges, 115 svc sites
[   53.656755] kjit: translate_svc_sites pid 2801: 2 text ranges, 115 svc sites
[   53.662059] kjit: translate_svc_sites pid 2804: 2 text ranges, 115 svc sites
[   53.663274] kjit: translate_svc_sites pid 2802: 2 text ranges, 115 svc sites
[   53.667241] kjit: translate_svc_sites pid 2805: 2 text ranges, 115 svc sites
[   53.674459] kjit: translate_svc_sites pid 2806: 2 text ranges, 115 svc sites
[   53.869471] kjit: translate_svc_sites pid 2810: 2 text ranges, 115 svc sites
[   53.874157] kjit: translate_svc_sites pid 2815: 2 text ranges, 115 svc sites
[   53.880743] kjit: translate_svc_sites pid 2816: 2 text ranges, 115 svc sites
[   53.883362] kjit: translate_svc_sites pid 2811: 2 text ranges, 115 svc sites
[   53.884867] kjit: translate_svc_sites pid 2809: 2 text ranges, 115 svc sites
[   53.886073] kjit: translate_svc_sites pid 2814: 2 text ranges, 115 svc sites
[   53.890602] kjit: translate_svc_sites pid 2812: 2 text ranges, 115 svc sites
[   53.893411] kjit: translate_svc_sites pid 2813: 2 text ranges, 115 svc sites
[   54.078372] kjit: translate_svc_sites pid 2819: 2 text ranges, 115 svc sites
[   54.092725] kjit: translate_svc_sites pid 2826: 2 text ranges, 115 svc sites
[   54.119060] kjit: translate_svc_sites pid 2823: 2 text ranges, 115 svc sites
[   54.121434] kjit: translate_svc_sites pid 2824: 2 text ranges, 115 svc sites
[   54.123676] kjit: translate_svc_sites pid 2825: 2 text ranges, 115 svc sites
[   54.128055] kjit: translate_svc_sites pid 2822: 2 text ranges, 115 svc sites
[   54.131252] kjit: translate_svc_sites pid 2820: 2 text ranges, 115 svc sites
[   54.135990] kjit: translate_svc_sites pid 2821: 2 text ranges, 115 svc sites
[   54.334365] kjit: translate_svc_sites pid 2833: 2 text ranges, 115 svc sites
[   54.344561] kjit: translate_svc_sites pid 2837: 2 text ranges, 115 svc sites
[   54.350001] kjit: translate_svc_sites pid 2832: 2 text ranges, 115 svc sites
[   54.352925] kjit: translate_svc_sites pid 2834: 2 text ranges, 115 svc sites
[   54.354221] kjit: translate_svc_sites pid 2838: 2 text ranges, 115 svc sites
[   54.354932] kjit: translate_svc_sites pid 2836: 2 text ranges, 115 svc sites
[   54.356734] kjit: translate_svc_sites pid 2835: 2 text ranges, 115 svc sites
[   54.358626] kjit: translate_svc_sites pid 2839: 2 text ranges, 115 svc sites
[   54.559710] kjit: translate_svc_sites pid 2844: 2 text ranges, 115 svc sites
[   54.566738] kjit: translate_svc_sites pid 2845: 2 text ranges, 115 svc sites
[   54.577063] kjit: translate_svc_sites pid 2847: 2 text ranges, 115 svc sites
[   54.582302] kjit: translate_svc_sites pid 2849: 2 text ranges, 115 svc sites
[   54.585990] kjit: translate_svc_sites pid 2846: 2 text ranges, 115 svc sites
[   54.587663] kjit: translate_svc_sites pid 2843: 2 text ranges, 115 svc sites
[   54.593414] kjit: translate_svc_sites pid 2848: 2 text ranges, 115 svc sites
[   54.603463] kjit: translate_svc_sites pid 2842: 2 text ranges, 115 svc sites
[   54.802171] kjit: translate_svc_sites pid 2852: 2 text ranges, 115 svc sites
[   54.809668] kjit: translate_svc_sites pid 2854: 2 text ranges, 115 svc sites
[   54.819811] kjit: translate_svc_sites pid 2858: 2 text ranges, 115 svc sites
[   54.824823] kjit: translate_svc_sites pid 2853: 2 text ranges, 115 svc sites
[   54.835460] kjit: translate_svc_sites pid 2859: 2 text ranges, 115 svc sites
[   54.837349] kjit: translate_svc_sites pid 2857: 2 text ranges, 115 svc sites
[   54.838978] kjit: translate_svc_sites pid 2856: 2 text ranges, 115 svc sites
[   54.840218] kjit: translate_svc_sites pid 2855: 2 text ranges, 115 svc sites
[   55.044440] kjit: translate_svc_sites pid 2864: 2 text ranges, 115 svc sites
[   55.051065] kjit: translate_svc_sites pid 2865: 2 text ranges, 115 svc sites
[   55.064292] kjit: translate_svc_sites pid 2866: 2 text ranges, 115 svc sites
[   55.067005] kjit: translate_svc_sites pid 2869: 2 text ranges, 115 svc sites
[   55.068986] kjit: translate_svc_sites pid 2862: 2 text ranges, 115 svc sites
[   55.071876] kjit: translate_svc_sites pid 2863: 2 text ranges, 115 svc sites
[   55.076289] kjit: translate_svc_sites pid 2867: 2 text ranges, 115 svc sites
[   55.077343] kjit: translate_svc_sites pid 2868: 2 text ranges, 115 svc sites
[   55.275233] kjit: translate_svc_sites pid 2874: 2 text ranges, 115 svc sites
[   55.279332] kjit: translate_svc_sites pid 2875: 2 text ranges, 115 svc sites
[   55.324257] kjit: translate_svc_sites pid 2877: 2 text ranges, 115 svc sites
[   55.325732] kjit: translate_svc_sites pid 2881: 2 text ranges, 115 svc sites
[   55.327361] kjit: translate_svc_sites pid 2876: 2 text ranges, 115 svc sites
[   55.328081] kjit: translate_svc_sites pid 2878: 2 text ranges, 115 svc sites
[   55.328581] kjit: translate_svc_sites pid 2879: 2 text ranges, 115 svc sites
[   55.330366] kjit: translate_svc_sites pid 2880: 2 text ranges, 115 svc sites
[   55.530330] kjit: translate_svc_sites pid 2885: 2 text ranges, 115 svc sites
[   55.553430] kjit: translate_svc_sites pid 2886: 2 text ranges, 115 svc sites
[   55.556721] kjit: translate_svc_sites pid 2889: 2 text ranges, 115 svc sites
[   55.557581] kjit: translate_svc_sites pid 2884: 2 text ranges, 115 svc sites
[   55.560333] kjit: translate_svc_sites pid 2891: 2 text ranges, 115 svc sites
[   55.564542] kjit: translate_svc_sites pid 2887: 2 text ranges, 115 svc sites
[   55.565712] kjit: translate_svc_sites pid 2890: 2 text ranges, 115 svc sites
[   55.569637] kjit: translate_svc_sites pid 2888: 2 text ranges, 115 svc sites
[   55.777455] kjit: translate_svc_sites pid 2896: 2 text ranges, 115 svc sites
[   55.795799] kjit: translate_svc_sites pid 2900: 2 text ranges, 115 svc sites
[   55.806598] kjit: translate_svc_sites pid 2902: 2 text ranges, 115 svc sites
[   55.807636] kjit: translate_svc_sites pid 2901: 2 text ranges, 115 svc sites
[   55.811663] kjit: translate_svc_sites pid 2895: 2 text ranges, 115 svc sites
[   55.822364] kjit: translate_svc_sites pid 2898: 2 text ranges, 115 svc sites
[   55.823696] kjit: translate_svc_sites pid 2899: 2 text ranges, 115 svc sites
[   55.826576] kjit: translate_svc_sites pid 2897: 2 text ranges, 115 svc sites
[   56.021008] kjit: translate_svc_sites pid 2909: 2 text ranges, 115 svc sites
[   56.035580] kjit: translate_svc_sites pid 2907: 2 text ranges, 115 svc sites
[   56.038846] kjit: translate_svc_sites pid 2910: 2 text ranges, 115 svc sites
[   56.045454] kjit: translate_svc_sites pid 2911: 2 text ranges, 115 svc sites
[   56.047384] kjit: translate_svc_sites pid 2912: 2 text ranges, 115 svc sites
[   56.048050] kjit: translate_svc_sites pid 2908: 2 text ranges, 115 svc sites
[   56.048989] kjit: translate_svc_sites pid 2905: 2 text ranges, 115 svc sites
[   56.051136] kjit: translate_svc_sites pid 2906: 2 text ranges, 115 svc sites
[   56.243055] kjit: translate_svc_sites pid 2916: 2 text ranges, 115 svc sites
[   56.245267] kjit: translate_svc_sites pid 2917: 2 text ranges, 115 svc sites
[   56.262049] kjit: translate_svc_sites pid 2915: 2 text ranges, 115 svc sites
[   56.312433] kjit: translate_svc_sites pid 2920: 2 text ranges, 115 svc sites
[   56.320429] kjit: translate_svc_sites pid 2918: 2 text ranges, 115 svc sites
[   56.322105] kjit: translate_svc_sites pid 2919: 2 text ranges, 115 svc sites
[   56.323690] kjit: translate_svc_sites pid 2922: 2 text ranges, 115 svc sites
[   56.328645] kjit: translate_svc_sites pid 2921: 2 text ranges, 115 svc sites
[   56.511093] kjit: translate_svc_sites pid 2927: 2 text ranges, 115 svc sites
[   56.517505] kjit: translate_svc_sites pid 2926: 2 text ranges, 115 svc sites
[   56.535882] kjit: translate_svc_sites pid 2930: 2 text ranges, 115 svc sites
[   56.545311] kjit: translate_svc_sites pid 2929: 2 text ranges, 115 svc sites
[   56.554053] kjit: translate_svc_sites pid 2931: 2 text ranges, 115 svc sites
[   56.559275] kjit: translate_svc_sites pid 2932: 2 text ranges, 115 svc sites
[   56.559997] kjit: translate_svc_sites pid 2925: 2 text ranges, 115 svc sites
[   56.562745] kjit: translate_svc_sites pid 2928: 2 text ranges, 115 svc sites
[   56.757646] kjit: translate_svc_sites pid 2941: 2 text ranges, 115 svc sites
[   56.767447] kjit: translate_svc_sites pid 2937: 2 text ranges, 115 svc sites
[   56.779896] kjit: translate_svc_sites pid 2936: 2 text ranges, 115 svc sites
[   56.782378] kjit: translate_svc_sites pid 2935: 2 text ranges, 115 svc sites
[   56.785648] kjit: translate_svc_sites pid 2942: 2 text ranges, 115 svc sites
[   56.787213] kjit: translate_svc_sites pid 2940: 2 text ranges, 115 svc sites
[   56.796908] kjit: translate_svc_sites pid 2939: 2 text ranges, 115 svc sites
[   56.803895] kjit: translate_svc_sites pid 2938: 2 text ranges, 115 svc sites
[   57.012838] kjit: translate_svc_sites pid 2948: 2 text ranges, 115 svc sites
[   57.013928] kjit: translate_svc_sites pid 2947: 2 text ranges, 115 svc sites
[   57.023894] kjit: translate_svc_sites pid 2952: 2 text ranges, 115 svc sites
[   57.039264] kjit: translate_svc_sites pid 2953: 2 text ranges, 115 svc sites
[   57.040968] kjit: translate_svc_sites pid 2950: 2 text ranges, 115 svc sites
[   57.041879] kjit: translate_svc_sites pid 2946: 2 text ranges, 115 svc sites
[   57.042584] kjit: translate_svc_sites pid 2949: 2 text ranges, 115 svc sites
[   57.049158] kjit: translate_svc_sites pid 2951: 2 text ranges, 115 svc sites
[   57.258822] kjit: translate_svc_sites pid 2962: 2 text ranges, 115 svc sites
[   57.272243] kjit: translate_svc_sites pid 2956: 2 text ranges, 115 svc sites
[   57.273020] kjit: translate_svc_sites pid 2961: 2 text ranges, 115 svc sites
[   57.275222] kjit: translate_svc_sites pid 2959: 2 text ranges, 115 svc sites
[   57.278765] kjit: translate_svc_sites pid 2963: 2 text ranges, 115 svc sites
[   57.280039] kjit: translate_svc_sites pid 2958: 2 text ranges, 115 svc sites
[   57.287220] kjit: translate_svc_sites pid 2957: 2 text ranges, 115 svc sites
[   57.287977] kjit: translate_svc_sites pid 2960: 2 text ranges, 115 svc sites
[   57.510114] kjit: translate_svc_sites pid 2966: 2 text ranges, 115 svc sites
[   57.512835] kjit: translate_svc_sites pid 2968: 2 text ranges, 115 svc sites
[   57.514631] kjit: translate_svc_sites pid 2967: 2 text ranges, 115 svc sites
[   57.520489] kjit: translate_svc_sites pid 2970: 2 text ranges, 115 svc sites
[   57.523986] kjit: translate_svc_sites pid 2969: 2 text ranges, 115 svc sites
[   57.525091] kjit: translate_svc_sites pid 2973: 2 text ranges, 115 svc sites
[   57.525980] kjit: translate_svc_sites pid 2972: 2 text ranges, 115 svc sites
[   57.526772] kjit: translate_svc_sites pid 2971: 2 text ranges, 115 svc sites
[   57.737273] kjit: translate_svc_sites pid 2982: 2 text ranges, 115 svc sites
[   57.751805] kjit: translate_svc_sites pid 2981: 2 text ranges, 115 svc sites
[   57.752307] kjit: translate_svc_sites pid 2978: 2 text ranges, 115 svc sites
[   57.757683] kjit: translate_svc_sites pid 2976: 2 text ranges, 115 svc sites
[   57.758585] kjit: translate_svc_sites pid 2980: 2 text ranges, 115 svc sites
[   57.760797] kjit: translate_svc_sites pid 2977: 2 text ranges, 115 svc sites
[   57.764570] kjit: translate_svc_sites pid 2983: 2 text ranges, 115 svc sites
[   57.770154] kjit: translate_svc_sites pid 2979: 2 text ranges, 115 svc sites
[   57.997319] kjit: translate_svc_sites pid 2997: 2 text ranges, 115 svc sites
[   57.999987] kjit: translate_svc_sites pid 2991: 2 text ranges, 115 svc sites
[   58.001278] kjit: translate_svc_sites pid 2990: 2 text ranges, 115 svc sites
[   58.003211] kjit: translate_svc_sites pid 2995: 2 text ranges, 115 svc sites
[   58.003778] kjit: translate_svc_sites pid 2996: 2 text ranges, 115 svc sites
[   58.007791] kjit: translate_svc_sites pid 2994: 2 text ranges, 115 svc sites
[   58.008250] kjit: translate_svc_sites pid 2993: 2 text ranges, 115 svc sites
[   58.009758] kjit: translate_svc_sites pid 2992: 2 text ranges, 115 svc sites
[   58.212445] kjit: translate_svc_sites pid 3002: 2 text ranges, 115 svc sites
[   58.231880] kjit: translate_svc_sites pid 3000: 2 text ranges, 115 svc sites
[   58.232484] kjit: translate_svc_sites pid 3007: 2 text ranges, 115 svc sites
[   58.233680] kjit: translate_svc_sites pid 3001: 2 text ranges, 115 svc sites
[   58.235828] kjit: translate_svc_sites pid 3004: 2 text ranges, 115 svc sites
[   58.247266] kjit: translate_svc_sites pid 3006: 2 text ranges, 115 svc sites
[   58.252650] kjit: translate_svc_sites pid 3005: 2 text ranges, 115 svc sites
[   58.253351] kjit: translate_svc_sites pid 3003: 2 text ranges, 115 svc sites
[   58.464870] kjit: translate_svc_sites pid 3016: 2 text ranges, 115 svc sites
[   58.476425] kjit: translate_svc_sites pid 3019: 2 text ranges, 115 svc sites
[   58.479561] kjit: translate_svc_sites pid 3014: 2 text ranges, 115 svc sites
[   58.485590] kjit: translate_svc_sites pid 3012: 2 text ranges, 115 svc sites
[   58.488584] kjit: translate_svc_sites pid 3017: 2 text ranges, 115 svc sites
[   58.490140] kjit: translate_svc_sites pid 3018: 2 text ranges, 115 svc sites
[   58.493067] kjit: translate_svc_sites pid 3013: 2 text ranges, 115 svc sites
[   58.504859] kjit: translate_svc_sites pid 3015: 2 text ranges, 115 svc sites
[   58.706553] kjit: translate_svc_sites pid 3027: 2 text ranges, 115 svc sites
[   58.727425] kjit: translate_svc_sites pid 3026: 2 text ranges, 115 svc sites
[   58.729904] kjit: translate_svc_sites pid 3023: 2 text ranges, 115 svc sites
[   58.731795] kjit: translate_svc_sites pid 3025: 2 text ranges, 115 svc sites
[   58.734394] kjit: translate_svc_sites pid 3028: 2 text ranges, 115 svc sites
[   58.737112] kjit: translate_svc_sites pid 3029: 2 text ranges, 115 svc sites
[   58.738228] kjit: translate_svc_sites pid 3022: 2 text ranges, 115 svc sites
[   58.740813] kjit: translate_svc_sites pid 3024: 2 text ranges, 115 svc sites
[   58.944956] kjit: translate_svc_sites pid 3037: 2 text ranges, 115 svc sites
[   58.954300] kjit: translate_svc_sites pid 3033: 2 text ranges, 115 svc sites
[   58.958805] kjit: translate_svc_sites pid 3036: 2 text ranges, 115 svc sites
[   58.962976] kjit: translate_svc_sites pid 3034: 2 text ranges, 115 svc sites
[   58.964478] kjit: translate_svc_sites pid 3032: 2 text ranges, 115 svc sites
[   58.975341] kjit: translate_svc_sites pid 3039: 2 text ranges, 115 svc sites
[   58.981370] kjit: translate_svc_sites pid 3038: 2 text ranges, 115 svc sites
[   58.988177] kjit: translate_svc_sites pid 3035: 2 text ranges, 115 svc sites
[   59.202267] kjit: translate_svc_sites pid 3042: 2 text ranges, 115 svc sites
[   59.204310] kjit: translate_svc_sites pid 3044: 2 text ranges, 115 svc sites
[   59.205286] kjit: translate_svc_sites pid 3049: 2 text ranges, 115 svc sites
[   59.212743] kjit: translate_svc_sites pid 3043: 2 text ranges, 115 svc sites
[   59.220176] kjit: translate_svc_sites pid 3046: 2 text ranges, 115 svc sites
[   59.222694] kjit: translate_svc_sites pid 3047: 2 text ranges, 115 svc sites
[   59.223364] kjit: translate_svc_sites pid 3048: 2 text ranges, 115 svc sites
[   59.223657] kjit: translate_svc_sites pid 3045: 2 text ranges, 115 svc sites
[   59.418855] kjit: translate_svc_sites pid 3054: 2 text ranges, 115 svc sites
[   59.434101] kjit: translate_svc_sites pid 3055: 2 text ranges, 115 svc sites
[   59.438199] kjit: translate_svc_sites pid 3052: 2 text ranges, 115 svc sites
[   59.440270] kjit: translate_svc_sites pid 3059: 2 text ranges, 115 svc sites
[   59.443426] kjit: translate_svc_sites pid 3056: 2 text ranges, 115 svc sites
[   59.450101] kjit: translate_svc_sites pid 3053: 2 text ranges, 115 svc sites
[   59.451967] kjit: translate_svc_sites pid 3057: 2 text ranges, 115 svc sites
[   59.455417] kjit: translate_svc_sites pid 3058: 2 text ranges, 115 svc sites
fpb lat state=off rep=2 lat cpus=4 samples=79981 interval_us=1000 p50_us=15.7 p99_us=204.5 p999_us=458.0 max_us=4460.2 gt100us=5447 gt1ms=12 gt5ms=0 max_cpu=0 preempted=0 brackets=0 run_max_ns=4134916
[   60.218363] kjit: translate_svc_sites pid 3082: 2 text ranges, 115 svc sites
[   60.223118] kjit: translate_svc_sites pid 3080: 2 text ranges, 115 svc sites
[   60.224897] kjit: translate_svc_sites pid 3081: 2 text ranges, 115 svc sites
[   60.258873] kjit: translate_svc_sites pid 3083: 2 text ranges, 115 svc sites
[   60.266817] kjit: translate_svc_sites pid 3085: 2 text ranges, 115 svc sites
[   60.267022] kjit: translate_svc_sites pid 3086: 2 text ranges, 115 svc sites
[   60.271682] kjit: translate_svc_sites pid 3087: 2 text ranges, 115 svc sites
[   60.272618] kjit: translate_svc_sites pid 3084: 2 text ranges, 115 svc sites
[   60.476796] kjit: translate_svc_sites pid 3090: 2 text ranges, 115 svc sites
[   60.481137] kjit: translate_svc_sites pid 3091: 2 text ranges, 115 svc sites
[   60.491592] kjit: translate_svc_sites pid 3094: 2 text ranges, 115 svc sites
[   60.498866] kjit: translate_svc_sites pid 3092: 2 text ranges, 115 svc sites
[   60.506673] kjit: translate_svc_sites pid 3097: 2 text ranges, 115 svc sites
[   60.516632] kjit: translate_svc_sites pid 3093: 2 text ranges, 115 svc sites
[   60.519137] kjit: translate_svc_sites pid 3095: 2 text ranges, 115 svc sites
[   60.519574] kjit: translate_svc_sites pid 3096: 2 text ranges, 115 svc sites
[   60.732499] kjit: translate_svc_sites pid 3103: 2 text ranges, 115 svc sites
[   60.734571] kjit: translate_svc_sites pid 3105: 2 text ranges, 115 svc sites
[   60.742793] kjit: translate_svc_sites pid 3108: 2 text ranges, 115 svc sites
[   60.752118] kjit: translate_svc_sites pid 3104: 2 text ranges, 115 svc sites
[   60.755327] kjit: translate_svc_sites pid 3101: 2 text ranges, 115 svc sites
[   60.758772] kjit: translate_svc_sites pid 3102: 2 text ranges, 115 svc sites
[   60.795350] kjit: translate_svc_sites pid 3106: 2 text ranges, 115 svc sites
[   60.802735] kjit: translate_svc_sites pid 3107: 2 text ranges, 115 svc sites
[   61.007034] kjit: translate_svc_sites pid 3118: 2 text ranges, 115 svc sites
[   61.010226] kjit: translate_svc_sites pid 3121: 2 text ranges, 115 svc sites
[   61.013527] kjit: translate_svc_sites pid 3122: 2 text ranges, 115 svc sites
[   61.028840] kjit: translate_svc_sites pid 3116: 2 text ranges, 115 svc sites
[   61.030151] kjit: translate_svc_sites pid 3117: 2 text ranges, 115 svc sites
[   61.032298] kjit: translate_svc_sites pid 3123: 2 text ranges, 115 svc sites
[   61.032977] kjit: translate_svc_sites pid 3120: 2 text ranges, 115 svc sites
[   61.033413] kjit: translate_svc_sites pid 3119: 2 text ranges, 115 svc sites
[   61.258038] kjit: translate_svc_sites pid 3132: 2 text ranges, 115 svc sites
[   61.259696] kjit: translate_svc_sites pid 3129: 2 text ranges, 115 svc sites
[   61.282027] kjit: translate_svc_sites pid 3127: 2 text ranges, 115 svc sites
[   61.283269] kjit: translate_svc_sites pid 3128: 2 text ranges, 115 svc sites
[   61.284519] kjit: translate_svc_sites pid 3134: 2 text ranges, 115 svc sites
[   61.286521] kjit: translate_svc_sites pid 3131: 2 text ranges, 115 svc sites
[   61.290160] kjit: translate_svc_sites pid 3133: 2 text ranges, 115 svc sites
[   61.291617] kjit: translate_svc_sites pid 3130: 2 text ranges, 115 svc sites
[   61.506683] kjit: translate_svc_sites pid 3141: 2 text ranges, 115 svc sites
[   61.508437] kjit: translate_svc_sites pid 3139: 2 text ranges, 115 svc sites
[   61.517844] kjit: translate_svc_sites pid 3140: 2 text ranges, 115 svc sites
[   61.519223] kjit: translate_svc_sites pid 3138: 2 text ranges, 115 svc sites
[   61.524931] kjit: translate_svc_sites pid 3144: 2 text ranges, 115 svc sites
[   61.533473] kjit: translate_svc_sites pid 3137: 2 text ranges, 115 svc sites
[   61.536279] kjit: translate_svc_sites pid 3142: 2 text ranges, 115 svc sites
[   61.537931] kjit: translate_svc_sites pid 3143: 2 text ranges, 115 svc sites
[   61.744234] kjit: translate_svc_sites pid 3148: 2 text ranges, 115 svc sites
[   61.746277] kjit: translate_svc_sites pid 3150: 2 text ranges, 115 svc sites
[   61.763783] kjit: translate_svc_sites pid 3149: 2 text ranges, 115 svc sites
[   61.764858] kjit: translate_svc_sites pid 3151: 2 text ranges, 115 svc sites
[   61.767466] kjit: translate_svc_sites pid 3154: 2 text ranges, 115 svc sites
[   61.771474] kjit: translate_svc_sites pid 3147: 2 text ranges, 115 svc sites
[   61.772688] kjit: translate_svc_sites pid 3153: 2 text ranges, 115 svc sites
[   61.811853] kjit: translate_svc_sites pid 3152: 2 text ranges, 115 svc sites
[   62.008820] kjit: translate_svc_sites pid 3164: 2 text ranges, 115 svc sites
[   62.015251] kjit: translate_svc_sites pid 3167: 2 text ranges, 115 svc sites
[   62.016911] kjit: translate_svc_sites pid 3170: 2 text ranges, 115 svc sites
[   62.019808] kjit: translate_svc_sites pid 3163: 2 text ranges, 115 svc sites
[   62.027802] kjit: translate_svc_sites pid 3168: 2 text ranges, 115 svc sites
[   62.034290] kjit: translate_svc_sites pid 3165: 2 text ranges, 115 svc sites
[   62.044440] kjit: translate_svc_sites pid 3166: 2 text ranges, 115 svc sites
[   62.045188] kjit: translate_svc_sites pid 3169: 2 text ranges, 115 svc sites
[   62.258243] kjit: translate_svc_sites pid 3175: 2 text ranges, 115 svc sites
[   62.267558] kjit: translate_svc_sites pid 3179: 2 text ranges, 115 svc sites
[   62.274193] kjit: translate_svc_sites pid 3174: 2 text ranges, 115 svc sites
[   62.281099] kjit: translate_svc_sites pid 3180: 2 text ranges, 115 svc sites
[   62.282265] kjit: translate_svc_sites pid 3177: 2 text ranges, 115 svc sites
[   62.288154] kjit: translate_svc_sites pid 3176: 2 text ranges, 115 svc sites
[   62.295761] kjit: translate_svc_sites pid 3181: 2 text ranges, 115 svc sites
[   62.296408] kjit: translate_svc_sites pid 3178: 2 text ranges, 115 svc sites
[   62.488052] kjit: translate_svc_sites pid 3184: 2 text ranges, 115 svc sites
[   62.491257] kjit: translate_svc_sites pid 3185: 2 text ranges, 115 svc sites
[   62.511983] kjit: translate_svc_sites pid 3186: 2 text ranges, 115 svc sites
[   62.523566] kjit: translate_svc_sites pid 3187: 2 text ranges, 115 svc sites
[   62.527134] kjit: translate_svc_sites pid 3189: 2 text ranges, 115 svc sites
[   62.552805] kjit: translate_svc_sites pid 3191: 2 text ranges, 115 svc sites
[   62.558056] kjit: translate_svc_sites pid 3190: 2 text ranges, 115 svc sites
[   62.562771] kjit: translate_svc_sites pid 3188: 2 text ranges, 115 svc sites
[   62.762684] kjit: translate_svc_sites pid 3201: 2 text ranges, 115 svc sites
[   62.766059] kjit: translate_svc_sites pid 3199: 2 text ranges, 115 svc sites
[   62.780509] kjit: translate_svc_sites pid 3195: 2 text ranges, 115 svc sites
[   62.781073] kjit: translate_svc_sites pid 3197: 2 text ranges, 115 svc sites
[   62.783380] kjit: translate_svc_sites pid 3198: 2 text ranges, 115 svc sites
[   62.785568] kjit: translate_svc_sites pid 3194: 2 text ranges, 115 svc sites
[   62.786039] kjit: translate_svc_sites pid 3196: 2 text ranges, 115 svc sites
[   62.788153] kjit: translate_svc_sites pid 3200: 2 text ranges, 115 svc sites
[   62.985992] kjit: translate_svc_sites pid 3209: 2 text ranges, 115 svc sites
[   62.997962] kjit: translate_svc_sites pid 3210: 2 text ranges, 115 svc sites
[   63.003105] kjit: translate_svc_sites pid 3216: 2 text ranges, 115 svc sites
[   63.005197] kjit: translate_svc_sites pid 3215: 2 text ranges, 115 svc sites
[   63.009392] kjit: translate_svc_sites pid 3211: 2 text ranges, 115 svc sites
[   63.024847] kjit: translate_svc_sites pid 3214: 2 text ranges, 115 svc sites
[   63.026360] kjit: translate_svc_sites pid 3212: 2 text ranges, 115 svc sites
[   63.027563] kjit: translate_svc_sites pid 3213: 2 text ranges, 115 svc sites
[   63.225188] kjit: translate_svc_sites pid 3219: 2 text ranges, 115 svc sites
[   63.236198] kjit: translate_svc_sites pid 3220: 2 text ranges, 115 svc sites
[   63.241792] kjit: translate_svc_sites pid 3226: 2 text ranges, 115 svc sites
[   63.249500] kjit: translate_svc_sites pid 3223: 2 text ranges, 115 svc sites
[   63.251157] kjit: translate_svc_sites pid 3224: 2 text ranges, 115 svc sites
[   63.254866] kjit: translate_svc_sites pid 3221: 2 text ranges, 115 svc sites
[   63.258404] kjit: translate_svc_sites pid 3225: 2 text ranges, 115 svc sites
[   63.262978] kjit: translate_svc_sites pid 3222: 2 text ranges, 115 svc sites
[   63.474212] kjit: translate_svc_sites pid 3232: 2 text ranges, 115 svc sites
[   63.486046] kjit: translate_svc_sites pid 3236: 2 text ranges, 115 svc sites
[   63.486672] kjit: translate_svc_sites pid 3230: 2 text ranges, 115 svc sites
[   63.487780] kjit: translate_svc_sites pid 3234: 2 text ranges, 115 svc sites
[   63.491294] kjit: translate_svc_sites pid 3229: 2 text ranges, 115 svc sites
[   63.497840] kjit: translate_svc_sites pid 3233: 2 text ranges, 115 svc sites
[   63.498291] kjit: translate_svc_sites pid 3235: 2 text ranges, 115 svc sites
[   63.499210] kjit: translate_svc_sites pid 3231: 2 text ranges, 115 svc sites
[   63.719801] kjit: translate_svc_sites pid 3239: 2 text ranges, 115 svc sites
[   63.721401] kjit: translate_svc_sites pid 3245: 2 text ranges, 115 svc sites
[   63.721850] kjit: translate_svc_sites pid 3240: 2 text ranges, 115 svc sites
[   63.725023] kjit: translate_svc_sites pid 3246: 2 text ranges, 115 svc sites
[   63.727375] kjit: translate_svc_sites pid 3243: 2 text ranges, 115 svc sites
[   63.727942] kjit: translate_svc_sites pid 3242: 2 text ranges, 115 svc sites
[   63.728429] kjit: translate_svc_sites pid 3244: 2 text ranges, 115 svc sites
[   63.730432] kjit: translate_svc_sites pid 3241: 2 text ranges, 115 svc sites
[   63.930382] kjit: translate_svc_sites pid 3251: 2 text ranges, 115 svc sites
[   63.945881] kjit: translate_svc_sites pid 3254: 2 text ranges, 115 svc sites
[   63.966481] kjit: translate_svc_sites pid 3249: 2 text ranges, 115 svc sites
[   63.967554] kjit: translate_svc_sites pid 3250: 2 text ranges, 115 svc sites
[   63.969529] kjit: translate_svc_sites pid 3255: 2 text ranges, 115 svc sites
[   63.973207] kjit: translate_svc_sites pid 3256: 2 text ranges, 115 svc sites
[   63.974239] kjit: translate_svc_sites pid 3252: 2 text ranges, 115 svc sites
[   63.978979] kjit: translate_svc_sites pid 3253: 2 text ranges, 115 svc sites
[   64.182702] kjit: translate_svc_sites pid 3262: 2 text ranges, 115 svc sites
[   64.193355] kjit: translate_svc_sites pid 3261: 2 text ranges, 115 svc sites
[   64.205339] kjit: translate_svc_sites pid 3265: 2 text ranges, 115 svc sites
[   64.206095] kjit: translate_svc_sites pid 3267: 2 text ranges, 115 svc sites
[   64.209479] kjit: translate_svc_sites pid 3260: 2 text ranges, 115 svc sites
[   64.216244] kjit: translate_svc_sites pid 3266: 2 text ranges, 115 svc sites
[   64.225946] kjit: translate_svc_sites pid 3263: 2 text ranges, 115 svc sites
[   64.229715] kjit: translate_svc_sites pid 3264: 2 text ranges, 115 svc sites
[   64.430144] kjit: translate_svc_sites pid 3270: 2 text ranges, 115 svc sites
[   64.436787] kjit: translate_svc_sites pid 3274: 2 text ranges, 115 svc sites
[   64.440860] kjit: translate_svc_sites pid 3272: 2 text ranges, 115 svc sites
[   64.442019] kjit: translate_svc_sites pid 3271: 2 text ranges, 115 svc sites
[   64.445695] kjit: translate_svc_sites pid 3275: 2 text ranges, 115 svc sites
[   64.447953] kjit: translate_svc_sites pid 3273: 2 text ranges, 115 svc sites
[   64.452379] kjit: translate_svc_sites pid 3276: 2 text ranges, 115 svc sites
[   64.455098] kjit: translate_svc_sites pid 3277: 2 text ranges, 115 svc sites
[   64.659662] kjit: translate_svc_sites pid 3286: 2 text ranges, 115 svc sites
[   64.660708] kjit: translate_svc_sites pid 3287: 2 text ranges, 115 svc sites
[   64.684733] kjit: translate_svc_sites pid 3284: 2 text ranges, 115 svc sites
[   64.685335] kjit: translate_svc_sites pid 3285: 2 text ranges, 115 svc sites
[   64.688539] kjit: translate_svc_sites pid 3282: 2 text ranges, 115 svc sites
[   64.689942] kjit: translate_svc_sites pid 3281: 2 text ranges, 115 svc sites
[   64.696805] kjit: translate_svc_sites pid 3280: 2 text ranges, 115 svc sites
[   64.702544] kjit: translate_svc_sites pid 3283: 2 text ranges, 115 svc sites
[   64.896232] kjit: translate_svc_sites pid 3291: 2 text ranges, 115 svc sites
[   64.901899] kjit: translate_svc_sites pid 3292: 2 text ranges, 115 svc sites
[   64.909421] kjit: translate_svc_sites pid 3290: 2 text ranges, 115 svc sites
[   64.921328] kjit: translate_svc_sites pid 3294: 2 text ranges, 115 svc sites
[   64.922717] kjit: translate_svc_sites pid 3295: 2 text ranges, 115 svc sites
[   64.926633] kjit: translate_svc_sites pid 3293: 2 text ranges, 115 svc sites
[   64.935001] kjit: translate_svc_sites pid 3297: 2 text ranges, 115 svc sites
[   64.935693] kjit: translate_svc_sites pid 3296: 2 text ranges, 115 svc sites
[   65.146810] kjit: translate_svc_sites pid 3303: 2 text ranges, 115 svc sites
[   65.167854] kjit: translate_svc_sites pid 3300: 2 text ranges, 115 svc sites
[   65.174838] kjit: translate_svc_sites pid 3301: 2 text ranges, 115 svc sites
[   65.175799] kjit: translate_svc_sites pid 3305: 2 text ranges, 115 svc sites
[   65.175863] kjit: translate_svc_sites pid 3307: 2 text ranges, 115 svc sites
[   65.183866] kjit: translate_svc_sites pid 3306: 2 text ranges, 115 svc sites
[   65.185384] kjit: translate_svc_sites pid 3304: 2 text ranges, 115 svc sites
[   65.187425] kjit: translate_svc_sites pid 3302: 2 text ranges, 115 svc sites
[   65.357512] kjit: translate_svc_sites pid 3312: 2 text ranges, 115 svc sites
[   65.366357] kjit: translate_svc_sites pid 3310: 2 text ranges, 115 svc sites
[   65.389100] kjit: translate_svc_sites pid 3311: 2 text ranges, 115 svc sites
[   65.395991] kjit: translate_svc_sites pid 3317: 2 text ranges, 115 svc sites
[   65.396959] kjit: translate_svc_sites pid 3313: 2 text ranges, 115 svc sites
[   65.411402] kjit: translate_svc_sites pid 3314: 2 text ranges, 115 svc sites
[   65.418167] kjit: translate_svc_sites pid 3315: 2 text ranges, 115 svc sites
[   65.420927] kjit: translate_svc_sites pid 3316: 2 text ranges, 115 svc sites
[   65.612222] kjit: translate_svc_sites pid 3323: 2 text ranges, 115 svc sites
[   65.620731] kjit: translate_svc_sites pid 3326: 2 text ranges, 115 svc sites
[   65.621472] kjit: translate_svc_sites pid 3320: 2 text ranges, 115 svc sites
[   65.631138] kjit: translate_svc_sites pid 3321: 2 text ranges, 115 svc sites
[   65.634834] kjit: translate_svc_sites pid 3322: 2 text ranges, 115 svc sites
[   65.641458] kjit: translate_svc_sites pid 3325: 2 text ranges, 115 svc sites
[   65.643079] kjit: translate_svc_sites pid 3327: 2 text ranges, 115 svc sites
[   65.645705] kjit: translate_svc_sites pid 3324: 2 text ranges, 115 svc sites
[   65.841915] kjit: translate_svc_sites pid 3332: 2 text ranges, 115 svc sites
[   65.861079] kjit: translate_svc_sites pid 3334: 2 text ranges, 115 svc sites
[   65.870434] kjit: translate_svc_sites pid 3333: 2 text ranges, 115 svc sites
[   65.873305] kjit: translate_svc_sites pid 3330: 2 text ranges, 115 svc sites
[   65.877803] kjit: translate_svc_sites pid 3337: 2 text ranges, 115 svc sites
[   65.884292] kjit: translate_svc_sites pid 3336: 2 text ranges, 115 svc sites
[   65.887572] kjit: translate_svc_sites pid 3335: 2 text ranges, 115 svc sites
[   65.889509] kjit: translate_svc_sites pid 3331: 2 text ranges, 115 svc sites
[   66.099764] kjit: translate_svc_sites pid 3340: 2 text ranges, 115 svc sites
[   66.101549] kjit: translate_svc_sites pid 3341: 2 text ranges, 115 svc sites
[   66.120087] kjit: translate_svc_sites pid 3344: 2 text ranges, 115 svc sites
[   66.120979] kjit: translate_svc_sites pid 3342: 2 text ranges, 115 svc sites
[   66.128174] kjit: translate_svc_sites pid 3345: 2 text ranges, 115 svc sites
[   66.134230] kjit: translate_svc_sites pid 3347: 2 text ranges, 115 svc sites
[   66.139109] kjit: translate_svc_sites pid 3346: 2 text ranges, 115 svc sites
[   66.142231] kjit: translate_svc_sites pid 3343: 2 text ranges, 115 svc sites
[   66.348306] kjit: translate_svc_sites pid 3357: 2 text ranges, 115 svc sites
[   66.366579] kjit: translate_svc_sites pid 3351: 2 text ranges, 115 svc sites
[   66.367836] kjit: translate_svc_sites pid 3352: 2 text ranges, 115 svc sites
[   66.373678] kjit: translate_svc_sites pid 3350: 2 text ranges, 115 svc sites
[   66.376119] kjit: translate_svc_sites pid 3354: 2 text ranges, 115 svc sites
[   66.379027] kjit: translate_svc_sites pid 3353: 2 text ranges, 115 svc sites
[   66.383068] kjit: translate_svc_sites pid 3356: 2 text ranges, 115 svc sites
[   66.385041] kjit: translate_svc_sites pid 3355: 2 text ranges, 115 svc sites
[   66.583931] kjit: translate_svc_sites pid 3366: 2 text ranges, 115 svc sites
[   66.592562] kjit: translate_svc_sites pid 3365: 2 text ranges, 115 svc sites
[   66.610424] kjit: translate_svc_sites pid 3362: 2 text ranges, 115 svc sites
[   66.614342] kjit: translate_svc_sites pid 3361: 2 text ranges, 115 svc sites
[   66.623852] kjit: translate_svc_sites pid 3367: 2 text ranges, 115 svc sites
[   66.624396] kjit: translate_svc_sites pid 3360: 2 text ranges, 115 svc sites
[   66.629696] kjit: translate_svc_sites pid 3364: 2 text ranges, 115 svc sites
[   66.642379] kjit: translate_svc_sites pid 3363: 2 text ranges, 115 svc sites
[   66.839911] kjit: translate_svc_sites pid 3372: 2 text ranges, 115 svc sites
[   66.849011] kjit: translate_svc_sites pid 3374: 2 text ranges, 115 svc sites
[   66.856917] kjit: translate_svc_sites pid 3373: 2 text ranges, 115 svc sites
[   66.858438] kjit: translate_svc_sites pid 3378: 2 text ranges, 115 svc sites
[   66.861778] kjit: translate_svc_sites pid 3376: 2 text ranges, 115 svc sites
[   66.865448] kjit: translate_svc_sites pid 3379: 2 text ranges, 115 svc sites
[   66.868438] kjit: translate_svc_sites pid 3375: 2 text ranges, 115 svc sites
[   66.869395] kjit: translate_svc_sites pid 3377: 2 text ranges, 115 svc sites
[   67.081338] kjit: translate_svc_sites pid 3382: 2 text ranges, 115 svc sites
[   67.084969] kjit: translate_svc_sites pid 3389: 2 text ranges, 115 svc sites
[   67.094127] kjit: translate_svc_sites pid 3383: 2 text ranges, 115 svc sites
[   67.097707] kjit: translate_svc_sites pid 3384: 2 text ranges, 115 svc sites
[   67.102805] kjit: translate_svc_sites pid 3388: 2 text ranges, 115 svc sites
[   67.109351] kjit: translate_svc_sites pid 3387: 2 text ranges, 115 svc sites
[   67.122051] kjit: translate_svc_sites pid 3385: 2 text ranges, 115 svc sites
[   67.125697] kjit: translate_svc_sites pid 3386: 2 text ranges, 115 svc sites
[   67.316824] kjit: translate_svc_sites pid 3399: 2 text ranges, 115 svc sites
[   67.338205] kjit: translate_svc_sites pid 3403: 2 text ranges, 115 svc sites
[   67.344215] kjit: translate_svc_sites pid 3398: 2 text ranges, 115 svc sites
[   67.346534] kjit: translate_svc_sites pid 3402: 2 text ranges, 115 svc sites
[   67.351665] kjit: translate_svc_sites pid 3396: 2 text ranges, 115 svc sites
[   67.353367] kjit: translate_svc_sites pid 3400: 2 text ranges, 115 svc sites
[   67.354824] kjit: translate_svc_sites pid 3397: 2 text ranges, 115 svc sites
[   67.369343] kjit: translate_svc_sites pid 3401: 2 text ranges, 115 svc sites
[   67.574025] kjit: translate_svc_sites pid 3408: 2 text ranges, 115 svc sites
[   67.575468] kjit: translate_svc_sites pid 3410: 2 text ranges, 115 svc sites
[   67.586735] kjit: translate_svc_sites pid 3407: 2 text ranges, 115 svc sites
[   67.588302] kjit: translate_svc_sites pid 3406: 2 text ranges, 115 svc sites
[   67.592883] kjit: translate_svc_sites pid 3409: 2 text ranges, 115 svc sites
[   67.597346] kjit: translate_svc_sites pid 3412: 2 text ranges, 115 svc sites
[   67.599088] kjit: translate_svc_sites pid 3411: 2 text ranges, 115 svc sites
[   67.603094] kjit: translate_svc_sites pid 3413: 2 text ranges, 115 svc sites
[   67.806988] kjit: translate_svc_sites pid 3419: 2 text ranges, 115 svc sites
[   67.807881] kjit: translate_svc_sites pid 3418: 2 text ranges, 115 svc sites
[   67.823998] kjit: translate_svc_sites pid 3420: 2 text ranges, 115 svc sites
[   67.829280] kjit: translate_svc_sites pid 3422: 2 text ranges, 115 svc sites
[   67.830859] kjit: translate_svc_sites pid 3423: 2 text ranges, 115 svc sites
[   67.831573] kjit: translate_svc_sites pid 3421: 2 text ranges, 115 svc sites
[   67.846237] kjit: translate_svc_sites pid 3417: 2 text ranges, 115 svc sites
[   67.862680] kjit: translate_svc_sites pid 3416: 2 text ranges, 115 svc sites
[   68.061748] kjit: translate_svc_sites pid 3429: 2 text ranges, 115 svc sites
[   68.083787] kjit: translate_svc_sites pid 3430: 2 text ranges, 115 svc sites
[   68.084760] kjit: translate_svc_sites pid 3428: 2 text ranges, 115 svc sites
[   68.089688] kjit: translate_svc_sites pid 3431: 2 text ranges, 115 svc sites
[   68.091955] kjit: translate_svc_sites pid 3432: 2 text ranges, 115 svc sites
[   68.094772] kjit: translate_svc_sites pid 3433: 2 text ranges, 115 svc sites
[   68.095639] kjit: translate_svc_sites pid 3435: 2 text ranges, 115 svc sites
[   68.102074] kjit: translate_svc_sites pid 3434: 2 text ranges, 115 svc sites
[   68.319729] kjit: translate_svc_sites pid 3439: 2 text ranges, 115 svc sites
[   68.323545] kjit: translate_svc_sites pid 3441: 2 text ranges, 115 svc sites
[   68.323985] kjit: translate_svc_sites pid 3445: 2 text ranges, 115 svc sites
[   68.324552] kjit: translate_svc_sites pid 3442: 2 text ranges, 115 svc sites
[   68.341270] kjit: translate_svc_sites pid 3443: 2 text ranges, 115 svc sites
[   68.342050] kjit: translate_svc_sites pid 3444: 2 text ranges, 115 svc sites
[   68.344356] kjit: translate_svc_sites pid 3438: 2 text ranges, 115 svc sites
[   68.348996] kjit: translate_svc_sites pid 3440: 2 text ranges, 115 svc sites
[   68.555655] kjit: translate_svc_sites pid 3454: 2 text ranges, 115 svc sites
[   68.573990] kjit: translate_svc_sites pid 3455: 2 text ranges, 115 svc sites
[   68.574623] kjit: translate_svc_sites pid 3452: 2 text ranges, 115 svc sites
[   68.575358] kjit: translate_svc_sites pid 3453: 2 text ranges, 115 svc sites
[   68.577058] kjit: translate_svc_sites pid 3448: 2 text ranges, 115 svc sites
[   68.589206] kjit: translate_svc_sites pid 3450: 2 text ranges, 115 svc sites
[   68.589670] kjit: translate_svc_sites pid 3449: 2 text ranges, 115 svc sites
[   68.590631] kjit: translate_svc_sites pid 3451: 2 text ranges, 115 svc sites
[   68.798288] kjit: translate_svc_sites pid 3469: 2 text ranges, 115 svc sites
[   68.799817] kjit: translate_svc_sites pid 3467: 2 text ranges, 115 svc sites
[   68.808196] kjit: translate_svc_sites pid 3471: 2 text ranges, 115 svc sites
[   68.813701] kjit: translate_svc_sites pid 3473: 2 text ranges, 115 svc sites
[   68.814235] kjit: translate_svc_sites pid 3470: 2 text ranges, 115 svc sites
[   68.814337] kjit: translate_svc_sites pid 3474: 2 text ranges, 115 svc sites
[   68.822093] kjit: translate_svc_sites pid 3468: 2 text ranges, 115 svc sites
[   68.822452] kjit: translate_svc_sites pid 3472: 2 text ranges, 115 svc sites
[   69.046206] kjit: translate_svc_sites pid 3478: 2 text ranges, 115 svc sites
[   69.058851] kjit: translate_svc_sites pid 3482: 2 text ranges, 115 svc sites
[   69.059762] kjit: translate_svc_sites pid 3477: 2 text ranges, 115 svc sites
[   69.065449] kjit: translate_svc_sites pid 3479: 2 text ranges, 115 svc sites
[   69.068161] kjit: translate_svc_sites pid 3483: 2 text ranges, 115 svc sites
[   69.068621] kjit: translate_svc_sites pid 3484: 2 text ranges, 115 svc sites
[   69.070051] kjit: translate_svc_sites pid 3480: 2 text ranges, 115 svc sites
[   69.071910] kjit: translate_svc_sites pid 3481: 2 text ranges, 115 svc sites
[   69.280680] kjit: translate_svc_sites pid 3487: 2 text ranges, 115 svc sites
[   69.283207] kjit: translate_svc_sites pid 3489: 2 text ranges, 115 svc sites
[   69.289271] kjit: translate_svc_sites pid 3490: 2 text ranges, 115 svc sites
[   69.300165] kjit: translate_svc_sites pid 3492: 2 text ranges, 115 svc sites
[   69.302685] kjit: translate_svc_sites pid 3488: 2 text ranges, 115 svc sites
[   69.380891] kjit: translate_svc_sites pid 3494: 2 text ranges, 115 svc sites
[   69.394559] kjit: translate_svc_sites pid 3493: 2 text ranges, 115 svc sites
[   69.397310] kjit: translate_svc_sites pid 3491: 2 text ranges, 115 svc sites
[   69.554868] kjit: translate_svc_sites pid 3498: 2 text ranges, 115 svc sites
[   69.564205] kjit: translate_svc_sites pid 3502: 2 text ranges, 115 svc sites
[   69.567420] kjit: translate_svc_sites pid 3505: 2 text ranges, 115 svc sites
[   69.574004] kjit: translate_svc_sites pid 3504: 2 text ranges, 115 svc sites
[   69.580953] kjit: translate_svc_sites pid 3501: 2 text ranges, 115 svc sites
[   69.584577] kjit: translate_svc_sites pid 3499: 2 text ranges, 115 svc sites
[   69.587841] kjit: translate_svc_sites pid 3503: 2 text ranges, 115 svc sites
[   69.601798] kjit: translate_svc_sites pid 3500: 2 text ranges, 115 svc sites
[   69.803035] kjit: translate_svc_sites pid 3511: 2 text ranges, 115 svc sites
[   69.810999] kjit: translate_svc_sites pid 3514: 2 text ranges, 115 svc sites
[   69.814346] kjit: translate_svc_sites pid 3512: 2 text ranges, 115 svc sites
[   69.814842] kjit: translate_svc_sites pid 3508: 2 text ranges, 115 svc sites
[   69.821173] kjit: translate_svc_sites pid 3513: 2 text ranges, 115 svc sites
[   69.823105] kjit: translate_svc_sites pid 3515: 2 text ranges, 115 svc sites
[   69.825110] kjit: translate_svc_sites pid 3510: 2 text ranges, 115 svc sites
[   69.825858] kjit: translate_svc_sites pid 3509: 2 text ranges, 115 svc sites
[   70.041077] kjit: translate_svc_sites pid 3519: 2 text ranges, 115 svc sites
[   70.045185] kjit: translate_svc_sites pid 3518: 2 text ranges, 115 svc sites
[   70.047667] kjit: translate_svc_sites pid 3521: 2 text ranges, 115 svc sites
[   70.051265] kjit: translate_svc_sites pid 3520: 2 text ranges, 115 svc sites
[   70.051819] kjit: translate_svc_sites pid 3523: 2 text ranges, 115 svc sites
[   70.056981] kjit: translate_svc_sites pid 3525: 2 text ranges, 115 svc sites
[   70.072570] kjit: translate_svc_sites pid 3522: 2 text ranges, 115 svc sites
[   70.074202] kjit: translate_svc_sites pid 3524: 2 text ranges, 115 svc sites
[   70.280263] kjit: translate_svc_sites pid 3544: 2 text ranges, 115 svc sites
[   70.289424] kjit: translate_svc_sites pid 3542: 2 text ranges, 115 svc sites
[   70.291136] kjit: translate_svc_sites pid 3541: 2 text ranges, 115 svc sites
[   70.297314] kjit: translate_svc_sites pid 3545: 2 text ranges, 115 svc sites
[   70.298960] kjit: translate_svc_sites pid 3543: 2 text ranges, 115 svc sites
[   70.299700] kjit: translate_svc_sites pid 3548: 2 text ranges, 115 svc sites
[   70.306783] kjit: translate_svc_sites pid 3546: 2 text ranges, 115 svc sites
[   70.315154] kjit: translate_svc_sites pid 3547: 2 text ranges, 115 svc sites
[   70.510507] kjit: translate_svc_sites pid 3554: 2 text ranges, 115 svc sites
[   70.533118] kjit: translate_svc_sites pid 3552: 2 text ranges, 115 svc sites
[   70.536398] kjit: translate_svc_sites pid 3555: 2 text ranges, 115 svc sites
[   70.541077] kjit: translate_svc_sites pid 3558: 2 text ranges, 115 svc sites
[   70.541753] kjit: translate_svc_sites pid 3553: 2 text ranges, 115 svc sites
[   70.552461] kjit: translate_svc_sites pid 3556: 2 text ranges, 115 svc sites
[   70.553730] kjit: translate_svc_sites pid 3557: 2 text ranges, 115 svc sites
[   70.556336] kjit: translate_svc_sites pid 3551: 2 text ranges, 115 svc sites
[   70.772336] kjit: translate_svc_sites pid 3563: 2 text ranges, 115 svc sites
[   70.776188] kjit: translate_svc_sites pid 3561: 2 text ranges, 115 svc sites
[   70.776965] kjit: translate_svc_sites pid 3562: 2 text ranges, 115 svc sites
[   70.778110] kjit: translate_svc_sites pid 3564: 2 text ranges, 115 svc sites
[   70.779657] kjit: translate_svc_sites pid 3566: 2 text ranges, 115 svc sites
[   70.791137] kjit: translate_svc_sites pid 3567: 2 text ranges, 115 svc sites
[   70.794388] kjit: translate_svc_sites pid 3568: 2 text ranges, 115 svc sites
[   70.799659] kjit: translate_svc_sites pid 3565: 2 text ranges, 115 svc sites
[   70.988670] kjit: translate_svc_sites pid 3571: 2 text ranges, 115 svc sites
[   70.996281] kjit: translate_svc_sites pid 3572: 2 text ranges, 115 svc sites
[   71.015284] kjit: translate_svc_sites pid 3578: 2 text ranges, 115 svc sites
[   71.020259] kjit: translate_svc_sites pid 3574: 2 text ranges, 115 svc sites
[   71.024961] kjit: translate_svc_sites pid 3573: 2 text ranges, 115 svc sites
[   71.039375] kjit: translate_svc_sites pid 3575: 2 text ranges, 115 svc sites
[   71.044475] kjit: translate_svc_sites pid 3576: 2 text ranges, 115 svc sites
[   71.049916] kjit: translate_svc_sites pid 3577: 2 text ranges, 115 svc sites
[   71.232870] kjit: translate_svc_sites pid 3586: 2 text ranges, 115 svc sites
[   71.241450] kjit: translate_svc_sites pid 3590: 2 text ranges, 115 svc sites
[   71.251806] kjit: translate_svc_sites pid 3589: 2 text ranges, 115 svc sites
[   71.264178] kjit: translate_svc_sites pid 3585: 2 text ranges, 115 svc sites
[   71.265163] kjit: translate_svc_sites pid 3592: 2 text ranges, 115 svc sites
[   71.270320] kjit: translate_svc_sites pid 3587: 2 text ranges, 115 svc sites
[   71.275059] kjit: translate_svc_sites pid 3591: 2 text ranges, 115 svc sites
[   71.279344] kjit: translate_svc_sites pid 3588: 2 text ranges, 115 svc sites
[   71.453416] kjit: translate_svc_sites pid 3597: 2 text ranges, 115 svc sites
[   71.454368] kjit: translate_svc_sites pid 3598: 2 text ranges, 115 svc sites
[   71.458059] kjit: translate_svc_sites pid 3599: 2 text ranges, 115 svc sites
[   71.465956] kjit: translate_svc_sites pid 3604: 2 text ranges, 115 svc sites
[   71.478297] kjit: translate_svc_sites pid 3600: 2 text ranges, 115 svc sites
[   71.535751] kjit: translate_svc_sites pid 3601: 2 text ranges, 115 svc sites
[   71.537922] kjit: translate_svc_sites pid 3602: 2 text ranges, 115 svc sites
[   71.574386] kjit: translate_svc_sites pid 3603: 2 text ranges, 115 svc sites
[   71.708714] kjit: translate_svc_sites pid 3609: 2 text ranges, 115 svc sites
[   71.709119] kjit: translate_svc_sites pid 3614: 2 text ranges, 115 svc sites
[   71.711568] kjit: translate_svc_sites pid 3608: 2 text ranges, 115 svc sites
[   71.713309] kjit: translate_svc_sites pid 3610: 2 text ranges, 115 svc sites
[   71.718452] kjit: translate_svc_sites pid 3612: 2 text ranges, 115 svc sites
[   71.729103] kjit: translate_svc_sites pid 3607: 2 text ranges, 115 svc sites
[   71.733886] kjit: translate_svc_sites pid 3611: 2 text ranges, 115 svc sites
[   71.738742] kjit: translate_svc_sites pid 3613: 2 text ranges, 115 svc sites
[   71.956515] kjit: translate_svc_sites pid 3625: 2 text ranges, 115 svc sites
[   71.961627] kjit: translate_svc_sites pid 3620: 2 text ranges, 115 svc sites
[   71.963492] kjit: translate_svc_sites pid 3622: 2 text ranges, 115 svc sites
[   71.977379] kjit: translate_svc_sites pid 3621: 2 text ranges, 115 svc sites
[   71.986586] kjit: translate_svc_sites pid 3619: 2 text ranges, 115 svc sites
[   71.987245] kjit: translate_svc_sites pid 3624: 2 text ranges, 115 svc sites
[   71.990008] kjit: translate_svc_sites pid 3623: 2 text ranges, 115 svc sites
[   72.001843] kjit: translate_svc_sites pid 3626: 2 text ranges, 115 svc sites
[   72.215565] kjit: translate_svc_sites pid 3633: 2 text ranges, 115 svc sites
[   72.216563] kjit: translate_svc_sites pid 3631: 2 text ranges, 115 svc sites
[   72.223615] kjit: translate_svc_sites pid 3632: 2 text ranges, 115 svc sites
[   72.226550] kjit: translate_svc_sites pid 3635: 2 text ranges, 115 svc sites
[   72.227145] kjit: translate_svc_sites pid 3638: 2 text ranges, 115 svc sites
[   72.232788] kjit: translate_svc_sites pid 3636: 2 text ranges, 115 svc sites
[   72.233791] kjit: translate_svc_sites pid 3634: 2 text ranges, 115 svc sites
[   72.234874] kjit: translate_svc_sites pid 3637: 2 text ranges, 115 svc sites
[   72.442298] kjit: translate_svc_sites pid 3648: 2 text ranges, 115 svc sites
[   72.467603] kjit: translate_svc_sites pid 3647: 2 text ranges, 115 svc sites
[   72.467613] kjit: translate_svc_sites pid 3643: 2 text ranges, 115 svc sites
[   72.469767] kjit: translate_svc_sites pid 3646: 2 text ranges, 115 svc sites
[   72.472896] kjit: translate_svc_sites pid 3641: 2 text ranges, 115 svc sites
[   72.474302] kjit: translate_svc_sites pid 3642: 2 text ranges, 115 svc sites
[   72.480737] kjit: translate_svc_sites pid 3645: 2 text ranges, 115 svc sites
[   72.484234] kjit: translate_svc_sites pid 3644: 2 text ranges, 115 svc sites
[   72.684175] kjit: translate_svc_sites pid 3659: 2 text ranges, 115 svc sites
[   72.693897] kjit: translate_svc_sites pid 3660: 2 text ranges, 115 svc sites
[   72.696516] kjit: translate_svc_sites pid 3654: 2 text ranges, 115 svc sites
[   72.700946] kjit: translate_svc_sites pid 3653: 2 text ranges, 115 svc sites
[   72.702217] kjit: translate_svc_sites pid 3656: 2 text ranges, 115 svc sites
[   72.704663] kjit: translate_svc_sites pid 3655: 2 text ranges, 115 svc sites
[   72.706717] kjit: translate_svc_sites pid 3658: 2 text ranges, 115 svc sites
[   72.713307] kjit: translate_svc_sites pid 3657: 2 text ranges, 115 svc sites
[   72.907963] kjit: translate_svc_sites pid 3666: 2 text ranges, 115 svc sites
[   72.913372] kjit: translate_svc_sites pid 3663: 2 text ranges, 115 svc sites
[   72.914093] kjit: translate_svc_sites pid 3667: 2 text ranges, 115 svc sites
[   72.918193] kjit: translate_svc_sites pid 3664: 2 text ranges, 115 svc sites
[   72.924022] kjit: translate_svc_sites pid 3665: 2 text ranges, 115 svc sites
[   72.924801] kjit: translate_svc_sites pid 3670: 2 text ranges, 115 svc sites
[   72.953191] kjit: translate_svc_sites pid 3668: 2 text ranges, 115 svc sites
[   73.049445] kjit: translate_svc_sites pid 3669: 2 text ranges, 115 svc sites
[   73.172235] kjit: translate_svc_sites pid 3674: 2 text ranges, 115 svc sites
[   73.173267] kjit: translate_svc_sites pid 3675: 2 text ranges, 115 svc sites
[   73.199321] kjit: translate_svc_sites pid 3676: 2 text ranges, 115 svc sites
[   73.202033] kjit: translate_svc_sites pid 3678: 2 text ranges, 115 svc sites
[   73.203092] kjit: translate_svc_sites pid 3677: 2 text ranges, 115 svc sites
[   73.203803] kjit: translate_svc_sites pid 3679: 2 text ranges, 115 svc sites
[   73.204935] kjit: translate_svc_sites pid 3673: 2 text ranges, 115 svc sites
[   73.205992] kjit: translate_svc_sites pid 3680: 2 text ranges, 115 svc sites
[   73.403163] kjit: translate_svc_sites pid 3689: 2 text ranges, 115 svc sites
[   73.409909] kjit: translate_svc_sites pid 3686: 2 text ranges, 115 svc sites
[   73.420577] kjit: translate_svc_sites pid 3685: 2 text ranges, 115 svc sites
[   73.431080] kjit: translate_svc_sites pid 3690: 2 text ranges, 115 svc sites
[   73.435967] kjit: translate_svc_sites pid 3684: 2 text ranges, 115 svc sites
[   73.440266] kjit: translate_svc_sites pid 3683: 2 text ranges, 115 svc sites
[   73.445074] kjit: translate_svc_sites pid 3687: 2 text ranges, 115 svc sites
[   73.449315] kjit: translate_svc_sites pid 3688: 2 text ranges, 115 svc sites
[   73.649740] kjit: translate_svc_sites pid 3697: 2 text ranges, 115 svc sites
[   73.654052] kjit: translate_svc_sites pid 3693: 2 text ranges, 115 svc sites
[   73.662565] kjit: translate_svc_sites pid 3700: 2 text ranges, 115 svc sites
[   73.701117] kjit: translate_svc_sites pid 3696: 2 text ranges, 115 svc sites
[   73.701708] kjit: translate_svc_sites pid 3698: 2 text ranges, 115 svc sites
[   73.703102] kjit: translate_svc_sites pid 3695: 2 text ranges, 115 svc sites
[   73.703755] kjit: translate_svc_sites pid 3699: 2 text ranges, 115 svc sites
[   73.705858] kjit: translate_svc_sites pid 3694: 2 text ranges, 115 svc sites
[   73.914059] kjit: translate_svc_sites pid 3703: 2 text ranges, 115 svc sites
[   73.922064] kjit: translate_svc_sites pid 3705: 2 text ranges, 115 svc sites
[   73.924576] kjit: translate_svc_sites pid 3709: 2 text ranges, 115 svc sites
[   73.925950] kjit: translate_svc_sites pid 3706: 2 text ranges, 115 svc sites
[   73.928959] kjit: translate_svc_sites pid 3707: 2 text ranges, 115 svc sites
[   73.930508] kjit: translate_svc_sites pid 3708: 2 text ranges, 115 svc sites
[   73.930998] kjit: translate_svc_sites pid 3710: 2 text ranges, 115 svc sites
[   73.932005] kjit: translate_svc_sites pid 3704: 2 text ranges, 115 svc sites
[   74.144757] kjit: translate_svc_sites pid 3714: 2 text ranges, 115 svc sites
[   74.147438] kjit: translate_svc_sites pid 3717: 2 text ranges, 115 svc sites
[   74.153308] kjit: translate_svc_sites pid 3718: 2 text ranges, 115 svc sites
[   74.154766] kjit: translate_svc_sites pid 3715: 2 text ranges, 115 svc sites
[   74.166154] kjit: translate_svc_sites pid 3713: 2 text ranges, 115 svc sites
[   74.168166] kjit: translate_svc_sites pid 3720: 2 text ranges, 115 svc sites
[   74.200747] kjit: translate_svc_sites pid 3719: 2 text ranges, 115 svc sites
[   74.203117] kjit: translate_svc_sites pid 3716: 2 text ranges, 115 svc sites
[   74.373615] kjit: translate_svc_sites pid 3725: 2 text ranges, 115 svc sites
[   74.390582] kjit: translate_svc_sites pid 3723: 2 text ranges, 115 svc sites
[   74.397279] kjit: translate_svc_sites pid 3729: 2 text ranges, 115 svc sites
[   74.401278] kjit: translate_svc_sites pid 3727: 2 text ranges, 115 svc sites
[   74.408389] kjit: translate_svc_sites pid 3730: 2 text ranges, 115 svc sites
[   74.410207] kjit: translate_svc_sites pid 3724: 2 text ranges, 115 svc sites
[   74.413885] kjit: translate_svc_sites pid 3726: 2 text ranges, 115 svc sites
[   74.428412] kjit: translate_svc_sites pid 3728: 2 text ranges, 115 svc sites
[   74.623015] kjit: translate_svc_sites pid 3733: 2 text ranges, 115 svc sites
[   74.625103] kjit: translate_svc_sites pid 3734: 2 text ranges, 115 svc sites
[   74.653880] kjit: translate_svc_sites pid 3735: 2 text ranges, 115 svc sites
[   74.655700] kjit: translate_svc_sites pid 3736: 2 text ranges, 115 svc sites
[   74.661721] kjit: translate_svc_sites pid 3739: 2 text ranges, 115 svc sites
[   74.664902] kjit: translate_svc_sites pid 3740: 2 text ranges, 115 svc sites
[   74.667450] kjit: translate_svc_sites pid 3738: 2 text ranges, 115 svc sites
[   74.670740] kjit: translate_svc_sites pid 3737: 2 text ranges, 115 svc sites
[   74.879607] kjit: translate_svc_sites pid 3745: 2 text ranges, 115 svc sites
[   74.880155] kjit: translate_svc_sites pid 3744: 2 text ranges, 115 svc sites
[   74.893807] kjit: translate_svc_sites pid 3743: 2 text ranges, 115 svc sites
[   74.895183] kjit: translate_svc_sites pid 3746: 2 text ranges, 115 svc sites
[   74.897425] kjit: translate_svc_sites pid 3748: 2 text ranges, 115 svc sites
[   74.900704] kjit: translate_svc_sites pid 3749: 2 text ranges, 115 svc sites
[   74.901831] kjit: translate_svc_sites pid 3750: 2 text ranges, 115 svc sites
[   74.907881] kjit: translate_svc_sites pid 3747: 2 text ranges, 115 svc sites
[   75.137982] kjit: translate_svc_sites pid 3757: 2 text ranges, 115 svc sites
[   75.160039] kjit: translate_svc_sites pid 3756: 2 text ranges, 115 svc sites
[   75.165619] kjit: translate_svc_sites pid 3754: 2 text ranges, 115 svc sites
[   75.172822] kjit: translate_svc_sites pid 3753: 2 text ranges, 115 svc sites
[   75.174547] kjit: translate_svc_sites pid 3759: 2 text ranges, 115 svc sites
[   75.175569] kjit: translate_svc_sites pid 3758: 2 text ranges, 115 svc sites
[   75.178483] kjit: translate_svc_sites pid 3755: 2 text ranges, 115 svc sites
[   75.182814] kjit: translate_svc_sites pid 3760: 2 text ranges, 115 svc sites
[   75.483023] kjit: translate_svc_sites pid 3765: 2 text ranges, 115 svc sites
[   75.488008] kjit: translate_svc_sites pid 3763: 2 text ranges, 115 svc sites
[   75.491042] kjit: translate_svc_sites pid 3766: 2 text ranges, 115 svc sites
[   75.509842] kjit: translate_svc_sites pid 3764: 2 text ranges, 115 svc sites
[   75.516784] kjit: translate_svc_sites pid 3769: 2 text ranges, 115 svc sites
[   75.520021] kjit: translate_svc_sites pid 3770: 2 text ranges, 115 svc sites
[   75.523530] kjit: translate_svc_sites pid 3767: 2 text ranges, 115 svc sites
[   75.531361] kjit: translate_svc_sites pid 3768: 2 text ranges, 115 svc sites
[   75.744090] kjit: translate_svc_sites pid 3780: 2 text ranges, 115 svc sites
[   75.759345] kjit: translate_svc_sites pid 3775: 2 text ranges, 115 svc sites
[   75.760357] kjit: translate_svc_sites pid 3777: 2 text ranges, 115 svc sites
[   75.765094] kjit: translate_svc_sites pid 3778: 2 text ranges, 115 svc sites
[   75.766636] kjit: translate_svc_sites pid 3776: 2 text ranges, 115 svc sites
[   75.767543] kjit: translate_svc_sites pid 3779: 2 text ranges, 115 svc sites
[   75.769241] kjit: translate_svc_sites pid 3774: 2 text ranges, 115 svc sites
[   75.770021] kjit: translate_svc_sites pid 3773: 2 text ranges, 115 svc sites
[   75.986365] kjit: translate_svc_sites pid 3785: 2 text ranges, 115 svc sites
[   76.003342] kjit: translate_svc_sites pid 3789: 2 text ranges, 115 svc sites
[   76.008099] kjit: translate_svc_sites pid 3784: 2 text ranges, 115 svc sites
[   76.040669] kjit: translate_svc_sites pid 3790: 2 text ranges, 115 svc sites
[   76.042867] kjit: translate_svc_sites pid 3787: 2 text ranges, 115 svc sites
[   76.047337] kjit: translate_svc_sites pid 3783: 2 text ranges, 115 svc sites
[   76.048876] kjit: translate_svc_sites pid 3786: 2 text ranges, 115 svc sites
[   76.054822] kjit: translate_svc_sites pid 3788: 2 text ranges, 115 svc sites
[   76.276790] kjit: translate_svc_sites pid 3800: 2 text ranges, 115 svc sites
[   76.280542] kjit: translate_svc_sites pid 3796: 2 text ranges, 115 svc sites
[   76.286521] kjit: translate_svc_sites pid 3795: 2 text ranges, 115 svc sites
[   76.291225] kjit: translate_svc_sites pid 3798: 2 text ranges, 115 svc sites
[   76.291910] kjit: translate_svc_sites pid 3794: 2 text ranges, 115 svc sites
[   76.295411] kjit: translate_svc_sites pid 3799: 2 text ranges, 115 svc sites
[   76.296925] kjit: translate_svc_sites pid 3797: 2 text ranges, 115 svc sites
[   76.301272] kjit: translate_svc_sites pid 3801: 2 text ranges, 115 svc sites
[   76.523964] kjit: translate_svc_sites pid 3806: 2 text ranges, 115 svc sites
[   76.526820] kjit: translate_svc_sites pid 3807: 2 text ranges, 115 svc sites
[   76.532235] kjit: translate_svc_sites pid 3808: 2 text ranges, 115 svc sites
[   76.539079] kjit: translate_svc_sites pid 3804: 2 text ranges, 115 svc sites
[   76.542013] kjit: translate_svc_sites pid 3809: 2 text ranges, 115 svc sites
[   76.542861] kjit: translate_svc_sites pid 3810: 2 text ranges, 115 svc sites
[   76.544197] kjit: translate_svc_sites pid 3805: 2 text ranges, 115 svc sites
[   76.544282] kjit: translate_svc_sites pid 3811: 2 text ranges, 115 svc sites
[   76.737813] kjit: translate_svc_sites pid 3815: 2 text ranges, 115 svc sites
[   76.760349] kjit: translate_svc_sites pid 3818: 2 text ranges, 115 svc sites
[   76.768743] kjit: translate_svc_sites pid 3816: 2 text ranges, 115 svc sites
[   76.781857] kjit: translate_svc_sites pid 3821: 2 text ranges, 115 svc sites
[   76.782588] kjit: translate_svc_sites pid 3820: 2 text ranges, 115 svc sites
[   76.791190] kjit: translate_svc_sites pid 3814: 2 text ranges, 115 svc sites
[   76.871879] kjit: translate_svc_sites pid 3817: 2 text ranges, 115 svc sites
[   76.888512] kjit: translate_svc_sites pid 3819: 2 text ranges, 115 svc sites
[   77.067538] kjit: translate_svc_sites pid 3824: 2 text ranges, 115 svc sites
[   77.072542] kjit: translate_svc_sites pid 3828: 2 text ranges, 115 svc sites
[   77.073608] kjit: translate_svc_sites pid 3825: 2 text ranges, 115 svc sites
[   77.075280] kjit: translate_svc_sites pid 3826: 2 text ranges, 115 svc sites
[   77.078365] kjit: translate_svc_sites pid 3831: 2 text ranges, 115 svc sites
[   77.082027] kjit: translate_svc_sites pid 3830: 2 text ranges, 115 svc sites
[   77.082848] kjit: translate_svc_sites pid 3829: 2 text ranges, 115 svc sites
[   77.084188] kjit: translate_svc_sites pid 3827: 2 text ranges, 115 svc sites
[   77.310299] kjit: translate_svc_sites pid 3837: 2 text ranges, 115 svc sites
[   77.314237] kjit: translate_svc_sites pid 3840: 2 text ranges, 115 svc sites
[   77.319770] kjit: translate_svc_sites pid 3839: 2 text ranges, 115 svc sites
[   77.322279] kjit: translate_svc_sites pid 3835: 2 text ranges, 115 svc sites
[   77.337146] kjit: translate_svc_sites pid 3838: 2 text ranges, 115 svc sites
[   77.350719] kjit: translate_svc_sites pid 3836: 2 text ranges, 115 svc sites
[   77.354648] kjit: translate_svc_sites pid 3834: 2 text ranges, 115 svc sites
[   77.361161] kjit: translate_svc_sites pid 3841: 2 text ranges, 115 svc sites
[   77.579945] kjit: translate_svc_sites pid 3844: 2 text ranges, 115 svc sites
[   77.601764] kjit: translate_svc_sites pid 3847: 2 text ranges, 115 svc sites
[   77.601801] kjit: translate_svc_sites pid 3848: 2 text ranges, 115 svc sites
[   77.603212] kjit: translate_svc_sites pid 3845: 2 text ranges, 115 svc sites
[   77.606239] kjit: translate_svc_sites pid 3851: 2 text ranges, 115 svc sites
[   77.607104] kjit: translate_svc_sites pid 3846: 2 text ranges, 115 svc sites
[   77.612142] kjit: translate_svc_sites pid 3850: 2 text ranges, 115 svc sites
[   77.614444] kjit: translate_svc_sites pid 3849: 2 text ranges, 115 svc sites
[   77.821698] kjit: translate_svc_sites pid 3854: 2 text ranges, 115 svc sites
[   77.836008] kjit: translate_svc_sites pid 3856: 2 text ranges, 115 svc sites
[   77.842736] kjit: translate_svc_sites pid 3855: 2 text ranges, 115 svc sites
[   77.848594] kjit: translate_svc_sites pid 3860: 2 text ranges, 115 svc sites
[   77.853871] kjit: translate_svc_sites pid 3857: 2 text ranges, 115 svc sites
[   77.857993] kjit: translate_svc_sites pid 3861: 2 text ranges, 115 svc sites
[   77.869197] kjit: translate_svc_sites pid 3859: 2 text ranges, 115 svc sites
[   77.869525] kjit: translate_svc_sites pid 3858: 2 text ranges, 115 svc sites
[   78.082012] kjit: translate_svc_sites pid 3872: 2 text ranges, 115 svc sites
[   78.106640] kjit: translate_svc_sites pid 3868: 2 text ranges, 115 svc sites
[   78.112313] kjit: translate_svc_sites pid 3867: 2 text ranges, 115 svc sites
[   78.130555] kjit: translate_svc_sites pid 3871: 2 text ranges, 115 svc sites
[   78.131570] kjit: translate_svc_sites pid 3866: 2 text ranges, 115 svc sites
[   78.135696] kjit: translate_svc_sites pid 3870: 2 text ranges, 115 svc sites
[   78.139855] kjit: translate_svc_sites pid 3873: 2 text ranges, 115 svc sites
[   78.148199] kjit: translate_svc_sites pid 3869: 2 text ranges, 115 svc sites
[   78.353945] kjit: translate_svc_sites pid 3882: 2 text ranges, 115 svc sites
[   78.356349] kjit: translate_svc_sites pid 3880: 2 text ranges, 115 svc sites
[   78.371199] kjit: translate_svc_sites pid 3881: 2 text ranges, 115 svc sites
[   78.388073] kjit: translate_svc_sites pid 3883: 2 text ranges, 115 svc sites
[   78.404162] kjit: translate_svc_sites pid 3887: 2 text ranges, 115 svc sites
[   78.406390] kjit: translate_svc_sites pid 3885: 2 text ranges, 115 svc sites
[   78.406880] kjit: translate_svc_sites pid 3886: 2 text ranges, 115 svc sites
[   78.407964] kjit: translate_svc_sites pid 3884: 2 text ranges, 115 svc sites
[   78.620014] kjit: translate_svc_sites pid 3890: 2 text ranges, 115 svc sites
[   78.629507] kjit: translate_svc_sites pid 3891: 2 text ranges, 115 svc sites
[   78.633079] kjit: translate_svc_sites pid 3892: 2 text ranges, 115 svc sites
[   78.638398] kjit: translate_svc_sites pid 3893: 2 text ranges, 115 svc sites
[   78.639940] kjit: translate_svc_sites pid 3895: 2 text ranges, 115 svc sites
[   78.643204] kjit: translate_svc_sites pid 3896: 2 text ranges, 115 svc sites
[   78.646688] kjit: translate_svc_sites pid 3894: 2 text ranges, 115 svc sites
[   78.648377] kjit: translate_svc_sites pid 3897: 2 text ranges, 115 svc sites
[   78.866133] kjit: translate_svc_sites pid 3903: 2 text ranges, 115 svc sites
[   78.872135] kjit: translate_svc_sites pid 3907: 2 text ranges, 115 svc sites
[   78.875380] kjit: translate_svc_sites pid 3904: 2 text ranges, 115 svc sites
[   78.880731] kjit: translate_svc_sites pid 3902: 2 text ranges, 115 svc sites
[   78.884911] kjit: translate_svc_sites pid 3900: 2 text ranges, 115 svc sites
[   78.891875] kjit: translate_svc_sites pid 3905: 2 text ranges, 115 svc sites
[   78.895583] kjit: translate_svc_sites pid 3901: 2 text ranges, 115 svc sites
[   78.896976] kjit: translate_svc_sites pid 3906: 2 text ranges, 115 svc sites
[   79.111164] kjit: translate_svc_sites pid 3914: 2 text ranges, 115 svc sites
[   79.113137] kjit: translate_svc_sites pid 3912: 2 text ranges, 115 svc sites
[   79.148137] kjit: translate_svc_sites pid 3911: 2 text ranges, 115 svc sites
[   79.150671] kjit: translate_svc_sites pid 3910: 2 text ranges, 115 svc sites
[   79.162306] kjit: translate_svc_sites pid 3916: 2 text ranges, 115 svc sites
[   79.163086] kjit: translate_svc_sites pid 3915: 2 text ranges, 115 svc sites
[   79.163789] kjit: translate_svc_sites pid 3913: 2 text ranges, 115 svc sites
[   79.171235] kjit: translate_svc_sites pid 3917: 2 text ranges, 115 svc sites
[   79.384938] kjit: translate_svc_sites pid 3925: 2 text ranges, 115 svc sites
[   79.385956] kjit: translate_svc_sites pid 3921: 2 text ranges, 115 svc sites
[   79.391124] kjit: translate_svc_sites pid 3923: 2 text ranges, 115 svc sites
[   79.393097] kjit: translate_svc_sites pid 3927: 2 text ranges, 115 svc sites
[   79.395887] kjit: translate_svc_sites pid 3924: 2 text ranges, 115 svc sites
[   79.401085] kjit: translate_svc_sites pid 3922: 2 text ranges, 115 svc sites
[   79.402199] kjit: translate_svc_sites pid 3920: 2 text ranges, 115 svc sites
[   79.409174] kjit: translate_svc_sites pid 3926: 2 text ranges, 115 svc sites
[   79.631550] kjit: translate_svc_sites pid 3934: 2 text ranges, 115 svc sites
[   79.655640] kjit: translate_svc_sites pid 3930: 2 text ranges, 115 svc sites
[   79.658100] kjit: translate_svc_sites pid 3933: 2 text ranges, 115 svc sites
[   79.658198] kjit: translate_svc_sites pid 3932: 2 text ranges, 115 svc sites
[   79.660752] kjit: translate_svc_sites pid 3936: 2 text ranges, 115 svc sites
[   79.664074] kjit: translate_svc_sites pid 3931: 2 text ranges, 115 svc sites
[   79.668580] kjit: translate_svc_sites pid 3935: 2 text ranges, 115 svc sites
[   79.673113] kjit: translate_svc_sites pid 3937: 2 text ranges, 115 svc sites
fpb lat state=on rep=2 lat cpus=4 samples=79768 interval_us=1000 p50_us=27.8 p99_us=220.0 p999_us=534.6 max_us=23666.3 gt100us=11130 gt1ms=44 gt5ms=17 max_cpu=2 preempted=25280 brackets=1263998 run_max_ns=4141708
[   80.229064] kjit: translate_svc_sites pid 3959: 2 text ranges, 115 svc sites
[   80.253883] kjit: translate_svc_sites pid 3960: 2 text ranges, 115 svc sites
[   80.255705] kjit: translate_svc_sites pid 3961: 2 text ranges, 115 svc sites
[   80.264675] kjit: translate_svc_sites pid 3965: 2 text ranges, 115 svc sites
[   80.265476] kjit: translate_svc_sites pid 3966: 2 text ranges, 115 svc sites
[   80.267999] kjit: translate_svc_sites pid 3962: 2 text ranges, 115 svc sites
[   80.272029] kjit: translate_svc_sites pid 3963: 2 text ranges, 115 svc sites
[   80.273303] kjit: translate_svc_sites pid 3964: 2 text ranges, 115 svc sites
[   80.489005] kjit: translate_svc_sites pid 3970: 2 text ranges, 115 svc sites
[   80.499308] kjit: translate_svc_sites pid 3971: 2 text ranges, 115 svc sites
[   80.503678] kjit: translate_svc_sites pid 3976: 2 text ranges, 115 svc sites
[   80.508407] kjit: translate_svc_sites pid 3975: 2 text ranges, 115 svc sites
[   80.514281] kjit: translate_svc_sites pid 3973: 2 text ranges, 115 svc sites
[   80.519394] kjit: translate_svc_sites pid 3969: 2 text ranges, 115 svc sites
[   80.527674] kjit: translate_svc_sites pid 3974: 2 text ranges, 115 svc sites
[   80.529162] kjit: translate_svc_sites pid 3972: 2 text ranges, 115 svc sites
[   80.720715] kjit: translate_svc_sites pid 3983: 2 text ranges, 115 svc sites
[   80.724840] kjit: translate_svc_sites pid 3982: 2 text ranges, 115 svc sites
[   80.731442] kjit: translate_svc_sites pid 3980: 2 text ranges, 115 svc sites
[   80.732368] kjit: translate_svc_sites pid 3979: 2 text ranges, 115 svc sites
[   80.754107] kjit: translate_svc_sites pid 3986: 2 text ranges, 115 svc sites
[   80.778020] kjit: translate_svc_sites pid 3985: 2 text ranges, 115 svc sites
[   80.783365] kjit: translate_svc_sites pid 3984: 2 text ranges, 115 svc sites
[   80.784110] kjit: translate_svc_sites pid 3981: 2 text ranges, 115 svc sites
[   80.986381] kjit: translate_svc_sites pid 3996: 2 text ranges, 115 svc sites
[   80.991767] kjit: translate_svc_sites pid 3990: 2 text ranges, 115 svc sites
[   80.994851] kjit: translate_svc_sites pid 3994: 2 text ranges, 115 svc sites
[   80.999619] kjit: translate_svc_sites pid 3989: 2 text ranges, 115 svc sites
[   81.003158] kjit: translate_svc_sites pid 3993: 2 text ranges, 115 svc sites
[   81.006143] kjit: translate_svc_sites pid 3995: 2 text ranges, 115 svc sites
[   81.007040] kjit: translate_svc_sites pid 3991: 2 text ranges, 115 svc sites
[   81.008094] kjit: translate_svc_sites pid 3992: 2 text ranges, 115 svc sites
[   81.208049] kjit: translate_svc_sites pid 4004: 2 text ranges, 115 svc sites
[   81.214488] kjit: translate_svc_sites pid 3999: 2 text ranges, 115 svc sites
[   81.215076] kjit: translate_svc_sites pid 4003: 2 text ranges, 115 svc sites
[   81.215502] kjit: translate_svc_sites pid 4000: 2 text ranges, 115 svc sites
[   81.233543] kjit: translate_svc_sites pid 4005: 2 text ranges, 115 svc sites
[   81.237990] kjit: translate_svc_sites pid 4001: 2 text ranges, 115 svc sites
[   81.243461] kjit: translate_svc_sites pid 4002: 2 text ranges, 115 svc sites
[   81.259083] kjit: translate_svc_sites pid 4006: 2 text ranges, 115 svc sites
[   81.444842] kjit: translate_svc_sites pid 4010: 2 text ranges, 115 svc sites
[   81.452466] kjit: translate_svc_sites pid 4009: 2 text ranges, 115 svc sites
[   81.454428] kjit: translate_svc_sites pid 4011: 2 text ranges, 115 svc sites
[   81.465277] kjit: translate_svc_sites pid 4013: 2 text ranges, 115 svc sites
[   81.477237] kjit: translate_svc_sites pid 4015: 2 text ranges, 115 svc sites
[   81.483230] kjit: translate_svc_sites pid 4016: 2 text ranges, 115 svc sites
[   81.483800] kjit: translate_svc_sites pid 4012: 2 text ranges, 115 svc sites
[   81.485540] kjit: translate_svc_sites pid 4014: 2 text ranges, 115 svc sites
[   81.687973] kjit: translate_svc_sites pid 4022: 2 text ranges, 115 svc sites
[   81.693969] kjit: translate_svc_sites pid 4020: 2 text ranges, 115 svc sites
[   81.698547] kjit: translate_svc_sites pid 4019: 2 text ranges, 115 svc sites
[   81.706220] kjit: translate_svc_sites pid 4021: 2 text ranges, 115 svc sites
[   81.708722] kjit: translate_svc_sites pid 4023: 2 text ranges, 115 svc sites
[   81.710693] kjit: translate_svc_sites pid 4026: 2 text ranges, 115 svc sites
[   81.711956] kjit: translate_svc_sites pid 4025: 2 text ranges, 115 svc sites
[   81.722037] kjit: translate_svc_sites pid 4024: 2 text ranges, 115 svc sites
[   81.914296] kjit: translate_svc_sites pid 4029: 2 text ranges, 115 svc sites
[   81.926128] kjit: translate_svc_sites pid 4031: 2 text ranges, 115 svc sites
[   81.931277] kjit: translate_svc_sites pid 4034: 2 text ranges, 115 svc sites
[   81.936165] kjit: translate_svc_sites pid 4033: 2 text ranges, 115 svc sites
[   81.940028] kjit: translate_svc_sites pid 4035: 2 text ranges, 115 svc sites
[   81.940831] kjit: translate_svc_sites pid 4032: 2 text ranges, 115 svc sites
[   81.944228] kjit: translate_svc_sites pid 4036: 2 text ranges, 115 svc sites
[   81.945147] kjit: translate_svc_sites pid 4030: 2 text ranges, 115 svc sites
[   82.150178] kjit: translate_svc_sites pid 4046: 2 text ranges, 115 svc sites
[   82.151371] kjit: translate_svc_sites pid 4039: 2 text ranges, 115 svc sites
[   82.157517] kjit: translate_svc_sites pid 4044: 2 text ranges, 115 svc sites
[   82.165967] kjit: translate_svc_sites pid 4042: 2 text ranges, 115 svc sites
[   82.176312] kjit: translate_svc_sites pid 4041: 2 text ranges, 115 svc sites
[   82.184817] kjit: translate_svc_sites pid 4045: 2 text ranges, 115 svc sites
[   82.186303] kjit: translate_svc_sites pid 4040: 2 text ranges, 115 svc sites
[   82.190118] kjit: translate_svc_sites pid 4043: 2 text ranges, 115 svc sites
[   82.383146] kjit: translate_svc_sites pid 4049: 2 text ranges, 115 svc sites
[   82.388996] kjit: translate_svc_sites pid 4052: 2 text ranges, 115 svc sites
[   82.396182] kjit: translate_svc_sites pid 4051: 2 text ranges, 115 svc sites
[   82.408667] kjit: translate_svc_sites pid 4055: 2 text ranges, 115 svc sites
[   82.412337] kjit: translate_svc_sites pid 4050: 2 text ranges, 115 svc sites
[   82.413480] kjit: translate_svc_sites pid 4054: 2 text ranges, 115 svc sites
[   82.413929] kjit: translate_svc_sites pid 4056: 2 text ranges, 115 svc sites
[   82.422876] kjit: translate_svc_sites pid 4053: 2 text ranges, 115 svc sites
[   82.631151] kjit: translate_svc_sites pid 4061: 2 text ranges, 115 svc sites
[   82.637754] kjit: translate_svc_sites pid 4064: 2 text ranges, 115 svc sites
[   82.643771] kjit: translate_svc_sites pid 4066: 2 text ranges, 115 svc sites
[   82.647502] kjit: translate_svc_sites pid 4065: 2 text ranges, 115 svc sites
[   82.650155] kjit: translate_svc_sites pid 4063: 2 text ranges, 115 svc sites
[   82.650699] kjit: translate_svc_sites pid 4060: 2 text ranges, 115 svc sites
[   82.651599] kjit: translate_svc_sites pid 4059: 2 text ranges, 115 svc sites
[   82.652973] kjit: translate_svc_sites pid 4062: 2 text ranges, 115 svc sites
[   82.868305] kjit: translate_svc_sites pid 4071: 2 text ranges, 115 svc sites
[   82.877784] kjit: translate_svc_sites pid 4069: 2 text ranges, 115 svc sites
[   82.878687] kjit: translate_svc_sites pid 4076: 2 text ranges, 115 svc sites
[   82.893708] kjit: translate_svc_sites pid 4073: 2 text ranges, 115 svc sites
[   82.897432] kjit: translate_svc_sites pid 4072: 2 text ranges, 115 svc sites
[   82.900787] kjit: translate_svc_sites pid 4075: 2 text ranges, 115 svc sites
[   82.902150] kjit: translate_svc_sites pid 4074: 2 text ranges, 115 svc sites
[   82.903298] kjit: translate_svc_sites pid 4070: 2 text ranges, 115 svc sites
[   83.113824] kjit: translate_svc_sites pid 4085: 2 text ranges, 115 svc sites
[   83.115102] kjit: translate_svc_sites pid 4079: 2 text ranges, 115 svc sites
[   83.124702] kjit: translate_svc_sites pid 4081: 2 text ranges, 115 svc sites
[   83.127010] kjit: translate_svc_sites pid 4082: 2 text ranges, 115 svc sites
[   83.132174] kjit: translate_svc_sites pid 4084: 2 text ranges, 115 svc sites
[   83.135257] kjit: translate_svc_sites pid 4086: 2 text ranges, 115 svc sites
[   83.139647] kjit: translate_svc_sites pid 4080: 2 text ranges, 115 svc sites
[   83.141251] kjit: translate_svc_sites pid 4083: 2 text ranges, 115 svc sites
[   83.353954] kjit: translate_svc_sites pid 4095: 2 text ranges, 115 svc sites
[   83.356474] kjit: translate_svc_sites pid 4091: 2 text ranges, 115 svc sites
[   83.359302] kjit: translate_svc_sites pid 4096: 2 text ranges, 115 svc sites
[   83.369513] kjit: translate_svc_sites pid 4089: 2 text ranges, 115 svc sites
[   83.376399] kjit: translate_svc_sites pid 4093: 2 text ranges, 115 svc sites
[   83.381166] kjit: translate_svc_sites pid 4094: 2 text ranges, 115 svc sites
[   83.392661] kjit: translate_svc_sites pid 4092: 2 text ranges, 115 svc sites
[   83.397776] kjit: translate_svc_sites pid 4090: 2 text ranges, 115 svc sites
[   83.649943] kjit: translate_svc_sites pid 4102: 2 text ranges, 115 svc sites
[   83.680529] kjit: translate_svc_sites pid 4104: 2 text ranges, 115 svc sites
[   83.681473] kjit: translate_svc_sites pid 4101: 2 text ranges, 115 svc sites
[   83.684113] kjit: translate_svc_sites pid 4106: 2 text ranges, 115 svc sites
[   83.687909] kjit: translate_svc_sites pid 4099: 2 text ranges, 115 svc sites
[   83.701506] kjit: translate_svc_sites pid 4100: 2 text ranges, 115 svc sites
[   83.702355] kjit: translate_svc_sites pid 4105: 2 text ranges, 115 svc sites
[   83.702940] kjit: translate_svc_sites pid 4103: 2 text ranges, 115 svc sites
[   83.910182] kjit: translate_svc_sites pid 4113: 2 text ranges, 115 svc sites
[   83.923219] kjit: translate_svc_sites pid 4110: 2 text ranges, 115 svc sites
[   83.925534] kjit: translate_svc_sites pid 4116: 2 text ranges, 115 svc sites
[   83.928485] kjit: translate_svc_sites pid 4114: 2 text ranges, 115 svc sites
[   83.933189] kjit: translate_svc_sites pid 4111: 2 text ranges, 115 svc sites
[   83.946797] kjit: translate_svc_sites pid 4109: 2 text ranges, 115 svc sites
[   83.948167] kjit: translate_svc_sites pid 4115: 2 text ranges, 115 svc sites
[   83.948860] kjit: translate_svc_sites pid 4112: 2 text ranges, 115 svc sites
[   84.171305] kjit: translate_svc_sites pid 4123: 2 text ranges, 115 svc sites
[   84.176098] kjit: translate_svc_sites pid 4119: 2 text ranges, 115 svc sites
[   84.183043] kjit: translate_svc_sites pid 4121: 2 text ranges, 115 svc sites
[   84.184001] kjit: translate_svc_sites pid 4126: 2 text ranges, 115 svc sites
[   84.193464] kjit: translate_svc_sites pid 4120: 2 text ranges, 115 svc sites
[   84.195807] kjit: translate_svc_sites pid 4122: 2 text ranges, 115 svc sites
[   84.196361] kjit: translate_svc_sites pid 4125: 2 text ranges, 115 svc sites
[   84.198227] kjit: translate_svc_sites pid 4124: 2 text ranges, 115 svc sites
[   84.478326] kjit: translate_svc_sites pid 4129: 2 text ranges, 115 svc sites
[   84.480986] kjit: translate_svc_sites pid 4136: 2 text ranges, 115 svc sites
[   84.489308] kjit: translate_svc_sites pid 4134: 2 text ranges, 115 svc sites
[   84.490353] kjit: translate_svc_sites pid 4131: 2 text ranges, 115 svc sites
[   84.496726] kjit: translate_svc_sites pid 4133: 2 text ranges, 115 svc sites
[   84.497705] kjit: translate_svc_sites pid 4130: 2 text ranges, 115 svc sites
[   84.500942] kjit: translate_svc_sites pid 4132: 2 text ranges, 115 svc sites
[   84.501019] kjit: translate_svc_sites pid 4135: 2 text ranges, 115 svc sites
[   84.728909] kjit: translate_svc_sites pid 4143: 2 text ranges, 115 svc sites
[   84.729913] kjit: translate_svc_sites pid 4144: 2 text ranges, 115 svc sites
[   84.734657] kjit: translate_svc_sites pid 4146: 2 text ranges, 115 svc sites
[   84.737401] kjit: translate_svc_sites pid 4145: 2 text ranges, 115 svc sites
[   84.739314] kjit: translate_svc_sites pid 4142: 2 text ranges, 115 svc sites
[   84.741665] kjit: translate_svc_sites pid 4148: 2 text ranges, 115 svc sites
[   84.743142] kjit: translate_svc_sites pid 4147: 2 text ranges, 115 svc sites
[   84.745352] kjit: translate_svc_sites pid 4141: 2 text ranges, 115 svc sites
[   84.959495] kjit: translate_svc_sites pid 4152: 2 text ranges, 115 svc sites
[   84.963329] kjit: translate_svc_sites pid 4155: 2 text ranges, 115 svc sites
[   84.967836] kjit: translate_svc_sites pid 4158: 2 text ranges, 115 svc sites
[   84.973767] kjit: translate_svc_sites pid 4156: 2 text ranges, 115 svc sites
[   84.989802] kjit: translate_svc_sites pid 4153: 2 text ranges, 115 svc sites
[   84.996042] kjit: translate_svc_sites pid 4154: 2 text ranges, 115 svc sites
[   84.999632] kjit: translate_svc_sites pid 4157: 2 text ranges, 115 svc sites
[   85.005501] kjit: translate_svc_sites pid 4151: 2 text ranges, 115 svc sites
[   85.208393] kjit: translate_svc_sites pid 4164: 2 text ranges, 115 svc sites
[   85.225551] kjit: translate_svc_sites pid 4162: 2 text ranges, 115 svc sites
[   85.228122] kjit: translate_svc_sites pid 4163: 2 text ranges, 115 svc sites
[   85.231068] kjit: translate_svc_sites pid 4167: 2 text ranges, 115 svc sites
[   85.235572] kjit: translate_svc_sites pid 4166: 2 text ranges, 115 svc sites
[   85.236266] kjit: translate_svc_sites pid 4168: 2 text ranges, 115 svc sites
[   85.242568] kjit: translate_svc_sites pid 4165: 2 text ranges, 115 svc sites
[   85.245081] kjit: translate_svc_sites pid 4161: 2 text ranges, 115 svc sites
[   85.434821] kjit: translate_svc_sites pid 4172: 2 text ranges, 115 svc sites
[   85.457726] kjit: translate_svc_sites pid 4171: 2 text ranges, 115 svc sites
[   85.459147] kjit: translate_svc_sites pid 4173: 2 text ranges, 115 svc sites
[   85.467201] kjit: translate_svc_sites pid 4174: 2 text ranges, 115 svc sites
[   85.469423] kjit: translate_svc_sites pid 4176: 2 text ranges, 115 svc sites
[   85.470567] kjit: translate_svc_sites pid 4175: 2 text ranges, 115 svc sites
[   85.473920] kjit: translate_svc_sites pid 4178: 2 text ranges, 115 svc sites
[   85.474500] kjit: translate_svc_sites pid 4177: 2 text ranges, 115 svc sites
[   85.659034] kjit: translate_svc_sites pid 4183: 2 text ranges, 115 svc sites
[   85.672198] kjit: translate_svc_sites pid 4186: 2 text ranges, 115 svc sites
[   85.677862] kjit: translate_svc_sites pid 4188: 2 text ranges, 115 svc sites
[   85.689597] kjit: translate_svc_sites pid 4185: 2 text ranges, 115 svc sites
[   85.690879] kjit: translate_svc_sites pid 4182: 2 text ranges, 115 svc sites
[   85.693162] kjit: translate_svc_sites pid 4187: 2 text ranges, 115 svc sites
[   85.718836] kjit: translate_svc_sites pid 4181: 2 text ranges, 115 svc sites
[   85.731008] kjit: translate_svc_sites pid 4184: 2 text ranges, 115 svc sites
[   85.930310] kjit: translate_svc_sites pid 4192: 2 text ranges, 115 svc sites
[   85.933635] kjit: translate_svc_sites pid 4193: 2 text ranges, 115 svc sites
[   85.936258] kjit: translate_svc_sites pid 4196: 2 text ranges, 115 svc sites
[   85.940032] kjit: translate_svc_sites pid 4194: 2 text ranges, 115 svc sites
[   85.940661] kjit: translate_svc_sites pid 4198: 2 text ranges, 115 svc sites
[   85.943462] kjit: translate_svc_sites pid 4195: 2 text ranges, 115 svc sites
[   85.945613] kjit: translate_svc_sites pid 4191: 2 text ranges, 115 svc sites
[   85.946955] kjit: translate_svc_sites pid 4197: 2 text ranges, 115 svc sites
[   86.144389] kjit: translate_svc_sites pid 4208: 2 text ranges, 115 svc sites
[   86.172402] kjit: translate_svc_sites pid 4203: 2 text ranges, 115 svc sites
[   86.185959] kjit: translate_svc_sites pid 4202: 2 text ranges, 115 svc sites
[   86.190061] kjit: translate_svc_sites pid 4206: 2 text ranges, 115 svc sites
[   86.191862] kjit: translate_svc_sites pid 4205: 2 text ranges, 115 svc sites
[   86.194228] kjit: translate_svc_sites pid 4201: 2 text ranges, 115 svc sites
[   86.203733] kjit: translate_svc_sites pid 4207: 2 text ranges, 115 svc sites
[   86.205035] kjit: translate_svc_sites pid 4204: 2 text ranges, 115 svc sites
[   86.397857] kjit: translate_svc_sites pid 4218: 2 text ranges, 115 svc sites
[   86.398827] kjit: translate_svc_sites pid 4216: 2 text ranges, 115 svc sites
[   86.405678] kjit: translate_svc_sites pid 4213: 2 text ranges, 115 svc sites
[   86.410963] kjit: translate_svc_sites pid 4220: 2 text ranges, 115 svc sites
[   86.415533] kjit: translate_svc_sites pid 4214: 2 text ranges, 115 svc sites
[   86.417795] kjit: translate_svc_sites pid 4215: 2 text ranges, 115 svc sites
[   86.425514] kjit: translate_svc_sites pid 4217: 2 text ranges, 115 svc sites
[   86.431612] kjit: translate_svc_sites pid 4219: 2 text ranges, 115 svc sites
[   86.654304] kjit: translate_svc_sites pid 4226: 2 text ranges, 115 svc sites
[   86.656532] kjit: translate_svc_sites pid 4227: 2 text ranges, 115 svc sites
[   86.663992] kjit: translate_svc_sites pid 4225: 2 text ranges, 115 svc sites
[   86.667408] kjit: translate_svc_sites pid 4228: 2 text ranges, 115 svc sites
[   86.668927] kjit: translate_svc_sites pid 4223: 2 text ranges, 115 svc sites
[   86.670263] kjit: translate_svc_sites pid 4229: 2 text ranges, 115 svc sites
[   86.671084] kjit: translate_svc_sites pid 4230: 2 text ranges, 115 svc sites
[   86.671541] kjit: translate_svc_sites pid 4224: 2 text ranges, 115 svc sites
[   86.884117] kjit: translate_svc_sites pid 4234: 2 text ranges, 115 svc sites
[   86.892233] kjit: translate_svc_sites pid 4236: 2 text ranges, 115 svc sites
[   86.897101] kjit: translate_svc_sites pid 4239: 2 text ranges, 115 svc sites
[   86.897506] kjit: translate_svc_sites pid 4237: 2 text ranges, 115 svc sites
[   86.901391] kjit: translate_svc_sites pid 4238: 2 text ranges, 115 svc sites
[   86.952243] kjit: translate_svc_sites pid 4233: 2 text ranges, 115 svc sites
[   86.964041] kjit: translate_svc_sites pid 4240: 2 text ranges, 115 svc sites
[   86.970875] kjit: translate_svc_sites pid 4235: 2 text ranges, 115 svc sites
[   87.140501] kjit: translate_svc_sites pid 4249: 2 text ranges, 115 svc sites
[   87.146854] kjit: translate_svc_sites pid 4244: 2 text ranges, 115 svc sites
[   87.149615] kjit: translate_svc_sites pid 4245: 2 text ranges, 115 svc sites
[   87.151437] kjit: translate_svc_sites pid 4250: 2 text ranges, 115 svc sites
[   87.154128] kjit: translate_svc_sites pid 4246: 2 text ranges, 115 svc sites
[   87.156472] kjit: translate_svc_sites pid 4247: 2 text ranges, 115 svc sites
[   87.157054] kjit: translate_svc_sites pid 4243: 2 text ranges, 115 svc sites
[   87.160123] kjit: translate_svc_sites pid 4248: 2 text ranges, 115 svc sites
[   87.383495] kjit: translate_svc_sites pid 4253: 2 text ranges, 115 svc sites
[   87.390621] kjit: translate_svc_sites pid 4260: 2 text ranges, 115 svc sites
[   87.393553] kjit: translate_svc_sites pid 4256: 2 text ranges, 115 svc sites
[   87.402109] kjit: translate_svc_sites pid 4259: 2 text ranges, 115 svc sites
[   87.402620] kjit: translate_svc_sites pid 4257: 2 text ranges, 115 svc sites
[   87.403216] kjit: translate_svc_sites pid 4254: 2 text ranges, 115 svc sites
[   87.406732] kjit: translate_svc_sites pid 4255: 2 text ranges, 115 svc sites
[   87.414129] kjit: translate_svc_sites pid 4258: 2 text ranges, 115 svc sites
[   87.627741] kjit: translate_svc_sites pid 4266: 2 text ranges, 115 svc sites
[   87.638717] kjit: translate_svc_sites pid 4263: 2 text ranges, 115 svc sites
[   87.641517] kjit: translate_svc_sites pid 4268: 2 text ranges, 115 svc sites
[   87.647412] kjit: translate_svc_sites pid 4270: 2 text ranges, 115 svc sites
[   87.652285] kjit: translate_svc_sites pid 4267: 2 text ranges, 115 svc sites
[   87.657455] kjit: translate_svc_sites pid 4265: 2 text ranges, 115 svc sites
[   87.660189] kjit: translate_svc_sites pid 4264: 2 text ranges, 115 svc sites
[   87.661188] kjit: translate_svc_sites pid 4269: 2 text ranges, 115 svc sites
[   87.881542] kjit: translate_svc_sites pid 4276: 2 text ranges, 115 svc sites
[   87.887325] kjit: translate_svc_sites pid 4275: 2 text ranges, 115 svc sites
[   87.899306] kjit: translate_svc_sites pid 4274: 2 text ranges, 115 svc sites
[   87.907154] kjit: translate_svc_sites pid 4278: 2 text ranges, 115 svc sites
[   87.910660] kjit: translate_svc_sites pid 4279: 2 text ranges, 115 svc sites
[   87.913948] kjit: translate_svc_sites pid 4273: 2 text ranges, 115 svc sites
[   87.914554] kjit: translate_svc_sites pid 4280: 2 text ranges, 115 svc sites
[   87.917767] kjit: translate_svc_sites pid 4277: 2 text ranges, 115 svc sites
[   88.142464] kjit: translate_svc_sites pid 4288: 2 text ranges, 115 svc sites
[   88.144834] kjit: translate_svc_sites pid 4292: 2 text ranges, 115 svc sites
[   88.149688] kjit: translate_svc_sites pid 4286: 2 text ranges, 115 svc sites
[   88.154378] kjit: translate_svc_sites pid 4285: 2 text ranges, 115 svc sites
[   88.161222] kjit: translate_svc_sites pid 4287: 2 text ranges, 115 svc sites
[   88.166383] kjit: translate_svc_sites pid 4291: 2 text ranges, 115 svc sites
[   88.170633] kjit: translate_svc_sites pid 4290: 2 text ranges, 115 svc sites
[   88.171400] kjit: translate_svc_sites pid 4289: 2 text ranges, 115 svc sites
[   88.386424] kjit: translate_svc_sites pid 4298: 2 text ranges, 115 svc sites
[   88.398726] kjit: translate_svc_sites pid 4297: 2 text ranges, 115 svc sites
[   88.401698] kjit: translate_svc_sites pid 4301: 2 text ranges, 115 svc sites
[   88.403464] kjit: translate_svc_sites pid 4295: 2 text ranges, 115 svc sites
[   88.407974] kjit: translate_svc_sites pid 4300: 2 text ranges, 115 svc sites
[   88.417716] kjit: translate_svc_sites pid 4302: 2 text ranges, 115 svc sites
[   88.419181] kjit: translate_svc_sites pid 4296: 2 text ranges, 115 svc sites
[   88.424142] kjit: translate_svc_sites pid 4299: 2 text ranges, 115 svc sites
[   88.620483] kjit: translate_svc_sites pid 4309: 2 text ranges, 115 svc sites
[   88.637161] kjit: translate_svc_sites pid 4312: 2 text ranges, 115 svc sites
[   88.643767] kjit: translate_svc_sites pid 4310: 2 text ranges, 115 svc sites
[   88.645363] kjit: translate_svc_sites pid 4311: 2 text ranges, 115 svc sites
[   88.645935] kjit: translate_svc_sites pid 4307: 2 text ranges, 115 svc sites
[   88.647049] kjit: translate_svc_sites pid 4306: 2 text ranges, 115 svc sites
[   88.647426] kjit: translate_svc_sites pid 4305: 2 text ranges, 115 svc sites
[   88.651763] kjit: translate_svc_sites pid 4308: 2 text ranges, 115 svc sites
[   88.849201] kjit: translate_svc_sites pid 4320: 2 text ranges, 115 svc sites
[   88.859374] kjit: translate_svc_sites pid 4315: 2 text ranges, 115 svc sites
[   88.867417] kjit: translate_svc_sites pid 4316: 2 text ranges, 115 svc sites
[   88.868760] kjit: translate_svc_sites pid 4321: 2 text ranges, 115 svc sites
[   88.876767] kjit: translate_svc_sites pid 4318: 2 text ranges, 115 svc sites
[   88.880294] kjit: translate_svc_sites pid 4317: 2 text ranges, 115 svc sites
[   88.881826] kjit: translate_svc_sites pid 4319: 2 text ranges, 115 svc sites
[   88.885626] kjit: translate_svc_sites pid 4322: 2 text ranges, 115 svc sites
[   89.101975] kjit: translate_svc_sites pid 4329: 2 text ranges, 115 svc sites
[   89.111734] kjit: translate_svc_sites pid 4327: 2 text ranges, 115 svc sites
[   89.117349] kjit: translate_svc_sites pid 4332: 2 text ranges, 115 svc sites
[   89.123986] kjit: translate_svc_sites pid 4325: 2 text ranges, 115 svc sites
[   89.128839] kjit: translate_svc_sites pid 4331: 2 text ranges, 115 svc sites
[   89.137376] kjit: translate_svc_sites pid 4330: 2 text ranges, 115 svc sites
[   89.138670] kjit: translate_svc_sites pid 4326: 2 text ranges, 115 svc sites
[   89.139358] kjit: translate_svc_sites pid 4328: 2 text ranges, 115 svc sites
[   89.347057] kjit: translate_svc_sites pid 4338: 2 text ranges, 115 svc sites
[   89.360306] kjit: translate_svc_sites pid 4335: 2 text ranges, 115 svc sites
[   89.361554] kjit: translate_svc_sites pid 4337: 2 text ranges, 115 svc sites
[   89.362738] kjit: translate_svc_sites pid 4339: 2 text ranges, 115 svc sites
[   89.364405] kjit: translate_svc_sites pid 4342: 2 text ranges, 115 svc sites
[   89.366098] kjit: translate_svc_sites pid 4336: 2 text ranges, 115 svc sites
[   89.367236] kjit: translate_svc_sites pid 4341: 2 text ranges, 115 svc sites
[   89.374281] kjit: translate_svc_sites pid 4340: 2 text ranges, 115 svc sites
[   89.597443] kjit: translate_svc_sites pid 4347: 2 text ranges, 115 svc sites
[   89.599287] kjit: translate_svc_sites pid 4348: 2 text ranges, 115 svc sites
[   89.600078] kjit: translate_svc_sites pid 4349: 2 text ranges, 115 svc sites
[   89.606229] kjit: translate_svc_sites pid 4350: 2 text ranges, 115 svc sites
[   89.607707] kjit: translate_svc_sites pid 4352: 2 text ranges, 115 svc sites
[   89.609616] kjit: translate_svc_sites pid 4346: 2 text ranges, 115 svc sites
[   89.610768] kjit: translate_svc_sites pid 4345: 2 text ranges, 115 svc sites
[   89.611942] kjit: translate_svc_sites pid 4351: 2 text ranges, 115 svc sites
[   89.825254] kjit: translate_svc_sites pid 4361: 2 text ranges, 115 svc sites
[   89.836571] kjit: translate_svc_sites pid 4355: 2 text ranges, 115 svc sites
[   89.836618] kjit: translate_svc_sites pid 4356: 2 text ranges, 115 svc sites
[   89.841612] kjit: translate_svc_sites pid 4359: 2 text ranges, 115 svc sites
[   89.845838] kjit: translate_svc_sites pid 4358: 2 text ranges, 115 svc sites
[   89.846281] kjit: translate_svc_sites pid 4362: 2 text ranges, 115 svc sites
[   89.851550] kjit: translate_svc_sites pid 4357: 2 text ranges, 115 svc sites
[   89.860625] kjit: translate_svc_sites pid 4360: 2 text ranges, 115 svc sites
[   90.053511] kjit: translate_svc_sites pid 4368: 2 text ranges, 115 svc sites
[   90.057581] kjit: translate_svc_sites pid 4372: 2 text ranges, 115 svc sites
[   90.059030] kjit: translate_svc_sites pid 4365: 2 text ranges, 115 svc sites
[   90.059710] kjit: translate_svc_sites pid 4371: 2 text ranges, 115 svc sites
[   90.075468] kjit: translate_svc_sites pid 4366: 2 text ranges, 115 svc sites
[   90.118663] kjit: translate_svc_sites pid 4370: 2 text ranges, 115 svc sites
[   90.127615] kjit: translate_svc_sites pid 4369: 2 text ranges, 115 svc sites
[   90.130212] kjit: translate_svc_sites pid 4367: 2 text ranges, 115 svc sites
[   90.288841] kjit: translate_svc_sites pid 4377: 2 text ranges, 115 svc sites
[   90.297814] kjit: translate_svc_sites pid 4378: 2 text ranges, 115 svc sites
[   90.311906] kjit: translate_svc_sites pid 4375: 2 text ranges, 115 svc sites
[   90.312580] kjit: translate_svc_sites pid 4380: 2 text ranges, 115 svc sites
[   90.313359] kjit: translate_svc_sites pid 4376: 2 text ranges, 115 svc sites
[   90.317011] kjit: translate_svc_sites pid 4379: 2 text ranges, 115 svc sites
[   90.318046] kjit: translate_svc_sites pid 4382: 2 text ranges, 115 svc sites
[   90.324943] kjit: translate_svc_sites pid 4381: 2 text ranges, 115 svc sites
[   90.517682] kjit: translate_svc_sites pid 4392: 2 text ranges, 115 svc sites
[   90.534023] kjit: translate_svc_sites pid 4386: 2 text ranges, 115 svc sites
[   90.552245] kjit: translate_svc_sites pid 4385: 2 text ranges, 115 svc sites
[   90.555292] kjit: translate_svc_sites pid 4389: 2 text ranges, 115 svc sites
[   90.570307] kjit: translate_svc_sites pid 4390: 2 text ranges, 115 svc sites
[   90.570423] kjit: translate_svc_sites pid 4387: 2 text ranges, 115 svc sites
[   90.571874] kjit: translate_svc_sites pid 4391: 2 text ranges, 115 svc sites
[   90.574717] kjit: translate_svc_sites pid 4388: 2 text ranges, 115 svc sites
[   90.785197] kjit: translate_svc_sites pid 4407: 2 text ranges, 115 svc sites
[   90.791482] kjit: translate_svc_sites pid 4408: 2 text ranges, 115 svc sites
[   90.801204] kjit: translate_svc_sites pid 4414: 2 text ranges, 115 svc sites
[   90.807569] kjit: translate_svc_sites pid 4411: 2 text ranges, 115 svc sites
[   90.810449] kjit: translate_svc_sites pid 4409: 2 text ranges, 115 svc sites
[   90.818135] kjit: translate_svc_sites pid 4413: 2 text ranges, 115 svc sites
[   90.819128] kjit: translate_svc_sites pid 4410: 2 text ranges, 115 svc sites
[   90.823704] kjit: translate_svc_sites pid 4412: 2 text ranges, 115 svc sites
[   91.023698] kjit: translate_svc_sites pid 4419: 2 text ranges, 115 svc sites
[   91.026651] kjit: translate_svc_sites pid 4424: 2 text ranges, 115 svc sites
[   91.032156] kjit: translate_svc_sites pid 4420: 2 text ranges, 115 svc sites
[   91.051009] kjit: translate_svc_sites pid 4418: 2 text ranges, 115 svc sites
[   91.064227] kjit: translate_svc_sites pid 4423: 2 text ranges, 115 svc sites
[   91.070730] kjit: translate_svc_sites pid 4417: 2 text ranges, 115 svc sites
[   91.073479] kjit: translate_svc_sites pid 4421: 2 text ranges, 115 svc sites
[   91.074664] kjit: translate_svc_sites pid 4422: 2 text ranges, 115 svc sites
[   91.278328] kjit: translate_svc_sites pid 4428: 2 text ranges, 115 svc sites
[   91.287934] kjit: translate_svc_sites pid 4431: 2 text ranges, 115 svc sites
[   91.289957] kjit: translate_svc_sites pid 4432: 2 text ranges, 115 svc sites
[   91.291097] kjit: translate_svc_sites pid 4430: 2 text ranges, 115 svc sites
[   91.296710] kjit: translate_svc_sites pid 4433: 2 text ranges, 115 svc sites
[   91.297968] kjit: translate_svc_sites pid 4434: 2 text ranges, 115 svc sites
[   91.299869] kjit: translate_svc_sites pid 4429: 2 text ranges, 115 svc sites
[   91.317652] kjit: translate_svc_sites pid 4427: 2 text ranges, 115 svc sites
[   91.507206] kjit: translate_svc_sites pid 4444: 2 text ranges, 115 svc sites
[   91.511519] kjit: translate_svc_sites pid 4438: 2 text ranges, 115 svc sites
[   91.517153] kjit: translate_svc_sites pid 4443: 2 text ranges, 115 svc sites
[   91.526003] kjit: translate_svc_sites pid 4437: 2 text ranges, 115 svc sites
[   91.533965] kjit: translate_svc_sites pid 4439: 2 text ranges, 115 svc sites
[   91.534035] kjit: translate_svc_sites pid 4440: 2 text ranges, 115 svc sites
[   91.535051] kjit: translate_svc_sites pid 4441: 2 text ranges, 115 svc sites
[   91.536820] kjit: translate_svc_sites pid 4442: 2 text ranges, 115 svc sites
[   91.741968] kjit: translate_svc_sites pid 4449: 2 text ranges, 115 svc sites
[   91.749067] kjit: translate_svc_sites pid 4448: 2 text ranges, 115 svc sites
[   91.756181] kjit: translate_svc_sites pid 4452: 2 text ranges, 115 svc sites
[   91.758020] kjit: translate_svc_sites pid 4450: 2 text ranges, 115 svc sites
[   91.763901] kjit: translate_svc_sites pid 4451: 2 text ranges, 115 svc sites
[   91.765061] kjit: translate_svc_sites pid 4454: 2 text ranges, 115 svc sites
[   91.767247] kjit: translate_svc_sites pid 4447: 2 text ranges, 115 svc sites
[   91.768544] kjit: translate_svc_sites pid 4453: 2 text ranges, 115 svc sites
[   91.975066] kjit: translate_svc_sites pid 4460: 2 text ranges, 115 svc sites
[   91.983139] kjit: translate_svc_sites pid 4457: 2 text ranges, 115 svc sites
[   91.987110] kjit: translate_svc_sites pid 4461: 2 text ranges, 115 svc sites
[   91.992522] kjit: translate_svc_sites pid 4464: 2 text ranges, 115 svc sites
[   91.993723] kjit: translate_svc_sites pid 4458: 2 text ranges, 115 svc sites
[   92.000406] kjit: translate_svc_sites pid 4459: 2 text ranges, 115 svc sites
[   92.003914] kjit: translate_svc_sites pid 4462: 2 text ranges, 115 svc sites
[   92.005175] kjit: translate_svc_sites pid 4463: 2 text ranges, 115 svc sites
[   92.196282] kjit: translate_svc_sites pid 4469: 2 text ranges, 115 svc sites
[   92.209670] kjit: translate_svc_sites pid 4468: 2 text ranges, 115 svc sites
[   92.231293] kjit: translate_svc_sites pid 4467: 2 text ranges, 115 svc sites
[   92.245883] kjit: translate_svc_sites pid 4473: 2 text ranges, 115 svc sites
[   92.247574] kjit: translate_svc_sites pid 4470: 2 text ranges, 115 svc sites
[   92.248838] kjit: translate_svc_sites pid 4474: 2 text ranges, 115 svc sites
[   92.252116] kjit: translate_svc_sites pid 4471: 2 text ranges, 115 svc sites
[   92.255606] kjit: translate_svc_sites pid 4472: 2 text ranges, 115 svc sites
[   92.463395] kjit: translate_svc_sites pid 4479: 2 text ranges, 115 svc sites
[   92.467761] kjit: translate_svc_sites pid 4481: 2 text ranges, 115 svc sites
[   92.472018] kjit: translate_svc_sites pid 4480: 2 text ranges, 115 svc sites
[   92.480736] kjit: translate_svc_sites pid 4482: 2 text ranges, 115 svc sites
[   92.483516] kjit: translate_svc_sites pid 4477: 2 text ranges, 115 svc sites
[   92.487597] kjit: translate_svc_sites pid 4478: 2 text ranges, 115 svc sites
[   92.489674] kjit: translate_svc_sites pid 4483: 2 text ranges, 115 svc sites
[   92.501284] kjit: translate_svc_sites pid 4484: 2 text ranges, 115 svc sites
[   92.706104] kjit: translate_svc_sites pid 4487: 2 text ranges, 115 svc sites
[   92.709330] kjit: translate_svc_sites pid 4494: 2 text ranges, 115 svc sites
[   92.711838] kjit: translate_svc_sites pid 4488: 2 text ranges, 115 svc sites
[   92.715713] kjit: translate_svc_sites pid 4491: 2 text ranges, 115 svc sites
[   92.717492] kjit: translate_svc_sites pid 4489: 2 text ranges, 115 svc sites
[   92.746951] kjit: translate_svc_sites pid 4492: 2 text ranges, 115 svc sites
[   92.755744] kjit: translate_svc_sites pid 4493: 2 text ranges, 115 svc sites
[   92.756680] kjit: translate_svc_sites pid 4490: 2 text ranges, 115 svc sites
[   92.953401] kjit: translate_svc_sites pid 4497: 2 text ranges, 115 svc sites
[   92.969781] kjit: translate_svc_sites pid 4498: 2 text ranges, 115 svc sites
[   92.977074] kjit: translate_svc_sites pid 4503: 2 text ranges, 115 svc sites
[   92.978656] kjit: translate_svc_sites pid 4499: 2 text ranges, 115 svc sites
[   92.983065] kjit: translate_svc_sites pid 4504: 2 text ranges, 115 svc sites
[   92.987902] kjit: translate_svc_sites pid 4500: 2 text ranges, 115 svc sites
[   92.989348] kjit: translate_svc_sites pid 4502: 2 text ranges, 115 svc sites
[   92.990624] kjit: translate_svc_sites pid 4501: 2 text ranges, 115 svc sites
[   93.202663] kjit: translate_svc_sites pid 4513: 2 text ranges, 115 svc sites
[   93.209423] kjit: translate_svc_sites pid 4514: 2 text ranges, 115 svc sites
[   93.219400] kjit: translate_svc_sites pid 4512: 2 text ranges, 115 svc sites
[   93.220474] kjit: translate_svc_sites pid 4508: 2 text ranges, 115 svc sites
[   93.226064] kjit: translate_svc_sites pid 4510: 2 text ranges, 115 svc sites
[   93.232985] kjit: translate_svc_sites pid 4511: 2 text ranges, 115 svc sites
[   93.241674] kjit: translate_svc_sites pid 4509: 2 text ranges, 115 svc sites
[   93.243281] kjit: translate_svc_sites pid 4507: 2 text ranges, 115 svc sites
[   93.460976] kjit: translate_svc_sites pid 4521: 2 text ranges, 115 svc sites
[   93.470208] kjit: translate_svc_sites pid 4523: 2 text ranges, 115 svc sites
[   93.477097] kjit: translate_svc_sites pid 4517: 2 text ranges, 115 svc sites
[   93.483957] kjit: translate_svc_sites pid 4518: 2 text ranges, 115 svc sites
[   93.484576] kjit: translate_svc_sites pid 4524: 2 text ranges, 115 svc sites
[   93.493178] kjit: translate_svc_sites pid 4520: 2 text ranges, 115 svc sites
[   93.494763] kjit: translate_svc_sites pid 4519: 2 text ranges, 115 svc sites
[   93.495464] kjit: translate_svc_sites pid 4522: 2 text ranges, 115 svc sites
[   93.716462] kjit: translate_svc_sites pid 4529: 2 text ranges, 115 svc sites
[   93.719312] kjit: translate_svc_sites pid 4528: 2 text ranges, 115 svc sites
[   93.721168] kjit: translate_svc_sites pid 4533: 2 text ranges, 115 svc sites
[   93.725362] kjit: translate_svc_sites pid 4530: 2 text ranges, 115 svc sites
[   93.727736] kjit: translate_svc_sites pid 4527: 2 text ranges, 115 svc sites
[   93.728403] kjit: translate_svc_sites pid 4531: 2 text ranges, 115 svc sites
[   93.728455] kjit: translate_svc_sites pid 4532: 2 text ranges, 115 svc sites
[   93.733581] kjit: translate_svc_sites pid 4534: 2 text ranges, 115 svc sites
[   93.927463] kjit: translate_svc_sites pid 4537: 2 text ranges, 115 svc sites
[   93.936765] kjit: translate_svc_sites pid 4544: 2 text ranges, 115 svc sites
[   93.940174] kjit: translate_svc_sites pid 4540: 2 text ranges, 115 svc sites
[   93.983096] kjit: translate_svc_sites pid 4538: 2 text ranges, 115 svc sites
[   93.992572] kjit: translate_svc_sites pid 4539: 2 text ranges, 115 svc sites
[   94.004220] kjit: translate_svc_sites pid 4541: 2 text ranges, 115 svc sites
[   94.004660] kjit: translate_svc_sites pid 4543: 2 text ranges, 115 svc sites
[   94.009718] kjit: translate_svc_sites pid 4542: 2 text ranges, 115 svc sites
[   94.183687] kjit: translate_svc_sites pid 4553: 2 text ranges, 115 svc sites
[   94.196478] kjit: translate_svc_sites pid 4554: 2 text ranges, 115 svc sites
[   94.207061] kjit: translate_svc_sites pid 4555: 2 text ranges, 115 svc sites
[   94.223860] kjit: translate_svc_sites pid 4558: 2 text ranges, 115 svc sites
[   94.224904] kjit: translate_svc_sites pid 4557: 2 text ranges, 115 svc sites
[   94.232873] kjit: translate_svc_sites pid 4559: 2 text ranges, 115 svc sites
[   94.234134] kjit: translate_svc_sites pid 4560: 2 text ranges, 115 svc sites
[   94.242881] kjit: translate_svc_sites pid 4556: 2 text ranges, 115 svc sites
[   94.444577] kjit: translate_svc_sites pid 4563: 2 text ranges, 115 svc sites
[   94.445573] kjit: translate_svc_sites pid 4566: 2 text ranges, 115 svc sites
[   94.450750] kjit: translate_svc_sites pid 4564: 2 text ranges, 115 svc sites
[   94.456492] kjit: translate_svc_sites pid 4567: 2 text ranges, 115 svc sites
[   94.456496] kjit: translate_svc_sites pid 4565: 2 text ranges, 115 svc sites
[   94.456901] kjit: translate_svc_sites pid 4569: 2 text ranges, 115 svc sites
[   94.465605] kjit: translate_svc_sites pid 4568: 2 text ranges, 115 svc sites
[   94.466305] kjit: translate_svc_sites pid 4570: 2 text ranges, 115 svc sites
[   94.686723] kjit: translate_svc_sites pid 4577: 2 text ranges, 115 svc sites
[   94.691589] kjit: translate_svc_sites pid 4574: 2 text ranges, 115 svc sites
[   94.694493] kjit: translate_svc_sites pid 4580: 2 text ranges, 115 svc sites
[   94.696831] kjit: translate_svc_sites pid 4579: 2 text ranges, 115 svc sites
[   94.700986] kjit: translate_svc_sites pid 4576: 2 text ranges, 115 svc sites
[   94.701689] kjit: translate_svc_sites pid 4578: 2 text ranges, 115 svc sites
[   94.702760] kjit: translate_svc_sites pid 4575: 2 text ranges, 115 svc sites
[   94.707063] kjit: translate_svc_sites pid 4573: 2 text ranges, 115 svc sites
[   94.917962] kjit: translate_svc_sites pid 4586: 2 text ranges, 115 svc sites
[   94.920666] kjit: translate_svc_sites pid 4583: 2 text ranges, 115 svc sites
[   94.929851] kjit: translate_svc_sites pid 4590: 2 text ranges, 115 svc sites
[   94.931278] kjit: translate_svc_sites pid 4584: 2 text ranges, 115 svc sites
[   94.940010] kjit: translate_svc_sites pid 4588: 2 text ranges, 115 svc sites
[   94.941515] kjit: translate_svc_sites pid 4585: 2 text ranges, 115 svc sites
[   94.963007] kjit: translate_svc_sites pid 4589: 2 text ranges, 115 svc sites
[   94.967710] kjit: translate_svc_sites pid 4587: 2 text ranges, 115 svc sites
[   95.182631] kjit: translate_svc_sites pid 4595: 2 text ranges, 115 svc sites
[   95.186710] kjit: translate_svc_sites pid 4600: 2 text ranges, 115 svc sites
[   95.186715] kjit: translate_svc_sites pid 4599: 2 text ranges, 115 svc sites
[   95.189012] kjit: translate_svc_sites pid 4598: 2 text ranges, 115 svc sites
[   95.192762] kjit: translate_svc_sites pid 4594: 2 text ranges, 115 svc sites
[   95.200643] kjit: translate_svc_sites pid 4593: 2 text ranges, 115 svc sites
[   95.204458] kjit: translate_svc_sites pid 4596: 2 text ranges, 115 svc sites
[   95.207912] kjit: translate_svc_sites pid 4597: 2 text ranges, 115 svc sites
[   95.411573] kjit: translate_svc_sites pid 4603: 2 text ranges, 115 svc sites
[   95.413664] kjit: translate_svc_sites pid 4607: 2 text ranges, 115 svc sites
[   95.437408] kjit: translate_svc_sites pid 4604: 2 text ranges, 115 svc sites
[   95.438481] kjit: translate_svc_sites pid 4606: 2 text ranges, 115 svc sites
[   95.448001] kjit: translate_svc_sites pid 4608: 2 text ranges, 115 svc sites
[   95.449327] kjit: translate_svc_sites pid 4609: 2 text ranges, 115 svc sites
[   95.451210] kjit: translate_svc_sites pid 4610: 2 text ranges, 115 svc sites
[   95.454455] kjit: translate_svc_sites pid 4605: 2 text ranges, 115 svc sites
[   95.643537] kjit: translate_svc_sites pid 4613: 2 text ranges, 115 svc sites
[   95.664159] kjit: translate_svc_sites pid 4614: 2 text ranges, 115 svc sites
[   95.668622] kjit: translate_svc_sites pid 4619: 2 text ranges, 115 svc sites
[   95.671145] kjit: translate_svc_sites pid 4618: 2 text ranges, 115 svc sites
[   95.672377] kjit: translate_svc_sites pid 4615: 2 text ranges, 115 svc sites
[   95.676387] kjit: translate_svc_sites pid 4620: 2 text ranges, 115 svc sites
[   95.677045] kjit: translate_svc_sites pid 4617: 2 text ranges, 115 svc sites
[   95.680102] kjit: translate_svc_sites pid 4616: 2 text ranges, 115 svc sites
[   95.868715] kjit: translate_svc_sites pid 4623: 2 text ranges, 115 svc sites
[   95.877044] kjit: translate_svc_sites pid 4624: 2 text ranges, 115 svc sites
[   95.881225] kjit: translate_svc_sites pid 4626: 2 text ranges, 115 svc sites
[   95.887408] kjit: translate_svc_sites pid 4628: 2 text ranges, 115 svc sites
[   95.898738] kjit: translate_svc_sites pid 4627: 2 text ranges, 115 svc sites
[   95.914277] kjit: translate_svc_sites pid 4625: 2 text ranges, 115 svc sites
[   95.988605] kjit: translate_svc_sites pid 4630: 2 text ranges, 115 svc sites
[   95.991503] kjit: translate_svc_sites pid 4629: 2 text ranges, 115 svc sites
[   96.129976] kjit: translate_svc_sites pid 4639: 2 text ranges, 115 svc sites
[   96.146540] kjit: translate_svc_sites pid 4638: 2 text ranges, 115 svc sites
[   96.149597] kjit: translate_svc_sites pid 4645: 2 text ranges, 115 svc sites
[   96.150875] kjit: translate_svc_sites pid 4640: 2 text ranges, 115 svc sites
[   96.156743] kjit: translate_svc_sites pid 4643: 2 text ranges, 115 svc sites
[   96.161034] kjit: translate_svc_sites pid 4644: 2 text ranges, 115 svc sites
[   96.161784] kjit: translate_svc_sites pid 4641: 2 text ranges, 115 svc sites
[   96.166339] kjit: translate_svc_sites pid 4642: 2 text ranges, 115 svc sites
[   96.352692] kjit: translate_svc_sites pid 4649: 2 text ranges, 115 svc sites
[   96.363682] kjit: translate_svc_sites pid 4651: 2 text ranges, 115 svc sites
[   96.367666] kjit: translate_svc_sites pid 4650: 2 text ranges, 115 svc sites
[   96.386621] kjit: translate_svc_sites pid 4653: 2 text ranges, 115 svc sites
[   96.391262] kjit: translate_svc_sites pid 4648: 2 text ranges, 115 svc sites
[   96.392158] kjit: translate_svc_sites pid 4655: 2 text ranges, 115 svc sites
[   96.400723] kjit: translate_svc_sites pid 4652: 2 text ranges, 115 svc sites
[   96.409432] kjit: translate_svc_sites pid 4654: 2 text ranges, 115 svc sites
[   96.609785] kjit: translate_svc_sites pid 4661: 2 text ranges, 115 svc sites
[   96.612659] kjit: translate_svc_sites pid 4662: 2 text ranges, 115 svc sites
[   96.614672] kjit: translate_svc_sites pid 4659: 2 text ranges, 115 svc sites
[   96.617985] kjit: translate_svc_sites pid 4660: 2 text ranges, 115 svc sites
[   96.623529] kjit: translate_svc_sites pid 4658: 2 text ranges, 115 svc sites
[   96.635858] kjit: translate_svc_sites pid 4664: 2 text ranges, 115 svc sites
[   96.636947] kjit: translate_svc_sites pid 4665: 2 text ranges, 115 svc sites
[   96.639283] kjit: translate_svc_sites pid 4663: 2 text ranges, 115 svc sites
[   96.839028] kjit: translate_svc_sites pid 4672: 2 text ranges, 115 svc sites
[   96.843010] kjit: translate_svc_sites pid 4673: 2 text ranges, 115 svc sites
[   96.856037] kjit: translate_svc_sites pid 4669: 2 text ranges, 115 svc sites
[   96.859368] kjit: translate_svc_sites pid 4670: 2 text ranges, 115 svc sites
[   96.863414] kjit: translate_svc_sites pid 4674: 2 text ranges, 115 svc sites
[   96.866429] kjit: translate_svc_sites pid 4675: 2 text ranges, 115 svc sites
[   96.868587] kjit: translate_svc_sites pid 4668: 2 text ranges, 115 svc sites
[   96.873739] kjit: translate_svc_sites pid 4671: 2 text ranges, 115 svc sites
[   97.071991] kjit: translate_svc_sites pid 4680: 2 text ranges, 115 svc sites
[   97.075068] kjit: translate_svc_sites pid 4685: 2 text ranges, 115 svc sites
[   97.086582] kjit: translate_svc_sites pid 4681: 2 text ranges, 115 svc sites
[   97.097175] kjit: translate_svc_sites pid 4684: 2 text ranges, 115 svc sites
[   97.097774] kjit: translate_svc_sites pid 4682: 2 text ranges, 115 svc sites
[   97.107352] kjit: translate_svc_sites pid 4678: 2 text ranges, 115 svc sites
[   97.109966] kjit: translate_svc_sites pid 4683: 2 text ranges, 115 svc sites
[   97.112889] kjit: translate_svc_sites pid 4679: 2 text ranges, 115 svc sites
[   97.321747] kjit: translate_svc_sites pid 4690: 2 text ranges, 115 svc sites
[   97.323659] kjit: translate_svc_sites pid 4688: 2 text ranges, 115 svc sites
[   97.326410] kjit: translate_svc_sites pid 4694: 2 text ranges, 115 svc sites
[   97.328121] kjit: translate_svc_sites pid 4695: 2 text ranges, 115 svc sites
[   97.329007] kjit: translate_svc_sites pid 4689: 2 text ranges, 115 svc sites
[   97.329849] kjit: translate_svc_sites pid 4693: 2 text ranges, 115 svc sites
[   97.333799] kjit: translate_svc_sites pid 4692: 2 text ranges, 115 svc sites
[   97.334835] kjit: translate_svc_sites pid 4691: 2 text ranges, 115 svc sites
[   97.536301] kjit: translate_svc_sites pid 4699: 2 text ranges, 115 svc sites
[   97.543947] kjit: translate_svc_sites pid 4704: 2 text ranges, 115 svc sites
[   97.559327] kjit: translate_svc_sites pid 4700: 2 text ranges, 115 svc sites
[   97.563809] kjit: translate_svc_sites pid 4701: 2 text ranges, 115 svc sites
[   97.565814] kjit: translate_svc_sites pid 4698: 2 text ranges, 115 svc sites
[   97.569137] kjit: translate_svc_sites pid 4703: 2 text ranges, 115 svc sites
[   97.572429] kjit: translate_svc_sites pid 4705: 2 text ranges, 115 svc sites
[   97.574844] kjit: translate_svc_sites pid 4702: 2 text ranges, 115 svc sites
[   97.784186] kjit: translate_svc_sites pid 4709: 2 text ranges, 115 svc sites
[   97.804772] kjit: translate_svc_sites pid 4712: 2 text ranges, 115 svc sites
[   97.806295] kjit: translate_svc_sites pid 4711: 2 text ranges, 115 svc sites
[   97.811608] kjit: translate_svc_sites pid 4715: 2 text ranges, 115 svc sites
[   97.812987] kjit: translate_svc_sites pid 4710: 2 text ranges, 115 svc sites
[   97.812988] kjit: translate_svc_sites pid 4708: 2 text ranges, 115 svc sites
[   97.814120] kjit: translate_svc_sites pid 4713: 2 text ranges, 115 svc sites
[   97.819914] kjit: translate_svc_sites pid 4714: 2 text ranges, 115 svc sites
[   98.030565] kjit: translate_svc_sites pid 4718: 2 text ranges, 115 svc sites
[   98.032557] kjit: translate_svc_sites pid 4720: 2 text ranges, 115 svc sites
[   98.034315] kjit: translate_svc_sites pid 4721: 2 text ranges, 115 svc sites
[   98.049402] kjit: translate_svc_sites pid 4725: 2 text ranges, 115 svc sites
[   98.065722] kjit: translate_svc_sites pid 4722: 2 text ranges, 115 svc sites
[   98.069222] kjit: translate_svc_sites pid 4724: 2 text ranges, 115 svc sites
[   98.069657] kjit: translate_svc_sites pid 4723: 2 text ranges, 115 svc sites
[   98.071216] kjit: translate_svc_sites pid 4719: 2 text ranges, 115 svc sites
[   98.280419] kjit: translate_svc_sites pid 4728: 2 text ranges, 115 svc sites
[   98.287021] kjit: translate_svc_sites pid 4732: 2 text ranges, 115 svc sites
[   98.290615] kjit: translate_svc_sites pid 4735: 2 text ranges, 115 svc sites
[   98.293575] kjit: translate_svc_sites pid 4733: 2 text ranges, 115 svc sites
[   98.296024] kjit: translate_svc_sites pid 4734: 2 text ranges, 115 svc sites
[   98.297680] kjit: translate_svc_sites pid 4730: 2 text ranges, 115 svc sites
[   98.300348] kjit: translate_svc_sites pid 4729: 2 text ranges, 115 svc sites
[   98.301731] kjit: translate_svc_sites pid 4731: 2 text ranges, 115 svc sites
[   98.508173] kjit: translate_svc_sites pid 4740: 2 text ranges, 115 svc sites
[   98.508672] kjit: translate_svc_sites pid 4744: 2 text ranges, 115 svc sites
[   98.513666] kjit: translate_svc_sites pid 4743: 2 text ranges, 115 svc sites
[   98.523241] kjit: translate_svc_sites pid 4741: 2 text ranges, 115 svc sites
[   98.526711] kjit: translate_svc_sites pid 4745: 2 text ranges, 115 svc sites
[   98.529426] kjit: translate_svc_sites pid 4739: 2 text ranges, 115 svc sites
[   98.530695] kjit: translate_svc_sites pid 4742: 2 text ranges, 115 svc sites
[   98.551420] kjit: translate_svc_sites pid 4738: 2 text ranges, 115 svc sites
[   98.764765] kjit: translate_svc_sites pid 4748: 2 text ranges, 115 svc sites
[   98.769058] kjit: translate_svc_sites pid 4750: 2 text ranges, 115 svc sites
[   98.770594] kjit: translate_svc_sites pid 4749: 2 text ranges, 115 svc sites
[   98.771550] kjit: translate_svc_sites pid 4753: 2 text ranges, 115 svc sites
[   98.775140] kjit: translate_svc_sites pid 4751: 2 text ranges, 115 svc sites
[   98.776090] kjit: translate_svc_sites pid 4752: 2 text ranges, 115 svc sites
[   98.788271] kjit: translate_svc_sites pid 4754: 2 text ranges, 115 svc sites
[   98.789852] kjit: translate_svc_sites pid 4755: 2 text ranges, 115 svc sites
[   98.993228] kjit: translate_svc_sites pid 4758: 2 text ranges, 115 svc sites
[   99.004619] kjit: translate_svc_sites pid 4763: 2 text ranges, 115 svc sites
[   99.011380] kjit: translate_svc_sites pid 4761: 2 text ranges, 115 svc sites
[   99.017167] kjit: translate_svc_sites pid 4760: 2 text ranges, 115 svc sites
[   99.023779] kjit: translate_svc_sites pid 4765: 2 text ranges, 115 svc sites
[   99.029024] kjit: translate_svc_sites pid 4759: 2 text ranges, 115 svc sites
[   99.032114] kjit: translate_svc_sites pid 4762: 2 text ranges, 115 svc sites
[   99.039271] kjit: translate_svc_sites pid 4764: 2 text ranges, 115 svc sites
[   99.254372] kjit: translate_svc_sites pid 4768: 2 text ranges, 115 svc sites
[   99.259104] kjit: translate_svc_sites pid 4772: 2 text ranges, 115 svc sites
[   99.260422] kjit: translate_svc_sites pid 4769: 2 text ranges, 115 svc sites
[   99.264047] kjit: translate_svc_sites pid 4771: 2 text ranges, 115 svc sites
[   99.276762] kjit: translate_svc_sites pid 4774: 2 text ranges, 115 svc sites
[   99.277451] kjit: translate_svc_sites pid 4770: 2 text ranges, 115 svc sites
[   99.279891] kjit: translate_svc_sites pid 4775: 2 text ranges, 115 svc sites
[   99.280698] kjit: translate_svc_sites pid 4773: 2 text ranges, 115 svc sites
[   99.475041] kjit: translate_svc_sites pid 4782: 2 text ranges, 115 svc sites
[   99.485110] kjit: translate_svc_sites pid 4779: 2 text ranges, 115 svc sites
[   99.486836] kjit: translate_svc_sites pid 4778: 2 text ranges, 115 svc sites
[   99.495724] kjit: translate_svc_sites pid 4780: 2 text ranges, 115 svc sites
[   99.496907] kjit: translate_svc_sites pid 4781: 2 text ranges, 115 svc sites
[   99.508719] kjit: translate_svc_sites pid 4785: 2 text ranges, 115 svc sites
[   99.510660] kjit: translate_svc_sites pid 4783: 2 text ranges, 115 svc sites
[   99.511163] kjit: translate_svc_sites pid 4784: 2 text ranges, 115 svc sites
fpb lat state=off rep=3 lat cpus=4 samples=79722 interval_us=1000 p50_us=15.3 p99_us=215.0 p999_us=1412.0 max_us=12754.0 gt100us=6294 gt1ms=92 gt5ms=10 max_cpu=1 preempted=0 brackets=0 run_max_ns=4141708
[  100.242621] kjit: translate_svc_sites pid 4809: 2 text ranges, 115 svc sites
[  100.243514] kjit: translate_svc_sites pid 4808: 2 text ranges, 115 svc sites
[  100.252555] kjit: translate_svc_sites pid 4810: 2 text ranges, 115 svc sites
[  100.255484] kjit: translate_svc_sites pid 4811: 2 text ranges, 115 svc sites
[  100.284259] kjit: translate_svc_sites pid 4814: 2 text ranges, 115 svc sites
[  100.287200] kjit: translate_svc_sites pid 4807: 2 text ranges, 115 svc sites
[  100.288723] kjit: translate_svc_sites pid 4812: 2 text ranges, 115 svc sites
[  100.291246] kjit: translate_svc_sites pid 4813: 2 text ranges, 115 svc sites
[  100.483299] kjit: translate_svc_sites pid 4822: 2 text ranges, 115 svc sites
[  100.495635] kjit: translate_svc_sites pid 4818: 2 text ranges, 115 svc sites
[  100.499253] kjit: translate_svc_sites pid 4819: 2 text ranges, 115 svc sites
[  100.517643] kjit: translate_svc_sites pid 4821: 2 text ranges, 115 svc sites
[  100.520886] kjit: translate_svc_sites pid 4824: 2 text ranges, 115 svc sites
[  100.529866] kjit: translate_svc_sites pid 4817: 2 text ranges, 115 svc sites
[  100.541939] kjit: translate_svc_sites pid 4823: 2 text ranges, 115 svc sites
[  100.546733] kjit: translate_svc_sites pid 4820: 2 text ranges, 115 svc sites
[  100.733872] kjit: translate_svc_sites pid 4827: 2 text ranges, 115 svc sites
[  100.739696] kjit: translate_svc_sites pid 4832: 2 text ranges, 115 svc sites
[  100.750114] kjit: translate_svc_sites pid 4831: 2 text ranges, 115 svc sites
[  100.755182] kjit: translate_svc_sites pid 4829: 2 text ranges, 115 svc sites
[  100.768016] kjit: translate_svc_sites pid 4833: 2 text ranges, 115 svc sites
[  100.782622] kjit: translate_svc_sites pid 4828: 2 text ranges, 115 svc sites
[  100.785067] kjit: translate_svc_sites pid 4830: 2 text ranges, 115 svc sites
[  100.787647] kjit: translate_svc_sites pid 4834: 2 text ranges, 115 svc sites
[  100.992581] kjit: translate_svc_sites pid 4840: 2 text ranges, 115 svc sites
[  101.001166] kjit: translate_svc_sites pid 4837: 2 text ranges, 115 svc sites
[  101.002677] kjit: translate_svc_sites pid 4839: 2 text ranges, 115 svc sites
[  101.004566] kjit: translate_svc_sites pid 4844: 2 text ranges, 115 svc sites
[  101.006699] kjit: translate_svc_sites pid 4841: 2 text ranges, 115 svc sites
[  101.008208] kjit: translate_svc_sites pid 4838: 2 text ranges, 115 svc sites
[  101.010232] kjit: translate_svc_sites pid 4842: 2 text ranges, 115 svc sites
[  101.010862] kjit: translate_svc_sites pid 4843: 2 text ranges, 115 svc sites
[  101.221372] kjit: translate_svc_sites pid 4852: 2 text ranges, 115 svc sites
[  101.228204] kjit: translate_svc_sites pid 4848: 2 text ranges, 115 svc sites
[  101.241827] kjit: translate_svc_sites pid 4853: 2 text ranges, 115 svc sites
[  101.244746] kjit: translate_svc_sites pid 4851: 2 text ranges, 115 svc sites
[  101.249664] kjit: translate_svc_sites pid 4847: 2 text ranges, 115 svc sites
[  101.258867] kjit: translate_svc_sites pid 4849: 2 text ranges, 115 svc sites
[  101.262680] kjit: translate_svc_sites pid 4854: 2 text ranges, 115 svc sites
[  101.267003] kjit: translate_svc_sites pid 4850: 2 text ranges, 115 svc sites
[  101.482233] kjit: translate_svc_sites pid 4863: 2 text ranges, 115 svc sites
[  101.483237] kjit: translate_svc_sites pid 4858: 2 text ranges, 115 svc sites
[  101.488341] kjit: translate_svc_sites pid 4857: 2 text ranges, 115 svc sites
[  101.491046] kjit: translate_svc_sites pid 4861: 2 text ranges, 115 svc sites
[  101.492860] kjit: translate_svc_sites pid 4859: 2 text ranges, 115 svc sites
[  101.494438] kjit: translate_svc_sites pid 4864: 2 text ranges, 115 svc sites
[  101.494576] kjit: translate_svc_sites pid 4860: 2 text ranges, 115 svc sites
[  101.499079] kjit: translate_svc_sites pid 4862: 2 text ranges, 115 svc sites
[  101.710372] kjit: translate_svc_sites pid 4870: 2 text ranges, 115 svc sites
[  101.713540] kjit: translate_svc_sites pid 4869: 2 text ranges, 115 svc sites
[  101.721296] kjit: translate_svc_sites pid 4873: 2 text ranges, 115 svc sites
[  101.721981] kjit: translate_svc_sites pid 4874: 2 text ranges, 115 svc sites
[  101.743787] kjit: translate_svc_sites pid 4872: 2 text ranges, 115 svc sites
[  101.753119] kjit: translate_svc_sites pid 4867: 2 text ranges, 115 svc sites
[  101.760454] kjit: translate_svc_sites pid 4871: 2 text ranges, 115 svc sites
[  101.766263] kjit: translate_svc_sites pid 4868: 2 text ranges, 115 svc sites
[  101.955711] kjit: translate_svc_sites pid 4882: 2 text ranges, 115 svc sites
[  101.977280] kjit: translate_svc_sites pid 4884: 2 text ranges, 115 svc sites
[  101.978328] kjit: translate_svc_sites pid 4885: 2 text ranges, 115 svc sites
[  101.979471] kjit: translate_svc_sites pid 4883: 2 text ranges, 115 svc sites
[  101.985306] kjit: translate_svc_sites pid 4886: 2 text ranges, 115 svc sites
[  101.985762] kjit: translate_svc_sites pid 4889: 2 text ranges, 115 svc sites
[  101.986186] kjit: translate_svc_sites pid 4887: 2 text ranges, 115 svc sites
[  101.989296] kjit: translate_svc_sites pid 4888: 2 text ranges, 115 svc sites
[  102.213410] kjit: translate_svc_sites pid 4898: 2 text ranges, 115 svc sites
[  102.223946] kjit: translate_svc_sites pid 4894: 2 text ranges, 115 svc sites
[  102.226662] kjit: translate_svc_sites pid 4892: 2 text ranges, 115 svc sites
[  102.241949] kjit: translate_svc_sites pid 4895: 2 text ranges, 115 svc sites
[  102.248405] kjit: translate_svc_sites pid 4893: 2 text ranges, 115 svc sites
[  102.249291] kjit: translate_svc_sites pid 4896: 2 text ranges, 115 svc sites
[  102.252431] kjit: translate_svc_sites pid 4897: 2 text ranges, 115 svc sites
[  102.252953] kjit: translate_svc_sites pid 4899: 2 text ranges, 115 svc sites
[  102.440737] kjit: translate_svc_sites pid 4905: 2 text ranges, 115 svc sites
[  102.445665] kjit: translate_svc_sites pid 4906: 2 text ranges, 115 svc sites
[  102.450757] kjit: translate_svc_sites pid 4908: 2 text ranges, 115 svc sites
[  102.452229] kjit: translate_svc_sites pid 4907: 2 text ranges, 115 svc sites
[  102.469702] kjit: translate_svc_sites pid 4909: 2 text ranges, 115 svc sites
[  102.474267] kjit: translate_svc_sites pid 4910: 2 text ranges, 115 svc sites
[  102.477066] kjit: translate_svc_sites pid 4911: 2 text ranges, 115 svc sites
[  102.479762] kjit: translate_svc_sites pid 4904: 2 text ranges, 115 svc sites
[  102.677893] kjit: translate_svc_sites pid 4917: 2 text ranges, 115 svc sites
[  102.689749] kjit: translate_svc_sites pid 4914: 2 text ranges, 115 svc sites
[  102.695742] kjit: translate_svc_sites pid 4915: 2 text ranges, 115 svc sites
[  102.701361] kjit: translate_svc_sites pid 4921: 2 text ranges, 115 svc sites
[  102.704638] kjit: translate_svc_sites pid 4918: 2 text ranges, 115 svc sites
[  102.709140] kjit: translate_svc_sites pid 4916: 2 text ranges, 115 svc sites
[  102.711000] kjit: translate_svc_sites pid 4919: 2 text ranges, 115 svc sites
[  102.715678] kjit: translate_svc_sites pid 4920: 2 text ranges, 115 svc sites
[  102.906061] kjit: translate_svc_sites pid 4931: 2 text ranges, 115 svc sites
[  102.926697] kjit: translate_svc_sites pid 4927: 2 text ranges, 115 svc sites
[  102.932435] kjit: translate_svc_sites pid 4930: 2 text ranges, 115 svc sites
[  102.934788] kjit: translate_svc_sites pid 4925: 2 text ranges, 115 svc sites
[  102.952343] kjit: translate_svc_sites pid 4926: 2 text ranges, 115 svc sites
[  102.960215] kjit: translate_svc_sites pid 4929: 2 text ranges, 115 svc sites
[  102.962170] kjit: translate_svc_sites pid 4924: 2 text ranges, 115 svc sites
[  102.967010] kjit: translate_svc_sites pid 4928: 2 text ranges, 115 svc sites
[  103.169403] kjit: translate_svc_sites pid 4938: 2 text ranges, 115 svc sites
[  103.175359] kjit: translate_svc_sites pid 4935: 2 text ranges, 115 svc sites
[  103.177816] kjit: translate_svc_sites pid 4940: 2 text ranges, 115 svc sites
[  103.198638] kjit: translate_svc_sites pid 4937: 2 text ranges, 115 svc sites
[  103.203816] kjit: translate_svc_sites pid 4941: 2 text ranges, 115 svc sites
[  103.208602] kjit: translate_svc_sites pid 4934: 2 text ranges, 115 svc sites
[  103.221848] kjit: translate_svc_sites pid 4936: 2 text ranges, 115 svc sites
[  103.228837] kjit: translate_svc_sites pid 4939: 2 text ranges, 115 svc sites
[  103.406728] kjit: translate_svc_sites pid 4950: 2 text ranges, 115 svc sites
[  103.427160] kjit: translate_svc_sites pid 4948: 2 text ranges, 115 svc sites
[  103.430655] kjit: translate_svc_sites pid 4946: 2 text ranges, 115 svc sites
[  103.430753] kjit: translate_svc_sites pid 4945: 2 text ranges, 115 svc sites
[  103.434947] kjit: translate_svc_sites pid 4949: 2 text ranges, 115 svc sites
[  103.435495] kjit: translate_svc_sites pid 4944: 2 text ranges, 115 svc sites
[  103.442870] kjit: translate_svc_sites pid 4951: 2 text ranges, 115 svc sites
[  103.445521] kjit: translate_svc_sites pid 4947: 2 text ranges, 115 svc sites
[  103.636662] kjit: translate_svc_sites pid 4956: 2 text ranges, 115 svc sites
[  103.654123] kjit: translate_svc_sites pid 4954: 2 text ranges, 115 svc sites
[  103.666260] kjit: translate_svc_sites pid 4959: 2 text ranges, 115 svc sites
[  103.668942] kjit: translate_svc_sites pid 4958: 2 text ranges, 115 svc sites
[  103.670881] kjit: translate_svc_sites pid 4955: 2 text ranges, 115 svc sites
[  103.675096] kjit: translate_svc_sites pid 4960: 2 text ranges, 115 svc sites
[  103.678597] kjit: translate_svc_sites pid 4957: 2 text ranges, 115 svc sites
[  103.679430] kjit: translate_svc_sites pid 4961: 2 text ranges, 115 svc sites
[  103.899357] kjit: translate_svc_sites pid 4967: 2 text ranges, 115 svc sites
[  103.901824] kjit: translate_svc_sites pid 4969: 2 text ranges, 115 svc sites
[  103.905195] kjit: translate_svc_sites pid 4966: 2 text ranges, 115 svc sites
[  103.906739] kjit: translate_svc_sites pid 4965: 2 text ranges, 115 svc sites
[  103.907450] kjit: translate_svc_sites pid 4970: 2 text ranges, 115 svc sites
[  103.909733] kjit: translate_svc_sites pid 4968: 2 text ranges, 115 svc sites
[  103.910098] kjit: translate_svc_sites pid 4971: 2 text ranges, 115 svc sites
[  103.912008] kjit: translate_svc_sites pid 4964: 2 text ranges, 115 svc sites
[  104.112030] kjit: translate_svc_sites pid 4976: 2 text ranges, 115 svc sites
[  104.125772] kjit: translate_svc_sites pid 4977: 2 text ranges, 115 svc sites
[  104.127320] kjit: translate_svc_sites pid 4974: 2 text ranges, 115 svc sites
[  104.132260] kjit: translate_svc_sites pid 4979: 2 text ranges, 115 svc sites
[  104.133057] kjit: translate_svc_sites pid 4975: 2 text ranges, 115 svc sites
[  104.134529] kjit: translate_svc_sites pid 4978: 2 text ranges, 115 svc sites
[  104.160005] kjit: translate_svc_sites pid 4981: 2 text ranges, 115 svc sites
[  104.168367] kjit: translate_svc_sites pid 4980: 2 text ranges, 115 svc sites
[  104.355820] kjit: translate_svc_sites pid 4984: 2 text ranges, 115 svc sites
[  104.359397] kjit: translate_svc_sites pid 4986: 2 text ranges, 115 svc sites
[  104.387753] kjit: translate_svc_sites pid 4985: 2 text ranges, 115 svc sites
[  104.388666] kjit: translate_svc_sites pid 4991: 2 text ranges, 115 svc sites
[  104.393225] kjit: translate_svc_sites pid 4989: 2 text ranges, 115 svc sites
[  104.394332] kjit: translate_svc_sites pid 4990: 2 text ranges, 115 svc sites
[  104.397202] kjit: translate_svc_sites pid 4988: 2 text ranges, 115 svc sites
[  104.398276] kjit: translate_svc_sites pid 4987: 2 text ranges, 115 svc sites
[  104.605852] kjit: translate_svc_sites pid 5001: 2 text ranges, 115 svc sites
[  104.619987] kjit: translate_svc_sites pid 4995: 2 text ranges, 115 svc sites
[  104.621757] kjit: translate_svc_sites pid 4994: 2 text ranges, 115 svc sites
[  104.623488] kjit: translate_svc_sites pid 4996: 2 text ranges, 115 svc sites
[  104.626797] kjit: translate_svc_sites pid 4998: 2 text ranges, 115 svc sites
[  104.631767] kjit: translate_svc_sites pid 5000: 2 text ranges, 115 svc sites
[  104.632636] kjit: translate_svc_sites pid 4999: 2 text ranges, 115 svc sites
[  104.633621] kjit: translate_svc_sites pid 4997: 2 text ranges, 115 svc sites
[  104.837481] kjit: translate_svc_sites pid 5011: 2 text ranges, 115 svc sites
[  104.844671] kjit: translate_svc_sites pid 5005: 2 text ranges, 115 svc sites
[  104.848565] kjit: translate_svc_sites pid 5006: 2 text ranges, 115 svc sites
[  104.856102] kjit: translate_svc_sites pid 5008: 2 text ranges, 115 svc sites
[  104.857098] kjit: translate_svc_sites pid 5007: 2 text ranges, 115 svc sites
[  104.857810] kjit: translate_svc_sites pid 5009: 2 text ranges, 115 svc sites
[  104.863833] kjit: translate_svc_sites pid 5004: 2 text ranges, 115 svc sites
[  104.868088] kjit: translate_svc_sites pid 5010: 2 text ranges, 115 svc sites
[  105.063273] kjit: translate_svc_sites pid 5015: 2 text ranges, 115 svc sites
[  105.075463] kjit: translate_svc_sites pid 5017: 2 text ranges, 115 svc sites
[  105.077150] kjit: translate_svc_sites pid 5014: 2 text ranges, 115 svc sites
[  105.085734] kjit: translate_svc_sites pid 5019: 2 text ranges, 115 svc sites
[  105.090677] kjit: translate_svc_sites pid 5021: 2 text ranges, 115 svc sites
[  105.125189] kjit: translate_svc_sites pid 5016: 2 text ranges, 115 svc sites
[  105.130773] kjit: translate_svc_sites pid 5018: 2 text ranges, 115 svc sites
[  105.140848] kjit: translate_svc_sites pid 5020: 2 text ranges, 115 svc sites
[  105.332482] kjit: translate_svc_sites pid 5026: 2 text ranges, 115 svc sites
[  105.334872] kjit: translate_svc_sites pid 5030: 2 text ranges, 115 svc sites
[  105.341659] kjit: translate_svc_sites pid 5028: 2 text ranges, 115 svc sites
[  105.342244] kjit: translate_svc_sites pid 5031: 2 text ranges, 115 svc sites
[  105.343682] kjit: translate_svc_sites pid 5025: 2 text ranges, 115 svc sites
[  105.346774] kjit: translate_svc_sites pid 5024: 2 text ranges, 115 svc sites
[  105.347851] kjit: translate_svc_sites pid 5027: 2 text ranges, 115 svc sites
[  105.353899] kjit: translate_svc_sites pid 5029: 2 text ranges, 115 svc sites
[  105.536763] kjit: translate_svc_sites pid 5035: 2 text ranges, 115 svc sites
[  105.552552] kjit: translate_svc_sites pid 5034: 2 text ranges, 115 svc sites
[  105.570023] kjit: translate_svc_sites pid 5037: 2 text ranges, 115 svc sites
[  105.575608] kjit: translate_svc_sites pid 5038: 2 text ranges, 115 svc sites
[  105.577396] kjit: translate_svc_sites pid 5036: 2 text ranges, 115 svc sites
[  105.581809] kjit: translate_svc_sites pid 5041: 2 text ranges, 115 svc sites
[  105.588334] kjit: translate_svc_sites pid 5039: 2 text ranges, 115 svc sites
[  105.590215] kjit: translate_svc_sites pid 5040: 2 text ranges, 115 svc sites
[  105.771114] kjit: translate_svc_sites pid 5050: 2 text ranges, 115 svc sites
[  105.774633] kjit: translate_svc_sites pid 5044: 2 text ranges, 115 svc sites
[  105.778433] kjit: translate_svc_sites pid 5045: 2 text ranges, 115 svc sites
[  105.783232] kjit: translate_svc_sites pid 5046: 2 text ranges, 115 svc sites
[  105.795442] kjit: translate_svc_sites pid 5049: 2 text ranges, 115 svc sites
[  105.799309] kjit: translate_svc_sites pid 5051: 2 text ranges, 115 svc sites
[  105.802368] kjit: translate_svc_sites pid 5047: 2 text ranges, 115 svc sites
[  105.803495] kjit: translate_svc_sites pid 5048: 2 text ranges, 115 svc sites
[  105.992434] kjit: translate_svc_sites pid 5057: 2 text ranges, 115 svc sites
[  106.002402] kjit: translate_svc_sites pid 5058: 2 text ranges, 115 svc sites
[  106.004581] kjit: translate_svc_sites pid 5055: 2 text ranges, 115 svc sites
[  106.010519] kjit: translate_svc_sites pid 5059: 2 text ranges, 115 svc sites
[  106.014390] kjit: translate_svc_sites pid 5056: 2 text ranges, 115 svc sites
[  106.025167] kjit: translate_svc_sites pid 5054: 2 text ranges, 115 svc sites
[  106.025700] kjit: translate_svc_sites pid 5060: 2 text ranges, 115 svc sites
[  106.027051] kjit: translate_svc_sites pid 5061: 2 text ranges, 115 svc sites
[  106.225734] kjit: translate_svc_sites pid 5066: 2 text ranges, 115 svc sites
[  106.232442] kjit: translate_svc_sites pid 5065: 2 text ranges, 115 svc sites
[  106.234666] kjit: translate_svc_sites pid 5064: 2 text ranges, 115 svc sites
[  106.240306] kjit: translate_svc_sites pid 5069: 2 text ranges, 115 svc sites
[  106.243103] kjit: translate_svc_sites pid 5070: 2 text ranges, 115 svc sites
[  106.244366] kjit: translate_svc_sites pid 5067: 2 text ranges, 115 svc sites
[  106.253350] kjit: translate_svc_sites pid 5068: 2 text ranges, 115 svc sites
[  106.255386] kjit: translate_svc_sites pid 5071: 2 text ranges, 115 svc sites
[  106.460358] kjit: translate_svc_sites pid 5080: 2 text ranges, 115 svc sites
[  106.473048] kjit: translate_svc_sites pid 5077: 2 text ranges, 115 svc sites
[  106.474548] kjit: translate_svc_sites pid 5081: 2 text ranges, 115 svc sites
[  106.476203] kjit: translate_svc_sites pid 5076: 2 text ranges, 115 svc sites
[  106.477358] kjit: translate_svc_sites pid 5075: 2 text ranges, 115 svc sites
[  106.482552] kjit: translate_svc_sites pid 5074: 2 text ranges, 115 svc sites
[  106.492300] kjit: translate_svc_sites pid 5079: 2 text ranges, 115 svc sites
[  106.497141] kjit: translate_svc_sites pid 5078: 2 text ranges, 115 svc sites
[  106.694870] kjit: translate_svc_sites pid 5084: 2 text ranges, 115 svc sites
[  106.711207] kjit: translate_svc_sites pid 5086: 2 text ranges, 115 svc sites
[  106.712535] kjit: translate_svc_sites pid 5087: 2 text ranges, 115 svc sites
[  106.722786] kjit: translate_svc_sites pid 5085: 2 text ranges, 115 svc sites
[  106.723455] kjit: translate_svc_sites pid 5088: 2 text ranges, 115 svc sites
[  106.726607] kjit: translate_svc_sites pid 5091: 2 text ranges, 115 svc sites
[  106.730139] kjit: translate_svc_sites pid 5089: 2 text ranges, 115 svc sites
[  106.731714] kjit: translate_svc_sites pid 5090: 2 text ranges, 115 svc sites
[  106.919786] kjit: translate_svc_sites pid 5095: 2 text ranges, 115 svc sites
[  106.935750] kjit: translate_svc_sites pid 5096: 2 text ranges, 115 svc sites
[  106.939256] kjit: translate_svc_sites pid 5094: 2 text ranges, 115 svc sites
[  106.941825] kjit: translate_svc_sites pid 5099: 2 text ranges, 115 svc sites
[  106.944669] kjit: translate_svc_sites pid 5098: 2 text ranges, 115 svc sites
[  106.950534] kjit: translate_svc_sites pid 5097: 2 text ranges, 115 svc sites
[  106.959699] kjit: translate_svc_sites pid 5101: 2 text ranges, 115 svc sites
[  106.960709] kjit: translate_svc_sites pid 5100: 2 text ranges, 115 svc sites
[  107.162756] kjit: translate_svc_sites pid 5105: 2 text ranges, 115 svc sites
[  107.165826] kjit: translate_svc_sites pid 5106: 2 text ranges, 115 svc sites
[  107.178801] kjit: translate_svc_sites pid 5104: 2 text ranges, 115 svc sites
[  107.193453] kjit: translate_svc_sites pid 5108: 2 text ranges, 115 svc sites
[  107.194308] kjit: translate_svc_sites pid 5110: 2 text ranges, 115 svc sites
[  107.199351] kjit: translate_svc_sites pid 5107: 2 text ranges, 115 svc sites
[  107.201770] kjit: translate_svc_sites pid 5109: 2 text ranges, 115 svc sites
[  107.202193] kjit: translate_svc_sites pid 5111: 2 text ranges, 115 svc sites
[  107.399541] kjit: translate_svc_sites pid 5119: 2 text ranges, 115 svc sites
[  107.404902] kjit: translate_svc_sites pid 5120: 2 text ranges, 115 svc sites
[  107.408491] kjit: translate_svc_sites pid 5115: 2 text ranges, 115 svc sites
[  107.409797] kjit: translate_svc_sites pid 5118: 2 text ranges, 115 svc sites
[  107.412233] kjit: translate_svc_sites pid 5116: 2 text ranges, 115 svc sites
[  107.417426] kjit: translate_svc_sites pid 5114: 2 text ranges, 115 svc sites
[  107.420675] kjit: translate_svc_sites pid 5117: 2 text ranges, 115 svc sites
[  107.431446] kjit: translate_svc_sites pid 5121: 2 text ranges, 115 svc sites
[  107.633018] kjit: translate_svc_sites pid 5126: 2 text ranges, 115 svc sites
[  107.635565] kjit: translate_svc_sites pid 5130: 2 text ranges, 115 svc sites
[  107.637281] kjit: translate_svc_sites pid 5129: 2 text ranges, 115 svc sites
[  107.641475] kjit: translate_svc_sites pid 5125: 2 text ranges, 115 svc sites
[  107.643104] kjit: translate_svc_sites pid 5131: 2 text ranges, 115 svc sites
[  107.648226] kjit: translate_svc_sites pid 5124: 2 text ranges, 115 svc sites
[  107.652510] kjit: translate_svc_sites pid 5127: 2 text ranges, 115 svc sites
[  107.654533] kjit: translate_svc_sites pid 5128: 2 text ranges, 115 svc sites
[  107.864649] kjit: translate_svc_sites pid 5136: 2 text ranges, 115 svc sites
[  107.867679] kjit: translate_svc_sites pid 5137: 2 text ranges, 115 svc sites
[  107.899130] kjit: translate_svc_sites pid 5138: 2 text ranges, 115 svc sites
[  107.904029] kjit: translate_svc_sites pid 5139: 2 text ranges, 115 svc sites
[  107.908454] kjit: translate_svc_sites pid 5141: 2 text ranges, 115 svc sites
[  107.910861] kjit: translate_svc_sites pid 5140: 2 text ranges, 115 svc sites
[  107.911545] kjit: translate_svc_sites pid 5134: 2 text ranges, 115 svc sites
[  107.917779] kjit: translate_svc_sites pid 5135: 2 text ranges, 115 svc sites
[  108.111794] kjit: translate_svc_sites pid 5152: 2 text ranges, 115 svc sites
[  108.115851] kjit: translate_svc_sites pid 5148: 2 text ranges, 115 svc sites
[  108.123202] kjit: translate_svc_sites pid 5149: 2 text ranges, 115 svc sites
[  108.124877] kjit: translate_svc_sites pid 5147: 2 text ranges, 115 svc sites
[  108.132983] kjit: translate_svc_sites pid 5151: 2 text ranges, 115 svc sites
[  108.139250] kjit: translate_svc_sites pid 5153: 2 text ranges, 115 svc sites
[  108.154228] kjit: translate_svc_sites pid 5150: 2 text ranges, 115 svc sites
[  108.155663] kjit: translate_svc_sites pid 5154: 2 text ranges, 115 svc sites
[  108.343854] kjit: translate_svc_sites pid 5163: 2 text ranges, 115 svc sites
[  108.347863] kjit: translate_svc_sites pid 5164: 2 text ranges, 115 svc sites
[  108.354699] kjit: translate_svc_sites pid 5166: 2 text ranges, 115 svc sites
[  108.371190] kjit: translate_svc_sites pid 5162: 2 text ranges, 115 svc sites
[  108.381365] kjit: translate_svc_sites pid 5161: 2 text ranges, 115 svc sites
[  108.399996] kjit: translate_svc_sites pid 5167: 2 text ranges, 115 svc sites
[  108.407775] kjit: translate_svc_sites pid 5165: 2 text ranges, 115 svc sites
[  108.416930] kjit: translate_svc_sites pid 5160: 2 text ranges, 115 svc sites
[  108.604802] kjit: translate_svc_sites pid 5174: 2 text ranges, 115 svc sites
[  108.612215] kjit: translate_svc_sites pid 5171: 2 text ranges, 115 svc sites
[  108.621199] kjit: translate_svc_sites pid 5173: 2 text ranges, 115 svc sites
[  108.624474] kjit: translate_svc_sites pid 5172: 2 text ranges, 115 svc sites
[  108.628538] kjit: translate_svc_sites pid 5175: 2 text ranges, 115 svc sites
[  108.630512] kjit: translate_svc_sites pid 5176: 2 text ranges, 115 svc sites
[  108.636765] kjit: translate_svc_sites pid 5177: 2 text ranges, 115 svc sites
[  108.637856] kjit: translate_svc_sites pid 5170: 2 text ranges, 115 svc sites
[  108.841668] kjit: translate_svc_sites pid 5181: 2 text ranges, 115 svc sites
[  108.847890] kjit: translate_svc_sites pid 5183: 2 text ranges, 115 svc sites
[  108.868719] kjit: translate_svc_sites pid 5180: 2 text ranges, 115 svc sites
[  108.872129] kjit: translate_svc_sites pid 5186: 2 text ranges, 115 svc sites
[  108.873521] kjit: translate_svc_sites pid 5187: 2 text ranges, 115 svc sites
[  108.876337] kjit: translate_svc_sites pid 5184: 2 text ranges, 115 svc sites
[  108.877396] kjit: translate_svc_sites pid 5182: 2 text ranges, 115 svc sites
[  108.898128] kjit: translate_svc_sites pid 5185: 2 text ranges, 115 svc sites
[  109.100295] kjit: translate_svc_sites pid 5191: 2 text ranges, 115 svc sites
[  109.114937] kjit: translate_svc_sites pid 5196: 2 text ranges, 115 svc sites
[  109.117486] kjit: translate_svc_sites pid 5190: 2 text ranges, 115 svc sites
[  109.122498] kjit: translate_svc_sites pid 5192: 2 text ranges, 115 svc sites
[  109.124183] kjit: translate_svc_sites pid 5197: 2 text ranges, 115 svc sites
[  109.125355] kjit: translate_svc_sites pid 5194: 2 text ranges, 115 svc sites
[  109.129411] kjit: translate_svc_sites pid 5195: 2 text ranges, 115 svc sites
[  109.137813] kjit: translate_svc_sites pid 5193: 2 text ranges, 115 svc sites
[  109.346991] kjit: translate_svc_sites pid 5201: 2 text ranges, 115 svc sites
[  109.350695] kjit: translate_svc_sites pid 5205: 2 text ranges, 115 svc sites
[  109.365637] kjit: translate_svc_sites pid 5202: 2 text ranges, 115 svc sites
[  109.366252] kjit: translate_svc_sites pid 5207: 2 text ranges, 115 svc sites
[  109.375994] kjit: translate_svc_sites pid 5200: 2 text ranges, 115 svc sites
[  109.385359] kjit: translate_svc_sites pid 5206: 2 text ranges, 115 svc sites
[  109.387944] kjit: translate_svc_sites pid 5203: 2 text ranges, 115 svc sites
[  109.389806] kjit: translate_svc_sites pid 5204: 2 text ranges, 115 svc sites
[  109.600482] kjit: translate_svc_sites pid 5210: 2 text ranges, 115 svc sites
[  109.613065] kjit: translate_svc_sites pid 5215: 2 text ranges, 115 svc sites
[  109.623386] kjit: translate_svc_sites pid 5217: 2 text ranges, 115 svc sites
[  109.625398] kjit: translate_svc_sites pid 5212: 2 text ranges, 115 svc sites
[  109.628675] kjit: translate_svc_sites pid 5214: 2 text ranges, 115 svc sites
[  109.639039] kjit: translate_svc_sites pid 5211: 2 text ranges, 115 svc sites
[  109.641798] kjit: translate_svc_sites pid 5216: 2 text ranges, 115 svc sites
[  109.650722] kjit: translate_svc_sites pid 5213: 2 text ranges, 115 svc sites
[  109.859435] kjit: translate_svc_sites pid 5226: 2 text ranges, 115 svc sites
[  109.866229] kjit: translate_svc_sites pid 5224: 2 text ranges, 115 svc sites
[  109.869256] kjit: translate_svc_sites pid 5220: 2 text ranges, 115 svc sites
[  109.873248] kjit: translate_svc_sites pid 5222: 2 text ranges, 115 svc sites
[  109.874149] kjit: translate_svc_sites pid 5221: 2 text ranges, 115 svc sites
[  109.874634] kjit: translate_svc_sites pid 5225: 2 text ranges, 115 svc sites
[  109.882545] kjit: translate_svc_sites pid 5223: 2 text ranges, 115 svc sites
[  109.883014] kjit: translate_svc_sites pid 5227: 2 text ranges, 115 svc sites
[  110.087550] kjit: translate_svc_sites pid 5231: 2 text ranges, 115 svc sites
[  110.093606] kjit: translate_svc_sites pid 5232: 2 text ranges, 115 svc sites
[  110.094401] kjit: translate_svc_sites pid 5236: 2 text ranges, 115 svc sites
[  110.095070] kjit: translate_svc_sites pid 5237: 2 text ranges, 115 svc sites
[  110.109230] kjit: translate_svc_sites pid 5233: 2 text ranges, 115 svc sites
[  110.113068] kjit: translate_svc_sites pid 5230: 2 text ranges, 115 svc sites
[  110.116371] kjit: translate_svc_sites pid 5235: 2 text ranges, 115 svc sites
[  110.122077] kjit: translate_svc_sites pid 5234: 2 text ranges, 115 svc sites
[  110.299993] kjit: translate_svc_sites pid 5240: 2 text ranges, 115 svc sites
[  110.312991] kjit: translate_svc_sites pid 5242: 2 text ranges, 115 svc sites
[  110.315236] kjit: translate_svc_sites pid 5241: 2 text ranges, 115 svc sites
[  110.340236] kjit: translate_svc_sites pid 5244: 2 text ranges, 115 svc sites
[  110.342314] kjit: translate_svc_sites pid 5246: 2 text ranges, 115 svc sites
[  110.352603] kjit: translate_svc_sites pid 5243: 2 text ranges, 115 svc sites
[  110.358334] kjit: translate_svc_sites pid 5247: 2 text ranges, 115 svc sites
[  110.361160] kjit: translate_svc_sites pid 5245: 2 text ranges, 115 svc sites
[  110.546485] kjit: translate_svc_sites pid 5252: 2 text ranges, 115 svc sites
[  110.547700] kjit: translate_svc_sites pid 5251: 2 text ranges, 115 svc sites
[  110.558511] kjit: translate_svc_sites pid 5256: 2 text ranges, 115 svc sites
[  110.567729] kjit: translate_svc_sites pid 5257: 2 text ranges, 115 svc sites
[  110.586617] kjit: translate_svc_sites pid 5250: 2 text ranges, 115 svc sites
[  110.590120] kjit: translate_svc_sites pid 5253: 2 text ranges, 115 svc sites
[  110.592840] kjit: translate_svc_sites pid 5254: 2 text ranges, 115 svc sites
[  110.596794] kjit: translate_svc_sites pid 5255: 2 text ranges, 115 svc sites
[  110.805804] kjit: translate_svc_sites pid 5260: 2 text ranges, 115 svc sites
[  110.809280] kjit: translate_svc_sites pid 5263: 2 text ranges, 115 svc sites
[  110.810754] kjit: translate_svc_sites pid 5266: 2 text ranges, 115 svc sites
[  110.818820] kjit: translate_svc_sites pid 5261: 2 text ranges, 115 svc sites
[  110.825337] kjit: translate_svc_sites pid 5267: 2 text ranges, 115 svc sites
[  110.828247] kjit: translate_svc_sites pid 5262: 2 text ranges, 115 svc sites
[  110.829911] kjit: translate_svc_sites pid 5264: 2 text ranges, 115 svc sites
[  110.831000] kjit: translate_svc_sites pid 5265: 2 text ranges, 115 svc sites
[  111.010346] kjit: translate_svc_sites pid 5270: 2 text ranges, 115 svc sites
[  111.047788] kjit: translate_svc_sites pid 5271: 2 text ranges, 115 svc sites
[  111.051898] kjit: translate_svc_sites pid 5273: 2 text ranges, 115 svc sites
[  111.060803] kjit: translate_svc_sites pid 5277: 2 text ranges, 115 svc sites
[  111.066152] kjit: translate_svc_sites pid 5272: 2 text ranges, 115 svc sites
[  111.069329] kjit: translate_svc_sites pid 5274: 2 text ranges, 115 svc sites
[  111.070434] kjit: translate_svc_sites pid 5275: 2 text ranges, 115 svc sites
[  111.071198] kjit: translate_svc_sites pid 5276: 2 text ranges, 115 svc sites
[  111.272431] kjit: translate_svc_sites pid 5284: 2 text ranges, 115 svc sites
[  111.293759] kjit: translate_svc_sites pid 5287: 2 text ranges, 115 svc sites
[  111.303055] kjit: translate_svc_sites pid 5281: 2 text ranges, 115 svc sites
[  111.307175] kjit: translate_svc_sites pid 5280: 2 text ranges, 115 svc sites
[  111.311758] kjit: translate_svc_sites pid 5283: 2 text ranges, 115 svc sites
[  111.312731] kjit: translate_svc_sites pid 5285: 2 text ranges, 115 svc sites
[  111.314793] kjit: translate_svc_sites pid 5282: 2 text ranges, 115 svc sites
[  111.315850] kjit: translate_svc_sites pid 5286: 2 text ranges, 115 svc sites
[  111.526432] kjit: translate_svc_sites pid 5291: 2 text ranges, 115 svc sites
[  111.533672] kjit: translate_svc_sites pid 5290: 2 text ranges, 115 svc sites
[  111.539263] kjit: translate_svc_sites pid 5293: 2 text ranges, 115 svc sites
[  111.547815] kjit: translate_svc_sites pid 5295: 2 text ranges, 115 svc sites
[  111.557211] kjit: translate_svc_sites pid 5294: 2 text ranges, 115 svc sites
[  111.559975] kjit: translate_svc_sites pid 5297: 2 text ranges, 115 svc sites
[  111.560840] kjit: translate_svc_sites pid 5296: 2 text ranges, 115 svc sites
[  111.562038] kjit: translate_svc_sites pid 5292: 2 text ranges, 115 svc sites
[  111.740124] kjit: translate_svc_sites pid 5300: 2 text ranges, 115 svc sites
[  111.757162] kjit: translate_svc_sites pid 5302: 2 text ranges, 115 svc sites
[  111.768477] kjit: translate_svc_sites pid 5303: 2 text ranges, 115 svc sites
[  111.782482] kjit: translate_svc_sites pid 5301: 2 text ranges, 115 svc sites
[  111.788724] kjit: translate_svc_sites pid 5305: 2 text ranges, 115 svc sites
[  111.794584] kjit: translate_svc_sites pid 5307: 2 text ranges, 115 svc sites
[  111.795806] kjit: translate_svc_sites pid 5304: 2 text ranges, 115 svc sites
[  111.805731] kjit: translate_svc_sites pid 5306: 2 text ranges, 115 svc sites
[  112.001147] kjit: translate_svc_sites pid 5312: 2 text ranges, 115 svc sites
[  112.011219] kjit: translate_svc_sites pid 5311: 2 text ranges, 115 svc sites
[  112.023287] kjit: translate_svc_sites pid 5310: 2 text ranges, 115 svc sites
[  112.025393] kjit: translate_svc_sites pid 5316: 2 text ranges, 115 svc sites
[  112.029032] kjit: translate_svc_sites pid 5314: 2 text ranges, 115 svc sites
[  112.030758] kjit: translate_svc_sites pid 5317: 2 text ranges, 115 svc sites
[  112.032898] kjit: translate_svc_sites pid 5313: 2 text ranges, 115 svc sites
[  112.034307] kjit: translate_svc_sites pid 5315: 2 text ranges, 115 svc sites
[  112.251875] kjit: translate_svc_sites pid 5326: 2 text ranges, 115 svc sites
[  112.263045] kjit: translate_svc_sites pid 5321: 2 text ranges, 115 svc sites
[  112.268278] kjit: translate_svc_sites pid 5327: 2 text ranges, 115 svc sites
[  112.269428] kjit: translate_svc_sites pid 5324: 2 text ranges, 115 svc sites
[  112.271839] kjit: translate_svc_sites pid 5323: 2 text ranges, 115 svc sites
[  112.276401] kjit: translate_svc_sites pid 5325: 2 text ranges, 115 svc sites
[  112.277139] kjit: translate_svc_sites pid 5320: 2 text ranges, 115 svc sites
[  112.280756] kjit: translate_svc_sites pid 5322: 2 text ranges, 115 svc sites
[  112.478291] kjit: translate_svc_sites pid 5330: 2 text ranges, 115 svc sites
[  112.489882] kjit: translate_svc_sites pid 5331: 2 text ranges, 115 svc sites
[  112.494753] kjit: translate_svc_sites pid 5334: 2 text ranges, 115 svc sites
[  112.497257] kjit: translate_svc_sites pid 5332: 2 text ranges, 115 svc sites
[  112.508457] kjit: translate_svc_sites pid 5337: 2 text ranges, 115 svc sites
[  112.519220] kjit: translate_svc_sites pid 5333: 2 text ranges, 115 svc sites
[  112.519254] kjit: translate_svc_sites pid 5336: 2 text ranges, 115 svc sites
[  112.538746] kjit: translate_svc_sites pid 5335: 2 text ranges, 115 svc sites
[  112.737034] kjit: translate_svc_sites pid 5343: 2 text ranges, 115 svc sites
[  112.765478] kjit: translate_svc_sites pid 5345: 2 text ranges, 115 svc sites
[  112.766207] kjit: translate_svc_sites pid 5347: 2 text ranges, 115 svc sites
[  112.766844] kjit: translate_svc_sites pid 5342: 2 text ranges, 115 svc sites
[  112.769112] kjit: translate_svc_sites pid 5346: 2 text ranges, 115 svc sites
[  112.769642] kjit: translate_svc_sites pid 5344: 2 text ranges, 115 svc sites
[  112.773452] kjit: translate_svc_sites pid 5349: 2 text ranges, 115 svc sites
[  112.777521] kjit: translate_svc_sites pid 5348: 2 text ranges, 115 svc sites
[  112.984481] kjit: translate_svc_sites pid 5352: 2 text ranges, 115 svc sites
[  112.993303] kjit: translate_svc_sites pid 5355: 2 text ranges, 115 svc sites
[  113.004628] kjit: translate_svc_sites pid 5354: 2 text ranges, 115 svc sites
[  113.012226] kjit: translate_svc_sites pid 5356: 2 text ranges, 115 svc sites
[  113.014998] kjit: translate_svc_sites pid 5353: 2 text ranges, 115 svc sites
[  113.020967] kjit: translate_svc_sites pid 5357: 2 text ranges, 115 svc sites
[  113.026605] kjit: translate_svc_sites pid 5358: 2 text ranges, 115 svc sites
[  113.031487] kjit: translate_svc_sites pid 5359: 2 text ranges, 115 svc sites
[  113.234148] kjit: translate_svc_sites pid 5366: 2 text ranges, 115 svc sites
[  113.237904] kjit: translate_svc_sites pid 5362: 2 text ranges, 115 svc sites
[  113.251514] kjit: translate_svc_sites pid 5367: 2 text ranges, 115 svc sites
[  113.252417] kjit: translate_svc_sites pid 5363: 2 text ranges, 115 svc sites
[  113.256934] kjit: translate_svc_sites pid 5369: 2 text ranges, 115 svc sites
[  113.259176] kjit: translate_svc_sites pid 5364: 2 text ranges, 115 svc sites
[  113.260040] kjit: translate_svc_sites pid 5368: 2 text ranges, 115 svc sites
[  113.260925] kjit: translate_svc_sites pid 5365: 2 text ranges, 115 svc sites
[  113.463567] kjit: translate_svc_sites pid 5372: 2 text ranges, 115 svc sites
[  113.468574] kjit: translate_svc_sites pid 5374: 2 text ranges, 115 svc sites
[  113.474421] kjit: translate_svc_sites pid 5373: 2 text ranges, 115 svc sites
[  113.477711] kjit: translate_svc_sites pid 5375: 2 text ranges, 115 svc sites
[  113.485151] kjit: translate_svc_sites pid 5379: 2 text ranges, 115 svc sites
[  113.495054] kjit: translate_svc_sites pid 5378: 2 text ranges, 115 svc sites
[  113.498492] kjit: translate_svc_sites pid 5376: 2 text ranges, 115 svc sites
[  113.500803] kjit: translate_svc_sites pid 5377: 2 text ranges, 115 svc sites
[  113.722985] kjit: translate_svc_sites pid 5386: 2 text ranges, 115 svc sites
[  113.723741] kjit: translate_svc_sites pid 5383: 2 text ranges, 115 svc sites
[  113.724864] kjit: translate_svc_sites pid 5382: 2 text ranges, 115 svc sites
[  113.732543] kjit: translate_svc_sites pid 5388: 2 text ranges, 115 svc sites
[  113.733882] kjit: translate_svc_sites pid 5384: 2 text ranges, 115 svc sites
[  113.740987] kjit: translate_svc_sites pid 5389: 2 text ranges, 115 svc sites
[  113.741819] kjit: translate_svc_sites pid 5387: 2 text ranges, 115 svc sites
[  113.760822] kjit: translate_svc_sites pid 5385: 2 text ranges, 115 svc sites
[  113.967969] kjit: translate_svc_sites pid 5396: 2 text ranges, 115 svc sites
[  113.968470] kjit: translate_svc_sites pid 5399: 2 text ranges, 115 svc sites
[  113.978206] kjit: translate_svc_sites pid 5395: 2 text ranges, 115 svc sites
[  113.981948] kjit: translate_svc_sites pid 5393: 2 text ranges, 115 svc sites
[  113.984583] kjit: translate_svc_sites pid 5392: 2 text ranges, 115 svc sites
[  113.987270] kjit: translate_svc_sites pid 5397: 2 text ranges, 115 svc sites
[  113.987673] kjit: translate_svc_sites pid 5398: 2 text ranges, 115 svc sites
[  113.989251] kjit: translate_svc_sites pid 5394: 2 text ranges, 115 svc sites
[  114.211491] kjit: translate_svc_sites pid 5403: 2 text ranges, 115 svc sites
[  114.211570] kjit: translate_svc_sites pid 5404: 2 text ranges, 115 svc sites
[  114.218491] kjit: translate_svc_sites pid 5409: 2 text ranges, 115 svc sites
[  114.228967] kjit: translate_svc_sites pid 5407: 2 text ranges, 115 svc sites
[  114.236928] kjit: translate_svc_sites pid 5405: 2 text ranges, 115 svc sites
[  114.237541] kjit: translate_svc_sites pid 5402: 2 text ranges, 115 svc sites
[  114.241827] kjit: translate_svc_sites pid 5408: 2 text ranges, 115 svc sites
[  114.245909] kjit: translate_svc_sites pid 5406: 2 text ranges, 115 svc sites
[  114.439278] kjit: translate_svc_sites pid 5420: 2 text ranges, 115 svc sites
[  114.450959] kjit: translate_svc_sites pid 5421: 2 text ranges, 115 svc sites
[  114.451570] kjit: translate_svc_sites pid 5415: 2 text ranges, 115 svc sites
[  114.456796] kjit: translate_svc_sites pid 5416: 2 text ranges, 115 svc sites
[  114.465577] kjit: translate_svc_sites pid 5414: 2 text ranges, 115 svc sites
[  114.473338] kjit: translate_svc_sites pid 5419: 2 text ranges, 115 svc sites
[  114.482730] kjit: translate_svc_sites pid 5417: 2 text ranges, 115 svc sites
[  114.485341] kjit: translate_svc_sites pid 5418: 2 text ranges, 115 svc sites
[  114.684323] kjit: translate_svc_sites pid 5428: 2 text ranges, 115 svc sites
[  114.690625] kjit: translate_svc_sites pid 5433: 2 text ranges, 115 svc sites
[  114.693290] kjit: translate_svc_sites pid 5432: 2 text ranges, 115 svc sites
[  114.699256] kjit: translate_svc_sites pid 5426: 2 text ranges, 115 svc sites
[  114.706344] kjit: translate_svc_sites pid 5431: 2 text ranges, 115 svc sites
[  114.710623] kjit: translate_svc_sites pid 5429: 2 text ranges, 115 svc sites
[  114.717947] kjit: translate_svc_sites pid 5430: 2 text ranges, 115 svc sites
[  114.723013] kjit: translate_svc_sites pid 5427: 2 text ranges, 115 svc sites
[  114.931690] kjit: translate_svc_sites pid 5445: 2 text ranges, 115 svc sites
[  114.933383] kjit: translate_svc_sites pid 5443: 2 text ranges, 115 svc sites
[  114.950715] kjit: translate_svc_sites pid 5439: 2 text ranges, 115 svc sites
[  114.953939] kjit: translate_svc_sites pid 5442: 2 text ranges, 115 svc sites
[  114.956134] kjit: translate_svc_sites pid 5441: 2 text ranges, 115 svc sites
[  114.966537] kjit: translate_svc_sites pid 5438: 2 text ranges, 115 svc sites
[  114.972583] kjit: translate_svc_sites pid 5440: 2 text ranges, 115 svc sites
[  114.973291] kjit: translate_svc_sites pid 5444: 2 text ranges, 115 svc sites
[  115.173271] kjit: translate_svc_sites pid 5449: 2 text ranges, 115 svc sites
[  115.182232] kjit: translate_svc_sites pid 5452: 2 text ranges, 115 svc sites
[  115.184577] kjit: translate_svc_sites pid 5450: 2 text ranges, 115 svc sites
[  115.193308] kjit: translate_svc_sites pid 5451: 2 text ranges, 115 svc sites
[  115.194425] kjit: translate_svc_sites pid 5454: 2 text ranges, 115 svc sites
[  115.196774] kjit: translate_svc_sites pid 5448: 2 text ranges, 115 svc sites
[  115.212962] kjit: translate_svc_sites pid 5455: 2 text ranges, 115 svc sites
[  115.214653] kjit: translate_svc_sites pid 5453: 2 text ranges, 115 svc sites
[  115.396246] kjit: translate_svc_sites pid 5458: 2 text ranges, 115 svc sites
[  115.417917] kjit: translate_svc_sites pid 5459: 2 text ranges, 115 svc sites
[  115.429714] kjit: translate_svc_sites pid 5460: 2 text ranges, 115 svc sites
[  115.433732] kjit: translate_svc_sites pid 5464: 2 text ranges, 115 svc sites
[  115.435376] kjit: translate_svc_sites pid 5462: 2 text ranges, 115 svc sites
[  115.444650] kjit: translate_svc_sites pid 5463: 2 text ranges, 115 svc sites
[  115.449222] kjit: translate_svc_sites pid 5461: 2 text ranges, 115 svc sites
[  115.454762] kjit: translate_svc_sites pid 5465: 2 text ranges, 115 svc sites
[  115.658314] kjit: translate_svc_sites pid 5469: 2 text ranges, 115 svc sites
[  115.663787] kjit: translate_svc_sites pid 5471: 2 text ranges, 115 svc sites
[  115.674549] kjit: translate_svc_sites pid 5468: 2 text ranges, 115 svc sites
[  115.677197] kjit: translate_svc_sites pid 5474: 2 text ranges, 115 svc sites
[  115.681496] kjit: translate_svc_sites pid 5473: 2 text ranges, 115 svc sites
[  115.687245] kjit: translate_svc_sites pid 5475: 2 text ranges, 115 svc sites
[  115.688226] kjit: translate_svc_sites pid 5470: 2 text ranges, 115 svc sites
[  115.689130] kjit: translate_svc_sites pid 5472: 2 text ranges, 115 svc sites
[  115.873981] kjit: translate_svc_sites pid 5478: 2 text ranges, 115 svc sites
[  115.887055] kjit: translate_svc_sites pid 5480: 2 text ranges, 115 svc sites
[  115.898117] kjit: translate_svc_sites pid 5483: 2 text ranges, 115 svc sites
[  115.905361] kjit: translate_svc_sites pid 5485: 2 text ranges, 115 svc sites
[  115.933905] kjit: translate_svc_sites pid 5484: 2 text ranges, 115 svc sites
[  115.937448] kjit: translate_svc_sites pid 5479: 2 text ranges, 115 svc sites
[  115.945050] kjit: translate_svc_sites pid 5482: 2 text ranges, 115 svc sites
[  115.947848] kjit: translate_svc_sites pid 5481: 2 text ranges, 115 svc sites
[  116.139902] kjit: translate_svc_sites pid 5502: 2 text ranges, 115 svc sites
[  116.147837] kjit: translate_svc_sites pid 5503: 2 text ranges, 115 svc sites
[  116.148741] kjit: translate_svc_sites pid 5499: 2 text ranges, 115 svc sites
[  116.150194] kjit: translate_svc_sites pid 5504: 2 text ranges, 115 svc sites
[  116.158497] kjit: translate_svc_sites pid 5505: 2 text ranges, 115 svc sites
[  116.203176] kjit: translate_svc_sites pid 5498: 2 text ranges, 115 svc sites
[  116.209197] kjit: translate_svc_sites pid 5500: 2 text ranges, 115 svc sites
[  116.228477] kjit: translate_svc_sites pid 5501: 2 text ranges, 115 svc sites
[  116.386130] kjit: translate_svc_sites pid 5509: 2 text ranges, 115 svc sites
[  116.411361] kjit: translate_svc_sites pid 5516: 2 text ranges, 115 svc sites
[  116.418336] kjit: translate_svc_sites pid 5511: 2 text ranges, 115 svc sites
[  116.419497] kjit: translate_svc_sites pid 5512: 2 text ranges, 115 svc sites
[  116.419968] kjit: translate_svc_sites pid 5513: 2 text ranges, 115 svc sites
[  116.430252] kjit: translate_svc_sites pid 5510: 2 text ranges, 115 svc sites
[  116.431430] kjit: translate_svc_sites pid 5514: 2 text ranges, 115 svc sites
[  116.435663] kjit: translate_svc_sites pid 5515: 2 text ranges, 115 svc sites
[  116.621378] kjit: translate_svc_sites pid 5525: 2 text ranges, 115 svc sites
[  116.648464] kjit: translate_svc_sites pid 5523: 2 text ranges, 115 svc sites
[  116.649276] kjit: translate_svc_sites pid 5521: 2 text ranges, 115 svc sites
[  116.650304] kjit: translate_svc_sites pid 5522: 2 text ranges, 115 svc sites
[  116.654427] kjit: translate_svc_sites pid 5526: 2 text ranges, 115 svc sites
[  116.655239] kjit: translate_svc_sites pid 5519: 2 text ranges, 115 svc sites
[  116.657791] kjit: translate_svc_sites pid 5520: 2 text ranges, 115 svc sites
[  116.662408] kjit: translate_svc_sites pid 5524: 2 text ranges, 115 svc sites
[  116.879239] kjit: translate_svc_sites pid 5533: 2 text ranges, 115 svc sites
[  116.883298] kjit: translate_svc_sites pid 5529: 2 text ranges, 115 svc sites
[  116.891379] kjit: translate_svc_sites pid 5536: 2 text ranges, 115 svc sites
[  116.892667] kjit: translate_svc_sites pid 5531: 2 text ranges, 115 svc sites
[  116.901085] kjit: translate_svc_sites pid 5534: 2 text ranges, 115 svc sites
[  116.902538] kjit: translate_svc_sites pid 5535: 2 text ranges, 115 svc sites
[  116.909385] kjit: translate_svc_sites pid 5530: 2 text ranges, 115 svc sites
[  116.911439] kjit: translate_svc_sites pid 5532: 2 text ranges, 115 svc sites
[  117.133297] kjit: translate_svc_sites pid 5545: 2 text ranges, 115 svc sites
[  117.135233] kjit: translate_svc_sites pid 5540: 2 text ranges, 115 svc sites
[  117.135793] kjit: translate_svc_sites pid 5542: 2 text ranges, 115 svc sites
[  117.141469] kjit: translate_svc_sites pid 5541: 2 text ranges, 115 svc sites
[  117.143371] kjit: translate_svc_sites pid 5543: 2 text ranges, 115 svc sites
[  117.146321] kjit: translate_svc_sites pid 5544: 2 text ranges, 115 svc sites
[  117.149583] kjit: translate_svc_sites pid 5546: 2 text ranges, 115 svc sites
[  117.150637] kjit: translate_svc_sites pid 5539: 2 text ranges, 115 svc sites
[  117.349409] kjit: translate_svc_sites pid 5551: 2 text ranges, 115 svc sites
[  117.364673] kjit: translate_svc_sites pid 5552: 2 text ranges, 115 svc sites
[  117.367932] kjit: translate_svc_sites pid 5556: 2 text ranges, 115 svc sites
[  117.382172] kjit: translate_svc_sites pid 5550: 2 text ranges, 115 svc sites
[  117.387441] kjit: translate_svc_sites pid 5555: 2 text ranges, 115 svc sites
[  117.397691] kjit: translate_svc_sites pid 5554: 2 text ranges, 115 svc sites
[  117.399157] kjit: translate_svc_sites pid 5549: 2 text ranges, 115 svc sites
[  117.402801] kjit: translate_svc_sites pid 5553: 2 text ranges, 115 svc sites
[  117.583753] kjit: translate_svc_sites pid 5559: 2 text ranges, 115 svc sites
[  117.593150] kjit: translate_svc_sites pid 5561: 2 text ranges, 115 svc sites
[  117.630656] kjit: translate_svc_sites pid 5565: 2 text ranges, 115 svc sites
[  117.631946] kjit: translate_svc_sites pid 5566: 2 text ranges, 115 svc sites
[  117.633744] kjit: translate_svc_sites pid 5563: 2 text ranges, 115 svc sites
[  117.634804] kjit: translate_svc_sites pid 5560: 2 text ranges, 115 svc sites
[  117.635738] kjit: translate_svc_sites pid 5562: 2 text ranges, 115 svc sites
[  117.637264] kjit: translate_svc_sites pid 5564: 2 text ranges, 115 svc sites
[  117.848615] kjit: translate_svc_sites pid 5571: 2 text ranges, 115 svc sites
[  117.861723] kjit: translate_svc_sites pid 5569: 2 text ranges, 115 svc sites
[  117.864659] kjit: translate_svc_sites pid 5575: 2 text ranges, 115 svc sites
[  117.866220] kjit: translate_svc_sites pid 5572: 2 text ranges, 115 svc sites
[  117.868560] kjit: translate_svc_sites pid 5576: 2 text ranges, 115 svc sites
[  117.870378] kjit: translate_svc_sites pid 5573: 2 text ranges, 115 svc sites
[  117.872703] kjit: translate_svc_sites pid 5570: 2 text ranges, 115 svc sites
[  117.873273] kjit: translate_svc_sites pid 5574: 2 text ranges, 115 svc sites
[  118.088004] kjit: translate_svc_sites pid 5580: 2 text ranges, 115 svc sites
[  118.095910] kjit: translate_svc_sites pid 5579: 2 text ranges, 115 svc sites
[  118.098566] kjit: translate_svc_sites pid 5582: 2 text ranges, 115 svc sites
[  118.105063] kjit: translate_svc_sites pid 5581: 2 text ranges, 115 svc sites
[  118.109350] kjit: translate_svc_sites pid 5583: 2 text ranges, 115 svc sites
[  118.110205] kjit: translate_svc_sites pid 5586: 2 text ranges, 115 svc sites
[  118.115084] kjit: translate_svc_sites pid 5584: 2 text ranges, 115 svc sites
[  118.116249] kjit: translate_svc_sites pid 5585: 2 text ranges, 115 svc sites
[  118.318012] kjit: translate_svc_sites pid 5589: 2 text ranges, 115 svc sites
[  118.327503] kjit: translate_svc_sites pid 5591: 2 text ranges, 115 svc sites
[  118.342728] kjit: translate_svc_sites pid 5590: 2 text ranges, 115 svc sites
[  118.343294] kjit: translate_svc_sites pid 5596: 2 text ranges, 115 svc sites
[  118.344278] kjit: translate_svc_sites pid 5592: 2 text ranges, 115 svc sites
[  118.348903] kjit: translate_svc_sites pid 5594: 2 text ranges, 115 svc sites
[  118.350620] kjit: translate_svc_sites pid 5593: 2 text ranges, 115 svc sites
[  118.351421] kjit: translate_svc_sites pid 5595: 2 text ranges, 115 svc sites
[  118.545822] kjit: translate_svc_sites pid 5601: 2 text ranges, 115 svc sites
[  118.552163] kjit: translate_svc_sites pid 5599: 2 text ranges, 115 svc sites
[  118.584877] kjit: translate_svc_sites pid 5600: 2 text ranges, 115 svc sites
[  118.599581] kjit: translate_svc_sites pid 5603: 2 text ranges, 115 svc sites
[  118.617743] kjit: translate_svc_sites pid 5606: 2 text ranges, 115 svc sites
[  118.624121] kjit: translate_svc_sites pid 5602: 2 text ranges, 115 svc sites
[  118.629070] kjit: translate_svc_sites pid 5605: 2 text ranges, 115 svc sites
[  118.631942] kjit: translate_svc_sites pid 5604: 2 text ranges, 115 svc sites
[  118.808844] kjit: translate_svc_sites pid 5618: 2 text ranges, 115 svc sites
[  118.816324] kjit: translate_svc_sites pid 5612: 2 text ranges, 115 svc sites
[  118.841708] kjit: translate_svc_sites pid 5611: 2 text ranges, 115 svc sites
[  118.844414] kjit: translate_svc_sites pid 5615: 2 text ranges, 115 svc sites
[  118.849784] kjit: translate_svc_sites pid 5614: 2 text ranges, 115 svc sites
[  118.850791] kjit: translate_svc_sites pid 5616: 2 text ranges, 115 svc sites
[  118.853721] kjit: translate_svc_sites pid 5617: 2 text ranges, 115 svc sites
[  118.855408] kjit: translate_svc_sites pid 5613: 2 text ranges, 115 svc sites
[  119.056511] kjit: translate_svc_sites pid 5622: 2 text ranges, 115 svc sites
[  119.064238] kjit: translate_svc_sites pid 5621: 2 text ranges, 115 svc sites
[  119.070667] kjit: translate_svc_sites pid 5623: 2 text ranges, 115 svc sites
[  119.082364] kjit: translate_svc_sites pid 5624: 2 text ranges, 115 svc sites
[  119.092116] kjit: translate_svc_sites pid 5627: 2 text ranges, 115 svc sites
[  119.093077] kjit: translate_svc_sites pid 5625: 2 text ranges, 115 svc sites
[  119.093663] kjit: translate_svc_sites pid 5628: 2 text ranges, 115 svc sites
[  119.097423] kjit: translate_svc_sites pid 5626: 2 text ranges, 115 svc sites
[  119.313463] kjit: translate_svc_sites pid 5632: 2 text ranges, 115 svc sites
[  119.317679] kjit: translate_svc_sites pid 5631: 2 text ranges, 115 svc sites
[  119.323735] kjit: translate_svc_sites pid 5633: 2 text ranges, 115 svc sites
[  119.328811] kjit: translate_svc_sites pid 5638: 2 text ranges, 115 svc sites
[  119.330282] kjit: translate_svc_sites pid 5634: 2 text ranges, 115 svc sites
[  119.331992] kjit: translate_svc_sites pid 5637: 2 text ranges, 115 svc sites
[  119.337474] kjit: translate_svc_sites pid 5636: 2 text ranges, 115 svc sites
[  119.339618] kjit: translate_svc_sites pid 5635: 2 text ranges, 115 svc sites
[  119.562980] kjit: translate_svc_sites pid 5641: 2 text ranges, 115 svc sites
[  119.564306] kjit: translate_svc_sites pid 5648: 2 text ranges, 115 svc sites
[  119.572054] kjit: translate_svc_sites pid 5644: 2 text ranges, 115 svc sites
[  119.579574] kjit: translate_svc_sites pid 5643: 2 text ranges, 115 svc sites
[  119.579638] kjit: translate_svc_sites pid 5646: 2 text ranges, 115 svc sites
[  119.580937] kjit: translate_svc_sites pid 5645: 2 text ranges, 115 svc sites
[  119.583367] kjit: translate_svc_sites pid 5642: 2 text ranges, 115 svc sites
[  119.583889] kjit: translate_svc_sites pid 5647: 2 text ranges, 115 svc sites
fpb lat state=on rep=3 lat cpus=4 samples=80000 interval_us=1000 p50_us=14.6 p99_us=197.9 p999_us=432.8 max_us=845.5 gt100us=5372 gt1ms=0 gt5ms=0 max_cpu=1 preempted=25375 brackets=1295996 run_max_ns=4141708
[  120.231722] kjit: 0 of 0 translation requests still queued at unload (freed by the kernel)
[  120.243733] rust_kjit: ######## Rust KJIT exits ########
kjit-init: rmmod kjit ok
kjit-init: run exit=0
[  120.256942] reboot: Power down
